ply
format ascii 1.0
comment Generated by PyMesh
element vertex 7873
property float x
property float y
property float z
property float charge
property float hbond
property float hphob
property float nx
property float ny
property float nz
element face 15754
property list uchar int vertex_indices
end_header
56.539 -3.368 -10.044 -0.000376447 0 -3.5 -0.767258 -0.44314 0.463618
63.411 17.893 1.468 -1.89939 0 -0.8 -0.47888 0.759322 -0.440573
77.61 1.632 17.239 -1.32235 0 4.2 -0.417538 -0.0359477 -0.907948
47.92 -12.87 43.467 -0.355977 0 1.8 -0.271314 0.0155149 0.962366
53.326 5.351 5.222 -0.314714 0 -3.5 -0.663011 0.690743 0.288601
67.135 -8.8795 43.11 0.0311143 0 3.8 -0.550246 0.636993 0.539879
72.565 -0.5395 36.5015 -1.22379 0 1.8 0.0330569 0.0995422 0.994484
70.008 23.159 5.282 -0.38372 -0.473279 -0.8 0.345487 0.93229 0.107118
87.0605 -7.885 18.332 -0.144727 0 3.8 0.202938 -0.533332 0.821203
57.138 2.65 -11.417 0.082655 0 -3.5 0.114504 0.555648 0.823495
88.7495 15.6585 12.6535 -0.149051 0 -4.5 0.478335 0.096879 -0.872817
76.528 14.1035 -3.33 0.819007 -0.0575288 -4.41814 0.16611 0.574224 -0.80167
51.364 -8.593 9.056 -0.288878 -0.279306 -0.7 -0.32617 -0.691173 -0.644897
57.184 -0.617 32.548 -1.95704 -0.985889 1.9 0.420415 0.526238 0.739138
70.57 -16.718 28.592 0.214012 0 -0.7 0.448727 -0.484854 -0.750707
89.302 11.3475 19.6955 -0.338937 0 -3.5 0.68343 0.578934 -0.4447
52.399 9.719 16.545 -1.0307 -0.0896925 3.85458 -0.0438241 0.993595 -0.104155
59.8305 -21.6565 49.073 -0.380561 0 -3.5 -0.612135 -0.0352518 0.789967
76.201 -13.136 30.393 -0.177841 0 -3.5 0.658796 -0.734384 0.163301
50.9845 14.3345 30.575 0.400064 0.269496 -0.54578 -0.623893 0.704679 -0.337914
52.231 15.7955 30.2075 -0.0507318 0 2.8 -0.392406 0.913974 -0.103289
68.7595 -11.2975 -0.566 -0.64531 -0.537256 -3.5 -0.437354 -0.899193 0.0131787
43.462 -1.986 13.82 -0.879347 -7.14467e-05 -3.45902 -0.246775 -0.834122 0.493298
39.068 7.405 28.0935 -1.37217 -0.190408 -3.5 -0.70245 0.563286 -0.435054
51.3605 10.0825 16.1435 -1.31203 -0.0331574 -3.23554 0.460286 0.887756 0.00504292
64.1745 -9.7925 2.8415 -0.755769 0 -3.9 0.0785579 -0.678325 0.730551
84.4565 9.216 4.0595 0.407095 -0.00534356 3.8 0.8364 -0.0459362 -0.546191
63.582 -8.066 21.4545 -0.122485 0 -3.5 0.409544 -0.873097 -0.264527
42.473 14.869 22.8595 -0.309571 0 -3.5 0.376497 0.858321 0.348618
39.633 8.194 21.8365 -0.127837 0 -0.4 -0.6324 -0.617232 -0.468076
39.4865 12.248 27.382 -0.178168 0 -3.5 -0.687392 0.726223 0.00960124
68.246 -26.233 41.219 -0.431524 0 -3.5 0.139884 -0.867197 0.477914
53.9625 2.4035 -2.5325 -0.432525 0 -0.8 -0.907588 0.201162 0.368534
77.777 -10.3265 28.344 -0.254562 0 -3.5 0.94908 -0.292088 -0.118033
50.408 -5.931 1.91 0.00744907 0 -3.5 -0.618096 0.522568 -0.587265
67.098 12.363 -11.243 0.403856 0.0047807 -4.5 0.427332 -0.0779612 -0.900727
50.2775 9.253 -2.212 -0.0303975 0 -4.5 -0.467 -0.879584 -0.0907945
79.066 6.262 -7.815 -0.923533 0 -1.6 -0.182631 0.779804 -0.598792
82.5305 -7.384 -12.9705 -0.532257 0 -3.223 0.3872 -0.468923 -0.793844
38.5075 10.299 25.5395 -1.19832 -0.156096 -3.5 -0.940856 -0.03554 0.336938
87.751 10.9185 -5.536 0.0278699 -0.28125 -1.3 0.104061 0.810899 -0.57586
62.8065 -12.6065 44.9505 -0.920968 -0.486983 -2.71542 0.0231565 0.642012 0.766345
86.388 -5.676 -12.076 -0.615443 -0.0481042 -3.29355 0.542119 -0.808027 -0.23065
58.7295 2.2725 -16.6 0.300442 0.789325 -4.5 0.180244 -0.42892 -0.885178
58.129 -20.352 25.3465 -0.629985 0 -3.5 -0.421337 0.394676 -0.816521
47.4775 -15.6265 33.915 -0.476344 0 4.2 -0.0778469 -0.344204 -0.935662
72.4015 -14.8005 25.848 -0.294828 0 -0.7 0.564681 -0.723277 -0.397501
43.3285 12.7875 15.832 -0.0488995 0 -4.5 -0.92016 -0.0197377 -0.391045
47.0255 20.9245 16.5305 -1.45294 0 -3.5 -0.0465192 0.472277 -0.880222
84.0845 -5.979 22.626 -0.197243 -0.918905 -0.8 -0.380031 -0.804789 0.455951
58.1965 -20.431 34.385 -0.472305 0.0143901 3.92388 -0.781558 -0.499337 -0.373938
60.421 10.597 -7.8895 -0.733456 -0.343283 -1.83547 0.157771 -0.537287 -0.828512
82.1305 -8.4365 -12.674 -0.410985 0 -3.2 0.527864 -0.367447 -0.76573
73.6225 20.3835 1.2165 1.43641 0.448527 -2.50914 0.00717041 0.890404 -0.455114
77.474 -7.879 4.982 -0.305087 0 -3.5 0.941003 -0.338017 0.0160443
79.7355 -8.6735 33.838 -0.977145 -0.270556 3.8 0.184639 -0.555946 -0.810452
61.965 -6.443 -7.6175 0.202437 0 -2.3976 -0.0467766 -0.860581 0.50716
80.682 13.557 27.1625 -0.276207 0 -3.5 -0.536766 0.644401 -0.544637
42.1 12.622 37.709 0.57581 0 -3.9 0.38057 0.330703 0.863599
72.911 21.807 6.691 0.3884 0 -4.5 -0.0823288 0.332323 0.939566
73.0175 1.0775 35.5515 -1.41376 -0.849614 1.8 0.052408 0.790774 0.609861
75.8905 11.197 25.8045 -0.216914 0 -0.7 -0.606494 0.622304 0.494877
56.939 11.9715 11.312 -0.423274 0 -3.2 -0.600478 -0.348914 -0.719504
62.5475 6.4925 -6.1515 0.185346 0 3.55456 -0.231689 0.186666 -0.954713
59.0275 18.061 26.2105 -1.47764 -0.409149 -3.5 0.84315 0.455153 0.286241
58.5195 -28.74 41.6245 0.232951 0.73401 -4.5 -0.586555 -0.591383 -0.553371
64.274 14.4335 15.0915 0.0411042 0.616397 -4.5 -0.925654 0.369862 -0.0797927
77.01 -7.0455 25.809 -0.672478 0 -3.5 0.847252 -0.308499 0.432425
57.006 8.737 0.156 0.27556 0 -4.5 -0.419272 -0.698738 0.579635
45.8565 6.0025 30.2925 -0.0312805 0 -2.39229 0.174339 -0.810253 0.55955
51.29 12.894 -4.761 -0.0328923 0 -4.5 -0.263865 0.96308 0.0534022
64.604 -12.792 -0.4525 -0.107701 0 -3.9 0.533074 -0.827153 0.177905
65.1795 14.605 -10.8775 0.163724 0.786464 -4.5 -0.404869 0.584447 -0.703209
56.9925 -5.498 -11.1085 0.0224848 0 -3.5 -0.815665 -0.573002 0.0797468
59.772 6.152 4.581 0.125556 0.634213 -4.29276 -0.818674 -0.219442 -0.530677
86.1243 17.4575 11.6027 -2.01176 -0.0774359 -3.5 0.779179 0.262325 -0.569268
65.886 15.834 -8.625 0.257303 0.598705 -4.5 -0.329313 0.940336 -0.0855607
59.864 12.7055 37.881 1.69978 0 -3.9 0.408436 -0.413045 -0.813986
76.693 -15.305 -8.802 -0.940967 -0.694439 -3.5 0.433995 -0.839425 0.327129
69.232 -4.17275 39.1053 0.0660178 -0.0443603 -0.7 0.51763 0.15991 0.840529
73.954 0.0055 18.4635 -1.83791 -0.715349 -3.5 -0.379993 -0.522182 -0.763499
41.731 -18.8485 42.643 -0.925609 0 -3.5 -0.669674 0.719702 -0.183211
54.6772 6.789 9.564 -1.73556 0 4.5 0.723905 0.676168 -0.136963
39.4945 12.4025 20.08 -0.926864 -0.522159 -3.5 -0.246759 -0.241906 -0.938399
53.566 -0.044 -14.342 0.414294 0.303093 -3.5 -0.549562 0.208314 -0.809066
90.0215 11.8645 22.7995 -1.09217 -0.152928 -3.5 0.115274 0.967847 0.223571
67.5635 4.514 16.2845 -0.36659 0.178111 -1.3 -0.483959 0.37535 0.790504
60.7685 15.54 1.581 -1.19016 0 -3.5 -0.406061 0.558648 -0.723206
68.7175 -24.2245 42.8825 -0.874154 0 -3.5 0.482405 -0.458282 0.746501
81.896 15.037 5.206 -0.648108 -0.69781 -3.5 0.961322 0.271057 -0.048865
77.7975 -1.842 36.1895 -1.0888 -0.748022 -0.4 0.557055 0.71344 0.42508
45.2195 5.3605 29.7245 0.231891 0 -1.3 0.111556 -0.926175 0.360216
92.321 0.598 2.0045 -0.14019 0 1.8 0.995623 -0.0178444 0.0917458
51.58 -4.6685 36.682 -0.930208 0 -3.5 0.037176 -0.698207 0.71493
46.95 -11.27 40.895 -0.79276 -0.570851 1.8 -0.618096 0.651929 0.439256
71.331 -12.445 31.298 -0.699835 -0.103512 -0.879147 0.11168 -0.993471 -0.0232944
84.995 -8.116 -4.682 -0.242632 -0 -4.5 0.167252 0.166983 -0.97167
72.935 -9.772 25.29 -0.890027 -0.485192 1.9 0.0353299 -0.284643 -0.957982
54.542 -0.4315 28.3085 -0.713562 -0.137382 4.04426 -0.129016 -0.79165 -0.597198
40.0025 0.32325 24.9795 3.62804 0 -3.9 -0.694989 -0.0225478 -0.718667
50.226 -18.9905 34.9525 -0.584106 0 -1.34118 -0.673208 0.31167 -0.670562
68.175 6.09675 37.1735 3.83144 0 -3.9 -0.373286 0.899088 -0.228686
68.4225 -13.443 -4.108 -0.595896 -0.160744 1.8 -0.906654 -0.13316 0.400309
42.3535 -21.7185 43.6975 -1.18953 -0.00602963 -3.5 -0.0637349 -0.929056 0.364406
82.5845 -13.2185 4.855 0.142606 0.343883 -3.5 -0.455983 -0.87143 -0.180801
60.305 15.333 -6.6235 -0.0163615 0 -3.5 -0.443539 0.867033 0.226995
92.447 9.903 23.0545 -1.26221 0 -3.5 0.968278 -0.249873 0.00111073
49.119 -21.947 37.101 -1.15705 0 -3.5 -0.183905 -0.863989 -0.468724
90.1785 1.227 -1.6765 -0.239608 -0.0502109 1.34796 0.693576 0.148914 -0.704824
38.515 9.845 24.5735 -1.2804 -0.115882 -3.5 -0.953726 -0.243312 -0.176653
41.8455 6.9835 21.362 -0.0484422 0 1.35105 -0.507012 -0.804806 -0.308589
95.996 -1.9865 11.675 0.213525 0.0555973 -4.5 0.475089 0.433955 -0.765489
94.9305 -1.9885 11.5195 0.332613 0.258614 -4.5 -0.192471 0.426203 -0.883915
73.813 -3.7135 8.3855 -0.952384 0 1.9 -0.729466 -0.663779 0.165158
42.229 6.929 39.796 -0.374798 0 -3.5 -0.897481 -0.334328 0.287667
50.862 -3.0585 14.0645 -0.00770098 0 3.86631 -0.245632 -0.605297 0.757153
61.5035 14.9205 26.692 -0.535308 0 2.8 0.762762 0.386655 -0.518354
45.1975 -2.6445 14.8195 -0.158552 0 2.5 -0.63752 -0.77041 -0.00612002
50.239 -7.8635 1.822 0.222079 0.292691 -3.5 -0.770967 -0.584088 -0.253873
89.462 1.4565 23.1925 -0.860054 0 -0.9 0.595253 -0.103199 0.796884
57.807 7.472 -6.76 0.619012 0.034306 -4.5 0.441303 0.0173675 -0.89719
64.0645 12.8955 27.0715 0.0103633 0.107532 -4.5 0.675069 0.613534 -0.409704
56.3445 1.3015 -8.955 -0.461412 0 -0.4 0.745461 0.389543 -0.540874
45.5555 -5.378 10.4945 0.482942 0.136719 -0.447029 -0.271582 -0.564537 0.779449
62.051 -26.614 22.891 -1.19018 -0.304587 -3.5 -0.0262471 -0.651039 -0.75859
70.46 -8.051 24.6425 -0.704216 -0.0448301 4.5 -0.367523 0.0744359 -0.927031
67.1115 -4.816 41.373 -0.892087 -0.0119157 -0.7 0.46644 -0.129711 0.874991
45.0905 -1.8155 19.0015 0.00798019 0 4.5 -0.406772 -0.913488 -0.00878345
70.5585 -26.5895 37.6205 -0.869408 -0.880871 -3.5 0.839867 -0.529023 -0.121481
60.998 -24.712 26.504 -0.691067 0 -3.5 -0.206065 -0.945831 0.250882
75.49 8.8145 -10.741 -0.571527 -0.00273823 -1.3 0.760174 0.442105 0.476109
51.1925 -7.87 5.812 -0.106765 0 -0.7 -0.394638 -0.915654 -0.0764085
86.7255 10.5005 29.038 0.192787 0 -3.9 -0.203905 -0.29243 0.934295
54.3895 -9.8805 3.469 -0.0693924 0 -3.5 -0.1761 -0.972955 -0.149489
53.289 -3.019 22.823 -0.764813 -0.182191 -0.19063 -0.438159 -0.547127 0.71321
72.318 -9.679 -15.155 -0.849798 -0.888554 -0.7 -0.00251887 -0.766167 -0.642637
90.822 16.331 14.287 0.058829 0.472983 -4.5 0.668617 0.667795 -0.32711
60.016 -24.51 44.803 0.404471 0.855348 -4.5 -0.734725 -0.437166 0.518715
80.202 17.974 20.451 -0.520709 0 -0.9 0.584511 0.678854 0.444414
74.341 -11.708 25.857 -1.04264 -0.134533 -3.5 0.538124 -0.344119 -0.769419
65.7385 0.4095 -14.423 -0.366787 0 -0.674113 -0.164449 0.168383 -0.971907
89.952 8.4545 25.3695 -1.43749 -0.250902 -3.5 0.531086 -0.487803 0.692817
82.101 -12.238 4.955 0.501325 0.166 -3.5 -0.9443 -0.288578 0.158181
63.785 8.048 21.49 -0.343055 0 3.8 0.745684 0.64102 -0.181792
78.18 -3.596 14.8875 -0.0717457 0.322058 -4.5 -0.295851 -0.545765 0.783972
59.7435 -6.157 -18.991 -0.136225 0 -3.5 0.38495 -0.299547 -0.872975
83.91 10.4342 2.5825 3.93167 0 -3.9 0.84773 -0.344872 -0.403009
53.4857 -16.2412 43.8855 -2.06186 -0.588098 -3.5 -0.424595 0.467991 0.775051
50.8185 -22.7453 41.0042 -0.0607405 0 -0.8 -0.688886 -0.723603 -0.0428298
58.7093 -24.5397 26.0972 -2.47521 -0.0174314 -3.5 -0.0507074 -0.820157 -0.569886
75.6045 6.116 -13.9543 -0.0389308 0 -1.3 0.258633 -0.132878 -0.956793
88.54 14.5527 9.1115 -0.0525637 0 -0.9 0.619981 0.760648 -0.192453
39.8349 10.1419 28.6583 -0.305033 -0.144267 -3.5 -0.838912 -0.408621 0.359521
67.537 -23.0637 30.619 -0.489668 0 -3.5 0.737839 0.584122 -0.338225
57.1955 13.2747 -4.841 -1.15291 -0.840233 -4.5 0.342627 0.794046 0.502093
59.8353 13.696 5.32925 -1.86722 0 -3.5 -0.531653 -0.0638768 0.84455
86.2887 5.1965 2.45125 0.508648 0 -1.3 0.478923 0.756037 -0.446139
66.4508 -22.604 42.805 -2.57236 -0.73308 -3.5 0.265059 0.639391 0.72175
63.2402 13.58 -10.1395 -1.1686 -0.515119 -3.5 0.0706686 -0.204477 -0.976317
43.3978 13.7957 31.9955 -1.12979 -0.791302 -3.5 -0.351892 0.929894 0.107094
63.421 -28.695 38.974 -0.141496 0 -4.5 -0.69982 -0.704046 0.120706
78.549 -9.892 40.4655 2.96505 0 -3.9 -0.852397 0.519397 0.0603835
73.4181 -13.5359 -12.7331 0.0799031 0 -3.5 -0.101438 -0.476045 -0.873551
61.4437 -12.0265 -0.96825 1.00449 0 -3.9 -0.467187 -0.866386 0.176382
54.749 17.1635 25.09 -2.15694 -0.202196 -3.5 -0.954819 0.230417 0.187693
84.8994 22.9767 12.4186 -0.218845 0 -0.4 0.64815 0.421014 0.634546
60.7565 13.0717 -0.491 -0.0575557 0 -4.5 0.568092 0.682268 -0.460197
78.5625 -13.3095 0.9515 0.365143 0.426068 -0.7 -0.113277 0.0689728 0.991167
85.0378 -13.175 7.23775 -1.08807 -0.514649 -3.5 0.203096 -0.966848 0.154778
61.6145 12.0503 13.838 -0.738241 0 -3.2 0.597043 0.649058 -0.471449
80.8142 -14.175 1.4215 0.375615 0 -3.9 -0.459541 -0.226438 0.858806
49.0508 8.96775 12.4747 -0.698285 0 -3.5 0.359747 0.931587 0.0522321
70.4765 -15.4327 30.5152 -0.823954 -0.80149 -0.7 0.856429 0.456928 0.240306
59.1213 -6.83275 23.1135 0.374685 0 4.2 -0.799602 -0.0499482 -0.59845
88.8102 -10.4307 3.8565 -0.428192 0 -3.5 0.835989 0.0657555 0.544792
52.9123 6.49425 -5.671 -0.526933 -0.738411 -1.6 -0.399306 0.128829 0.907721
69.2842 -4.58375 -16.0958 -0.14347 0 -1.3 -0.0858943 -0.26447 -0.960561
45.7205 7.589 34.3937 -0.377483 0 -0.891196 0.261235 -0.964655 0.034605
64.8885 -25.3625 43.0892 0.319326 -0.332053 -3.82423 0.670334 -0.522636 0.526787
72.6087 -14.6138 35.4268 0.0227475 0 -3.2 0.686734 -0.726652 -0.0193039
86.744 16.19 16.206 -0.35128 0 -3.5 -0.207201 0.936621 0.282506
78.118 0.26025 15.6228 -1.5787 -0.746933 -0.8 -0.780218 0.625444 0.0089244
69.7355 8.91025 16.5392 -0.257112 0 -3.5 -0.651176 0.110043 0.750906
57.2202 -27.283 40.141 0.0454698 0 -3.5 0.0421619 -0.922054 -0.384757
75.3159 23.5426 3.22263 1.26713 0 -4.5 0.025382 0.851579 -0.523611
73.7114 2.774 -12.2689 -0.389282 0 -1.3 -0.306718 -0.154461 -0.939184
92.4378 7.94625 10.0077 -1.00098 -0.113955 -3.5 0.390046 0.916134 0.0925281
93.3012 4.4835 10.3605 -0.47468 0 -3.5 0.808821 -0.576655 0.115228
64.8275 12.969 27.999 0.153003 0.0574825 -4.5 0.847392 0.4267 -0.315997
53.7395 -6.934 -0.122 -0.606118 -0.465602 -3.29409 -0.459908 0.359832 -0.811792
58.6707 7.05425 38.2555 -1.33197 -0.90469 -1.6 0.630922 0.607749 0.482265
42.0145 -18.792 43.859 -1.20507 -0.0827171 -3.5 -0.591271 0.768074 0.245889
72.0892 -16.081 35.3465 -0.35629 0 -3.2 0.965755 -0.244831 -0.0858779
85.5755 -9.10175 -5.35975 -1.03335 -0.425002 -4.5 -0.0410482 0.0523276 -0.997786
59.2977 11.3415 4.608 -0.351782 0 -3.5 -0.94019 -0.164309 0.298405
57.567 -5.1105 -17.9495 -0.546116 -0.0221093 -3.5 -0.937316 0.337387 -0.0872225
86.6062 19.782 6.84225 0.000717923 0 -3.5 0.356928 -0.835299 0.418185
41.0865 0.9995 12.5415 0.0794142 0 -1.65203 -0.670072 0.137238 0.729499
78.587 -13.1 40.075 0.116961 0 -3.9 -0.476684 -0.790646 0.384255
43.395 14.3845 17.1695 -0.108162 0 -4.5 -0.836592 0.470889 -0.27996
69.5052 -19.7922 37.5928 -0.409171 0.00553013 -3.2 0.462643 -0.637109 0.616485
90.1825 2.7575 -3.20925 -1.39631 -0.0933201 -3.5 0.939719 -0.341831 -0.00897097
56.1795 -9.7255 43.5445 -0.260783 0 -1.1379 -0.457774 0.868543 0.189938
91.4895 -6.358 -3.4835 0.318312 0 -4.5 0.347094 -0.418068 -0.839491
47.5375 17.8135 19.9675 -0.0183739 0.0102321 -3.5 -0.651095 0.301844 0.696394
52.487 -8.76575 9.07775 -0.924249 -0.914249 -0.7 0.112686 -0.791809 -0.600284
92.4252 -3.76175 2.81325 -1.17221 -0.203313 -3.5499 0.909082 0.190816 -0.370351
39.2472 9.9775 26.523 -0.466732 0 -3.5 -0.905028 -0.337581 0.258772
93.5095 4.39425 15.6392 0.716318 0 -4.5 0.889535 0.29081 0.352359
40.5962 6.458 13.2978 -0.0464667 0 -4.5 -0.531249 0.838914 -0.118312
69.343 5.40175 24.9535 0.332141 0 -0.4 -0.538912 -0.19057 -0.820522
44.4265 6.674 14.0625 0.653562 0 -4.5 0.367127 0.85103 -0.375455
56.7875 -27.326 41.4448 0.184018 0 -3.5 -0.150925 -0.986565 0.0625432
54.547 12.845 -8.1375 0.304821 0 -4.16137 -0.300287 0.745382 -0.595175
84.0925 -5.44675 -15.999 -0.0577626 0 1.8 0.287038 -0.612982 -0.736113
56.4805 11.476 -1.34162 0.360528 0 -4.5 -0.705027 0.693692 0.147405
57.301 -4.91175 37.6845 0.0925748 0 -0.7 -0.184762 0.854506 -0.48547
67.3825 -13.1855 47.2342 0.332094 0 -4.5 -0.398062 0.264098 0.878521
67.6155 23.872 4.402 -0.270825 -0.102608 -0.597985 0.0353395 0.953232 -0.300167
56.5845 -10.712 24.6583 -0.758831 0 -3.5 -0.472057 0.645412 -0.600504
91.7975 11.236 22.1305 -1.78424 -0.839531 -3.5 0.617615 0.516995 -0.592679
67.953 7.772 15.187 -2.24695 -0.0625213 -3.5 -0.473214 -0.335124 0.814715
83.1885 -6.895 20.6063 0.83601 0.331664 -0.8 -0.74022 -0.671736 -0.0290679
82.6915 -13.0833 3.717 0.398139 0.661221 -3.5 -0.112636 -0.989884 0.0862766
92.0867 9.95788 22.0334 -1.24335 0 -3.5 0.897541 0.0614195 -0.436632
90.4151 8.12975 14.604 -1.05085 -0.448225 -3.50822 0.864735 0.411373 0.288106
87.484 -13.9452 2.65775 -0.205769 0 -3.5 -0.121384 -0.915533 0.383491
68.5855 8.2205 -2.177 0.198208 0 2.8 -0.76672 0.037936 -0.64086
41.482 11.691 38.459 0.096405 0 -3.9 0.0192323 0.181495 0.983204
79.1823 -6.75775 6.45125 0.145964 0 -1.3 0.273468 -0.598425 -0.753062
80.0615 -6.34 3.518 0.119412 0.020393 1.07932 0.423529 -0.829145 0.364886
57.103 -8.3795 -4.436 1.77136 0 1.9 -0.0411276 0.099679 -0.994169
45.8875 -12.106 40.178 -1.44562 0 1.8 -0.802275 0.226498 0.552317
68.4765 7.45325 30.2563 -1.25893 -0.00545934 -3.5 0.601055 0.153588 0.784311
46.2125 5.194 29.5548 0.543572 0 -1.3 -0.269231 -0.684954 0.677018
52.6565 2.12675 5.78775 -1.92963 0 -3.5 -0.917541 0.198411 -0.344603
67.675 -9.41125 11.0898 -0.300626 0 -3.51282 0.357986 -0.631791 0.687521
84.785 -13.6215 -1.92325 -0.122854 0 -0.8 0.432539 -0.826194 0.36099
76.663 -11.6042 31.5142 -0.0918431 0 -3.5 0.846861 0.231639 0.478716
66.1525 -15.8645 27.1695 -0.357949 0 -0.7 0.517947 0.318726 -0.793817
55.7982 -0.99725 1.18988 -0.512437 0 -1.6 -0.131833 0.243078 -0.961006
67.8195 -7.205 -13.5045 -0.144825 0 -1.3 0.285379 -0.594957 -0.751389
68.8893 -15.5895 -8.209 -0.014625 0 -3.5 -0.250037 -0.958744 -0.135249
51.448 -6.71075 13.8062 -0.212367 0 -0.7 -0.189564 -0.368574 0.910065
55.6605 20.701 26.1304 0.831059 0.619992 -3.9 0.260494 0.155614 0.952852
86.913 -11.1094 7.359 -1.84659 -0.0111431 -3.5 0.966931 -0.0867876 -0.239817
91.3505 -2.27625 24.1315 -1.00874 -0.00976574 -0.8 0.430999 0.0291366 0.901882
43.8918 13.262 15.1526 0.520651 0 -4.5 -0.854538 0.0245506 -0.518808
55.5708 -8.282 -2.869 1.4094 0 1.9 -0.904591 -0.227424 -0.360545
90.4993 8.663 13.5175 -1.32477 0 -3.5 0.760065 0.649547 0.0197439
56.214 -9.3115 42.366 -0.151478 0 -2.96879 -0.118203 0.770707 0.626131
79.6334 0.595125 21.5131 -2.70171 0 -3.5 -0.099473 -0.79095 0.603741
67.6722 14.5405 0.534 0.225237 0 2.8 0.0547509 -0.162282 -0.985224
53.0207 -3.9795 2.69825 -0.0318079 0 4.2 -0.0541645 0.0187917 -0.998355
56.6193 4.5615 8.41125 -0.774096 -0.643003 -0.622421 0.440939 0.896835 -0.0354788
69.82 -1.4305 39.1865 -0.110229 0 -3.9 0.510766 -0.0203682 0.859479
80.2835 -6.591 30.4525 -0.27489 0 -3.5 0.81217 -0.577686 0.081608
86.7533 11.855 5.07625 0.269044 0 3.8 0.567397 0.52931 -0.630786
62.482 -9.186 -11.8865 -0.126607 0 -1.3 -0.294971 -0.888515 -0.351474
76.057 -9.751 22.207 -1.79841 -0.876091 -3.5 0.0435494 -0.656746 -0.752853
65.8975 -27.659 37.48 -0.268467 0 -3.5 0.934753 -0.32472 -0.144198
40.867 -19.923 44.507 -1.33572 -0.591261 -3.5 -0.768185 0.298613 0.566324
53.154 -8.74325 39.7363 -0.199173 0 -3.2 -0.0893212 0.984269 -0.152437
65.319 -13.4515 45.737 0.541181 0.497915 -4.5 -0.270115 0.279926 0.921238
76.6933 -12.7355 29.4907 -0.126136 0 -3.5 0.827115 -0.541026 -0.152221
46.2267 14.8355 36.254 -0.0619472 0 -0.7 0.0576799 0.997293 0.0455981
52.507 -2.254 2.12625 -0.330987 0 3.95206 -0.0653418 -0.177628 -0.981926
48.343 3.03575 38.3235 0.0509824 0 -4.5 -0.797817 -0.264643 0.541712
52.0327 -10.8045 36.5895 0.091174 0 -3.2 0.432705 0.477677 -0.764585
57.6898 -22.47 29.6588 -0.903772 0 -3.5 -0.639224 -0.342301 0.688638
95.2905 -4.80275 15.854 1.02334 0 -4.5 -0.365083 -0.883887 0.292333
64.1905 -8.63375 -13.193 -0.647838 -0.244793 -1.3 0.0435402 -0.998953 -0.0140119
81.6647 -1.94075 20.197 -1.33816 0 -3.2 -0.909878 -0.407679 -0.0769445
57.048 -4.163 -7.687 -0.358552 0.180652 -3.2 -0.851156 -0.49375 -0.178171
48.7023 -9.63175 40.714 -0.451248 0 -3.2 -0.121697 0.190226 0.974168
39.247 6.4435 30.3845 -1.74848 0 -3.5 -0.657501 0.351047 0.666677
62.45 -1.697 -16.3835 -0.0344209 0 -0.4 -0.512723 0.435633 -0.739823
70.514 9.728 28.532 -1.26253 -0.269717 -3.5 0.719579 0.522584 0.457287
59.081 4.554 9.455 -0.455379 0 3.8 -0.407386 0.692428 -0.595467
65.843 4.721 23.277 0.535589 0 -1.6 0.857682 0.510696 -0.0597527
76.8715 -3.81875 12.7135 -0.346365 0 -4.5 -0.614353 -0.788002 0.0402822
67.6312 -13.4403 -9.9815 0.304829 0 -0.729318 -0.887322 -0.106569 -0.448667
53.0535 7.313 8.8735 -1.24035 0 4.5 0.0169778 0.876878 -0.480413
50.0592 -0.319 1.38175 -0.35543 0 4.2 -0.105664 0.43434 -0.89453
92.146 -5.741 4.8085 -2.27573 -0.414653 -3.5 0.823041 -0.558199 0.104964
86.962 9.163 -2.09 0.282615 0 -1.3 0.159295 0.625459 0.763824
82.594 13.175 -0.266 0.731023 0 -3.9 0.745528 0.127683 -0.654129
64.7994 19.3785 1.5835 -2.17918 -0.12528 -3.5 -0.721772 0.593276 -0.356468
49.3713 20.425 18.949 -1.2092 -0.0376048 -3.5 0.481055 0.687822 0.543587
81.991 12.691 -1.242 0.452962 0 -3.9 0.584051 0.127139 -0.801698
57.3085 2.4245 30.2695 -0.186481 0 -1.29871 0.360225 -0.222768 0.905877
72.1192 -17.4568 35.7812 -0.732745 0 -3.2 0.963792 -0.103821 -0.245613
55.9165 5.04675 -13.7395 -0.248664 0 -3.5 -0.00672541 0.992846 0.119214
85.27 5.343 27.863 -0.359441 0 -3.5 0.577135 0.088725 0.811815
56.4302 4.68738 -17.483 -1.63373 -0.330307 -3.5 0.241872 0.518983 -0.81985
90.865 -0.563 0.21 0.427679 0 1.8 0.8032 -0.512841 -0.303092
70.7081 -10.457 4.10887 -1.93139 -0.329249 -3.5 0.389798 -0.0809688 0.917334
70.024 13.558 -9.465 -0.805773 -0.494982 -3.5 -0.0134824 0.913373 -0.406901
54.402 -18.815 44.932 -1.97082 -0.88289 -3.5 0.0126044 -0.226126 0.974016
44.4415 2.53 23.4155 0.263812 0 0.548634 -0.913475 0.356323 0.196462
45.1075 10.5555 39.303 0.931012 0 -3.5 -0.20089 0.63769 0.743636
56.731 11.203 42.083 -1.08534 -0.682255 -3.5 -0.381802 0.216468 0.898537
56.668 2.09575 3.2055 -0.449698 -0.0490342 -3.36286 0.349096 0.158253 -0.923628
46.381 -12.6997 36.0115 -0.396075 0 4.2 -0.398149 0.705297 -0.586544
62.5648 -4.9095 -16.8908 -0.668638 0 -0.4 0.200596 -0.052064 -0.97829
37.9485 14.3565 22.8615 -0.890729 0 -3.5 -0.784912 -0.127007 0.60645
76.6425 -12.1687 28.435 -0.0204783 0 -3.5 0.715153 -0.582071 -0.386975
69.9488 -7.54325 40.3708 0.00774284 0 3.8 -0.00172755 0.634518 0.772906
86.545 15.426 20.691 -0.138567 0 -3.5 0.228268 0.703889 0.672632
56.91 -13.7775 23.2337 -1.71859 -0.675528 -3.5 0.0890482 -0.547103 -0.832315
39.5443 11.1243 28.9395 -0.0849083 0 -3.5 -0.863466 -0.0411695 0.502725
65.0257 -2.9985 -16.5315 0.367548 0 -0.4 0.48661 0.0952571 -0.86841
56.0737 17.462 34.0148 -0.232542 0 -0.8 -0.357114 0.845024 -0.398
41.98 -0.261 14.322 -1.04934 -0.952906 -1.6 -0.946395 0.0287916 0.321726
59.516 10.7472 39.3158 1.01103 0 -3.9 0.376323 -0.877079 -0.298518
65.0843 -5.09825 14.4087 0.0426168 0.433164 -0.8 -0.474804 -0.727438 0.495374
58.297 -10.5542 16.272 0.818437 0 -3.9 0.313273 -0.592013 -0.74255
83.379 -12.949 2.734 0.320417 0 -3.9 0.315788 -0.898123 0.306026
58.2762 0.54275 30.0438 -0.303834 0 -4.2949 0.236557 0.554743 0.797685
82.3775 14.993 26.9175 -1.25792 -0.00572033 -3.5 -0.392042 0.378346 -0.838545
41.8278 14.9385 37.0825 1.19018 0 -3.9 0.506071 0.680728 0.529623
90.54 7.603 4.905 -0.650088 -0.899339 -0.7 0.891941 0.200262 -0.405384
42.225 2.6355 16.334 0.251589 0 4.5 -0.78607 -0.477583 -0.392439
93.236 -6.485 20.7145 -1.39605 -0.0189397 -3.5 -0.203791 -0.841129 0.50097
42.622 1.169 14.9455 -0.17638 0 -1.6 -0.970241 0.0929941 0.223572
52.513 10.8547 18.2235 -0.470341 0 4.2 -0.370239 0.521588 -0.76868
64.326 1.1295 -14.522 -1.18051 0 -0.4 -0.199581 0.249477 -0.947591
68.4795 -20.783 38.3715 -0.206124 0 -1.52899 0.977493 -0.12596 0.169237
48.4027 5.78675 14.7148 -1.4857 0 -4.5 -0.500758 0.466514 -0.729113
68.3735 9.91725 15.4167 -0.699181 -0.274653 -3.5 -0.515704 0.151702 0.843229
65.9739 -16.1252 46.334 0.0237088 0 -4.5 -0.23389 -0.485685 0.842262
90.308 3.183 -0.143 0.0766927 0 1.8 0.104612 0.969784 -0.220397
60.66 -10.1925 44.2325 -0.15752 0 -0.9 0.769213 0.634112 0.0788202
82.496 24.319 11.3123 0.290232 0 -0.4 -0.698143 0.379857 0.606881
43.5923 -17.9915 37.51 -0.175806 0 -0.8 -0.537249 -0.0624812 -0.841106
40.1185 1.656 25.2795 1.9903 0.096661 -3.9 -0.520507 0.713603 -0.468876
94.4625 5.212 8.9565 -1.20837 -0.220718 -3.5 0.953274 -0.244424 0.177555
51.9065 12.1442 -2.07925 0.047646 0 -4.5 0.336806 0.941017 0.0323909
66.635 -4.961 22.025 -0.351921 0 -0.7 0.339934 -0.295213 -0.892913
63.1285 -18.7397 25.3405 -1.40244 -0.0511566 -0.7 0.264746 0.163177 -0.950412
44.3032 13.9585 32.4333 -1.96143 -0.570336 -3.5 -0.347646 0.918189 0.189923
67.129 16.3355 15.635 -0.571509 0 -4.5 0.00459548 0.943221 -0.332135
41.702 -1.803 7.0905 -1.17515 -0.0888526 -0.8 -0.0700501 0.570392 -0.81838
54.2982 -8.123 8.069 0.426181 0 -4.5 -0.515039 -0.841216 -0.164592
62.6377 -11.8507 1.03525 0.178112 0 0.320678 0.229543 -0.850499 0.473246
59.3332 8.063 41.1973 -1.5578 -0.0863632 -3.5 0.94164 0.0777937 -0.327508
68 18.205 11.634 -1.61909 -0.204798 -3.5 -0.348626 0.121006 0.929418
44.7368 -2.35175 21.164 -1.12256 -0.316325 4.5 -0.403971 -0.830604 0.383281
58.781 13.772 5.02 -1.81761 -0.8272 -3.5 -0.63223 0.143382 0.761398
67.5245 -7.169 24.534 0.585891 0 -0.7 0.538329 -0.606227 -0.585397
64.7525 24.573 6.2645 -0.161528 0 1.8 0.402715 0.915135 0.0186848
94.7905 -4.74225 13.656 0.205027 0 -4.5 -0.454109 -0.890179 0.0369573
74.263 10.225 -11.9023 -0.466643 -0.101076 -1.3 0.157533 0.97161 -0.176512
90.575 -6.3055 21.6143 -0.734097 -0.963746 -0.8 0.351846 -0.735685 -0.578768
57.5283 -4.934 -6.773 -0.353324 0.833266 -3.2 -0.532021 -0.846699 0.00738815
80.8555 -3.263 28.431 -1.24202 -0.226676 -3.5 0.962537 0.190328 0.193124
80.0085 -4.10575 37.4813 0.0622429 0 -1.6 0.294134 0.953044 -0.0720537
55.9345 -10.833 36.7248 -0.0713037 0 -2.31734 -0.881998 0.451005 -0.136652
77.6275 -7.3585 24.6203 -0.752108 0 -3.5 0.972093 -0.177201 0.153735
39.3955 15.0655 20.2745 -1.44519 -0.0144477 -3.5 0.228641 0.430616 -0.873094
84.993 5.745 0.948 0.585173 0.837149 -0.4 0.939616 0.315268 -0.133148
60.297 -10.224 6.502 0.122252 0 -4.5 -0.221926 -0.946832 -0.232935
51.174 13.2058 28.4193 -0.0494566 0 2.8 -0.628387 0.571537 -0.527707
79.3753 -6.412 12.4087 -0.410637 0 -1.3 -0.829521 -0.0730713 0.553675
78.2885 10.3715 -5.65 0.0895802 0 1.8 0.360709 -0.171405 -0.916793
66.9108 -15.8687 46.6375 0.498159 0 -4.5 -0.208352 -0.536572 0.817729
44.174 -1.4355 19.3725 -0.125068 0.0259366 4.5 -0.67617 -0.732077 -0.0828142
82.0865 -10.6108 40.6775 0.904192 0 -3.9 0.912871 0.399163 0.0856428
59.7827 -11.5325 0.3935 0.395248 0 4.5 -0.380211 -0.674394 -0.632955
40.289 0.326 12.194 0.0279041 0 -2.4574 -0.417853 0.441102 0.794247
80.406 5.0435 -8.051 -0.437163 0 4.2 0.405992 0.706706 -0.579428
43.3275 5.647 31.345 -0.497571 0 -3.5 0.271889 -0.664921 0.69567
88.8205 -7.24775 8.4275 -0.544411 0 2.8 -0.00617108 -0.964828 -0.262809
77.1625 -7.146 -14.4855 -0.144778 0 -0.910704 -0.182353 0.307038 -0.934064
48.898 -21.335 35.214 -0.793311 0 -3.5 0.654441 -0.610077 -0.446668
86.0837 12.8205 26.0343 2.19106 0.000329359 -3.9 -0.304581 0.774598 -0.554282
85.8775 12.3375 24.7995 -0.372863 -0.000186169 -3.89972 -0.170789 0.965735 0.195416
70.9399 13.2662 -3.75863 -0.116114 -0.850423 -0.8 -0.433467 0.710139 -0.554806
50.2805 -0.4345 26.2485 -1.39527 0 4.2 0.377603 -0.871525 0.312825
53.784 -8.827 12.1625 -0.227664 0 -0.7 0.369676 -0.835726 0.40608
89.7055 -8.5505 2.5165 -1.51573 0 -3.5 0.704087 -0.0595762 0.70761
56.0233 -5.7845 28.239 0.0101737 0 -0.9 -0.546247 0.453059 -0.704522
45.585 -1.572 22.4675 -0.342634 -0.040245 4.22202 -0.444876 -0.883926 0.144085
74.2505 21.3695 19.27 -1.6348 -0.523537 -3.5 -0.851431 0.437688 0.288956
59.144 -10.959 8.776 -0.0414081 0 -4.5 -0.777634 -0.623942 0.0773356
62.787 13.9548 -4.3945 -0.0918266 0 -3.5 0.473783 0.452669 0.755394
78.6253 -1.16425 -14.9452 0.0478399 0 -3.9 0.522305 0.603582 -0.6024
46.74 -5.33 12.06 -0.0169785 0 3.8 -0.662884 -0.733857 0.148457
55.7945 -10.9985 45.1183 -0.399763 0 -0.9 -0.750775 0.343831 0.564019
94.905 -1.3925 18.5335 -0.194146 0 -4.45174 0.805406 0.534811 0.255536
59.687 4.72 3.09175 0.299789 0 4.2 -0.683669 0.728747 0.0390461
81.2535 -12.8687 38.4315 -0.0508282 0 -3.9 0.432536 -0.747671 -0.503885
58.45 -22.857 31.839 -1.82677 -0.741622 -3.5 -0.949825 -0.197651 -0.242418
52.422 17.3905 17.001 -1.29716 -0.00211279 -3.5 0.225675 0.452457 -0.862759
68.809 -16.627 -15.058 -0.673038 0 1.9 0.331159 0.0694777 -0.941014
75.7732 -12.3267 27.5903 -0.38919 0 -3.5 0.540321 -0.678123 -0.498199
62.0455 15.7635 29.1865 -0.107595 0 2.8 0.647508 0.712868 0.269357
74.6277 7.5585 -8.227 -0.125506 0 -0.857063 0.716982 0.68641 -0.121562
62.9505 -17.2235 46.1285 -2.43811 0 -0.9 0.659528 -0.234461 0.714179
58.7318 13.822 42.0267 0.124574 0 -3.9 0.389836 0.549435 0.739019
66.5932 -9.90175 24.7224 1.47514 0 -3.9 0.584178 -0.519698 -0.623419
55.0195 7.9495 11.5395 -0.623371 -0.00862351 -1.3 0.0460604 0.319415 -0.946495
85.696 18.5095 11.472 -1.83608 -0.480233 -3.5 0.880178 0.0309532 -0.473633
60.254 -5.013 -18.9915 -0.369432 0 -3.5 0.612646 0.0176961 -0.790159
61.516 12.392 7.3545 -0.857164 -0.90132 -3.5 -0.683701 0.306263 0.662387
53.9222 5.93975 40.291 -1.15332 -0.803471 1.53602 -0.287005 -0.621435 0.729004
61.1398 10.8348 23.1903 -0.856117 0 2.5 0.956114 0.010374 -0.29281
66.815 -14.293 47.207 0.474624 0 -4.5 -0.599448 0.232248 0.765978
54.323 -7.9 12.816 -0.498229 0 -0.7 0.153609 -0.714171 0.682909
42.663 13.4545 30.9645 -0.720255 -0.0376092 -3.5 -0.428135 0.878494 0.212012
86.299 3.33625 -0.737 0.326142 0 -1.14456 0.568428 0.818485 0.0835006
73.748 19.5807 15.9545 -0.369983 0 -1.6 -0.716734 0.532593 0.450152
90.015 -11.304 -0.78425 0.523309 0 -4.5 0.254942 -0.957223 -0.136855
56.2287 7.689 -8.1995 -0.00244843 -0.266601 -4.43972 0.811621 0.103517 -0.57494
41.1285 -21.216 42.6185 -1.67405 -0.787017 -3.5 -0.672787 -0.590839 -0.445273
70.3988 9.9205 16.8575 -0.13617 0 -3.5 -0.584328 0.307421 0.751035
50.727 0.107 -12.2537 0.134306 0 1.8 -0.528109 -0.349416 -0.773957
46.2482 14.787 14.1007 0.329582 0 -4.5 -0.28675 0.177659 -0.941388
71.332 7.3565 24.4643 -0.142199 0 -0.4 0.612699 0.14483 -0.776932
81.9743 -8.09375 35.1463 -0.0884406 0 -1.6 0.685465 0.102649 -0.720833
58.1135 13.9055 37.015 0.0971392 -0.210117 -0.8 0.826118 0.556294 0.0898101
71.709 -13.252 41.9655 -0.370996 -0.684679 -0.7 0.677595 0.0985974 0.728796
74.8057 -6.1185 -15.8853 0.0517595 0 -0.7 0.790412 0.102996 -0.603855
72.2255 23.3913 5.33175 0.49225 0 -4.5 -0.569695 0.790272 0.22565
46.0667 4.463 13.4745 -0.0785573 0 -4.44097 0.466048 0.790288 -0.397799
76.1935 -10.4535 31.486 0.125004 0 -3.5 0.800286 -0.0509373 0.597451
44.104 7.58625 42.4875 -0.29926 0 -3.5 -0.345508 0.139078 0.928052
92.679 -6.236 19.56 -1.51499 -0.565349 -3.5 -0.471779 -0.855053 -0.215195
54.0015 12.3665 -3.6015 -0.0522173 0 -4.5 -0.0173527 0.739885 0.672509
76.4173 -11.5682 33.4775 -0.0385538 0 -1.6 0.574129 0.690825 -0.439474
69.519 9.94475 16.1645 -0.0791859 0 -3.5 -0.522955 0.171486 0.834932
54.8138 -4.42987 -1.66813 -1.17824 0 1.9 -0.939201 0.299793 0.167406
64.4108 -6.91475 -3.704 -0.571029 0 -1.3 0.438477 -0.856541 -0.272166
58.8758 -8.665 22.9172 -0.151322 0 4.2 -0.560639 -0.193131 -0.805223
62.9147 1.33675 32.2585 -0.310643 0 3.8 -0.127219 0.82078 0.556899
74.428 -13.672 -1.99 -0.137611 0 -0.7 -0.822184 0.230231 0.520583
64.5415 12.6205 -0.7775 0.527553 0 -0.8 0.178653 0.0422389 -0.983005
61.7894 -28.0225 43.8758 0.0542909 0 -4.5 0.286046 -0.58689 0.757455
64.6742 17.7615 8.8945 0.0762398 0.0264189 1.63125 -0.705651 0.502831 0.499218
64.1645 6.623 22.7105 -0.0176169 0 1.26474 0.784754 0.317379 -0.532383
76.102 22.509 18.8405 -1.43754 -0.717638 -3.5 0.184162 0.972691 0.141268
63.8145 -1.898 38.4572 -0.0800336 0 -3.2 0.328975 0.842856 0.425874
47.414 15.6855 30.691 2.56667 0.033426 -3.9 0.701952 0.378717 0.603189
61.366 -4.761 41.335 0.0308463 0 -3.2 -0.310757 0.342368 0.886687
53.2825 14.4645 40.5368 0.307001 0 -0.4 0.111899 0.335932 0.935216
51.0595 10.053 -8.3515 -0.349041 0 -0.4 -0.984485 -0.141658 0.103545
87.442 -4.059 -9.398 0.448405 0.59069 -3.2 0.367002 -0.787487 0.49515
89.202 4.90025 -4.22612 -0.517157 0 -3.5 0.511297 0.835939 -0.199454
44.5535 -2.4525 16.5865 0.00783071 0 2.5 -0.621127 -0.71573 0.319267
77.9415 16.646 -3.3325 0.285205 0 -4.5 -0.640461 0.375479 -0.669944
81.699 -16.779 -1.498 1.73782 0.177712 -3.9 0.651647 -0.491972 -0.577338
83.0023 9.92325 -2.866 -0.828605 -0.789245 -0.4 -0.116618 0.918171 -0.378632
39.957 -2.39675 12.6965 -0.0428721 0 -3.5 -0.384739 -0.465904 0.796812
70.91 -18.785 38.918 -0.0681681 0 -3.2 0.392142 -0.797137 0.459126
47.7845 -2.599 22.5645 -0.144427 0 4.2 -0.517823 -0.796294 0.31269
89.597 10.6239 28.4711 0.571263 0 -3.9 0.742149 -0.384167 0.549208
73.777 -1.3485 -15.2719 1.98156 0.0337583 -3.9 -0.781485 0.538945 -0.314356
46.138 10.265 14.3475 -1.64445 -0.138755 -3.5 -0.777941 -0.195876 -0.597026
67.4585 15.1257 13.4248 0.404201 0 -4.5 -0.100987 0.970563 -0.218653
86.603 -4.412 -5.49 0.816826 0 -3.5 0.365888 -0.519444 -0.772207
68.926 -9.5855 -13.5767 -0.147119 0 1.8 -0.419837 -0.0805538 -0.904018
56.995 -9.3755 8.3105 -0.0118823 0 -4.5 -0.164509 -0.909343 0.382141
59.9405 15.227 5.85175 -0.603796 0 -3.5 -0.546146 0.0267061 0.837264
87.685 -9.122 12.3085 -1.14821 -0.166017 3.8 0.274125 -0.950179 0.148374
52.641 -20.271 35.971 -0.529838 0 4.2 -0.951414 -0.187276 -0.244416
66.1517 14.872 -10.81 0.164184 0.645891 -4.5 0.113594 0.839758 -0.530945
69.4255 12.4055 15.846 0.58803 0 -4.27201 -0.469392 -0.349865 0.810719
72.8965 -15.3713 -5.5 -1.15487 -0.398131 1.8 -0.162661 -0.944734 -0.284639
58.3408 7.10475 10.8918 -0.449224 0 3.8 -0.0862915 0.775381 -0.62557
69.82 -10.3475 47.1605 0.335221 0.258823 -4.5 0.0691722 0.735479 0.674008
78.2613 12.3593 -5.29275 0.216744 0 1.8 0.414745 0.455204 -0.787893
64.265 -7.116 -6.542 -0.299632 0 -1.3 -0.474832 -0.821882 0.314714
92.2485 -1.61325 5.461 -0.606669 0 -3.5 0.902775 0.411682 -0.124562
70.5228 -15.453 -10.956 0.487014 0 1.9 0.592815 -0.621539 0.512114
83.2905 27.111 7.66687 0.0306284 0 -1.6 -0.119615 0.975961 -0.18219
44.7105 -18.382 45.0659 -0.410714 0 -3.5 0.190524 0.508926 0.839461
84.3535 14.4707 29.359 -0.902005 0 -3.5 0.691733 0.308324 0.653025
68.485 -18.4235 -10.9985 0.211841 0 1.9 0.37664 -0.262152 0.888492
64.824 18.942 0.639 -1.48926 -0 -3.5 -0.792849 0.300165 -0.530369
61.286 8.787 23.63 -0.90303 0 3.8 0.634595 0.698237 -0.331293
46.5895 -19.523 33.7765 -1.38755 0 -3.5 0.093551 0.634334 -0.767378
46.9308 15.5145 13.806 -0.530463 0 -4.5 -0.205567 0.204297 -0.957081
78.72 -12.6795 33.7606 0.125455 0 -1.6 0.803422 0.260709 -0.535297
83.9089 26.9648 9.97975 0.158559 0 -1.6 -0.064613 0.82887 0.555697
95.0703 -1.77425 20.2488 -0.288497 0 -3.5 0.875926 0.471908 0.100282
71.62 8.606 26.0055 -0.247732 0 -0.4 0.651489 0.739604 -0.168961
82.2393 5.41425 29.5653 -0.430263 -0.0376306 -3.59099 0.612432 0.467486 0.637482
47.422 -2.745 5.188 -0.187003 0 4.2 -0.934089 0.113516 -0.338513
74.687 14.6411 23.463 0.378635 0 -1.6 -0.660949 -0.248214 0.708192
63.5225 -9.173 3.9655 -1.1597 -0.0113152 -0.4 0.202978 -0.911074 0.35881
55.1285 -14.417 27.791 -0.40506 0 -3.5 -0.837527 -0.301768 0.455504
41.4683 5.58575 11.4388 0.134078 0 -4.5 -0.372438 0.224498 -0.900495
58.1603 3.52575 39.379 -0.269961 0 -1.6 -0.486689 -0.228329 0.843208
57.8345 13.5305 10.8445 -0.301181 0 -3.2 -0.253041 0.437386 -0.862939
49.835 6.2385 7.9885 -0.447813 0 -3.5 0.0568787 -0.0180084 -0.998219
66.53 -15.625 -14.078 -0.755283 0 1.9 -0.75836 0.508408 -0.407935
82.046 14.521 22.9465 -0.702237 -0.340869 -3.38376 -0.160635 0.568719 0.806694
76.7679 -15.316 34.5756 -0.113913 0 -1.6 -0.129594 -0.983733 -0.124397
50.5778 -4.944 31.8827 -1.56964 0 -1.04006 -0.395975 -0.861382 0.318159
59.2848 -2.779 2.04625 -0.869019 0 -3.2 -0.281544 -0.362632 -0.888387
46.327 19.8045 19.2185 -1.00949 0 -3.5 -0.390647 0.148713 0.908449
54.615 1.263 35.523 -1.28876 -0 -4.5 0.99426 0.0997467 0.0387048
54.4496 -8.02125 34.9294 -0.0613502 0 -4.5 -0.00736616 -0.482907 0.87564
82.7999 16.136 -3.32312 0.928001 0 -4.5 0.627198 -0.436599 -0.644983
85.921 -7.874 7.359 -0.740741 -0.487511 -3.09527 0.970175 -0.0603746 -0.234765
65.2035 -12.3715 45.4315 -0.0109692 0.18007 -4.5 -0.402611 0.371793 0.836465
57.5728 -4.40725 19.7747 -0.0959635 0 -3.9 0.392287 -0.746645 0.537245
91.2845 1.4105 -1.314 -0.157 0 1.8 0.589201 0.180923 -0.78747
83.2076 -6.59125 38.3669 0.0502597 0 -1.6 0.960633 0.277772 0.00515816
69.3587 -22.1472 40.0327 -0.486674 0 -3.5 0.849077 0.527498 0.0285398
62 -25.34 22.401 -0.64372 0 -3.5 0.0807514 -0.369392 -0.925759
71.8282 -0.747 -13.142 -2.03131 -0.784364 3.18964 0.144848 0.39112 -0.90887
51.8332 6.88725 -8.1275 -0.660394 0 -1.6 -0.87324 -0.429041 -0.231034
80.3023 -6.83275 34.3923 -0.827728 0 3.8 0.80658 0.322649 -0.495304
61.5107 8.31975 11.6663 -0.714288 -0.195509 0.0125087 -0.391279 0.605633 -0.692899
55.609 0.98 -15.783 0.00689739 0 -3.5 0.0170245 -0.729732 -0.683521
62.7482 15.662 20.9675 -1.60421 -0.510335 -3.5 0.730919 -0.00925062 0.682402
86.7018 23.7057 4.21225 -0.321121 0 -3.5 -0.263173 0.720961 -0.641058
67.7568 16.514 16.4897 -0.122757 0 -4.5 0.139302 0.980107 0.141371
86.4877 -2.135 26.0273 -0.215778 0 -0.4 0.603708 0.512977 0.610239
79.8305 -2.32 25.607 -2.42104 -0.567413 -3.5 0.393877 0.310226 -0.865229
41.34 -5.777 7.173 -0.248884 0 -0.8 -0.563843 -0.0849291 -0.821504
82.5823 2.4795 29.2208 -1.34666 -0.189284 -3.31818 0.694337 -0.713613 -0.093019
68.152 -7.9745 25.482 0.344689 0 -3.12084 0.208613 -0.22732 -0.951213
54.4292 -12.9585 25.727 -1.61483 -0.533125 -3.5 -0.970476 -0.19757 0.138353
55.604 -13.6753 44.3638 -0.611085 0 -0.9 -0.556746 -0.235248 0.796676
62.2118 -20.0235 48.176 -1.42503 -0.0943193 -3.5 0.759795 0.526331 0.381689
59.315 10.0975 19.4565 -1.04239 -0.018569 -3.5 0.96688 0.143692 0.210941
52.148 5.833 -7.302 -0.438694 -0.105686 -1.6 -0.95771 -0.284587 -0.0424517
67.0005 -27.0037 31.604 -0.812331 -0.584053 -3.5 -0.114878 -0.988494 0.0984007
90.3175 9.8495 19.617 -0.326037 0 -3.5 0.722142 0.201948 -0.66161
55.751 15.1512 30.7173 0.0832239 -0.0506725 0.68839 -0.373901 0.896347 0.238245
76.2128 23.7122 6.92325 0.120059 0 -4.5 -0.0627956 0.87733 0.475762
63.8493 1.30075 34.6978 -0.253959 0 3.8 0.0818712 0.975627 0.203591
39.208 8.853 24.2385 -0.573513 0 -1.94987 -0.80939 -0.570814 0.138057
60.2305 8.394 7.9885 -0.179336 0.196955 -4.5 -0.46276 0.0856378 0.882337
89.126 5.5865 25.8442 0.350006 0.395628 -3.5 0.857428 -0.0478078 0.512378
44.092 13.688 34.872 0.0154494 -0.0376701 -3.70403 -0.109053 0.945571 -0.3066
82.7 15.349 1.849 0.28419 0 -1.82011 0.945316 -0.2913 0.146706
83.5813 -12.975 4.2515 0.485328 0.046258 -3.5 0.132838 -0.941231 -0.310546
53.9885 3.0735 -3.3215 -0.293122 0 -0.8 -0.944865 0.242774 0.219751
51.398 -9.26 11.461 0.561285 0.247902 -0.7 -0.190247 -0.933862 0.302834
67.5825 -10.987 1.961 0.216601 0.856095 -3.5 -0.294885 -0.832184 0.469588
45.458 19.833 18.721 -1.36421 0 -3.5 -0.743009 0.00366749 0.669271
72.0315 -0.207 19.9175 -2.05892 -0.00197551 -3.5 -0.834107 -0.282584 -0.473722
52.069 -2.723 -13.0425 0.18461 0 -0.8 -0.708368 -0.566476 -0.421094
86.855 10.8567 -5.024 0.220893 -0.023839 -1.3 -0.618127 0.753614 -0.223574
60.2448 -20.71 23.7447 -1.23844 -0.0956333 -3.5 -0.14554 0.616557 -0.773741
58.54 -24.4757 38.5885 0.0667185 0 -1.68081 -0.330624 -0.756802 -0.563861
80.0815 -3.322 25.4985 -2.53556 -0.335817 -3.5 0.604356 -0.205664 -0.769712
80.8675 -5.642 15.128 -1.70305 -0.0238844 -3.5 -0.512949 -0.289425 0.808156
56.566 13.804 11.824 0.180969 0 -3.2 -0.654593 0.638342 -0.405004
47.096 14.627 23.9605 -0.165672 0 4.5 -0.573617 0.773733 0.268888
44.213 -2.0345 14.7487 -0.430557 -0.046718 1.21466 -0.46558 -0.884044 0.0412523
90.8045 16.1887 15.3993 0.159892 0.81497 -4.5 0.624877 0.578183 0.524626
65.2542 15.094 -9.03425 -0.0603813 0.0314385 -4.5 -0.36494 0.907279 -0.208958
78.115 20.951 19.263 -0.520745 0 -3.5 0.362326 0.510355 0.779909
57.9378 1.90375 -7.59125 -0.0167999 0.307667 -0.574893 0.118404 0.314478 -0.941852
43.7235 5.0335 38.8047 -1.44017 -0.0255111 -3.5 -0.661793 -0.734284 -0.151186
68.0092 -14.771 -6.285 -0.965289 0 -3.5 -0.623083 -0.764467 0.165399
39.807 -0.3515 7.5255 -1.28458 -0.185461 -3.5 0.260286 0.215779 -0.941112
76.9 -1.0155 36.2235 -0.370606 0 1.8 0.742859 0.553387 0.376728
47.8298 7.688 32.9832 0.102955 0 -0.9 -0.378381 -0.823534 0.422635
40.535 -2.944 7.231 -1.05693 -0.249703 -0.8 -0.302549 0.0520404 -0.951712
55.8317 5.226 7.778 0.235107 0.290242 4.5 0.552455 0.826201 0.110391
71.532 -1.6485 7.7415 -0.144003 0 2.8 0.0471839 -0.963147 0.264807
66.1445 0.7235 16.4603 -1.06242 0 -1.3 0.219585 -0.337356 0.915409
42.0747 -7.994 9.5195 0.624795 0.577393 -0.8 -0.176408 -0.983962 -0.0264509
55.1945 -15.1985 26.949 -0.481469 0 -3.5 -0.717457 -0.693783 0.0626131
81.3562 -7.3345 7.5145 -0.507723 0 -0.586581 -0.229891 -0.815363 -0.53135
60.301 8.467 12.1473 -0.602063 0 3.8 -0.307904 0.44057 -0.843263
60.0877 16.4757 21.6938 -1.67861 -0.034088 -3.5 -0.402381 0.0788093 0.912074
70.1758 5.65275 17.4875 -0.231768 0 -1.3 -0.690453 0.376193 0.617862
80.6423 -12.9817 -13.147 0.167952 0 -3.2 0.837825 -0.545606 -0.019036
68.5113 -11.2555 2.272 -0.587682 0.375912 -3.5 -0.634675 -0.738565 0.227398
65.318 -0.614 22.2725 -0.729443 -0.0965333 -1.22391 0.557362 0.0616485 -0.827977
82.22 -4.536 21.604 -0.690678 0 -0.8 -0.869235 -0.149746 0.471175
72.5478 2.975 14.855 -0.871023 0 -1.3 -0.125032 -0.972602 0.195992
42.9895 8.1205 25.326 0.668851 0.565069 -0.812132 0.182308 -0.975444 -0.123581
83.8432 25.5898 19.03 -1.18829 -0.912212 -3.5 0.0484033 0.993447 -0.103537
63.9415 -3.63075 13.6405 -0.652555 -0.0689515 -0.8 -0.481495 -0.693998 0.535284
46.0355 4.841 9.455 -0.825101 -0.724442 -3.5 -0.933782 0.340646 0.109598
94.964 -4.147 18.9635 -0.689576 0 -3.55321 0.876523 -0.316614 0.362579
58.125 -4.0625 20.6292 -0.0169087 0.458639 -3.5 0.0734827 -0.990593 0.115433
84.7555 5.37875 -6.35575 -0.116315 0 -1.3 -0.0227226 -0.500702 -0.865321
82.6655 5.67225 -5.8475 0.0845492 0 -1.3 -0.0823463 0.211689 -0.973862
46.869 2.145 30.947 -1.23125 0 -0.9 -0.694245 0.338893 0.634961
81.814 13.416 31.0093 -0.350427 0 -3.5 -0.37825 0.128143 0.916791
88.3666 22.3447 3.50288 -0.948674 -0.0632557 -3.5 -0.115959 -0.0979976 -0.988408
68.3893 -10.616 26.1952 0.0624292 0 -0.7 -0.237669 -0.551397 -0.799672
42.074 -20.8102 36.884 -0.178193 0 -3.2 -0.730537 0.268789 -0.627748
39.5595 9.06175 37.6125 -0.214313 0 -3.9 -0.668984 -0.374346 0.642125
52.5923 13.4665 40.9832 -0.622274 -0.353012 -1.53116 0.171462 0.440562 0.881196
55.56 15.8942 29.6925 0.158224 0 -1.16614 -0.242531 0.757774 0.605769
55.8589 -14.3348 24.8039 -1.19022 0 -3.5 -0.280143 -0.907203 -0.313852
48.53 -21.9077 36.2373 -0.908733 0 -3.5 0.284903 -0.889414 -0.357452
40.664 6.79825 31.7302 -0.715978 0 -3.5 -0.680008 -0.257933 0.686338
70.777 1.56125 34.8317 -0.618213 -0.0688312 0.838783 0.672638 0.707505 0.216784
74.0305 0.815 35.4065 -0.51983 0.0126723 1.8 -0.00947316 0.778839 0.627153
86.2832 0.97925 -6.201 -0.391207 -0.13792 -3.35011 -0.333709 0.700984 -0.630286
53.5375 4.48125 37.6133 -0.703142 -0.16894 1.8 0.12085 -0.953 0.277824
73.135 -13.714 33.994 -0.209691 0 -2.30935 0.242123 -0.647861 -0.722255
77.1595 19.602 12.5695 -0.347823 0 -0.9 -0.314057 0.923535 0.220117
87.4715 -9.4255 -4.9935 -0.949876 -0.507854 -4.5 0.569855 -0.133901 -0.810762
75.2113 -1.531 37.6548 -0.168797 0 1.8 0.157984 0.113331 0.980917
69.082 -15.1485 -14.4975 -0.221655 0 1.9 0.0320777 -0.175875 -0.98389
59.5435 -23.848 47.9352 -0.106339 0 -3.5 -0.709882 -0.570078 0.413617
81.9658 -17.0205 -0.48175 1.67994 0.620471 -3.9 0.833575 -0.55174 -0.0271454
87.6255 3.351 -6.744 0.257487 0.222705 -3.5 -0.434184 0.298127 -0.850061
45.3115 -22.242 34.3495 -1.45622 -0.236938 -3.5 -0.517596 -0.77064 -0.371764
72.1332 12.9692 19.8377 -1.42688 -0.636311 -4.5 -0.427341 -0.20042 0.881596
60.4535 14.3285 40.1748 2.05015 0 -3.9 0.390303 0.803881 0.448818
57.848 0.03675 -9.05825 0.0357594 0 -3.2 0.257044 0.931317 -0.258026
40.886 9.355 31.7585 -1.16603 -0.615616 -3.88943 -0.920844 0.380735 -0.0841784
73.347 12.5758 19.4447 -0.888456 -0.369317 -2.6048 -0.296979 -0.53762 0.789156
60.405 -23.2108 30.544 -0.827769 0 -3.5 -0.11951 -0.980787 -0.154188
62.7967 -27.7455 43.4183 0.812918 0 -4.5 0.445806 -0.709306 0.546024
71.1367 14.0583 -2.052 0.131905 -0.397911 -2.66027 -0.804361 0.571292 -0.163183
59.4647 10.6705 7.60575 -0.124312 0 -4.5 -0.828303 0.530332 0.180728
90.612 -8.634 1.84325 -0.366831 0.0407243 -3.96911 0.296287 -0.0551789 0.953504
42.1055 14.217 28.8345 0.300985 0.400591 -3.5 -0.369075 0.910432 -0.186807
65.016 13.6753 -7.04575 -0.399361 0 -4.02669 0.290449 0.135762 0.947211
41.7445 -2.8485 6.6865 -1.40822 -0.803852 -0.8 -0.0394861 0.094019 -0.994787
59.411 12.939 35.3825 -1.5415 -0.187893 -0.8 0.953974 0.157699 0.255077
90.925 -11.3435 -2.6345 0.214672 0 -4.5 0.0935084 -0.848764 -0.520438
58.079 -10.955 1.674 0.0839518 0 4.5 -0.651545 -0.752712 0.094415
55.803 13.809 -8.099 -0.140393 0 -0.4 -0.485234 0.800675 -0.351379
56.649 14.4295 -7.936 -0.191832 0 -0.4 -0.461764 0.859146 -0.220549
52.7375 -3.918 21.7135 -1.45212 -0.290186 4.5 -0.607867 -0.725779 0.322092
51.4075 -10.441 42.088 -0.534081 0.169015 -3.2 -0.557059 0.589914 0.58454
39.3377 5.158 15.275 0.177988 0.710562 -4.5 -0.970497 -0.0658329 0.231951
81.7982 26.8088 7.338 -0.0990352 0 -1.6 -0.617974 0.764525 -0.183329
41.2085 8.94075 20.3178 -0.394523 0 -0.4 -0.157798 -0.504469 -0.848888
60.553 -7.4535 -9.014 0.00852448 0.0100101 -3.5 -0.192726 -0.949216 0.248688
40.422 1.2985 11.659 -0.0115238 0 -2.60696 -0.77208 0.550787 0.317059
61.9195 -4.411 16.3232 -1.78325 -0.248771 -1.59187 0.567603 -0.435343 -0.698787
56.533 -24.0473 26.5755 -1.90427 -0.0212171 -3.5 -0.872585 -0.48404 0.0655824
56.4915 14.727 21.1973 -0.573175 -0.550367 -3.79805 0.610374 0.35505 0.708084
65.365 7.696 -1.94325 0.0516844 -0.472246 0.988558 0.628273 0.232303 -0.742501
57.22 0.7415 -10.8275 -0.842445 0 -4.0172 0.372123 0.654731 0.657915
39.962 9.5195 19.659 -1.10771 -0.189106 -0.4 -0.268562 -0.401098 -0.875782
55.582 15.2575 16.456 -1.33316 -0.162435 4.2 -0.20616 0.355444 -0.911678
41.0698 0.1515 24.1432 1.94633 0.0844892 -3.9 -0.327533 -0.140893 -0.934276
77.1937 9.84025 -5.39075 0.310316 0 1.8 0.039653 -0.20799 -0.977327
59.5565 -4.879 40.795 -0.243899 0.754598 -3.02179 -0.227346 0.523811 0.820936
48.157 -18.721 43.431 -0.120721 0.820086 -1.09353 0.197524 0.61786 0.761074
54.523 9.3445 -10.1455 0.613914 0.0526391 -0.4 0.664925 0.436631 -0.605993
55.7325 -9.9395 -2.9805 2.21451 0 1.9 -0.887923 -0.378559 -0.261315
48.414 -17.3368 41.0892 -0.695478 0 -0.8 0.41997 0.635671 0.647724
55.7122 8.62075 -8.59725 0.105664 -0.329446 -2.4254 0.780709 0.172753 -0.600542
63.4668 -10.399 9.8695 -0.903594 -0.286881 -4.0169 0.0907881 -0.910438 0.40356
48.3365 -16.382 40.5895 -0.727012 -0.625475 -0.537533 0.361136 -0.000172366 0.932513
54.058 3.355 35.582 -0.46278 0.523353 1.8 0.622666 -0.259821 -0.738092
58.026 15.711 30.47 -0.312856 0 -3.5 0.47662 0.878646 0.0285345
58.5425 9.09475 34.8732 0.153351 0 -3.5 -0.0881904 0.422522 0.902052
54.69 -27.057 39.794 -0.561373 0 -3.5 -0.0610665 -0.899216 -0.433223
55.2378 -1.61525 28.7668 -0.426033 0.1388 0.0792987 -0.501812 -0.181299 -0.845763
67.4382 -7.75275 -5.15775 -0.366934 0 -1.3 -0.564069 -0.627123 0.537162
77.974 -13.1825 39.0843 0.0313661 0 -3.9 -0.370497 -0.789542 0.489241
70.315 -10.1645 46.109 0.519062 0.756657 -4.5 0.456351 0.882423 -0.114334
50.3535 15.305 24.1845 -0.194669 0 4.5 0.0465373 0.521391 0.852048
69.345 -3.262 9.7965 -0.594267 0 0.74065 0.875001 -0.23132 -0.425281
52.4395 4.3065 -5.4665 -0.226307 0 -1.6 -0.842101 -0.0736776 0.534264
69.0775 -26.442 31.8555 -1.16531 -0.101698 -1.95 0.861051 -0.459392 -0.218061
85.44 24.7033 10.8375 0.0733655 0 -1.6 0.918631 0.102452 0.381602
82.8435 14.4733 1.31525 0.483746 0 -3.97117 0.977914 0.0915631 0.187885
43.4243 13.9888 27.885 0.333163 0 -3.9 -0.515756 0.710938 -0.478082
71.0427 -16.481 -12.4163 0.301238 0 1.9 0.874347 -0.484109 0.0339797
62.3097 -28.6318 34.5345 -1.84917 -0.0417389 -3.5 -0.87892 -0.474681 0.0466691
92.6145 10.946 23.042 -1.84605 0 -3.5 0.934752 0.354403 -0.0252402
49.8923 -1.5235 36.3278 -1.96414 -0.0437625 -3.5 -0.902638 0.250457 0.350024
85.289 -10.449 13.04 0.114753 0.0104557 -4.5 0.823441 -0.522192 -0.221947
76.8012 17.929 -1.5465 0.399733 0 -4.5 -0.111836 0.806237 -0.580926
89.25 -12.2365 0.443 -0.618369 0 -3.5 0.734973 -0.651973 -0.186403
55.2743 17.085 34.7552 -0.201605 0 -0.8 -0.442929 0.895392 0.0456717
41.6393 -20.5535 38.0233 -0.0660944 0 -3.2 -0.958075 0.252995 -0.134485
84.5362 -5.469 -8.5115 0.376749 0 -3.5 0.766239 -0.230392 0.599831
68.1595 -23.9977 30.81 -0.888833 0 -3.5 0.779032 0.621104 0.0856706
71.024 -19.927 32.179 -1.15573 -0.316102 -3.5 0.871219 0.0385725 -0.489376
87.8388 10.6755 -3.38375 0.761956 0.28126 -1.3 0.173657 0.624132 0.761776
81.3765 19.8083 -2.66875 0.489006 0.72394 -4.5 -0.122644 0.845797 -0.519216
62.246 1.74675 -13.4945 -0.03663 0 -2.42845 0.274937 0.215101 -0.937092
63.137 9.9385 24.959 0.281601 0.152317 -2.47612 -0.17394 0.415529 -0.892794
62.6435 -26.9368 23.656 -1.3704 -0.117523 -3.5 0.480465 -0.87354 -0.0779833
51.3345 1.59625 -6.92875 -1.14896 -0.224368 1.8 -0.827723 -0.190091 0.527959
39.2185 16.061 23.1545 -1.72984 -0.7423 -3.5 0.0874663 0.775892 0.624773
54.2817 -3.35375 23.0443 -0.774528 -0.0299729 -3.23226 -0.42625 -0.542252 0.724067
80.053 -11.2423 43.9987 0.313208 0 -3.9 0.09333 -0.116271 0.988823
74.124 -6.52725 -16.5557 -0.0257927 0 -0.7 0.342594 -0.0660959 -0.937156
83.323 16.966 -3.0505 0.414851 0 -4.5 0.734745 -0.00631245 -0.678314
92.1292 -5.60075 -3.129 0.270493 0 -4.5 0.644826 -0.211654 -0.73444
61.183 -3.8855 -17.503 0.0858577 0.595903 -3.5 0.627608 0.361514 -0.689504
65.4902 11.6217 29.358 -0.15349 0 -3.96038 0.565346 0.749534 0.344358
51.2262 16.1348 38.032 -0.209456 -0.026911 -0.631449 -0.309091 0.881705 0.356453
63.1222 -6.68725 41.7728 0.414048 0.206637 -1.08517 0.0975433 -0.198642 0.975206
45.7135 -20.8805 44.563 -0.72736 0 -3.5 0.153132 -0.608923 0.778308
67.735 -5.44 40.3532 -0.632402 -0.0350216 -0.7 0.578483 -0.262971 0.772142
70.4505 0.609 38.6642 -0.0265215 0 -3.9 0.892911 -0.154033 0.423065
77.4655 -6.325 8.0355 -0.246919 -0.0576238 -1.43299 -0.862372 0.0223328 0.505783
67.165 -21.2362 31.69 -0.485538 0 -3.23234 0.525011 0.0225643 -0.850796
78.5338 -12.3385 0.56775 0.172582 0 -0.7 -0.135707 0.173185 0.975495
58.2827 15.0262 16.884 -0.396046 0 -3.5 0.149901 0.636593 -0.756492
69.345 -21.843 42.463 -1.16095 -0.113846 -3.5 0.689444 0.525777 0.498222
51.3725 7.9105 40.9075 0.0490948 0.722244 -3.5 -0.107625 -0.513997 0.851014
55.574 -9.77575 -0.22275 -1.19301 -0.469753 1.9 -0.874274 -0.484464 -0.0306582
69.0055 -5.467 24.039 -0.142154 0.689251 -0.537796 0.360701 -0.334576 -0.870605
51.149 -2.635 15.137 -0.0092975 0 4.5 -0.435033 -0.899414 0.0424362
67.5545 10.7002 30.064 -0.569625 0 -3.5 0.164548 0.684558 0.710144
62.4435 23.706 7.2595 -0.19307 0 1.8 -0.670332 0.558193 0.488954
93.626 -2.3705 -7.2405 -1.12424 -0.122082 -3.5 0.687303 -0.678424 -0.259529
57.375 -7.0315 -18.923 -1.05849 -0.43384 -3.5 -0.694436 -0.29465 -0.65646
41.347 1.1885 19.004 -0.0911039 0 4.5 -0.667643 -0.66022 0.344039
81.8395 -9.906 3.70075 0.146528 0 -3.86275 -0.576317 0.42774 0.696346
53.656 -8.3565 30.457 0.0443646 0 -2.04067 -0.589856 -0.717323 -0.370833
55.201 9.445 36.5795 0.25014 0.879071 -3.5 0.928231 0.310982 0.20415
82.3227 9.69 29.8328 -0.317098 0 -3.5 0.334441 -0.357114 0.872135
91.5707 -4.854 8.8715 -0.403104 0 2.8 0.871245 -0.189554 -0.45277
41.647 14.1858 38.0013 0.277025 0 -3.9 0.139593 0.372332 0.917541
69.838 4.05375 39.8573 0.167637 0 -3.9 0.241499 0.263128 0.934046
57.5057 -23.901 38.6328 0.0182271 0 -3.5 -0.169896 -0.760686 -0.626492
68.915 -6.97625 -13.4003 -0.479087 0 -1.3 -0.204614 -0.560176 -0.802705
57.922 13.827 -9.5405 -0.0993318 0 -0.4 0.0240375 0.383053 -0.923414
69.1265 -6.6545 39.6955 -0.404556 -0.897415 -0.611283 0.192882 0.470942 0.86082
40.4785 -5.72425 8.10625 -0.175131 0 -0.8 -0.897135 -0.243186 -0.368795
63.5775 -4.619 17.883 -1.6462 -0.129329 -3.5 0.978586 -0.0447275 -0.20092
38.6562 12.6283 36.4207 0.11147 0 -3.9 -0.963877 0.0530304 0.261015
42.3753 -16.6157 37.9135 -0.457872 0 -0.8 -0.877342 0.155164 -0.454086
49.064 -16.4785 35.4715 -0.611429 0 2.93539 0.0714222 -0.579721 -0.811679
60.633 -6.371 -18.292 0.133453 0 -3.5 0.678133 -0.232427 -0.697219
58.638 9.5175 13.3455 -0.49802 0 -2.89285 -0.0258429 -0.487712 -0.872622
57.89 6.5055 42.7093 -1.37818 -0.217511 -3.5 0.0244364 -0.877559 0.478845
45.278 5.264 13.395 0.294772 0.487564 -4.5 0.624092 0.598636 -0.50214
60.551 13.8512 -4.851 0.0723357 0 -3.5 -0.383616 0.687208 0.616915
96.227 -4.9645 16.332 0.463047 0 -4.5 0.0831191 -0.95587 0.281787
66.4818 4.20525 33.344 -1.34632 -0.964964 -0.8 -0.96539 0.233205 -0.116779
74.7913 4.838 -13.709 -0.183176 0 -1.3 -0.332771 -0.373556 -0.865863
50.6097 -5.98875 28.977 -0.471824 0 1.9 -0.874323 -0.0971906 -0.475514
64.1215 -0.976 -16.19 0.0319707 0 -0.4 0.0537703 0.745238 -0.664626
58.4482 3.4615 -7.348 0.578121 0 -0.8 -0.234099 0.0407424 -0.971359
85.2905 3.8555 27.3365 -0.514095 0 -3.5 0.520013 -0.737677 0.430604
59.839 12.873 -8.905 -0.193885 0 -0.4 -0.231586 -0.31735 -0.919596
82.798 19.3843 1.10125 0.246357 0.068366 -2.43763 0.69125 0.597305 0.406694
70.0035 0.27875 12.7198 -0.543845 0.401687 0.666938 0.333399 -0.697811 0.63396
70.4725 -6.0165 -15.2517 -0.157038 0 -1.3 -0.406271 -0.368864 -0.835992
84.624 18.0355 -1.676 -0.0433068 0 -4.5 0.80767 0.293373 -0.51147
77.0665 -0.34 -15.6458 0.234117 0 -3.9 0.507961 0.418123 -0.753093
92.1425 -3.57575 -3.8995 0.146931 0.305741 -3.99702 0.903454 -0.305791 -0.300436
58.3415 14.0157 -1.29625 0.192059 0 -4.5 -0.472329 0.861597 -0.185895
57.489 -12.024 17.698 0.619869 0.819962 -3.9 0.253053 -0.967448 0.0028267
56.2775 -23.193 25.835 -2.03487 -0.075761 -3.5 -0.919209 0.0198181 -0.39327
63.4565 -27.7535 42.4948 1.02509 0.445368 -4.5 0.632522 -0.678249 0.374024
84.385 -11.1292 -10.118 -1.19458 -0.0444124 -3.5 0.750759 -0.504925 -0.425925
73.1752 -9.07625 1.716 -0.164965 0 0.274337 -0.00809515 -0.873136 0.48741
77.0575 23.8825 3.941 -0.278897 0 -4.5 -0.0328646 0.972649 -0.229945
45.0047 8.95225 17.55 -0.240608 0 3.8 -0.364002 0.342707 -0.866057
81.053 24.7065 1.769 -1.32901 -0.33428 -3.5 -0.0122646 0.499667 -0.866131
65.851 23.7975 3.1685 -1.33235 -0.0993294 1.8 -0.042915 0.805844 -0.590571
81.053 25.4265 2.672 -1.30804 -0.514819 -3.5 -0.0986759 0.971311 -0.216376
70.211 -12.6245 3.314 -1.7702 -0.314826 -3.5 0.0302765 -0.956774 0.289251
61.072 17.7545 22.01 -1.71432 -0.051124 -3.5 0.0184714 0.505416 0.862678
50.892 -2.654 38.039 -1.74833 -0.0128025 -3.5 0.0837041 -0.0295684 0.996052
46.42 -22.5795 33.795 -2.06937 0 -3.5 0.0498119 -0.942865 -0.329429
46.42 -21.8595 32.892 -1.82706 -0.27831 -3.5 0.0274584 -0.418033 -0.908017
69.272 -15.7015 -4.944 -1.59417 0 1.8 -0.0751336 -0.964598 0.252795
75.0328 -7.43825 16.1227 1.87262 0.139832 -3.9 0.87371 0.47385 0.109984
64.681 9.5955 35.3042 -0.20247 0 -3.2 0.433103 0.397415 0.809001
59.0202 -28.1448 44.3035 0.16596 0 -4.5 -0.204966 -0.493282 0.845377
59.508 -22.5415 48.65 -0.380409 0 -3.5 -0.629943 -0.233422 0.740734
54.4567 -23.3487 46.2192 -0.185842 0 -0.4 0.00765699 -0.379534 0.925146
41.212 16.553 35.303 1.38885 0.668898 -3.9 0.374676 0.897786 -0.231513
67.082 -14.065 -6.2205 -0.404375 0 -3.5 -0.748858 -0.496865 0.438563
61.8368 -1.49425 -8.7505 -0.972757 -0.744001 -1.3 0.224661 0.913245 0.33987
90.5173 8.825 19.865 -0.395922 0 -3.5 0.779129 -0.157896 -0.606652
63.9222 -20.4225 45.0583 -1.70027 -0.396281 -3.5 0.821847 -0.155412 0.5481
53.9185 1.2395 -2.531 -0.37828 0 -0.8 -0.742731 -0.378725 0.552194
85.7935 -5.536 -14.361 -0.0939571 0 1.8 0.622269 -0.611887 -0.488237
61.8003 -2.65575 -16.0718 -0.0809181 0 -0.4 -0.381744 0.553771 -0.740006
63.7842 -13.4415 24.8865 -0.214558 0 3.8 0.287073 -0.343422 -0.894232
47.548 -4.5655 17.382 -0.445253 0 2.5 0.102074 -0.969694 0.221977
64.9595 7.405 -2.8655 0.10885 -0.491284 -1.20478 0.914041 0.395527 -0.0899344
78.7702 9.6965 -4.7335 0.248687 0 1.8 0.805449 0.199204 -0.558185
56.512 3.7905 35.227 -0.000562566 0.24288 0.712651 -0.0558078 -0.786217 -0.615425
81.2515 -1.163 31.3995 -0.232731 0.0215484 -0.791249 0.900232 -0.404469 0.161203
46.432 -15.1875 34.1743 -0.419476 0 4.2 -0.0834735 -0.0774895 -0.993493
72.123 20.1445 -0.2455 2.37703 0 -3.9 -0.110156 0.993837 0.0123663
58.8805 -5.8145 1.5485 -1.13075 0 -3.2 0.0638067 0.617577 -0.783918
59.8495 12.828 -3.98025 -0.807034 -0.11012 -3.5 -0.49461 0.867004 0.0605408
67.7008 -9.9845 25.5443 0.0410447 0 -3.9 0.221697 -0.641034 -0.734796
59.2952 -12.2835 2.75525 -0.0336833 0 4.5 -0.465807 -0.844021 0.265807
54.373 12.0282 -8.91175 0.175913 0 -0.4 -0.142143 0.501591 -0.853347
90.546 -3.5175 -12.1315 -0.203087 0 -3.2 0.954886 -0.243743 0.169654
68.458 4.88525 25.4788 -0.132897 0 -0.55167 -0.311748 0.0621981 -0.948127
55.44 -0.57575 27.8095 -0.305471 -0.0181804 -0.607306 -0.566846 -0.699672 -0.434907
86.5395 -12.673 9.47 -1.41198 -0.278793 -3.5 0.291478 -0.450415 0.8439
41.1475 -20.885 44.588 -1.63285 -0.371661 -3.5 -0.535349 -0.382313 0.753152
69.6375 -23.3435 42.28 -1.6085 -0.0508658 -3.5 0.899169 -0.1532 0.409909
50.9155 8.9805 -1.1635 -0.319551 0 -4.5 -0.355109 -0.92209 0.15378
56.7975 13.0165 11.165 -0.0514381 0 -3.2 -0.608067 0.0415166 -0.7928
87.2442 -4.79775 -4.74125 0.706307 0 -3.41373 0.51918 -0.460052 -0.720281
51.9142 10.5315 0.77825 0.425075 0.711768 -4.5 0.105347 0.227873 0.967975
55.1685 -5.35825 1.46475 -0.711301 0 -2.38002 -0.608116 0.497117 -0.618927
80.3323 -11.5787 35.0728 -0.404007 -0.296157 -1.6 0.557115 -0.290898 -0.777818
54.497 3.40925 -2.43225 -0.444226 0 -0.8 -0.681512 0.563302 0.467154
89.358 -4.79025 -13.4073 0.0337883 0 -3.2 0.249907 -0.774645 -0.580923
77.696 -13.8343 -15.2443 -0.196258 0.848485 -3.2 -0.311949 -0.765498 -0.562762
84.123 -14.7812 -4.09225 0.648064 0.392095 -0.8 0.259051 -0.855864 -0.447649
82.655 2.2385 -4.958 -0.312959 -0.178119 -1.3 0.766954 0.105517 -0.632967
55.5588 2.55525 -17.258 -0.876465 0 -3.5 -0.0271254 -0.629032 -0.776906
66.2282 -11.692 0.43675 -0.16586 0 -3.9 0.377442 -0.923118 -0.0734196
59.128 -10.6665 22.9445 -1.17907 -0.245085 3.8 -0.568296 0.176597 -0.80365
52.5622 -24.887 35.5003 -0.249622 0 -1.6 -0.0338957 -0.521209 -0.852755
89.8955 6.5875 23.3185 -0.675748 0 -0.9 0.854318 -0.40632 0.324107
82.3637 -5.33525 39.5073 0.0511009 0 -1.6 0.720759 0.500794 0.479283
55.5925 10.3298 35.4468 0.123362 0 -3.5 0.69353 -0.0808465 0.715877
48.4893 -21.3065 43.833 -0.663228 -0.193764 -2.24023 -0.0922396 -0.608134 0.788457
68.312 5.75525 -12.2925 -0.0958262 0 4.2 -0.619464 0.170533 -0.766278
71.9865 -6.8355 23.712 -0.263178 0 -3.5 -0.649887 -0.19345 -0.735
42.5788 -14.375 38.9115 -1.3857 -0.634469 4.2 -0.975089 0.135123 0.175906
91.584 3.867 5.767 0.355609 0 -0.4 0.626923 0.346012 -0.698028
69.2435 -24.4018 42.0201 -1.15894 0 -3.5 0.711734 -0.461527 0.529554
75.6957 8.251 -13.5795 0.159079 0 -1.3 0.565657 0.542049 -0.621462
56.2235 -21.6545 35.1845 -0.538217 -0.146099 0.617517 0.195371 -0.434559 -0.879198
77.482 -10.5275 -16.739 0.0102573 0 -3.2 -0.34846 0.194909 -0.916835
75.87 7.2405 -14.177 0.153226 0 -1.3 0.330961 0.13213 -0.934348
74.2965 14.038 22.7535 0.293465 0 -1.6 -0.632119 -0.598724 0.491889
79.0905 6.2495 31.69 -0.228241 0 -4.5 0.466161 0.346809 0.813891
48.4507 18.0923 20.8225 0.456671 0.0777751 -3.5 -0.434082 0.468712 0.769339
53.771 7.41375 9.657 -1.54529 0 4.5 0.288079 0.953348 -0.0902123
42.4367 0.3835 28.6707 0.634214 0 -3.9 0.0547654 0.0853021 0.994849
66.4405 0.3765 39.006 -0.202661 0 -3.9 -0.740912 0.229118 0.631312
73.4167 6.97275 21.6488 -0.340821 0 -0.7 -0.643557 -0.142198 0.752073
66.6178 15.4178 12.1265 -0.0165758 0 -4.5 -0.0343652 0.78467 0.61896
38.9605 9.6255 23.586 -0.826629 0 -0.4 -0.954387 -0.297884 -0.0202666
62.542 2.138 -6.6145 -0.0723126 0 3.8 -0.604581 -0.362276 -0.709392
64.523 4.68525 -12.9675 0.0298774 0 -0.4 -0.137952 0.823399 -0.550439
58.7152 -25.9802 39.9265 0.158224 0 -3.5 0.265762 -0.606391 -0.74944
89.6425 -7.641 12.9655 -0.389335 0 3.8 0.623094 -0.760204 -0.18397
93.138 -4.81675 17.3382 -0.937424 -0.221014 -4.14604 -0.0232002 -0.971454 -0.236092
56.372 -7.8945 36.0865 0.0502945 0 -2.8934 -0.911704 -0.35625 0.20465
79.1725 -7.9625 33.2745 -1.16139 -0.396811 3.8 0.302414 -0.462725 -0.833326
73.202 -0.9675 12.9128 -0.216475 0 2.8 -0.0556298 -0.563672 0.824123
66.7695 -16.333 -14.7885 -0.794168 0 1.9 -0.655366 0.092382 -0.749641
40.091 9.13 28.3037 -0.710459 -0.674902 -3.5 -0.97046 -0.0888144 0.224321
88.437 7.45525 -2.92625 -0.0338092 0 -1.3 0.924826 -0.28897 0.247371
68.4765 5.5145 35.0175 0.339709 0.394396 -2.56948 0.441663 0.888654 -0.1234
61.9645 -18.123 46.6585 -1.3565 0 -3.5 0.498681 -0.00446858 0.866774
70.962 17.9608 -2.45475 0.808106 0 -3.9 -0.599473 -0.114752 -0.792126
77.8138 -9.449 38.9277 0.32023 -0.0882925 -3.9 -0.327628 0.625885 0.707763
39.4845 3.338 30.1535 -1.65291 -0.0220641 -3.5 -0.406162 -0.786455 0.465317
53.381 -1.7715 1.808 -0.403314 0 -1.6 -0.353806 0.233371 -0.905737
48.1505 1.8605 37.7325 -0.0992295 0 -4.5 -0.894497 -0.33426 0.296894
46.763 4.704 39.372 -2.11889 -0.699332 -3.5 -0.116309 -0.957614 0.263528
95.8193 -5.51125 13.9008 0.570771 0.45059 -4.5 -0.167174 -0.985327 0.0344138
53.9965 -16.725 44.647 -2.26665 -0.211371 -3.5 -0.224054 0.563637 0.795056
78.975 12.198 -4.579 0.266558 0 1.8 0.927137 0.166217 -0.335842
70.4613 16.549 15.3317 -0.560997 -0.815557 -1.6 -0.546627 0.787792 0.283871
78.898 -11.936 -16.1065 -0.449204 0 -3.2 0.508728 -0.343532 -0.789418
85.621 -13.2965 0.364 -1.2687 0 -3.5 -0.197994 -0.966958 0.160597
74.5855 -3.864 9.2165 -0.894344 0 1.9 -0.314881 -0.762616 0.565037
78.4355 -7.70575 38.6867 0.691444 0.450978 -2.85923 -0.78077 0.0296812 0.624113
49.118 -6.98075 40.341 -0.325635 0 -3.2 0.0785291 0.835073 0.544506
86.658 -1.354 23.899 -1.7662 -0.908846 -0.4 0.569467 0.390985 0.723075
82.411 7.178 -5.6135 -0.0159026 0 -1.3 -0.277092 0.41834 -0.864992
75.716 -15.752 -9.53 -1.26178 0 -3.5 0.106357 -0.993994 0.0257847
59.419 9.814 8.122 0.283121 0.327146 -4.5 -0.737525 -0.0739104 0.671263
62.6447 14.414 19.277 -1.66344 -0.522401 -3.5 0.807231 -0.485744 -0.335307
66.2647 3.96025 24.1952 0.804298 0 -1.12517 0.730546 0.63914 -0.240421
80.626 -3.03625 32.6727 -1.02226 -0.892439 -3.5 0.851021 0.199055 0.485943
43.7215 -14.4698 35.0025 -0.401494 0 4.2 -0.82138 0.284234 -0.494516
85.1115 21.053 9.242 0.0374685 0.00174582 -2.27456 0.929095 -0.192269 0.315934
82.08 4.0755 30.086 -0.60283 -0.321065 -4.08953 0.610409 0.223292 0.759961
78.6565 -5.018 25.6192 -2.77761 -0.376896 -3.5 0.51764 -0.592032 -0.617695
77.571 13.874 -3.55125 0.152197 0 -1.31455 0.0279082 0.611223 -0.790966
78.182 -3.017 24.6545 -1.76826 0 -1.6 0.352701 -0.104881 -0.92984
39.5067 -0.8075 12.6345 -0.0267395 0 -3.5 -0.249787 0.301446 0.920183
42.4615 1.6725 25.4468 1.44225 0 -3.9 -0.0775152 0.940674 -0.330338
63.387 -22.724 44.7357 -0.145726 0 -4.5 0.480454 0.191026 0.855963
43.2168 0.45525 16.9805 0.196591 0 4.5 -0.898279 -0.42477 0.112538
82.023 -11.5665 42.654 0.300101 0 -3.9 0.65717 -0.173011 0.733617
94.3248 -0.179 19.933 -1.21775 -0.661945 -3.5 0.877378 0.477275 0.0491438
88.5235 -6.955 -3.383 0.757585 0.859856 -4.5 0.14034 -0.14557 -0.979344
45.863 -3.0445 6.8075 -1.03451 0 3.8 -0.271729 0.04629 -0.96126
52.2523 -12.3845 32.9497 -0.226184 0 -0.7 -0.674723 0.276317 -0.684396
53.2875 4.1445 1.1345 -1.46898 -0.50811 -3.5 -0.598866 0.502335 -0.623713
77.7975 -7.39325 9.2975 -0.346283 0 -1.3 -0.935169 -0.099825 0.339844
46.5966 -5.76587 10.63 -0.028072 0 3.8 -0.388332 -0.713987 0.582598
64.2933 18.2505 1.1405 -1.25023 -0.326432 -2.15018 -0.611225 0.566509 -0.552695
57.9455 -5.8985 0.67525 -1.19571 0 1.9 0.549808 0.813367 -0.190119
52.051 -25.507 38.5365 0.00595077 0.0347818 -1.71373 -0.248517 -0.963189 0.102497
60.186 -20.1313 24.5893 -1.80714 -0.00590168 -3.5 -0.115445 0.799553 -0.589396
54.673 -6.946 17.5965 -0.0665302 0 -3.9 -0.725852 -0.556905 0.403727
63.747 -8.875 -14.079 -0.867057 -0.825743 -1.3 -0.0902836 -0.981958 -0.166154
75.89 7.7115 -10.6357 -0.282581 0 -1.3 0.955474 0.120424 0.269384
87.0482 1.46575 23.8573 -0.523459 0.477175 -1.85515 0.224197 -0.277093 0.934321
57.554 14.9585 39.3273 0.197306 0 -3.9 0.272547 0.960694 0.0527804
94.3008 -5.9065 21.0467 -1.4635 -0.825354 -3.5 0.464284 -0.645602 0.606333
80.085 -9.3805 34.6465 -0.852821 -0.0446175 -1.32154 0.0569889 -0.421258 -0.905149
51.345 -3.2085 17.6215 -0.103244 0 4.5 -0.256849 -0.966426 -0.00698034
63.3585 6.2455 33.7465 -0.333869 0 -3.40497 0.705988 -0.704993 -0.0675724
57.14 -25.7967 43.0303 0.118924 -0.20584 -3.99766 -0.148399 -0.269003 0.951638
60.1792 -23.759 48.743 -0.0352232 0 -3.5 -0.333427 -0.512697 0.791181
42.2155 7.504 23.149 0.360487 0 -0.4 0.222205 -0.884239 0.410788
85.332 -13.342 5.1825 -0.166677 0 -3.5 0.451578 -0.841594 -0.296304
61.4955 5.884 38.1315 -0.0496774 0 -1.6 0.343156 0.598093 0.724244
49.78 17.648 21.358 0.379 0.435486 -3.89253 -0.351203 0.570553 0.742378
61.219 -14.755 47.057 -11.6354 0 -0.9 -0.243727 0.446238 0.861086
72.4372 10.8125 18.0385 -1.05979 -0.0514088 -3.5 -0.613382 -0.120307 0.78057
76.9593 -1.78975 14.597 -0.0785251 0.232535 -4.27681 -0.760927 -0.167243 0.626913
82.3972 -5.172 19.6343 -0.646348 0 -0.8 -0.74984 -0.339636 -0.567792
48.459 -4.612 14.2847 -0.137146 0 3.8 0.125316 -0.705679 0.697361
60.56 -29.555 41.513 0.189633 0.609062 -4.5 -0.178208 -0.922276 -0.342999
96.3367 -0.74625 12.7233 0.308867 0 -4.5 0.710755 0.635404 -0.30181
60.3988 -15.9292 46.6215 -8.49288 0 -0.9 -0.501491 0.0258748 0.864776
43.187 -16.6677 41.7035 0.356779 0 -3.5 -0.750936 0.342904 0.564368
52.401 9.54575 0.672 0.258259 0.640454 -4.5 0.38701 -0.399752 0.830916
57.1693 -12.541 45.8885 -0.8521 0 -0.9 -0.0955724 -0.308148 0.946526
92.118 -4.525 -3.578 0.511281 0.259076 -4.5 0.744128 -0.133638 -0.654533
78.2412 23.4225 5.9335 0.202718 0.0122149 -4.5 0.0998309 0.947304 0.304384
42.4425 4.1145 28.2355 -0.256008 0 -3.5 0.33873 -0.799527 -0.496003
43.4085 10.9382 19.038 -0.0238088 0 -0.360521 -0.712698 -0.189182 -0.675479
64.659 -7.0975 -5.2355 -0.200874 0 -1.3 -0.0918484 -0.978688 0.183669
71.257 20.0605 0.27625 1.66322 -0.549437 -3.5264 0.0154665 0.947378 -0.319742
77.065 -9.9295 22.7785 -1.45461 -0.178714 -3.5 0.688875 -0.570745 -0.44688
73.621 15.9065 18.4435 -0.0700387 0 -1.42615 -0.746891 0.635444 0.195869
39.236 5.1565 30.7017 -1.08303 0 -3.5 -0.618119 -0.0717211 0.782806
90.597 -1.808 -13.074 -1.33777 0 -3.2 0.968667 0.113398 -0.220965
48.0435 2.754 35.7405 0.32462 0.0488995 -4.5 -0.952376 -0.201895 -0.228514
94.4962 -1.1525 19.5448 -0.537726 -0.0397272 -3.5 0.845569 0.529839 0.0654462
86.0105 -5.54 23.5025 2.89254 0 -0.4 0.313734 -0.89798 -0.30855
56.4374 -19.0292 29.4031 -1.37982 -0.106568 -3.5 -0.707577 0.592166 -0.385583
71.8155 -18.5355 38.45 0.00309621 0 -3.2 0.651718 -0.680569 0.334799
89.35 10.753 18.686 -0.390349 0 -4 0.815448 0.544516 -0.196335
85.2962 23.4403 10.542 0.140201 0 -0.4 0.995121 0.0819876 0.0548835
50.7982 0.119 1.9085 -0.442892 0 4.2 0.351333 0.721851 -0.596234
59.9935 -24.042 21.9155 -0.0545848 0.654654 -3.5 -0.736971 0.0910941 -0.669758
38.3645 -1.286 12.3685 -0.105347 0 -3.5 -0.753661 0.0792241 0.652471
51.976 8.7365 13.3305 -0.4397 -0.473311 4.2 0.0353648 0.867411 -0.496334
53.0438 15.8372 27.057 -1.12157 0 -3.5 -0.758943 0.58093 -0.294153
82.165 -9.25025 35.4173 -0.719875 -0.42105 -1.6 0.776454 -0.0416831 -0.628793
66.4553 7.87925 -1.55425 0.136893 -0.180575 2.0064 0.11639 0.289557 -0.950058
83.1312 15.007 22.9552 -1.60234 -0.148907 -3.5 -0.182127 0.893559 0.410344
88.44 -11.7745 4.1505 -0.399462 0 -3.5 0.580818 -0.467928 0.666103
51.961 -3.5905 14.8885 -0.451459 -0.120528 -1.6 -0.864096 -0.325943 0.383535
93.686 -6.14375 18.861 -1.56617 -0.772499 -3.5 0.0622914 -0.706587 -0.704879
66.9765 -6.95675 -4.6975 -0.45975 0 -1.3 -0.385704 -0.885289 0.2598
70.1497 -5.67475 24.3818 -0.957939 -0.106184 1.8 -0.116519 -0.503632 -0.856025
54.5293 -3.7365 35.708 -0.407991 0 -3.5 0.351443 -0.0886353 0.932004
51.0325 10.682 41.666 -0.347687 -0.321421 -3.5 -0.000896653 -0.237504 0.971386
70.8805 -7.776 40.6605 0.080177 0 3.8 -0.0903414 0.594473 0.799025
85.613 -9.31975 16.7355 -0.041122 0.227176 -0.350262 0.0353745 -0.634616 0.772018
92.28 -3.4695 0.6395 0.319571 0.643724 -4.5 0.698876 0.668108 0.255351
66.9955 -11.1632 0.90275 -0.0623316 0 -3.9 0.214138 -0.956249 0.199331
50.3365 -5.4325 29.8848 -1.35286 0 1.9 -0.958284 -0.264211 -0.109011
57.7467 -5.62725 -18.9533 -0.603148 -0.405157 -3.5 -0.641438 0.101891 -0.760378
67.1547 9.76975 30.8503 -1.69734 -0.204477 -3.5 0.366967 0.598264 0.712331
77.4785 -13.8842 -14.0048 -0.207074 0.147833 -3.2 -0.256424 -0.939997 -0.225061
83.9047 17.7935 4.16875 -0.0310664 -0.14454 -1.92095 0.818822 -0.551067 -0.160798
39.024 9.2745 25.441 -0.705573 0 -3.5 -0.813508 -0.548856 0.192254
57.0648 7.8005 -7.362 -0.170592 0 -4.5 0.6018 -0.0270727 -0.798188
53.75 -6.335 17.2085 -0.163007 0 -3.9 -0.767448 -0.637618 0.066832
51.4385 3.4285 -10.9985 -0.144871 0 1.8 -0.525287 0.782416 -0.334513
48.6185 21.6912 17.1712 -1.60337 -0.0512816 -3.5 0.441167 0.704927 -0.555382
40.657 3.2015 18.397 -0.0520138 0 4.5 -0.968139 0.223709 0.112522
79.2035 16.103 -4.0565 0.437523 0 -4.5 -0.168764 -0.334499 -0.927162
51.9055 10.736 -10.0135 -0.056147 0 -0.4 -0.532293 0.433314 -0.727257
73.0062 18.368 15.7415 -0.310768 0 -1.6 -0.647381 0.296175 0.702267
57.7695 -6.04225 -11.7317 -0.0783434 0 -3.5 -0.549601 -0.834597 -0.037227
82.019 -16.1507 0.0585 1.66062 0 -3.9 0.711017 -0.561745 0.422963
84.837 17.959 6.4895 -0.114265 0 -2.15136 0.844797 -0.496524 -0.199453
76.5267 -5.27525 23.277 -0.988112 0 -3.5 0.802689 0.287917 -0.522297
53.557 -21.6803 32.716 -0.775926 0 4.2 -0.245784 -0.960637 -0.129484
51.8602 -7.84475 29.1092 0.250533 0 1.9 -0.226845 -0.9368 -0.266357
57.439 9.593 43.2598 -1.56942 -0.116024 -3.5 0.0906632 0.252399 0.963367
69.1385 -23.8447 28.559 -1.55739 -0.0870093 -3.5 0.537349 0.810554 -0.232933
38.6815 0.72025 8.632 -1.11194 -0.194267 -3.5 -0.431815 0.897396 -0.0906495
74.9905 22.4443 18.846 -1.59448 0 -3.5 -0.456042 0.888177 -0.0562818
84.7475 25.4972 19.463 -1.09734 -0.293952 -3.5 0.458218 0.870757 0.178376
81.6515 16.5492 28.799 -1.56513 -0.250109 -3.5 -0.430976 0.900417 0.0592269
79.611 -4.179 34.7655 0.288793 0 -0.4 0.985341 -0.00716507 0.170445
67.5038 -18.012 -10.8018 0.03416 0 1.9 -0.373174 -0.0482502 0.926506
78.218 -14.2572 -9.22175 0.266222 0.0989775 -3.70923 0.438084 -0.894066 -0.0934253
54.171 -22.2362 46.4543 -0.326656 0 -0.4 -0.195141 0.329794 0.923664
80.808 -10.5685 -13.8092 -0.283953 0 -3.2 0.910574 -0.146442 -0.386536
68.5465 -5.518 -15.917 -0.0427366 0 -1.3 0.203296 -0.549482 -0.810395
43.593 6.41175 31.9837 -0.766343 0 -3.5 -0.13898 -0.80509 0.57664
58.6872 2.395 0.2375 -0.59936 0 4.2 -0.703918 -0.579082 0.411294
81.337 -16.055 0.801 1.69348 0 -3.9 0.485996 -0.530631 0.694434
65.639 16.784 -0.59 0.134496 0.47988 -3.5 -0.529398 -0.114368 -0.840629
51.8483 2.398 37.1022 0.0462242 0 -4.5 0.621652 -0.310841 0.718976
63.8802 23.5023 8.2065 -0.120025 0 1.8 -0.135365 0.520152 0.843278
89.606 22.3165 3.384 -1.38786 -0.00994244 -3.5 0.438545 -0.116817 -0.891085
70.2432 -21.3832 35.7243 -0.184989 0.476529 -3.33031 0.704236 -0.342861 0.621689
89.122 1.05925 -12.0445 0.0523377 0 -3.2 0.227732 0.962011 -0.150578
62.1722 -9.785 5.30125 -0.12105 0 0.309028 0.313625 -0.867201 -0.386783
64.6515 -24.5505 24.0285 -0.222725 0 -3.5 0.802898 -0.286793 -0.522594
70.346 -10.811 25.35 -1.16944 -0.950474 4.5 -0.386215 -0.299539 -0.872419
44.339 -2.076 20.257 -1.07063 -0.711853 4.5 -0.438704 -0.875858 -0.201025
64.5625 11.27 -0.997 1.07302 -0.31617 0.622461 0.332185 0.515592 -0.789822
74.3361 20.7559 17.5231 -1.15363 0 -3.5 -0.765345 0.510203 -0.392351
63.647 7.52075 20.647 -0.347504 0 3.8 0.902689 0.101718 -0.418097
59.7337 -5.28725 1.6315 -1.00113 0 -3.24767 -0.547913 0.447059 -0.707057
47.4963 4.454 35.9535 -0.0593238 0.617528 -4.5 -0.970454 -0.131405 -0.202364
57.1372 -3.3845 26.2547 0.10917 -0.452071 -4.00449 -0.886617 -0.460684 0.0409943
74.96 -14.2718 -6.0985 -0.117688 0 1.8 0.329719 -0.930109 -0.161812
54.2105 17.4077 23.749 -0.679608 0 -3.86637 -0.744029 0.103395 0.660099
69.105 -4.29575 23.761 -0.690408 -0.0980168 1.8 0.168118 -0.468996 -0.867052
64.3447 -9.616 12.286 -1.63013 0 -3.5 0.0804708 -0.437631 0.895546
92.0825 3.02925 1.0405 -0.0736499 0 1.8 0.788759 0.607455 0.0941116
40.926 -3.058 12.8108 -0.0946105 0 -3.5 -0.162953 -0.612823 0.773236
73.3205 -13.4495 -8.2855 -0.237071 -0.0781889 -3.5 -0.201079 -0.974621 0.0983903
85.5717 -4.84025 -5.7415 1.08567 0.0874901 1.8 0.29338 -0.380314 -0.877091
69.9705 -11.257 47.572 0.0862823 0 -4.5 0.293982 0.238729 0.925518
60.4232 -9.8195 43.2578 -0.176762 0 0.634866 0.591054 0.709592 0.383581
60.8425 -4.76675 -18.1138 -0.229342 0 -3.5 0.758296 0.135037 -0.637771
75.5985 -7.4995 21.6623 -1.94756 0 -3.5 0.403131 0.310403 -0.860892
89.6257 0.53475 -11.2828 0.061051 0 -3.2 0.599707 0.739137 0.306639
94.399 -4.8225 21.7225 -0.65367 0 -3.5 0.60978 -0.483522 0.627993
59.0433 8.755 4.28 0.416246 0 -4.5 -0.982118 0.141924 -0.1237
49.508 11.959 -3.415 0.478483 0.59731 -4.5 -0.604771 0.663939 -0.439815
77.518 3.91425 32.9263 -1.19422 0 -2.27394 0.584927 0.398356 0.706521
66.5535 -3.783 15.2395 -0.533906 -0.458684 -0.8 0.278502 -0.00246905 0.960433
78.0458 9.1175 -5.329 0.169713 0 0.101196 0.256514 0.0934063 -0.962017
62.2655 11.7692 7.7655 -1.08095 -0.346777 -3.56531 -0.106929 -0.213715 0.971026
53.44 0.258 36.649 -1.295 -0.0278341 -4.5 0.17722 0.0397977 0.983366
81.366 7.83 -4.757 0.160704 0 -1.31914 -0.0824401 0.674531 -0.733629
70.1935 -3.525 38.3045 -0.126152 0.768473 -0.735493 0.526071 0.0315343 0.849856
74.5078 -9.83375 41.4837 0.0881878 0 3.8 0.410663 -0.42805 0.805065
93.4525 -5.3125 21.4785 -1.33126 -0.123495 -3.5 0.105053 -0.648437 0.753985
69.8125 -2.537 38.7755 0.0334275 -0.0180954 -2.1315 0.385313 -0.117963 0.915215
63.3035 -11.9685 7.878 0.244649 0.763748 -4.5 0.48428 -0.873798 0.0441578
83.1817 19.628 3.5015 0.78267 -0.215259 -3.5 0.623197 0.147978 -0.767937
54.1215 -7.137 35.3905 -0.176375 0 -4.5 -0.114255 -0.449713 0.885835
60.833 12.329 6.41 -0.352399 0.586762 -4.5 -0.699693 0.482673 0.526742
81.699 -8.88625 40.369 1.92806 0 -3.5417 0.889903 0.190488 0.414471
63.9437 -29.0225 33.298 -1.79737 -0.504599 -3.5 0.164336 -0.569732 -0.805232
51.996 -16.7815 42.3713 -1.13453 0.893261 -3.2 -0.751738 -0.0594883 0.656774
59.314 14.6975 -6.129 0.554092 0 -3.5 -0.416936 0.869484 0.264881
59.833 4.6035 -15.8413 0.150083 0.537413 -4.5 0.390231 0.774232 -0.498282
48.7303 14.2175 13.6562 -0.692047 0 -4.5 0.100866 -0.0817971 -0.991532
53.8428 10.9602 41.383 -0.552849 -0.0834003 -3.5 -0.133723 0.148374 0.979849
42.8335 -23.5795 37.3565 -1.31333 0 -3.2 -0.744173 -0.664309 0.0699968
80.7575 -8.2665 42.5995 2.91066 0 -3.9 0.312223 0.752484 0.579901
67.187 -17.579 -14.7893 -0.800873 0 1.9 -0.403283 -0.282814 -0.870275
40.883 2.53925 19.3113 -0.0741823 0 4.5 -0.809861 -0.0974765 0.578467
80.3185 -12.2985 35.861 -0.198263 0 -1.6 0.851839 -0.472292 -0.22652
69.7548 -15.7408 -7.32 -0.19679 0 -3.5 0.0426062 -0.983481 0.175925
86.0695 -3.783 -6.10525 1.05797 0.336094 -2.59597 0.320831 -0.764817 -0.558679
47.4753 9.94575 8.90525 -1.877 -0.0296654 -3.5 -0.18583 0.702716 -0.686773
40.915 2.3115 17.5882 -0.0602688 0 4.5 -0.829699 -0.286924 -0.478826
70.846 5.10525 18.5645 -0.454198 0 -2.38399 -0.863082 0.238962 0.444957
51.4598 -4.753 28.3965 -1.04078 0 1.9 -0.393073 0.167031 -0.904209
73.2357 -5.98675 -16.4275 -0.0329566 0 -0.7 -0.16622 0.219615 -0.961322
73.1943 -13.8045 25.818 0.208309 0.523749 -0.7 0.568468 -0.620629 -0.540059
45.5175 14.6283 35.464 -0.0604362 0 -0.7 -0.252806 0.936417 -0.243337
60.1273 11.557 33.1113 0.0104238 0 -3.35006 0.529423 0.843168 0.0936959
81.2985 23.4877 1.65525 -1.27616 -0.371712 -3.5 0.00686228 0.249921 -0.968242
40.6668 7.47475 32.7745 -1.20384 -0.032436 -3.9 -0.703614 -0.68276 0.196891
69.4004 -25.7518 29.632 -2.507 -0.341441 -3.5 0.93265 -0.337369 0.127849
63.756 15.7937 -6.598 -0.123028 0 -3.5 0.610386 0.742615 0.275595
71.955 7.805 28.1895 -0.264024 0.623121 -4.5 0.173355 0.900604 0.398573
64.935 23.863 4.2735 -0.848907 -0.113252 1.8 -0.393357 0.836667 -0.381128
90.853 13.998 13.749 0.173484 0 -4.5 0.780926 -0.268269 -0.56408
85.481 -5.532 -9.534 -0.0881999 -0.778334 -3.5 0.668819 -0.321995 0.670075
64.0273 15.406 11.2635 -0.0582466 0 -4.5 -0.722778 0.232503 0.650795
39.861 15.123 23.7675 -0.634243 0 -3.5 -0.0241348 0.593312 0.804611
89.7575 20.0053 5.807 -1.51614 -0.199244 -3.5 0.601472 -0.798478 -0.0257494
86.5395 -13.3398 8.541 -1.64106 -0.235247 -3.5 0.585471 -0.809111 0.0506282
65.1505 -30.2738 35.836 -1.77527 -0.220722 -3.5 0.43955 -0.890383 0.118384
61.4585 -26.9368 23.81 -1.63734 -0.416355 -3.5 -0.488314 -0.869857 -0.0699875
58.7363 -3.48025 -17.2547 -0.229245 0 -3.5 -0.393387 0.913955 0.0996621
72.0947 13.2828 -4.276 0.0553491 0 -3.9 -0.534225 0.696934 -0.478421
88.059 12.352 25.215 0.414459 0.393677 -3.9 0.621271 0.667473 -0.41049
60.6975 8.3835 -5.80725 0.271109 0.206203 -2.42306 -0.218167 -0.181368 -0.95891
73.6923 -6.61125 13.0565 0.0359596 0 -3.9 0.810949 0.183751 -0.555515
61.9062 -9.29025 10.51 -0.742083 0 -3.99236 -0.438888 -0.107797 0.892052
90.53 -2.8335 -12.873 -0.680289 0 -3.2 0.969146 -0.163275 -0.184656
85.391 -2.924 -15.1555 -0.242425 -0.291391 1.8 0.554714 0.296262 -0.777509
85.322 14.009 23.041 -0.433544 0 -3.5 0.385141 0.704774 0.595785
66.1807 -5.78125 -16.1472 -0.0974525 0 -1.3 0.229527 -0.21192 -0.949951
49.127 -4.0815 3.17075 -0.2658 0 4.2 -0.471035 -0.551567 -0.688404
59.3402 13.4345 22.0292 -0.118174 0 -0.600017 -0.0114596 0.828213 0.560296
91.1943 -8.57425 -3.18275 1.0012 0.0367807 -4.5 0.0187567 -0.114155 -0.993286
46.0255 -3.668 15.099 -0.19396 0 2.5 -0.552952 -0.83037 0.0687679
92.3985 4.86775 6.848 -0.945917 -0.0962076 -3.16874 0.34845 0.207443 -0.914084
80.685 19.257 -3.2895 0.401677 0 -4.5 -0.288636 0.773362 -0.564447
84.7962 23.9132 20.431 -1.11593 -0.908837 -3.5 0.43399 -0.0692577 0.898252
44.4785 -18.2365 36.752 -0.727812 -0.329293 -1.51653 -0.854485 0.0520278 -0.516864
74.964 -15.4552 -11.1292 0.121764 0 -3.5 -0.053235 -0.957872 -0.282218
54.25 -25.9167 43.4053 -0.928645 -0.103075 -3.5 -0.430195 -0.505879 0.747675
68.377 -18.34 42.757 -0.353694 0 -0.7 0.550508 -0.555979 0.622758
62.4095 17.4385 1.791 -1.31501 0 -1.1153 -0.435731 0.733932 -0.521039
43.8625 -1.318 21.1225 -1.14794 -0.251631 4.5 -0.843932 -0.484412 0.230486
73.6852 -0.891 19.0315 -2.03836 -0.0865254 -3.5 0.140427 -0.812163 -0.566279
43.7265 -24.2235 37.731 -0.659023 0 -3.2 -0.477051 -0.878837 -0.00827592
58.2067 -7.66275 -16.9482 -0.867876 -0.733462 -3.5 -0.4924 -0.868403 0.0584745
73.897 -3.5035 6.792 -0.756493 0 1.9 -0.683881 -0.696961 0.215758
93.4165 4.4745 7.0665 -1.01914 -0.130581 -3.5 0.622378 -0.26871 -0.735147
53.6945 -0.77025 36.6333 -0.754239 0 -3.5 0.360012 0.0811985 0.929408
75.864 -13.592 29.4465 -0.247927 0 -3.5 0.250341 -0.95265 -0.172588
59.2765 -7.757 22.6135 0.446186 0.110041 2.96144 -0.635094 -0.101857 -0.765689
91.3968 -1.30825 23.8557 -0.987612 -0.35138 -0.8 0.411855 0.631085 0.657348
40.2062 11.724 33.8215 -0.174183 0 -3.9 -0.638968 -0.0622147 -0.766713
48.781 14.1435 34.8925 -1.24885 0 -0.7 -0.430291 0.90191 -0.0375263
78.955 -8.117 42.6953 1.3846 0.881089 -3.9 -0.512329 0.766689 0.38692
50.479 -3.7495 37.4665 -1.90236 -0.164155 -3.5 -0.321149 -0.486321 0.812623
66.2495 -3.183 22.017 -0.897657 -0.362492 -0.7 0.551088 0.272243 -0.788788
45.6758 6.69425 36.8495 -0.554676 -0.474659 -2.09886 -0.0128515 -0.869455 -0.493845
71.5795 -18.1955 34.2325 -0.358084 0 -3.2 0.934889 -0.121163 -0.33362
89.8065 10.8205 17.5015 -0.202626 0 -4.5 0.940269 0.258229 0.221839
69.8455 -18.8595 -12.596 0.133245 0 1.9 0.892255 -0.427639 0.144932
82.159 2.117 31.8915 -0.400465 0 -0.7 0.686668 0.616908 0.384593
54.423 -9.194 42.206 -0.0143002 0 -3.2 -0.231459 0.669063 0.706245
71.9672 -9.754 24.8808 -1.42903 0 4.5 0.247953 -0.239866 -0.938607
55.796 12.2835 41.915 -0.295853 0 -3.9 -0.359391 -0.00467277 0.933175
78.68 15.885 22.5325 1.12361 0 -0.9 0.560905 0.240418 0.792202
47.0568 -2.54225 20.3355 -0.0873035 0 4.22634 -0.498991 -0.864868 0.054875
75.64 10.246 26.2143 -0.21828 0 -0.7 -0.711816 0.26285 0.651328
75.2132 9.93 -11.7075 -0.00473835 0 -1.3 0.673512 0.714225 0.190431
51.3602 -24.5672 35.7745 -0.334724 0 -1.6 -0.529907 -0.443033 -0.723132
77.1393 -9.057 35.2918 -0.161847 0 3.30462 0.0731312 -0.698728 -0.71164
74.8475 -7.5685 41.1488 0.0552667 0 3.8 0.627713 0.599554 0.496499
70.7515 -10.6495 46.8817 0.293619 0.573906 -4.5 0.760305 0.467042 0.45145
82.0277 -4.54125 38.5698 0.0180303 0 -1.6 0.503774 0.835102 0.220944
76.806 6.22625 -7.04825 0.105485 0 -1.17467 0.322558 0.658229 -0.680214
55.3075 -7.12775 -3.533 0.207398 0 1.9 -0.679177 -0.304646 -0.667764
64.7343 -9.7475 -10.9823 -0.481481 0 -1.3 0.0107191 -0.769481 -0.638579
40.8088 10.483 38.176 0.0399078 0 -3.9 -0.404463 -0.0861213 0.91049
66.6742 -10.5927 -1.7855 -0.550572 -0.148363 -3.70337 -0.0195249 -0.799267 -0.600659
58.5983 4.17925 2.407 -0.137209 -0.334569 1.73017 -0.491718 0.806666 0.327877
48.394 -8.663 40.823 -0.701685 0 -3.2 -0.123795 -0.0925584 0.987982
49.903 -17.218 35.564 -0.625867 0 -2.67231 -0.293626 0.000148992 -0.95592
77.2148 8.584 30.079 -0.0327595 0 -4.5 -0.210959 0.946071 0.245858
96.5358 -3.532 11.1997 0.159364 0 -4.5 0.719163 0.0336806 -0.694024
50.6657 -11.133 42.1418 -0.135139 0.293534 -0.701209 -0.473453 0.656725 0.586988
67.925 -7.4685 -4.3315 -0.370544 0 -1.3 -0.759649 -0.593249 0.266437
82.1225 26.034 9.13175 0.288696 0 -1.6 -0.768242 0.6024 0.216607
47.402 -3.847 18.568 -0.0612363 0 2.5 -0.0986431 -0.836888 0.538412
74.1292 18.492 -3.356 0.396483 0 -3.9 0.501378 0.51511 -0.695185
53.128 17.0063 39.012 -1.55722 -0.334666 -0.4 -0.104529 0.981932 0.157746
75.653 4.95975 33.965 -1.37673 -0.0536924 -3.5 -0.0310861 0.335666 0.941468
51.8325 0.0885 27.025 -0.949131 -0.410227 4.2 -0.0688505 -0.973877 0.216389
47.3745 -21.3115 44.2505 -1.19958 -0.0797003 -3.5 0.155737 -0.640733 0.751803
59.7985 -11.7155 8.70375 0.204206 0 -4.5 -0.581415 -0.769406 -0.26452
86.0505 4.9485 -5.864 -0.200316 0 -2.4273 -0.0015151 -0.418645 -0.908149
41.0175 -19.2145 43.3415 -1.53859 0 -3.5 -0.708301 0.705504 0.0239478
83.4303 12.861 25.774 0.0751696 0.54937 -3.5 -0.767646 0.560393 -0.310933
83.5147 20.1795 -1.48275 0.312601 0 -4.5 0.548134 0.749309 -0.371598
42.958 -2.41325 25.6373 -0.0653322 0 -3.9 -0.0905283 -0.957917 -0.272397
48.0817 14.266 36.9902 -0.159929 0 -0.7 -0.00274272 0.836172 0.54846
90.7138 3.376 -5.63175 0.487794 0.752525 -3.5 0.928287 0.325601 -0.179633
49.3325 21.048 17.696 -2.01797 -0.504501 -3.5 0.791435 0.483219 -0.374339
68.9035 -8.17 42.1915 -0.0165587 0 3.8 0.361263 0.713581 0.600243
54.8273 17.9928 27.8022 -0.349371 0 -3.5 -0.739755 0.633766 0.226061
47.9567 -11.873 43.0418 -0.318314 0 1.8 -0.0950046 0.629597 0.771091
92.0875 -4.854 22.3075 -0.0123063 -0.0918579 -3.11552 0.255159 -0.541091 0.801321
42.5015 -22.9142 36.4475 -0.732292 0.151324 -3.2 -0.816367 -0.385662 -0.429894
76.7958 -9.099 6.778 0.162219 0.0289733 -3.5 0.311849 -0.846117 0.432246
56.1968 -27.3967 40.5148 0.220952 0 -3.5 -0.00638939 -0.973959 -0.226636
38.8205 7.433 29.1567 -1.55344 -0.101611 -3.5 -0.845918 0.510317 0.154918
70.3207 16.521 13.9368 -0.293435 0 -3.27034 -0.663573 0.745623 0.0609623
78.1025 6.305 31.994 -0.276363 0 -4.5 0.180042 0.450787 0.874286
81.9975 14.446 30.445 -0.604313 0 -3.5 -0.352185 0.509241 0.785264
48.155 -22.2575 37.183 -1.41938 -0.170977 -3.23794 0.307886 -0.865093 -0.396007
71.7465 -19.1938 36.4495 -0.892695 0 -3.2 0.806288 -0.57149 0.152636
96.3505 -4.636 17.3085 0.0154316 0 -4.5 0.447492 -0.756417 0.477058
80.1565 14.28 -2.203 0.491766 0 -4.5 0.463874 -0.497645 -0.732919
84.482 8.191 4.068 0.326862 -0.00257541 3.8 0.773618 0.12755 -0.620682
70.8495 -5.8605 9.1865 -0.408132 0 -3.9 0.504238 0.411005 -0.759486
39.182 15.4777 36.5305 1.75024 0.361476 -3.9 -0.54765 0.507601 0.665147
74.411 -12.668 39.488 -0.167067 -0.733813 -1.6 0.441296 -0.213857 0.871506
86.626 16.3503 11.748 -0.778966 -0.398752 -2.61312 0.678931 0.550804 -0.485456
85.828 21.7792 11.32 -0.378344 0 -0.4 0.984727 0.121011 -0.125177
90.4945 15.0247 15.948 0.0617021 0 -4.5 0.463352 0.104362 0.880008
91.067 15.123 13.8595 0.109595 0 -4.5 0.842455 0.0570422 -0.535739
46.876 -18.971 44.07 -0.594133 -0.439721 -3.5 0.365799 0.308508 0.878074
48.561 10.6915 -1.09 0.0336881 0 -4.5 -0.924991 -0.379746 -0.0135813
87.582 -9.07275 4.40225 -1.00647 -0.65613 -3.5 0.792465 0.19181 0.578971
93.372 -5.22 18.314 -1.86018 -0.324625 -3.5 0.0214346 -0.832653 -0.55338
74.113 -13.261 -2.92925 -0.0691593 0 0.533408 -0.549905 0.235223 0.80142
45.91 -24.653 37.2455 -0.319174 0 -3.2 0.441888 -0.805038 -0.39579
82.489 2.97925 30.1565 -0.650427 -0.421492 -2.07846 0.869374 -0.0584774 0.490683
50.0778 12.3272 0.02725 0.24116 0 -4.5 0.0324079 0.781528 0.623028
59.732 -4.195 -19.2913 0.0834984 0 -3.5 0.349311 0.302988 -0.886668
80.018 1.2235 22.246 -3.13147 -0.00899398 -3.5 -0.0451009 -0.6635 0.746816
66.8552 14.5507 17.7575 -0.154733 0 -4.5 -0.22005 -0.375335 0.90039
71.4135 13.4338 -9.649 -0.459917 0 -3.5 0.259945 0.902327 -0.343851
44.5065 3.526 8.2385 -1.31581 -0.344455 -3.5 -0.872216 0.0947056 -0.479865
41.7723 6.9565 13.3798 -0.384774 0 -4.5 -0.0868623 0.987781 -0.1294
80.434 -15.8055 1.364 0.661497 0.323694 -3.9 -0.0222335 -0.196391 0.980274
65.7015 5.4635 29.766 -0.892415 0 1.8 -0.0134628 -0.133857 0.990909
55.8392 12.529 -3.91913 -1.04336 -0.749336 -4.5 -0.204225 0.610565 0.765181
45.058 -6.1875 10.0702 0.409647 0.791233 -0.8 0.186039 -0.726845 0.661124
81.729 -14.1275 -3.34825 0.294436 0 -3.32216 -0.112933 -0.683593 -0.721073
51.0148 12.4292 -1.16 -0.287327 0 -4.5 0.276789 0.946592 0.165383
83.8135 -7.6815 16.2785 -0.143862 0.332005 -0.35 -0.549356 0.07205 0.832476
62.8908 -1.0615 -15.7395 0.0112409 0 -0.4 -0.422911 0.781785 -0.458213
70.1995 -25.832 34.1835 -0.354026 0 -0.4 0.848002 -0.414288 -0.330541
52.018 8.89425 -0.203 0.0476299 0 -4.5 -0.0375122 -0.89423 0.446033
66.051 1.3575 -14.2535 -0.263214 0 -0.692119 -0.00289385 0.302958 -0.952999
79.6233 -6.415 39.8218 0.712843 0 -1.6 -0.395998 0.176053 0.901216
58.7863 -9.808 6.159 0.127677 0 -0.00234593 -0.219327 -0.975624 0.00730642
89.0545 21.3645 3.804 -0.812446 0 -3.5 0.147603 -0.596871 -0.788644
69.5725 -23.8283 32.912 -0.245981 0 -2.23039 0.417491 -0.354006 -0.836888
68.205 14.9622 -7.8625 0.288404 0 -4.5 0.708528 0.672309 0.214449
73.8185 -9.0675 -0.00775 0.0341415 0 1.8 -0.159177 -0.964705 -0.20978
63.5215 11.904 -4.6445 -0.00489082 -0.0404558 -2.55606 0.871638 0.291239 0.394243
85.2805 7.726 4.5465 0.637443 0 -0.7 0.361046 0.343781 -0.866868
82.606 8.3595 -4.733 -0.598331 -0.672684 -0.538643 -0.376236 0.661102 -0.649146
81.0602 0.38875 32.994 -0.412719 0 -0.7 0.230522 -0.331344 0.914916
58.2388 -2.34225 2.086 -0.632008 0 -1.72789 0.103739 -0.48704 -0.867197
68.8515 -9.04275 4.539 -0.189524 0.0104574 -0.9 -0.0341297 -0.74684 0.664128
63.5255 -1.663 -16.6405 0.0284914 0 -0.4 -0.111886 0.434677 -0.893609
88.6665 11.5595 23.4167 -0.773393 -0.0835517 -3.5 0.356741 0.873582 0.331045
71.9443 -5.496 23.1893 -0.673375 0 -1.68996 -0.504778 -0.263352 -0.822098
77.2958 -1.019 15.2812 -0.310445 0.0760534 -0.8 -0.8601 0.00452426 0.510106
55.5845 4.249 -9.954 -0.649825 -0.26215 -2.63525 0.964182 0.240652 -0.111538
64.5535 -11.8145 44.844 -0.624497 -0.34666 -4.5 -0.253817 0.897914 0.35962
70.1738 -6.52575 39.607 0.121617 -0.0398416 3.62059 -0.0509492 0.586974 0.808001
46.3155 -3.82375 16.3455 -0.46714 0 2.5 -0.450288 -0.858932 -0.243877
59.8522 14.3302 38.5488 1.03765 0.633284 -3.9 0.246503 0.788421 -0.563586
63.7075 -8.538 12.3202 -2.10341 -0.481603 -3.5 -0.305781 0.0922183 0.947625
64.6075 11.9005 27.1362 -0.360429 0 -2.43903 0.719826 0.600938 -0.347453
60.1675 -20.5425 49.2235 -1.00792 -0.00820096 -3.5 -0.460909 0.370018 0.806629
81.927 0.1755 21.8582 -2.03559 -0.625605 -1.45279 -0.766157 -0.119593 0.631428
74.7268 -10.7635 25.8452 -1.26058 -0.89796 -3.5 0.452896 -0.532097 -0.715373
59.6215 14.733 39.679 0.653512 0.265664 -3.9 0.232653 0.972411 0.016998
80.9538 12.6722 23.6812 -0.0456056 0 -0.4 -0.00809192 0.671047 0.741371
81.4675 1.578 32.8942 -0.400552 0 -0.7 0.523301 0.240468 0.817515
84.0475 13.0372 25.22 -0.0679862 0 -3.59089 0.82949 0.532827 -0.167454
44.98 -12.531 38.9625 -0.617621 -0.405525 3 -0.572599 0.731054 0.371067
81.0693 -13.067 1.676 0.246981 0 -3.9 -0.57558 -0.420185 0.701535
86.5845 1.0715 -10.0017 -0.951256 0 -0.914146 0.328688 0.924073 -0.195074
82.5855 1.1335 31.8155 -0.439739 0 -0.7 0.904975 0.0680836 0.419981
57.946 -5.34675 -0.5275 -1.11352 0 1.9 0.460386 0.662885 0.590447
71.5115 -17.7623 41.2887 -0.257711 0 -0.7 0.598427 -0.695952 0.396909
37.5672 -3.108 8.86175 -0.0242276 0 -3.5 -0.939131 -0.307153 -0.153913
85.631 -0.648 -13.6245 -0.835165 -0.681138 1.8 0.143924 0.735432 -0.662137
62.8835 -8.3605 22.7515 0.0307892 0 -3.5 0.117085 -0.893282 -0.43398
90.1028 -4.32475 -12.5592 0.16802 0 -3.2 0.784791 -0.616634 -0.0621718
42.1203 0.66625 19.4918 -0.065073 0 4.5 -0.753814 -0.639733 0.15002
45.271 -13.12 35.598 -0.391403 0 4.2 -0.252902 0.861956 -0.439401
69.397 -0.458 39.236 -0.0483921 0 -3.9 0.406701 -0.173746 0.896887
74.7958 -0.13175 17.7757 -1.92103 -0.280529 -3.5 -0.320769 -0.793842 -0.516645
58.9282 1.334 -15.7467 0.520403 0.320122 -4.5 0.0680422 -0.610828 -0.788834
57.148 -5.4705 -9.4905 -0.0662121 0 -3.5 -0.884494 -0.336827 0.322828
75.459 -0.032 36.988 -0.192609 0 1.8 0.205291 0.673718 0.709901
88.3765 -7.474 9.683 -0.719239 0 3.28084 0.348823 -0.886981 -0.302632
60.2985 14.5785 -5.612 0.39172 0 -3.5 -0.350769 0.685578 0.637921
83.8655 -11.5035 15.0335 -0.273563 0 -4.5 -0.203413 -0.940568 0.271948
91.7784 0.261375 -6.28525 -0.987233 0 -3.5 0.465408 0.884865 -0.0202367
70.5165 -7.14775 8.019 -1.40503 -0.483566 -3.9 0.793847 0.457752 -0.400337
73.532 -8.45275 21.86 -1.84722 -0.503824 -3.5 -0.71918 -0.395733 -0.571117
64.904 6.1345 14.054 -0.874415 0 -3.5 0.624151 -0.183591 0.759427
64.287 -2.883 39.592 -0.150158 0 -3.2 0.355 0.860098 0.366342
92.2565 10.3818 24.1243 -1.87751 -0.451067 -3.5 0.859017 -0.0200219 0.511555
90.037 -8.17325 16.9077 -0.233457 0 3.8 0.83116 -0.44039 0.339455
47.4705 5.39525 36.765 -0.330273 0.0479667 -4.5 -0.920868 -0.371514 -0.118239
92.114 8.98175 22.8145 -1.04207 0 -3.5 0.88378 -0.454935 -0.109397
74.1285 -14.406 -3.221 -0.223745 0 0.2833 -0.286053 -0.942699 0.171736
50.7217 0.07475 27.3937 -0.585163 0.0374363 3.47394 0.275188 -0.959346 0.0626661
51.9295 -7.3595 -0.22825 -1.36564 -0.265928 -3.5 -0.268966 0.21175 -0.939585
69.205 7.1455 -12.925 -0.0387223 0 4.2 -0.467021 0.377455 -0.799637
65.3555 -5.1155 -16.1835 -0.252316 0 -0.823185 0.233996 -0.203933 -0.950609
83.3988 15.7587 29.4217 -1.0946 -0.0162481 -3.5 0.496136 0.64646 0.579603
42.6698 -21.6273 40.2173 -0.375849 -0.131827 -3.25917 -0.822513 -0.514764 0.241846
65.2625 -13.0977 24.9487 -0.204757 0 3.8 0.507234 -0.315983 -0.801791
84.7367 -11.5002 12.9482 0.2031 0.452792 -4.5 0.451731 -0.889799 -0.0647801
43.8545 5.4085 36.982 -1.56907 0 -3.5 0.287109 -0.914447 -0.285229
51.8553 -8.97825 41.803 -1.38432 -0.252756 -3.2 -0.364718 0.561343 0.742883
51.346 -8.27875 40.2057 -0.521531 -0.0942269 -3.2 0.434999 0.849027 0.299881
83.58 5.16075 -6.233 -0.0935732 0 -1.3 -0.0209102 0.0926874 -0.995476
48.5225 -18.1952 42.6572 -0.204234 0.247909 -0.8 0.0642253 0.84087 0.537413
69.9675 -6.719 -14.5208 -0.188454 0 -1.3 -0.502055 -0.572151 -0.648524
49.667 9.04725 13.984 -0.770354 0 0.63698 0.212819 0.749323 -0.627075
91.07 2.8405 3.679 -1.23188 0 1.8 0.657397 0.748612 -0.0860807
77.7135 -10.0915 29.4905 0.126994 0.653431 -3.5 0.852215 -0.226712 0.47152
81.549 -5.22875 40.2725 0.0194794 0 -1.6 0.262901 0.445234 0.85595
67.683 20.9182 -1.2335 -0.0169796 0 -3.5 -0.158122 0.53981 -0.826803
50.9668 10.804 -6.65325 -0.350166 0 -2.38209 -0.991451 -0.0871832 -0.097077
61.744 -16.2175 26.0487 -0.817753 -0.123437 0.971877 0.138787 -0.264359 -0.954386
81.022 1.18975 28.7445 -1.19342 0 -0.7 0.660965 -0.319432 -0.679035
84.011 -10.8652 16.0578 0.182628 0 -4.5 -0.35058 -0.620981 0.701054
58.6432 12.6987 42.2832 -0.0308125 0 -3.9 0.273681 -0.190578 0.942751
67.147 1.198 39.178 -0.0653055 0 -3.9 -0.599652 0.0307018 0.799672
61.3823 -29.166 40.4647 0.20371 0.455589 -4.5 -0.190625 -0.698333 -0.689923
68.0815 -26.2913 27.996 -1.55542 0 -3.5 0.0432516 -0.652488 -0.756564
91.8672 0.98875 2.91075 -0.184564 -0.350738 1.8 0.915902 0.0177872 0.401007
89.2855 -12.3405 2.5275 -0.323293 0 -3.5 0.868831 -0.297396 0.395838
48.9813 6.9515 8.2835 -0.821826 0 -3.5 -0.109492 0.0980247 -0.989142
40.0853 4.614 13.4333 0.128674 0.187687 -4.5 -0.757079 -0.62876 -0.17746
79.8595 4.4835 -8.7925 -0.112116 0 4.2 0.223104 0.784006 -0.579275
44.1 -6.616 10.2575 -0.441209 -0.962448 -0.8 0.428045 -0.552214 0.715428
46.7023 -7.32175 38.029 -0.793986 0 -3.2 -0.392826 0.818154 -0.419895
62.9878 -26.8113 33.2972 -1.36125 -0.291126 -3.5 -0.49538 -0.0120313 -0.868593
43.9922 -1.77325 24.9557 0.00375091 0 -3.9 -0.0860288 -0.801417 -0.591887
68.698 10.564 29.6737 -0.449584 0 -3.5 0.566515 0.564941 0.59992
51.2197 -1.6 37.4618 -2.21473 -0.601389 -3.5 0.133634 0.505063 0.852674
45.4095 -15.842 33.8708 -0.467002 0 4.2 0.0176776 -0.0972412 -0.995104
81.4515 7.6625 28.274 -0.278037 -0.341197 -3.72609 0.626135 -0.0501554 0.7781
63.73 12.8013 25.9055 0.110606 0.584237 -4.5 0.435991 0.71383 -0.548051
52.5475 8.6265 -1.212 0.275479 0 -4.5 0.127858 -0.985351 0.112851
58.4077 -10.1975 8.2915 0.0248621 0 -4.5 -0.590814 -0.806773 0.00756426
79.7292 -0.7485 27.2655 -2.06717 0 -3.5 0.611027 0.636737 -0.470333
68.2452 0.498 -14.5653 -0.223315 0 -0.7 0.0930104 0.0610656 -0.993791
76.2955 -15.4725 -10.35 -0.340952 0 -3.5 0.184624 -0.970748 -0.153503
73.2517 -9.2355 42.0127 0.0470032 0 3.8 0.00333644 -0.10927 0.994007
79.692 12.4335 25.3735 -0.513009 -0.973059 -0.7 0.496317 0.863091 -0.0935048
57.929 -3.9095 38.2217 -0.322677 0 -1.94949 -0.443361 0.801396 -0.401492
55.5293 -0.03825 26.646 -0.133011 0 3.4498 -0.491248 -0.868786 0.0623389
65.9522 -12.839 25.9198 -0.0970232 0 3.8 0.798808 -0.246798 -0.548631
54.5695 -7.9665 41.3105 0.0926983 0.758327 -3.2 -0.395609 0.709191 0.583559
43.7555 -1.8975 15.8495 -0.217427 0 2.5 -0.618258 -0.769246 0.161303
96.49 -0.74125 14.1495 0.359369 0 -4.5 0.711669 0.701494 0.0378601
71.37 -9.31325 15.2282 0.233756 0.0456094 -3.9 -0.620633 -0.693031 0.366773
62.16 14.8597 21.099 -1.71617 0 -3.5 0.341112 -0.507802 0.791062
63.9355 -17.8913 25.7402 -0.597936 0 -0.7 0.18716 0.127809 -0.97398
54.7485 -6.11175 -0.31625 -0.364168 0 1.9 -0.819801 0.501574 -0.276315
90.498 3.00025 -4.63 -0.114273 -0.177923 -3.5 0.986173 -0.0478913 0.158648
58.9345 8.419 3.047 0.303688 0 -4.5 -0.951373 -0.289141 -0.106239
53.239 17.7305 17.917 -0.950241 -0.0851815 -3.71298 0.461256 0.553055 -0.69381
72.6482 -15.6165 41.5088 -0.178945 0 -0.7 0.718205 -0.248411 0.64998
49.7142 -7.4625 12.2358 -0.113659 0 -0.7 -0.82783 -0.514062 0.224585
52.796 -0.303 26.3495 -0.625112 -0.631803 4.2 -0.0438477 -0.976596 0.210564
73.968 -12.9425 28.656 -0.569738 0 -2.1 0.21876 -0.970007 -0.105969
63.975 -12.9622 -1.27 0.0478949 0 -3.9 0.325457 -0.917986 -0.226669
47.6413 -3.21375 19.4823 0.0132361 0 3.37671 -0.410739 -0.866905 0.282435
90.353 -0.451 -11.4923 -0.227474 0 -3.2 0.889405 0.407735 0.206667
54.6562 -11.3735 27.399 -0.324427 0 -3.5 -0.952162 0.152052 0.26508
51.0033 11.109 0.6905 0.10225 0.317725 -4.5 0.179735 0.263851 0.94767
64.293 8.488 35.598 -0.246104 0 -3.2 0.473286 0.0415784 0.879927
72.945 -6.5065 22.5155 -0.774573 0 -3.5 -0.538658 -0.0385923 -0.84164
62.87 4.4415 31.8445 -1.47576 0 -4.5 0.61172 -0.519656 0.596453
81.8665 24.3398 17.2348 -0.264194 0 -3.5 -0.954627 0.283468 -0.0912813
46.657 -17.1887 35.0875 -0.593462 0 0.350391 0.197909 -0.231995 -0.952371
59.3335 -20.823 24.1425 -1.51408 -0.443556 -3.5 -0.618286 0.391921 -0.681264
55.4528 -5.714 41.0667 -0.326347 0 -0.7 -0.729584 0.220554 0.647351
89.9085 -3.859 -11.1905 -0.207894 0 -3.2 0.783109 -0.497536 0.373094
42.586 -21.763 42.642 -1.04213 0 -3.5 -0.195215 -0.979607 -0.047548
54.1558 7.13825 8.7425 -1.4298 0 4.5 0.41173 0.823613 -0.390053
83.658 -7.1065 -7.3385 0.273083 0 -2.2 0.930628 -0.0903889 0.35463
81.7862 -12.5332 3.77425 0.547712 0.627134 -3.5 -0.727357 -0.545696 0.416135
65.1395 -26.5535 30.7425 -0.209771 0.291053 -3.5 -0.534229 -0.845325 -0.00502947
56.2655 13.844 -5.284 -1.14546 -0.0328772 -4.10806 -0.106298 0.924831 0.365224
64.2795 -10.3175 -3.124 0.582584 0 -3.9 0.542293 0.256183 -0.80018
70.8395 -15.336 26.651 -0.313061 0 -0.7 -0.232533 -0.895841 -0.378678
41.547 13.7905 24.2385 -0.38882 0 -3.5 0.191073 0.687704 0.700396
54.774 3.409 -17.9153 -1.38669 0 -3.5 -0.24162 -0.334918 -0.910741
90.4065 -0.86425 -12.4792 -0.675165 0 -3.2 0.979755 0.200129 -0.0053652
60.05 -3.515 1.84 -1.26726 0 -3.2 -0.539718 -0.00465326 -0.841833
68.856 -0.204 21.8582 -0.960682 0 2.8 -0.0762087 -0.570875 -0.817492
69.7732 -1.1075 21.988 -1.05641 0 1.8 -0.336406 -0.139884 -0.93127
67.757 -13.7765 -5.4815 -0.806408 0 -3.5 -0.844105 -0.0693251 0.531677
67.0663 -10.4435 10.9585 -0.368405 0 -3.5 0.469276 -0.677871 0.565925
60.1575 6.57475 1.34425 0.47261 0 4.2 -0.938246 0.253256 0.235704
89.484 24.075 5.2825 -1.20249 0 -3.5 0.168255 0.967181 0.1904
65.1992 7.41425 -9.0685 -0.537019 -0.133376 -4.5 -0.904773 0.100071 -0.41397
66.008 -23.6982 43.5747 -1.63011 -0.521008 -3.5 0.256082 0.174808 0.950718
46.6632 11.8345 14.1088 -0.592644 -0.575425 -3.73501 -0.240574 -0.0587153 -0.968853
46.5877 -9.53375 39.7977 -1.08588 0 -3.2 -0.706957 -0.0899616 0.701512
62.1502 -10.0428 -10.3862 -0.0646131 0 -1.3 -0.645898 -0.762866 0.0291771
68.3475 0.542 21.1238 -0.575352 0 2.8 0.00926926 -0.525128 -0.850973
62.6273 -13.7378 24.4295 -0.290792 0 3.8 0.118039 -0.497353 -0.859481
46.35 -7.19375 39.4125 -0.810109 0.172944 -3.2 -0.720038 0.674238 0.16416
53.75 -4.114 22.3417 -1.27716 -0.395966 4.5 -0.308065 -0.800239 0.514503
60.1502 8.988 21.0158 -0.594517 0 3.8 0.528553 0.784136 -0.325213
79.0638 5.308 -8.3605 -0.245803 0 4.2 0.147592 0.675211 -0.722708
64.1973 -11.235 -3.652 -0.00847547 0 -3.9 0.604391 -0.117779 -0.787934
76.8323 -14.2408 0.4455 0.143282 0 -0.7 -0.294381 -0.316592 0.901726
48.8952 10.7948 41.5612 0.0804197 0 -3.5 -0.345122 0.363347 0.865372
86.7247 12.29 6.388 0.313549 0 3.8 0.534577 0.615288 -0.579351
59.0105 15.3265 30.1855 -0.31102 0 2.13956 0.221246 0.929217 0.295982
52.3973 -0.494 -13.9885 0.0753183 0 -0.8 -0.592657 0.326469 -0.736326
79.2588 -14.386 35.7147 0.341166 0 -1.6 0.700366 -0.712851 -0.0364832
46.4 16.7145 28.299 1.06974 0.599671 -3.9 0.413558 0.649595 -0.637963
76.7322 7.89825 31.0345 0.149679 0 -4.5 -0.112668 0.696466 0.70869
86.308 -9.95675 -5.3935 -1.26644 -0.340448 -4.5 0.242946 -0.384482 -0.89059
61.7745 -12.3585 1.5175 -0.0367333 0 4.5 0.381752 -0.904951 0.187963
45.4615 16.067 21.1968 -1.54348 -0.177345 -4.5 -0.276902 0.743998 0.608106
44.8355 -0.723 8.387 -0.388384 0.240086 0.710278 -0.511658 0.131215 -0.84911
85.3702 17.6758 -0.4205 0.209531 0 -4.5 0.969936 0.158255 -0.184876
69.422 -8.92875 12.7817 -0.216728 0 -3.9 -0.57104 -0.6704 0.47379
54.911 -7.679 39.84 0.092329 0 -3.09902 -0.839276 0.543082 0.0260375
57.97 -10.635 -0.468 0.694652 0 1.9 0.0933327 -0.979808 -0.176818
78.8415 -10.8588 -16.506 0.085247 0 -3.2 0.351466 -0.0228682 -0.935921
49.6665 -2.51475 24.415 -0.320835 0 4.2 0.20132 -0.706975 0.67798
53.4405 -9.621 42.3375 -0.468933 0 -3.2 -0.0983544 0.714967 0.692206
54.6685 -10.1353 28.0427 -0.148123 0 -0.9 -0.988795 -0.0950628 -0.115096
58.2095 -10.807 -2.3245 3.16227 0 1.9 0.0823054 -0.927813 0.363853
56.2458 5.48425 -16.1133 -0.99307 -0.0360268 -3.5 -0.0101666 0.997234 0.0736249
73.899 -12.8372 25.1998 0.14816 0.640229 -0.7 0.643639 -0.318666 -0.695831
62.867 19.1763 7.589 0.0213655 0 1.8 -0.662404 0.138274 0.736275
73.923 0.023 -14.203 -0.117596 0 -3.9 -0.581545 0.69584 -0.421441
46.241 10.445 39.422 0.550705 0.544905 -3.5 -0.306099 0.754747 0.580224
64.9545 12.5457 10.0483 -0.522039 -0.166802 -3.63196 -0.749375 -0.527807 -0.399821
67.5875 -13.0635 27.5465 -0.0930869 -0.00360039 3.8 -0.0231062 -0.309656 -0.950568
85.474 9.703 -5.815 -0.164903 0 -1.3 -0.45454 0.850944 -0.263228
41.0973 -1.672 26.0462 0.907165 0.313835 -3.9 -0.421633 -0.906704 -0.0107033
55.6553 -9.64825 0.835 -0.768462 -0.440453 1.9 -0.697141 -0.711378 0.0890814
55.9217 -2.321 -7.4685 -0.0342255 0 -3.2 -0.686553 -0.725727 -0.0443265
53.9958 2.602 -4.30925 -0.0190891 0 -0.8 -0.963126 0.0374608 0.266431
51.5277 15.396 31.0672 0.460761 0.3048 -0.7 -0.565131 0.771367 -0.29261
67.1133 -10.0535 -12.7935 -0.173311 0 1.8 -0.491505 -0.450164 -0.745503
78.6693 -6.59725 11.4913 -0.527147 0 -1.3 -0.889659 -0.0391533 0.454944
49.1123 4.011 34.6605 0.140751 0 -4.5 -0.759765 -0.0200152 -0.64989
66.075 -15.048 46.7887 0.0471017 0 -4.5 -0.461037 -0.0581086 0.885476
85.3183 17.7275 0.5865 0.403402 0.184046 -4.5 0.840258 0.183602 0.510154
90.1295 -0.81925 -13.725 -0.442852 0.166123 -3.2 0.685919 0.482963 -0.5443
69.6105 9.7475 29.0452 -1.1944 -0.852708 -3.5 0.587723 0.433416 0.683178
38.59 14.8593 35.9333 1.5426 0.826208 -3.9 -0.979895 0.179734 0.0866086
74.4808 5.19175 33.1808 -1.86597 -0.00101759 -3.5 -0.449094 0.676856 0.58325
76.171 -15.7575 -2.16475 0.0399289 0 -0.7 -0.194827 -0.955214 -0.222728
47.778 5.67675 41.09 -1.97846 -0.0975357 -3.5 0.563189 -0.225116 0.795073
74.839 -1.8565 12.542 -0.0467304 0 -4.5 -0.703283 -0.53135 0.472294
74.5455 1.838 -12.413 -0.471187 -0.00513111 -1.27086 -0.273138 0.0685175 -0.959532
47.0363 6.791 35.7842 -0.554178 0.878093 -4.5 -0.459477 -0.653434 -0.601586
81.072 -12.0165 2.98375 0.242742 0.0187669 -3.68892 -0.709738 -0.401621 0.578768
75.521 -9.247 3.369 0.0309042 0.26482 -1.39166 -0.329683 -0.93672 0.117752
65.0805 -26.679 29.3365 -0.559489 0 -3.5 -0.511197 -0.838856 -0.187077
80.873 12.0885 25.9965 0.730909 -0.0836822 -3.23229 0.146867 0.939982 -0.307999
51.092 -2.87325 20.8932 -0.169372 0 4.21013 -0.0718815 -0.983802 0.164214
65.2175 -22.607 43.2402 -0.905868 -0.344402 -4.00654 0.543831 0.523531 0.655868
91.2495 -5.691 -4.264 0.703341 0.280971 -4.5 0.449822 -0.431009 -0.782235
74.6777 -4.30075 8.26275 -1.13505 0 1.9 -0.298938 -0.904265 0.304861
59.1748 13.511 34.2545 -1.11004 -0.00800585 -0.8 0.900867 0.419753 -0.110665
79.089 -9.44375 9.67475 0.0748426 0 -1.3 -0.41427 -0.907115 -0.0743117
42.757 5.4455 18.2803 0.435245 0.365429 0.681763 -0.773853 0.569349 0.277476
55.1335 -9.804 4.1365 0.0581279 0.0269572 -3.5 -0.25228 -0.962328 -0.10139
61.955 15.9015 21.5525 -1.50614 0 -3.5 0.575222 0.0162237 0.817836
68.7035 18.9147 11.7255 -1.69072 -0.589192 -3.5 -0.232539 0.403631 0.884877
57.3015 18.811 27.4382 -0.667173 0 -3.5 0.426949 0.766356 0.480013
66.1963 -14.8022 27.5362 -1.0775 -0.129747 2.87277 0.471557 -0.0723054 -0.878867
51.3198 -14.1193 44.222 -0.383367 0 -3.2 -0.308818 -0.320171 0.895613
65.323 -9.40975 -2.27725 -0.141676 0 -3.9 0.423118 0.222382 -0.878361
94.235 -4.57325 17.6812 -0.699924 0 -4.5 0.229218 -0.939389 -0.254965
64.7197 8.675 -8.018 0.218474 0 -4.5 -0.801765 -0.355106 -0.480701
40.4017 16.0152 36.4565 2.62267 0.0368478 -3.9 -0.0487438 0.791983 0.608594
51.2635 7.574 -7.257 -1.42901 -0.256138 -1.6 -0.982494 -0.159897 0.0955971
81.5965 -2.5635 21.567 -1.93237 0 -0.8 -0.938341 -0.317137 0.137621
86.5312 13.738 22.8975 -0.42339 -0.326678 -3.5 0.438829 0.749525 0.495622
49.4585 7.46475 13.0042 -0.409249 0 -3.5 -0.939366 -0.248565 0.236236
68.9315 8.378 29.54 -1.09201 -0.0476102 -3.5 0.618958 0.185255 0.763264
64.1492 7.329 32.8 -0.689842 0 -3.2 0.588707 -0.79242 -0.159672
84.1395 -5.83875 23.9042 0.91563 0 -0.4 -0.539273 -0.836081 0.100767
65.4095 1.771 32.6015 0.0633775 0.0163553 -0.8 -0.506817 0.861875 0.017523
85.795 -4.57125 26.985 1.10707 0 -0.4 0.356658 -0.00609399 0.934215
60.226 -24.9705 22.369 0.126852 0.54316 -3.5 -0.64594 -0.618696 -0.447188
63.2458 1.2695 33.2808 -0.35453 0 3.8 -0.177981 0.981763 -0.0668091
63.0682 -6.5745 12.2533 -0.611996 -0.807004 -0.8 0.00068346 -0.435536 0.900171
81.7757 -15.2177 -2.82425 0.362791 0 -3.9 0.247777 -0.694039 -0.675956
63.3365 -4.8825 19.235 -1.56185 0 -3.5 0.998292 0.0367566 -0.0454031
37.6982 13.4175 22.0565 -1.48623 0 -3.5 -0.915105 -0.29363 0.27634
57.352 -5.32525 26.1355 -0.188344 0 4.2 -0.84733 0.489821 -0.2052
84.7295 25.716 11.0413 0.408994 0 -1.6 0.454555 0.535216 0.711986
62.019 10.215 35.313 -0.178676 0 -3.2 -0.0242521 0.566089 0.823987
89.9163 23.3185 5.901 -1.60528 -0.0379034 -3.5 0.628669 0.509528 0.5875
88.4642 -13.4073 2.82175 -0.275295 0 -3.5 0.564241 -0.671098 0.480895
54.7923 4.1095 35.1867 0.0243461 0.385579 1.8 0.0622339 -0.654416 -0.75357
57.164 -24.7035 27.0715 -1.43643 0 -3.5 -0.529016 -0.835939 -0.146113
81.3092 -4.278 29.1108 -0.547455 0 -3.5 0.999627 0.0021513 -0.0272357
54.588 -11.6235 25.4965 -1.25977 -0.464218 -3.5 -0.771275 0.63314 -0.0653366
49.7285 14.3542 32.564 -0.333955 0 -0.7 -0.601876 0.720981 -0.343412
62.65 -10.4675 6.15 -0.00896815 0.00497964 -4.5 0.167306 -0.664778 -0.728065
54.799 -8.7725 1.41675 -0.189783 -0.012123 -2.95613 -0.407446 -0.88059 -0.241969
59.2335 14.0875 12.695 -1.10002 0 -3.2 0.322032 0.928204 0.186369
55.461 5.7925 6.519 -0.117798 0 -3.5 0.2553 0.965454 0.0521591
48.7147 -3.3455 22.141 -0.221684 0 4.2 -0.140052 -0.969497 0.201151
76.699 7.26975 -13.2385 0.112549 0 -1.3 0.893995 0.292454 -0.339477
49.887 -7.28225 10.847 0.0177245 0 -0.7 -0.847273 -0.526665 0.0689359
53.4238 7.316 10.768 -0.597663 0 -1.00822 0.181301 0.961461 -0.206695
76.7383 -10.135 23.884 -1.70205 -0.0926999 -3.5 0.487552 -0.831203 0.267199
47.7777 4.307 12.1675 -0.128566 0 -3.5 -0.34656 0.86163 0.370797
90.6647 7.08375 5.82025 -1.21433 -0.868443 -0.7 0.889432 0.304053 -0.341267
53.503 4.57125 39.3208 -1.41306 -0.242481 1.8 -0.0517778 -0.784446 0.618032
52.4707 7.73425 9.9915 -0.494006 0 -3.5 0.231527 0.948682 -0.215403
92.2335 8.05325 7.25175 -1.66232 -0.748418 -3.5 0.348936 0.664293 -0.661029
71.3307 -6.07275 24.0475 -0.759415 -0.540245 0.0892674 -0.514143 -0.314267 -0.798056
73.678 -2.948 9.1705 -0.673254 0 1.9 -0.713528 -0.491479 0.499326
85.108 -8.7445 -11.222 -0.173359 0 -3.5 0.748208 -0.4944 -0.442441
81.4467 -4.2315 31.7935 -1.76262 -0.355307 -3.5 0.944386 -0.135834 0.299474
60.0305 -11.3805 22.6842 -1.52062 -0.156453 3.8 0.0539619 -0.279484 -0.958633
69.366 -15.8035 -10.2832 0.369818 0.00511658 1.9 -0.0430269 -0.70982 0.703068
44.3915 4.55375 24.1755 0.113603 0 1.8 -0.896915 0.239909 0.371466
65.493 7.8105 15.421 -0.432817 0 -0.8 0.648027 -0.734119 0.202807
66.6492 -24.81 43.228 -1.62798 -0.0242062 -3.5 0.223664 -0.493124 0.840716
56.1955 -8.1445 41.662 0.256552 0.0128047 -0.975457 -0.220614 0.449872 0.865416
80.865 14.2435 28.348 -0.986001 -0.156891 -3.5 -0.923987 0.38136 -0.0285268
57.663 13.5367 42.4142 -0.0931966 0 -3.9 -0.0458868 0.257511 0.965185
86.78 -5.625 -10.616 -0.715796 -0.272652 -3.5 0.59223 -0.774185 0.223387
83.032 -11.6025 9.0995 -0.386058 0 -3.5 -0.719415 -0.5593 0.411857
65.5378 10.0002 23.901 -1.34199 -0.381549 -0.4 0.25368 0.285047 -0.924335
58.537 8.089 6.804 0.0545489 0.0841578 -4.5 -0.945814 0.000661711 0.324709
44.3275 5.41275 38.0762 -0.916976 0 -3.5 0.152186 -0.86647 -0.475468
93.3695 -7.4815 -2.9215 0.633977 0.195414 -4.5 0.196621 0.152717 -0.968513
78.5247 19.4888 20.226 -1.22588 -0.489846 -1.6 0.0951875 0.7136 0.694056
57.4665 -21.2882 25.748 -0.927439 -0.433042 -3.5 -0.73959 0.319367 -0.592462
45.6662 12.5503 13.8337 -0.0187402 0 -4.5 -0.148559 -0.340892 -0.92829
39.114 10.841 36.089 -0.00810928 0 -3.9 -0.97157 -0.219854 0.0878348
67.8735 -5.081 14.24 -0.389918 0 -0.8 0.460119 -0.19507 0.866163
52.9222 4.71375 3.27825 -0.83834 -0.192709 -3.5 -0.752519 0.573189 -0.324298
49.443 -3.33225 17.7685 -0.362388 0 4.39859 0.160298 -0.977303 0.138503
80.618 19.5415 -1.8285 0.611098 0.559165 -4.5 -0.521412 0.843507 -0.12894
82.074 16.0833 27.594 -1.9351 -0.637631 -3.5 -0.364323 0.639635 -0.676857
69.3023 4.53525 16.9298 -0.118993 0.0470684 -1.3 -0.564268 -0.0839351 0.821314
58.2685 -22.876 33.281 -1.06732 -0.366905 -3.5 -0.963275 0.100669 -0.24893
79.3635 19.1445 0.1415 -0.0213953 0 -4.5 -0.401145 0.899065 -0.175398
41.911 1.8555 9.684 0.275099 0 -1.6 -0.422447 0.458426 -0.781911
51.1925 8.416 10.7577 -0.305741 0 -3.5 0.549547 0.82444 -0.135268
72.2968 -5.55075 11.8145 -0.270547 0 -3.9 0.480265 0.787147 -0.38697
75.0505 -13.5035 30.1768 -0.233619 0 -3.5 -0.000391964 -0.987427 0.158075
68.57 -14.7963 -4.226 -1.44365 -0.715098 1.8 -0.566583 -0.46668 0.679112
94.5095 -5.02925 18.6505 -1.17509 0 -3.52674 0.688752 -0.603648 -0.401535
68.0705 -1.0255 14.6602 -0.337788 0 -1.3 0.617722 -0.53691 0.574585
70.9043 -10.2388 24.6793 -1.3095 -0.313774 4.5 -0.168802 -0.361655 -0.916903
42.803 5.5105 37.6608 -1.36088 0 -3.5 -0.424604 -0.904312 0.0439495
39.0112 4.29375 30.2105 -1.92671 -0.0489102 -3.5 -0.79921 -0.282346 0.530608
41.4748 7.01675 22.5278 0.00406166 0 -0.4 -0.101464 -0.971039 0.216304
56.3935 4.71225 -2.626 -0.592295 -0.299481 -0.8 -0.571061 0.437228 0.694781
64.0358 12.0642 30.9145 0.0420036 0.816048 -4.5 0.515617 0.583187 0.627719
88.9157 8.54075 -5.06075 -0.714323 -0.00897689 -1.3 0.932019 -0.21041 -0.295074
48.9275 3.7655 31.392 -0.512131 0 -0.9 -0.791227 -0.197055 0.578904
81.177 15.8083 29.2805 -1.62003 -0.661487 -3.5 -0.755886 0.392349 0.524117
69.1815 4.2005 25.064 -0.311635 0 -0.573892 -0.391901 0.466773 -0.792803
72.7345 19.356 15.3525 -0.358637 0 -1.6 -0.651116 0.526887 0.546296
39.347 13.319 19.693 -1.62463 -0 -3.5 0.0175003 -0.118254 -0.992829
66.4902 12.7242 -7.04325 0.58897 0 -4.5 -0.199104 0.0749548 0.977108
59.8495 -25.8375 32.7955 -0.175574 0 -3.5 -0.0693963 -0.814346 -0.576215
56.0315 3.62275 -17.8013 -1.34939 -0.0433701 -3.5 0.214693 -0.14343 -0.966093
59.547 -4.881 21.1195 0.0941477 0 -3.5 -0.833751 -0.477821 -0.276669
56.394 21.8202 20.941 -0.152157 0 -3.9 0.68369 0.486381 -0.54406
73.327 24.563 4.919 0.0496859 0 -4.5 -0.209073 0.976956 -0.0429545
61.358 16.656 28.521 -0.0700054 0 2.8 0.286406 0.957967 0.0164479
63.4125 22.32 3.7345 -0.414015 0 1.8 -0.486759 0.366854 -0.79277
59.093 13.8763 -2.275 0.275581 0.846095 -4.5 -0.0534543 0.893725 -0.445418
70.2893 -0.0305 21.8857 -1.58431 0 2.50103 -0.180868 -0.298876 -0.936995
77.9808 -1.65975 16.552 -0.021319 0.107606 -0.8 -0.503215 -0.451203 0.737015
68.3213 9.99925 -2.48475 0.183828 0 -0.0429988 -0.819734 0.0320257 -0.571849
76.9435 -11.699 -15.707 -0.0724236 0 -3.2 -0.7367 -0.336416 -0.586598
62.561 9.257 11.51 -0.999853 -0.883018 -0.8 -0.603595 0.493986 -0.62582
72.3047 -13.9253 -12.4225 -0.0537604 0 0.965821 0.182406 -0.429989 -0.884216
90.1332 7.80775 15.6862 0.408946 0 -4.5 0.912297 0.394206 0.110972
55.2718 5.28175 -9.9375 -0.116126 -0.196082 -2.22991 0.706805 0.370477 -0.602638
82.1 -11.3425 -11.574 -1.61022 -0.68605 -3.5 0.423832 -0.691852 -0.584557
94.726 -7.207 -2.811 0.380057 0.757172 -4.5 0.512885 0.25536 -0.819598
55.4728 -5.34 -4.94675 -0.0291883 0 1.9 -0.538469 -0.391324 -0.746268
67.4735 -10.3375 -2.55875 -1.69415 -0.0879626 -3.5 -0.647108 -0.265184 -0.714793
64.859 -8.85175 -13.9935 -1.42496 -0.000294984 -1.3 0.236088 -0.968163 -0.0832034
63.0692 -9.81725 3.126 -0.423885 0 4.5 0.362287 -0.735165 0.572958
56.4487 -25.2488 39.0098 0.698156 0.045106 -3.5 0.371567 -0.326289 -0.86918
43.3268 1.928 26.116 0.466854 0 -3.9 -0.160418 0.97458 -0.156396
82.3753 -13.1255 5.87175 -0.0547734 0 -3.5 -0.691846 -0.698212 0.183982
91.365 -6.02725 10.8483 -0.249751 0 2.8 0.672882 -0.73783 0.0532622
71.7625 13.927 19.721 -1.34599 -0.0905203 -4.5 -0.487699 0.326188 0.809785
52.8095 -24.968 41.6945 -0.494521 0.0852376 -2.6187 -0.723063 -0.676858 0.137997
59.1292 -20.1015 25.4265 -0.750621 -0.347988 -3.5 -0.352361 0.588991 -0.727276
72.0115 3.038 15.9245 -0.850312 0 -1.3 -0.0436985 -0.999044 -0.00145312
61.6862 -11.8675 9.5195 0.100878 0.507745 -4.5 0.370307 -0.676691 0.636366
70.8108 13.6777 -8.25175 -1.28623 -0.393016 -3.5 0.0837191 0.950866 0.29807
90.0665 15.4862 13.2983 -0.388231 0 -4.5 0.524119 0.177778 -0.832883
48.496 10.7222 13.9078 -1.83878 -0.177906 -3.5 0.31913 0.27423 -0.907168
66.9105 -7.52475 23.6768 1.34287 0.10664 -2.20816 0.694703 -0.396425 -0.600196
49.8595 0.51625 -11.7375 -0.0160409 0 1.8 -0.837268 -0.307123 -0.452392
68.883 -23.197 32.2775 -0.438137 0 -3.5 0.456485 -0.175618 -0.872227
71.833 -22.5155 35.0005 -0.0967225 0 -3.5 0.714675 -0.0657439 0.696361
74.5312 -14.2445 -8.082 -0.692044 -0.872531 -3.5 -0.4827 -0.833722 0.268158
79.6865 0.00175 32.8063 -0.6414 0 -0.7 0.20918 -0.273305 0.938908
82.9053 -14.72 -3.3955 0.625929 0.127034 -0.8 -0.107807 -0.917648 -0.382492
72.446 4.03525 21.6208 -0.260821 0 -3.31915 -0.385345 0.698413 0.603099
52.4562 -5.59075 1.51275 0.0479212 0 -3.5 -0.197545 0.757616 -0.622089
53.5776 15.6046 40.1312 -1.0809 0 -0.4 0.246124 0.462268 0.851898
69.1315 -14.0325 -3.576 -0.647421 -0.674298 1.8 -0.429125 -0.637668 0.639712
92.2985 5.8595 13.592 0.311587 0.444864 -4.41363 0.599116 0.76579 0.23372
64.0048 -10.789 8.974 -0.443699 0 -4.00817 0.402164 -0.84326 0.356618
70.755 -8.336 -15.6585 0.531637 0.406163 -0.7 -0.745013 -0.16354 -0.646692
94.126 -8.2545 -2.6805 0.388453 0.210169 -4.5 0.515076 -0.393638 -0.761411
83.754 -14.0335 -4.705 0.50323 -0.316759 -0.8 0.126881 -0.418936 -0.899107
89.541 4.3165 -2.1615 -0.99301 -0.517889 -3.5 0.292214 0.690585 0.661591
79.8842 -10.6608 35.0238 -0.720109 -0.15637 -1.6 -0.0724869 -0.091592 -0.993155
58.7433 10.8962 38.6963 0.928689 0 -3.9 0.137737 -0.771351 -0.621327
69.2819 0.9655 21.2264 -0.891324 0 2.8 0.213183 -0.349098 -0.912515
55.088 6.28575 10.4155 -0.76225 0 4.5 0.655779 0.680256 -0.327423
55.8862 -4.545 -12.3147 0.58742 0 -3.21935 -0.713563 -0.699952 0.0299066
93.626 -0.5955 -7.07 -1.766 -0.242274 -3.5 0.744032 0.664159 -0.0728596
79.8175 2.76 32.6495 -0.788821 -0.0333654 -0.7 0.486655 0.501904 0.715024
57.1465 3.90175 -17.5557 -1.62358 -0.172697 -3.5 0.391642 -0.0282182 -0.919685
64.6935 10.7817 15.404 -0.146894 0.00356219 -2.19579 0.590683 0.247777 0.76792
42.041 12.8453 26.366 -0.239704 0 -3.5 -0.113634 0.988808 -0.096673
55.9715 10.4653 42.0695 -1.0519 -0.384486 -3.64655 -0.274721 0.33958 0.899563
78.809 -7.729 2.814 0.000535799 -0.921662 3.8 0.350384 -0.285083 0.892165
57.9842 -20.8315 47.385 -0.251573 0 -3.5 -0.766242 0.140391 0.627027
50.3652 15.2835 32.889 -0.0159246 0 -0.7 -0.628385 0.66393 -0.405376
58.048 -11.3855 17.147 1.6292 0.330176 -3.9 0.352868 -0.8122 -0.464559
70.9975 -17.016 42.0845 -0.235413 0 -0.7 0.325986 -0.468314 0.821228
57.7663 14.486 41.6683 0.089027 0 -3.9 -0.0507544 0.776236 0.628396
52.324 15.5775 23.46 -0.0561392 -0.676023 -0.325234 -0.221898 0.714677 0.663323
82.3835 17.5855 18.8725 -0.635457 0 -0.9 0.415349 0.374378 0.829051
50.0245 20.3085 18.1485 -0.539106 0 -3.5 0.637547 0.770378 -0.00720036
58.6985 -11.064 46.234 -0.711107 0 -0.9 0.06797 -0.107061 0.991926
58.8405 -7.6285 -14.8235 -0.511244 0 -3.5 -0.591632 -0.805929 -0.0212023
66.7785 -1.3975 15.2633 -0.692746 0 -1.3 0.230025 -0.492773 0.839204
66.001 7.8525 -9.69675 -0.438758 0 -4.5 -0.576195 0.149365 -0.803548
60.1935 0.265 -9.975 0.194672 0 -4.5 0.0107039 0.703135 0.710976
86.6892 24.2768 5.4185 -0.217979 0 -3.5 -0.045333 0.965891 -0.254949
42.849 4.582 11.1405 0.0296909 0.00807778 -1.62836 0.306045 0.438637 -0.844946
54.312 3.504 35.9525 -0.394373 0.156969 1.8 0.112042 -0.591651 0.798371
49.6105 15.033 34.0605 -0.744549 0 -0.7 -0.781017 0.621751 -0.0586295
56.258 17.678 35.145 -0.118962 0 -0.8 -0.266971 0.898682 0.347991
67.1243 -26.9975 32.829 -0.632989 0 -3.5 0.0695844 -0.990127 -0.121681
57.4437 -11.157 46.2197 -0.68987 0 -0.9 -0.109189 0.128775 0.985644
56.6895 13.8927 12.8678 -0.0402283 0 -3.2 -0.595238 0.795133 0.116
53.7598 9.38475 -10.8468 0.0940351 0 -0.4 0.377353 0.288877 -0.879861
88.696 13.49 16.9235 -0.192116 0 -4.5 0.836334 0.191222 0.51379
78.754 -10.2408 0.9295 -0.22806 0 3.56397 -0.256779 -0.646202 0.71867
91.319 -4.4715 17.4165 -0.648872 -0.581675 -3.66354 0.261192 -0.949432 -0.174233
76.287 -8.718 21.8975 -1.30737 -0.11417 -3.5 0.410435 -0.163624 -0.89709
71.7412 11.9255 18.2475 -0.643143 -0.0714115 -4.5 -0.56237 -0.493167 0.663722
74.9502 -0.35175 19.2773 -2.25083 -0.00383132 -3.5 0.329632 -0.93953 -0.0928774
72.9815 -5.70325 12.9487 -0.17425 0 -3.9 0.559951 0.802285 -0.206864
82.1417 -12.8352 39.1533 -0.0626403 0 -3.9 0.710522 -0.668307 -0.220281
70.4625 9.08325 17.4942 -0.192419 0 -3.5 -0.646705 0.172005 0.743093
61.9118 8.41525 -6.50475 0.344558 0 -1.6 -0.354518 -0.476142 -0.80474
76.8282 6.402 -12.2365 -0.204271 0 -1.3 0.973213 0.185747 0.135479
44.264 6.2525 12.9607 0.421521 0.492416 -4.5 0.550874 0.625545 -0.552478
52.8395 10.736 0.28425 0.380651 0.120018 -4.5 0.638287 0.502053 0.583552
79.7095 5.324 31.2817 0.182877 0.105978 -3.6294 0.419781 0.302723 0.855654
56.0752 -10.448 6.1755 -1.45077 -0.0312939 -3.5 0.072942 -0.964912 0.252239
89.5738 -8.687 15.9283 -0.236556 0 3.8 0.475709 -0.868222 -0.141033
67.7525 -16.4825 -15.1923 -1.07838 0 1.9 -0.128797 0.145805 -0.980894
66.828 -10.6735 9.729 -0.416059 0 -3.5 0.429743 -0.895235 -0.117791
67.0465 22.2722 2.1125 -0.429359 0 -3.5 -0.235584 0.856674 -0.458922
46.8317 14.4747 35.223 -0.136824 0 -0.7 0.154585 0.914918 -0.372866
89.9867 -6.1 17.4387 0.00872139 0 3.8 0.924911 -0.343098 0.163777
62.3925 -9.48325 4.3175 -0.239271 -0.0216057 3.68146 0.434992 -0.87671 0.205333
51.922 11.627 42.043 -1.66391 -0.117489 -3.5 0.0898828 -0.130013 0.98743
49.176 10.949 -3.20025 0.77039 0.293323 -4.5 -0.891162 -0.160075 -0.424507
60.9515 -10.1882 22.8643 -0.791233 -0.0909632 3.8 0.449158 -0.0841951 -0.889477
64.2595 15.172 -7.9925 -0.614879 0 -3.89364 0.30436 0.95018 -0.0672601
80.228 3.783 -10.1147 -0.0795764 0 4.2 0.457061 0.66857 -0.586608
43.5518 -13.3038 39.4598 -1.79574 0 4.2 -0.54254 0.657785 0.522465
54.5918 21.1915 25.8522 2.20002 0.268982 -3.9 -0.57324 -0.00292833 0.819382
84.1025 -6.542 -8.1475 0.287934 0 -3.5 0.866809 -0.103938 0.487687
50.1149 16.9053 17.1119 -0.371597 0 -3.5 0.33449 0.418021 -0.844616
65.6973 15.3022 17.5583 -0.0761036 0.938627 -4.5 -0.660176 0.224951 0.716634
83.4688 -7.58125 -6.20962 -0.0557301 0 -0.9 0.982972 -0.0187608 -0.182796
71.731 -6.92537 10.2019 -0.255164 0 -3.9 0.848317 -0.0323932 -0.528497
44.1872 13.6274 26.1029 0.0357568 0 -3.9 -0.543314 0.766189 -0.343168
53.191 -11.521 34.882 -0.247103 0 -0.7 -0.269798 0.930886 0.246293
73.3714 -5.84812 5.03162 -0.187087 0 -3.5 -0.504016 -0.130109 0.853838
69.1886 8.31131 24.3565 -0.090916 0 -0.4 -0.0238418 0.397708 -0.917202
68.2083 23.6341 7.09894 -0.134905 0 -0.8 0.0323965 0.88117 0.471689
53.2531 2.01475 33.3102 -0.727224 0 -4.5 0.967043 0.253181 0.0269739
44.7696 2.32962 27.3634 -0.106245 0 -3.9 -0.359687 0.76766 0.530399
89.8085 11.6648 20.5818 -0.396862 0 -3.5 0.637239 0.641347 -0.427318
79.774 -2.815 16.278 -0.919313 0 -0.8 -0.375959 -0.686565 0.622321
79.602 -7.54 6.987 -0.00309481 0 -1.3 0.286834 -0.667658 -0.686993
76.0615 -1.468 -16.1314 1.64649 0 -3.9 0.292753 0.136158 -0.946444
63.7848 -3.01362 41.1116 -0.12232 0 -3.2 0.153953 0.86368 0.479954
59.2305 -1.39725 -0.3065 -0.349946 0.968243 -0.7 -0.874414 -0.436311 -0.21221
80.3355 23.0685 1.9485 -0.985699 -0.00219611 -3.5 -0.420717 0.228544 -0.877932
62.6201 3.9235 -12.5238 0.0716383 0 -0.4 -0.00512623 0.905001 -0.425378
76.2373 -10.171 26.347 -0.300339 0.0525609 -3.5 0.590619 -0.605722 -0.533169
49.3895 -7.0015 6.711 -0.0248394 0 -0.7 -0.382987 -0.858046 -0.342167
83.349 22.9065 13.6215 0.0483757 0 -0.4 -0.0411678 0.94215 0.332654
68.4795 -13.965 47.5609 0.760049 0 -4.5 0.0872037 0.0724664 0.993551
55.777 -3.0365 -10.6943 0.191494 0.0636061 -0.8 -0.544104 -0.47749 0.689895
75.3071 -10.5934 -1.46375 0.0650074 0 -0.7 -0.839442 -0.347345 0.417957
75.3479 9.2725 25.76 -0.135281 0 -0.7 -0.920718 0.292469 0.25834
80.8232 -0.6355 -12.6671 -0.308647 0 1.8 -0.322807 0.403165 -0.856302
80.7286 -9.39637 12.133 -0.0690616 0 -4.5 -0.659126 -0.679839 0.321515
92.246 -2.8545 -5.926 -1.08861 -0.106307 -3.5 0.360626 -0.930463 -0.0647097
83.4554 21.5992 20.1464 -0.105547 0 -3.5 -0.0402249 -0.145905 0.988481
57.4346 9.00475 35.1391 0.0718052 0 -3.5 0.234519 0.487571 0.840997
69.4325 15.9379 13.5945 0.319208 0 -4.5 -0.522291 0.851455 -0.0472833
83.6322 -14.7635 -0.71275 0.0814684 0 -3.9 0.768859 -0.637606 -0.0481072
76.5045 -6.415 22.962 -1.25009 0 -3.5 0.657438 0.133105 -0.741659
70.509 10.777 -11.986 0.294555 0 -3.5 -0.135416 0.120977 -0.983375
61.2848 15.1155 -5.67013 -0.0730876 0 -3.5 -0.239971 0.817003 0.524328
86.9144 10.1785 -5.87525 -0.389943 -0.325137 -1.3 -0.296955 0.787354 -0.540269
62.522 -3.4195 15.8445 -0.736328 0 -0.8 0.855004 -0.448733 -0.260013
70.3624 -13.5409 32.0552 -1.13323 0 -3.2 0.769957 -0.40344 -0.49437
68.2093 -11.6149 -6.0725 -1.45271 0 -3.5 -0.637086 0.309931 0.705737
58.489 7.3095 40.274 -1.23909 0 -3.49295 0.865214 0.125027 -0.485564
93.737 -4.4965 12.775 -0.172706 0 -4.5 -0.0513314 -0.759417 -0.648576
60.761 -0.5365 35.1005 -0.617845 0 3.8 -0.943777 0.312955 0.10651
72.9466 5.04488 21.1786 -0.157157 0 -3.5 -0.524735 0.332846 0.783496
78.9101 -9.21275 -15.9086 0.148391 0 -3.2 0.0802015 0.25035 -0.964828
44.9215 -16.949 43.1785 -0.332977 0 -2.5799 -0.207738 0.82427 0.52671
62.8247 12.0875 -2.22 -1.6556 -0.0580396 -1.6 -0.0036952 0.994666 0.103085
57.5709 -0.874625 -14.8179 -0.552969 -0.66992 -3.5 0.0897011 0.0398528 -0.995171
83.2363 -5.43162 22.3787 -0.0301457 -0.040656 -0.8 -0.725541 -0.473734 0.499167
62.6269 -23.2946 45.4239 0.050896 0 -4.5 0.617704 0.197807 0.761127
53.4126 20.8526 23.7046 1.26767 0 -3.9 -0.958489 0.197141 0.205997
84.3359 13.0946 4.57037 1.82584 0 1.34091 0.409416 0.84416 -0.346082
82.1141 25.145 6.00575 0.138882 0 -1.6 -0.18248 0.712471 -0.677558
50.8519 18.0399 21.9064 0.740196 0.946102 -3.9 -0.393085 0.548717 0.737831
71.4671 4.00962 21.3284 -0.77974 0 -3.5 -0.230251 0.753683 0.615586
63.9263 2.26562 19.612 -0.381339 0 -1.33336 0.854618 0.281698 -0.436203
70.3463 -17.147 31.404 -0.0460735 0 -0.7 0.962603 -0.198885 0.183959
65.0721 11.9699 28.0707 -0.4477 0 -4.5 0.812101 0.550969 -0.192158
41.038 1.8845 28.4255 -0.174348 0 -3.9 -0.427382 -0.172639 0.887435
81.6539 25.8013 6.76775 0.0688376 0 -1.6 -0.668384 0.549181 -0.501661
63.3952 -5.78475 18.499 -1.80247 -0.0944418 -3.5 0.983501 -0.0490741 -0.174119
64.995 -10.3433 2.44325 -0.19155 0 -3.9 0.0820352 -0.598185 0.797148
91.096 7.981 12.562 -0.0139938 0 -3.5 0.652655 0.643958 0.399197
41.3309 -6.174 10.1123 -0.097257 -0.310537 -0.8 -0.844757 -0.0983125 0.526043
56.2513 -2.319 -5.086 -1.14335 0 1.9 -0.979125 -0.105166 -0.173936
90.2366 10.7504 20.0686 -0.382491 0 -3.5 0.631259 0.554686 -0.542066
58.9395 16.486 28.1362 -0.531986 0 -3.5 0.425854 0.859829 0.281677
60.5238 9.01163 18.2987 -1.49171 0 3.8 0.593606 0.643933 0.482682
72.6485 -1.54113 -13.3994 -2.12402 -0.813861 3.33174 -0.137171 0.567724 -0.811711
70.02 -6.262 8.7095 -0.599391 0 -3.9 0.542998 0.485054 -0.685475
68.4816 22.595 2.26988 -0.78203 0 -3.5 -0.0501796 0.936568 -0.346876
73.1758 4.626 23.9673 -0.274933 0 -1.3 -0.656084 0.696148 -0.29143
62.2277 -7.451 -3.5455 0.485206 0 -3.5 -0.174501 -0.149722 -0.973207
68.0409 -9.2745 -13.063 -0.150767 0 1.8 -0.301585 -0.023994 -0.953137
71.4174 23.1195 4.5915 -0.0271143 0 -4.5 -0.018737 0.977858 0.208428
49.8369 -20.2237 36.9074 -0.439115 0 -3.5 0.731513 -0.0476375 -0.680161
62.5145 -27.068 36.2905 0.255738 0 -3.5 -0.925718 -0.376503 -0.0359446
86.5149 -13.0638 3.01375 -0.123445 0 -3.5 -0.192091 -0.890526 0.412388
56.6172 -3.92675 38.6068 -0.413891 0 -0.7 -0.360996 0.890765 -0.276077
54.9688 -8.07975 27.7795 -0.192922 0 -0.9 -0.629247 -0.0817412 -0.772895
62.7201 -6.4355 -6.7955 0.0727813 0 -1.3 -0.341593 -0.902057 0.263832
83.1598 -12.0883 -8.55688 -0.623821 -0.462144 -3.5 0.606087 -0.727076 0.322521
89.9613 -6.898 -3.473 0.986218 0 -4.5 0.318672 -0.280666 -0.905359
61.3178 -2.284 39.5619 -0.73581 0 -3.2 -0.215693 0.778707 0.589145
56.016 -4.302 -13.381 0.273514 0 -2.4124 -0.696697 -0.632223 -0.338978
44.1051 14.9321 30.4221 1.08148 0 -3.9 -0.724471 0.501311 0.473106
74.1859 19.8326 0.235 2.40506 0 -0.7 0.220324 0.854542 -0.470335
67.7935 10.3337 -10.585 1.1076 0 -4.5 -0.111176 0.0613141 -0.991907
70.3522 2.13175 38.7399 0.603827 0 -3.9 0.824576 -0.163678 0.541557
91.8633 8.991 21.547 -0.654865 0 -3.5 0.852757 -0.403071 -0.332172
51.4191 -25.3506 37.4739 -0.172962 0 -1.6 -0.530112 -0.837599 -0.131942
67.7725 -8.9995 4.45512 -0.511248 0 -0.9 -0.00297806 -0.928617 0.371027
59.419 15.6503 21.4443 -0.950288 0 -3.5 -0.191847 0.0225176 0.981166
88.6616 10.4869 29.0142 0.905176 0 -3.9 0.391367 -0.459717 0.797177
55.4007 -24.5074 44.6711 0.429703 0 -0.4 0.122208 -0.790726 0.599848
41.5677 1.9055 25.8851 2.45596 0 -3.9 -0.00234341 0.932577 -0.360963
92.3087 -7.21 2.222 -0.192399 0 -4.5 0.357268 -0.132762 0.924518
90.0163 -7.19925 9.10525 -0.387506 0 2.8 0.432633 -0.900974 0.0327855
94.1957 -1.65625 21.7155 -0.24767 0 -3.5 0.725612 0.520429 0.450156
94.0294 5.57812 10.0193 -0.943393 -0.133234 -3.5 0.91983 -0.324383 0.220655
71.1612 3.5385 23.4675 -0.284311 0 2.8 0.19568 0.920869 -0.337208
59.3746 -3.1945 34.8346 -0.96698 0 -0.9 -0.434654 0.762616 0.479055
57.8171 1.683 -11.3232 0.434585 0 -4.27116 -0.0213767 0.44091 0.897297
69.6789 13.5898 -0.206125 0.14804 0 2.8 -0.587182 0.242318 -0.772334
69.0489 -3.50087 -16.0077 -0.0800509 0 -1.3 -0.287169 0.377228 -0.880473
68.7414 -5.24625 13.619 0.391536 0.564787 -3.83563 0.427448 0.102612 0.898198
61.0529 11.6903 17.575 -0.447787 0 -3.20651 0.711946 -0.142639 0.687595
56.0129 17.4338 29.0886 -0.233296 0 -3.5 -0.224668 0.548385 0.80548
61.1501 -10.6737 43.0201 -0.142263 0 -0.9 0.66209 0.61162 0.433079
79.1953 -1.68875 16.911 -1.22025 -0.358493 -0.8 -0.339147 -0.524182 0.781161
80.5833 -5.82306 29.8011 -0.269114 0 -3.5 0.929351 -0.355129 0.100943
66.2048 -0.911 38.3997 -0.429132 0 -3.9 -0.793985 0.0781059 0.602899
55.2178 -6.77787 27.6366 0.0568715 0 -0.9 -0.438838 0.379494 -0.814497
65.2624 -5.48612 13.276 -0.494209 0 -0.8 -0.423723 -0.726135 0.541467
62.7355 2.00875 -9.2895 -1.02017 0 3.8 -0.916918 0.180274 0.356038
45.3893 -13.0349 39.7986 -0.377699 0 3.56263 -0.68124 0.324497 0.656211
60.8165 13.189 5.88 -0.891668 0.0928718 -3.64739 -0.620249 0.141361 0.771562
49.9232 -14.3979 42.2084 -0.555673 0 -0.486611 -0.195586 -0.882762 0.427174
68.2409 -10.2645 -12.9775 -0.124604 0 1.8 -0.344961 -0.298885 -0.889758
58.9211 6.9355 5.251 0.219661 0.0579451 -4.5 -0.869585 -0.268728 -0.414255
66.4611 -2.446 22.699 -0.734717 0 -0.7 0.519519 0.23461 -0.821619
48.3365 -1.814 34.514 -2.28498 -0.751942 -3.5 -0.69899 0.0358377 0.714233
78.9606 18.9792 -0.760375 0.375031 0 -4.5 -0.412973 0.902637 -0.121241
54.3242 -24.6455 36.6436 0.336841 0 -1.6 0.573187 -0.655867 -0.491218
66.559 -9.11862 -6.69625 -1.01929 -0.0979369 -1.3 -0.33958 -0.331863 0.880087
62.559 -8.981 11.367 -1.76128 -0.54255 -3.5 -0.754825 -0.0806145 0.650954
54.3729 -12.8708 32.5187 -0.128635 0 -0.7 -0.320474 -0.143741 -0.936288
51.9359 13.7206 25.2741 -0.90344 0 -0.7 -0.608987 0.578539 0.542612
59.4995 7.51975 7.7605 0.179782 0.924292 -4.5 -0.640653 -0.198151 0.741822
84.4782 7.65088 -7.11775 0.0584999 0 -1.3 -0.565654 0.261487 -0.782087
58.7765 6.35125 10.1765 -0.393686 0 3.8 -0.134676 0.589126 -0.796739
76.247 0.0655 14.3232 -0.42174 0 -4.5 -0.540076 0.188247 0.820293
67.0882 -18.5691 -14.3851 -0.0957807 0 1.9 -0.409694 -0.295359 -0.863084
59.17 10.055 12.504 -0.4921 0 -3.2 -0.249128 -0.727546 -0.639227
45.3143 7.06775 33.4147 -1.42057 0 -3.5 0.3392 -0.863888 0.372345
44.4095 -17.5436 44.085 -0.433839 0 -3.5 -0.17431 0.875378 0.450921
81.115 -1.9 26.226 -2.13646 -0.782189 -3.5 0.595836 0.596277 -0.53799
64.1536 -26.7841 32.7404 -0.655024 -0.046336 -3.5 -0.415831 -0.280301 -0.865168
62.8568 -8.60075 -3.6215 2.65494 0.0954284 -3.9 0.190206 0.0190829 -0.981559
78.0314 16.2563 23.4864 0.370577 0 -1.6 0.744039 0.171824 0.645664
52.196 19.3025 22.538 0.0622498 0 -3.9 -0.791548 0.16755 0.587689
57.9582 -13.2716 45.6036 -0.942803 0 -0.9 -0.0464321 -0.295713 0.954148
78.0276 2.54125 24.9931 -1.73338 0 -1.3 0.752585 -0.604503 -0.261137
79.9446 18.8531 19.5716 -0.429981 -0.699379 -1.6 0.520986 0.569076 0.636181
60.664 -25.475 24.202 -1.04034 -0.1487 -3.5 -0.759887 -0.643968 0.0887569
71.8112 -18.3334 35.3442 -0.886081 0 -3.2 0.931455 -0.264101 -0.250284
54.6565 3.70338 31.807 -0.679195 0.26 -0.9 0.451216 -0.580432 0.677866
51.2721 -16.1096 31.9371 -0.409504 0 4.2 -0.495691 0.719062 -0.487073
74.1787 -10.1353 24.9955 -0.742483 -0.443279 -3.5 -0.136534 -0.667982 -0.731545
61.555 15.7249 5.89687 -0.01424 0 -3.5 -0.334395 0.130811 0.933311
74.1748 -2.5475 37.1953 -0.0654078 0 1.8 -0.299732 -0.0542112 0.952482
80.2385 -4.58988 39.0504 0.391831 0 -1.6 -0.0946084 0.883008 0.459724
54.0705 16.6375 39.0865 -0.979833 -0.427015 -0.4 0.51065 0.821993 0.252118
44.0835 -17.1606 36.8736 -0.448983 0 3.49205 -0.698406 -0.437934 -0.566077
67.2105 19.4627 7.812 -0.164975 0 -0.8 -0.478608 0.415629 0.773426
74.7507 9.84638 -10.8246 -0.797165 -0.159351 -1.3 0.620826 0.727751 0.291467
53.0682 16.0847 28.0748 -1.33205 0 -3.5 -0.61804 0.765444 0.179225
70.445 -16.2495 42.425 -0.176351 0 -0.7 0.427851 -0.244136 0.870254
75.3 -8.8435 21.7305 -1.79817 -0.369833 -3.5 0.0072178 -0.49425 -0.86929
40.6107 8.25762 21.2091 0.0191161 0 -0.4 -0.35893 -0.663977 -0.655976
89.848 11.5435 14.375 0.226792 0 -4.5 0.987313 -0.0629382 -0.14578
56.2965 -9.34538 37.3957 -0.69336 0 -0.7 -0.91274 0.233408 -0.335302
53.9977 8.80425 -3.91025 0.387358 0 -4.5 -0.162973 -0.912575 0.375028
47.8666 -18.9244 34.7842 -0.907871 0 -3.5 0.237283 0.476956 -0.846292
50.8555 -20.1135 37.3839 -0.212456 0 -0.0160647 0.151591 -0.0590427 -0.986678
80.2232 -7.81969 7.74044 -0.286057 0 -1.3 0.285402 -0.768374 -0.572841
52.6527 -4.7855 28.3365 -0.630618 0 1.9 0.0419472 0.333448 -0.941835
82.1821 1.99075 -9.51787 -0.136388 0 3.04047 0.610043 0.703798 -0.364027
50.4905 -20.215 44.903 -0.493006 0 -0.8 -0.217005 0.281172 0.9348
65.0806 13.9565 13.4534 -0.0522427 0 -4.5 -0.891114 0.376022 -0.254014
72.3593 -15.6567 34.4435 -0.0763792 0 -3.2 0.913837 -0.389806 -0.113817
58.4685 -18.8231 46.593 -0.469233 0 -3.5 -0.730818 0.341157 0.591199
68.0865 -3.668 39.6069 -0.264402 -0.154854 -0.7 0.465229 0.307188 0.830179
62.3545 12.724 8.3115 -1.86594 -0.0860545 -3.5 -0.366789 -0.11573 0.923078
81.9405 6.101 28.8285 -0.193238 0 -4.02516 0.553445 0.548371 0.626888
64.707 19.99 2.648 -1.48485 -0.539966 1.8 -0.542438 0.552846 -0.632552
46.218 -16.0135 42.3745 -0.885272 0 -0.8 0.229827 0.491283 0.840132
55.0775 -6.29125 18.5002 0.127594 0 -3.9 -0.577733 -0.49074 0.652227
89.9999 -7.6255 2.1265 -0.40964 0 -4.17367 0.534002 -0.250482 0.807527
53.5735 1.9675 34.4131 -1.11922 -0.47334 -4.5 0.842945 0.280247 -0.459245
92.3536 -4.62125 15.0965 0.0904503 -0.0517475 -3.10576 0.210737 -0.956598 0.201271
55.605 -8.80175 9.97275 0.410679 0.267013 -1.50125 0.268648 -0.889697 0.369145
54.1166 1.09413 2.64963 -2.46647 -0.520364 -3.5 -0.36978 0.0492997 -0.927811
85.443 -4.34194 -15.2139 -0.00519291 0 1.8 0.639452 -0.220784 -0.736448
84.8422 13.1604 29.0575 -0.508227 0.132842 -3.55698 0.577157 0.151348 0.802486
44.18 7.90925 26.2313 -0.71791 0 -3.5 -0.233309 -0.777439 -0.584085
67.1655 5.49 37.2385 2.05631 0.0346817 -3.9 -0.70713 0.69326 -0.139133
49.77 9.118 11.72 -0.665936 0 -3.5 0.300571 0.91053 0.283889
43.5035 -17.0835 42.626 0.270287 0 -3.5 -0.596114 0.629749 0.49806
72.3717 -12.7397 41.2998 1.01681 0.554709 -0.7 0.588819 0.15161 0.793918
55.81 -3.05662 -2.75075 -0.767573 0 1.9 -0.570267 0.707947 0.416662
62.037 -2.6785 40.2905 -0.659839 0 -3.2 -0.183198 0.783764 0.593424
83.642 3.26163 27.1602 -1.15084 -0.0487381 -3.5 0.340606 -0.93882 -0.0510361
71.0235 -7.74312 4.17625 -0.828301 -0.0341194 -1.85514 0.31362 -0.370747 0.874179
51.7844 15.865 32.5938 -0.0727659 0 -0.7 -0.198262 0.864254 -0.462338
91.7076 6.25125 16.2733 0.84896 0 -4.5 0.579218 0.814127 -0.0412915
83.4352 23.8695 20.377 -1.09622 -0.0788605 -3.5 -0.392982 -0.0294168 0.919075
77.0085 -3.79075 9.20475 0.574153 0 1.9 -0.407762 -0.760315 0.505619
46.0185 -3.90762 11.8348 0.155493 0 3.8 -0.612269 -0.698305 0.370805
72.3593 -15.7639 36.5069 0.378572 0 -1.79558 0.885058 -0.330486 -0.327799
81.0147 -9.27825 9.818 -0.0550811 0 -2.63429 -0.429443 -0.714127 -0.552812
82.3652 23.4072 12.0787 0.272675 0 -0.4 -0.665372 0.643705 0.378052
82.4271 -7.95288 2.28025 -0.439054 -0.00465771 -3.9 -0.419801 0.319653 0.849464
54.6273 4.56475 -12.1071 -0.528508 0 -3.5 -0.304906 0.951144 0.0485519
73.251 -13.8615 -3.192 -0.209072 0 0.620196 -0.329809 -0.349969 0.876782
71.12 -14.821 -8.619 0.286495 0 -3.5 0.614859 -0.787987 0.0320245
91.5938 -5.90725 5.867 -1.80708 0 -3.5 0.670737 -0.535129 0.513565
73.3282 10.5326 18.7874 -2.08938 -0.35616 -3.5 -0.626046 0.11069 0.77189
52.2715 15.5387 40.2738 -0.209723 -0.0560408 -0.4 -0.0510165 0.574404 0.816981
63.1595 12.1497 -3.45513 -0.759646 -0.801709 -1.6 0.606195 0.785936 0.121787
66.9735 18.4994 9.63475 -0.505225 -0.334425 -4.06275 -0.385279 0.888346 0.249802
40.3799 13.1629 20.0165 -0.777329 0 -3.5 -0.112641 0.148678 -0.982449
77.0953 -6.0645 23.76 -0.9861 0 -3.5 0.848332 0.19791 -0.491086
74.0441 9.98162 -8.82825 0.254569 0 -3.5 0.99863 -0.0521492 -0.00437245
43.277 -0.3465 28.5436 0.115379 0 -3.9 0.176969 -0.110184 0.978029
74.5419 6.50063 -13.9325 -0.133487 0 -1.3 -0.338466 -0.00972072 -0.940928
74.9636 21.811 7.21037 0.395428 0.414993 -4.5 -0.276542 0.0652897 0.958781
50.518 9.31325 -3.20875 0.251987 0 -4.5 -0.656556 -0.748745 -0.0911831
96.9039 -1.94325 17.097 0.5596 0 -4.5 0.667298 0.440546 0.600527
51.766 0.611375 36.558 -0.382221 0 -4.5 0.288776 -0.153162 0.945066
88.3863 -5.77212 6.0155 -0.942853 0 3.8 0.200844 -0.971715 0.124228
56.4313 4.0345 -1.80525 0.280247 0 -0.8 -0.459922 0.659149 0.594974
69.8323 12.8899 -7.65275 -0.623616 -0.22176 -3.5 0.126033 0.585407 0.800883
63.057 9.0015 10.1785 -0.0813166 0.851907 3.8 -0.5808 0.770591 -0.262412
67.3958 3.2505 16.4195 -0.439414 0 -1.3 0.121868 0.19377 0.973448
67.559 7.56262 31.1685 -1.7874 -0.284757 -3.5 0.651148 -0.193862 0.733774
62.0909 -25.237 25.8111 -0.457363 -0.0115608 -3.5 -0.11192 -0.830423 0.545777
68.9729 20.4916 -0.9905 0.21112 0 -3.5 0.400647 0.444054 -0.801435
71.979 -5.3285 12.798 -0.133298 0 -3.9 0.193043 0.979237 0.061874
63.4969 2.64387 18.4915 -0.218247 0 -1.3 0.696922 0.713914 -0.0680267
50.7114 14.3968 15.91 -0.414166 0 -4.5 0.955938 -0.183682 -0.229004
84.1049 20.4487 19.8218 -0.177005 0 -3.5 0.260384 -0.545061 0.796937
78.2398 -4.48663 24.8768 -2.04369 -0.232915 -3.5 0.338776 -0.301911 -0.891112
76.3424 5.09625 -10.1053 0.0191697 0 -1.3 0.564837 0.789177 0.241162
62.045 4.4595 32.5395 -1.50014 0 -4.5 0.182405 -0.835885 0.517711
50.3815 -3.28325 17.2412 -0.223119 0 4.5 0.129197 -0.990192 0.0531755
70.061 -14.919 -14.3387 0.0555538 0 1.9 0.489703 0.00335232 -0.871883
64.6133 10.6233 7.51525 -1.06952 0 4.5 -0.272153 0.12053 0.954675
49.8781 19.8188 19.602 -0.260734 0 -3.5 0.270818 0.805072 0.527746
59.236 2.69575 -11.3499 0.78244 0 -4.5 -0.425855 0.503398 0.751823
70.5096 8.44119 -12.5116 -0.034375 0 4.2 -0.0373689 0.420069 -0.906723
51.9014 -20.1859 37.0676 -0.728067 0 4.2 -0.63983 -0.119924 -0.759102
81.0153 -4.34812 37.8521 0.165077 0 -1.6 0.200557 0.972354 -0.119601
56.4656 10.3962 -7.94975 0.110324 -0.513955 -1.06166 0.340274 -0.338402 -0.877324
77.7056 15.2721 24.0562 0.206062 0 -1.6 0.710648 0.159168 0.685307
80.6383 -4.80513 36.8664 0.122787 0 -1.6 0.486443 0.706467 -0.51408
94.5318 -0.731 12.1248 0.453956 0.712943 -4.5 -0.193755 0.493821 -0.847703
66.091 24.03 4.528 -0.796453 -0 1.8 0.0738541 0.976585 -0.202058
66.4161 20.4032 0.103625 -0.0862603 0 -3.5 -0.670995 0.644528 -0.366537
78.1655 22.347 17.2995 -0.270323 0 -3.5 0.0408662 0.998061 0.0469477
62.0591 4.97963 37.8455 0.316641 0 -1.6 0.774883 0.197232 0.600546
55.605 -3.882 -0.281 -0.828568 0 1.9 -0.930558 0.364413 0.0355583
63.3892 -24.8823 30.8766 -0.386359 0 -3.5 -0.54012 -0.834424 0.109578
60.0971 1.96137 30.1676 -0.00756542 0.0248748 -3.5 -0.50647 -0.0396005 0.861348
52.8122 -20.5502 30.1381 -0.484941 0 4.2 0.00566021 -0.566753 -0.823868
81.4341 -1.10287 21.3472 -2.07327 -0.792007 -0.984503 -0.933488 -0.183429 0.308145
87.7264 4.60975 -5.67825 -0.112955 0 -3.5 0.355165 0.513835 -0.780917
43.937 -1.11775 8.87425 -0.356661 0.0745115 -2.19071 -0.205631 0.457173 -0.86528
71.1666 8.48225 24.9988 -0.210709 0 -0.4 0.519563 0.655745 -0.547771
45.9868 7.1705 35.737 -1.49275 -0.720576 -0.7 -0.0441539 -0.905052 -0.423003
67.4171 -8.47125 -1.804 -0.740402 0 -3.75078 -0.480746 0.051733 -0.875332
53.3662 -0.397875 28.0051 -1.30957 0 4.2 -0.155666 -0.927815 -0.339008
40.888 -5.637 9.342 -0.217318 0 -0.8 -0.851257 -0.314832 0.419812
56.5439 20.7631 25.195 2.01235 0 -3.9 0.84106 0.213973 0.496824
60.5923 1.767 36.1306 -0.470444 0 -1.6 -0.694373 -0.461948 -0.55177
78.6031 -14.8656 34.8425 0.078433 0 -1.6 0.579443 -0.813123 -0.0554744
68.3795 20.9195 8.6355 0.472621 0.103847 -0.8 -0.482731 0.301289 0.822311
61.383 8.77188 22.541 -0.63501 0 3.8 0.627701 0.770536 -0.110745
87.3887 6.30762 -5.45612 -0.376352 0 -1.3 0.807828 -0.11575 -0.577941
83.4071 26.3061 10.9254 0.466316 0 -1.6 -0.0570622 0.76985 0.635669
57.5648 8.74562 -7.0575 -0.448105 -0.0178041 -3.43155 0.472141 -0.288833 -0.832862
69.356 4.734 35.71 2.57975 0.0794599 -3.9 0.681116 0.632683 -0.368502
81.5291 15.7537 21.8776 0.010372 0 -0.9 0.422963 0.680124 0.598776
88.9662 13.7067 26.9858 2.28514 0 -3.9 0.754384 0.560596 -0.34152
50.9738 0.58875 -8.795 0.130467 0 1.8 -0.499887 -0.6403 0.583205
71.1996 -0.73775 21.4972 -1.77842 0 0.92583 -0.43042 -0.116566 -0.89507
68.4311 -10.9827 -3.27275 -1.06728 -0.0118947 1.51484 -0.898506 -0.101005 -0.427183
78.4818 -0.368 -12.1248 -0.277052 0 -3.9 0.255065 0.697956 -0.669178
62.6264 5.3075 33.3457 -1.11223 0 -3.64516 0.667165 -0.706363 0.236521
40.351 2.4315 27.6663 -0.165331 0.191944 -3.83536 -0.665099 0.64335 -0.379137
85.5041 -13.199 -1.01875 -1.13921 -0.22749 -2.08952 0.0717204 -0.994302 0.0788687
66.6809 9.43625 14.8302 -0.424605 0.0736602 -3.5 -0.116553 0.317158 0.941184
66.609 -7.94238 41.1956 0.0643494 0 3.8 0.0633762 0.404056 0.912536
52.0619 -1.3405 2.10175 -0.402924 0 4.2 0.217809 0.25881 -0.941051
64.507 -29.847 34.505 -1.70142 -0.715684 -3.5 0.230279 -0.825205 -0.515759
85.2452 13.8348 6.2245 0.174811 0 3.8 0.290567 0.911853 -0.28999
77.2101 17.2741 -2.3745 0.296003 0 -4.5 -0.366498 0.516391 -0.773963
62.0103 15.0868 29.9985 -0.111776 0 2.8 0.529324 0.674874 0.51416
55.647 -15.3145 44.367 -0.57441 0.361179 -0.9 -0.421063 -0.021785 0.90677
70.6312 -18.2799 40.0457 -0.225652 0 -0.7 0.425994 -0.862849 0.272069
54.7598 -5.14038 19.1669 0.214607 0 1.2755 -0.317329 -0.6865 0.654233
65.5882 -6.62475 -4.33225 -0.379919 0 -1.3 0.0741977 -0.989991 0.120056
68.0708 -12.3952 -12.4914 0.309274 0 1.80944 -0.7631 0.306812 -0.56881
75.6813 -6.90875 7.03525 -0.635126 0 -3.5 -0.411587 -0.0179023 0.911195
79.0066 -6.3215 3.96088 0.366215 0.910451 -3.2 0.223437 -0.860229 0.458346
60.854 -24.4382 47.9835 0.318186 0 -3.5 0.0366256 -0.945155 0.324561
53.7832 -4.345 36.2817 -0.390009 0 -3.5 0.380449 -0.350802 0.855685
49.6138 2.7845 38.8503 0.457705 0 -4.5 -0.0596162 -0.19394 0.9792
78.9701 -8.20862 7.65887 0.0259878 0 -1.3 0.126949 -0.901494 -0.413754
66.6807 -26.4648 37.2103 -0.455229 0 -3.5 0.619348 -0.785113 -0.00221021
68.9973 -12.4303 -13.2743 0.573502 0 1.9 -0.470692 0.372986 -0.799582
44.7736 7.05363 15.0954 0.450606 0 -4.5 0.159275 0.805502 -0.570787
83.212 -9.41862 -5.89313 0.133079 0 -0.805549 0.961741 -0.00242813 -0.273949
77.0279 -4.83213 37.6287 -0.073283 0 3.8 0.0968483 0.411154 0.906406
57.2966 -10.3155 3.51863 0.736028 0.526964 -1.8618 -0.231301 -0.966763 0.108945
76.551 6.26375 -13.3272 0.00611303 0 -1.3 0.798489 -0.0839897 -0.596122
58.434 -27.097 44.495 0.509555 0.796317 -4.5 -0.577687 -0.0251627 0.815871
65.8552 11.9904 9.7185 -0.693509 -0.104988 -3.5 -0.839877 -0.373847 -0.393504
61.1324 3.30862 -6.94325 0.070163 0 -0.8 -0.150619 -0.367545 -0.917728
54.6275 6.3685 41.1107 -0.501256 -0.031599 -3.24354 -0.448154 -0.678305 0.582289
40.27 12.9499 25.1396 -0.506565 0 -3.5 -0.494995 0.698346 0.517003
53.6191 11.4356 -3.04375 0.385634 0 -4.5 0.19658 0.733641 0.650483
71.3552 -14.875 25.6378 -0.323701 0 -0.7 0.0671613 -0.655612 -0.752105
78.761 -14.5815 -8.0275 0.304395 0 -3.9 0.037727 -0.997369 0.0619087
42.8582 14.143 23.5966 -0.280885 0 -3.5 0.461887 0.711472 0.529592
78.557 -13.943 -14.515 -0.285416 0 -3.2 0.23026 -0.930482 -0.284929
40.0527 4.27 14.8372 0.514272 0.082447 -4.5 -0.648399 -0.746603 -0.14887
93.1345 7.47925 10.5688 -0.517895 0 -3.5 0.630206 0.7246 0.278918
52.4059 -0.672375 25.3248 0.405152 0.66025 4.2 -0.0214839 -0.877022 0.479969
64.8685 -8.42575 -7.12712 -0.825446 0 -1.3 -0.395818 -0.328737 0.857473
64.2079 11.1546 12.9299 -0.839555 0 -1.6371 -0.679374 0.728499 -0.0879794
76.0346 -0.87025 37.2076 -0.213119 0 1.8 0.482896 0.402778 0.777548
90.609 6.01 5.697 -0.296109 -0.251417 -0.7 0.799439 0.0240487 -0.600266
62.0718 19.6245 4.41775 -0.840976 0 -3.14257 -0.576514 0.679173 -0.454265
85.4425 -10.7821 -4.8365 -0.406056 -0.0512213 -1.22304 0.361258 -0.495793 -0.789735
74.0608 11.379 18.9586 -1.07945 -0.294701 -2.54606 -0.567067 -0.0369993 0.82284
62.1435 -28.1045 33.6955 -1.30891 -0.0033836 -3.5 -0.922795 -0.177446 -0.341998
61.781 13.608 -3.921 -0.112286 0 -3.5 0.160333 0.57239 0.804153
91.011 3.202 21.642 -0.623653 0 -0.9 0.80062 -0.0222189 0.598761
39.9875 8.1695 24.388 -0.25406 0 -3.44565 -0.47355 -0.827388 0.301959
84.7008 -8.70438 16.7765 0.0188744 0.472294 -0.797813 -0.323995 -0.0995539 0.940806
83.0541 21.5964 2.96962 -0.0773304 0 -3.5 0.884411 0.166933 -0.435833
84.0491 18.8991 3.76 -0.246765 -0.545608 -3.5 0.67728 -0.0417805 -0.734538
71.5107 -12.8483 32.4499 -0.233665 0 -3.2 0.234415 -0.792614 -0.562862
62.197 3.299 17.5454 -0.290715 0 -0.242819 0.777859 0.627184 0.0396876
61.0755 0.44375 -6.688 -0.0808169 0 -3.2 0.344124 0.330369 -0.878883
79.2834 20.9335 13.2317 0.208344 0.0239489 -1.32278 -0.573106 0.818977 0.0287423
58.39 -6.6535 -10.8525 0.0127812 0 -3.5 -0.425388 -0.902012 -0.073611
90.8755 6.5 20.385 -0.159215 0 -0.9 0.985593 0.1517 0.0747911
57.9955 -8.7735 -4.14 2.79454 0 1.9 0.413253 0.046051 -0.909451
42.4234 11.0876 38.2389 0.298939 0 -3.9 0.0320523 0.356399 0.933784
90.1768 13.5805 15.8468 0.119596 0 -4.5 0.699288 -0.197806 0.686927
60.2023 9.59212 21.8542 -0.751891 0 3.8 0.724261 0.450508 -0.522004
94.495 -0.799625 17.731 -0.0250389 0 -4.5 0.460406 0.881727 0.102877
74.3066 -15.0358 -5.64138 -1.2302 -0.840535 1.8 0.341163 -0.852818 -0.39536
40.837 6.44225 16.1943 0.0588524 0 -4.5 -0.42411 0.77637 0.466241
65.0974 7.391 -7.80912 -0.140931 -0.561668 -3.90934 -0.918521 -0.0030069 -0.395361
84.1789 7.866 1.43525 0.879532 0 -0.4 0.903125 0.385538 0.189011
71.664 -9.88125 -1.74713 0.173958 0 -1.3 0.679768 -0.686002 0.259455
59.8338 -24.85 35.4251 -0.2865 0 -2.63639 -0.290514 -0.839542 0.459097
38.8317 0.22075 10.166 -0.42483 -0.253228 -3.5 -0.566217 0.821768 0.0639908
46.2145 -4.97775 11.1449 0.176149 0 3.8 -0.630484 -0.599435 0.493121
57.5947 -4.47975 26.6268 -0.100537 -0.0471103 -2.25292 -0.998202 -0.055165 -0.0234391
80.0425 4.176 31.799 0.225889 0.776296 -0.7 0.459509 0.389121 0.798396
84.002 -11.669 11.879 0.38614 0.481843 -4.5 -0.0967021 -0.990387 -0.0989075
66.0835 -8.57662 -1.5515 -0.378808 0 -3.9 0.172504 0.0816424 -0.98162
73.025 -3.00712 6.58512 -0.291754 0 1.9 -0.428193 -0.752984 0.499665
63.2632 -9.7125 12.0034 -1.85343 -0.0538537 -3.5 -0.422431 -0.636455 0.64535
92.2647 -4.346 1.54225 0.310556 0 -4.5 0.937346 0.232439 0.259528
43.6365 -4.921 10.791 0.0607625 -0.199487 -1.65128 0.168365 -0.295163 0.940496
60.393 11.9703 31.6275 0.106101 0 2.8 0.280874 0.593103 0.754546
47.294 4.623 14.2845 -0.183357 0 -4.5 -0.123594 0.783521 -0.608949
60.6115 -24.8269 25.3347 -0.677999 0 -3.5 -0.524372 -0.800924 0.289058
89.957 16.5555 13.8031 -0.0437462 0 -4.5 0.713406 0.571647 -0.405304
38.974 -2.167 12.384 -0.0543881 0 -3.5 -0.494589 -0.383341 0.78002
47.3695 -1.0685 25.568 -0.334775 0 -3.9 -0.0833806 -0.963358 0.254931
51.534 -4.85575 2.43175 -0.183147 0 0.495695 -0.206511 0.41822 -0.884559
42.0446 -4.92887 6.92837 -0.25931 0 -0.8 -0.53559 0.0523019 -0.842857
53.484 -16.6005 31.0705 -0.347382 0 4.2 0.320207 0.622338 -0.714256
62.2518 -26.9169 34.8247 -0.647603 0 -3.5 -0.904545 -0.371026 0.21009
76.9906 -0.960063 23.5641 -1.10081 0 -1.6 0.641091 -0.110457 -0.759474
46.856 14.5164 37.0926 -0.0690364 0 -0.7 0.0652449 0.908349 0.413092
58.2617 -8.35837 10.321 -0.196613 0 -4.5 -0.468664 -0.580978 0.665446
57.4528 0.90825 2.8585 0.585093 0 -0.875059 0.139057 0.576568 -0.805129
50.635 13.8827 29.6497 0.0675712 0 2.8 -0.494333 0.759171 -0.423431
90.3877 -6.89925 12.9683 -1.27604 -0.825188 2.8 0.594769 -0.751975 -0.284223
76.0714 9.25725 -5.50225 -0.555615 0 1.8 0.448282 0.0238694 -0.893573
85.5745 -10.142 9.7375 -1.38222 0 -3.56486 0.644701 -0.310859 0.698375
75.757 11.4473 20.6806 0.235742 0 0.659538 -0.785796 -0.0520738 0.61629
64.5488 10.4895 31.493 -0.273495 0.11536 -3.84994 0.655007 0.720356 0.228153
91.7216 3.065 19.5159 -0.00328583 0 -0.9 0.95363 0.174222 0.24543
60.1585 -6.4135 41.889 -0.898711 -0.291561 1.9 -0.00342199 0.271698 0.962377
46.181 5.27462 8.56137 -0.767986 -0.977852 -3.5 -0.419529 0.660707 -0.622465
88.7227 12.416 11.1825 -0.161041 0 -0.9 0.985926 -0.0394208 0.162469
62.4915 9.08138 7.997 -0.463201 0 4.5 0.0838356 0.717415 0.691583
70.72 -15.1935 -5.861 -0.0263272 0 1.8 0.336818 -0.935098 -0.110203
71.475 17.058 -2.367 1.05951 0 -3.9 -0.684987 -0.227912 -0.691989
84.2363 -1.92525 25.255 0.446647 0 -0.4 -0.309191 0.823079 0.476384
74.826 -14.8934 -1.73962 -0.10289 0 -0.7 -0.701284 -0.688931 0.183236
79.2705 3.694 -10.938 -0.0368214 0 4.2 0.133918 0.657449 -0.741503
66.354 8.14025 14.5127 -0.58175 -0.515677 -2.38638 0.300926 -0.712476 0.633894
67.4435 7.53788 14.18 -1.40394 -0.399943 -3.5 -0.541592 -0.453133 0.70806
70.8672 -12.586 45.7458 0.374838 0.00534556 -4.5 0.931299 -0.117372 -0.344827
60.277 5.599 3.396 0.155922 0 4.2 -0.933401 0.318126 -0.166005
49.4906 12.1304 40.2776 0.532817 0 -3.5 -0.562775 0.620137 0.546548
82.442 0.8745 23.5585 -1.50021 0 -3.2 -0.541557 -0.487161 0.685121
50.9058 15.781 23.4865 -0.111575 0 4.5 0.160362 0.761801 0.627648
72.293 14.405 -3.42525 0.538628 0 -3.9 -0.59119 0.449842 -0.66943
54.2467 17.0641 35.006 -0.170393 0 -0.7 0.336916 0.905255 0.258845
70.1967 -9.37925 11.712 -0.149345 0 -3.9 -0.112084 -0.993299 -0.0281668
77.7774 -14.1927 33.0638 -0.11705 0 -1.6 0.330999 -0.441019 -0.834231
45.8315 15.7615 18.1265 -0.312557 0 -4.31814 -0.662969 0.71101 -0.234386
60.703 -3.3355 -0.30775 -1.02686 0 -3.5 -0.948481 -0.033741 0.315032
50.3537 13.414 16.3032 -0.541421 0.0303416 -4.5 0.930139 -0.343798 0.129009
70.539 11.9401 -4.427 1.08566 -0.277259 -2.37425 -0.580765 0.627755 -0.518301
88.6234 -6.66625 18.9226 -0.0187036 0 -0.4 0.164182 -0.789308 0.591639
57.899 14.461 13.048 -0.364021 0 -3.2 -0.0519743 0.97318 0.224098
53.6675 4.889 -4.57075 -0.0199637 0 -1.6 -0.548439 0.167872 0.819166
53.2095 -13.185 32.5695 -0.2651 0 -0.7 -0.219161 -0.0361025 -0.97502
57.4458 -6.68288 41.408 -0.460721 0 -0.7 -0.0577212 0.132378 0.989517
88.1665 12.3167 22.7169 -0.469187 0 -3.5 0.550219 0.787423 0.277892
73.5924 0.0675 36.4214 -0.63111 -0.0656158 1.8 -0.106206 0.583746 0.80496
82.6661 12.3711 24.6119 0.337635 0 -0.810551 -0.542228 0.788354 0.290665
57.993 10.1862 12.6263 -0.728792 0 -3.2 0.0441733 -0.605569 -0.794566
39.3058 10.992 35.0762 -0.0542707 0 -3.9 -0.864708 -0.0961831 -0.49298
77.0184 -14.0977 -12.899 0.14548 0.00990282 -3.5 0.0176956 -0.899009 -0.437572
66.0486 14.7505 -0.1615 0.118756 0.143127 -1.29731 0.334536 0.0420425 -0.941445
85.1395 12.348 3.641 1.54385 0.265201 -3.52438 0.779996 0.53463 -0.325234
88.46 6.7445 3.96025 0.753981 0 -0.7 0.133446 0.0877216 -0.987166
67.6075 22.185 1.235 -0.236845 0 -3.5 -0.230581 0.883299 -0.408185
68.14 -15.6369 28.5669 -0.887398 -0.634164 1.28559 0.101682 -0.372324 -0.922516
57.6432 -27.7305 41.9933 0.00593499 0 -4.5 -0.515748 -0.852946 -0.0805455
59.4155 0.781125 1.2545 -1.63487 -0.701315 -0.7 -0.913072 0.395401 -0.0997828
82.5694 -10.6055 8.84475 -0.292936 0 -3.5 -0.950051 -0.292435 -0.109013
72.0659 -1.80237 36.6894 -0.203491 0 -0.85622 0.241617 0.33259 0.911595
78.0095 0.9215 13.9055 -0.106443 0 -4.5 -0.479046 0.541812 0.690619
90.0163 9.372 14.105 -0.285738 0 -4.01086 0.900395 0.410735 -0.143478
48.0466 13.221 25.9855 -0.0206093 0 -0.388986 0.421885 0.789073 0.446516
50.1375 -19.253 36.8526 -0.10178 0 1.8 0.543585 -0.561991 -0.623443
55.8162 3.06988 -8.26237 -0.168148 0 -1.22744 0.922625 0.192285 -0.334349
38.6815 0.04025 7.6825 -1.25181 -0.532056 -3.5 -0.501818 0.38351 -0.775305
83.5101 -2.4165 24.0589 0.107238 0 -0.4 -0.88937 0.324568 0.321988
75.3313 -2.902 23.4075 -0.623093 0 -1.6 0.507363 -0.0631873 -0.859412
63.1425 4.42975 -8.401 0.203148 0 3.8 -0.593116 0.548398 -0.589468
59.463 11.632 38.2098 1.48283 0 -3.9 0.196552 -0.683523 -0.702968
54.8558 -9.962 34.3703 0.0777626 0 -4.5 -0.571524 0.100921 0.814356
81.6395 -8.7895 42.6678 1.30346 0.787727 -3.9 0.692828 0.406622 0.595524
60.7168 -8.40825 18.389 -0.829213 -0.0710042 -3.5 0.370383 -0.911236 -0.180179
53.6785 -1.315 -9.39925 0.0737959 -0.829473 -0.782619 -0.233484 -0.889614 0.392521
58.0426 -26.7081 39.7029 0.0274733 0 -3.5 0.383598 -0.528236 -0.757509
39.586 0.5645 7.9505 -1.04408 -0.239664 -3.5 0.239008 0.786734 -0.569144
53.2375 -10.9628 33.937 -0.181829 0 -1.80011 -0.534229 0.648203 0.542616
71.6475 -5.7425 10.0115 -0.374734 0 -3.9 0.819851 0.409445 -0.40025
63.3358 3.47525 -10.4093 0.0443656 0 3.8 -0.811669 0.542776 0.215842
60.6729 1.83362 37.1963 -0.33845 0 -1.6 -0.104449 -0.925083 0.365118
58.6365 -7.0395 11.7555 -1.63635 -0.878917 -0.4 0.10493 -0.810028 0.576927
72.4475 -14.3267 -9.8585 -0.383397 0 -3.5 -0.0542802 -0.93029 0.362787
76.6105 -11.7105 -14.5688 -0.581842 0 -3.2 -0.871918 -0.154329 -0.464695
57.98 0.194625 -10.1333 -0.0822228 0 -4.5 0.0689247 0.901927 0.426353
51.0641 -0.963625 -11.6306 0.248765 0 1.8 -0.763053 -0.496739 -0.413522
77.6536 0.33625 16.7271 -0.954981 -0.647635 -0.8 -0.673404 0.344742 -0.653972
90.8942 -0.330375 -0.913875 -0.110069 -0.00879587 1.07765 0.922821 -0.343183 -0.175006
44.1216 7.81187 23.4924 0.583898 0.186765 2.5766 -0.429244 -0.718797 0.546883
54.6838 -23.4355 35.5585 0.058994 0 -1.6 0.539561 -0.537382 -0.648147
78.7969 11.2695 -5.1115 0.213177 0 1.8 0.813004 0.0508127 -0.580037
45.84 -13.8851 40.4707 0.13555 0 4.2 -0.544474 0.444794 0.71113
50.0522 -3.96988 29.903 -1.60861 0 1.9 -0.838612 -0.25266 -0.48259
71.4724 18.7206 12.6208 -0.322713 0 -3.5 -0.498935 0.62809 0.597133
62.8047 14.0755 0.272 0.143647 0 -0.8 -0.646257 0.333485 -0.686396
69.8637 -25.9893 33.108 -1.71116 -0.933846 -0.4 0.875051 -0.242459 -0.418927
70.91 -11.1839 45.7521 0.447807 0.0596443 -4.5 0.91498 0.244761 -0.320787
69.1704 -0.226875 13.1129 -0.550187 0.286152 1.29821 0.750229 -0.480804 0.453855
89.7149 9.70012 18.6677 -0.457994 0 -4.1983 0.961804 0.111324 -0.250079
89.947 3.07888 1.90237 0.746525 0 1.8 0.129397 0.990897 -0.0371288
64.2169 -29.358 38.4444 0.273192 0.0229132 -4.5 -0.397812 -0.91284 0.0920263
55.6003 -13.8778 28.6273 -0.296451 0 -3.5 -0.885344 -0.0949577 0.455136
85.8236 0.655125 -11.4202 -0.811036 0 1.8 0.267656 0.862532 -0.429416
78.0674 -7.48737 29.6025 -0.0961932 0 -3.5 0.714862 -0.656035 -0.242055
54.42 -9.1205 10.2317 0.0735365 0.90773 -0.7 0.0299334 -0.994751 0.0978513
40.2229 5.28088 16.3246 0.376095 0 -4.5 -0.725403 0.237228 0.646153
55.929 16.4188 35.995 -0.0959978 0 -0.8 -0.291417 0.781179 0.552118
63.0363 9.84888 7.47275 -0.56032 0 4.5 0.0222852 0.329311 0.943959
55.7082 6.8075 11.5936 -0.725119 -0.720236 -1.3 0.295112 0.518664 -0.802432
78.0652 -4.947 37.8843 0.302856 0 -1.6 -0.374478 0.551294 0.745548
66.819 -0.5075 39.328 -0.192801 0 -3.9 -0.474611 -0.070391 0.877376
86.2645 -12.686 3.94025 -0.131049 0 -3.5 0.222707 -0.890238 0.397337
64.4296 -25.7013 43.9128 0.761296 0 -4.5 0.818382 -0.360394 0.447624
92.0792 8.39775 10.8705 -0.23605 0 -3.5 0.457864 0.8889 -0.014764
64.74 11.248 -6.351 0.282508 0 -1.6 0.613189 0.480657 0.626872
75.8834 -7.29225 37.6325 0.227146 0 3.8 0.401915 -0.0566009 0.913926
63.9875 -4.14038 20.9219 -0.624939 -0.0882215 -2.96124 0.728603 -0.175028 -0.662196
58.0815 12.822 0.83725 -0.23539 0 -4.5 -0.821075 0.518588 0.238543
40.079 16.3485 21.7835 -1.4263 -0.136812 -3.5 0.514838 0.857155 0.01505
49.4704 14.6181 24.3085 -0.157648 0 4.5 -0.0627386 0.462202 0.884553
75.7832 -0.997 22.7605 -0.97479 0 -1.6 0.49436 -0.403404 -0.769982
79.7845 -7.887 42.1333 3.18192 0 -3.9 0.013462 0.968435 0.248904
67.944 -16.8634 28.6854 -0.23123 -0.456052 -0.7 0.377727 -0.194985 -0.905154
67.1647 3.04737 21.8359 -0.34115 0 0.355019 0.384783 0.632111 -0.67259
62.1725 11.0478 13.0918 -0.655814 0 -2.04128 0.448442 0.686248 -0.57268
81.7588 2.55938 23.8875 -1.53277 -0.0280259 1.67255 -0.429918 -0.619907 0.656419
93.4294 -4.18787 -1.14587 0.270494 0 -4.5 0.943546 0.330061 0.0279266
53.0887 -6.73325 35.1565 -0.00364759 0 -4.5 -0.415637 -0.00441534 0.90952
59.8745 13.045 31.383 -0.138556 0 0.41536 0.401385 0.263576 0.877165
89.8525 8.35312 18.8822 -0.952425 0 -4.5 0.938186 0.247149 -0.242333
60.4341 -0.553125 31.0984 0.459008 0.253075 1.45443 -0.37724 0.707837 0.597207
86.2402 23.1956 7.66062 0.870304 0.21859 -3.5 0.736273 0.2314 0.63589
52.7416 -21.364 35.703 -0.700979 0 4.2 -0.967845 0.0448196 -0.24752
61.2912 10.989 34.4951 0.135694 0 -3.2 -0.0511238 0.784226 0.618366
85.0295 6.39488 27.6367 -0.349482 0 -3.5 0.351425 0.208148 0.912784
84.3288 -12.7944 2.22213 0.324454 0.418141 -3.69871 0.248708 -0.914075 0.320329
86.1306 8.4705 4.979 0.747957 0 0.399137 0.0537427 0.236642 -0.970109
51.3592 -4.47788 13.9674 -0.210656 -0.650727 -1.39273 -0.602573 -0.155424 0.782783
57.743 7.936 39.053 -0.562936 -0.0198898 -2.33048 0.732768 0.60178 -0.317665
61.1335 -7.569 -3.3045 0.823451 0 -3.5 -0.172613 -0.105144 -0.979362
55.5914 9.038 -1.602 0.857932 0 -4.5 -0.609426 -0.653853 0.448415
69.628 -16.74 -10.838 0.179688 0 1.9 0.311046 -0.569055 0.761201
55.1401 2.98537 30.9788 -0.528465 0.317946 -0.840449 0.234875 -0.357518 0.903889
56.6948 3.22962 -0.856625 -0.49222 -0.831715 -0.18039 -0.49689 0.143297 0.855901
69.8765 -25.3445 28.707 -1.78841 -0.881216 -3.5 0.989223 -0.0244131 -0.144367
89.0541 -11.4386 3.28125 -0.327114 0 -3.5 0.802665 -0.245803 0.543424
54.4087 17.1264 18.7451 0.117737 0 -3.9 0.60739 0.387719 -0.693362
67.503 9.959 -5.2085 0.257385 0 -4.5 -0.370624 0.487541 0.790533
42.5243 1.26475 16.6264 0.00221674 0 -0.816184 -0.831018 -0.493346 -0.256943
68.7182 -10.4958 46.9642 0.0209288 0 -4.5 -0.0021014 0.73376 0.679405
63.3291 11.0776 7.38888 -1.18882 0 1.16929 0.018908 -0.21747 0.975884
77.3428 -8.14525 31.1133 0.0378263 0 -3.2 0.571461 -0.776718 0.264843
51.9365 -24.1273 40.6134 -0.0632888 -0.122134 -1.28272 -0.69719 -0.703426 0.138264
57.412 -16.445 28.4028 0.25159 0 -3.5 -0.916927 -0.394746 -0.0584876
55.2347 -6.0035 -3.8155 0.0135766 0 1.9 -0.892894 -0.253211 -0.372323
56.613 1.6365 -10.863 -0.0996585 0 -3.5 0.563247 0.474366 0.676558
86.1509 2.4435 24.342 -0.621236 0.0310988 -3.25065 0.157659 -0.487377 0.858841
49.7523 -13.6005 34.7661 -0.299403 0 -0.7 -0.254968 0.807263 -0.532276
82.2412 26.2997 10.1337 0.109122 0 -1.6 -0.686371 0.685522 0.242806
62.6445 21.9667 4.6495 -0.342354 0 1.8 -0.866616 0.233187 -0.441135
68.4047 -7.6075 12.2183 0.116566 0 -3.86551 -0.448556 -0.507029 0.736015
56.531 14.331 23.1885 -0.771031 0 -0.7 0.916512 0.315313 -0.246135
61.1852 -3.201 -16.7449 -0.00930928 0.47389 -1.8993 0.162776 0.848936 -0.502803
71.0545 15.015 17.6992 0.0528792 0 -4.5 -0.618548 0.433926 0.655062
86.6543 4.66375 1.47175 0.414634 0 -1.3 0.450234 0.743285 -0.494789
67.3268 -11.0615 47.0655 -0.341782 0 -4.5 -0.418835 0.204255 0.884792
73.2913 9.364 20.6325 -0.166159 0 -0.7 -0.698305 0.701221 0.143731
72.4845 -12.987 -12.8507 -0.456987 0 -3.5 0.0636635 -0.484525 -0.872458
54.9856 22.1855 25.9478 2.24451 0.133412 -3.9 -0.107595 0.409975 0.905728
67.596 5.443 31.3625 -0.77547 -0.881461 -1.70055 -0.714804 0.366857 0.595375
59.239 6.1425 38.516 -0.409438 -0.469491 -1.6 0.591289 0.631508 0.501573
42.9525 -2.128 7.38225 -0.772328 0 -0.8 0.227698 0.674652 -0.702139
57.3409 -16.9335 29.6941 -0.709659 -0.526071 -1.08437 -0.914557 -0.0673838 -0.398804
61.1172 -8.561 -13.6868 -0.439043 0 -1.3 -0.032434 -0.973491 -0.226414
74.1 16.487 17.5995 0.226659 -0.481111 -3.74259 -0.833538 0.453108 0.316081
47.8201 7.28737 40.9554 -0.76434 -0.213915 -3.5 0.32188 -0.142469 0.936
84.8695 24.3685 17.087 -0.360812 0 -3.5 0.754067 0.452898 -0.475675
84.6444 18.1493 15.1018 -0.858362 0 -3.5 0.588609 -0.15599 0.793225
41.6987 -0.68925 13.3199 -0.270301 -0.143297 -3.17733 -0.78134 0.244311 0.5743
83.348 13.221 0.481 0.555355 0 -3.9 0.840163 0.350357 -0.413976
49.496 -2.634 36.604 -2.12483 -0.728985 -3.5 -0.926589 0.246662 0.283884
58.7674 10.5681 41.4325 -0.970388 -0.059169 -3.80926 0.88288 -0.079229 0.462867
50.6795 -10.252 41.3647 -0.325397 0.111875 -0.683045 -0.370861 0.469941 0.80101
60.4922 16.4049 18.1194 -0.693667 0 -3.5 0.381804 0.424911 -0.820778
52.3945 11.7325 -1.0075 -0.409397 0 -4.5 0.531474 0.80647 0.259118
43.3086 7.29675 33.3816 -0.435694 0 -3.75778 -0.178628 -0.975671 0.127117
76.1269 -14.2873 -5.14106 1.3823 0.179143 1.8 0.221 -0.948973 -0.224963
90.8465 0.858875 -6.131 -0.397721 0 -3.5 0.665883 0.732768 -0.140181
80.2442 25.1007 3.3895 -1.31194 -0.75503 -3.5 -0.402711 0.904599 0.13973
62.0265 14.0745 26.9505 -0.499425 0.0217717 2.39124 0.690467 0.44324 -0.571659
86.004 8.22525 -1.50287 0.309676 0 -1.06147 0.538513 0.238834 0.808061
77.8539 0.978375 -11.3626 -0.64985 0 -0.311864 0.202777 0.478894 -0.854133
82.9366 15.1226 20.5044 -0.181996 0 -2.96271 0.227224 0.872357 0.432854
84.5683 19.9618 4.108 -0.999156 -0.891366 -3.5 0.472852 -0.118592 -0.873125
61.6081 5.38188 -6.34737 0.122205 0 1.00063 0.0118057 0.466663 -0.884356
72.912 -5.76 15.4575 0.537746 0 -3.9 -0.012547 0.97465 0.223385
43.2974 6.75212 16.9804 1.03262 0 -4.5 -0.67455 0.729688 0.111972
73.8495 5.68 24.7927 -0.123479 0.033518 -2.90489 -0.647679 0.537357 -0.540148
82.9538 1.34125 -11.895 -0.0915856 0 1.8 0.0551213 0.878339 -0.47485
60.1768 -4.49325 -0.91225 -1.45297 0 -3.5 -0.669759 0.34076 0.659777
65.837 0.401125 36.2471 -0.196854 0 0.10145 -0.560394 0.642574 0.522548
82.068 -2.347 19.2272 -0.839003 0 -2.39293 -0.820517 -0.5716 0.00497195
88.8555 -1.97525 23.6833 -0.826988 -0.759364 -0.8 -0.309826 0.282943 0.907718
82.2645 -12.3706 -6.48037 2.55063 0 -3.9 0.939115 -0.29947 0.168465
73.9877 -10.8708 40.818 0.143842 0 3.8 0.394081 -0.761339 0.514843
82.0206 13.8357 26.9453 -0.763148 0 -3.5 -0.360922 0.274134 -0.891395
40.3942 15.409 22.967 -1.52593 0 -3.5 0.463248 0.779958 0.420792
54.618 13.473 -5.891 0.108291 0 -4.5 -0.289785 0.934547 0.20651
80.0198 -4.99525 27.1087 -1.23237 0 -3.5 0.688767 -0.527117 -0.497742
62.4579 -22.147 45.1641 -0.00702586 0 -4.12434 0.714331 -0.070064 0.696292
48.119 20.7835 16.534 -1.76613 0 -3.5 0.270844 0.347034 -0.897893
56.7458 -4.0955 1.59175 -0.907723 0 -1.6 0.654387 0.319168 -0.6855
77.7269 3.46913 -10.9456 0.287207 0 4.2 0.270553 0.326848 -0.905523
51.3385 14.065 28.9455 0.115671 0 2.8 -0.659374 0.603727 -0.448039
56.098 19.0438 27.3618 -0.376502 0 -3.5 -0.448675 0.806414 0.38521
74.4841 9.887 21.5502 0.0390551 0 -0.7 -0.54558 0.765368 0.341401
90.7689 0.39425 -1.74688 -0.379413 -0.00166747 0.352575 0.738786 0.162139 -0.654146
70.0581 4.5785 17.823 -0.298017 0 -1.3 -0.695413 -0.337612 0.634365
46.5199 3.9305 28.0414 -0.693727 0 -1.3 -0.808319 -0.33515 0.48404
74.7617 -7.412 39.2279 0.181789 0 3.8 0.911961 0.29917 0.280758
60.925 1.22125 -10.539 0.336786 0 -4.5 -0.138455 0.445796 0.884362
60.3447 -2.22725 -0.201 -0.848522 0.191121 -2.12232 -0.746053 -0.652599 0.13236
65.2571 -19.0896 26.6338 -0.211624 0 -0.7 0.460367 -0.286468 -0.840237
88.7145 14.2825 10.0735 -0.216359 0 -0.9 0.762562 0.623502 0.172467
56.449 16.2846 20.2736 -0.458053 0 -1.9508 0.251609 0.78475 -0.566445
85.2947 21.927 12.5168 -0.668455 0 -0.460849 0.828129 0.347362 0.439934
38.5695 11.0109 24.5187 -2.00518 -0.160634 -3.5 -0.958938 0.282313 -0.0271437
59.2147 1.536 0.30425 -1.0589 -0.39629 1.79406 -0.881502 -0.311921 0.354485
53.138 5.7065 -5.07725 -0.189965 0 -1.6 -0.563198 0.278693 0.777906
48.203 6.76512 15.1645 -0.563 0 -3.98502 -0.422359 0.0408634 -0.905507
81.0496 -11.723 -11.505 -0.127217 -0.753008 -3.5 0.598917 -0.760072 -0.252169
42.0197 11.5798 32.1996 -1.45455 -0.42024 -3.5 -0.9791 0.135114 -0.152008
42.1367 -7.508 8.22725 -0.0331923 0 -0.8 -0.252313 -0.914858 -0.315235
70.4463 -14.0028 46.412 0.296563 0.424682 -4.5 0.87631 -0.423045 0.230464
72.2864 18.8522 13.4585 -0.087525 0 -1.6 -0.781322 0.584315 0.219343
56.4855 -9.2645 44.5675 -0.156901 0 -0.9 -0.54563 0.814713 0.196294
41.526 1.27937 17.8361 -0.0748849 0 4.5 -0.560647 -0.713643 -0.419987
86.2357 -7.17562 6.1405 -0.69914 -0.0194835 1.57923 0.863467 -0.357216 0.35612
44.786 -1.265 28.032 -0.342789 0 -3.9 0.26424 -0.580335 0.770317
58.0052 13.0696 22.7781 0.163413 0 2.5 0.173095 0.972385 0.156539
51.5065 -18.5435 43.2134 -1.15115 -0.798807 -0.8 -0.312366 0.699145 0.643136
89.2189 4.16038 3.887 0.229028 0 -1.3 0.567722 0.451585 -0.688304
68.5405 13.47 -7.34 0.451785 0.0546922 -4.5 0.559732 0.343095 0.754312
96.7862 -4.53088 11.8239 0.173843 0 -4.5 0.788897 -0.406332 -0.461016
67.3305 4.76125 14.905 -0.966946 -0.0255553 -1.3 -0.596563 0.622576 0.50647
51.4351 10.7268 18.3557 -0.0850665 0 3.17141 0.254853 0.700764 -0.666319
56.4469 -2.8255 -6.44475 -1.1904 0 -3.2 -0.932167 -0.357859 -0.0547954
58.9263 8.67275 -6.4445 0.0682877 0.612003 -3.51674 0.424043 -0.275694 -0.862659
52.383 -8.95275 1.5985 -0.696837 0 -3.5 -0.216216 -0.974099 -0.0661961
74.9416 -9.38625 2.3485 -0.0820595 0 1.8 -0.42338 -0.787753 0.44743
63.7093 -1.40475 37.407 -0.434389 0 0.28109 0.176804 0.734617 0.655041
60.2895 17.52 3.58512 -1.0658 0 -3.5 -0.814063 0.362704 -0.453594
43.5425 -22.8865 35.4803 -0.729101 0.78479 -3.2 -0.422906 -0.163341 -0.891331
42.5485 13.0883 18.3909 0.603533 0.751282 -4.5 -0.85723 -0.054256 -0.512067
40.6106 1.92 18.4885 -0.102656 0 4.5 -0.928394 -0.370395 -0.0298727
54.4385 -27.276 42.9005 -1.32106 -0.197842 -3.5 -0.411892 -0.775829 0.477948
81.8275 -8.67737 2.70688 -0.249916 0 -1.99574 -0.0862912 0.549083 0.831301
64.9747 12.4923 29.1047 -0.291013 0 -4.5 0.843805 0.462184 0.272724
40.4949 7.36613 22.2084 0.0141591 0 -0.4 -0.427216 -0.873274 -0.234265
43.3126 -0.5265 19.562 0.0194634 -0.0767267 4.5 -0.771713 -0.632344 0.0678166
79.4488 -11.3535 0.7255 -0.0758825 0 -1.56904 -0.570387 -0.312451 0.759627
79.6375 -6.89 -14.881 0.782312 0 -3.21152 0.0365792 0.416744 -0.908288
69.038 -5.99625 6.70538 -0.756684 0 -0.9 0.817752 0.373562 0.437873
63.3844 7.301 18.242 -0.549836 0 1.83986 0.943729 -0.180898 0.276861
61.4557 -24.5147 32.2373 -0.286704 0 -3.5 0.10734 -0.647516 -0.754454
63.6731 -5.61975 41.894 0.236887 0 -3.2 0.113312 -0.0590929 0.991801
65.8252 -8.5525 5.77025 -0.441936 0 -0.9 -0.0812119 -0.99642 -0.0235065
71.847 -16.448 41.6107 -0.286251 0 -0.7 0.594391 -0.275864 0.75538
51.573 -19.2407 37.0877 -0.472705 0.553418 1.8 -0.311593 -0.558268 -0.768926
63.1435 4.03775 -11.5922 0.109945 0 -0.4 -0.534194 0.805343 0.257021
66.1955 6.91719 -10.1556 -1.16559 -0.375404 -4.5 -0.587133 0.296891 -0.753081
63.66 -25.522 23.775 -0.425316 -0.00577342 -3.5 0.732922 -0.669135 -0.122816
82.8424 14.2949 6.9065 -0.546588 -0.351454 -2.63551 0.525051 0.709816 -0.469555
57.3546 -3.96475 -15.0066 -0.407385 0 -3.5 -0.757957 0.120249 -0.641125
67.4125 -0.028 16.0015 -0.783233 0 -1.3 0.360531 -0.453444 0.815111
49.1403 -7.81588 40.8986 -0.284092 0 -3.2 0.0315759 0.187729 0.981713
77.1239 -1.02912 34.0329 -0.141259 0 0.625041 0.684485 0.51885 0.512128
85.3341 17.512 10.81 -0.957174 0 -2.82358 0.868946 0.257337 -0.422742
71.143 -20.045 36.315 -0.765211 0 -3.2 0.73584 -0.599881 0.314136
78.5273 -1.011 33.221 -0.333022 0 -0.4 0.468051 0.395525 0.790246
47.756 4.82 40.172 -1.83405 -0.805309 -3.5 0.447493 -0.751785 0.484324
64.6635 -5.9525 41.713 0.0124679 0 -3.2 0.206639 -0.153505 0.966301
70.1973 -20.324 37.074 -0.348492 0.42381 -3.2 0.477836 -0.624131 0.618169
61.3585 17.7785 19.5217 -1.38282 0 -3.5 0.249167 0.737597 -0.627588
59.6204 13.2176 23.4557 -0.0685013 0 2.5 0.18337 0.982547 0.0312656
76.9739 16.077 24.5038 0.0091897 0 -1.6 0.305421 0.147243 0.940764
56.6712 -3.13725 -7.76075 -0.371109 0 -3.2 -0.870304 -0.470707 -0.144935
41.4847 13.7389 33.4136 0.135642 0.395746 -3.9 -0.185871 0.429434 -0.883764
70.4902 12.797 -10.3865 -0.429248 0 -3.5 -0.00693976 0.742105 -0.670248
64.831 -15.6751 46.1409 -0.281321 0 -4.5 -0.329666 -0.24069 0.912901
51.0832 10.753 -9.091 -0.701648 0 -0.4 -0.912191 0.165045 -0.375057
55.3288 -12.7359 28.0482 -0.319178 0 -3.5 -0.790416 -0.0885314 0.606139
89.1087 14.2238 16.2945 -0.195579 0 -4.5 0.570922 0.189718 0.798783
89.7195 8.58838 7.2935 -0.214254 -0.351395 -1.03252 0.600348 0.69332 -0.39861
76.7235 -4.34825 8.38475 -0.135072 0 1.9 -0.278207 -0.707018 0.650175
63.1751 -15.84 25.5548 -0.423763 0 3.8 0.0540723 -0.365214 -0.929352
50.4764 -16.835 32.6626 -0.492225 0 4.2 -0.968603 0.235251 -0.0804058
47.3309 -16.4546 34.7026 -0.529441 0 4.2 0.07307 -0.498679 -0.863701
82.5905 -5.9965 20.2127 -0.434383 0 -0.8 -0.797117 -0.562784 -0.218812
60.4712 7.6595 11.1097 -0.467592 0 3.8 -0.440192 0.694977 -0.56854
83.4281 9.5435 28.7761 -0.297674 0 -3.82526 0.369815 -0.522694 0.768133
56.3839 -3.99938 39.6456 -0.395056 0 -0.7 -0.369723 0.919261 0.135149
41.504 15.299 21.046 -0.446787 0 -3.5 0.272128 0.928012 -0.25444
44.8797 -24.3786 36.9282 -0.30904 0 -3.2 -0.041058 -0.801426 -0.596683
61.557 -8.588 -12.4429 -0.000955441 -0.219532 -1.3 -0.331053 -0.941944 -0.0560905
88.0711 -4.586 25.101 0.905675 0 -0.7264 0.284094 0.205176 0.936586
50.7249 -24.3696 36.8829 -0.274179 0 -1.6 -0.820698 -0.492697 -0.289319
81.3928 -5.516 4.17487 0.263554 0 0.630776 0.17029 -0.983093 -0.067308
74.951 11.9483 -6.56444 0.14097 0 1.45068 0.675836 0.290159 -0.677535
56.7598 -11.0573 19.2987 2.05265 0.0929156 -3.9 -0.424997 -0.696573 0.578068
64.5543 9.96025 24.108 -0.819163 -0.749073 -0.4 -0.25536 0.51394 -0.818936
80.0257 17.5515 21.4425 -0.182145 0 -1.13467 0.432265 0.638697 0.636564
47.259 -2.82675 21.472 -0.209929 0 4.2 -0.457105 -0.861954 0.219295
62.1621 4.97087 34.3315 -0.35487 0 -3.05302 0.716682 -0.64843 -0.256719
46.1991 13.637 24.1805 -0.159666 0 -1.55454 -0.639481 0.767077 0.0515435
42.598 -18.183 42.885 -0.180115 0 -3.5 -0.685604 0.715085 0.136382
82.864 -8.43875 7.25075 -0.375488 -0.0781479 -0.643335 -0.868018 -0.338937 -0.362859
87.103 1.28537 -6.70638 -0.328305 0.149063 -3.31341 -0.499731 0.609453 -0.615497
68.3092 -17.4155 44.901 -0.256704 0 -4.5 0.39975 -0.884983 0.238757
76.372 21.1365 15.7445 -0.300714 0 -3.5 -0.0462671 0.883919 -0.465346
57.5859 -9.85588 7.31875 -0.0791092 0 -4.5 -0.229651 -0.970654 0.0713477
71.534 -11.276 2.05675 -1.40721 0 -3.5 0.868395 -0.494341 -0.0389463
83.3767 -13.1198 7.95612 -0.34374 0 -3.5 -0.387682 -0.864287 0.320486
68.438 -9.759 -3.451 -1.22413 0 -1.3 -0.809086 -0.0332789 -0.586747
85.5953 19.4272 13.5475 -1.07362 0 -3.5 0.907964 0.206656 0.364548
58.1345 -28.0141 43.5742 0.291902 0 -4.5 -0.738571 -0.523402 0.424926
63.7153 -0.0970625 36.7493 -0.355151 0 3.8 0.183869 0.583562 0.790979
62.57 -10.2423 10.5096 -0.731613 -0.065917 -3.73798 -0.210803 -0.752768 0.62362
43.3949 3.8325 10.6788 0.100736 0 -1.6 -0.00758444 0.676628 -0.736286
52.7995 0.6135 -5.434 -0.0596665 0 -0.4 -0.830789 -0.100128 0.547507
59.4123 4.4045 8.43025 -0.54143 0 3.8 -0.37436 0.927213 -0.0114456
62.3135 17.1595 21.371 -1.88996 -0.808035 -3.5 0.777416 0.281649 0.562404
74.0741 5.49025 23.1924 0.0187952 -0.468954 -0.987259 -0.807505 0.588184 0.0444399
58.882 -3.64037 37.215 -0.37365 0 -3.2 -0.750139 0.566147 -0.341715
57.823 -23.7423 28.8878 -1.6813 -0.172883 -3.5 -0.465095 -0.447421 0.763872
87.198 -11.69 8.6445 -1.84536 -0.807037 -3.5 0.948656 -0.0641882 0.309728
70.14 -12.9528 44.615 0.0834237 0 -4.5 0.971215 0.0531502 -0.232201
79.75 -5.081 14.0452 -0.914457 -0.337505 -3.72062 -0.643386 -0.53655 0.546048
56.7959 -22.0961 26.3183 -2.03205 -0.360287 -3.5 -0.83432 0.398116 -0.381332
82.626 -11.8675 -7.57625 1.84368 0 -3.69474 0.782645 -0.518437 0.344514
48.4219 19.994 19.8167 -0.581132 -0.0330106 -3.5 -0.0519385 0.547771 0.835014
68.1469 9.80225 30.3071 -0.761247 0 -3.5 0.568876 0.301182 0.765291
51.9585 -5.7245 14.331 -0.711156 0 -0.7 -0.548769 -0.406697 0.730377
60.5272 -6.781 -7.37075 0.204935 0 -3.5 0.0985522 -0.820651 0.562868
58.9125 -3.90725 35.935 -0.78295 0 -2.2135 -0.614505 0.745354 0.258518
83.8535 18.919 -2.165 -0.0560689 0 -4.5 0.663015 0.379911 -0.645042
81.2552 -9.06987 34.8639 -0.665849 -0.490965 -1.6 0.438583 -0.154274 -0.88535
85.963 -12.5422 5.05288 -0.171706 0 -3.5 0.684644 -0.728412 -0.0260424
92.496 -4.797 3.737 -1.94895 -0.846412 -3.5 0.875866 -0.474406 -0.0883034
48.7645 13.801 32.2095 -0.190531 0 -0.7 -0.37103 0.910201 -0.184039
69.6217 19.3258 11.2513 -1.57305 -0.311072 -3.5 -0.0387526 0.743153 0.667998
40.257 -4.528 8.26625 -0.257852 0 -0.8 -0.680242 -0.556922 -0.47656
64.7318 10.4808 -8.398 0.426793 0 -4.5 -0.662747 -0.190399 -0.724234
66.1126 -19.5079 42.47 -0.975238 0 -0.7 0.0796365 -0.555384 0.827772
60.822 12.843 14.247 -0.716688 -0.128119 -3.2 0.456511 0.840089 -0.292998
62.54 -1.09063 37.3916 -0.772574 0 0.861613 -0.03007 0.742083 0.669634
46.7255 9.4235 14.129 -1.89775 -0.731722 -3.5 -0.676478 -0.44888 -0.583852
81.2401 4.69975 -7.166 -0.455399 0 3.8497 0.615735 0.662383 -0.426754
42.4265 14.148 37.2573 0.815141 0 -3.9 0.625741 0.29105 0.723698
91.3421 -2.5615 9.17988 -0.549889 0 -2.60848 0.968678 -0.207067 -0.13706
76.2678 -9.986 -14.973 -0.106416 0 -3.2 -0.6028 0.00534581 -0.797875
42.221 7.13588 38.805 -0.273874 0 -3.5 -0.952469 -0.202674 0.227435
65.746 12.3813 8.5715 -0.72102 0 -3.5 -0.673598 -0.574842 0.464567
40.7571 6.43813 12.3036 0.170113 0 -4.5 -0.513744 0.741369 -0.431786
46.0088 -0.731 27.9631 -0.358526 0 -3.9 -0.00551393 -0.726029 0.687642
53.4726 -21.84 45.6299 -0.354683 0 -0.4 -0.38927 0.514743 0.763878
88.5922 8.2005 26.1005 -0.649904 0.020838 -3.77777 0.523064 -0.563339 0.639573
65.3126 -29.1903 38.1911 0.270322 0 -4.5 0.448535 -0.891968 0.0566447
49.8942 15.7203 36.3758 -0.15946 0 -0.7 -0.800007 0.597514 0.0544633
58.5286 -5.438 -7.281 -0.373009 0.285919 -3.33943 -0.568358 -0.717103 0.403401
85.1759 9.4095 -3.41162 -0.380844 -0.0111318 -0.816959 -0.0470583 0.996078 0.0749274
56.213 -3.275 -1.031 -1.24205 0 1.9 -0.562117 0.827053 -0.00292233
62.4379 8.34488 22.994 -0.404841 0 3.8 0.207149 0.962651 -0.174333
43.3651 -2.38138 26.7262 -0.0476432 0 -3.9 0.15276 -0.973121 0.172337
92.5027 -4.7735 5.48212 -1.31072 0 -3.5 0.841628 -0.373479 0.390097
71.0281 22.9661 5.8745 -0.0907909 0 -0.8 0.292575 0.955992 0.0218973
85.6965 0.1815 -12.4823 -0.1215 0 1.8 0.306427 0.833636 -0.459514
77.2162 0.4785 -12.2629 -0.315068 0 -3.9 0.393975 0.82019 -0.414817
62.811 11.4257 14.3074 -0.666554 -0.313318 -1.9326 0.276447 0.703443 -0.654786
52.4699 -7.92075 8.28325 -0.566302 -0.500692 -0.7 -0.131381 -0.922627 -0.362628
59.3377 1.771 -10.7802 0.781949 0 -4.5 -0.264723 0.398102 0.878314
77.9465 -8.16512 8.39075 -0.149104 0.18654 -1.71092 -0.623191 -0.773257 0.117076
76.4516 7.03025 -6.27738 0.296661 0 -0.7 0.474081 0.610951 -0.634023
87.2655 13.2205 22.2353 -0.374957 -0.0100765 -3.5 0.687952 0.617852 0.380763
60.2164 5.81337 -6.76862 0.158291 0 -0.8 0.339356 0.513563 -0.788093
48.6102 11.6958 40.4953 0.137009 0 -3.5 -0.442735 0.74724 0.495599
53.56 2.5315 35.9178 -0.613732 -0.95864 -4.5 0.35954 0.0160117 0.932992
53.562 -9.02925 2.241 -0.00298747 0 -3.5 -0.230972 -0.932576 -0.277405
74.76 -1.95875 22.9965 -0.710767 0 -1.6 0.332045 -0.369883 -0.867717
39.5851 12.4736 24.5214 -0.882006 0 -3.5 -0.794109 0.497412 0.349246
89.6839 -7.06763 24.4535 0.551313 0.376775 -0.8 -0.167277 -0.692887 0.701375
61.2936 13.8601 20.2035 -1.26485 -0.0500632 -3.5 0.677108 -0.597618 0.429392
46.998 -12.2579 42.7995 -0.375481 0 1.8 -0.688149 0.360032 0.629943
52.7405 -17.3555 44.343 -2.06226 -0.818365 -3.5 -0.71307 0.393301 0.580385
76.93 18.6488 23.1707 -0.1122 0 -1.6 0.116989 0.912061 0.393011
49.8525 3.9405 38.7567 0.194666 0 -4.5 -0.0655142 -0.190997 0.979402
59.8792 16.3489 28.6637 -0.333586 0 2.8 -0.0723534 0.963652 0.257175
88.2005 8.317 -1.9885 0.263346 0 -1.3 0.658399 0.135993 0.740282
42.2081 -20.3764 40.543 -1.26349 -0.646369 -3.5 -0.958321 -0.199776 -0.204231
76.1328 12.2256 21.758 0.21726 0 -1.6 -0.930047 -0.271377 0.247724
56.6113 -15.9563 44.3763 -0.888548 0 -0.9 -0.164733 -0.0890347 0.982311
81.053 3.01113 24.5685 -2.52552 -0.242514 3.8 -0.113912 -0.95991 0.256119
56.4531 3.23575 -7.32912 -0.2483 0 -0.919736 0.546551 0.222851 -0.80723
71.6175 3.17675 19.0335 -1.12165 0 -3.5 -0.787614 -0.54646 -0.284685
52.418 -20.3865 44.4051 -0.0939709 0 -0.608117 -0.0962874 0.280183 0.955105
79.5352 9.57575 29.8195 -1.34983 -0.161134 -3.5 -0.171802 0.389413 0.904899
89.1038 0.09275 -10.2015 -0.141251 0 -3.2 0.638019 0.679196 0.362801
60.3965 13.488 16.376 0.236642 -0.119714 -3.2 0.374884 0.855624 -0.356888
53.7492 -12.9081 43.9227 -0.909196 0 -3.2 -0.0109641 -0.0413984 0.999083
46.276 -8.393 40.2118 -0.841979 0.115773 -3.2 -0.74871 -0.0582893 0.66033
89.2933 1.66325 -6.59325 -0.184517 0 -3.5 0.410133 0.226807 -0.883374
53.2793 11.9245 17.8445 -0.45723 0 4.2 -0.531017 0.0905477 -0.842509
66.7785 -22.0138 30.98 -0.254104 0 -3.5 0.620353 0.511992 -0.59416
89.0863 -4.85463 -12.2536 0.199843 0 -3.2 0.251909 -0.966157 0.0555174
77.3564 20.1855 11.004 -0.622707 0 -0.9 -0.642265 0.759771 0.10121
48.5667 6.44387 40.2896 -1.01192 -0.517273 -3.5 0.484789 -0.444107 0.753491
57.9473 2.57725 38.8088 -0.378967 0 -1.6 -0.544267 -0.729254 0.414682
84.0944 7.62563 3.24237 0.212747 -0.253904 3.32712 0.897125 0.369389 -0.242319
83.807 -10.644 -7.515 -0.367933 -0.537158 -3.5 0.729553 -0.427649 0.533732
43.2934 1.108 21.3183 0.127449 0 4.5 -0.879271 -0.30268 0.367787
73.514 -12.7668 40.0078 0.548923 0 0.545023 0.669316 -0.161148 0.725292
82.5817 19.7045 -2.5585 0.531923 0 -4.5 0.280515 0.682263 -0.675151
63.178 -2.66425 40.2028 -0.37187 0 -3.2 0.241971 0.86649 0.43663
51.6585 16.1373 39.0698 -0.796391 -0.716775 -0.4 -0.450026 0.854497 0.259445
48.2375 -23.355 39.443 -0.485528 -0.131139 -3.2 0.444803 -0.893907 0.0554996
67.0099 15.7059 -7.8335 0.277573 0 -4.5 0.0664346 0.883706 0.463303
60.8606 9.715 22.809 -0.839899 0 2.5 0.895449 0.138454 -0.423086
56.214 -6.5325 41.3835 -0.273037 0 -0.7 -0.323165 0.117284 0.939047
57.8063 5.0605 0.2575 -0.149698 0 4.2 -0.82364 0.507268 0.253566
61.3835 -13.8328 24.7584 -0.242873 0 3.8 0.0119944 -0.546577 -0.837323
91.423 8.49375 11.6318 -0.11856 0 -3.5 0.411759 0.821238 0.394997
87.4928 13.4937 28.8673 2.50372 0 -3.9 -0.061365 0.531515 0.844823
76.4825 -7.18875 26.937 -0.396899 0.198856 -3.5 0.972075 -0.234277 0.0135782
64.046 10.888 16.332 -0.398723 0 -0.8 0.522289 0.552837 0.649296
66.2085 11.4446 8.83762 -0.637733 0 -3.5 -0.992845 0.0970651 0.069555
88.7678 8.714 4.75125 1.71741 0 -0.7 0.319723 0.820544 -0.473799
41.9777 0.2835 13.3035 -0.262961 -0.751759 -1.6 -0.867029 0.121296 0.483267
64.6395 10.7335 -1.85438 0.0713772 -0.0474213 -0.245414 0.613195 0.69179 -0.381338
63.332 -0.618 -7.158 -0.432126 0 -1.3 -0.851829 0.306709 -0.424638
43.3344 12.0566 16.9089 -0.0799111 0 -4.5 -0.900755 -0.398778 -0.172094
62.1834 13.5339 -10.4819 -1.88415 -0.915757 -3.5 -0.0403785 -0.34312 -0.938423
58.7363 12.4209 -4.13662 -0.739245 -0.863865 -3.5 -0.12446 0.99135 0.0416514
63.9798 -25.1425 44.8797 0.355685 0 -4.5 0.528597 -0.2455 0.812598
86.2754 16.0851 10.7979 -0.370167 0 -0.9 0.620487 0.74183 -0.254329
77.3542 -11.9513 0.44225 -0.0467107 0 -0.7 -0.148196 -0.170619 0.974129
57.0277 -5.17338 -15.3696 -1.19115 0 -3.5 -0.926109 0.124185 -0.356232
58.6866 -22.5169 30.8375 -1.08341 0 -3.5 -0.933341 -0.305817 0.188017
65.0554 13.3663 -11.1995 0.163014 0 -4.5 -0.575039 0.071677 -0.81498
70.5433 15.6331 -0.665375 0.458514 0 -0.0875209 -0.541501 -0.208454 -0.814447
90.4277 -6.5605 2.7975 -0.354109 0 -4.5 0.260831 -0.85596 0.446429
87.2749 -3.17213 24.8307 1.01546 0 -0.4 0.654487 0.414248 0.632491
83.0427 -3.32288 17.8079 -1.30676 -0.453499 -3.2 -0.698707 -0.714514 0.0357378
89.9402 -3.6675 -13.6578 -0.0443626 0 -3.2 0.658775 -0.370327 -0.654884
64.7452 12.3656 15.5077 -0.392904 0 -3.5475 0.0506936 -0.129825 0.99024
68.2802 -3.2085 -15.3039 -0.258969 0 -1.3 -0.325367 0.58801 -0.740527
82.7311 24.4855 16.0031 0.361913 0 -3.5 -0.391377 0.434176 -0.811366
81.9542 4.89625 -6.2065 -1.07347 0 -1.3 0.268106 0.507418 -0.81893
52.1678 -3.647 18.6327 0.377897 0 4.5 -0.61104 -0.791265 0.0230272
69.5099 -25.9089 41.006 -0.442358 0 -3.5 0.649128 -0.612585 0.450969
51.6174 9.21362 -6.578 -0.272545 -0.380261 -3.22978 -0.98349 -0.180463 -0.0134565
87.821 13.8131 20.8791 -1.11687 -0.181717 -3.5 0.700464 0.479279 0.528811
70.576 3.25125 -12.6721 -0.33298 -0.152 2.21764 0.487918 -0.0684512 -0.870201
78.4439 -13.5146 -5.23962 0.284858 0 -2.53105 0.0684645 -0.984056 -0.164153
52.1905 -8.71513 39.2713 -0.503511 -0.0127473 -3.2 0.230716 0.972986 0.00829845
73.3877 -4.22137 -15.5452 0.500518 0 -2.76386 -0.0823202 0.149814 -0.985281
67.0076 -3.55413 -15.295 0.027522 0 -1.3 0.0656893 0.524631 -0.848791
62.6009 20.4861 4.73987 -0.414727 0 1.8 -0.951739 0.245191 -0.18459
71.1137 0.0585 -13.1996 -1.17314 0 -0.7 0.520006 0.369659 -0.77003
75.9165 -13.9637 -6.414 0.25843 0.355422 1.8 0.246145 -0.969206 0.0072718
90.842 -0.909875 -9.004 -1.4253 -0.754242 -3.5 0.605417 0.0823104 -0.791641
54.913 -1.3095 35.524 -0.710546 0 -3.5 0.58519 0.0997837 0.804733
83.007 -15.24 0.277 0.293759 0 -3.9 0.691198 -0.656721 0.301601
51.6749 -5.09863 35.6845 -1.07868 0 -3.5 -0.0247464 -0.868475 0.495115
42.5257 -16.5524 40.62 -0.203143 0 -0.8 -0.885551 0.312616 0.343615
79.7688 -4.60537 25.8141 -2.37433 -0.0251743 -3.5 0.59778 -0.590926 -0.541725
65.7716 -8.7115 -13.3926 -0.336326 0 -1.3 0.275618 -0.896584 -0.346658
59.484 2.2825 1.522 0.0253446 0 3.97134 -0.936639 -0.347709 -0.042483
65.434 13.469 -0.76125 0.0899163 0 -0.8 0.337978 0.0715711 -0.938429
50.0993 7.1895 40.4045 -1.266 0 -3.5 0.238861 -0.551155 0.799483
56.6357 4.15025 37.7262 0.437225 0 0.198616 -0.397046 -0.703581 0.589345
57.8293 14.6444 21.021 -0.402741 0 -0.935239 0.0262538 0.177552 0.983761
72.747 8.41387 19.7159 0.0980277 0 -2.3164 -0.829392 0.513906 0.219112
49.6545 -3.34475 2.28625 -0.227794 0 4.2 -0.209211 -0.447919 -0.869252
67.5896 -13.3235 -12.8925 -0.0263731 0 1.9 -0.831037 0.408747 -0.37723
79.0052 -6.13925 5.59625 0.395454 0.197384 -3.2 0.201938 -0.938122 -0.281333
92.6345 0.381 16.6685 -0.256098 3.86864e-05 -0.900417 0.86668 0.367938 0.336878
63.3963 6.04287 32.6199 -1.38484 0 -4.5 0.87472 -0.474876 0.0967385
75.234 -12.7065 32.287 -0.187859 0 -2.65495 0.0920073 -0.945817 -0.311391
75.2182 -12.1042 26.7675 -1.50568 0 -3.5 0.515491 -0.648487 -0.560119
54.578 10.287 41.889 -0.428152 0 -3.5 -0.260478 0.306122 0.915664
41.8405 0.55325 9.17525 -0.167915 0 -1.6 -0.0743112 0.473703 -0.877544
88.2095 -8.20325 3.539 -0.640833 0 -1.86617 0.65174 -0.107013 0.750855
90.0605 24.0823 4.463 -1.13941 -0.0870003 -3.5 0.516529 0.842281 -0.154144
70.7943 12.2779 17.5429 -0.283649 -0.218407 -4.5 -0.725673 -0.339827 0.598261
57.952 -15.9517 25.8423 -0.906759 -0.0517698 -3.04122 -0.630286 -0.529363 -0.567904
92.7496 -6.57325 -2.68313 0.326535 0 -4.5 0.350347 0.142432 -0.925727
75.9075 20.4184 20.1886 -1.8581 -0.0670983 -3.5 0.135249 0.189358 0.972549
57.3705 17.2952 35.5908 -0.101994 0 -0.8 0.231666 0.750909 0.618439
86.6608 -8.05037 8.4105 -0.77507 -0.269206 -2.25047 0.883568 -0.119766 -0.45273
49.5312 -16.8557 40.6063 -0.69681 0 1.8 -0.281526 0.345926 0.89503
85.2606 14.6399 27.0989 -1.4089 -0.0129478 -3.5 0.491307 0.772774 -0.401792
83.7751 8.76225 1.189 0.636952 -0.106369 0.400285 0.894347 0.336209 0.295137
58.8618 -16.7694 44.9261 -1.08159 0 -1.21103 -0.454116 0.150792 0.878089
77.1292 0.5975 21.9586 -1.30841 0 -3.5 0.245767 -0.969321 -0.00378178
66.224 -26.8792 30.4252 -0.823986 0.408051 -3.5 -0.284881 -0.955749 -0.0733893
51.3865 -0.48275 25.7749 -0.414878 0 4.2 0.0958822 -0.893915 0.437862
45.1336 4.52612 8.14587 -1.40622 -0.212457 -3.5 -0.660798 0.671321 -0.335669
40.706 14.099 20.3983 -0.91383 0 -3.5 0.066344 0.373201 -0.925375
68.8142 9.09706 16.0124 -1.39688 -0.0387716 -3.5 -0.528448 0.0931335 0.843842
81.279 -1.8565 18.351 -0.629358 0 -3.2 -0.730903 -0.591793 0.339945
70.6815 -9.339 4.2765 -1.76321 -0.835557 -3.5 0.399873 -0.157345 0.902964
70.4451 -7.52875 -14.8807 0.676108 0.703174 -0.7 -0.814392 -0.0645432 -0.576715
50.69 2.52894 -11.0641 -0.0318768 0 1.8 -0.618399 0.721458 -0.31158
62.1446 11.3603 33.2794 -0.0219038 0 -3.2 -0.0477773 0.985878 0.160502
44.6686 -13.7459 39.9881 -0.471568 0 4.2 -0.230008 0.609529 0.758664
58.0435 -20.1515 33.0555 -0.554421 -0.0018401 4.08743 -0.673189 -0.730791 -0.112966
90.4139 -5.2255 17.8662 0.0913659 -0.0370118 1.95544 0.727141 -0.685431 -0.0380804
55.5061 -8.65788 34.9911 0.484345 0 -4.5 -0.499656 -0.173774 0.848615
44.5401 12.4408 14.322 -0.00802205 0 -4.5 -0.628604 -0.32805 -0.705152
58.5841 -9.28075 44.1493 -0.343894 0 -0.9 0.0701241 0.982397 0.173143
67.1139 3.43375 35.5829 0.526247 0 -2.86792 -0.979937 0.144453 0.137322
70.5592 -0.486375 37.2518 0.0601055 0 -2.69822 0.8059 0.097133 0.58403
83.8144 24.9984 11.7579 0.377022 0 -1.6 -0.0297555 0.488901 0.871832
79.1227 22.2844 2.42175 0.101872 0 -3.89421 -0.169397 0.290605 -0.941729
68.3545 -13.4225 -13.854 0.020354 0 1.9 -0.471582 0.532035 -0.703242
70.3589 2.52662 34.8274 -0.530064 0 -0.8 0.860193 0.347801 0.372964
78.4051 13.2981 25.3806 0.142112 -0.0639142 -0.7 0.131948 0.895249 0.425581
76.0153 5.748 -7.889 -0.00387291 0 -0.7 0.685089 0.517648 -0.512536
82.6075 -4.80575 37.6395 -0.143418 0 -1.6 0.657763 0.659598 -0.363701
86.0416 11.7414 28.9373 0.330241 0 -3.9 -0.236048 -0.0115714 0.971672
47.148 -23.228 37.9782 -0.612639 -0.136098 -3.2 0.50058 -0.751462 -0.429796
45.2536 3.85975 11.1029 0.108325 0 -2.48127 -0.268769 0.929194 -0.253698
67.9961 -19.3325 29.5881 0.120388 0 -0.7 0.258591 -0.811491 -0.524035
63.6136 6.84188 31.5225 -0.729087 0 -4.5 0.828189 -0.483854 0.282822
45.5765 15.3995 17.0667 0.241079 0 -4.5 -0.557767 0.827322 0.0665904
58.3587 14.2836 3.76437 -1.85585 0 -3.5 -0.921997 0.362804 0.135255
94.5976 4.00925 13.6141 0.311842 0 -4.5 0.961568 0.27304 0.0289179
43.2812 7.66988 22.8001 0.638747 0 1.61526 -0.0696496 -0.84658 0.527686
75.0673 23.9307 4.18444 0.365758 0 -4.5 0.212933 0.955014 -0.206415
55.3924 -0.708125 -4.84637 -0.654095 -0.158847 -0.8 -0.485312 -0.832115 0.268433
66.9327 -6.72687 12.4104 0.0711054 0.433639 -2.039 -0.148211 -0.709448 0.688997
50.0747 -2.713 14.887 -0.0723713 0 4.04489 0.361087 -0.912693 0.19133
46.9255 8.4755 15.1255 -0.837368 -0.339927 -3.5 -0.593864 -0.311835 -0.741677
61.987 -26.5631 33.7409 -0.465906 -0.532945 -3.5 -0.605051 -0.560122 -0.565842
81.0352 -5.92438 3.04075 0.149022 0 3.8 0.308905 -0.742185 0.594759
90.7822 8.69287 10.5042 -0.166454 0 -3.5 0.26909 0.959154 0.0872564
58.1265 -24.386 35.3965 -0.603083 -0.22883 -1.3 -0.661721 -0.739562 -0.123179
59.4654 -2.2285 38.5658 -0.287308 0 -3.2 -0.625483 0.776699 0.0742274
53.4425 -19.619 44.533 -0.678782 -0.2727 -2.14438 -0.250013 -0.0355645 0.967589
77.1665 -12.3333 39.1381 0.0875245 0 -3.9 -0.644126 -0.378957 0.664449
71.075 3.83975 18.2313 -0.640759 0 -2.80703 -0.813974 -0.559608 0.155838
43.8683 9.83963 40.0443 0.157646 0 -3.5 -0.338291 0.786129 0.517263
59.6475 -7.9475 16.5037 -0.647677 -0.220918 -3.70104 0.480539 -0.402061 -0.779377
84.6765 -7.09275 -12.2655 0.468876 0 -3.5 0.427192 -0.486499 -0.762119
64.0764 5.73962 21.6811 -0.0698941 0 2.10127 0.766791 0.382684 -0.515348
68.136 14.461 -9.26 -0.244497 0 -4.5 0.647707 0.592228 -0.479313
63.6605 13.5174 -0.847 0.142706 0 -0.8 -0.328426 0.303474 -0.89445
77.6365 1.8925 34.04 -0.977514 -0.509752 -1.78944 0.308761 0.0451989 0.950065
84.7718 21.4224 20.2728 -0.218638 0 -3.5 0.287775 -0.218166 0.932518
42.7127 6.92812 35.0155 -0.501832 0 -3.68736 -0.042072 -0.859749 -0.508981
54.3785 -6.03 0.84075 -0.33299 0 -3.5 -0.335693 0.810667 -0.479719
51.976 11.774 18.8235 -0.470183 0 4.2 -0.248072 0.04197 -0.967832
74.5238 -8.68913 3.21075 0.00588425 0 -3.5 -0.399814 -0.9138 0.0715473
49.9195 -0.39475 27.9305 -0.577857 0 -3.69908 0.424666 -0.843842 -0.328008
53.7955 18.571 18.6798 -0.330589 0 -3.9 0.211809 0.639856 -0.738729
81.4068 12.032 24.8433 0.148189 0 -0.4 -0.123108 0.951971 0.280349
79.7115 -10.1905 -15.7773 -0.100107 0 -3.2 0.606105 -0.0323201 -0.794728
76.7625 18.4225 -0.218875 0.723522 0 -1.62988 0.143668 0.926852 -0.346851
53.9608 3.291 -17.1485 -1.39967 -0.512216 -3.5 -0.802792 -0.308088 -0.510497
60.3995 -29.1565 42.531 0.119598 0 -4.5 -0.0545618 -0.944096 0.325124
57.045 16.3551 36.6311 0.380143 0.396099 -0.8 0.125881 0.826791 0.548243
56.036 6.12825 41.9062 -0.585068 0 -3.5 -0.0603912 -0.894444 0.443084
69.178 -8.09488 6.99988 -0.90224 -0.658126 -3.75815 0.518307 -0.69822 -0.493808
82.9792 14.1574 3.01513 1.18081 0 -3.9 0.933466 0.334633 0.12908
41.6253 4.91713 17.5625 0.462927 0.754142 -3.18104 -0.687258 0.499486 0.527437
48.608 15.252 13.841 -0.462173 0 -4.5 0.130372 0.194499 -0.9722
46.1195 -2.2245 19.916 -0.317151 0 4.43843 -0.296998 -0.954847 0.00773738
52.2535 4.80625 -7.223 -0.21694 0 -1.6 -0.998325 -0.0111011 0.0567796
46.1245 20.7997 18.705 -1.4038 -0.0403119 -3.5 -0.456146 0.732221 0.50575
91.787 -0.388 6.05325 0.272211 0 -3.40757 0.930663 0.176281 -0.320611
74.1892 13.6257 21.3183 0.196081 0 -1.6 -0.609013 -0.688305 0.394131
58.0245 4.5275 5.93225 -0.303439 0 -0.982647 -0.00441229 0.982187 -0.187853
71.9405 -13.7618 -7.77 -0.00223701 -0.27658 -3.5 0.481684 -0.876001 -0.0245622
54.2975 22.642 25.256 2.55869 0.0476277 -3.9 -0.51933 0.595858 0.612577
47.7181 1.71763 31.4585 -1.20491 0 -1.65147 -0.544361 0.529125 0.650921
70.7943 -13.7429 25.0309 -0.367976 0 -0.7 -0.199063 -0.166567 -0.965727
64.5553 5.26575 -8.81625 0.199984 0 3.8 -0.681443 0.566572 -0.463283
91.3466 -3.8835 -4.636 0.166321 0.575234 -4.15439 0.577562 -0.498619 -0.646375
97.1275 -4.28512 16.1401 0.921409 0 -4.5 0.805169 -0.566418 0.175707
91.042 3.43225 0.53125 0.0280663 0 1.8 0.0681469 0.997232 -0.0297535
57.619 -4.68437 35.448 -0.516142 0 -0.9 -0.325877 0.731018 0.599514
77.0675 4.7745 -9.178 0.697832 0 0.451893 0.171827 0.957266 -0.232632
47.4275 -6.969 7.62 -1.03454 0 -0.7 -0.365136 -0.705568 -0.60733
85.3692 22.4503 8.943 0.173403 0.24815 -3.5 0.904724 -0.0220952 0.425426
54.255 7.4845 -10.3652 0.480097 0.149741 -0.4 0.128471 -0.37269 -0.91902
41.6123 7.65225 37.3247 -0.183092 0 -3.5 -0.735906 -0.377256 0.562245
48.3787 13.1917 28.543 -0.354438 -0.253543 -1.3 0.553566 0.727286 -0.405733
43.2694 5.23338 21.1214 0.0724854 0 3.8 -0.840052 -0.0749629 0.537301
50.3911 -5.09438 2.65263 -0.158878 0 0.549416 -0.626205 0.245292 -0.740067
91.219 -7.55363 1.76312 0.00519069 0 -4.5 -0.00694694 -0.378745 0.925475
55.4435 -21.3207 34.2738 -1.46873 -0.0875894 4.2 0.675127 -0.505477 -0.537306
53.231 11.0498 -1.808 0.347447 0 -4.5 0.610694 0.734023 0.297093
67.485 -19.257 42.634 -0.588794 0 -0.7 0.283361 -0.601323 0.747072
70.689 6.644 30.52 -0.480308 0 -0.7 0.148832 0.741541 0.654191
67.6466 -7.5 -2.18613 -0.473582 0 -3.52917 -0.647082 -0.48535 -0.58798
87.2275 -6.95262 18.6637 -0.136484 0 2.42581 0.132221 -0.642433 0.75485
64.7379 -23.0659 27.7174 -0.252506 0 -3.5 0.789081 0.345593 -0.507855
64.9116 -21.0555 27.8486 0.266138 0 -2.08568 0.7401 -0.491458 -0.459043
50.3935 -7.14 5.695 -0.0866249 0 -0.7 -0.567214 -0.789618 -0.234035
44.3848 2.27863 8.83225 -0.355684 -0.22582 -3.5 -0.759949 0.155854 -0.631021
64.5658 14.1807 -0.95225 -0.0121161 0 -0.8 0.108064 0.149045 -0.982908
54.3252 -9.23375 6.4775 -1.20245 0 -3.5 -0.732035 -0.604297 0.314562
93.5831 4.47862 9.31875 -1.45077 -0.274866 -3.5 0.708574 -0.647453 0.280585
82.611 11.9807 -0.628688 0.592248 0 -3.9 0.660374 0.245562 -0.709652
64.7272 -28.2795 40.6418 0.0413039 0 -4.5 0.167759 -0.753861 0.635256
87.2331 -6.63 5.71812 -0.669085 0 3.68787 0.570917 -0.668574 0.476512
54.5414 14.8121 40.3022 -0.209087 0 -2.53491 0.0413437 0.608259 0.792661
55.6344 18.5357 28.3561 -0.247572 0 -3.5 -0.395219 0.664939 0.633765
49.486 15.989 23.8312 -0.0998559 0 4.5 -0.107776 0.6976 0.708335
58.2743 -23.9899 37.6891 -0.362874 -0.56646 -1.3 -0.424572 -0.899991 -0.0987723
54.334 4.37075 38.696 -1.70978 -0.776919 1.8 0.150118 -0.948786 0.277976
58.014 -10.9029 0.49975 0.119631 0 3.12436 -0.293745 -0.942327 -0.160419
63.9142 -7.36587 12.0221 -1.14851 0.136461 -1.91125 -0.162067 -0.131813 0.977936
81.7943 -9.74225 41.0918 1.98973 0.045355 -3.9 0.956028 0.278656 0.091438
78.7122 4.7605 31.9225 -0.0841846 0.130937 -3.59424 0.362715 0.192739 0.911751
87.9536 -13.6991 -1.09563 -1.85313 -0.278597 -3.5 0.434543 -0.774069 -0.460423
75.9346 -13.6822 33.1983 -0.0593383 0 -1.6 -0.218348 -0.636269 -0.739923
59.1748 4.76175 32.7152 -0.274871 0 -1.92458 0.0756488 -0.997096 -0.00877711
59.5196 -6.438 -7.25562 0.00845623 0 -3.5 -0.471134 -0.630181 0.617175
67.3838 13.468 -10.9417 -0.28868 0 -4.5 0.553062 0.288336 -0.781655
55.6037 -2.93775 28.3218 0.0173758 0.467979 -1.29993 -0.570287 -0.193301 -0.798378
52.5225 -3.8285 17.5385 0.15463 0 4.5 -0.709226 -0.703547 0.0449316
66.6097 18.6301 8.52787 -0.265207 0 0.425785 -0.219807 0.831702 0.50986
80.541 -10.054 -14.7865 -0.342802 0 -3.2 0.866216 -0.212979 -0.452006
62.5661 -8.63713 -8.69675 -0.40082 0 -1.3 -0.648501 -0.298754 0.700138
62.965 -27.8521 32.9496 -2.1031 -0.274122 -3.5 -0.316167 -0.176019 -0.932232
61.656 14.0321 6.574 -1.12816 -0.100895 -3.5 -0.624202 0.32229 0.711689
80.7432 13.5647 -1.55 0.559439 0 -4.20783 0.441331 -0.216149 -0.870923
50.3941 14.7373 40.6372 -0.0806995 0 -0.4 -0.639771 0.339317 0.689606
92.072 1.276 10.3837 -0.128954 0 4.2 0.994787 -0.0994619 -0.0225026
48.7122 4.67487 32.0556 -0.459192 0 -0.9 -0.782671 -0.41692 0.462173
84.8503 9.4255 -4.468 -0.301161 0 -0.785185 -0.310069 0.941874 -0.129342
62.6998 22.9258 5.33231 -0.177702 0 1.8 -0.781493 0.305158 -0.544195
79.3595 -6.93375 32.232 -0.28074 -0.153555 0.524765 0.695155 -0.706649 0.131936
39.9448 6.0655 31.136 -0.921437 0 -3.5 -0.595264 0.0626928 0.801081
91.6829 -5.42825 14.4284 -1.02408 -0.0966786 2.8 0.66372 -0.561961 0.493635
87.7002 -7.18138 8.80575 -0.658809 0 2.8 0.277597 -0.804806 -0.524621
70.354 -4.743 -16.0005 -0.051908 0 -1.3 0.144283 -0.277082 -0.949952
50.0516 0.024125 -9.74725 -0.0567105 0 1.8 -0.747513 -0.492713 0.445487
62.4997 16.0724 -6.41138 -0.209773 0 -3.5 0.135523 0.895546 0.423829
57.2132 -23.4056 37.5995 -0.372634 -0.17288 -1.34842 -0.242788 -0.960822 -0.133701
70.2105 20.5421 9.63787 -0.439743 0 -3.5 -0.0635299 0.83924 0.540037
92.8992 2.11775 7.486 -0.149189 0 -0.4 0.969198 -0.234602 -0.0749484
42.3935 8.8735 19.809 -0.042883 0 3.8 -0.613498 -0.208796 -0.761593
44.777 6.1845 37.1025 -0.808822 0 -3.5 0.479302 -0.746394 -0.461698
45.1533 6.63963 42.2962 -0.551726 0 -3.5 0.113909 -0.246964 0.962306
79.5857 0.08575 20.5933 -2.68081 0 -3.5 -0.253075 -0.93263 0.257206
49.0366 -12.8869 36.3666 -0.952417 0 2.67724 0.247798 0.587999 -0.76997
85.2986 -5.91575 22.8228 0.439527 -0.64639 -0.660028 0.297359 -0.937525 0.180622
50.223 -6.62975 4.25825 0.0734101 0 -3.5 -0.761552 -0.642323 0.0863736
56.1377 11.8673 16.195 -0.387809 0.221425 -2.3982 -0.837818 0.463876 -0.28789
48.4215 2.8785 31.017 -0.590843 0 -0.9 -0.647978 0.370837 0.665285
66.8463 -10.9065 -10.6486 -0.302938 0.175021 0.881418 -0.691735 -0.572818 -0.439752
48.5385 -6.741 39.1465 -0.822345 0 -3.2 -0.00343078 0.998465 -0.0552873
65.258 -11.927 -0.285 -0.0380879 0 -3.9 0.608305 -0.789775 -0.078871
49.6295 2.97875 33.492 -0.112712 0.000242461 -4.5 -0.933659 0.327967 -0.143937
84.3432 -0.98375 -13.755 -0.153494 -0.021021 1.8 -0.187928 0.459191 -0.868232
59.2902 -6.167 0.597 -0.918438 0 1.9 -0.3142 0.949346 0.00460808
45.6034 -8.47525 38.7811 -0.379211 0 -3.2 -0.9192 0.254999 0.300077
69.845 3.39025 16.4282 -0.620928 -0.0915384 -1.3 -0.233844 -0.646138 0.726514
62.973 -4.55275 16.7985 -1.66054 -0.392606 -3.5 0.699051 -0.116215 -0.705565
68.085 -11.1912 0.920875 0.00820135 0.0319577 -3.56998 -0.346444 -0.937795 -0.0227592
51.5778 11.9513 -9.26225 -0.748645 0 -0.4 -0.546609 0.56863 -0.614718
47.8083 8.3655 14.6512 -0.911233 -0.190487 -3.5 -0.423615 -0.539937 -0.727336
87.6028 -9.3315 15.3097 -0.181634 0 3.8 0.417115 -0.907129 0.0559594
91.4591 -0.716625 4.03562 -0.48031 0 -0.917049 0.946259 0.311999 -0.0851535
55.7907 15.0208 39.8363 -0.0452453 0 -3.9 0.110178 0.883136 0.455994
71.468 -12.252 -2.049 -0.204683 0 1.8 0.623179 -0.352727 0.69802
73.9109 -3.33313 -15.8569 2.41211 0 -3.9 -0.308198 -0.268879 -0.912534
52.74 7.811 -10.22 -0.0786887 0 -0.4 -0.323688 -0.54341 -0.774553
61.5052 4.82075 33.362 -0.793299 0 -4.5 0.271282 -0.95935 -0.0778108
75.497 -6.4365 22.141 -1.43136 0 -3.5 0.323598 0.315266 -0.892128
54.9453 -5.7615 -2.515 -0.419128 0 1.9 -0.997454 -0.0292209 -0.0650565
53.7015 -2.959 2.191 -0.081977 0 -1.6 -0.273846 -0.302904 -0.912829
91.64 4.664 19.9065 -0.00547437 0 -0.9 0.940791 0.28274 0.187001
53.736 -8.6805 41.464 -0.263901 0.212682 -3.2 -0.254265 0.798154 0.546167
63.0784 -13.8801 45.6705 -0.963134 -0.163436 -2.81834 0.0795279 0.420076 0.903997
56.723 16.597 23.7325 -1.76331 -0.850323 -3.5 0.878416 -0.146708 -0.454821
53.5749 -7.248 28.3514 0.108521 0 1.9 -0.331794 -0.391893 -0.858098
51.6574 19.5874 21.2634 0.0390201 0 -3.9 -0.667899 0.737306 0.10144
50.548 -17.7315 34.8814 -0.638069 0 4.2 -0.765224 0.100904 -0.635807
65.851 -27.065 32.1195 -0.0654679 0.587965 -3.5 -0.0929457 -0.964847 -0.245827
54.5144 7.312 10.8801 -0.534464 0 1.48818 0.40473 0.791117 -0.458614
65.3644 7.05162 -3.8905 0.247225 -0.65139 -0.8 0.653584 0.678452 0.335458
69.3542 -5.16975 8.88575 -0.931093 0 -0.8 0.697154 0.316796 -0.64313
62.4982 12.5983 -9.41512 -2.12748 -0.0932304 -3.5 -0.148273 -0.701811 -0.696761
83.8065 10.8999 29.0984 -0.152392 0 -3.5 0.437658 -0.379709 0.815032
84.2231 16.7693 1.11588 0.292022 0 -4.5 0.717734 -0.195124 0.66842
71.2471 6.10588 18.1121 -0.176022 0.0212069 -2.3059 -0.775683 0.311791 0.548727
68.8725 6.4515 37.9123 2.15065 0.129403 -3.9 -0.0517533 0.964736 0.258082
85.1535 13.5472 5.267 0.270835 0 3.8 0.32111 0.814399 -0.483365
59.714 9.15213 19.9646 -0.566383 0 3.8 0.745762 0.665371 -0.0334567
95.2656 -4.51237 18.0761 -0.278812 0 -4.5 0.422495 -0.874282 0.239018
45.859 -0.678 7.94163 -0.397678 -0.266452 0.0967616 -0.284763 0.242332 -0.927462
65.7041 -23.304 28.0362 -0.300567 0 -3.5 0.32541 0.568229 -0.755794
53.646 1.4145 36.3978 -1.50076 -0.355046 -4.5 0.446562 0.19653 0.872903
58.804 -5.73425 -4.732 -1.39301 0 -3.5 -0.171859 -0.746041 -0.643341
59.4723 2.97225 -16.4422 0.252931 0 -4.5 0.48811 -0.133032 -0.862584
71.2334 6.11025 -13.5868 -0.174448 0 4.2 0.211916 0.149954 -0.965715
81.3315 1.9485 22.9805 -1.9356 -0.223882 -3.38524 -0.42156 -0.632414 0.649877
46.025 7.782 10.0205 -1.54191 -0.387785 -3.5 -0.99179 0.114582 -0.0567813
71.477 5.0395 20.821 -1.15077 0 -3.5 -0.530281 0.524318 0.666252
73.7 -8.6445 4.2965 -0.288402 0 -3.5 -0.294808 -0.943683 0.150169
70.9151 3.00262 15.6424 -0.78147 0 -1.3 0.237313 -0.93442 0.265599
44.784 14.5673 31.527 0.158149 -0.0849186 -3.71798 -0.55224 0.666624 0.500643
82.449 23.3245 3.086 -1.49246 -0.00344381 -3.5 0.820382 0.456001 -0.345016
52.431 1.35612 -12.6544 0.796725 0 0.741342 -0.406397 0.276314 -0.870914
62.3662 8.23225 20.4725 -0.418016 0 3.8 0.25832 0.932326 -0.253058
79.7014 0.0485 18.2386 -2.01522 -0.755871 -2.93413 -0.328472 -0.893199 0.307084
62.8802 -2.44175 17.1244 -0.736072 0.00120869 -1.21391 0.77837 -0.439986 -0.447832
68.51 -10.5304 3.00575 -0.789004 0.322214 -3.5 -0.634982 -0.406543 0.656902
50.366 -8.28675 9.682 0.0056292 0 -0.7 -0.686774 -0.668345 -0.285755
75.8755 4.8315 -13.8547 0.0480553 0 -1.3 0.3233 -0.226861 -0.918701
53.4738 -8.296 5.713 0.22586 0 -3.5 -0.590329 -0.747282 0.305091
47.1488 21.202 19.0107 -1.74353 -0.11651 -3.5 -0.341109 0.60045 0.723259
57.2511 17.3163 29.2056 -0.268627 0 -3.5 0.34636 0.633806 0.69161
89.6728 9.16375 17.8088 -0.369807 0 -4.5 0.99055 0.114465 0.0755531
59.012 -0.645375 -1.46162 -0.723463 0.167745 -1.23348 -0.822337 -0.424244 0.379182
77.6471 -8.329 38.0397 0.313644 -0.345127 -2.90312 -0.543966 0.274989 0.792769
65.9724 -11.2095 -0.52925 -0.0227553 0 -3.9 0.438277 -0.827528 -0.350871
81.0425 15.221 22.7285 -0.139938 0 -0.9 0.125469 0.586024 0.800521
65.373 -26.3065 28.3293 -0.618867 0 -3.5 -0.230473 -0.655055 -0.719573
39.2824 11.2695 21.9455 -0.805092 0 -1.85339 -0.977361 -0.206178 0.0474942
43.1916 13.0374 37.006 0.64166 0 -2.2127 0.301355 0.407396 0.862098
39.1203 13.4862 35.232 1.80623 0 -3.9 -0.93106 -0.0595556 -0.359973
54.2714 -3.65875 -12.7965 0.0946794 0 -0.8 -0.201754 -0.968564 -0.145532
78.5403 -7.399 31.0457 -0.287371 -0.154369 -3.2 0.528998 -0.845659 0.0708696
82.8432 -5.50575 38.4715 0.00326814 0 -1.6 0.922143 0.350842 0.162981
52.9645 -1.02963 2.60763 -0.491184 0 -1.6 -0.00121304 0.575643 -0.8177
51.0826 -7.37913 29.9461 -0.00715881 0 1.9 -0.623744 -0.757869 0.191252
88.4977 11.7361 18.0054 -0.933064 0 -4.5 0.856932 0.42068 0.297819
38.9507 14.3964 23.6626 -0.926759 0 -3.5 -0.548172 0.0193592 0.836141
82.7806 -4.673 -16.2372 -0.0216799 0 1.8 -0.38793 -0.123081 -0.913434
51.3289 -6.81425 0.77725 -0.892887 -0.233742 -3.5 -0.588796 0.370228 -0.718506
42.0395 8.45487 38.5321 0.132403 0 -3.5 -0.809151 -0.0303089 0.586818
70.5195 -24.182 38.4775 0.00512618 0 -3.5 0.938585 0.340033 0.0586124
38.7549 -0.264375 11.903 0.0157063 0 -3.5 -0.601922 0.628416 0.492729
60.3864 3.63713 -15.8431 0.233356 0 -4.5 0.791024 0.205753 -0.576148
42.1133 -2.3635 13.2156 -0.204686 0 -3.5 -0.0499515 -0.683645 0.728103
78.2965 18.994 1.06475 0.847436 0 -3.79142 -0.213312 0.775025 -0.594839
69.8292 -11.9626 -0.446875 -0.301295 0 -3.5 -0.0731009 -0.996909 0.0288014
90.3455 9.12375 8.1785 -0.216607 -0.52354 -3.17464 0.780357 0.584675 -0.221804
75.609 2.24012 34.3466 -0.26946 0 -2.86809 0.0488165 0.432057 0.900524
59.4502 10.398 3.77975 0.552903 0 -4.5 -0.983216 0.0493334 0.175651
49.7401 -6.81437 39.4775 -0.21738 0 -3.2 0.422865 0.906079 0.0143627
46.706 15.5215 27.954 1.75862 0 -3.9 0.561734 0.621084 -0.546543
65.4528 11.408 7.72587 -1.189 0 1.17935 -0.477243 -0.170055 0.86216
83.3876 10.0659 1.75825 1.94545 0 -3.9 0.991659 -0.0857417 -0.0962338
68.0055 3.03 23.0805 -0.758081 0 2.8 -0.251213 0.962136 -0.105767
87.1823 3.27737 0.512375 0.194366 0 -2.3043 0.409367 0.847466 -0.337965
67.9713 8.73375 30.8377 -1.87757 0 -3.5 0.71005 0.154986 0.686884
67.5934 -19.4735 -14.131 0.218672 0 1.9 -0.0817542 -0.666351 -0.741143
64.696 7.607 31.1801 -0.908164 -0.0143959 -3.5 0.307704 -0.870633 0.383817
54.103 9.2815 13.2745 -0.351735 0 -1.3 -0.61422 0.574845 -0.540635
47.2303 5.67025 30.1586 -0.0507342 0 -1.12187 -0.405236 -0.633195 0.65943
62.3466 2.43075 -10.4782 -0.0642129 0 3.8 -0.634971 0.55317 0.539273
50.972 -11.5699 43.17 -0.068759 0.0905984 -3.2 -0.580679 0.479053 0.65827
66.3375 -18.7769 -12.3778 0.380603 0 1.9 -0.87059 -0.321768 0.372207
51.9095 12.6095 41.8503 -1.1014 -0.248732 -3.5 0.0362003 0.390493 0.919894
77.629 -0.473 -14.459 0.553296 0 -3.9 0.543638 0.764499 -0.346408
86.8541 12.9054 24.879 -0.1085 0.356569 -3.70432 -0.156814 0.950036 -0.26989
54.5897 -7.43087 -0.713875 -0.0898691 0 1.9 -0.652542 -0.166427 -0.739251
53.2072 -18.4513 30.381 -0.340122 0 4.2 0.0395728 0.302412 -0.952355
68.323 -11.362 47.453 -0.145063 0 -4.5 -0.200172 0.277311 0.939697
62.057 2.684 35.297 -0.369449 0 3.8 0.15191 0.216835 -0.964316
69.2504 -3.454 23.026 -0.658611 0 1.8 -0.108308 -0.569455 -0.814856
70.2954 0.858875 21.3985 -0.990947 0 1.3442 -0.166912 -0.340694 -0.925239
80.0651 -0.18175 19.2932 -2.47265 -0.0942208 -3.5 -0.50297 -0.863561 0.0358339
83.467 -1.468 23.218 -1.89947 -0.0713043 -0.551933 -0.586558 0.19502 0.786077
48.9746 -12.6589 43.394 -0.311426 0 1.8 0.0149505 0.38127 0.924343
76.9218 10.787 26.533 -0.36402 -0.128726 -0.7 -0.479562 0.488264 0.729122
57.4055 4.44187 -14.233 -0.476041 -0.146371 -3.66363 0.188289 0.944566 0.268964
74.0749 -14.2317 -6.90225 -0.242503 -0.126205 1.8 -0.105837 -0.927888 -0.357523
42.0148 8.055 20.5735 -0.0127422 0 3.8 -0.633325 -0.374787 -0.677077
69.4538 23.6068 6.16994 -0.130852 0 -0.8 0.384879 0.916468 0.109336
71.8304 2.59612 -11.7701 -0.980755 -0.164914 -1.19784 0.231809 -0.00633615 -0.972741
86.043 -9.05612 10.8034 -0.556885 -0.415364 0.727411 0.30147 -0.935765 0.182921
78.697 -4.73287 13.5295 -0.31737 0.17186 -4.5 -0.463187 -0.838592 0.286743
59.6265 8.4365 1.7005 0.808598 0 -4.5 -0.822914 -0.567933 0.016238
82.9201 -9.04263 16.1141 0.146231 0.154772 -4.5 -0.416942 -0.0579114 0.907086
61.2147 16.704 22.0495 -2.16715 -0.0151777 -3.5 -0.00859503 -0.0671465 0.997706
85.9405 13.8837 7.96325 0.069959 0 1.2174 0.296715 0.76274 -0.57462
58.087 -0.8525 -2.46275 -1.24194 -0.0604606 -2.70332 -0.307022 -0.298766 0.903591
73.9056 -14.9306 37.5638 -0.0978471 0.371763 -0.971696 0.406058 -0.910122 -0.0824276
46.1276 -8.90287 36.8119 -0.230631 0 -3.2 -0.561723 0.212171 -0.799657
69.0695 10.9321 -5.78425 0.297593 0.161013 -1.63979 -0.396344 0.852523 0.340759
62.8018 -17.0675 26.0478 -0.880129 -0.760424 -0.7 -0.0322246 0.0564369 -0.997886
91.3695 0.2555 3.6835 -0.441023 -0.437167 1.8 0.966615 -0.0152864 0.255778
56.711 -4.20675 -6.40575 -0.472383 0.158864 -3.2 -0.852497 -0.495564 -0.166327
66.5427 2.69175 37.3645 0.212284 0 -3.9 -0.971609 0.177796 -0.156092
54.3574 16.405 26.3519 -0.870163 0 -3.5 -0.785965 0.557694 -0.266901
94.523 -8.98275 -0.943 -0.331179 0 -4.5 0.749219 -0.658736 -0.0688318
83.482 -6.1095 -14.0728 0.239965 0 1.8 0.214264 -0.887149 -0.408727
84.4135 19.6086 18.7064 -0.263408 0 -3.5 0.686615 -0.469932 0.554729
46.6259 6.291 37.1215 -0.476048 0 -3.5 -0.517598 -0.728567 -0.448645
58.4405 14.2548 11.6465 -0.477601 0 -3.2 -0.0193247 0.956263 -0.291868
79.7619 -7.22425 3.10125 -0.00190725 -0.347714 3.8 0.320948 -0.157212 0.933957
73.797 1.195 17.971 -1.21661 -0.674475 -3.5 -0.51229 -0.471435 -0.717849
50.8314 9.51538 41.5277 -0.0713662 0 -3.5 0.122454 -0.228521 0.965807
63.216 -11.9427 43.9178 -0.522834 -0.219347 -1.75142 0.0347379 0.876128 0.480824
65.9395 -11.8115 -7.8495 -1.60397 -0.0757605 -3.5 -0.764769 -0.367003 0.529563
56.6488 -5.38637 41.3714 -0.337053 0 -0.7 -0.176753 0.379533 0.908137
63.4151 1.75738 -13.6433 -0.832807 0 -0.4 -0.351459 0.291952 -0.889517
66.6349 -13.8376 -7.14525 -0.423991 0 -3.5 -0.870328 -0.421019 0.255482
92.2162 0.866 9.41275 -0.986508 -0.802875 -3.26296 0.963464 0.00639476 0.267761
80.2025 12.397 30.096 -0.303342 0 -3.5 -0.681352 0.101811 0.724841
44.876 5.5245 30.725 -0.304055 0 -3.5 0.278637 -0.8623 0.422847
58.5037 -23.9053 33.4552 -0.454544 -0.0255238 -2.53827 -0.902644 -0.33295 -0.272725
51.6105 -5.73187 28.1968 -0.214761 0 1.9 -0.299276 0.108559 -0.947971
90.8497 -4.04575 24.927 -0.265026 0 -0.8 0.618485 0.21206 0.756642
52.0344 0.71025 -6.46362 -0.31487 -0.0524878 -0.187262 -0.758277 -0.284778 0.586445
52.3545 -2.8925 22.2625 -0.724359 0 4.45448 -0.35857 -0.815031 0.45514
64.91 23.3692 3.255 -1.23729 -0.81813 1.8 -0.578232 0.427715 -0.694771
58.0472 2.76588 -11.8819 0.182646 0 -3.99548 0.0159922 0.59519 0.803426
62.147 -22.1335 48.1922 -0.633654 -0.0104026 -3.5 0.924404 -0.100827 0.367847
53.0444 17.9904 23.1828 -0.130704 0 -3.9 -0.598582 -0.139322 0.788853
56.716 13.6917 -9.03175 0.048117 0 -0.4 -0.370042 0.558058 -0.742725
92.0055 -0.1455 -4.885 -0.557734 0 -3.5 0.649894 0.674749 0.349786
46.3084 -22.7434 42.206 -0.2219 0 -3.2 0.125506 -0.728099 0.673885
52.723 -4.88925 36.18 -0.558454 0 -3.5 0.163795 -0.629372 0.759646
85.8087 20.8665 16.6577 -0.974286 -0.121217 -3.5 0.968655 -0.247814 0.0171889
71.7322 -9.274 12.113 -0.122961 0 -3.9 0.239698 -0.930868 -0.275736
94.3644 3.71075 12.5092 0.478493 0.726439 -4.5 0.834567 -0.0107029 -0.550803
71.9935 -6.172 10.894 -0.261481 0 -3.9 0.767366 0.401273 -0.50013
68.623 -4.67438 7.75812 -0.516445 0 -0.822237 0.982741 0.00785817 -0.184821
84.8873 7.00938 3.94187 0.584995 0 -1.11048 0.529986 0.560608 -0.636265
51.0714 -12.6251 43.842 -0.0632094 0 -3.2 -0.408818 0.35163 0.842155
41.7888 10.1729 38.2296 0.377171 0 -3.9 -0.291165 -0.00363358 0.956666
52.732 -0.512 36.4395 -1.02553 0 -3.5 -0.0481415 0.134129 0.989794
86.3439 24.3376 6.8215 -0.0348491 0 -2.33713 0.717475 0.67606 0.167845
75.4995 8.93612 24.6494 0.13437 0 -0.7 -0.994262 0.0300975 -0.102652
68.3524 5.73812 36.1335 3.51769 0 -3.9 -0.148811 0.933203 -0.327089
79.6991 -14.1314 -6.88725 1.66493 0 -3.9 0.0909349 -0.94438 0.316033
66.6663 -9.5775 45.5238 0.2633 0 -4.5 -0.602038 0.794891 0.0754814
44.969 -14.651 34.081 -0.400182 0 4.2 -0.281181 0.220645 -0.933945
61.1095 6.36875 -6.075 0.186511 0 -1.6 0.0777756 0.223418 -0.971615
71.3815 -14.766 -10.652 -0.0478677 0 1.9 0.365054 -0.898227 0.244794
55.4225 1.728 -16.5618 -0.389131 0 -3.5 -0.0605835 -0.658005 -0.750573
87.2318 -9.17737 10.7835 -1.09303 -0.688247 3.8 0.251961 -0.964287 -0.0816479
73.306 -14.1666 39.9221 0.105998 0 -0.7 0.824199 -0.175452 0.538435
64.343 -18.897 26.18 -0.589041 0 -0.7 0.507437 -0.150514 -0.848441
51.5435 -2.33962 29.5871 -1.02584 0 -3.5 -0.0998182 0.146191 -0.984208
70.321 -15.475 -8.1045 0.02894 0 -3.5 0.402383 -0.911123 -0.0891227
52.116 -7.14625 28.1474 0.185753 0 1.9 -0.0410501 -0.520356 -0.852962
74.5717 21.6985 18.1283 -1.67023 0 -3.5 -0.720494 0.577162 -0.384411
59.9352 -24.4295 47.201 0.580693 0.113276 -3.5 -0.538831 -0.840227 0.0606675
76.302 2.6995 -11.9552 -0.0551558 0 -1.3 0.711621 -0.16168 -0.683707
41.6339 3.61037 15.5174 0.0932842 0 -4.5 -0.644605 -0.762238 -0.0589627
81.5775 -9.65925 -12.5553 -0.342565 0 -3.2 0.689936 -0.264045 -0.673995
46.4408 1.458 29.9755 -1.61892 0 -0.9 -0.942497 -0.00962602 0.334074
58.5415 -21.0362 32.9005 -0.804095 -0.0489704 -3.5 -0.971334 -0.204124 -0.121837
54.354 4.615 -13.163 -0.153636 0 -3.5 -0.410065 0.909881 0.062952
77.3776 -14.4409 -8.34287 -0.126656 -0.784217 -3.53869 0.256194 -0.883383 0.392428
76.2032 12.238 -5.9635 0.17906 0 1.8 0.257821 0.519463 -0.814669
87.602 -3.362 -6.3825 0.845192 0.735885 -3.5 0.0657223 -0.903826 -0.422822
58.3725 4.8225 -15.248 -0.44926 0.0870519 -4.5 0.12567 0.991957 0.0151057
75.724 -15.2347 35.0612 -0.0492364 0 -1.6 -0.239564 -0.953317 -0.183834
55.5345 -4.2315 35.708 -0.330077 0 -2.77204 0.113225 0.32252 0.939766
60.7508 -5.72913 41.374 -0.3728 -0.887459 1.69192 -0.178537 0.388784 0.903865
62.0677 -8.26538 10.5183 -0.821503 -0.179522 -3.5 -0.512659 -0.120817 0.85005
84.4597 -2.5655 26.2794 0.492221 0 -0.4 -0.242681 0.577823 0.779248
90.2265 -2.3085 -13.983 -0.514582 0.0519447 -3.2 0.723518 -0.176038 -0.667482
58.8134 4.35913 39.6416 -0.260822 0 -1.6 -0.0452809 -0.117533 0.992036
71.7107 -14.9987 27.8892 -0.301362 0 -0.7 0.646318 -0.5314 0.54762
72.373 -16.5718 40.6418 -0.656447 0 -0.7 0.777554 -0.540311 0.321673
62.692 -7.47937 11.3427 -1.03613 -0.643501 -2.42891 -0.541866 -0.340785 0.768275
83.3656 10.8096 -0.48575 0.41699 0 -3.9 0.768201 0.510787 -0.385958
66.12 1.15513 35.5461 -0.0552647 0 3.8 -0.619718 0.705299 0.344241
82.5254 -8.55313 39.3811 0.536277 0 -1.6 0.82197 -0.225289 0.523077
39.0931 9.81312 35.2518 -0.238128 0 -3.9 -0.976295 -0.117949 -0.181485
48.6494 -3.31113 19.0923 -0.0963255 0 3.41491 0.142649 -0.984231 0.104597
44.2849 5.18925 12.5615 0.221275 0.739449 -4.5 0.511389 0.467335 -0.721165
67.6995 -2.5495 -14.5077 -0.493561 0 -0.884817 -0.0711583 0.431581 -0.899263
93.3623 -0.434375 16.9331 0.258536 0 -1.86275 0.466706 0.831817 0.300442
62.7168 -6.30312 -4.49325 -0.499127 0 -2.752 -0.388638 -0.807558 -0.443633
76.0035 -14.3295 37.6315 -0.846104 -0.925385 -1.6 0.309987 -0.809652 0.49837
54.4205 2.168 31.299 -0.668103 0.964703 -0.9 0.615826 -0.00328789 0.787876
86.531 -7.00425 7.6795 -0.577815 0 2.8 0.684833 -0.609379 -0.399577
66.9333 0.95825 -14.708 -0.149093 0 -0.7 -0.0439433 0.329215 -0.943232
51.525 8.63838 -10.2215 -0.121565 0 -0.4 -0.612104 -0.433008 -0.66169
83.614 -6.66388 21.702 0.0747847 -0.657564 -0.8 -0.488389 -0.681761 0.544681
76.94 5.14612 -7.96012 0.254561 0 4.2 0.16701 0.834321 -0.525373
66.2201 12.7375 -11.6529 0.126948 0 -4.5 0.112219 -0.0583187 -0.991971
79.9532 22.459 10.4932 0.120863 0 -0.9 -0.356604 0.895587 0.266003
57.7337 -5.064 -8.43863 -0.198324 0.0995225 -3.4531 -0.822984 -0.516932 0.235542
52.4854 11.8221 -2.9085 0.482486 0 -4.5 0.447043 0.847949 0.284842
66.6375 5.27025 25.4403 0.567965 0.445013 -0.563174 0.409445 0.074316 -0.909303
88.0589 -10.5712 4.73238 -0.689223 -0.370663 -3.5 0.7156 -0.00954797 0.698445
76.264 19.591 11.7909 -0.251819 0 -1.53157 -0.0913868 0.995316 -0.0315494
83.4424 -12.8976 -5.02525 -1.12858 -0.976676 -0.8 0.360783 -0.321828 -0.875364
49.9007 -2.287 37.4945 -1.93184 -0.790249 -3.5 -0.717822 0.192458 0.669097
83.5069 -9.35662 -11.6579 -1.11993 0 -3.5 0.420925 -0.463009 -0.780029
54.9543 -19.9165 31.9495 0.42732 0.219221 4.2 0.659433 -0.697842 -0.279578
76.1133 14.9908 -3.10175 0.31536 -0.727255 -4.39991 0.351702 0.299975 -0.886747
71.418 15.9368 17.1838 -0.106421 0 -4.5 -0.276948 0.733348 0.620887
67.3907 15.197 -6.9855 0.535606 0.199726 -4.5 0.293468 0.586232 0.755121
90.3614 8.5045 11.9091 0.135011 0 -3.5 0.311965 0.944956 0.0986737
62.7395 5.0245 -6.87038 0.112571 0 3.8 -0.396674 0.617645 -0.679091
41.1774 2.20712 12.1891 0.235571 0 -1.6 -0.900469 0.163635 0.402964
88.7475 14.212 12.5225 0.213147 0 -4.2211 0.715792 0.219937 -0.662774
61.3311 12.668 25.5094 -0.367887 0 -4.5 0.405732 0.565923 -0.717714
75.8454 -5.04987 -14.6619 0.329689 0 -3.9 0.310846 -0.302868 -0.900914
83.5379 12.1109 -0.0225 0.520579 0 -3.9 0.775528 0.180421 -0.604983
73.1391 20.1683 13.2148 0.178521 0 -1.6 -0.476418 0.87912 -0.0131981
87.6715 17.3025 12.9843 -0.0320601 0 -4.5 0.215825 0.64656 -0.731697
86.8715 -2.2615 24.625 -0.0280844 0 -0.4 0.725309 0.511732 0.460496
94.6018 0.356375 14.9272 0.365223 0.0882677 -4.5 0.816944 0.400288 0.415176
89.6768 8.00075 4.19063 0.623467 -0.0420152 -0.7 0.491662 0.486916 -0.721929
89.0495 13.7435 7.94875 0.107027 0 -0.9 0.655388 0.47478 -0.58741
43.1685 1.77525 9.29675 -0.126236 0 -1.6 -0.277647 0.326999 -0.903318
77.369 -0.628 16.345 -0.665246 0 -0.8 -0.984307 0.00227586 0.176448
58.173 12.93 -2.733 0.107677 0.152198 -4.5 -0.423348 0.819678 -0.385881
91.4392 2.22762 20.7878 -0.482595 0 -0.9 0.862293 0.13311 0.488603
70.4479 1.0605 13.4956 -0.436553 0.330021 -0.31588 0.527916 -0.559281 0.639148
49.655 9.66175 -1.29375 -0.50759 0 -4.5 -0.623716 -0.780965 0.0327263
61.3601 11.5275 23.9147 -0.729671 0 2.5 0.920533 0.141343 -0.3642
59.0931 -10.649 17.4675 0.834043 0 -3.9 0.687282 -0.725506 -0.0358548
81.4607 25.6589 8.27825 0.228971 0 -1.6 -0.864305 0.447354 0.229895
56.5973 4.90712 9.40137 -0.523067 0 4.5 0.337455 0.813476 -0.473689
89.7258 0.711875 -2.97913 -0.34265 -0.270307 -3.5 0.874066 0.474452 -0.104425
58.852 -5.741 -19.222 -0.404069 -0.0167099 -3.5 0.0279394 -0.131417 -0.990933
44.7081 -2.535 13.7032 -0.697763 -0.17025 -3.5 -0.419248 -0.835985 0.354064
52.5872 -10.2539 42.8783 -0.0461171 0.354184 -3.2 -0.201269 0.673183 0.711559
52.7596 -1.90725 23.4368 -0.0638864 0 -3.5 -0.234939 -0.73104 0.640612
66.004 -13.95 46.2733 0.989345 0 -4.5 -0.555336 0.256215 0.791174
68.7155 5.11863 32.0089 -0.791493 -0.688777 -0.760383 -0.136911 0.920472 0.366041
88.3873 13.2395 17.975 -0.6796 0 -4.15475 0.980047 0.190018 0.0583222
69.8849 15.5728 16.8638 0.0395881 0.466389 -4.5 -0.215674 0.597826 0.772068
80.1031 3.06675 26.1926 -2.09259 -0.467103 -0.891223 0.0806849 -0.981717 -0.1724
62.0775 18.0104 20.6092 -1.89718 -0.446558 -3.5 0.661683 0.745937 -0.0758537
80.9375 15.348 28.296 -1.70013 -0.0508126 -3.5 -0.929201 0.297508 -0.219261
69.001 13.5872 -9.26013 -0.143445 -0.449973 -3.95932 0.187819 0.840154 -0.508789
60.4152 -2.72825 35.4521 -0.873995 0.299098 -2.64284 -0.746877 0.589251 0.308153
84.2065 17.9145 5.458 -0.73787 -0.239763 -2.38593 0.592137 -0.762135 -0.26177
58.7477 9.382 5.806 -0.341287 0 -4.5 -0.949249 0.314526 0.000931357
41.1878 -21.5489 43.609 -1.91591 -0.104542 -3.5 -0.471646 -0.858437 0.201583
88.2065 -9.1675 11.43 -1.32917 -0.417508 3.8 0.579931 -0.7848 -0.21856
39.5682 0.63375 11.414 -0.0431501 0 -3.5 -0.566645 0.781833 0.260098
71.8375 -15.3351 26.8451 -0.301984 0 -0.7 0.491999 -0.87059 0.00323705
66.4455 -16.4995 -12.5822 -0.875466 0 1.9 -0.872751 0.206708 0.442242
83.5997 -4.44163 17.7765 -0.793594 0 -1.39295 -0.896167 -0.442543 -0.0322497
80.5921 2.75012 27.0403 -2.08256 -0.174049 -4.5 0.25345 -0.836506 -0.485819
69.4925 -2.4845 22.201 -0.706486 0 1.8 -0.414124 -0.238804 -0.878336
62.1914 8.22587 36.1071 -0.263459 0 -3.2 0.329387 0.32059 0.888103
62.167 -27.538 37.327 0.427735 0.683758 -4.5 -0.780438 -0.569112 -0.258897
67.2188 -18.0691 28.4085 0.628129 0 -0.7 0.608278 -0.341485 -0.716509
58.7536 10.2437 39.7402 0.155098 0 -3.9 0.505265 -0.715064 -0.483105
53.6961 9.05612 -2.08238 0.408332 0.948229 -4.5 0.247836 -0.937531 0.244157
70.0795 10.2677 27.734 -1.55483 -0.0331433 -3.5 0.54746 0.836666 0.0166735
59.5886 14.2028 -0.757125 0.0572146 0 -4.5 0.212726 0.944689 -0.24962
53.7366 -24.0394 35.4575 0.0777948 0 -1.6 0.340738 -0.491621 -0.801378
55.4675 -10.3055 44.035 -0.288493 0 -1.69642 -0.603014 0.642858 0.472344
88.4195 13.56 11.449 -0.0791181 0 -0.9 0.947085 0.320799 0.0108623
84.242 3.404 28.063 -1.15559 -0.408303 -3.5 0.603138 -0.730324 0.320706
58.1427 -3.48237 -18.1816 0.225433 0.103607 -3.5 -0.703342 0.710441 -0.0241516
53.4543 -6.93025 13.3313 -0.265366 0 -0.7 0.0477569 -0.568626 0.821208
52.553 15.3105 24.717 -0.732461 -0.881527 -0.7 -0.542088 0.71263 0.445309
65.3295 -7.5465 -6.37813 -0.479288 0 -1.3 -0.338549 -0.721298 0.604247
48.374 -1.49688 25.0002 -0.445966 0 2.69534 -0.184078 -0.835373 0.517945
89.539 -3.6475 -6.658 0.0500156 0 -3.5 0.126693 -0.858994 -0.496063
85.6052 9.17275 -2.00463 0.184603 0 -0.859148 0.248276 0.901871 0.353536
58.8526 -11.969 23.3419 -0.89369 -0.122982 2.98376 -0.127947 -0.240148 -0.962267
47.7535 -17.641 42.2736 -0.828498 -0.869067 -0.8 0.457641 0.660033 0.595753
72.6562 11.7655 18.8365 -0.826251 0 -4.47856 -0.337107 -0.513579 0.789047
56.9572 -9.7 24.7891 -0.418125 0 0.305477 -0.690094 -0.00727409 -0.723683
70.7871 12.448 -7.10763 -0.420508 0 -3.5 -0.27672 0.770272 0.574549
92.3454 1.86437 9.1835 -0.254781 0 -0.4 0.954059 -0.0788551 0.289056
86.176 24.9538 7.839 -0.00739286 0 -1.6 0.963925 0.255898 -0.0732456
81.4007 14.553 27.4382 -0.980041 0 -3.5 -0.635316 0.332755 -0.696884
72.2385 5.7155 20.7 -0.814334 0 -0.7 -0.588878 0.353685 0.726725
68.9619 -15.0449 47.3134 0.714272 0 -4.5 0.445347 -0.461384 0.767327
54.782 16.5543 28.7033 -0.162819 0 -3.5 -0.497662 0.569238 0.654447
46.0421 11.2734 38.5004 0.652129 0 -1.7677 -0.115784 0.623381 0.773298
59.3032 11.5745 20.2518 -0.78691 -0.0388455 -3.5 0.933056 -0.353047 0.0690277
74.7152 -11.462 -2.32037 -1.01829 0 -0.7 -0.736803 -0.0445701 0.674637
43.0331 14.0729 36.4001 1.01129 0 -3.9 0.471587 0.704419 0.530472
61.5275 -10.5839 10.2957 -0.519303 0 -4.5 0.120455 -0.337886 0.933447
92.2511 -2.78575 -3.26225 0.0298283 0.21577 -4.00018 0.979101 0.200469 0.0342393
66.2103 -24.6187 27.5211 -0.595262 0 -3.5 0.122153 -0.00458004 -0.992501
71.3893 3.36175 22.284 -0.401436 0 2.8 -0.0109139 0.967804 0.25147
51.6595 -0.1135 -9.221 0.642163 0 1.8 -0.454883 -0.803926 0.383125
92.9164 -9.54475 1.643 0.0134098 0 -4.5 0.308367 -0.652916 0.691817
46.1696 10.0485 16.8072 -0.885401 0 -4.0293 -0.78232 -0.432968 -0.447789
46.9115 -4.0825 14.458 -0.158841 0 2.55792 -0.401504 -0.817623 0.412659
57.9827 -25.2833 27.2288 -1.93358 -0.597818 -3.5 -0.347602 -0.90515 -0.244697
52.0339 13.3535 27.4989 -0.470652 0 2.8 -0.759542 0.55291 -0.342616
72.5062 -17.27 38.5563 -0.665645 -0.571306 -1.68341 0.865316 -0.49029 0.104131
50.03 11.3077 17.6973 -0.736247 -0.81993 -3.5 0.831119 0.514432 -0.211187
91.1815 -6.6125 5.28675 -1.78049 -0.0408085 -3.5 0.289737 -0.93775 0.191515
66.833 6.435 -10.9055 -0.0853794 -0.339376 0.638228 -0.622661 0.337786 -0.705828
59.667 -13.364 45.6205 -1.38413 0 -0.9 -0.0617985 0.0198839 0.997891
65.3193 -11.7793 43.85 0.108854 -0.697911 -4.5 -0.517295 0.837016 0.178355
49.1232 10.379 -0.05475 0.052572 0 -4.5 -0.664631 -0.545799 0.510264
80.3126 -6.8775 6.66538 -0.14841 0 -1.3 0.0226078 -0.835989 -0.54828
40.8659 -3.74213 11.945 -0.0642822 0 -3.5 -0.149227 -0.788166 0.597097
71.6329 -11.3696 24.991 -1.43713 -0.922573 -0.7 -0.113983 -0.140302 -0.983526
67.9799 -17.6044 43.707 -0.283607 0 -2.48505 0.534752 -0.75499 0.379514
57.5121 9.97913 39.6954 -0.659295 0 -3.70448 0.375547 -0.290633 -0.880055
86.2048 9.99975 -4.7985 -0.136199 0 -1.3 -0.563096 0.821406 -0.0906312
76.5195 -9.02475 31.2932 0.493711 0 -3.2 0.902576 -0.303794 0.305067
45.458 14.2265 33.1965 -1.67286 -0.569682 -3.5 0.0534271 0.972371 0.227245
59.4118 -4.30125 1.83438 -0.932676 0 -3.2 -0.245618 0.230695 -0.941515
57.0309 10.7683 1.45725 0.111836 0 -4.5 -0.799347 -0.00260037 0.600864
65.9585 -11.7621 25.9 0.316084 0 3.8 0.705887 -0.264187 -0.657213
76.9919 -10.1524 35.5295 -0.244583 0 -1.6 0.219394 0.0256873 -0.975298
51.561 -20.1504 30.3498 -0.480128 0 4.2 -0.654097 -0.264824 -0.708538
57.8175 15.362 36.9176 0.964191 0.526262 -0.8 0.719748 0.430758 0.544437
38.094 15.565 22.9105 -1.53235 0 -3.5 -0.652988 0.374477 0.658311
40.5879 7.93025 31.8191 -0.923233 -0.13967 -3.73168 -0.996953 0.0204896 -0.0752661
62.737 -4.91113 12.7426 -1.1716 -0.946258 -0.8 0.13173 -0.401609 0.906288
86.4445 -9.80412 14.6871 -0.17204 0 -0.35454 0.601995 -0.793128 -0.0924605
53.2573 9.14363 13.8191 -0.640632 -0.484228 1.4064 -0.241148 0.792982 -0.559488
80.4521 -9.50663 10.6711 -0.121578 0 -2.05776 -0.39434 -0.912871 -0.10565
69.7057 -12.237 47.7443 -0.141504 0 -4.5 0.140919 -0.0761454 0.987088
54.0957 -8.33775 40.4139 0.114353 0 -3.2 -0.468313 0.882865 -0.0351202
82.8445 12.5929 30.9345 -0.319792 0 -3.5 0.13162 -0.322495 0.937376
56.2062 7.4875 -2.70112 0.0728985 0 -4.5 -0.680981 -0.344752 0.646074
60.0809 -23.0445 22.907 -0.399523 0 -3.5 -0.78634 0.272364 -0.554516
63.7057 -5.4145 -16.7084 -1.53998 0 -0.4 0.189088 -0.285886 -0.939423
64.3351 14.7399 -6.89087 -0.45303 0 -3.5 0.676546 0.423313 0.602571
70.72 -9.25762 12.9062 -0.0838748 0 -3.9 -0.241625 -0.97024 0.0158881
82.1726 -12.7948 -9.19025 0.984871 0.495673 -3.9 0.508175 -0.784201 -0.356071
38.7941 15.9312 20.7798 -2.0311 -0.545183 -3.5 -0.277473 0.652487 -0.705173
56.701 11.747 -2.66275 0.652024 0 -4.5 -0.616786 0.763058 0.193176
60.2777 5.45425 8.3655 -0.332975 0 3.8 -0.911429 0.410028 -0.0342573
62.1632 -28.1529 39.8377 0.152292 0 -4.5 -0.397086 -0.775203 -0.491307
61.6133 2.51487 37.8348 -0.165715 0 -1.6 0.623015 -0.625438 0.469766
61.8579 14.752 18.5555 -1.43257 -0.650216 -3.5 0.458367 -0.112233 -0.881648
56.3026 11.4726 35.5394 -0.114625 0 -3.5 0.382259 -0.681625 0.623912
42.7965 -15.268 39.4365 -0.958725 0 -0.8 -0.914842 0.322319 0.243257
55.9706 -14.883 28.312 -0.265415 0 -3.5 -0.703851 -0.591155 0.393866
64.3366 -6.405 -15.8652 -0.326429 0 -0.910612 0.138658 -0.36715 -0.919769
92.6513 -2.49437 5.04075 -1.55118 -0.222523 -3.5 0.9597 0.264227 0.095711
64.4853 11.088 30.6628 0.193556 0.084492 -4.5 0.710868 0.479713 0.514336
46.4721 -10.626 39.9408 -1.40454 -0.629635 1.8 -0.665763 0.375802 0.644618
85.4118 23.0505 4.73 -0.145541 0 -3.5 -0.350857 0.691082 -0.631906
85.72 -12.8445 1.886 -0.0718006 0.00197389 -3.5 -0.273704 -0.942906 0.189776
93.5716 4.12762 11.873 0.332409 0.50655 -4.5 0.823572 -0.204739 -0.528971
55.988 12.94 13.5175 0.0820019 0.192973 -3.2 -0.854688 0.519109 -0.00580614
82.3652 21.4431 20.1464 -0.196617 0 -3.5 -0.396153 0.0848257 0.914258
60.6975 -15.6938 25.3786 -1.22405 -0.0151237 -0.7 0.244867 -0.150153 -0.957859
86.2184 -5.32525 -13.0695 -0.2194 0 1.8 0.580572 -0.736531 -0.347072
65.7 6.9945 30.399 -2.05948 -0.467151 -3.5 -0.257778 -0.692124 0.674177
50.3265 -16.2085 33.78 -0.551499 0 3.59258 -0.821853 -0.224072 -0.523784
44.9514 -4.15238 6.898 -0.402942 -0.0520272 1.07074 0.103839 -0.0403078 -0.993777
56.246 12.7655 12.137 -0.0714954 0 -3.2 -0.930472 0.0649482 -0.360561
73.4577 2.99675 15.5445 -0.523184 0 -1.3 -0.119189 -0.98796 0.0986344
68.8115 -25.4107 41.9625 -0.655853 0 -3.5 0.54138 -0.473172 0.694994
62.7889 11.1605 34.3543 -0.540774 0 -3.2 0.072837 0.85594 0.511919
51.5675 -0.8235 36.5965 -1.08344 -0.308019 -3.97205 0.178557 0.382672 0.906465
52.7115 12.9571 -7.187 -0.291849 0 -4.5 -0.283942 0.951956 -0.114703
57.9016 -2.21487 -2.7515 -1.25419 0 -2.88734 -0.0152569 0.167711 0.985718
70.3664 -14.0748 -3.10462 -0.137343 0 1.8 -0.0752614 -0.689907 0.719975
86.5909 -8.45387 5.74563 -1.37573 -0.125934 -3.5 0.847611 0.213454 0.485791
56.341 11.911 -9.4195 0.576415 0 -0.4 0.0824366 -0.239927 -0.967285
50.6914 8.63275 9.244 -0.479967 0 -3.5 0.56111 0.610528 -0.558938
75.3939 2.11925 16.7281 -0.405755 0 -2.0472 2.56175e-05 -0.499218 -0.866477
73.372 1.63025 34.3478 -0.592866 -0.121387 -1.79286 -0.0130119 0.691595 0.722168
61.5994 -10.0585 -4.30237 2.14667 0.399586 -3.9 -0.059631 -0.0369313 -0.997537
71.8414 11.1062 -11.8705 0.357116 0 -3.5 0.20246 0.241071 -0.949155
45.8488 -7.96525 37.6635 -0.219128 0 -3.2 -0.741561 0.588473 -0.322161
76.2615 -9.157 34.8199 -0.00189223 0 1.03526 0.782768 -0.465761 -0.412723
62.1403 15.6531 28.0804 -0.220303 0 2.8 0.747472 0.631324 -0.206677
64.4095 11.862 25.826 -0.338778 0 -3.41664 0.556925 0.692674 -0.458299
51.9214 -1.303 24.1479 -0.033843 0.551342 4.2 -0.00880905 -0.813145 0.581994
63.4194 14.0337 9.13925 -0.721087 -0.474977 -3.99429 -0.933581 -0.132417 0.333006
55.8101 -10.2466 -1.581 0.8575 0 1.9 -0.745786 -0.666109 0.0100845
73.9836 21.5478 6.89463 0.240739 0 -4.5 -0.159839 0.256669 0.953191
65.9007 -4.68556 15.1002 0.930176 0.409242 -0.8 0.016216 -0.474091 0.880327
88.133 10.5694 6.259 0.191051 0.00788258 3.22914 0.709606 0.299907 -0.637586
61.36 -5.8 -4.93975 -1.55694 -0.458074 -3.5 -0.0590227 -0.959854 -0.274221
46.87 -20.425 44.616 -1.56764 -0.844125 -3.5 0.199957 -0.136786 0.97021
83.548 1.3825 -4.88925 -0.0759813 0 4.2 0.166918 0.627212 -0.760752
67.619 -26.1345 37.5125 -0.100662 0 -3.5 -0.0618805 -0.998069 0.00544277
70.347 -14.4315 29.677 -0.610157 -0.906088 -0.7 0.905364 0.00741019 0.424571
59.5662 9.1785 35.4077 0.237893 0 -3.2 -0.334738 0.617789 0.711539
75.4413 18.5414 22.5499 -0.139753 0 -1.6 -0.412727 0.897736 0.154036
79.1481 -14.5389 -2.98625 0.371751 0 -2.12776 0.0499023 -0.714245 -0.698115
58.776 -3.28262 -16.2514 -0.0424967 0 -3.5 -0.226378 0.918766 -0.323453
67.168 0.62 21.49 -0.566571 0 2.8 -0.225006 -0.498263 -0.837321
91.8928 0.6035 -0.8755 -0.147881 0 1.8 0.793744 -0.389638 -0.467068
80.9761 -6.45125 40.4289 0.264208 0 -1.6 0.0534948 0.110902 0.992391
88.1954 -4.32475 -13.4949 0.0216954 0 -3.2 -0.134008 -0.803243 -0.580381
46.5609 13.7025 37.8234 -0.0108892 0 -0.7 -0.15701 0.54538 0.823352
54.5863 -12.5612 27.3635 -0.402948 0 -3.5 -0.873306 -0.156829 0.461239
50.717 -14.459 33.2 0.108704 0.16877 -0.7 -0.446422 0.0603586 -0.892785
58.891 14.5901 -7.16325 0.649682 0 -0.4 -0.0238145 0.999297 -0.0289498
67.4976 12.0149 -0.30875 0.276293 0 2.8 -0.122125 0.654844 -0.745832
88.5455 3.93125 24.5766 -0.288685 0 -0.9 0.692809 -0.505916 0.513872
80.0816 21.3219 12.7128 0.348488 0.0251695 -0.9 -0.372163 0.925676 0.0679609
92.344 3.32125 9.50887 -0.393878 0 -2.19888 0.878188 -0.430081 0.209325
83.147 -6.495 4.44725 -0.424941 0 3.8 -0.820479 -0.488149 -0.297531
76.0609 -9.75425 4.90625 0.629706 0.799251 -3.5 0.0138083 -0.999183 -0.0379786
55.6063 -25.3395 38.462 0.626681 0.710499 -3.5 0.403912 -0.39837 -0.823502
64.8307 -17.94 44.7293 -0.645782 0 -3.93801 0.332562 -0.685742 0.647426
40.666 2.043 26.421 1.79557 0.0346923 -3.9 -0.356607 0.905817 -0.228752
42.59 14.085 18.9445 0.367992 0.641141 -4.5 -0.727076 0.540975 -0.422736
59.199 -25.0451 43.91 0.457073 0.506832 -4.5 -0.482649 -0.0507252 0.874344
80.6397 -0.52275 18.3312 -0.815627 0 -3.2 -0.725786 -0.613528 0.311156
54.3812 15.198 30.928 0.186723 0 2.8 0.166414 0.951254 0.259659
54.5288 6.02738 7.45388 -0.0996743 0.553929 4.5 0.16666 0.905339 -0.390622
65.8816 18.2078 -0.6395 -0.471393 0 -3.5 -0.642209 0.111143 -0.758429
53.098 17.158 33.532 -0.408654 -0.943239 -0.7 0.167128 0.698346 -0.695975
62.318 -7.657 -14.9102 0.0676001 0 -1.3 -0.109467 -0.779917 -0.616235
43.2354 13.2479 17.174 0.0340493 0 -4.5 -0.950202 0.126221 -0.284929
68.9378 -23.1548 43.059 -1.83279 -0.122196 -3.5 0.46918 0.00815265 0.883065
57.1439 9.45288 1.003 0.250645 0.862307 -4.5 -0.526291 -0.576102 0.6254
87.478 7.562 4.31575 0.850963 0.0484182 -0.7 -0.217497 0.39115 -0.894258
84.1578 16.5473 17.5095 -0.34478 0.564344 -3.5 0.630257 0.747976 -0.208106
78.1137 -9.8405 -16.3717 0.206747 0 -3.2 0.11784 0.477216 -0.87085
57.193 -4.057 -0.408 -1.51298 0 1.9 0.673028 0.468507 0.572306
83.4686 -5.05337 23.8075 0.597634 0.412637 -0.624308 -0.83882 -0.483927 0.249392
55.4038 18.7091 26.1822 -1.03658 0.0116615 -3.55812 -0.802582 0.284585 0.524284
72.6673 19.731 14.4167 -0.21263 0 -1.6 -0.777586 0.61854 0.112999
83.9827 18.9422 17.1315 -0.303705 0 -3.5 0.822111 -0.569326 0.00112509
58.4165 -4.5255 40.3019 -0.277021 0 -0.7 0.0626375 0.736408 0.673632
63.88 -7.125 -4.539 -0.256907 0 -1.3 -0.0111739 -0.980238 -0.197505
66.6225 -11.8974 26.7465 0.327437 0.306226 3.8 0.50614 -0.382192 -0.773144
68.2331 -6.50462 23.9136 0.508814 0.7721 -0.7 0.443716 -0.560607 -0.699168
63.3065 23.9737 5.33025 -0.175611 0 1.8 -0.471928 0.639713 -0.606672
86.7698 2.46 -5.93825 0.252827 0.159433 -3.5 -0.56273 0.177538 -0.807351
44.5954 3.8315 9.20687 -1.14837 0 -3.5 -0.810837 0.58518 0.0103896
74.6913 8.538 -13.5273 0.148432 0.0555323 -1.3 -0.204708 0.382561 -0.900967
97.1738 -1.77112 15.0305 0.341718 0 -4.5 0.890772 0.442546 -0.103333
55.5379 -5.68962 38.3113 -0.385844 0 -0.7 -0.941009 0.305001 -0.14655
77.217 -7.28525 7.87925 -0.198595 0.378659 -2.43612 -0.667407 -0.128088 0.733595
45.571 4.10425 9.98375 -0.506491 -0.0702581 -3.5 -0.615234 0.765265 0.189356
50.8932 16.6511 37.127 -0.12813 0 -0.7 -0.4455 0.833709 0.326282
59.237 -25.1737 26.8213 -2.12882 -0.687518 -3.5 0.226119 -0.883849 -0.409489
65.2855 8.57512 -9.2855 0.105821 0 -4.5 -0.771423 -0.096146 -0.629017
77.848 -8.041 33.043 -0.531673 -0 -3.2 0.415417 -0.858601 -0.300387
68.8668 8.91525 -3.043 0.213557 0 -0.8 -0.955206 -0.185732 -0.230401
66.5648 -10.6248 25.5891 0.654376 0 -3.9 0.533775 -0.610649 -0.584972
74.1094 -12.6648 27.552 -1.72743 -0.713509 -3.5 0.39589 -0.911159 -0.114277
75.682 7.217 -7.4775 -0.0189279 0 -0.7 0.664578 0.592679 -0.455046
55.0825 5.2975 -15.985 -1.51831 -0.0293207 -3.5 -0.311141 0.927197 0.208561
88.0996 -4.027 -5.17487 0.947693 0 -3.5 0.146833 -0.805838 -0.573642
80.4545 -12.6441 -12.1069 0.224224 0 -3.2 0.851876 -0.510582 0.116676
67.3055 -25.457 27.7663 -1.55761 -0.165443 -3.5 -0.0733433 -0.306753 -0.948959
78.374 21.1175 2.2875 0.360991 0.000786168 -4.0389 -0.0388137 0.23009 -0.972395
45.4897 -3.41275 12.7317 -0.35498 -0.116455 0.205456 -0.479962 -0.825132 0.297983
41.5301 6.786 35.2772 -0.436675 0 -3.9 -0.425537 -0.832449 -0.354889
78.2554 -0.48475 17.0643 -1.2812 -0.313688 -0.8 -0.288637 -0.61468 0.734069
73.5242 -2.00175 9.825 -0.239978 0 2.00173 -0.469191 -0.798965 0.376184
59.2905 12.9495 -3.15412 -0.0507323 0.576931 -4.36383 -0.295092 0.80131 -0.520407
62.4566 -8.95562 -13.2501 -0.142982 0 -1.3 -0.134107 -0.955596 -0.262394
55.6135 -7.6435 35.2455 0.598578 0 -4.5 -0.517018 -0.439025 0.734812
68.4375 -12.9689 -2.93525 -0.338956 0 1.8 -0.819588 -0.459307 0.342509
79.748 -8.6215 43.1867 2.46779 0.0797645 -3.9 -0.0249347 0.509879 0.859885
79.5232 -3.99362 -15.1489 0.0623804 0 -3.9 0.0562478 0.0589582 -0.996675
60.1079 13.8034 11.7834 -0.772394 0.0182816 -3.2 0.608185 0.789063 -0.0865495
69.4054 23.7479 3.467 -1.44448 -0.511703 -0.8 0.0887037 0.874582 -0.476694
61.783 14.7247 -4.71825 -0.110332 0 -3.5 -0.150885 0.715214 0.682424
56.6468 7.1935 42.8013 -0.938778 -0.0262907 -3.5 -0.195041 -0.505495 0.840496
40.9173 -6.559 8.69325 -0.120929 0 -0.8 -0.860286 -0.509772 -0.00636025
63.0899 -11.7933 -3.90287 0.695399 0 -3.9 0.0985882 -0.489017 -0.866685
56.453 -10.1894 4.51263 0.250056 0.752057 -3.5 -0.0305836 -0.998848 -0.0369863
82.8954 18.4641 18.7173 -0.246776 0 -2.21276 0.124515 -0.280907 0.951623
57.3232 -11.0087 -3.14975 2.74126 0 1.9 -0.142307 -0.959321 -0.243829
50.5057 -13.5441 33.5551 0.272128 0.824298 -0.7 -0.513303 0.643618 -0.567694
73.3268 -0.35575 -13.4213 -1.34129 -0.188925 -2.27426 -0.525669 0.479177 -0.702895
76.0717 -7.67812 -14.596 -0.292339 0 -0.7 0.249595 0.118633 -0.961056
71.3783 -9.67962 13.5972 -0.0352972 0 -3.9 -0.3041 -0.951609 0.0443108
55.2459 4.81913 -14.6559 -0.739409 0 -3.5 -0.275843 0.955808 0.101692
61.1714 -7.83063 41.7427 0.259459 0.173882 1.9 0.121698 -0.0570941 0.990924
76.99 -8.40975 -14.8492 0.022301 0 -3.2 -0.254922 0.287958 -0.92309
56.3744 -2.1635 25.3013 0.165964 0 -3.5 -0.843284 -0.419884 0.335513
53.4137 13.1955 -6.344 -0.00113257 0 -4.5 -0.301582 0.943967 0.134069
67.3441 5.52938 -11.624 -0.137916 0 4.2 -0.564019 0.315695 -0.763033
92.6663 2.81275 11.7871 0.222701 0.0323696 -2.48447 0.705726 -0.233638 -0.668853
75.8317 0.6215 -13.2498 0.0341534 0 -3.79964 0.289222 0.945315 -0.150763
88.1781 12.657 21.6724 -0.191537 0 -3.5 0.544382 0.783229 0.300334
69.7268 -18.4975 40.7277 -0.139769 0.373619 -0.7 0.548718 -0.71221 0.437796
52.2943 5.72625 -8.57725 0.0143796 0 -1.6 -0.891898 -0.0525352 -0.449176
69.2145 -19.021 -11.8243 0.35944 0 1.9 0.549939 -0.526061 0.648711
57.2793 14.0337 16.4778 -0.531356 -0.109559 -2.19663 -0.0307483 0.654129 -0.755758
64.9645 1.7045 31.4766 0.0814324 0.279327 -2.25925 -0.128492 0.911784 0.390052
69.1943 -15.62 28.3739 -0.977062 -0.946406 -0.7 -0.159655 -0.473455 -0.866228
69.9369 -14.9827 27.0386 -0.331427 0 -0.7 -0.451526 -0.782771 -0.428245
67.8135 -27.5228 30.8873 -2.18698 -0.254742 -3.5 0.0368574 -0.998594 0.0381071
68.291 0.1785 15.505 -0.634105 0 -1.3 0.549806 -0.504019 0.666092
69.2636 13.8415 -8.2415 0.00703212 -0.250192 -3.57668 0.529969 0.808723 0.255148
86.0088 3.86737 0.289375 0.416452 0 2.01037 0.721472 0.6617 -0.204036
43.9726 4.23438 11.7021 0.22159 0 -1.6 0.24807 0.773797 -0.582838
78.1991 -11.4482 42.576 0.987373 0 -3.9 -0.868074 -0.242966 0.432914
51.5013 12.3245 -3.2285 0.171024 0 -4.5 0.00941739 0.977532 0.210576
58.691 -4.4495 19.4726 -0.117455 0.319348 -3.64364 -0.0894896 -0.609854 0.787445
59.1354 1.04725 2.50513 1.21143 0 -0.8 -0.738721 0.262129 -0.620951
64.4489 -9.09 6.76337 -0.44089 0.260677 -3.91264 0.440202 -0.73904 -0.509944
63.8703 -10.444 24.2603 0.742639 0.0127046 -0.0477891 -0.0215233 -0.457171 -0.889118
62.844 -28.774 42.121 0.354782 0 -4.5 0.587849 -0.759313 0.279065
39.14 10.8835 23.3374 -1.01889 -0.302026 -2.75166 -0.968889 0.0378067 -0.244592
41.05 4.096 13.953 -0.111343 0 -4.5 -0.575487 -0.801951 -0.160282
50.904 9.38412 -9.5295 -0.122842 0 -0.4 -0.963495 0.0230276 -0.266736
51.7062 18.4328 17.8773 -0.386727 0 -3.5 0.360428 0.654463 -0.664658
54.5775 2.3355 35.6495 -0.588318 -0.76181 -4.5 0.984876 -0.0660009 0.160197
45.4249 -17.0499 34.5115 -0.576136 0 4.2 -0.182167 -0.445054 -0.876779
47.3976 -9.01087 40.5691 -1.13803 0 -3.2 -0.32826 -0.0921985 0.940077
50.3302 -2.91725 29.432 -1.07331 0 -2.82515 -0.261972 -0.115983 -0.958081
51.847 -10.8155 43.6315 0.229552 0.841912 -3.2 -0.388251 0.645234 0.657977
61.7771 -3.67075 40.977 -0.341023 0 -3.2 -0.39218 0.496956 0.774099
80.8884 -17.5396 -1.50175 2.73397 0.0955435 -3.9 0.309978 -0.825658 -0.471384
70.4861 4.34788 38.8677 0.88062 0 -3.9 0.807299 0.409755 0.424699
87.558 -8.3275 10.0835 -1.30655 -0.516864 3.8 0.648668 -0.591108 -0.479397
63.4269 13.8988 29.2768 -0.06147 0.0894777 -4.5 0.480439 0.778404 0.404062
62.8052 8.4965 21.658 -0.41208 0 3.8 0.292694 0.955087 -0.0462536
60.9082 -26.1756 38.8496 1.26453 0 -4.5 -0.749393 -0.623881 -0.221771
59.2455 5.37138 39.697 -0.347423 0 -1.6 0.477833 0.288171 0.829839
90.5245 -4.93113 -4.715 0.377015 0.438656 -4.5 0.283977 -0.357409 -0.889728
80.4616 1.87125 -11.0851 -0.116898 0 4.2 0.367689 0.345112 -0.863541
61.1683 8.24675 19.274 -0.37208 0 3.8 0.447945 0.893423 0.0337742
63.447 -7.7105 -3.814 -0.109054 0.38131 -2.59721 0.184468 -0.551869 -0.813272
94.5488 -4.728 14.9272 0.463187 0 -4.5 -0.347336 -0.936663 0.0449432
64.7243 -23.4094 24.0956 -0.192598 0 -3.5 0.909909 0.244464 -0.335117
51.3189 -17.7306 42.224 -1.02565 -0.987217 -0.8 -0.502994 0.455919 0.734258
56.0271 0.3735 -2.44163 -0.910444 -0.0227809 -0.8 -0.0390236 -0.661409 0.74901
59.3082 10.4388 5.13481 0.00843443 0 -4.5 -0.963683 0.266312 -0.0198116
90.7773 3.445 4.68425 -0.0521173 0.392215 0.212719 0.667388 0.513749 -0.539124
40.9705 -0.34175 12.5122 0.0849513 0 -2.61718 -0.422774 0.262821 0.867287
58.1533 12.1745 10.8438 -0.874871 0 -3.2 -0.229867 -0.310004 -0.922528
59.8983 -22.0201 23.5228 -1.20226 -0.0835037 -3.5 -0.605971 0.212666 -0.766533
77.6068 -8.41988 6.3295 0.607335 0 -3.5 0.772273 -0.623145 -0.123634
53.1554 -25.7019 38.4622 0.0171298 0 -2.97229 -0.176695 -0.971812 -0.15608
70.2299 -24.7756 33.5624 -0.217008 -0.0698881 -2.31363 0.737975 -0.325444 -0.591168
82.143 22.821 1.96475 -0.579787 0 -3.5 0.807607 0.29503 -0.510615
47.3503 -8.44775 36.535 -0.584993 0 -3.2 -0.146364 0.597879 -0.78811
64.5383 10.3935 34.5747 -0.715669 0 -3.2 0.353959 0.67683 0.645456
88.2718 5.95375 26.44 -0.159111 0 -3.5 0.411275 0.0995302 0.906061
60.7277 -8.90425 41.8003 0.0893082 0 1.9 0.186449 0.297891 0.936215
54.9163 -26.4174 39.0031 -0.0112366 0 -3.5 0.0207533 -0.684947 -0.728297
91.5527 2.891 -0.291625 -0.0434652 0 1.8 0.557009 0.666109 -0.496024
78.4509 8.65812 29.7208 -0.373503 0 -4.01039 -0.155222 0.725884 0.670074
39.8475 5.346 27.728 -1.32442 -0.0132821 -3.5 -0.193571 -0.308744 -0.93124
60.7127 2.0935 -6.34825 0.215795 0 -1.99981 0.297293 -0.108556 -0.948595
70.4279 3.629 22.3826 -0.304056 0 2.8 0.130819 0.990762 -0.0357421
89.7852 0.329625 -12.4599 0.0284553 0 -3.2 0.638583 0.675607 -0.368465
71.0403 -8.23075 9.593 -0.518724 -0.435672 -3.9 0.73775 -0.452525 -0.500945
63.9519 9.6835 -7.95662 0.220576 0 -2.09853 -0.421978 -0.34507 -0.838368
88.844 -8.8565 17.3271 -0.190031 0 3.8 0.298909 -0.822946 0.483128
54.8376 -11.5186 44.4016 -0.294855 0 -0.9 -0.55525 0.335887 0.76084
76.612 5.1565 33.4185 -1.76716 -0.249268 -3.5 0.540606 0.497113 0.678693
81.4668 22.6136 11.0061 0.297961 0 -0.482308 -0.645013 0.670927 0.365807
70.6862 -25.5565 37.2467 -0.874549 -0.496101 -3.5 0.997241 -0.0708693 -0.0221012
68.6645 -19.8937 40.8177 -0.0203723 0.448599 -0.7 0.779563 -0.335045 0.529175
65.9929 9.58288 -5.16125 0.338808 0 -2.96319 0.390726 0.313102 0.865621
51.7411 -2.96325 -12.0309 0.696256 0.352773 -0.8 -0.800269 -0.592839 -0.0900666
84.9258 11.338 3.31875 2.81874 0.0728747 -3.9 0.832141 -0.269748 -0.484538
79.2665 -4.32025 38.3854 0.323467 0 -1.6 -0.240551 0.810304 0.534363
55.7706 4.96588 38.4409 -0.421652 -0.0585337 0.0702288 0.155483 -0.849736 0.503759
65.3207 15.3285 11.8708 -0.475767 0 -4.5 -0.423931 0.505517 0.751489
41.0556 8.12075 25.6414 0.599527 0 -3.40039 -0.39962 -0.895396 0.196391
66.9583 -16.6803 27.6214 -0.254657 0 -0.7 0.686736 0.00370078 -0.726898
80.701 24.1484 6.71075 -0.314324 -0.0111114 -1.71464 -0.681051 0.718682 0.140237
74.3009 20.0193 16.8101 -0.812511 0 -3.5 -0.885092 0.451979 -0.111028
84.1266 12.321 1.30237 0.939551 0.0837765 -3.9 0.89854 0.181449 -0.399628
80.8679 -11.7791 -13.4291 -0.234297 0 -3.2 0.936538 -0.225352 -0.268537
74.059 -13.6811 39.3088 -0.440884 -0.912295 -1.6 0.470228 -0.393435 0.789997
43.4244 -0.799875 16.6222 -0.132126 -0.281157 1.78119 -0.807248 -0.453753 0.377439
61.0412 -7.0165 -8.208 -0.0311799 0 -3.5 0.107418 -0.859163 0.5003
83.2148 14.6245 30.1866 -0.804946 0 -3.5 0.476493 0.365252 0.799716
79.2565 15.0323 22.7402 0.228128 0 -1.24989 0.0969314 0.42224 0.901287
56.644 4.848 7.132 -1.04006 -0.582078 -0.8 0.354924 0.917033 0.181876
64.846 11.8938 13.9335 -0.606557 0 -4.5 -0.719092 0.506885 -0.475367
60.04 -24.878 38.1305 0.174872 0 -4.5 -0.540512 -0.791979 -0.283928
58.5877 13.0945 23.7908 0.0158329 0 2.5 0.0670954 0.997374 -0.0272664
79.9437 12.7432 26.3732 -0.152127 -0.480695 -2.12592 -0.0983844 0.940597 -0.324958
68.0273 -8.453 42.7265 0.0125924 0 3.8 0.104712 0.7836 0.612377
60.9874 15.1589 30.7104 -0.024709 0 2.8 0.140751 0.711919 0.688012
55.4279 -10.3224 26.9641 -0.331026 0 -1.37448 -0.772079 0.479275 -0.417361
93.1403 3.71937 17.2262 0.694848 0 -4.5 0.879148 0.0356776 0.475211
48.5565 4.6255 13.2467 -0.523992 0 -3.5 -0.552154 0.822868 -0.134215
67.3301 -14.8984 27.8611 -1.48189 -0.0676592 3.8 0.318387 -0.196593 -0.927351
62.9756 -25.9006 22.9265 -1.12584 0 -3.5 0.569906 -0.458178 -0.682114
71.166 -21.6105 32.478 -0.645572 -0.179532 -3.5 0.591609 -0.0176539 -0.806032
41.6405 10.5104 32.7404 -0.700782 -0.169135 -3.83204 -0.821409 0.438909 -0.364207
52.6549 -16.82 43.3116 -1.60506 -0.758971 -3.48006 -0.764743 0.0846914 0.638745
70.9664 3.474 38.163 0.889665 0 -3.9 0.976073 -0.00832979 0.217283
50.6167 10.9684 -5.3235 0.522708 0 -4.5 -0.938123 0.0919015 -0.333885
55.4282 4.459 32.9478 -0.97279 -0.965169 -0.8 -0.0930401 -0.97076 0.221287
57.2784 8.05663 36.0939 0.110701 0 -2.45019 0.292767 0.86108 0.415726
58.0585 13.709 14.0875 -0.699238 0 -3.2 -0.0832849 0.915278 0.394119
64.3845 -25.5234 30.9844 -0.094707 0 -3.5 -0.710905 -0.70315 0.0138991
48.9465 1.69225 38.507 -0.145931 0 -4.5 -0.353371 -0.564269 0.746143
51.2181 11.9858 -7.0485 -1.10507 0 -1.2058 -0.858637 0.511926 -0.025972
84.2539 27.2774 7.94137 -0.0289574 0 -1.6 0.166986 0.924496 -0.342669
80.3733 -8.23375 3.03525 -1.0058 0 3.8 0.254563 0.176262 0.950857
49.6707 -3.00775 22.1992 -0.175105 0 4.2 0.282213 -0.955843 0.0819732
50.1835 9.885 -4.13975 0.743386 0 -4.5 -0.830046 -0.420306 -0.366559
51.8954 10.0971 17.43 -0.552563 0 -2.37205 0.177224 0.920744 -0.347594
45.0872 -1.48588 24.1182 0.164553 0 -3.9 -0.101077 -0.98563 -0.135342
61.854 13.051 14.914 -1.40276 -0.0524053 -3.2 0.215872 0.944612 -0.247197
84.9005 12.3603 25.1805 0.708504 0 -3.9 0.29789 0.933997 -0.197259
55.0337 -27.618 41.7562 -0.956455 0 -3.5 -0.114781 -0.993379 0.00488087
46.366 16.5349 14.2996 0.373272 0.0392958 -4.5 -0.481299 0.581605 -0.65581
73.5573 18.7222 18.9525 -1.96921 -0.0975726 -3.5 -0.975598 -0.195161 0.100603
75.569 -4.5335 38.1495 -0.048551 0 3.8 0.247058 0.359196 0.899967
50.8937 4.3495 39.3052 0.213967 0.0724223 -4.5 -0.0273614 -0.284748 0.958212
64.13 -20.9405 44.1549 -0.838577 0 -4.5 0.901151 0.0650701 0.428594
91.7461 -5.72275 12.3938 -1.35697 -0.436564 2.8 0.693747 -0.670939 -0.261832
39.296 10.173 27.7682 -0.277096 0 -3.5 -0.831165 -0.462944 0.307972
79.4133 22.4161 15.417 -1.47273 -0.129591 -3.5 -0.498571 0.833964 -0.236498
50.3286 -0.74975 36.9325 -0.914303 0 -4.01402 -0.270314 0.0528503 0.96132
55.818 4.813 -12.733 -0.134341 0 -3.5 0.182207 0.911553 0.368608
86.4164 -13.298 -1.9445 -0.807263 -0.331883 -2.03026 0.329921 -0.855962 -0.398098
62.2489 -3.65963 -16.6612 -0.172274 0 -0.4 0.245668 0.393828 -0.885746
89.9798 -9.96638 -3.59162 0.262535 0 -4.5 0.19306 -0.358257 -0.913444
72.2862 7.7515 27.1812 -0.193106 0.270182 -2.44987 0.434571 0.900626 -0.00463273
51.923 -18.6798 30.4949 -0.413088 0 4.2 -0.426667 0.0751351 -0.901283
66.0871 4.0415 29.8078 -0.827729 -0.285893 1.0835 -0.393274 0.233232 0.889347
78.2803 22.4925 7.61075 0.577959 0.0632484 -1.45445 -0.166296 0.804431 0.570295
71.6565 -4.376 -15.6145 -0.212972 0 -1.05004 0.0608506 0.18531 -0.980794
47.127 14.254 13.727 -0.212022 0 -4.5 -0.12782 -0.0434102 -0.990847
59.2319 15.5285 25.6355 -0.564966 0 2.8 0.195831 0.20977 -0.957939
54.118 6.46825 -9.8845 0.377895 0 -0.4 -0.142795 -0.157177 -0.977192
49.2233 8.56475 8.643 -0.786826 0 -3.5 0.208565 0.431677 -0.877585
42.392 -19.3609 38.4571 0.506388 0 -2.24971 -0.944089 0.288773 -0.159079
43.3604 -23.8024 36.3726 -0.689633 0.188227 -3.2 -0.342025 -0.797473 -0.497047
50.7912 -6.39675 30.281 -0.516804 0 1.9 -0.879426 -0.421223 0.221768
48.104 0.056 32.8262 -0.668683 -0.384623 -3.5 -0.935757 0.156887 0.315825
45.8662 -10.1529 39.0361 -0.754231 -0.00200579 -1.71335 -0.915415 -0.0131501 0.402296
41.7687 4.11175 30.461 -0.841539 0 -3.5 0.284321 -0.920866 0.266772
62.307 8.7475 9.1285 -0.393977 0.666212 2.05658 -0.360928 0.88237 0.301917
84.9016 -6.54388 -9.03531 0.237112 0 -3.5 0.779076 -0.148154 0.609172
83.1891 -4.8665 16.3803 -0.662764 0 -3.5 -0.638407 -0.373648 0.672922
67.415 -10.8267 26.5105 0.285527 0.441142 -0.050288 0.146612 -0.57735 -0.803226
83.8408 24.2782 5.739 0.193404 0 -1.6 0.318347 0.256898 -0.912502
71.1796 -5.3955 -15.733 -0.101663 0 -1.06554 -0.164784 -0.0763727 -0.983368
48.79 11.6853 -0.2465 0.239521 0 -4.5 -0.789286 0.342979 0.509307
90.03 -11.502 0.2785 -0.159006 0 -4.00004 0.552085 -0.833733 -0.00959747
59.7894 -2.0745 1.31263 -0.883716 0 -0.995538 -0.530318 -0.66944 -0.520205
63.6161 14.508 10.5595 -0.210872 0 -4.5 -0.901889 -0.221222 0.371022
57.5545 14.6515 -8.33062 -0.0325508 0 -0.4 -0.0709508 0.920647 -0.383895
72.629 -8.49212 3.73062 -0.450944 0 -3.5 -0.152614 -0.779894 0.607021
74.0782 -9.94425 15.6313 2.35688 0.0804588 -3.9 0.270637 -0.962674 0.00387344
57.1026 -6.7415 12.4028 -1.23409 -0.00646431 -0.673464 0.276519 -0.886883 0.370101
40.5902 -0.24375 28.0845 0.297326 0 -3.9 -0.68139 -0.264956 0.68228
66.176 6.47275 24.8331 0.908315 0.465156 -0.4 0.476736 -0.211683 -0.853179
79.808 -13.2349 34.9856 0.178986 0 -1.6 0.846051 -0.296578 -0.442988
77.9522 20.5256 11.7513 -0.794502 0 -0.9 -0.580222 0.752345 0.311962
54.3473 -2.015 24.406 0.099745 0 -3.5 -0.274481 -0.608484 0.744585
44.6748 4.10675 39.1855 -1.6546 -0.562059 -3.5 0.00895152 -0.861879 -0.507035
63.5872 -7.60838 -15.5554 -0.962347 -0.0495652 -1.3 -0.158239 -0.546516 -0.822363
74.3412 -6.11088 14.1474 -0.0564362 0 -3.9 0.740708 0.635794 -0.217065
75.3193 0.64775 35.997 0.117806 0.320894 1.8 0.107417 0.763638 0.636646
78.505 1.11162 16.1236 -1.97187 -0.502521 1.55275 -0.878664 0.262716 -0.39866
57.165 -22.652 25.0833 -1.89419 -0.517687 -3.5 -0.521636 0.176093 -0.834798
40.9022 13.64 29.304 -0.0114924 0 -3.5 -0.593329 0.772774 0.225345
61.7212 1.447 -6.27712 -0.0390617 0 -3.2 -0.141245 -0.0954861 -0.985359
82.8747 26.4334 6.38062 0.0152319 0 -1.6 -0.160812 0.677282 -0.717933
73.4575 23.8197 6.1435 0.646385 0 -4.5 -0.250575 0.757747 0.602521
69.2872 -5.898 -15.2389 -0.353041 0 -1.3 0.0229123 -0.602392 -0.797871
90.238 -1.22213 24.2628 -1.38903 -0.472728 -0.8 -0.0411354 0.286198 0.957287
60.3493 4.758 -7.43463 0.0593993 0 -0.8 0.291463 0.248845 -0.923648
69.7015 -22.9465 41.0843 -1.55566 -0.396785 -3.5 0.968019 0.225434 0.110082
60.3368 4.2815 31.2845 -0.948073 0 -3.82657 -0.136249 -0.74451 0.653561
78.6391 -7.71063 6.70875 0.0779044 0 -1.3 0.407983 -0.694328 -0.59284
63.2271 -8.21925 -14.8086 -0.932617 -0.648279 -1.3 -0.343988 -0.731195 -0.58909
38.386 5.788 28.585 -1.53314 -0.806105 -3.5 -0.950276 -0.114772 -0.289489
72.9231 9.42163 18.7975 -0.771402 -0.415561 -3.5 -0.67834 0.395056 0.619504
82.8061 -3.62363 16.581 -1.33122 0 -3.29296 -0.649818 -0.555197 0.519126
54.177 -10.3031 43.3629 -0.254224 0 -3.2 -0.253423 0.654215 0.712586
76.6148 1.29813 -11.6441 -0.599206 0 -3.69499 0.504387 0.277845 -0.817555
65.4898 19.617 0.171375 -1.13278 0 -3.5 -0.712418 0.533402 -0.456008
57.8753 13.1349 24.6679 -0.265713 0 2.63191 0.369401 0.849363 -0.376995
57.9496 -18.6986 45.4696 -0.366075 0 -3.5 -0.639568 0.427684 0.638779
73.7085 5.95575 -13.3097 -0.414715 0 -1.3 -0.364156 -0.100037 -0.92595
81.5033 1.75425 -10.5905 -0.109523 0 2.29883 0.161887 0.807856 -0.566711
64.9565 -8.33562 -2.18375 -0.285092 -0.258146 -2.69586 0.489149 -0.0768442 -0.868809
60.5858 13.389 -3.3995 -0.142156 0.0793123 -3.64017 -0.00226032 0.964949 0.262427
73.5853 10.4374 -11.1029 -0.0274475 -0.23772 -2.27497 0.406007 0.833879 -0.373904
74.5872 -9.3295 22.3037 -2.1151 -0.540079 -3.5 -0.351486 -0.771688 -0.530052
68.9191 -3.17081 13.2386 -0.467707 0 -0.8 0.690064 0.118375 0.714002
88.9326 -13.2716 1.92288 -0.355679 0 -3.5 0.763014 -0.646133 0.0179492
82.3006 -2.2135 -13.7344 -0.0407395 0 1.8 -0.209757 0.679427 -0.703122
59.1241 -3.1965 -18.6099 0.187022 0.0397415 -3.5 -0.0399426 0.930614 -0.363817
68.8936 -25.4046 31.7132 -1.33785 0 -0.915348 0.940364 0.304021 -0.152599
54.4716 -15.6669 43.683 -1.87963 0.13633 -3.1454 -0.231202 0.34199 0.910818
65.1885 5.6175 22.906 0.102761 0 -1.6 0.732433 0.538561 -0.416526
69.1469 12.0245 -7.08712 0.504847 0.405144 -4.37855 0.0347611 0.609305 0.792173
84.813 -13.0332 1.04775 -0.487841 0 -3.70534 0.211076 -0.934366 0.287066
54.7859 15.5448 17.1998 -1.12849 -0.875473 4.2 -0.156022 0.558555 -0.814661
74.1428 12.4156 -9.59175 0.0901714 0 -3.5 0.723696 0.542149 -0.427011
94.1453 1.75656 15.2286 -0.120722 0 -4.5 0.864302 0.0351461 0.501744
64.9485 12.4058 -7.04625 -0.157461 0 -3.50008 0.356477 0.217184 0.908711
62.9744 7.88844 19.6872 -0.407441 0 3.8 0.700453 0.713112 -0.0289252
82.8841 1.845 24.448 -0.891841 0 -3.2 -0.415479 -0.35402 0.837882
67.208 3.871 36.6445 1.83022 0 -3.9 -0.96554 0.220549 -0.138173
59.601 -8.2425 -15.1305 -0.361567 0 -3.5 -0.139293 -0.982677 -0.122247
61.2281 -10.3305 6.01562 0.0150081 0 -4.5 -0.00150954 -0.941614 -0.336691
57.8358 9.02525 39.932 -0.848718 0 -3.76807 0.621524 0.018769 -0.78317
62.5348 19.729 6.56225 0.235911 0 1.8 -0.851937 0.339832 0.398395
57.7718 -10.2295 19.5131 1.81822 0.292489 -3.9 0.384283 -0.389711 0.83693
85.0785 19.0955 10.2063 -0.478279 0 -1.44405 0.949705 -0.0199411 -0.312509
73.2458 -9.04338 -1.20775 0.448823 0 4.5 0.174959 -0.961461 0.212092
82.2071 -7.55587 39.8194 0.578051 0 -1.6 0.584363 -0.00509867 0.811476
74.8785 18.4202 -2.43362 0.622311 0 -3.9 0.588747 0.659969 -0.46671
91.6199 -10.5942 -2.88575 0.514478 0 -4.5 0.421475 -0.340782 -0.840373
44.7376 12.9222 22.8285 -0.68418 0 -3.5 0.20721 0.964375 0.164451
82.5833 -0.16325 22.7349 -2.09274 -0.0620674 -1.95882 -0.682557 -0.273258 0.677824
74.3668 24.207 5.4515 0.749708 0 -4.5 0.215809 0.906047 0.364012
58.9067 -1.95662 -2.503 -1.56594 -0.229771 -3.46854 -0.610269 -0.0936088 0.786644
92.4382 0.932875 17.504 0.120587 0.31748 -3.27332 0.983246 0.122676 0.134824
48.5875 8.2865 41.2435 -0.122442 0 -3.5 0.00851176 -0.399075 0.916879
86.6285 -8.676 -5.3875 -0.975887 -0.397368 -4.5 0.192915 0.348079 -0.917401
85.14 -13.9067 -2.93187 0.364496 0.00106803 -0.8 0.544178 -0.838325 0.0328834
50.6091 0.825 3.20075 -0.456903 0 4.2 0.0684115 0.955389 -0.287317
83.3217 -2.321 -14.3442 0.560517 0 1.8 -0.349057 0.761957 -0.54551
54.0518 -24.9473 44.2855 -0.254215 0 -0.4 -0.234994 -0.779929 0.580076
81.4286 -4.63275 39.4232 0.0688162 0 -1.6 0.115533 0.888114 0.444865
92.7736 3.43613 6.60337 -0.139306 0 -0.4 0.81891 0.0486096 -0.571859
69.4573 7.29012 29.7404 -0.449283 0 -0.7 0.290754 0.567641 0.770224
68.7101 -21.1435 40.7077 -0.492637 0 -2.91738 0.883826 0.396642 0.248048
62.1541 23.4342 6.24062 -0.230114 0 1.8 -0.863767 0.402688 -0.302901
54.6045 -0.64275 -14.8945 0.320369 0.0295671 -1.49122 -0.242085 0.0020703 -0.970253
68.2848 14.6178 17.596 0.171933 0.00124965 -4.5 0.307951 -0.154112 0.938837
63.3474 -3.41537 18.0056 -1.00691 -0.214588 -3.23257 0.936501 -0.170356 -0.306503
86.1424 4.29087 26.898 -0.363889 0 -3.5 0.448221 -0.387492 0.805573
57.3122 -6.16087 -16.4101 -0.648806 -0.176094 -3.5 -0.99241 0.00188343 -0.122956
62.1395 -23.466 47.5098 -0.224316 0 -3.5 0.943398 -0.327874 0.0499816
54.9495 18.5333 19.4417 -0.196088 0 -3.9 0.524393 0.0989022 -0.845713
68.9532 0.902625 39.7559 -0.0335309 0 -3.9 0.030764 -0.1206 0.992224
45.1357 15.6969 19.0199 -0.993522 -0.108848 -4.5 -0.554536 0.827482 -0.0881102
64.6535 -23.1232 44.0334 -0.531735 0 -4.5 0.586839 0.168573 0.791962
60.264 13.8115 21.7722 -0.578214 0 2.26915 0.551833 0.276555 0.786764
71.974 -16.163 33.655 -0.109635 0 -3.2 0.826219 -0.323585 -0.461144
43.0527 -15.4455 37.668 -0.604252 0 2.07304 -0.938825 0.15311 -0.308488
65.7184 -10.9618 -9.718 -0.745418 -0.0753534 -3.5 -0.435998 -0.707736 -0.555892
74.1582 -12.8379 26.3891 -0.145603 0.224362 -2.18737 0.7736 -0.606064 -0.185011
56.5518 -19.4417 28.1828 -1.5811 -0.119713 -3.5 -0.877081 0.321531 -0.356856
48.7976 -2.99312 23.8019 -0.267824 0 4.2 -0.304627 -0.842503 0.444287
57.4011 -10.615 -1.47312 2.33375 -0.140505 1.9 0.0404383 -0.997159 0.0635487
45.3543 5.89362 38.0095 -0.78705 0 -3.5 0.128928 -0.758164 -0.639192
47.2248 16.9415 20.391 0.239938 0.0406255 -3.61073 -0.581709 0.640148 0.501821
47.374 -11.1516 41.928 -0.420924 0 1.8 -0.454068 0.768731 0.450417
76.7091 2.09512 17.1616 -0.257518 -0.128161 -1.76594 0.0191734 -0.342753 -0.93923
89.542 4.1485 23.659 -0.623097 0 -0.9 0.749414 -0.226944 0.621993
40.1302 10.6228 29.8755 -0.913838 0 -3.5 -0.852029 0.0101975 0.523396
82.5249 -7.737 6.28162 -1.04921 -0.00946718 -0.4 -0.683849 -0.612866 -0.395911
56.202 -3.803 -14.304 0.0333292 0 -3.5 -0.618591 -0.338336 -0.709136
69.393 -4.195 9.279 -1.42049 0 -0.8 0.769113 0.295624 -0.566632
55.6647 10.762 -8.70675 0.385539 0 -0.4 0.403104 -0.444726 -0.799828
55.6328 12.7151 -9.26287 0.439369 0 -0.4 -0.34664 0.485121 -0.802806
75.4082 20.559 1.11675 0.517723 0 -0.7 0.152256 0.623933 -0.766502
54.901 17.7235 26.026 -1.22846 0 -3.5 -0.908501 0.409843 0.0815792
61.4631 -0.122875 36.1621 -0.568585 0 3.8 -0.718263 0.296101 0.62962
71.6414 -10.2476 -14.0115 -0.32547 -0.653806 0.574398 -0.0456818 -0.557788 -0.828725
57.684 0.9865 -15.1605 0.579108 0.555243 -4.45979 -0.0353408 -0.468924 -0.882531
82.5949 0.27175 31.13 -0.504559 0 -0.7 0.92639 -0.333218 -0.175406
62.8425 -18.3993 45.7144 -1.72117 -0.682779 -2.72125 0.713238 -0.0238105 0.700518
40.9965 13.3663 27.8041 0.229999 0.422337 -3.5 -0.480901 0.836364 -0.263114
49.5134 -7.545 9.37425 -0.216425 -0.244012 -0.7 -0.439914 -0.891563 0.107666
65.4939 -20.2725 42.1367 -1.29324 0 -2.18543 0.392953 -0.207186 0.895914
69.5014 21.2447 8.78063 -0.031045 0 -0.8 0.0304941 0.64078 0.767119
87.608 11.3173 -4.23225 0.815863 0.747746 -1.3 -0.0711171 0.982539 0.171927
49.9868 0.67375 4.18563 -0.335018 0 4.2 -0.281985 0.937198 0.20529
52.4786 7.13163 40.4744 -0.0882121 0 -3.5 -0.171065 -0.575113 0.799989
41.0682 12.9967 37.9468 0.504061 0 -3.9 -0.0847863 0.125191 0.988503
52.1758 -21.1741 31.1826 -0.506792 0 4.2 -0.419214 -0.846822 -0.327341
59.608 -29.1637 41.666 0.204326 0.417724 -4.5 -0.29193 -0.90042 -0.322524
59.5354 9.743 -7.09662 -1.0511 -0.666438 -0.4 0.226029 -0.801723 -0.553309
58.4086 4.13037 4.66787 -0.759727 -0.506656 -0.8 -0.3797 0.892243 -0.244398
61.6183 1.49775 34.9545 -0.469022 0 3.8 -0.77703 0.378047 -0.503294
53.5301 -8.39538 9.01087 -0.181117 -0.496846 -2.53882 -0.150612 -0.930999 -0.3325
66.449 2.31 38.3633 0.0194629 0 -3.9 -0.984194 0.0234148 0.175541
53.5536 -26.5191 41.3971 -0.346407 -0.630972 -3.5 -0.768465 -0.598149 0.227332
58.8876 14.0036 1.55537 -1.27227 0.116256 -3.71354 -0.80634 0.582146 -0.104509
65.4962 -10.378 24.174 1.51078 0.192326 -3.9 0.385144 -0.640017 -0.664862
94.1543 6.137 7.453 -1.89065 -0.50491 -3.5 0.835786 0.114828 -0.536913
51.8121 -25.3781 36.259 -0.262138 0 -1.6 -0.440034 -0.799768 -0.408339
75.5755 -13.5638 39.121 -1.07323 0 -1.6 0.3688 -0.404601 0.83683
68.878 10.103 25.839 0.197399 0 -3.5 0.385433 0.671448 -0.632929
56.116 4.45962 34.1421 -0.425246 -0.257615 0.589024 -0.0945616 -0.962394 -0.25467
50.5918 13.5074 14.8194 -0.124585 0.0015781 -4.5 0.906041 -0.134668 -0.401192
46.1338 -2.29575 21.1 -0.869073 -0.408529 4.47312 -0.255817 -0.959364 0.119071
53.7645 4.5075 -16.376 -1.46606 -0.186667 -3.5 -0.865309 0.479563 -0.145808
62.2364 -0.794125 -9.37862 -0.282879 0 -4.5 -0.332063 0.436708 0.836074
71.0192 9.135 27.26 -1.15104 -0.583488 -3.5 0.751178 0.658013 0.0524515
61.7344 -29.4832 41.599 0.420429 0.0441772 -4.5 0.146134 -0.988124 -0.0475025
93.255 -1.70175 -7.89175 -1.2819 -0.773725 -3.5 0.575454 -0.0612838 -0.815534
62.7481 5.58287 34.8807 -0.151236 0.260487 -2.6979 0.743107 -0.668628 0.0269843
61.693 4.31075 -7.266 0.0672344 0 1.58337 -0.195004 0.279059 -0.940266
65.1231 21.4722 7.855 0.246599 0 1.46131 0.136925 -0.106821 0.984805
45.379 4.125 40.6895 -1.86109 -0.409944 -3.5 0.230966 -0.901243 0.366627
85.638 22.7865 11.6292 -0.215274 0 -0.4 0.930663 0.302737 0.205467
87.7021 13.7478 7.5895 0.0634344 0 -0.9 0.254201 0.520367 -0.81523
58.5105 16.3083 25.5103 -0.990609 0 -3.29318 0.604194 -0.166535 -0.77924
67.522 14.232 -10.018 -0.208183 0 -4.5 0.562179 0.569567 -0.599624
71.9565 -5.23112 38.1626 0.174955 -0.0511645 2.85745 0.08916 0.770792 0.630817
85.1675 14.1468 28.4341 -1.31701 0 -3.5 0.536015 0.587304 0.606435
40.2738 13.9722 37.4919 1.16641 0 -3.9 -0.468647 0.204226 0.859454
78.7765 -14.6445 36.9155 -0.0117709 0 -1.6 0.345133 -0.863829 0.366991
45.0111 -21.3666 43.4678 -0.469747 0 -3.5 -0.0504316 -0.896209 0.440756
88.7574 12.9185 28.9359 1.57933 0 -3.9 0.439255 0.487237 0.754755
66.235 15.0079 13.0434 -0.0683836 0 -4.5 -0.381805 0.923322 0.0412424
56.5703 -24.0212 45.1895 -0.499177 0 -0.4 0.120917 -0.751843 0.64816
59.3701 -3.00075 -15.0577 0.107909 -0.425399 -3.5 0.132586 0.722691 -0.678336
55.6281 -22.3717 35.7205 -0.447331 0 -1.6 0.282008 -0.611187 -0.739542
81.5605 -7.75475 -13.4928 -0.25486 0 -3.2 0.627394 -0.476959 -0.615538
54.716 -1.67075 -7.49913 -0.0597219 0 -0.4 -0.393711 -0.917869 -0.0500832
95.187 -7.701 -1.93663 0.724001 0.00514812 -4.5 0.886131 -0.368763 -0.280687
62.0595 10.7055 7.6595 -0.232122 0 -4.5 0.263641 0.118806 0.957277
59.9459 -7.75037 -3.114 1.4424 0 1.9 0.0411073 -0.14534 -0.988527
66.0585 -28.8538 39.992 0.393687 0.868906 -4.5 0.635161 -0.632214 0.443707
57.0025 -1.218 -2.5395 -1.97077 -0.202965 -0.8 -0.300186 -0.0519925 0.952463
45.9637 4.75525 28.5382 0.287067 0 -1.3 -0.494178 -0.79643 0.348549
45.7257 18.657 18.2995 -1.42429 -0.492595 -3.5 -0.843869 -0.424683 0.327918
58.8845 -23.1478 46.8625 0.340733 0.0662314 -3.5 -0.717421 -0.623279 0.311175
55.3366 -11.0243 31.078 0.17513 0.0736984 1.29555 -0.689017 -0.451843 -0.566652
63.701 -9.19525 40.6665 0.4535 0 2.13239 0.169842 0.0586327 0.983725
41.9613 -1.5965 13.8392 -0.298468 -0.0261393 -2.56727 -0.601783 -0.430185 0.672902
93.0724 -2.32838 -5.50612 -1.15644 -0.726698 -3.5 0.665255 -0.681078 0.305889
58.9945 8.313 13.457 -0.454511 0 2.85189 -0.116887 0.285974 -0.951082
66.6332 -17.6619 -11.942 0.124476 0 1.9 -0.831916 0.109273 0.544036
68.4091 -24.4473 31.6685 -0.841021 0 -2.7987 0.842152 0.305964 -0.444033
95.7084 -0.77825 11.9276 0.548234 0.572162 -4.5 0.353829 0.55228 -0.754846
69.3568 3.48875 21.7975 -0.288903 0 2.8 -0.348258 0.841665 -0.412693
85.2961 23.9081 9.57687 0.245412 0 -1.15981 0.977692 -0.124305 0.169313
66.1725 17.9355 10.607 -0.108661 -0.0302794 -4.4681 -0.391389 0.663992 0.637126
52.5163 -6.50325 14.0005 -0.465259 0 -0.79758 -0.0604421 -0.719329 0.692035
89.6714 7.4415 24.7255 -0.996915 -0.514821 -3.5 0.648897 -0.443179 0.618486
72.9034 -5.8115 39.6265 -0.00960505 0 3.8 0.172819 0.763722 0.621982
72.0624 -6.03587 16.0163 0.0248723 0 -3.9 -0.411406 0.606623 0.68026
48.0471 0.322125 7.50763 0.012584 0 -3.2 -0.43273 0.655741 -0.618666
68.5857 -18.8791 41.7463 -0.227234 0.110148 -0.7 0.666573 -0.516116 0.53787
61.4625 8.56888 20.9531 -0.479119 0 3.8 0.309707 0.924899 -0.220552
51.5762 14.9902 24.1528 -0.652335 -0.432589 2.14194 -0.224274 0.704825 0.672996
58.5609 8.151 35.6469 0.294203 0 -2.95385 -0.133558 0.754002 0.643151
92.4854 2.13275 6.07275 -0.109332 0 -0.4 0.850141 -0.328363 -0.411628
50.062 -13.5007 43.7886 -0.297604 0 -3.2 -0.328332 -0.0731129 0.941729
50.449 -4.591 29.1493 -1.30282 0 1.9 -0.785938 0.0108238 -0.61821
54.9702 -8.6505 0.13425 -0.231863 0 1.9 -0.693011 -0.633757 -0.343638
74.2588 19.1152 9.61487 -0.717354 -0.241226 -2.1353 0.0764999 0.993919 0.0791965
85.425 21.1475 15.193 -1.3709 -0.215057 -3.5 0.916435 0.271755 -0.293761
57.2458 14.126 -5.76225 -0.291534 0 -0.4 0.0468373 0.800831 0.597056
41.4191 12.9491 30.7983 -0.0168524 0.000659515 -3.5 -0.693994 0.51333 0.504842
56.0666 5.789 10.482 -0.493167 0 4.5 0.274545 0.807635 -0.521872
77.551 -1.271 -15.3535 0.487835 0 -3.9 0.470777 0.251399 -0.845676
82.668 -9.977 15.368 -0.223452 0 -4.5 -0.64226 -0.417289 0.64294
80.9499 -4.31913 28.0469 -0.881981 0 -3.5 0.905819 -0.310742 -0.287977
70.5965 3.7265 20.8645 -0.597137 0 -0.461337 -0.727788 0.66624 -0.162632
70.0636 -6.7285 24.9484 -0.410007 0 4.5 -0.0841352 -0.257188 -0.962692
81.8879 -6.52975 15.2614 -0.950388 0 -3.91986 -0.46889 -0.0964463 0.877975
74.9672 12.942 20.9955 0.291395 0 -1.6 -0.629493 -0.639172 0.441813
71.9535 -2.3815 -14.361 -1.272 -0.543944 -1.3 -0.00755609 0.729818 -0.6836
68.1711 19.6165 10.7661 -2.1216 0 -3.5 -0.365343 0.832136 0.417221
46.4458 16.295 20.854 -0.714086 -0.852195 -4.5 -0.287868 0.788699 0.543218
37.9899 -3.6225 10.0232 0.223409 0 -3.5 -0.744956 -0.553708 0.372086
58.613 11.9878 37.5401 0.47187 0 -3.9 0.338312 -0.796867 -0.500547
61.6255 -23.96 28.539 -0.706338 -0.643996 -3.5 -0.381679 -0.897393 0.221373
90.8512 7.77588 6.72687 -0.58036 -0.583069 -2.11143 0.532111 0.658722 -0.531924
52.08 5.282 8.0005 -0.0172438 0 4.5 -0.431221 0.263722 -0.862844
66.7 7.3805 31.726 -1.24337 -0.815981 -3.5 0.263752 -0.577773 0.772408
61.5579 -24.1525 46.8625 0.0276037 0 -3.5 0.640366 -0.746859 0.179255
72.453 4.8165 24.6634 -0.440497 -0.224876 -0.964339 -0.0763177 0.50384 -0.860419
83.9999 -7.58462 20.4039 0.575933 0.775798 -0.8 -0.185544 -0.98139 -0.0494665
63.9564 -25.4788 29.932 -0.999999 0 -3.5 -0.620779 -0.778331 0.093993
92.3995 -1.094 8.0635 -0.540898 0 -3.5 0.960602 -0.255592 0.109166
59.5277 5.1835 5.018 -0.110234 -0.43418 -1.70745 -0.874054 0.283945 -0.394214
83.3639 -5.16813 18.7324 -0.648509 0 -0.8 -0.706994 -0.404793 -0.579916
59.0831 11.2673 3.1425 -0.337013 -0.389332 -3.71623 -0.901519 -0.359322 0.241147
52.3535 -20.0033 34.8322 -0.249486 0 4.2 -0.764524 -0.527541 0.37041
65.057 8.91819 23.6011 -0.0835486 -0.11111 -0.4 0.232477 0.327862 -0.915675
58.2853 12.8033 4.6285 -1.78635 -0.347501 -3.5 -0.899361 -0.0839186 0.429078
55.6195 5.996 40.7928 -0.607342 0 -3.5 0.00962228 -0.946875 0.321458
53.7205 14.3628 17.4932 -0.462847 -0.208694 4.2 -0.269386 -0.0433227 -0.962057
60.5275 -26.1028 40.2868 0.912873 0 -4.5 -0.408623 -0.606917 -0.681674
82.3535 -11.803 38.9725 0.0211264 0 -3.9 0.931638 -0.15616 -0.328123
79.1568 -3.706 24.789 -2.36578 -0.763953 -3.5 0.43587 -0.129474 -0.890648
86.0865 -8.725 17.9433 -0.155406 0 3.8 -0.227544 -0.763607 0.604258
80.3579 -2.15887 29.1416 -0.961581 -0.264783 -2.02906 0.998574 -0.0508291 0.0162969
70.1955 2.17275 -13.4882 -1.00434 -0.901705 -0.7 0.392643 0.379941 -0.837542
89.4755 8.86175 10.8361 0.0541542 0 -3.04862 0.522341 0.818788 0.238214
87.053 0.80675 -9.1565 -0.385668 0 -3.2 0.137988 0.988766 0.0574574
49.8124 -3.07663 23.2323 -0.247317 0 4.2 0.269287 -0.950575 0.154572
81.1711 -13.9415 -6.51337 1.60358 0.489807 -3.9 0.225729 -0.946762 0.22954
67.6969 -14.6019 -10.0399 0.285846 0.524989 -0.415649 -0.913438 -0.380384 -0.144702
61.9883 -7.21075 16.9737 -1.49637 0 -3.5 0.488244 -0.592724 -0.640543
66.3176 -27.6536 40.1396 0.0827103 0.19399 -4.5 0.805574 -0.487157 0.337236
60.6851 8.39738 36.5134 0.0926251 0 -3.2 0.0220348 0.557439 0.829925
52.268 -3.28225 20.822 -0.74314 -0.256281 4.5 -0.594102 -0.791978 0.140763
44.5378 -21.1418 34.7911 -2.18242 -0.628141 -3.5 -0.801716 -0.197622 -0.56409
70.3057 -18.9705 30.5333 -0.313969 0 -0.7 0.763476 -0.569717 -0.304183
59.3984 -23.6714 45.6738 0.34216 0.828082 -3.5 -0.524413 -0.838959 0.145391
71.7865 13.201 -7.727 -0.244208 0 -3.5 0.0657991 0.980824 0.183453
56.8955 -2.56125 34.6777 -1.55094 0 -2.98751 0.538614 0.365229 0.759278
43.6769 1.96063 24.8465 0.202176 0 -3.9 -0.503012 0.854205 -0.131577
76.7894 -10.5503 -15.7909 0.378357 0 -3.2 -0.82706 -0.0404129 -0.560658
77.532 -13.623 -5.7585 1.06552 0.580152 1.51329 0.185549 -0.979744 -0.0753177
61.1934 -19.4531 48.2897 -1.7312 -0.902994 -3.5 0.00660921 0.831486 0.555507
94.686 -4.4635 16.6572 0.524102 0 -4.5 -0.0765111 -0.990691 0.112593
74.687 19.0839 -0.99475 1.17306 0 -3.9 0.450088 0.811624 -0.372408
58.505 -21.9025 34.0055 -0.39755 0.379678 -2.16478 -0.892679 0.215951 -0.395588
47.6155 -14.4893 33.9448 -0.404406 0 4.2 0.039241 0.204051 -0.978173
39.2513 9.16575 36.3097 -0.169487 0 -3.9 -0.924528 -0.370462 0.0894723
80.383 -13.5673 -5.86425 0.8307 0.0984599 -3.9 0.0501328 -0.967575 0.24756
84.35 10.0886 -0.3865 0.342232 0 -0.4 0.657185 0.712187 0.246775
54.6059 -0.7575 1.63175 -0.536886 0 -1.6 -0.420425 0.474136 -0.773587
75.5173 9.66575 -12.7465 0.846089 0.454264 -1.3 0.466167 0.725409 -0.506428
56.2168 1.776 -1.25 -1.67722 -0.798181 -0.8 -0.0805688 -0.485162 0.870705
74.9351 -14.9389 36.3539 -0.133169 0 -1.6 -0.106379 -0.992425 0.0614465
89.162 17.9415 14.96 0.327099 0.649363 -4.5 0.471984 0.816774 0.331831
80.1745 -5.44725 39.9605 0.268127 0 -1.6 -0.338505 0.480434 0.809072
49.7475 5.947 39.4075 -0.841692 0 -4.5 0.069226 -0.437119 0.896736
61.9216 -25.9455 35.4239 0.0616539 0.0845669 -3.5 -0.737623 -0.617288 0.27362
84.385 -14.6195 -2.941 0.699486 0.552214 -0.8 0.401468 -0.887922 0.224538
83.67 -12.0025 -9.5475 -0.989282 -0.883062 -3.5 0.462095 -0.838016 -0.290166
43.8055 -3.1495 12.64 -1.3447 -0.368529 -3.5 -0.222898 -0.839202 0.496041
60.1015 3.10087 -7.167 0.525371 0 -0.8 0.364278 -0.25172 -0.896626
79.6245 -0.499 17.39 -2.02946 -0.426433 -0.8 -0.398864 -0.515553 0.758362
87.275 -5.72913 21.0807 0.0729961 0 -0.8 0.00427984 -0.954373 0.298586
77.489 -13.3545 0.667 0.905193 0.295689 -0.7 -0.239065 -0.0239736 0.970708
70.2436 7.92987 23.9737 -0.174097 0 -0.4 0.093583 0.435777 -0.895176
64.1074 13.843 28.1915 0.135489 0.861226 -4.5 0.588502 0.799767 -0.118484
55.3659 -7.101 40.7878 -0.12562 0.158631 -1.80527 -0.775202 0.388434 0.498177
86.903 -10.005 6.72075 -2.20272 -0.0512538 -3.5 0.984024 0.144151 0.104488
59.9685 14.6597 0.898 -1.07743 -0.010223 -3.5 -0.211513 0.840449 -0.498906
66.1056 -10.7621 10.5496 -0.508057 0 -3.5 -0.0043724 -0.954031 0.299677
51.9996 -8.476 -0.02775 -1.14244 -0.27761 -3.5 -0.510334 -0.577566 -0.637163
58.348 -21.8158 25.039 -1.1941 -0.305908 -3.5 -0.463352 0.179263 -0.867853
92.5383 -2.356 6.91988 -0.349541 0 -3.5 0.973881 -0.104996 0.201326
84.9835 3.91313 -5.44238 -0.0558709 0 -3.17507 -0.0180631 -0.540684 -0.841032
86.1677 13.8125 26.655 1.97795 0 -3.9 -0.131083 0.726791 -0.674234
89.3217 13.5191 9.42237 -0.114929 0 -0.9 0.946243 0.26975 0.17849
79.7281 -13.7708 -13.4692 0.153828 0 -3.2 0.439931 -0.891919 -0.104601
92.0435 -5.33775 9.961 -0.0996746 0 2.8 0.929278 -0.329569 -0.166812
74.7203 1.093 13.1296 -0.253072 0 -0.803951 -0.229618 -0.291672 0.928549
55.3585 11.28 41.5868 -0.496825 0 -3.9 -0.224454 0.160513 0.961174
53.0747 10.1562 17.3442 -0.569569 0 3.22302 -0.420792 0.708292 -0.566795
82.34 -12.1967 40.3978 0.169157 0 -3.9 0.910721 -0.412774 0.0143107
43.4533 2.10087 27.2899 -0.0471405 0 -3.9 0.020294 0.985631 0.167686
75.5932 5.69625 33.2607 -2.02945 -0.375356 -3.5 0.0395725 0.831903 0.553509
90.4069 -7.11987 14.29 -0.521983 -0.125939 3.65948 0.709682 -0.704152 0.0228403
71.0628 17.5586 14.9099 -1.86579 -0.205747 -1.6 -0.690943 0.663518 0.286951
56.2319 -20.555 34.954 -0.580586 0 4.2 0.413754 -0.517583 -0.748943
58.5651 13.9165 16.1003 0.0608747 0.28915 -3.2 0.0798672 0.786079 -0.612945
69.1807 -26.5755 30.6798 -2.04847 -0.792199 -3.5 0.908651 -0.40594 0.0978029
67.8805 -3.60975 13.925 -1.26423 -0.0412642 -0.8 0.610373 0.092358 0.786711
54.8042 -12.5936 44.487 -0.438062 0 -0.9 -0.513637 -0.222971 0.828529
53.1041 15.1097 25.9129 -0.894436 -0.488903 -2.09915 -0.800717 0.598972 -0.00921632
58.7774 14.1209 0.17225 0.412284 0.00726697 -4.5 -0.549745 0.828954 0.103033
85.8006 22.3694 3.76837 -0.14483 0 -3.5 -0.299608 0.370119 -0.879345
57.6464 14.8026 38.0386 0.241091 0.291916 -1.26679 0.679666 0.732274 0.0427636
82.8586 -6.437 15.6101 -0.519744 0.119002 -3.99513 -0.374742 -0.0175278 0.926964
54.0739 17.0084 27.5564 -0.504082 0 -3.5 -0.763443 0.645851 0.00557319
64.7875 -1.76562 -16.547 0.0939425 0 -0.4 0.393827 0.274626 -0.877201
75.9112 3.60625 -13.0782 -0.0182486 0 -1.3 0.332863 -0.475384 -0.814378
45.1302 8.04513 42.1881 -0.319596 0 -3.5 0.208663 0.392043 0.89597
59.4416 -24.5422 36.4227 -0.818323 -0.426265 -1.3 -0.292602 -0.949829 0.110494
50.1872 1.54625 -8.942 -0.216759 0 1.8 -0.869195 -0.0327006 0.493386
58.599 -7.2285 -19.0001 -1.49236 0 -3.5 0.05688 -0.480414 -0.875195
89.532 9.34275 27.8517 -0.241481 0 -3.9 0.696361 -0.556506 0.453191
73.267 -14.6823 36.6053 -0.0593218 0.43798 -1.35986 0.312604 -0.875262 -0.369046
42.1562 2.62275 20.585 -0.0106201 0 4.5 -0.790512 0.0469848 0.610642
62.6075 -10.0227 -9.48325 -0.0406905 0 -1.3 -0.571696 -0.715657 0.401246
53.3283 -25.1963 42.7967 -0.586444 -0.460903 -2.15686 -0.58534 -0.714217 0.383759
44.6483 -13.645 34.562 -0.40181 0 4.2 -0.328318 0.703401 -0.630424
87.335 -5.59312 25.2684 1.75511 0 -0.592849 0.388985 -0.54507 0.742691
63.0909 12.7849 -4.31938 -0.0754334 0 -3.5 0.642785 0.380344 0.664956
59.3338 -8.10363 -16.6825 -0.18423 0 -3.5 -0.296577 -0.946045 -0.130543
63.598 14.7995 -0.651 -0.153397 0 -0.8 -0.48272 0.397283 -0.780479
65.3096 -3.19513 39.3835 -0.236438 0 -3.2 0.114844 0.892915 0.435333
50.5086 8.42313 41.0106 0.234119 0.431377 -3.5 0.0881415 -0.537611 0.838573
77.717 -15.3507 33.9113 -0.175011 0 -1.6 0.265083 -0.890403 -0.370019
80.242 -17.1413 0.89025 2.1512 0.0408056 -3.9 0.0707233 -0.663891 0.744478
64.944 6.431 -8.3465 -0.895566 -0.710667 -2.45445 -0.867818 0.314838 -0.384407
66.9473 4.7825 38.337 1.4704 0.643372 -3.9 -0.952814 0.140623 0.269019
62.0475 12.6388 -3.5145 -0.239316 -0.0272847 -3.00473 0.332984 0.777848 0.532986
77.6423 -4.2595 14.1455 -0.0903057 0.00190803 -4.5 -0.441236 -0.815676 0.374144
56.7422 0.49525 -9.5185 -0.327336 0 -2.99828 0.641222 0.765593 -0.0519763
65.8805 -11.561 1.435 -0.133316 0 -3.9 0.284995 -0.83345 0.473432
70.532 -13.267 29.988 -0.823537 -0.00377225 -0.7 0.600374 -0.687511 0.408509
63.5259 4.1235 19.9795 -0.271629 0 -1.6 0.649903 0.271274 -0.709955
82.1866 8.64 28.4699 -0.7191 -0.814632 -3.86145 0.297117 -0.468754 0.83186
61.4755 -28.8452 43.2575 -0.156348 0 -4.5 0.274622 -0.803991 0.527429
68.781 -10.5437 -5.96375 -1.47559 0 -3.5 -0.85261 0.101235 0.512649
85.9778 21.5524 18.1229 -0.208098 0 -3.5 0.993722 -0.10804 0.029047
85.167 19.3041 15.5444 -1.12116 -0.444711 -3.5 0.917297 -0.311373 0.24822
65.0505 4.188 15.5405 -0.457924 0 -1.3 0.185843 0.796984 0.5747
90.7148 -6.53613 3.83512 -1.37088 -0.440617 -3.5 0.101362 -0.993894 0.0435972
82.6923 23.9867 19.6265 -0.687115 0 -3.5 -0.795032 0.180607 0.579056
91.2156 -7.35675 -3.17725 0.436113 0.0322017 -4.5 0.141743 -0.0711528 -0.987343
55.4295 -11.1411 28.2446 -0.18059 0 -1.35846 -0.831125 -0.256425 0.493434
39.933 8.21775 29.008 -1.16453 -0.965668 -3.5 -0.76891 0.62888 0.115273
73.5714 15.2145 22.4086 -0.0774692 0 -1.6 -0.953007 0.0511173 0.298605
69.3753 -10.879 25.7544 -0.289969 -0.0346249 -0.49396 -0.480907 -0.290102 -0.827387
94.014 -1.487 -6.147 -1.12696 -0.442633 -3.5 0.987508 -0.0102182 0.157235
71.9919 -21.4191 33.3056 -0.0565658 -0.0727528 -3.5 0.884039 0.219309 -0.412769
59.2786 -6.95925 -9.95613 0.268688 0 -3.5 -0.387166 -0.921973 0.00828825
56.1227 21.7927 25.8603 2.36154 0.246748 -3.9 0.654232 0.182869 0.733852
62.0296 -11.4747 43.6989 -0.13982 0 -0.84749 0.39838 0.765025 0.505994
48.0385 -0.711625 2.91563 -0.29267 0 4.2 -0.917773 0.245273 -0.312305
62.9548 10.5079 12.4782 -0.831914 0 -2.31289 -0.201918 0.891914 -0.404621
61.1499 -16.6432 46.8754 -4.52239 -0.40916 -0.9 -0.144747 0.00163827 0.989467
82.12 24.9042 2.8365 -1.73457 -0.0255077 -3.5 0.772945 0.514772 -0.370899
49.521 3.54763 32.3366 -0.359259 0 -2.94916 -0.925754 -0.103319 0.363737
81.5332 22.1822 1.249 -0.0757475 0 -3.5 0.267746 0.372958 -0.888377
79.365 13.545 -2.29825 0.366522 0 -3.91825 0.692664 -0.262231 -0.671901
54.426 2.18788 -16.3056 -0.547042 -0.3057 -3.5 -0.676419 -0.507462 -0.533797
68.302 5.34163 33.468 -0.945043 -0.910535 -0.8 0.164366 0.985448 -0.043302
67.138 -8.353 -6.225 -0.988099 -0.0120455 -1.3 -0.434947 -0.549385 0.713441
64.0372 -23.8996 44.9897 -0.123083 0 -4.5 0.608079 0.10577 0.786799
88.1352 2.12669 -7.04981 0.0370849 0.45735 -3.5 -0.203286 0.273114 -0.940257
46.6522 5.524 10.2697 -0.698193 -0.00703043 -3.5 -0.747308 0.240688 0.619354
52.0869 12.6789 -8.34612 -1.75979 0 -0.4 -0.383598 0.877263 -0.288554
70.1957 -25.9434 39.8521 -1.11838 -0.423715 -3.5 0.717485 -0.455048 0.527396
77.8359 -11.542 -16.447 0.0888987 0 -3.2 -0.258104 -0.39274 -0.882688
91.0949 14.1397 14.905 0.506666 0 -4.5 0.926799 -0.319294 0.197723
45.447 4.62575 12.4672 -0.120685 0.130394 -3.6712 0.255931 0.888366 -0.38119
46.3321 6.01225 41.786 -1.30923 0 -3.5 0.238569 -0.269731 0.932915
78.5975 -7.78925 -15.5545 0.341233 0 -3.2 -0.28463 0.405405 -0.868696
51.6177 6.85975 -6.65 -1.43102 -0.14657 -1.6 -0.884696 -0.384458 0.263636
74.8717 -5.44788 22.2196 -0.929475 0 -3.5 0.0128262 0.203762 -0.978936
61.9087 -7.6645 17.863 -1.48836 0 -3.5 0.432122 -0.816924 -0.381977
63.8249 -7.10612 20.8123 -0.151293 0 -3.5 0.871928 -0.261691 -0.413836
52.9417 8.69775 -10.8099 -0.000977969 0 -0.4 -0.0760232 -0.309052 -0.948002
75.3577 3.628 33.8973 -1.29793 -0.287778 -3.5 -0.0440418 0.154456 0.987018
41.947 6.54175 11.9248 -0.00645277 0 -4.5 0.00142731 0.811144 -0.584845
64.1425 -7.7785 -2.831 -0.700016 0.0337071 -1.39003 0.566582 -0.471885 -0.675507
49.0145 7.61025 14.5764 -0.509586 0 -3.5 -0.752377 -0.349907 -0.558117
43.3716 -14.0755 37.1927 -0.934203 -0.27267 4.2 -0.825111 0.398024 -0.400961
80.2032 -1.2175 26.3735 -2.75593 -0.29236 -3.5 0.459488 0.721006 -0.518673
83.3765 6.33525 -6.10687 -0.0450083 0 -1.3 -0.448731 -0.033375 -0.893043
46.5435 -20.6462 32.942 -1.95063 -0.0103919 -3.5 0.156694 0.283332 -0.946134
42.6507 14.6935 35.6655 1.18886 0 -3.9 0.631856 0.77338 0.0513947
72.113 18.395 14.8035 -0.84328 0 -1.6 -0.756165 0.552113 0.351264
76.0265 22.8405 7.66225 0.601534 0.13506 -4.5 -0.13649 0.353883 0.925277
46.9926 -3.14425 6.12225 -0.183539 0 4.2 -0.788467 0.0676345 -0.611347
67.0381 13.6351 0.247875 0.208088 0 0.00735184 0.182469 0.24416 -0.952413
45.6862 -3.14975 13.9598 -0.178057 0 2.5 -0.671261 -0.724375 0.157128
46.7361 7.90788 34.4334 -0.129017 -0.276054 -0.7 0.0139003 -0.976379 -0.215619
71.746 14.9452 18.6215 -0.456161 0 -4.5 -0.490568 0.667442 0.560236
56.5028 0.4495 1.82375 -0.49455 0 -1.6 0.2023 0.552157 -0.808824
73.0035 10.199 -11.8965 -0.00412813 0.365086 -2.57609 0.114674 0.52358 -0.844224
57.7559 -6.55088 14.5905 -0.545986 0 -3.14662 0.1755 -0.868559 -0.463472
51.5495 0.13525 28.0271 -0.525672 0.466112 0.0325744 0.018095 -0.953066 -0.302221
65.4629 7.10463 24.182 0.801571 0 -0.4 0.649587 -0.159229 -0.743426
46.9025 -22.7397 37.0379 -0.734997 0 -3.34936 0.397829 -0.831567 -0.387594
58.017 -9.3625 15.3485 -0.21887 0 -3.9 -0.0332835 -0.275177 -0.960817
82.1789 22.7164 19.0208 0.0942061 0 -3.5 -0.720344 0.421825 0.550607
84.2917 25.2372 18.0333 -0.547198 -0.00941069 -3.5 0.483803 0.85675 -0.178645
72.4275 20.36 1.16313 1.26324 0.0537938 -3.9 0.0417665 0.911405 -0.409386
60.1435 6.916 3.63025 0.447006 0.519755 -4.5 -0.935568 -0.303971 -0.179762
81.3767 -6.89675 6.18525 -0.892362 -0.887746 -0.4 -0.302316 -0.828731 -0.470968
61.338 2.29375 -10.8886 0.338428 0.717391 -4.29321 -0.180111 0.449598 0.874884
83.7428 20.1747 -0.204625 0.623512 0.711941 -4.5 0.558026 0.782975 0.274876
41.3753 -7.46025 10.0835 0.6126 0.729877 -0.8 -0.697397 -0.461796 0.548071
52.9999 15.8531 29.4104 -0.335758 0 2.8 -0.382248 0.919582 -0.0908616
62.518 -4.003 41.8273 -0.0904197 0 -3.2 -0.321494 0.474156 0.819645
69.327 -12.914 -2.173 -0.324284 0 1.8 -0.24855 -0.629627 0.736066
64.7589 -24.4246 26.2224 -0.382741 0 -3.5 0.948312 -0.316834 0.0179062
42.1003 -1.606 25.2445 0.511357 0 -3.9 -0.25027 -0.767196 -0.590572
46.3358 9.36825 9.479 -2.14884 -0.841538 -3.5 -0.89194 0.271243 -0.361759
94.1281 6.46387 10.508 -0.360988 0 -3.5 0.9298 0.273701 0.246089
66.9151 -20.1467 31.2641 -0.80376 -0.313352 -0.7 0.370654 -0.604417 -0.705192
61.5233 -11.3698 23.5251 -0.790998 0 3.8 0.465993 -0.222089 -0.856462
57.5569 13.1938 -0.48575 -0.430519 0 -4.5 -0.799907 0.597306 0.0580962
45.6985 14.657 32.0795 -0.179729 0.0758291 -3.70438 0.168491 0.662072 0.730255
61.4808 -8.729 -3.74763 2.9177 0.00919064 -3.9 -0.125827 0.296298 -0.946771
50.1374 15.4259 38.0799 -0.025946 0 -0.4 -0.673007 0.699222 0.241146
58.0877 13.6506 21.4444 -0.227459 0 -0.920053 0.0777322 0.684039 0.725292
69.6263 -12.2565 2.15275 -1.7054 -0.726795 -3.5 -0.388867 -0.918355 -0.0735374
65.575 -11.4725 45.114 0.328653 0.66048 -4.5 -0.735944 0.582991 0.344249
66.7925 -14.4369 -8.01363 -0.233555 0 -3.5 -0.774845 -0.630642 0.0436608
57.5615 0.1305 31.7043 -1.88077 -0.78807 1.9 0.501626 0.62233 0.600896
77.7128 4.32925 -10.0353 0.701833 0 -0.640988 0.4157 0.777868 -0.471291
66.8546 11.3267 26.6928 -0.366953 0 -3.5 0.221195 0.964791 -0.14231
65.5328 -10.8651 9.15213 -0.437619 0 -3.5 0.0192668 -0.984159 -0.176237
85.7405 -13.1735 6.477 -0.497382 0 -3.5 0.589111 -0.806773 -0.0454499
72.5628 0.86575 18.9941 -1.29773 0 -3.5 -0.67766 -0.270828 -0.683688
97.1148 -3.4565 12.3805 -0.453814 0 -4.5 0.969083 -0.0171895 -0.246136
74.266 -10.3925 -2.4795 -0.611065 0 -0.310702 -0.530147 -0.417038 0.738257
48.2555 21.3705 19.167 -1.71596 0 -3.5 0.403729 0.657479 0.636179
45.669 -11.4085 39.4955 -1.71704 -0.18027 1.8 -0.898315 0.327283 0.293113
60.8161 -24.9025 35.9885 -0.0051857 0.121653 -3.5 -0.457777 -0.869014 0.187761
71.7939 -10.2487 2.98925 -1.12378 0 -3.5 0.870609 -0.286649 0.399841
78.7962 4.42975 -9.451 0.0932211 0 4.2 0.188664 0.856234 -0.480905
56.6558 -8.14713 24.2635 -0.279275 0 4.2 -0.629203 -0.0958731 -0.771305
80.953 4.60775 31.0308 -0.0465169 0.0246202 -2.45816 0.579015 0.250523 0.775874
54.5908 18.0979 24.3918 -0.465577 0 -3.68054 -0.8524 -0.135935 0.504912
54.1102 -11.0029 34.4294 -0.128729 0 -0.7 -0.425123 0.668108 0.610657
60.6635 12.7192 11.2535 -0.642845 0.153708 -3.2 0.848439 0.216034 -0.483198
74.5256 -4.4255 6.72213 -0.967513 -0.0622464 -0.666288 -0.783223 -0.296149 0.546679
83.0948 8.2875 28.1489 -1.85994 -0.498061 -3.9 0.246413 -0.337752 0.908407
62.7612 -11.0068 9.252 -0.195328 0 -4.5 0.347908 -0.736689 0.57987
83.9887 26.5457 6.7255 0.0384381 0 -1.6 0.288889 0.702849 -0.650036
81.119 14.7142 -1.975 0.819232 0.0367704 -4.5 0.289469 -0.705773 -0.6466
58.6365 4.13375 3.4775 -0.738924 -0.975084 -0.8 -0.471661 0.866083 -0.165638
93.23 -3.70675 3.9105 -1.88161 -0.46246 -3.5 0.972667 -0.0189606 -0.231429
40.479 -20.3022 43.1165 -1.7808 -0.485934 -3.5 -0.989647 -0.0903808 -0.111488
63.5205 -7.859 19.9403 -0.320314 0 -3.5 0.803239 -0.559332 -0.204831
88.4771 11.5717 11.9334 0.134763 0 -3.04235 0.956715 -0.189231 -0.221109
50.668 19.4345 17.6082 -0.351136 0 -3.5 0.563047 0.522539 -0.640258
54.266 -9.5415 5.4465 -0.732084 0 -3.5 -0.636849 -0.753143 0.164922
52.6055 14.908 17.7514 -0.570406 0 0.600776 0.0848981 -0.209599 -0.974095
50.861 -23.5408 35.7105 -0.469154 0 -1.6 -0.600346 -0.0230683 -0.799407
50.6123 2.12775 38.5215 0.315605 0 -4.5 0.284857 -0.498621 0.818678
61.9132 9.17225 35.8065 -0.308582 0 -3.2 0.0512111 0.462998 0.884878
60.5684 15.2451 25.8121 -0.328621 0 2.8 0.463715 0.435864 -0.771356
70.0785 -10.7887 -13.4727 -0.39505 -0.219868 1.8983 -0.264423 -0.0478144 -0.963221
72.6221 2.1715 17.9621 -0.531425 0 -3.5 -0.640458 -0.562223 -0.523181
87.983 9.0055 -6.4015 -0.530909 -0.417146 -1.3 0.69078 0.0474688 -0.721505
53.3521 12.804 -7.983 -0.225087 0 -4.5 -0.0659157 0.84497 -0.530737
60.1054 12.3081 19.2151 -0.208118 0 -3.5 0.794518 -0.462963 0.392947
69.1951 -27.0529 33.6274 -1.7836 -0.072695 -0.4 0.345417 -0.924214 -0.162836
65.1549 11.3199 26.511 -0.526828 -0.00195849 -0.4 0.45192 0.887768 -0.0873887
53.181 -8.22625 12.986 -0.260092 0 -0.7 0.20663 -0.582153 0.786385
85.2731 26.968 8.43962 -0.0311266 0 -1.6 0.740832 0.659133 -0.129273
57.0617 3.46075 -12.3132 0.0364837 0 -3.5 0.232134 0.654157 0.719856
88.2322 3.12425 -1.53 -0.114711 -0.341401 -3.5 -0.0365153 0.794154 0.606619
73.8532 8.47025 -8.4225 0.0706772 0 -1.76065 0.932746 0.357866 0.0437853
64.4995 11.5304 11.3702 -1.88655 -0.53587 -3.5 -0.945665 0.203698 -0.253427
86.8599 3.84912 -5.88175 0.0291426 0 -3.5 -0.298764 0.166181 -0.939747
82.0576 -5.9275 4.87587 -0.298301 0 -0.416101 -0.310041 -0.811382 -0.495513
43.7584 6.75475 41.8927 -0.469689 0 -3.5 -0.70895 -0.206898 0.674228
79.986 1.5865 27.8705 -2.09489 -0.181306 -2.7847 0.52285 -0.438195 -0.731172
70.716 -22.806 32.425 -0.931456 0 -3.5 0.305901 -0.361008 -0.880964
45.3293 -21.6628 33.4707 -2.13577 -0.91463 -3.5 -0.654938 -0.293701 -0.696273
87.8587 9.55488 -2.9105 0.11067 0 -1.3 0.459518 0.548376 0.698661
92.629 1.73 19.115 -0.0448662 0 -0.9 0.847634 0.524811 0.0780397
57.1216 13.596 23.5853 -0.583576 0 -0.7 0.62416 0.778175 -0.0697712
81.508 1.16412 22.2545 -1.91263 -0.284029 -3.33643 -0.393992 -0.653806 0.645994
61.1526 15.8687 27.062 -0.367689 0 2.8 0.54677 0.660646 -0.514382
49.1632 -4.8305 35.4572 -2.59645 -0.513105 -3.5 -0.743555 -0.64579 0.17344
82.835 1.61675 -10.3363 -0.172471 0 1.8 0.220786 0.970852 -0.0932744
86.313 -8.95225 6.894 -1.76564 -0.415832 -3.5 0.932852 0.360182 0.00752848
91.4706 -11.2669 -0.60325 0.58994 0 -4.5 0.372771 -0.910662 0.178146
58.5303 -8.2445 41.6135 -0.303958 0 -0.524701 -0.114527 0.330075 0.936981
70.9004 -16.7244 -13.4986 0.0314486 0 1.9 0.835201 -0.447866 -0.319146
88.4498 -6.2365 20.2327 0.662549 0 -0.4 -0.114802 -0.983171 0.142113
67.1844 -3.90475 22.2192 -0.529017 0 -0.7 0.500058 0.115839 -0.85821
52.504 -8.4245 41.136 -1.6809 -0.0759664 -3.2 -0.0569782 0.95852 0.279271
66.3434 2.66875 33.5516 -0.463864 -0.191145 2.02048 -0.856626 0.488815 0.165081
42.1215 -18.8143 41.7132 -0.685086 0 -3.5 -0.912752 0.387433 -0.129535
79.406 -8.99125 10.8415 -0.269802 0 -1.3 -0.563994 -0.74887 0.348001
77.756 6.87025 -6.15675 0.234988 0 -1.6 0.0254161 0.642132 -0.766173
62.841 14.289 28.3284 -0.256216 0.331619 -1.98059 0.650283 0.746662 -0.140098
82.8011 -5.98825 -15.3979 -0.0623276 0 1.8 -0.179283 -0.819725 -0.543974
70.155 16.9066 12.1222 -0.242609 0 -3.5 -0.640472 0.428893 0.637061
70.4691 -18.4941 32.9328 -0.437304 -0.0139595 -3.29572 0.896181 0.228791 -0.380151
45.6385 11.4101 14.9264 -0.311031 0 -4.09081 -0.611562 -0.579404 -0.538779
59.672 12.5144 5.24263 -1.49287 -0.508516 -3.5163 -0.568429 -0.0687229 0.819857
54.8582 15.718 39.305 -0.564515 0 -3.9 0.383201 0.820825 0.423561
84.1911 -4.38088 -16.402 -0.048542 0 1.8 0.364126 -0.170062 -0.915691
86.2142 -13.061 -3.25025 -0.200217 0 -0.8 0.700617 -0.544586 -0.461045
92.5674 -2.68012 -7.28237 -1.59796 0 -3.5 0.261985 -0.889314 -0.374812
70.7562 4.2965 19.7353 -1.60723 0 -3.5 -0.997546 0.061112 -0.0341671
71.276 0.34775 36.6985 -0.339301 -0.0144971 -2.0017 0.621564 0.104015 0.776428
63.0747 -29.4543 35.5677 -1.28078 -0.00917278 -3.5 -0.737542 -0.641118 0.21213
56.9367 -11.6915 18.4732 2.30583 0.113342 -3.9 0.00318253 -0.845215 0.534416
45.1738 -1.468 26.9783 -0.141039 0 -3.9 0.360043 -0.906977 0.218546
91.5798 -0.14175 -8.1235 -1.95866 -0.309572 -3.5 0.449715 0.687448 -0.570238
67.7861 -14.0948 -11.0721 0.522376 0.0532877 1.9 -0.995307 -0.05266 0.0811842
92.255 -5.74625 20.6969 -1.00103 0 -3.5 -0.34668 -0.923271 0.165479
78.0492 18.1077 23.2079 -0.147781 0 -1.6 0.679481 0.525246 0.512272
76.8812 -9.3805 26.4137 -0.0356299 0.697468 -3.5 0.900357 -0.165593 -0.402414
71.044 -13.2268 42.8923 -1.17426 -0.331346 -0.7 0.748025 0.100986 0.655943
59.9556 6.61188 10.5072 -0.391804 0 3.8 -0.232781 0.744745 -0.625435
56.2495 14.0805 -6.5185 -0.267812 0 -0.4 -0.380436 0.914052 0.140632
97.2974 -3.1935 17.057 0.800454 0 -4.5 0.820771 -0.144243 0.552746
74.5638 -7.65837 17.244 1.10524 0.844688 -3.9 0.428529 0.306101 0.850097
92.676 -0.2385 -7.33 -1.62973 -0.201534 -3.5 0.443748 0.721981 -0.530877
46.5308 -12.2156 41.3286 -0.453783 0 1.8 -0.86196 0.30768 0.402936
53.9938 -2.1795 -14.8 -0.0914791 0 -0.8 -0.231991 -0.226803 -0.945907
50.1432 -4.1115 13.7644 -0.113417 0 3.8 0.239264 -0.425689 0.872663
66.3086 -10.5161 43.8625 0.337356 0.359443 -4.5 -0.776552 0.628649 -0.0420524
58.1524 -26.2949 43.7665 0.358098 0.695898 -4.5 -0.543732 0.113713 0.83152
57.44 -6.3425 -10.3468 -0.047241 0 -3.5 -0.667632 -0.744389 -0.0123583
78.8761 -13.717 38.0374 0.0146518 0 -3.36919 0.21298 -0.920136 0.328617
56.2267 0.32525 32.3685 -2.10734 -0.695573 1.9 0.34841 0.648544 0.676758
77.7374 -13.9805 -4.57675 0.352887 0.0347828 -0.390984 0.218766 -0.885013 -0.410965
71.986 9.36175 18.0635 -0.17447 -0.268935 -3.5 -0.559154 0.326308 0.762148
63.3568 -12.8094 -0.177 0.171833 0 -3.9 -0.0654581 -0.916928 0.393648
70.3996 3.48712 34.324 -0.56233 0 -0.8 0.711027 0.516819 0.4768
65.33 9.25225 15.7779 0.0988903 0 -0.8 0.666687 0.40307 0.626947
77.4551 0.083875 14.6226 -0.505235 -0.338414 -3.01721 -0.514193 0.631836 0.579991
91.4313 -6.50887 22.8526 -0.59426 -0.86759 -0.8 0.904754 -0.424746 -0.031802
88.4634 8.08813 3.8875 1.04348 0.895988 -0.7 0.0242951 0.336345 -0.941425
50.9216 12.8399 25.6419 -0.375813 0 0.343189 -0.239225 0.776601 0.582805
88.919 12.8468 12.1702 0.20731 0 -4.5 0.894984 -0.000254669 -0.446098
89.0581 -7.89012 12.0981 -0.89883 -0.217873 3.8 0.734355 -0.678414 -0.0218716
58.7704 5.24175 6.50437 -0.301929 0 -3.76826 -0.760055 0.632998 0.147073
81.7613 -11.0139 11.385 0.341361 0 -4.5 -0.482993 -0.875502 0.0145887
55.6215 -5.18325 0.49375 -0.844952 0 0.873372 -0.918105 0.394203 -0.0410687
69.0322 22.3921 1.35113 -0.207679 0 -3.5 0.219576 0.87147 -0.438551
59.3332 -0.021625 -9.37387 0.0149984 0 -4.20868 0.122723 0.958113 0.258763
87.8497 24.105 4.89225 -0.652321 -0.204388 -3.5 0.014613 0.950435 -0.310579
61.9609 -27.0106 44.6594 0.494734 0 -4.5 0.108174 -0.556887 0.823514
94.976 -7.27462 0.595625 0.313311 0.634556 -4.5 0.85934 0.171044 0.481954
82.2285 25.2144 16.764 0.28188 0.233694 -3.5 -0.71337 0.640474 -0.284424
61.0239 -25.8209 22.9516 -1.14297 -0.765928 -3.5 -0.597312 -0.631705 -0.494132
64.2574 22.88 3.85212 -0.854002 -0.475822 1.8 -0.505129 0.496059 -0.706237
67.3584 2.99612 24.0336 -0.401723 0 1.65778 0.284848 0.917153 -0.278734
71.3767 19.315 -2.4285 1.21834 0 -3.9 -0.421247 0.489924 -0.763234
60.7155 -25.9412 33.3522 -0.381318 0 -3.5 0.00653887 -0.878866 -0.477024
47.2422 11.0331 13.6538 -2.26399 -0.732833 -3.5 -0.23334 0.168869 -0.95762
81.2285 -8.3975 14.4607 -0.101507 0 -4.5 -0.849754 -0.282266 0.445246
57.4016 -24.636 28.1494 -1.79108 0 -3.5 -0.611142 -0.634925 0.472626
80.6239 24.6129 4.81175 -1.84178 -0.656642 -3.5 -0.241593 0.926072 0.289867
44.564 -17.0931 35.5816 -0.510629 0 4.2 -0.805664 -0.416968 -0.420764
84.3272 1.4585 -10.2133 -0.881121 -0.771368 1.8 -0.00055083 0.99999 -0.0045374
84.664 27.5158 9.2615 -0.100265 0 -1.6 0.178396 0.951773 0.249607
78.7435 -5.72875 26.8935 -0.780062 -0.211983 -3.5 0.43601 -0.781978 -0.445429
42.9175 6.2235 40.0807 -0.635883 -0.460003 -3.5 -0.780844 -0.527952 0.333989
83.8432 24.965 16.282 -0.0586596 0 -3.5 0.469133 0.535105 -0.70255
59.4194 -7.3545 -8.01138 0.715333 0.517715 -3.5 -0.239526 -0.865435 0.440056
60.1802 16.2695 27.5715 -0.402441 0 2.8 0.190383 0.958256 -0.213309
71.2718 1.54425 36.2643 -0.387149 -0.0862954 -2.35727 0.843874 0.530132 0.0826868
54.0095 13.6608 40.8045 -0.208769 -0.13089 -2.89385 -0.100954 0.360918 0.927117
76.5156 3.16625 16.2983 0.476651 0 1.23853 0.0136058 -0.843088 -0.537604
60.546 13.959 0.446 -0.471968 -0.137875 -3.5 0.447951 0.668179 -0.594035
60.9105 11.906 40.9365 2.18851 0.178562 -3.9 0.604784 -0.514284 0.60807
44.5083 -19.7008 34.4831 -2.22619 -0.601355 -3.5 -0.682173 0.305618 -0.664258
52.567 -13.4043 44.3 -0.708144 0 -3.2 0.167903 -0.100996 0.980616
54.7388 12.1845 41.2617 -0.362696 0 -3.9 -0.295492 0.190874 0.936083
59.7005 -10.0371 45.9038 -0.0947515 0 -0.9 0.300254 0.33063 0.894724
54.3205 10.983 14.427 -0.257469 0 -1.3 -0.650552 0.716505 -0.251799
69.8179 3.906 35.3387 0.349876 0 -1.4037 0.872285 0.459437 -0.167443
40.9985 -0.37225 8.57038 -0.612485 0 -3.5 0.400521 0.542422 -0.738486
61.5228 -11.3638 -3.48962 2.34241 0 -3.9 -0.379096 -0.484194 -0.788569
65.9791 -7.731 -14.7303 -1.07278 -0.526053 -1.3 0.588259 -0.676929 -0.442401
44.4411 0.2175 22.2586 0.161255 0 4.5 -0.907707 -0.419367 0.0141028
64.3459 24.2822 7.32737 -0.103806 0 1.8 0.301877 0.797103 0.522969
52.8015 16.3914 39.9076 -1.25866 -0.309684 -0.4 -0.0712886 0.686011 0.72409
75.9648 -11.2907 32.6235 -0.0656541 0.0442911 -2.74942 0.93926 0.339708 0.0488806
73.316 -5.25325 38.2604 0.0310536 0 3.8 -0.052793 0.759011 0.648934
56.814 22.7962 23.7092 1.29753 0.793412 -3.9 0.682017 0.701286 -0.207486
68.1728 -4.42238 23.1691 -0.333651 0 -0.7 0.532343 -0.222236 -0.816836
80.449 20.8053 1.3885 0.22446 0 -3.5 -0.390281 0.472372 -0.790282
67.3785 -12.4342 -9.96375 -0.531723 -0.0178363 -2.89909 -0.746616 -0.381212 -0.5452
69.1809 -9.7035 45.5086 0.437464 0.439159 -4.5 0.562707 0.826583 0.0110307
70.7889 -17.4964 30.3713 0.315798 0.361963 -0.7 0.958693 -0.25499 0.126045
53.0565 4.806 -9.61137 -0.208525 0 -1.6 -0.637374 0.480616 -0.602299
87.9914 3.22613 1.22575 0.751691 0 -0.223082 0.356769 0.859545 -0.365922
58.269 -5.9285 18.9195 -0.327019 0 -3.9 -0.146093 -0.00877791 0.989232
69.9306 -26.9915 36.8881 -0.478654 -0.179792 -1.0467 0.479874 -0.874939 -0.0648269
72.6986 19.5219 8.58912 -0.617049 -0.0747076 -1.98526 0.316411 0.90854 0.272836
87.56 11.3289 29.7969 0.0875257 0 -3.9 -0.108734 -0.19643 0.97447
58.0445 -10.0267 4.725 0.122262 0.206 0.37273 -0.215631 -0.921225 0.323803
70.3029 3.20187 39.4927 0.262569 0 -3.9 0.709288 -0.155516 0.68755
60.195 -11.0195 4.21275 -0.0559092 0 4.5 0.322416 -0.694436 0.643278
68.1417 7.059 -11.9757 -0.00182254 0 4.2 -0.667092 0.25497 -0.699985
83.3432 -2.57713 25.6631 -0.591575 0 -0.4 -0.612968 0.717354 0.33117
77.0186 -6.45262 27.4718 -0.349568 0 -3.5 0.629158 -0.633515 -0.450355
52.45 4.31825 4.41175 -0.53933 0 -3.5 -0.963369 0.267364 0.0209104
90.434 -0.089875 22.5811 -0.714894 -0.093742 -0.873923 0.487581 0.539241 0.686646
93.1062 -0.05425 21.3053 -0.837319 -0.0145214 -3.5 0.39921 0.6737 0.621901
74.5732 1.42775 17.1796 -1.18985 -0.0459869 -3.5 -0.465152 -0.367892 -0.805164
58.0066 4.36112 9.16862 -0.758022 -0.0322588 3.01027 0.0964742 0.96649 -0.237888
77.95 -13.192 32.9502 -0.0982549 0 -1.6 0.594672 0.0573686 -0.801919
89.6665 11.354 23.6973 -1.27317 0 -3.5 -0.0045965 0.907299 0.420462
83.1311 -8.45288 5.24888 -0.413306 0 -2.42208 -0.991108 0.0259238 -0.130511
88.385 0.77725 -11.059 -0.0204505 0 -3.2 -0.0198936 0.991554 0.128162
67.0082 6.87187 -2.16987 0.184281 -0.445007 0.872498 -0.114121 0.700355 -0.704613
84.1005 17.4025 -2.3475 0.197311 0 -4.5 0.661757 0.0176849 -0.74951
60.6922 -12.2936 9.17163 0.77125 0.744836 -4.5 -0.174502 -0.971296 0.161655
47.5348 21.8132 17.2208 -1.75495 -0.654035 -3.5 -0.215687 0.9093 -0.355883
39.1471 10.104 20.2734 -2.04973 -0.291062 -0.4 -0.812729 -0.165236 -0.558721
67.1625 18.085 -1.47987 -0.365556 0 -3.5 -0.311073 0.088505 -0.946256
59.2463 17.2747 19.05 -0.69609 0 -3.5 -0.37473 0.903777 -0.206795
62.9453 -1.3255 -8.254 -0.649832 -0.493637 -1.3 -0.626673 0.757053 0.184802
62.8979 2.36325 -7.74263 0.0175241 0 3.8 -0.96663 -0.21387 -0.141019
62.7406 15.0677 -9.80138 -1.64167 -0.00358645 -3.5 0.156025 0.862871 -0.480739
65.2565 -27.4603 41.7243 0.69772 0.471819 -4.5 0.434237 -0.676129 0.595221
66.3205 16.2691 16.8386 -0.0518768 0.148728 -4.5 -0.42996 0.890812 0.14693
59.4309 -2.59225 37.3396 -0.397534 0 -3.2 -0.694922 0.665254 -0.272983
70.8389 -19.3036 37.9484 -0.258144 0 -3.2 0.423921 -0.805183 0.414693
59.9427 13.1088 41.6278 1.05001 0.271908 -3.9 0.463108 0.224195 0.857478
92.6471 -0.297125 -5.75413 -1.2274 -0.0189092 -3.5 0.578315 0.781273 0.234871
48.9286 5.01388 39.0266 -0.599581 -0.0550525 -4.28982 0.345017 -0.454054 0.821461
70.9967 -11.6099 4.0015 -2.06528 -0.44865 -3.5 0.516257 -0.344898 0.783916
59.9588 -9.8405 17.567 0.0521036 0 -3.9 0.834824 -0.54532 0.075467
48.0168 -7.13475 9.74025 -1.21626 -0.107221 -0.7 -0.204948 -0.8906 0.405989
39.1135 11.7907 37.011 0.0458106 0 -3.9 -0.737843 -0.074428 0.670856
85.6581 6.65837 -7.3225 -0.0461097 0 -1.3 0.184276 -0.392888 -0.900934
55.4686 -22.0955 45.9931 -0.281145 0 -0.4 0.2106 0.321749 0.923106
66.6572 -9.55625 -2.0285 -0.573084 0 -3.63656 -0.230111 0.183689 -0.955671
94.1295 3.76175 15.1635 -0.218055 0 -4.5 0.890026 0.190237 0.414322
50.4357 -7.6775 40.6003 -0.246629 0 -3.2 0.393439 0.539091 0.744706
61.5003 -9.72188 42.2634 -0.044197 0 1.9 0.381144 0.511523 0.770113
51.0904 2.23975 7.8045 -0.697367 0 -2.50345 -0.410447 0.545092 -0.731032
57.5576 17.4644 32.2286 0.634409 0.121504 -0.8 -0.190913 0.832957 -0.51936
66.244 -13.5419 27.1674 -0.742597 -0.409894 3.8 0.616041 -0.359259 -0.701018
85.042 16.3107 0.1315 0.804388 0 -4.5 0.848548 -0.473604 0.235934
52.5614 -1.42362 36.8836 -0.966477 0 -3.5 0.275202 0.286374 0.917744
43.1715 -16.4525 37.019 -0.447562 0 2.14384 -0.701073 -0.23251 -0.674118
59.2814 7.2475 4.27 0.617855 0.792914 -4.5 -0.825876 -0.426272 -0.369082
52.4211 10.6229 41.4635 -1.27369 -0.936829 -3.5 0.0822658 -0.168546 0.982255
47.6133 -14.3802 42.8141 -0.43297 0 1.8 -0.149778 -0.534775 0.831614
84.794 16.9445 7.5575 -0.0771692 0 -1.3 0.738684 -0.378086 -0.55803
42.912 -7.15363 7.00887 -0.206451 0 -0.8 0.139678 -0.724955 -0.674485
54.185 13.3585 17.321 -0.48336 -0.044134 4.2 -0.372342 -0.0835136 -0.92433
81.3907 -3.6925 15.801 -1.43817 0 -3.22394 -0.372567 -0.46564 0.802729
45.2674 -14.6891 40.8836 -0.15769 0 0.28815 -0.239664 0.677585 0.695298
62.5055 -28.3725 35.6225 -0.885882 0 -3.5 -0.936728 -0.220917 0.271545
77.1839 1.39112 24.5246 -1.73907 0 -1.57209 0.96001 -0.213344 -0.181289
45.6966 16.4815 19.8353 -1.19374 0 -4.5 -0.597686 0.801388 0.0234453
74.485 -8.18388 21.3086 -2.13651 -0.56853 -3.5 -0.0635865 -0.212194 -0.975157
60.0257 -9.28862 45.0951 -0.0193521 0 -0.9 0.472752 0.836597 0.276785
59.565 4.72937 7.267 -0.379979 0 3.8 -0.574542 0.643516 0.505755
89.6024 3.26025 -1.32337 -0.179292 -0.180009 -0.421745 0.0833218 0.948126 0.306782
59.2655 -18.0273 46.7265 -0.712583 0 -3.5 -0.490536 0.663274 0.565192
50.9272 -7.06325 28.4217 -0.263801 0 1.9 -0.753477 -0.426599 -0.500286
83.3583 25.7311 16.9058 0.432335 0.616625 -3.5 0.0128787 0.944082 -0.329459
63.2599 5.18563 20.4977 -0.149712 0 0.164806 0.764354 0.267285 -0.58679
60.635 -9.78925 -3.95775 1.70605 0.757287 -3.9 -0.321042 -0.072533 -0.944283
82.3475 -10.8413 13.2665 0.042734 0 -4.5 -0.635169 -0.722797 0.272258
38.8887 3.84725 29.17 -1.89089 -0.841269 -3.5 -0.752943 -0.533303 -0.385572
87.1143 5.32475 3.1215 0.547755 0 -1.3 0.470132 0.598682 -0.648502
82.0973 9.36112 -2.872 -0.289435 0 -0.4 -0.595348 0.681532 -0.425529
46.5127 16.8186 17.4951 -0.375643 0 -3.5 -0.902831 0.423882 -0.0722469
70.8698 21.1963 1.76137 -0.316034 0 -3.5 0.336902 0.728278 -0.596748
44.1704 -15.853 34.4425 -0.444386 0 4.2 -0.644106 -0.288303 -0.708526
38.9926 11.6219 20.7135 -0.998112 -0.510091 -1.95127 -0.830157 -0.336703 -0.444376
65.0229 -16.9176 45.4144 -0.367353 0 -4.5 -0.128365 -0.558594 0.819448
73.6152 -1.40188 20.2568 -2.78301 -0.860528 -3.5 0.0934765 -0.970319 -0.223032
83.6201 20.8617 3.76662 -0.0204307 -0.104239 -3.5 0.645298 0.0669608 -0.76099
91.7299 -6.11237 13.5874 -2.07517 -0.264963 2.8 0.738432 -0.671906 0.0571082
67.5306 -14.7445 47.7459 0.144048 0 -4.5 -0.211691 -0.201659 0.956306
59.4637 -15.7607 45.4166 -2.00855 0 -0.9 -0.637694 0.0077846 0.77025
51.121 -8.1135 38.9775 -0.280013 0 -3.2 0.5473 0.834144 0.0683093
51.784 -7.48212 30.8925 0.0183528 0 1.9 -0.768657 -0.600471 0.220457
44.0379 8.46062 24.5145 0.593131 0.501328 1.53097 -0.0140591 -0.992659 0.120127
72.631 19.504 9.97 -0.364002 0 -3.5 0.396308 0.91651 -0.0543171
50.7989 11.3131 -7.94513 -1.9097 0 -0.4 -0.981569 0.183229 -0.0543131
75.7405 -9.4235 6.17175 -0.0454671 0 -3.5 -0.332243 -0.861594 0.383759
73.9346 -6.08362 15.2646 0.774108 0 -3.9 0.535044 0.813683 0.227263
95.6824 -2.82288 10.7673 0.398282 0.772425 -4.5 0.24915 0.315816 -0.915524
75.8059 -10.2209 23.1761 -2.52362 -0.319766 -3.5 -0.18665 -0.964022 -0.189272
85.2435 1.78688 24.534 -0.914279 0.159432 -3.2 0.223057 -0.212156 0.951438
59.8848 -25.989 34.1258 -0.00968186 0 -3.5 -0.327887 -0.921695 0.207288
86.9137 6.409 3.6905 0.528471 0 -1.1824 0.215299 0.499467 -0.839154
65.233 -9.589 3.0855 -0.437014 0 -3.9 0.036666 -0.786122 0.616983
92.541 3.6535 10.8982 -0.0146636 0 -3.5 0.821731 -0.546495 -0.16156
78.2115 10.3021 -1.68938 0.759618 0 1.8 0.992146 -0.12471 0.00965129
56.0459 -23.927 38.17 -0.0476195 0.314625 -2.3849 0.393208 -0.676974 -0.622169
89.5659 9.08138 26.5381 -0.470033 0 -3.9 0.776228 -0.532061 0.338203
74.9485 -9.1925 4.57613 0.274582 0.351989 -3.5 -0.481377 -0.875315 0.0458174
59.1209 -6.66313 15.496 -0.789547 -0.320089 -3.29647 0.353027 -0.731353 -0.583519
72.541 -22.603 33.671 0.443168 0.870848 -3.5 0.994464 -0.105068 0.00148179
42.2416 -1.12513 28.3088 0.222135 0 -3.9 -0.236221 -0.511275 0.826316
42.818 -13.556 38.221 -1.48248 -0.349772 4.2 -0.790411 0.561068 -0.245874
58.907 -24.8275 28.9145 -1.84948 -0.553594 -3.5 -0.0428508 -0.64 0.76718
50.2523 -4.03562 2.76463 -0.127571 0 4.2 -0.250381 -0.306779 -0.918257
66.547 -10.718 1.88375 0.253454 0 -3.9 0.0939815 -0.699492 0.708434
74.9268 20.1262 7.5645 -0.179234 -0.31567 1.30398 -0.0930218 0.559923 0.823306
40.6481 8.49238 30.2116 -0.93671 0 -3.5 -0.946702 0.187797 0.261703
66.7913 11.0625 -10.9786 0.712306 0 -4.5 0.0969807 -0.350994 -0.931342
47.3027 -5.61237 12.8855 -0.0907475 0 3.8 -0.432745 -0.805731 0.404387
47.7397 -3.59337 32.1796 -2.30775 -0.0105542 -3.5 -0.871584 -0.490095 -0.0121809
75.1888 9.78162 22.6842 0.216758 0 -0.7 -0.831242 0.4133 0.371779
79.8678 -5.52462 32.7404 0.0291598 0 -3.5 0.929104 -0.28404 0.236827
49.59 9.53975 42.0143 -0.114073 0 -3.5 -0.0351118 -0.145743 0.988699
89.8562 10.1544 8.15063 0.0781539 0.0629838 -0.9 0.949481 0.236487 -0.206302
62.0249 -12.2605 0.0905 0.442022 0 -3.17664 -0.28762 -0.945373 0.153444
90.7425 22.735 4.981 -1.62722 -0.745184 -3.5 0.96113 0.191459 -0.198931
81.4013 3.465 30.9727 -0.195282 0 -1.10839 0.634568 0.31778 0.704513
79.414 22.153 9.11475 0.0924412 0 -0.9 -0.397438 0.883901 0.246499
80.144 -12.697 -10.74 0.211474 0.0144261 -3.22433 0.597944 -0.781817 -0.176706
80.6699 -3.74081 26.5142 -1.95224 0 -3.5 0.669756 -0.594313 -0.445217
41.8434 2.498 13.292 0.202025 0 -1.6 -0.907227 -0.157561 0.390017
81.85 22.71 12.585 0.589215 0.232261 -0.4 -0.530834 0.790943 0.304341
73.8105 7.8265 29.684 -0.0915338 0 -4.5 -0.353286 0.763434 0.5407
70.4205 2.6625 36.047 -0.137528 0 -3.52908 0.914225 0.352172 -0.200421
55.0624 4.52987 -17.9286 -1.99641 -0.72443 -3.5 -0.305124 0.390337 -0.868641
61.0361 -10.1504 4.606 -0.020694 0 4.5 0.406958 -0.886808 0.21899
83.493 3.17237 29.2484 -1.58874 -0.133572 -3.5 0.720173 -0.567852 0.398615
45.0308 13.8999 13.86 0.313041 0 -4.5 -0.322177 0.191065 -0.927198
61.012 3.252 -14.327 -0.206281 0 -4.5 0.863526 0.245271 -0.440642
91.409 15.3472 14.8626 0.205724 0.391399 -4.5 0.977793 0.12549 0.16785
69.421 -24.9093 32.776 -1.16594 -0.00202334 -0.4 0.745741 0.108343 -0.657368
79.779 -13.1692 -14.557 -0.501051 0 -3.2 0.67768 -0.524796 -0.515111
59.9975 4.4475 -11.873 0.364047 0 -4.5 -0.0743801 0.756432 0.649829
65.133 15.7502 -0.2205 -0.123785 0.218236 -1.4301 -0.182671 0.21652 -0.959036
49.4064 -14.5176 34.21 -0.375578 0 1.53481 -0.353604 0.244747 -0.902808
61.2001 9.82775 24.1216 -0.777561 0 2.5 0.901439 0.112154 -0.418126
74.6202 -8.42875 41.6465 0.071273 0 3.8 0.62066 0.0863295 0.779313
81.2994 -7.78662 2.30225 0.0419677 0 3.8 0.289571 0.231497 0.92874
76.7729 -8.10812 26.1005 -0.502658 0 -3.5 0.989023 -0.0750475 0.127282
49.3517 12.5135 28.1157 -0.319441 0 -1.3 0.384524 0.866604 -0.318023
57.9333 -4.61338 1.76363 -1.01302 0 -3.2 0.339957 0.512257 -0.788684
56.3906 -11.5809 17.3469 2.12858 0.179975 -3.9 -0.50367 -0.784496 -0.361778
70.8802 8.53325 28.3803 -1.06351 -0.480601 -3.5 0.595852 0.478571 0.644927
45.9435 -16.889 43.105 -0.657386 0 -2.14945 0.0517747 0.779232 0.624594
52.4701 -8.11213 4.98475 0.059355 0 -3.5 -0.425967 -0.892427 0.148751
93.7804 -4.396 14.221 0.0149716 0 -4.5 -0.0798487 -0.99654 0.023063
61.398 -5.95075 -6.53737 0.0087207 0.765283 -3.19791 -0.060805 -0.939694 0.336567
88.142 5.27238 -4.719 -0.0544589 0 -3.5 0.760727 0.486075 -0.430146
92.0575 2.6845 10.3807 -0.072317 0 4.2 0.984397 -0.136617 -0.110899
89.5583 12.3048 21.8755 -0.435892 0 -3.5 0.411043 0.900849 0.139695
92.6294 -3.1655 -0.683375 0.528935 0.0471371 -4.5 0.573857 0.799662 0.176715
56.6335 -4.77925 -14.1892 -0.314712 -0.733146 -3.5 -0.885938 -0.227181 -0.404354
67.986 -15.003 -8.14125 -0.0403095 0 -3.5 -0.491852 -0.86661 0.084071
72.7367 8.41875 21.6042 -0.212173 0 -0.7 -0.864277 0.225173 0.449803
65.5283 -29.505 34.953 -2.21108 -0.0366744 -3.5 0.749951 -0.588358 -0.302338
85.123 20.6254 19.1685 -0.197643 0 -3.5 0.711589 -0.585576 0.388256
63.1975 -11.1599 6.72775 0.247962 0 -4.5 0.505198 -0.544415 -0.669617
47.1937 13.3659 33.1585 -0.718561 0.0289549 -1.31781 -0.0367521 0.975995 -0.21467
85.383 24.2087 18.0825 -0.138551 0 -3.5 0.900686 0.390024 -0.19143
59.3584 3.81687 -7.6345 0.229401 0.00950873 -0.8 0.0721211 -0.0820036 -0.994019
92.728 8.29963 8.83 -1.94444 -0.000409368 -3.5 0.427462 0.903976 0.010161
52.2111 9.88587 -10.9355 -0.0554595 0 -0.4 -0.354727 0.230149 -0.906201
85.3229 6.74487 -0.87225 0.575569 0.203149 -0.842668 0.820391 -0.0431326 0.570174
39.3221 -3.2065 7.54175 -0.120193 0.215906 -3.5 -0.325481 -0.539388 -0.77661
57.11 -18.0142 29.4748 -1.08372 -0.891855 -3.5 -0.849064 0.417578 -0.323602
78.645 0.37825 19.1693 -2.43802 -0.646361 -3.5 -0.192188 -0.980221 0.0472298
55.9425 -14.032 23.757 -1.29406 -0.00879441 -3.5 -0.144929 -0.623522 -0.768256
85.7065 16.749 19.5487 -0.415211 0 -3.5 0.188119 0.790967 0.582222
49.5498 -10.4024 36.1306 -0.195626 0.00948317 -3.2 0.01545 -0.118324 -0.992855
49.4529 12.5885 -0.958375 0.216897 0 -4.5 -0.271275 0.957003 0.102735
86.804 14.658 21.4366 -0.300249 0 -3.5 0.466393 0.713511 0.522857
59.273 6.67175 41.7765 -1.92584 -0.19183 -3.5 0.841937 -0.538281 0.037365
72.373 -12.7476 30.2987 -0.585634 0 -3.41395 0.0273107 -0.971583 0.23512
48.744 -3.0435 2.60125 -0.235418 0 4.2 -0.595356 -0.187502 -0.781278
60.919 12.4766 23.8959 -0.764317 0 2.5 0.695113 0.687959 -0.20864
50.5775 -22.9608 42.6258 -0.6013 -0.115413 -0.8 -0.677247 -0.723079 0.135989
70.255 -17.7752 29.2903 0.440067 0.073176 -0.7 0.534541 -0.470568 -0.70202
91.2515 9.016 24.987 -2.19074 -0.789069 -3.5 0.595333 -0.132209 0.792527
61.7682 -3.75575 15.2529 -0.70112 0 -0.8 0.621705 -0.781346 -0.0546017
59.3255 -22.5347 24.3228 -1.50074 -0.00365659 -3.5 -0.729383 0.0172735 -0.683887
79.3392 22.9465 6.88387 -0.0816856 0.23607 -2.83644 -0.197231 0.865735 0.460002
89.6438 -6.218 18.9888 -0.0476842 0 -0.4 0.585916 -0.79286 0.167557
67.2383 13.5302 16.9543 -0.636063 0 -4.5 -0.0134919 -0.636275 0.771344
58.5055 17.0492 34.9552 -0.0976834 0 -0.8 0.675576 0.683087 0.277469
62.6442 11.6019 31.4449 -0.00586588 0.175006 -3.53979 0.0601615 0.869715 0.489873
72.843 14.003 -4.291 -0.0585981 0 -3.9 -0.468774 0.64049 -0.608295
69.3333 -22.2101 36.3445 0.0211309 0 -1.22676 0.877617 0.1848 0.44231
87.6069 -1.9885 -14.265 -0.703985 -0.311752 -0.0584158 0.0494108 0.0799947 -0.99557
65.9238 6.8495 -2.59375 -0.346725 -0.970192 -0.8 0.35752 0.83159 -0.425015
69.7863 -13.8213 47.2726 0.406798 0.113951 -4.5 0.397927 -0.231669 0.887685
64.0362 -30.2301 35.5741 -2.1744 -0.692569 -3.5 -0.279262 -0.960211 0.00286075
41.4593 13.0369 25.0915 -0.586918 -0.00819403 -3.64045 0.0238045 0.869945 0.492574
64.7015 -10.3208 11.2785 -1.59692 -0.475708 -3.5 -0.0912772 -0.901021 0.424064
70.5232 13.8089 17.6607 -0.175046 -0.626959 -4.5 -0.688746 -0.0134399 0.724879
69.653 17.8495 -1.4035 0.407392 0.479596 -3.69881 -0.222353 -0.14216 -0.964546
70.177 -3.57125 -16.342 0.118413 0 -1.3 0.0933897 0.212432 -0.972703
44.8623 15.3232 16.3412 0.143401 0 -4.5 -0.629749 0.77583 -0.0387805
70.0579 -2.17075 9.5925 -0.466661 0 2.8 0.521858 -0.758854 -0.389622
50.9222 13.0019 18.698 -1.28751 0 4.33457 0.0925211 -0.5002 -0.860953
88.1499 14.5275 27.1192 2.39926 0.127972 -3.9 0.257897 0.925375 -0.277797
68.3589 -26.9814 32.3758 -1.25601 -0.259234 -0.874059 0.261511 -0.96406 0.0469147
55.0791 -14.2242 25.689 -0.799827 0 -3.5 -0.740421 -0.659726 -0.128604
73.8759 19.037 16.9669 -0.746167 -0.0646594 -3.5 -0.978425 0.134028 0.157231
78.7947 -10.6236 43.3816 1.20207 0 -3.9 -0.527154 0.0657387 0.847223
91.7477 -3.6515 9.935 -0.259711 0 2.8 0.912256 0.0582516 -0.405457
78.5352 9.65438 -0.74175 1.05886 0 -3.2 0.805918 0.232172 -0.544603
41.2595 5.816 17.0123 0.741427 0.562919 -4.5 -0.382397 0.577302 0.721453
72.9295 -14.1506 26.7716 -0.261643 0 -0.7 0.745984 -0.645678 0.163117
45.1637 -6.535 8.99775 0.458369 0.547053 -0.8 0.312143 -0.917438 -0.246727
59.9372 17.125 4.6585 -0.779156 0 -3.5 -0.900421 0.383548 0.205265
71.1675 -3.07675 5.8645 -0.266545 0 0.2875 0.312684 -0.505533 0.804155
49.8965 1.72763 -11.6445 -0.0702723 0 1.8 -0.791608 0.451959 -0.411206
59.5561 14.0566 40.8024 1.90829 0 -3.9 0.401785 0.740584 0.538613
57.6511 -21.3633 35.267 -0.488772 0 2.39003 -0.346083 -0.151029 -0.925968
89.1891 17.7071 13.6085 0.164564 0.14051 -4.5 0.397794 0.761495 -0.511747
66.8546 2.57962 39.3219 -0.020031 0 -3.9 -0.742654 0.029213 0.669038
92.3744 -1.23725 23.0461 -0.42114 0 -3.5 0.448521 0.491621 0.746417
51.8516 -13.6167 33.1201 0.186374 0.00114131 -0.7 -0.356254 0.217823 -0.908645
92.0684 -5.09412 2.76175 -0.585664 -0.2238 -4.19387 0.976549 -0.206436 0.0611243
66.9396 -14.3258 -9.06775 -0.0930975 0 -3.5 -0.716227 -0.599465 -0.357296
89.9099 3.3875 3.796 -0.384115 -0.291662 1.8 0.470401 0.799061 -0.374465
50.7915 -7.7865 37.7848 -0.436135 0 -3.2 0.417509 0.897605 -0.141392
73.1472 20.2638 -0.01075 2.04374 0.355422 -3.9 0.213945 0.969632 -0.1185
45.2341 14.5273 26.0576 -0.0601174 0 -3.9 -0.295831 0.744761 -0.598176
85.2162 -6.3015 24.3738 2.45148 0 -0.4 0.057346 -0.983945 -0.169008
63.3618 -9.18937 5.2195 -0.255847 -0.283139 -0.545348 0.433658 -0.879206 -0.197326
61.474 11.9265 31.4945 0.0261512 0 -2.34062 0.224748 0.487817 0.843518
93.9762 -6.61875 19.987 -2.21276 -0.31822 -3.5 0.262234 -0.963902 -0.0461144
62.2869 -5.9525 -5.814 -0.481718 0 -1.3 -0.326641 -0.940919 0.0893187
79.0748 -2.46625 -14.9145 0.0701628 0 -3.9 0.369772 0.13861 -0.918725
70.1898 18.2892 12.0109 -0.636415 0 -3.5 -0.365636 0.358771 0.858833
93.4232 -1.36688 22.6173 -0.25693 0 -3.5 0.579178 0.449521 0.680061
57.6946 -21.8936 46.5611 -0.282088 -0.0437007 -3.3406 -0.764754 -0.265652 0.587009
91.3075 0.184125 5.06462 -0.100722 -0.0679284 -2.10673 0.988597 0.000191053 -0.150588
46.3325 19.6885 16.1785 -1.94052 0 -3.5 -0.280758 0.0592545 -0.957948
41.3249 -5.03988 10.2305 -0.180153 -0.477525 -1.46108 -0.517617 -0.499289 0.694827
61.7985 11.9411 -1.64213 -0.25769 -0.0490507 -1.6 0.172377 0.978666 -0.111798
60.5921 4.5045 -14.0735 0.38983 0.0985071 -4.5 0.561431 0.781367 -0.272507
58.013 17.438 24.416 -1.96573 -0.704411 -3.5 0.618973 -0.164946 -0.767897
41.089 12.0588 19.4683 -0.305077 0 -3.5 -0.274991 0.0459938 -0.960346
64.4778 14.3279 11.5654 -0.0281263 0.000795648 -4.5 -0.712388 0.0163183 0.701596
71.35 20.5702 9.9805 -0.278705 0 -3.5 0.31256 0.912691 0.26325
79.7582 -8.749 12.2185 -1.16686 -0.774267 -1.3 -0.633985 -0.627222 0.452389
80.3018 1.31662 33.3445 -0.479052 0 -0.7 0.323837 0.172741 0.93021
55.7248 -17.1903 30.9444 -0.15589 0 4.2 -0.319992 0.332509 -0.887154
68.0934 11.1119 -6.249 0.574913 0.592265 -4.5 -0.0691959 0.572799 0.81677
54.0196 -5.907 18.1754 0.0859934 0 -3.9 -0.571044 -0.639622 0.51458
56.7866 14.7367 40.6904 0.0790698 0 -3.9 -0.0993384 0.910713 0.400916
74.1479 -1.45687 11.7855 -0.0270413 0 -0.107323 -0.32474 -0.883141 0.338536
89.6696 20.8703 4.54887 -1.24827 -0.0352985 -3.5 0.51317 -0.670508 -0.535795
61.6128 12.066 -8.4605 -0.778401 0 -3.5 -0.0375935 -0.61276 -0.789374
49.5594 -1.261 25.314 -0.769867 0 0.801939 0.275988 -0.815275 0.509075
54.5353 4.3745 -3.79625 -0.125724 0 -1.4564 -0.652272 0.430109 0.624137
57.7853 4.12063 34.59 -0.544265 -0.233525 -2.73852 -0.0466485 -0.847704 -0.528415
50.5665 -7.51375 13.3819 -0.170821 0 -0.7 -0.424582 -0.470536 0.773515
62.3719 -12.5542 -3.11925 0.927062 0 -3.9 -0.134585 -0.849803 -0.509629
64.7773 -18.4053 43.6925 -0.927948 0 -3.26961 0.5952 -0.63336 0.494562
76.1432 1.334 34.9991 0.414069 0.595078 1.8 0.51708 0.41366 0.749342
42.1017 -22.4947 38.5558 -0.544208 0 -3.2 -0.885407 -0.407253 0.224053
54.113 4.36475 -14.7115 -0.385952 -0.0773336 -3.5 -0.733405 0.677817 0.0517917
56.4895 -2.56975 -9.142 -0.017037 0 -3.2 -0.819644 -0.536235 0.201582
83.3108 13.3421 24.2479 -0.500373 -0.239447 -3.5 -0.672933 0.500466 0.544698
78.8689 2.36013 33.8196 -1.95061 -0.275817 -0.7 0.324406 0.274135 0.905323
47.9335 -4.418 16.3165 -0.505159 0 2.5 0.0742787 -0.978655 -0.191619
58.995 1.8125 -7.4055 0.316079 0.822412 -0.8 0.262865 0.139977 -0.954625
46.397 14.6821 26.2949 0.0340307 0 -3.9 0.417728 0.7441 -0.521362
48.3874 -5.40131 13.4907 -0.0717461 0 3.8 -0.112102 -0.718533 0.686399
88.5815 11.7884 29.5821 0.995949 0 -3.9 0.273701 0.142125 0.951256
53.1693 -4.46075 19.8835 0.17966 -0.482011 4.5 -0.42964 -0.845147 0.318017
75.8221 -12.6119 -13.5424 0.00637223 0.06466 -3.5 -0.501119 -0.154912 -0.8514
51.221 -3.7665 28.768 -1.12162 0 1.9 -0.170451 0.369002 -0.913665
68.7203 -7.41825 40.5945 -0.0711092 0 3.8 0.20974 0.771245 0.600992
83.6834 9.92225 0.662 0.649028 0 -1.03669 0.903703 0.246771 0.349893
51.1085 -3.04063 16.326 -0.137488 0 4.5 -0.160051 -0.975478 -0.151083
47.689 5.61825 35.5945 0.250004 0.670471 -4.5 -0.830439 -0.209625 -0.516167
58.9518 4.41563 -13.9311 -0.0375328 0 -4.5 -0.141427 0.971839 0.188487
54.9715 -4.3855 -4.23825 0.0327923 0 1.9 -0.936376 0.139334 -0.322159
65.5878 11.4202 14.8339 -0.408494 0.0912335 -3.5 0.289461 -0.292553 0.911387
89.6133 1.76 -2.9595 -0.385946 -0.164167 -3.5 0.979736 -0.197541 -0.0330911
81.9184 23.2995 16.0894 0.305534 0.113778 -3.5 -0.634485 0.591445 -0.497617
79.7148 7.96 30.2083 -0.434665 0 -4.5 0.308955 0.371982 0.875315
69.1947 -26.038 28.2264 -2.05765 -0.461924 -3.5 0.642075 -0.611559 -0.462315
79.8316 2.79912 -11.2011 -0.0837853 0 4.2 0.364613 0.304306 -0.880031
45.6141 13.2835 22.2956 -0.501145 0 -4.24815 -0.247228 0.759072 0.602236
80.0775 -6.1255 27.8935 -0.496597 0 -3.5 0.51246 -0.702416 -0.49396
59.8845 -10.3314 5.31388 0.0217402 0 4.5 -0.0576616 -0.960195 0.273314
38.0207 -0.8485 10.7511 0.183566 0 -3.5 -0.902476 0.360176 0.23624
54.3047 -11.8695 26.4307 -0.542009 -0.0533602 -3.5 -0.924607 0.380921 0.0013292
93.0204 -3.899 4.9855 -2.04879 0 -3.5 0.940623 -0.172484 0.292365
65.184 -28.8958 34.1688 -1.45798 0 -3.5 0.60763 -0.459696 -0.647662
73.8075 -8.59475 2.4925 -0.160078 0 1.18334 -0.060601 -0.946618 0.31661
78.916 17.3925 -4.01237 0.379448 0 -4.5 -0.494658 0.356227 -0.792726
57.187 11.2317 -8.54375 -0.0482385 -0.222122 -0.4 0.0583636 -0.552745 -0.831304
75.3665 13.644 22.9748 0.896248 0 -1.6 -0.576703 -0.619796 0.532228
57.6582 -6.25275 -4.184 0.0671798 0 1.9 -0.0799486 -0.427041 -0.900691
42.6571 -18.3801 38.0169 0.245208 0 -0.8 -0.808704 -0.0811378 -0.582592
76.2115 -15.331 35.9785 -0.115449 0 -1.6 0.0873976 -0.949083 0.302661
58.9448 -23.8784 44.3114 0.30671 0.152134 -2.92998 -0.306594 -0.727083 0.614289
47.0941 -4.60262 5.86412 -0.850202 -0.0188791 4.2 -0.886306 -0.297777 -0.354669
69.417 6.3085 36.909 2.51194 0.234587 -3.9 0.338701 0.819072 -0.463036
86.8964 -12.4301 7.58238 -1.75482 0 -3.5 0.804551 -0.531606 -0.264751
53.279 17.7342 34.6666 0.54043 0.162802 -0.7 0.174523 0.980246 -0.0930525
48.9582 -13.9117 43.2021 -0.416393 0 1.8 -0.187852 -0.595788 0.780864
85.7858 22.1526 19.6379 -0.196137 0 -3.5 0.744156 0.00106675 0.668005
82.0973 15.7074 4.37838 0.57758 -0.109774 -0.957849 0.950668 -0.234222 0.203395
91.4753 4.1325 20.9789 -0.452997 0 -0.9 0.909817 0.0355038 0.413489
59.357 2.13412 38.0281 -0.329039 0 -1.6 -0.118197 -0.968591 0.21877
81.4088 -1.703 -13.3195 -0.795312 -0.344262 -0.847843 -0.0522053 0.548807 -0.834317
82.325 15.1003 22.1695 -0.509206 0 -2.51221 0.279409 0.89042 0.359281
66.1794 13.9474 -11.5354 0.488653 0.0269326 -4.5 0.146074 0.417034 -0.897076
74.6641 -0.74075 20.2791 -2.61578 0 -3.5 0.658866 -0.746148 -0.0956981
83.0094 13.7981 30.8421 -0.419504 0 -3.5 0.330749 0.308828 0.891757
70.6072 -2.06375 -14.5977 -0.596607 -0.160183 -1.20291 0.388035 0.484844 -0.783808
64.934 -11.0798 -8.42887 -0.356358 -0.0426158 -2.27712 -0.612932 -0.701757 0.363113
61.0373 -7.7795 -15.2467 -0.125563 0 -3.5 0.373633 -0.883561 -0.282343
59.641 9.349 -6.157 -0.117403 -0.491331 -0.4 0.127553 -0.570546 -0.8113
84.7588 -4.85175 26.6782 1.96741 0 -0.4 -0.418545 -0.273381 0.866073
82.5259 1.80237 30.9504 -0.519825 0 -0.7 0.937746 0.329182 0.110782
58.142 12.387 3.663 -1.12703 -0.581989 -3.5 -0.860933 -0.455003 0.227522
56.7894 -15.591 28.2955 0.244818 0 -3.5 -0.667048 -0.743527 0.0470603
45.7835 16.8255 30.51 2.55645 0.051042 -3.9 -0.0805073 0.899852 0.428702
71.596 20.2115 -1.31988 1.1084 0 -3.9 -0.304271 0.934703 -0.18371
56.6374 -9.97962 19.8107 1.56718 0.83869 -3.9 -0.355663 -0.0441251 0.933572
62.892 14.5625 20.4075 -1.74503 -0.0844083 -3.5 0.620302 -0.69064 0.371808
43.7885 6.28463 35.6797 -1.36818 0 -3.5 0.366107 -0.753382 -0.546243
64.6775 -0.6175 21.4085 -0.78681 -0.334015 -1.21542 0.876339 0.055245 -0.478516
75.2018 -14.8612 -3.06288 -0.00366973 0 -0.7 -0.268295 -0.924729 -0.269988
79.39 -7.17662 30.3374 -0.222123 0 -3.5 0.450724 -0.886595 -0.103914
51.175 -23.919 43.4338 -1.98102 -0.135682 -0.8 -0.716001 -0.578865 0.390203
88.5437 -4.79637 -4.06887 0.477874 0 -3.90242 0.0379859 -0.557788 -0.829114
94.0182 -6.30225 0.474125 0.180494 0.245221 -4.5 0.57813 0.60999 0.54192
39.8923 8.78012 20.7345 -1.3226 -0.691497 -0.4 -0.526736 -0.692631 -0.492759
52.0356 -3.6215 37.0885 -1.6413 0 -3.5 0.262004 -0.41692 0.870363
81.8569 -4.726 20.6435 -0.730045 0 -0.8 -0.980806 -0.190012 -0.0437551
68.79 12.008 -1.13025 0.0806608 0 -0.8 -0.533259 0.761909 -0.3676
56.826 6.18725 11.0592 -0.494813 0 4.0067 -0.166627 0.608934 -0.775522
91.0691 -1.24863 0.933875 0.14614 0 1.3275 0.85777 -0.143638 -0.493558
61.9956 -5.44513 41.842 -0.0468578 0.0174718 -2.69032 -0.242905 0.119752 0.96263
52.6656 3.94025 -10.6735 -0.456456 -0.359491 -1.87935 -0.524681 0.776608 -0.348697
51.4729 -1.81662 -10.9353 0.562515 0.285777 0.684905 -0.766583 -0.522966 0.372635
75.3648 21.958 19.9905 -1.89351 -0.604707 -3.5 -0.146649 0.566072 0.811207
74.3473 19.5012 8.54937 -1.9709 -0.262585 1.9 0.0385536 0.890724 0.452907
52.1565 -8.16575 33.8963 -0.0506489 0.228375 -4.5 -0.891303 -0.385193 0.239177
55.881 -10.21 16.595 2.4616 0.272477 -3.9 -0.564452 -0.313899 -0.763454
75.396 -15.3611 -8.47112 -1.27715 -0.289741 -3.5 -0.240392 -0.800575 0.548901
73.1401 -14.6526 -12.2085 -0.00916741 0 -3.5 -0.0535416 -0.697038 -0.715033
91.8415 8.71963 23.8369 -1.70463 -0.0378789 -3.5 0.840966 -0.485551 0.23878
93.1854 -2.77038 11.5671 0.228589 0 0.780726 0.173431 0.438496 -0.881841
68.4815 24.1916 6.105 -0.146895 0 -0.8 0.0794645 0.960637 0.2662
51.0607 -0.878125 1.42237 -0.407105 0 4.2 0.327818 0.0677835 -0.942306
38.8088 -1.2775 7.657 -0.904997 -0.323707 -3.5 -0.460799 0.0499142 -0.8861
85.0131 16.8286 -1.29912 0.208198 0 -4.5 0.82046 -0.32463 -0.470597
74.2439 -7.02925 21.7324 -3.09739 -0.152659 -3.5 -0.317244 0.291197 -0.90253
64.7562 -8.59188 -15.269 -1.37061 -0.378026 -1.3 0.101695 -0.714772 -0.691924
56.841 -4.174 24.5695 -0.52976 -0.346333 -3.5 -0.81795 -0.310079 0.48457
79.1592 -2.948 15.4975 -0.544441 0.0830751 -1.74209 -0.321369 -0.628873 0.707984
51.4356 15.1943 40.7477 -0.0514099 0 -0.4 -0.126443 0.651463 0.74807
69.5125 11.2905 -11.5407 0.708243 0.857894 -3.5 -0.521629 0.207565 -0.827538
87.3026 2.93287 24.5299 -0.4421 0.388404 -2.99537 0.267143 -0.666126 0.696355
42.9649 6.03512 38.9017 -0.710503 0 -3.5 -0.77724 -0.604249 0.175446
75.397 7.723 24.8115 0.508135 0 -3.76884 -0.891183 0.402195 -0.209838
58.0635 7.76762 -0.778625 0.414315 0 -4.5 -0.430153 -0.53168 0.729579
71.882 15.1315 -2.71 0.49191 0 -3.9 -0.83102 0.377066 -0.408934
87.0778 -6.374 6.771 -0.60117 0 2.8 0.434482 -0.890246 -0.1367
89.6596 -7.2665 17.9065 -0.183549 0 3.8 0.700652 -0.420048 0.576755
73.7495 -3.44125 37.038 0.0353201 0 2.79275 -0.204561 0.317003 0.926101
57.4459 8.129 43.282 -1.31489 0 -3.5 -0.0690786 -0.0409635 0.99677
62.4692 16.7978 19.3748 -1.47856 -0.0637787 -3.5 0.779765 0.525223 -0.340747
60.523 -4.486 0.933 -0.992608 0 -3.47898 -0.899688 0.349356 -0.261747
53.6323 22.021 22.8861 0.660162 0.112195 -3.9 -0.686208 0.714934 -0.134122
42.7165 -1.34687 15.2616 -1.42276 -0.501818 -1.6 -0.666398 -0.638814 0.384488
71.9417 8.00275 19.1095 0.279787 0.639985 -3.5 -0.747136 0.407241 0.525302
47.9738 3.7085 35.3153 0.39329 0.644782 -4.5 -0.817181 -0.132528 -0.560939
41.3895 4.28638 18.7367 0.0216186 0 4.5 -0.794961 0.534035 0.287826
86.0632 6.8355 4.0845 0.678799 0 -0.707387 0.0535733 0.629499 -0.775152
79.9898 -11.0109 2.19213 -0.197083 0 -3.9 -0.654481 -0.445605 0.610812
60.0335 0.8805 -6.89275 0.153605 0 -3.2 0.504186 0.241784 -0.829058
84.0715 3.4815 -4.8285 -0.0527698 0 -1.3 0.124019 -0.435667 -0.891523
74.3601 23.7201 3.4715 0.902102 0 -4.5 -0.094421 0.771776 -0.628846
76.665 -3.31888 37.0484 -0.685982 0 3.46276 0.219304 0.301616 0.927865
50.931 15.545 31.945 0.512416 0.690592 -0.7 -0.493396 0.813893 -0.30682
52.2682 -24.5623 43.657 -1.43918 -0.566529 -0.773209 -0.443769 -0.852763 0.275436
93.349 0.7945 19.2743 -0.932966 -0.603361 -3.5 0.729726 0.623115 -0.281474
55.0185 20.0626 19.2799 -0.282457 0 -3.9 0.111155 0.306979 -0.945203
49.7902 -6.693 2.95825 0.249446 0.167502 -3.5 -0.987622 -0.0998727 -0.120944
48.1847 15.4945 23.0327 -0.0603899 0 4.5 -0.389808 0.782335 0.4858
78.0526 5.71112 -7.52325 -0.456435 0 0.0373675 -0.215217 0.817275 -0.53455
50.0914 18.7841 20.7734 0.284682 0.0481259 -3.83376 -0.0690411 0.635058 0.769373
75.4753 -4.87525 7.49038 -0.981663 -0.108923 -1.16462 -0.478334 -0.582363 0.657305
54.5872 -1.1745 -8.40312 0.233252 0 -0.4 -0.285722 -0.956992 -0.0502948
41.4292 -19.9785 41.9642 -1.60757 -0.120094 -3.5 -0.863752 0.141026 -0.483782
42.6898 13.3123 27.268 0.0170985 0.120156 -3.71212 -0.315356 0.855327 -0.411056
54.7287 -6.3235 14.8743 -0.0426105 0 -1.6 -0.42665 -0.901676 -0.0703568
42.6739 5.80075 11.3844 0.714855 0.744959 -4.5 0.269228 0.478717 -0.835671
56.064 4.391 -7.7225 0.261633 0 -1.6 0.67048 -0.0920476 -0.736196
56.2625 -9.1915 -4.0885 2.3241 0 1.9 -0.604636 -0.243095 -0.758499
75.9566 -11.2957 26.8286 -0.967669 -0.0270769 -3.5 0.571247 -0.480805 -0.665209
68.8731 -21.4708 39.3091 -0.156938 0 -3.5 0.934828 0.345617 -0.0815231
65.3854 -24.5851 43.5288 -0.655828 -0.0510492 -3.84866 0.481871 -0.406269 0.776367
56.8266 -6.09088 -13.9384 -1.38706 -0.806463 -3.5 -0.853861 -0.516262 0.0662962
64.3305 13.0887 29.7284 0.22545 0 -4.5 0.564688 0.661432 0.493594
74.5557 -0.071375 -15.0568 0.827228 0 -3.9 -0.540009 0.693244 -0.477288
65.229 -1.277 37.339 -0.99473 -0.160038 -3.9 -0.409305 0.569187 0.713089
60.6753 11.62 38.2829 2.07241 0.52585 -3.9 0.419049 -0.453447 -0.786629
62.9686 -19.7824 46.0011 -1.34273 -0.0807113 -3.5 0.706197 -0.0532144 0.706012
46.9411 2.77163 29.7686 -1.48757 0 -0.9 -0.75585 0.45833 0.467573
92.0606 -4.56063 12.0634 -0.137884 0 2.8 0.727449 -0.659098 -0.190807
50.68 -1.56975 29.3853 -0.567389 0 -3.5 0.205486 -0.374363 -0.904228
58.5728 -1.40375 1.04525 -0.748502 0.198611 -1.21211 -0.37512 -0.603182 -0.703886
40.2285 9.222 32.64 -1.49451 -0.0213808 -3.9 -0.818946 0.378172 -0.43164
73.2552 18.1108 -3.87475 0.282755 0 -3.9 -0.0239837 0.332499 -0.942799
52.6053 18.574 18.8055 -0.386964 0 -3.58742 0.166826 0.849394 -0.500699
72.3363 -1.206 20.9175 -2.04539 -0.385705 -3.5 -0.468432 -0.681496 -0.562258
58.5908 13.9062 -5.8045 0.393479 0 -1.1239 -0.17959 0.69617 0.69505
73.6921 0.295625 13.0564 -0.381961 0 2.8 -0.0440617 -0.0989593 0.994115
52.2495 3.79675 -6.84812 -0.539531 0 -0.464017 -0.936865 0.1921 0.292201
61.9123 22.302 7.0985 -0.236143 0 1.8 -0.956448 -0.11868 0.266688
49.51 -22.56 42.8015 -0.390577 0 -0.8 -0.379979 -0.870239 0.313528
61.8885 -25.8954 36.697 0.446734 0.0809224 -4.5 -0.79346 -0.547034 -0.266785
70.0615 1.05712 39.4943 -0.0659991 0 -3.9 0.691924 -0.0537633 0.719966
75.4137 20.6835 14.8018 -0.242643 0 -2.66351 -0.000979131 0.976366 -0.216119
71.5527 12.4564 -5.157 0.654845 0 -3.5 -0.592574 0.687521 -0.419728
44.1925 15.2723 17.7537 -0.201933 0 -4.5 -0.451578 0.872133 -0.188312
58.8841 1.118 -0.848125 -0.760087 -0.398228 0.136341 -0.805927 -0.209613 0.553664
83.9866 14.8693 21.3524 -0.456488 0 -3.5 0.0462244 0.980698 0.189987
87.9085 4.1885 -2.383 -0.181177 -0.0427287 -3.5 0.152458 0.532563 0.832546
79.016 11.1173 27.5772 -0.270029 0 -3.5 -0.73591 0.46866 0.488667
55.4226 -15.8211 32.1211 0.142466 0 4.2 -0.644529 0.336141 -0.686725
57.0815 -6.2475 -17.6871 -1.48723 -0.148276 -3.5 -0.990931 -0.132313 0.0234398
73.8227 5.568 31.868 -1.55352 -0.0601314 -3.5 -0.407716 0.745693 0.526981
63.5655 15.1392 7.77488 -0.850298 -0.16188 -2.05273 -0.898305 0.326181 0.294371
43.4365 14.6818 18.3855 -0.0970751 0 -4.5 -0.714616 0.697075 -0.0583947
53.8473 4.82225 2.15162 -1.7439 -0.651571 -3.5 -0.231008 0.801272 -0.551905
55.0654 5.28025 -17.0011 -2.30758 -0.495715 -3.5 -0.175744 0.911054 -0.372954
71.503 -0.81 36.5745 -0.219656 -0.0474543 -1.13045 0.402876 0.252862 0.879631
82.6833 11.2493 29.9902 -0.232229 0 -3.5 0.326478 -0.417356 0.848072
81.001 24.9005 7.73775 0.292288 0 -1.6 -0.887976 0.449305 0.0980985
57.0685 6.3955 -2.3805 -0.57039 -0.159614 -0.889072 -0.737801 -0.0956403 0.668209
55.6991 -6.164 36.8228 -0.221695 0 -0.7 -0.955019 0.284194 0.0846915
55.6484 -26.4399 43.3246 -1.29544 -0.735013 -3.5 0.0670509 -0.355943 0.932099
89.3696 23.3034 3.4225 -2.27958 -0.367462 -3.5 0.258276 0.362794 -0.895363
67.7322 -5.49925 22.9088 0.0686015 0.034745 -0.7 0.556019 -0.311611 -0.770546
83.513 0.9255 -7.4615 -0.0787552 0 4.2 0.442367 0.896817 -0.00552227
82.8315 -10.9043 14.739 -0.262162 0 -4.5 -0.662951 -0.685795 0.300301
58.1004 -7.429 10.9325 -1.06514 0 -4.5 -0.0988353 -0.738649 0.666805
60.328 -25.607 45.1177 0.411239 0.738156 -4.5 -0.403101 -0.289124 0.868284
38.8434 11.1174 27.561 -0.320107 0 -3.5 -0.981641 0.105863 0.158665
52.7207 -4.91888 2.3215 -0.00410542 0 -1.37882 -0.00688083 0.47388 -0.880562
93.1943 -3.51238 -2.32375 0.960688 0.272123 -4.5 0.822861 0.514445 -0.241342
62.19 -16.6297 46.9041 -2.16552 -0.352688 -0.9 0.338561 -0.132185 0.931613
62.1623 9.18513 24.5654 -0.154972 0 0.628693 0.231598 0.593285 -0.770958
58.0998 0.08675 2.05775 0.511818 0 -1.36193 -0.212172 0.752526 -0.623448
44.1681 -19.6966 45.5196 -0.479833 0 -3.5 0.0367486 -0.102158 0.994089
85.023 18.6787 4.695 -1.0635 0 -3.5 0.695166 -0.531152 -0.484377
82.497 -9.2125 -12.0895 -1.29774 -0.20242 -3.5 0.417 -0.344813 -0.840961
62.842 -1.627 38.5885 -0.549227 0 -3.2 0.0901329 0.886945 0.452995
90.8727 -10.691 0.73125 0.00981476 0.0316355 -4.5 0.496255 -0.70349 0.508756
93.129 -1.332 -5.27625 -1.67784 -0.658183 -3.5 0.784933 0.256964 0.563781
68.1795 -15.0774 -5.16787 -1.51574 -0.242001 1.8 -0.731793 -0.670241 0.123511
56.4318 -9.7765 7.32425 -0.771981 -0.531215 -3.67188 -0.0341177 -0.949027 0.313344
64.3412 16.5667 10.5843 0.132508 0.245585 -4.5 -0.632176 0.56509 0.530119
40.8677 5.676 31.6315 -0.736619 0 -3.5 -0.318875 -0.266856 0.909454
55.0103 8.346 -10.306 0.738142 0.847595 -0.4 0.667835 0.135292 -0.73191
71.266 10.6984 17.1929 -0.238649 0 -3.61385 -0.616498 -0.0754196 0.783736
47.3214 -6.76813 39.3546 -1.19349 0.000572081 -3.2 -0.17663 0.983105 -0.0480189
42.313 -16.182 38.902 -0.506871 0 -0.8 -0.909325 0.416087 -0.000710289
79.2623 -17.6628 -0.8095 3.22315 0.10752 -3.9 -0.381745 -0.920226 0.0863428
46.6459 8.59025 11.0639 -1.60705 -0.0268034 -3.5 -0.828845 -0.0303623 0.558653
88.7653 6.98763 25.6419 -0.497414 0.447615 -3.5 0.735464 0.0446484 0.676091
79.1479 7.58125 -5.87425 0.00935762 0 -1.6 0.194233 0.615605 -0.763743
45.133 0.638 7.7585 0.0916907 0.845511 -3.5 -0.447474 -0.0674621 -0.891749
57.0501 -2.6625 -2.326 -1.12896 -0.0840165 1.04345 -0.18718 0.534522 0.824166
55.5597 6.7835 42.5065 -0.516218 0 -3.5 -0.261007 -0.50733 0.821274
53.6245 16.2467 23.791 -0.103708 -0.699452 -0.7 -0.571154 0.6689 0.475768
63.5802 -21.654 44.765 -0.614536 0 -4.5 0.610551 -0.243562 0.753595
77.1035 5.61912 32.258 -0.919761 -0.303235 -3.96144 0.306952 0.562228 0.767907
62.1698 1.778 31.5697 -0.372427 0 0.0541837 -0.466404 0.378045 0.799719
66.0364 14.2591 -7.0325 -0.0159325 0 -4.5 -0.230546 0.296715 0.926719
62.5686 22.6874 7.842 -0.169356 0 1.8 -0.481238 0.201547 0.853106
64.0054 -25.3722 25.5939 -0.404566 0 -3.5 0.549775 -0.797282 0.249176
76.6715 24.0198 5.47 -0.186843 0 -4.5 0.126465 0.98305 0.132738
74.7405 -7.39587 -15.5119 -0.0398987 0 -0.7 0.53793 -0.241953 -0.807521
57.1316 4.44063 -13.0869 -0.114609 0 -3.5 0.328118 0.85881 0.393425
67.3111 20.9517 7.82912 0.360143 0 -0.8 -0.532991 0.0455111 0.844896
71.7182 -17.0613 34.2477 -0.434674 0 -3.2 0.910214 -0.268412 -0.315382
77.6245 11.4222 -5.722 0.251095 0 1.8 0.247028 0.21064 -0.945837
92.9141 0.042 18.074 -0.10118 -0.0195155 -0.952643 0.702684 0.64806 -0.293689
55.3592 -1.65087 -15.1438 -0.105725 0 -0.8 -0.0276633 -0.2042 -0.978538
67.0219 -8.91325 5.61125 -0.358306 0 -0.9 -0.00119474 -0.995731 0.0922936
84.4693 -9.76575 -10.6966 -0.667445 0 -3.5 0.816759 -0.373403 -0.439858
80.6501 19.4716 -0.7105 0.288316 0 -4.5 -0.431719 0.893229 -0.125546
58.1582 -7.216 -13.9937 -0.910539 0 -3.5 -0.593874 -0.784296 0.179427
93.8734 -9.50638 0.34075 -0.270923 0 -4.5 0.642202 -0.747401 0.170204
52.006 -8.5575 32.8288 -0.153929 0.56353 -4.5 -0.952171 -0.304713 0.0228175
55.4585 -16.3374 44.3814 -1.48815 0 -3.5 -0.0825728 0.332585 0.939451
40.2074 5.38237 11.9876 0.503139 0.500758 -4.5 -0.789402 -0.0524381 -0.611633
76.5612 19.5201 13.5468 -0.065735 0 -1.6 0.106957 0.98149 -0.158865
76.4585 8.317 28.1003 0.0195924 0 -4.5 -0.335514 0.901458 0.273503
78.4846 -3.84488 37.1854 -0.372887 -0.319314 -0.981948 0.0720553 0.73052 0.679079
53.3304 -1.16437 -14.5556 0.09158 0 -0.8 -0.374435 0.117118 -0.919827
63.1455 -1.747 16.0858 -0.648443 0 -1.3 0.697586 -0.71234 0.0771099
61.072 18.4408 20.959 -2.57958 -0.137518 -3.5 0.0677907 0.99235 0.103175
85.596 1.59975 -9.912 -1.2747 -0.229022 1.8 0.18728 0.982293 0.00514791
47.4684 -1.31387 5.94838 -0.324372 -0.0693424 2.78616 -0.852851 0.409422 -0.324066
59.111 10.0015 6.645 -0.46069 0 -4.5 -0.875816 0.472877 0.0966143
75.6165 18.5139 -1.05175 0.579985 0 -2.01465 0.411458 0.764703 -0.495915
56.3154 -22.5556 27.4244 -1.04683 -0.0743357 -3.5 -0.999363 0.0352546 0.00556725
56.0247 -1.99325 -3.503 -1.42658 -0.00235854 1.66849 -0.918254 0.0825973 0.387283
61.3457 12.7397 -9.348 -1.54596 0 -3.5 -0.196809 -0.689005 -0.697523
61.737 3.11387 -13.266 -0.268102 0 -4.5 0.544355 0.351876 -0.761486
93.1735 -4.09575 0.027 0.580117 0.670083 -4.5 0.842387 0.391707 0.370067
68.8163 10.7467 28.5706 -0.495824 -0.124752 -3.5 0.472252 0.872417 0.125966
56.673 13.35 14.259 -0.152872 0 -3.2 -0.335592 0.922903 0.188756
74.8741 -14.5861 -4.39512 -0.502438 -0.177466 1.8 0.259267 -0.965008 -0.0392356
55.135 -12.1982 23.036 -2.03834 -0.534688 -3.5 -0.179272 0.262785 -0.948053
46.5405 10.2005 10.4349 -1.70861 -0.3165 -3.5 -0.78829 0.611562 0.0677592
81.3574 -12.0341 -10.1798 0.0212929 0.0727286 -3.727 0.383498 -0.767763 -0.513292
83.9325 11.1414 1.4305 1.47306 0 -3.9 0.924836 -0.279846 -0.257615
65.723 14.3403 17.0128 -0.136272 0.208955 -4.5 -0.54809 -0.298742 0.781249
78.396 -4.605 12.5195 -0.277066 0 -4.5 -0.576342 -0.815978 0.0448314
46.891 2.9045 7.57325 -0.607257 0 -3.5 0.268484 3.83976e-05 -0.963284
60.0349 -24.8003 32.1719 -0.962597 0 -3.5 -0.122164 -0.423809 -0.897475
70.734 -9.18875 24.3184 -2.55129 -0.229307 4.5 -0.169918 -0.199614 -0.96503
59.3619 -6.92763 -3.74425 -0.122389 -0.10738 0.73414 0.154955 -0.542442 -0.825679
58.0195 7.829 37.994 -1.26333 -0.137717 -1.6 0.474317 0.860157 0.187494
89.0515 11.516 13.0049 0.387013 0 -4.5 0.838172 -0.187097 -0.512312
92.4119 -2.43613 3.7965 -1.69737 -0.712481 -3.5 0.80916 0.475462 -0.345249
68.9916 -12.7239 26.6384 0.0803008 0 0.551167 -0.624834 -0.161422 -0.763889
49.0964 -6.57725 10.6655 -0.0287548 0 1.05234 -0.390062 -0.832495 0.39345
75.401 8.9935 23.4635 0.412967 0 -0.7 -0.932386 0.179508 0.31374
69.102 -11.9633 3.29625 -1.63356 -0.0557988 -3.5 -0.727603 -0.618465 0.296808
47.3024 5.68925 15.0705 -0.292616 0 -4.5 -0.030418 0.439818 -0.897572
52.387 -8.53375 37.9728 -0.266868 0 -3.2 0.541432 0.83185 -0.121968
43.5042 -17.713 43.5229 -0.149488 0 -3.5 -0.412958 0.863155 0.290565
56.8665 17.1575 20.8525 -0.624381 0 -3.8457 0.620503 0.777985 -0.0985663
74.7879 -15.4038 -9.69312 -0.635318 -0.133061 -3.5 -0.379167 -0.920273 0.0965916
91.1363 2.855 2.31763 0.122373 0 1.8 0.555437 0.787898 0.265908
79.6842 11.5938 28.8641 -0.0983057 0 -3.5 -0.864051 0.21114 0.456985
75.9518 6.35763 31.6806 -0.736363 -0.337863 -4.12284 -0.148831 0.710597 0.687678
59.1908 -7.31725 20.534 -0.0786486 0.773012 -3.5235 -0.765444 -0.379851 0.51943
55.681 -1.587 -8.3495 0.0642528 0 -3.02042 -0.595432 -0.774304 -0.214277
56.5703 19.2017 22.548 -0.196691 0 -3.9 0.955051 -0.234795 -0.180969
83.7422 15.574 27.0823 -2.29378 -0.762437 -3.5 0.231266 0.804109 -0.547655
76.9846 -9.19025 5.63538 0.160857 0 -3.5 0.639421 -0.765156 0.0753405
82.769 -12.473 8.682 -0.230602 0 -3.5 -0.709066 -0.465501 0.529655
52.7415 2.84037 1.73625 -2.12478 -0.0644272 -3.5 -0.824693 -0.17721 -0.537102
78.9014 -2.069 25.2619 -2.17096 -0.0301232 -1.7396 0.574124 0.32763 -0.75036
69.7428 -11.8776 43.3315 -0.076141 -0.606418 -0.626875 0.845833 0.44566 0.293179
42.8047 -3.14225 6.86025 -0.525616 0 -0.8 -0.00863404 0.274904 -0.961433
54.4325 -13.3655 23.3827 -1.81104 -0.352358 -3.5 -0.599922 -0.469373 -0.647906
43.1209 -0.0165 9.17163 -0.187204 0 -2.68433 -0.126504 0.17346 -0.976682
60.5115 -7.08063 16.222 -2.15639 -0.0354605 -3.5 0.381076 -0.54699 -0.745375
59.0402 11.86 35.2025 -0.697151 -0.614374 -0.8 0.519393 -0.496931 0.695191
66.8487 8.57725 32.0556 -1.2403 -0.0226805 -3.5 0.635719 0.0903067 0.76662
56.8978 -4.50375 40.733 -0.355533 0 -0.7 -0.0765885 0.748677 0.658496
83.4859 4.62813 29.1509 -1.38915 0 -3.5 0.635841 0.195661 0.746608
77.4997 22.8821 2.24388 0.739143 0.590415 -4.5 0.0637241 0.453837 -0.888803
69.3135 -21.069 37.0365 -0.19934 0.811287 -3.2 0.779813 -0.262796 0.568182
77.3552 20.9692 8.91375 -0.0451276 0 -0.9 -0.725317 0.488263 0.485298
60.0418 17.8627 21.1361 -2.30886 -0.9059 -3.5 -0.632624 0.601015 0.488434
47.4744 -21.5746 33.4715 -2.09138 -0.75508 -3.5 0.66692 -0.462696 -0.584064
86.9388 -5.9155 24.2735 2.09828 0 -0.504933 -0.028735 -0.998731 -0.0413602
72.9504 -13.1934 28.7276 -0.519681 0 -1.03478 0.13369 -0.971788 0.194308
53.6278 2.24837 -13.6119 0.516797 0 -3.5 -0.83169 0.158755 -0.53206
42.7685 5.575 36.2354 -1.96884 0 -3.5 -0.226534 -0.881262 -0.414801
71.3026 -11.9919 3.10037 -1.68256 -0.0200193 -3.5 0.79205 -0.600243 0.111203
56.088 -4.6585 38.0044 -0.385206 0 -0.7 -0.566431 0.728449 -0.38538
69.9877 -19.8596 31.4309 -0.773289 0 -1.35295 0.581913 -0.36308 -0.727702
62.3395 -11.8385 7.08675 0.230392 0.0573634 -4.5 -0.0835351 -0.820654 -0.565287
75.9918 -0.24825 18.3005 -2.10642 -0.183063 -3.5 0.180257 -0.980032 0.0839346
82.9969 13.6053 26.5169 -0.743279 0.458526 -3.5 -0.451456 0.327182 -0.830144
73.1977 16.5396 -4.02712 0.256268 0 -3.9 -0.2475 0.115693 -0.961956
84.7249 11.6231 29.088 -0.102699 0 -3.5 0.356762 -0.1999 0.912558
58.2635 -4.11825 -19.3333 0.801507 0.871628 -3.5 -0.509177 0.348355 -0.787012
48.3675 -20.992 34.3232 -1.11923 -0.327055 -3.5 0.640043 -0.417622 -0.644932
60.569 13.758 -9.72688 -1.30813 -0.185236 -3.5 -0.591512 0.128939 -0.79592
66.3733 -19.374 -13.5495 0.000216538 0 1.9 -0.745234 -0.551854 -0.374277
40.7866 9.62075 30.7447 -1.3085 -0.103512 -3.5 -0.856106 0.182861 0.483367
57.1987 -24.366 25.5074 -2.46643 -0.793362 -3.5 -0.419842 -0.681089 -0.599876
92.4235 -2.7195 -4.621 -0.173101 0 -3.5 0.849987 -0.522838 0.0645098
47.5467 -2.68825 32.6855 -1.45781 0 -3.5 -0.994724 -0.0136128 0.101683
83.4179 -7.6155 38.8573 0.0412814 0 -1.6 0.910596 -0.149165 0.38544
67.2235 4.04875 25.091 -0.733653 0 -0.7 0.316863 0.528764 -0.787405
71.5872 -14.9528 41.9685 -0.214894 0 -0.7 0.461564 -0.0531631 0.885512
55.8828 -11.8951 45.6006 -0.450504 0 -0.9 -0.57809 -0.0345057 0.815243
40.3638 12.6489 29.4039 -0.781835 0 -3.5 -0.841175 0.386893 0.377807
82.084 1.733 29.8883 -0.79635 0 -0.7 0.840635 -0.336759 -0.424177
69.195 -13.9493 -14.5183 -0.0391873 0 1.9 0.0807636 0.195734 -0.977326
70.4006 -20.8258 31.9439 -1.84174 -0.023885 -3.5 0.511401 -0.250905 -0.821898
57.2214 19.1549 24.2616 -0.887069 -0.225659 -3.73285 0.918828 0.183848 -0.349219
74.9914 -9.46387 15.1026 1.29973 0.783188 -3.9 0.868622 -0.421801 -0.259962
67.1915 18.4765 10.8968 -0.848912 -0.831682 -3.5 -0.61751 0.590394 0.519727
71.1021 -6.57075 15.1994 0.151411 0 -3.9 -0.631545 0.549499 0.546993
58.8138 -5.07863 -6.224 -0.720247 -0.00706008 -3.23604 -0.323781 -0.946122 -0.00436401
72.648 -0.4505 19.1685 -2.10795 0 -3.5 -0.540856 -0.545032 -0.640636
67.7838 -8.83988 7.00025 -0.465124 0 -3.5 0.242918 -0.90819 -0.340854
82.1036 -3.25612 -15.3057 0.0271726 0 1.8 -0.464033 0.576903 -0.672203
44.8667 11.6755 38.3205 0.323026 0 -1.71388 -0.210353 0.542538 0.813268
60.7137 -2.64625 0.7565 -1.02182 0 -2.68876 -0.91426 -0.308801 -0.262243
82.457 -9.767 7.928 -0.288254 0 -3.5 -0.981345 0.049757 -0.185704
50.5635 18.1955 17.3162 -0.223582 0 -3.5 0.334404 0.216197 -0.917296
38.3016 -3.98675 8.78075 0.154914 0 -3.5 -0.476057 -0.829765 -0.291307
50.4525 -16.5343 34.7784 -0.672567 0 4.2 -0.739424 -0.5044 -0.445906
82.3195 -10.5002 35.911 -1.17518 -0.0911851 -1.6 0.893847 -0.390601 -0.220155
65.9648 20.5425 1.655 -1.20801 -0.308044 -3.5 -0.697397 0.63189 -0.33816
53.3078 -3.56475 -13.9607 -0.144815 0 -0.8 -0.246627 -0.810991 -0.530537
79.8187 -13.5541 41.3559 0.0970167 0 -3.9 -0.185308 -0.95602 0.227347
62.6208 -21.9473 23.51 -0.0622483 0.0524268 -3.5 0.375639 0.643106 -0.667316
41.3956 3.27837 19.817 -0.0448613 0 4.5 -0.762596 0.101956 0.63879
53.1784 -19.5889 30.0016 -0.432499 0 4.2 -0.056545 -0.0336922 -0.997831
67.4585 -19.6371 30.5579 0.0831641 0 -0.7 0.213973 -0.910947 -0.352691
66.9185 9.67425 -10.4305 1.16251 0 -4.5 -0.445889 -0.207623 -0.870675
63.6495 11.7078 15.8911 -0.504161 0 -0.8 0.441927 0.487456 0.753052
48.9297 -11.8141 36.6136 -0.536874 0.0447454 0.535979 0.249051 -0.077696 -0.965369
62.4701 17.6227 7.39488 -0.327628 0 1.8 -0.564736 -0.165809 0.808443
78.3085 -2.63125 36.6007 -1.56684 -0.0191345 -0.4 0.520376 0.466698 0.715124
84.2196 -4.64612 -7.43538 0.603566 0.856526 1.05812 0.855129 -0.498196 0.143368
79.4665 -11.9219 43.5008 0.623631 0 -3.9 -0.30035 -0.618841 0.725828
80.8757 -8.1005 8.489 -0.283931 0 -1.3 -0.203257 -0.708309 -0.676006
72.5635 7.23556 29.0471 0.266261 0.0367324 -4.5 -0.329349 0.835261 0.440306
88.847 16.763 12.853 -0.357169 0 -4.5 0.439467 0.339384 -0.831678
45.4743 3.04713 7.3465 -1.71446 -0.628697 -3.5 -0.35015 0.008252 -0.936657
55.1451 5.97262 3.66512 -0.283265 0 -3.5 0.306874 0.873261 -0.378475
64.9799 -7.21812 22.4149 0.885418 0.635592 -0.802078 0.592955 -0.287618 -0.752117
49.8905 11.0013 0.837625 0.697768 0.880729 -4.5 -0.306702 -0.0359147 0.951128
57.503 3.73625 -6.979 0.0561269 0 -1.1999 0.111758 0.129153 -0.985307
54.6511 -27.2588 40.8166 -0.365738 0 -3.5 -0.316804 -0.928874 -0.191908
68.6181 -17.9971 -14.5766 -0.491884 0 1.9 0.285346 -0.350278 -0.892123
88.021 14.637 17.6511 -0.428829 -0.173053 -3.5 0.932414 0.263097 0.247758
46.8047 -13.3054 42.651 -0.328373 0 1.8 -0.73242 -0.0829383 0.675782
64.8905 -4.1245 -16.644 -0.112131 0 -0.4 0.368782 -0.0480999 -0.928271
47.1515 -0.92975 26.7682 -0.559082 0 -3.9 0.0326448 -0.993671 0.107483
55.0838 -10.3031 5.77313 -1.73807 -0.419497 -3.5 -0.41693 -0.908769 0.0175512
43.222 7.649 26.7482 -0.180737 0 -3.5 -0.0438088 -0.796845 -0.602593
82.4392 25.6675 11.1876 0.114139 0 -1.6 -0.675436 0.314236 0.667114
54.8997 -0.394125 34.3064 -0.750488 0 -3.66931 0.708849 0.69619 0.11337
65.8682 -3.67088 -15.858 0.357854 0 -0.4 0.43472 0.206096 -0.876666
85.6373 21.903 16.7759 -0.463557 0 -3.5 0.83127 0.423748 -0.359761
45.0021 15.915 31.1504 1.39568 0.501621 -3.9 -0.556288 0.536482 0.634611
46.5418 -4.71025 13.2945 -0.110168 0 3.8 -0.755406 -0.598285 0.267238
50.2869 11.8975 18.5028 -0.638457 -0.0926015 3.44895 0.696211 0.116891 -0.708256
58.9012 -25.5366 28.003 -2.26503 -0.312573 -3.5 0.0502342 -0.97011 0.237409
40.4296 8.06244 36.7096 -0.224266 0 -3.9 -0.683126 -0.621421 0.383634
79.6618 -7.77537 -15.6675 0.246841 0 -3.2 0.144115 0.437131 -0.887777
50.2366 -17.4711 31.5448 -0.465758 0 4.2 -0.9538 0.118819 -0.275948
56.7841 5.25175 38.6921 -0.280702 0 -1.6 -0.171458 -0.731309 0.660143
64.8305 4.64113 14.3876 -0.577688 0.222976 -2.28873 0.483737 0.527101 0.698687
77.489 -6.8575 37.9253 0.332397 0 0.390831 -0.48995 -0.150587 0.858646
56.9618 -4.61025 0.658 -1.05673 0 1.49084 0.775217 0.63161 0.0103993
68.2071 -8.48713 -5.13575 -0.547587 0 -1.3 -0.769543 -0.547163 0.329267
62.7359 -24.2073 22.2925 -0.396717 0 -3.5 0.513738 -0.108219 -0.851095
56.922 14.3899 24.7178 -0.139521 0 -3.49032 0.83728 0.299163 -0.457672
47.7303 7.69425 34.7665 0.0282241 -0.637713 -1.22564 -0.548613 -0.813649 -0.192353
68.8859 7.74013 -3.46237 0.682505 0 -2.85352 -0.962844 0.266452 0.0439936
79.6014 -13.5473 39.7952 0.0510131 0 -3.9 -0.138758 -0.985917 0.0933507
65.3163 -29.3137 39.4012 0.637775 0.0013665 -4.5 0.216398 -0.949393 0.22765
55.8014 12.1403 14.6298 0.146144 0.855037 -3.2 -0.80545 0.584692 0.0968803
45.2846 -9.2445 37.9723 -0.0278566 0 -3.2 -0.979225 -0.0812319 -0.185797
81.4549 -8.36887 41.426 2.16209 0.108938 -3.9 0.804771 0.580411 0.124364
91.0058 7.791 24.2572 -2.27563 -0.0491205 -3.5 0.62582 -0.655963 0.421974
59.2052 16.2008 4.278 -0.523498 0 -3.5 -0.91078 0.408836 0.0577375
74.5932 17.677 22.5508 -0.199007 0 -1.6 -0.895261 0.433855 0.101384
69.3545 -8.91975 7.8835 -1.56246 -0.553444 -3.9 0.34622 -0.842563 -0.412576
60.7264 13.1812 38.2041 2.43619 0 -3.9 0.59433 0.121417 -0.795003
90.0241 10.2941 14.5136 0.0195296 0 -4.5 0.977935 0.0339444 -0.206131
70.76 -12.0972 1.85675 -1.42162 -0.226266 -3.5 0.446259 -0.879965 -0.162833
73.4475 -8.67362 17.36 2.21004 0 -3.9 -0.0206595 -0.280946 0.959501
71.4528 -7.968 24.1478 -0.186874 0.890294 4.5 -0.430138 -0.133495 -0.892839
58.7411 -25.4264 33.0779 0.236176 0.848358 -3.5 -0.727784 -0.571636 -0.378897
47.613 -1.96812 23.7957 -0.0337036 0 3.72229 -0.383919 -0.823869 0.416949
50.7122 15.384 14.7603 0.308871 0.683443 -4.5 0.798698 0.367307 -0.47662
39.1227 6.4125 27.664 -1.94492 -0.39536 -3.5 -0.557936 0.0249747 -0.829508
48.4625 21.9797 18.279 -2.24053 -0.24508 -3.5 0.239188 0.945808 0.219629
69.3832 -15.4364 -6.35887 -0.9316 -0.0203908 -3.00382 -0.123376 -0.991374 -0.0442187
54.218 10.5464 -2.08262 0.284732 0 -4.5 0.176953 0.848511 0.498715
78.5471 -6.66813 -14.5949 1.02824 0 -3.8725 -0.172493 0.400412 -0.899953
57.3218 4.587 -1.50663 -0.0275152 0.0906418 3.09268 -0.784347 0.418926 0.457494
93.0354 1.09037 20.2041 -0.688093 -0.0593925 -3.5 0.573704 0.70829 0.411325
70.4159 23.1968 7.0845 -0.170606 0 -0.8 0.505089 0.738727 0.446281
77.0159 -8.13087 22.5174 -1.72323 0 -3.5 0.823312 0.113685 -0.556087
65.7132 4.55538 -12.3356 0.225216 0 -0.4 0.138295 0.885597 -0.443387
45.6408 15.5138 26.8755 0.13496 0 -3.9 -0.157413 0.790935 -0.591307
97.753 -2.57575 15.8955 0.42552 0 -4.5 0.975939 0.202318 0.0813101
74.6566 10.2284 -6.64725 0.031982 0 0.673485 0.739472 -0.0660207 -0.669942
81.034 -13.1864 -9.48975 1.67944 0.570132 -3.9 0.317723 -0.754851 -0.573805
90.8141 -7.4555 23.0247 0.450951 -0.0050191 -0.8 0.421706 -0.859553 -0.288675
51.385 -20.723 44.8288 -0.388276 0 -0.8 0.0449657 0.123772 0.991291
58.681 -3.008 38.368 -0.159627 0 -3.2 -0.705111 0.702101 0.0993594
83.3399 23.7514 15.6622 0.69872 0.0176698 -3.5 0.125648 0.457564 -0.880255
80.7943 16.6497 21.8137 -0.0789886 0 -0.9 0.462811 0.497135 0.733936
77.153 -14.965 -9.999 -0.234579 0 -3.5 0.500919 -0.864317 0.0451319
87.1886 -6.72662 -3.8895 0.30907 0 -2.23915 0.39713 -0.186977 -0.898514
66.6999 -0.37325 -14.638 -0.240904 0 -0.7 0.0760412 0.181776 -0.980395
94.835 -5.79575 19.569 -1.85626 -0.00814808 -3.5 0.883317 -0.458917 -0.0956372
52.9697 17.0193 36.0592 0.35509 0.124545 -0.7 0.287359 0.849437 0.442585
53.422 -22.8797 45.888 -0.298736 0 -0.4 -0.623712 -0.181305 0.760337
44.3215 14.2627 14.6835 0.650158 0 -4.5 -0.815649 0.362012 -0.451292
85.8274 25.5478 9.40725 0.126316 0 -1.6 0.948171 0.15652 0.276538
56.8918 15.4607 17.057 -1.29707 -0.264164 1.98106 0.0917723 0.697206 -0.710972
46.0011 -24.307 39.009 -0.19203 0 -3.2 0.315259 -0.945269 0.0841366
74.2316 -1.71975 -16.45 1.91712 0.79557 -3.9 -0.342151 0.206783 -0.91661
65.7675 16.2515 11.4298 -0.400513 0 -4.5 -0.211237 0.501548 0.838945
46.0345 6.79725 9.66975 -1.95762 -0.285956 -3.5 -0.998752 0.00229778 0.0498903
57.079 -6.62175 -15.1397 -1.43209 -0.240047 -3.5 -0.848928 -0.516156 -0.113596
91.503 11.9864 23.1887 -2.63243 -0.321593 -3.5 0.259968 0.965398 0.0205785
92.5955 -8.34737 -3.4315 1.27505 0.864803 -4.5 0.154777 0.0285562 -0.987537
51.9512 1.8345 6.89125 -0.873143 -0.128867 -3.38477 -0.692367 0.437997 -0.573399
58.5959 -4.57025 36.8372 -0.386829 0 -3.02057 -0.692144 0.707306 -0.14372
65.1407 -3.37925 40.8672 -0.375261 -0.0606131 -1.60211 0.265981 0.724078 0.636368
61.184 19.228 5.296 -1.11662 0 -3.5 -0.723265 0.483157 0.493404
64.8354 7.12537 23.3351 -0.0135474 0 -0.4 0.712713 0.092912 -0.695275
78.004 -7.05275 5.943 0.0301474 0 -1.78689 0.686101 -0.543167 -0.483979
54.3961 -5.12175 35.7378 -0.211468 0.355977 -3.90428 -0.190914 -0.00410899 0.981598
84.1955 -12.532 3.2465 0.64543 0.12031 -3.5 0.161506 -0.986669 0.0199882
60.4469 -6.26162 13.8429 -0.624417 0 -0.4 0.35484 -0.916692 0.183751
40.113 14.5734 33.5561 1.50988 0.789046 -3.9 -0.33244 0.172041 -0.9273
87.384 12.7677 24.0308 -1.13407 -0.0131501 -3.5 0.529934 0.836698 0.138229
70.2784 5.71225 37.646 2.23079 0.575324 -3.9 0.766284 0.635921 0.0917228
63.5602 11.4768 32.1344 -0.172009 0.509285 -3.2 0.467492 0.865311 0.180798
82.0592 3.45187 -8.61487 -0.163968 0 4.2 0.836053 0.341055 -0.429765
54.0607 -6.36387 14.1144 -0.425893 0 -1.47188 -0.157001 -0.898248 0.410489
68.1647 5.32212 16.5045 0.32261 0.769957 -1.3 -0.53434 0.239444 0.810646
47.5745 -7.53438 8.4935 -1.62897 -0.277629 -0.7 -0.420441 -0.906336 -0.0422517
72.9895 20.947 1.9935 0.485404 0 -4.40764 -0.0368727 0.667041 -0.744108
58.6404 7.09062 43.0391 -2.4485 -0.0578716 -3.5 0.359889 -0.537888 0.762336
77.406 21.8635 16.7615 -0.321354 0 -3.5 -0.255037 0.849826 -0.46125
47.6953 6.53675 10.975 -1.23084 0 -3.5 -0.601657 -0.0917007 0.793473
55.7863 3.8535 31.8143 -1.0625 -0.734151 -0.8 0.00116194 -0.830536 0.556964
61.4442 7.59325 9.47563 -0.350673 0 3.8 -0.401792 0.726324 0.557688
66.0861 -10.3606 45.8591 0.513882 0.212111 -4.5 -0.798014 0.401553 0.449365
89.9584 3.03513 22.8939 -0.846729 0 -0.9 0.710802 -0.0712624 0.699773
82.5238 21.2725 1.918 0.106648 0 -3.5 0.878886 0.142006 -0.455405
78.608 14.283 23.173 0.441954 0 -0.9 0.519635 0.390996 0.759672
87.7709 -1.864 23.4461 -0.876666 -0.120231 -0.4 0.287851 0.365563 0.885158
46.6225 7.37575 10.8378 -1.52687 0 -3.5 -0.658601 -0.231039 0.716146
74.8569 -6.24813 6.82775 -1.0959 -0.0139023 -3.5 -0.587808 -0.109262 0.801588
65.2716 9.921 31.989 -0.432091 -0.598966 -3.44972 0.670961 0.741075 0.0248704
55.2765 -4.17875 23.216 -0.230196 0 -3.5 -0.528497 -0.632998 0.56569
84.9798 6.72512 0.538 1.51935 0.79357 -0.4 0.97201 0.105731 0.209802
82.423 -11.449 -6.11025 1.78831 0.673769 -1.73859 0.861361 -0.374868 -0.342828
53.361 1.5475 -5.10225 0.298723 0 -0.705924 -0.858312 0.289037 0.423979
64.4252 -25.6159 28.7383 -0.885806 0 -3.5 -0.531472 -0.752467 -0.389013
83.164 -3.08637 -16.0261 0.00144396 0 1.8 -0.311883 0.59297 -0.742371
38.8628 8.66875 22.71 -0.322847 0 -0.4 -0.965181 -0.237287 -0.110089
75.3791 -11.7611 39.015 -0.0637008 -0.032259 1.24212 0.26119 -0.321983 0.910004
69.8453 -15.3629 -9.51475 0.36966 0 -2.44436 0.250812 -0.966431 0.0557203
52.3003 7.08825 -9.158 0.0290216 0 -1.50982 -0.613999 -0.494878 -0.614899
59.8706 4.84575 -14.834 0.98157 0.789271 -4.5 0.353166 0.935557 -0.002596
70.8586 23.1873 3.52912 -0.698856 -0.0363263 -1.72999 0.244954 0.88384 -0.398527
43.103 14.773 29.024 0.130683 0 -3.9 -0.653274 0.754783 0.0594535
53.3618 6.6165 8.158 -1.37563 0 4.5 -0.188507 0.585623 -0.788359
53.0508 -4.89337 17.161 -0.19399 -0.197238 -0.124872 -0.797801 -0.562367 0.217386
57.5585 -7.658 -18.116 -1.38806 -0.49961 -3.5 -0.421224 -0.896144 -0.139631
61.17 -20.1677 49.462 -1.52931 -0.032643 -3.5 0.334741 0.393589 0.856175
70.1681 -13.4205 43.7285 -0.145829 -0.194342 -0.7 0.903245 -0.143201 0.404528
63.7125 14.6103 -5.8865 -0.223289 0 -3.5 0.699486 0.386093 0.601374
40.508 3.892 28.187 -1.72625 -0 -3.5 -0.170336 -0.465732 -0.868378
74.7835 -7.977 6.52825 -0.513295 0 -3.5 -0.646475 -0.30656 0.698635
49.1656 2.52387 31.9988 -0.305168 0 -4.5 -0.790089 0.38146 0.479842
82.1576 22.3202 14.6236 0.128248 0.415695 -1.18699 -0.383732 0.90731 -0.171869
48.973 -3.49 15.1359 -0.244692 0 3.39947 0.523994 -0.812695 0.254866
64.8876 -8.80787 4.3235 -0.893532 -0.273951 -0.4 0.112794 -0.943071 0.31288
91.8424 -0.676375 2.39687 -0.279123 0 1.8 0.988612 -0.13347 0.0695197
65.273 18.699 8.656 -0.0644069 0 1.8 -0.279859 0.71588 0.639684
41.973 1.28275 13.542 0.029862 0 -1.6 -0.88463 0.0343257 0.465029
82.7611 15.2115 7.3315 -0.389865 0 -1.3 0.593428 0.115138 -0.796609
54.2345 -6.28487 15.8538 -0.464998 -0.139777 -2.3096 -0.599719 -0.794397 -0.0962825
61.2139 -23.9009 31.4256 -0.41897 0 -3.5 -0.195473 -0.874615 -0.443665
71.8087 -8.91712 -15.8308 0.0202588 -0.359788 -0.7 -0.0277122 -0.46216 -0.886363
45.0335 -24.8442 38.1693 -0.122263 0 -3.2 -0.13383 -0.987862 0.0788593
48.941 19.2743 20.582 -0.11624 0 -3.5 -0.278325 0.513849 0.811477
72.2627 -18.4056 36.939 -0.342109 0 -3.2 0.904588 -0.425842 -0.0194761
64.3301 -4.84837 13.2871 -0.616502 -0.457891 -0.8 -0.506249 -0.531179 0.679382
52.1974 4.22512 38.9481 -0.20607 0.365507 -4.5 0.222319 -0.651795 0.725078
52.2988 -3.07687 -10.9412 0.763834 0.123355 -0.8 -0.280026 -0.718524 0.636639
60.1874 -6.15775 -4.6045 -2.41572 -0.923937 -3.5 -0.0212953 -0.845325 -0.533827
73.326 -16.061 38.4487 0.0581343 -0.478663 -0.7 0.810651 -0.543685 -0.217377
75.7503 22.7922 2.3805 0.574803 0.468764 -4.5 -0.0605173 0.528127 -0.847006
44.7277 6.165 32.0599 -1.39604 0 -3.5 0.207455 -0.891173 0.403452
64.897 6.92912 14.716 -0.486485 0.0815517 -1.4776 0.67562 -0.509289 0.533069
68.702 -24.9042 27.442 -1.85697 -0.256505 -3.5 0.305491 0.028491 -0.951769
66.1722 -28.3779 38.5265 -0.116075 0.00153525 -4.5 0.885938 -0.447362 -0.122398
47.6017 -1.98975 33.5812 -2.34737 -0.0194429 -3.5 -0.931327 0.0259923 0.363255
40.5822 -1.34475 7.79187 -0.995915 -0.298738 -2.15473 0.141847 0.438294 -0.887568
76.969 -2.23425 -15.5743 1.70545 0.010241 -3.9 0.431429 -0.0677121 -0.899602
92.1325 -3.477 6.3815 -1.00797 0 -3.5 0.866893 -0.267874 0.420404
60.0284 3.23325 -11.0111 0.68933 0.168393 -4.5 -0.217395 0.42675 0.877852
76.5069 -2.01787 37.0769 -0.412284 0 1.8 0.443264 0.197886 0.874276
65.6345 10.6353 -1.39112 0.411523 0 2.8 0.209421 0.586198 -0.782634
60.5448 -12.5402 23.8081 -0.37465 0.0157337 3.8 0.134182 -0.520934 -0.842984
47.6405 -0.427375 30.1846 -0.786172 0 -2.85461 -0.949915 -0.275799 0.146956
50.3643 16.2616 33.5247 -0.124141 0 -0.7 -0.596212 0.65402 -0.465607
53.2607 -6.03762 28.004 0.0719905 0 1.9 0.0512603 0.156762 -0.986305
60.677 13.8335 25.7045 -0.594954 0 2.8 0.373217 0.433036 -0.820481
48.4985 4.98875 11.9782 -0.475437 0 -3.5 -0.762665 0.423604 0.488777
56.6258 5.104 -14.959 -0.902848 0 -3.5 0.146991 0.958299 0.245064
65.1125 12.769 12.965 -0.819263 -0.117128 -3.53011 -0.984897 0.171368 0.0247045
48.6348 14.0906 33.4582 -1.6224 0 -0.7 -0.475056 0.852208 -0.219234
51.7235 -15.1416 43.3659 -1.18456 0 -3.2 -0.46868 -0.507392 0.723113
65.4538 10.5107 -10.2225 0.466306 0 -4.5 -0.576965 -0.424627 -0.697713
42.0725 13.0756 32.2311 -1.77343 -0.216644 -3.5 -0.684611 0.72415 -0.0831541
47.5191 14.6579 28.5338 1.47812 0.109396 -3.9 0.831189 0.411384 -0.374018
52.049 -12.2275 44.203 -0.383627 0 -3.2 -0.164734 0.234433 0.958073
56.5055 22.8855 24.8535 1.85324 0.128175 -3.9 0.495645 0.70725 0.504116
77.6192 22.0415 18.2967 -0.512617 0 -3.5 0.16264 0.951535 0.261016
49.7967 -6.419 5.14775 -0.119458 0 -0.7 -0.52993 -0.761991 -0.372215
91.3773 11.2045 24.563 -1.97191 -0.839676 -3.5 0.328832 0.584378 0.741871
80.6722 -8.00075 34.4432 -1.19044 -0.327408 1.37076 0.635319 0.0634423 -0.769639
84.9031 -7.11725 21.503 -0.183626 -0.317275 -0.8 0.192457 -0.858781 0.474823
96.1859 -5.4855 12.3355 0.929955 0.781498 -4.5 0.321361 -0.890878 -0.321035
88.5638 9.86137 -5.957 -1.17327 -0.556505 -1.3 0.688562 0.361932 -0.6284
51.0221 3.09825 38.6964 0.174272 0.101245 -4.5 0.438743 -0.409531 0.799868
71.7785 -17.5753 39.7626 -0.504592 0 -1.11864 0.682874 -0.673537 0.282896
54.9385 -9.33313 7.3665 -0.962195 -0.604403 -3.5 -0.530428 -0.771085 0.352242
69.5955 -11.5518 4.12 -2.06916 -0.467044 -3.5 -0.339073 -0.30165 0.891087
84.4525 15.3739 28.4029 -1.37825 -0.0826558 -3.5 0.692692 0.689838 0.210479
53.116 -5.039 18.759 0.456812 0 4.5 -0.683909 -0.690808 0.234632
57.9905 19.1898 26.0205 -2.08793 -0.27414 -3.5 0.584023 0.765366 0.270429
58.7569 11.5765 -8.873 -0.608629 -0.0488181 -0.4 0.0950271 -0.200961 -0.974979
59.3433 -17.4342 45.7584 -1.05306 0 -3.5 -0.587662 0.425474 0.688205
51.1666 8.62613 -3.99525 0.400648 0 -4.5 -0.494078 -0.869325 0.0127066
46.6341 -6.33512 9.722 -0.324536 -0.877733 -0.31407 -0.294008 -0.875867 0.382645
59.3066 17.1528 20.7934 -1.60519 0 -3.5 -0.507045 0.730165 0.458002
74.275 17.2442 18.9129 -0.687571 -0.318904 -1.34958 -0.982083 0.0388099 0.184406
42.6838 -2.97425 12.3212 -0.237675 -0.00169096 -3.5 -0.0757 -0.827109 0.556921
62.4193 -21.0625 48.1527 -1.93586 -0.11693 -3.5 0.944014 0.00680055 0.329836
57.4725 -8.65975 19.5963 0.532229 0.123107 -3.9 -0.00997931 -0.0192097 0.999766
45.231 20.859 17.81 -1.69263 -0.721458 -3.5 -0.77366 0.612302 0.1629
44.1709 7.533 15.9206 0.235585 0 -4.5 -0.349207 0.901941 -0.254081
83.5143 7.43738 -6.02738 -0.15187 0 -1.3 -0.634658 0.363185 -0.682133
56.449 -18.0796 30.4401 -0.459054 0 4.2 -0.554849 0.362079 -0.749027
56.563 -10.7647 0.035125 -1.808 0 1.9 -0.372755 -0.925779 0.0631406
90.009 8.0535 17.924 -0.166497 0 -4.5 0.91389 0.400541 0.0661277
60.397 13.215 15.372 -0.501167 -0.884791 -3.2 0.231721 0.953941 -0.190533
51.1924 -7.3875 4.68313 0.235062 0 -1.9513 -0.547284 -0.835662 0.0463556
48.7866 -4.79488 32.4266 -2.8497 -0.157121 -3.5 -0.456574 -0.885469 0.086511
87.718 -3.201 -7.821 0.370849 0 -3.21683 0.292342 -0.939175 0.18024
68.9072 -7.271 24.937 -0.16974 0.0346163 2.39552 -0.037486 -0.419772 -0.906855
83.9525 7.3845 27.6585 -0.908688 0 -3.52382 0.24032 -0.0205721 0.970476
71.0579 -9.88087 41.4893 0.0839296 0 3.8 0.249012 -0.00401975 0.968492
55.8714 -1.3245 34.8791 -1.47363 0 -3.5 0.66712 0.51352 0.539674
93.6871 4.99125 11.14 -0.173785 0 -3.5 0.952399 -0.295833 0.0736097
79.1814 -16.7276 0.84525 2.50337 0.484856 -3.9 -0.571645 -0.338056 0.747623
57.6099 14.8536 -6.83738 -0.0608948 0 -0.4 -0.0961831 0.965021 0.243891
66.0955 4.47075 14.3444 -0.662641 0 -1.3 -0.133751 0.798747 0.586612
61.4485 15.9026 -6.711 -0.227053 0 -3.5 -0.315995 0.944666 0.0880473
67.4769 -10.8907 -0.386875 -0.377368 -0.793898 -3.54346 -0.011638 -0.992144 -0.124557
39.6784 5.59013 13.857 0.107898 0.296688 -4.5 -0.953631 0.198497 -0.226245
82.5299 -7.03438 5.39675 -1.36234 -0.236702 -0.4 -0.6538 -0.490264 -0.576357
75.849 -4.954 22.276 -0.828004 0 -3.5 0.475121 0.357923 -0.803835
59.0192 2.98625 39.3289 -0.271233 0 -1.6 0.0421819 -0.493455 0.868748
61.8105 -6.85038 41.8804 0.320781 0.59191 1.9 0.0447007 -0.0164384 0.998865
69.0981 -26.641 39.5259 -0.99123 0 -3.5 0.168859 -0.918478 0.357609
44.4912 -13.0611 37.1668 -0.497265 -0.457957 4.2 -0.557647 0.763028 -0.32683
60.6946 -23.415 29.5246 -0.789418 0 -3.5 -0.141291 -0.952436 0.270004
59.4214 16.6086 17.8261 -0.487248 0 -3.5 -0.0629202 0.595323 -0.801019
64.8781 -9.77162 23.2121 2.02384 0.698638 -3.9 -0.00241111 -0.584899 -0.811102
53.2106 9.193 -0.6665 0.388526 0 -4.5 0.539073 -0.652108 0.533062
72.381 -14.6885 -11.0363 -0.0200263 0 -3.35701 -0.0460695 -0.978439 0.201332
60.7329 11.1456 39.3052 2.53217 0.161192 -3.9 0.479027 -0.870613 -0.112103
75.793 10.348 21.9543 0.329873 0 -0.7 -0.823103 0.54811 0.148579
47.0337 15.178 22.6795 -0.207662 0 4.5 -0.674654 0.598708 0.431729
77.5892 -9.24387 -15.6184 0.216786 0 -3.2 -0.447053 0.474049 -0.758565
93.4605 7.6055 9.2455 -1.08813 0 -3.5 0.693783 0.710834 0.115676
43.2229 -18.8095 45.4374 -0.479356 0 -3.5 -0.230484 0.343337 0.910493
54.4724 -4.43862 20.2214 -0.205318 -0.166257 4.5 -0.0666203 -0.930091 0.361237
74.1921 -9.27837 14.1506 1.19914 0.424675 -3.9 0.525438 -0.675942 -0.516737
94.019 4.294 8.2465 -1.65491 -0.585627 -3.5 0.796507 -0.596402 -0.0994044
87.6985 -5.76175 -4.00175 0.411 0.439965 -3.57864 0.454715 -0.27821 -0.846069
44.2327 -12.8097 38.3198 -1.21124 -0.621614 4.2 -0.484561 0.873426 -0.0482402
74.1953 -14.4699 35.4839 0.0601596 0 -1.6 -0.137666 -0.98152 -0.132917
90.5901 7.9025 20.3166 -0.341252 0 -2.26168 0.9777 0.00107963 -0.210005
69.6436 -14.963 43.2879 0.110419 0 -1.2413 0.789299 -0.341047 0.510582
88.8454 3.40525 -6.83025 -0.264537 0 -3.5 0.0590776 0.412634 -0.908979
95.058 -3.72662 21.8281 -0.360386 0 -3.5 0.790075 -0.216306 0.573579
67.0596 4.05312 30.6033 -1.35505 -0.941236 -0.7 -0.859719 0.312331 0.404145
46.0998 9.02225 17.1 -0.441161 0 -3.5 -0.767951 0.16325 -0.619355
89.2698 -6.70625 21.9931 -0.32777 -0.958687 -0.8 -0.194802 -0.907484 -0.372188
65.35 -22.4276 28.7585 -0.0383771 0 -3.5 0.747192 0.215337 -0.628756
68.8065 12.8545 -9.946 -0.0439806 -0.190414 -4.02659 0.303455 0.625894 -0.71845
50.4485 -7.97975 3.023 0.079662 0.000160078 -3.5 -0.675204 -0.706129 0.213263
73.7024 19.9556 18.3696 -1.76293 -0.0609377 -3.5 -0.951388 0.297856 -0.0783701
94.242 6.4395 9.03925 -1.25157 0 -3.5 0.949065 0.313873 0.0275509
44.94 19.368 17.3072 -1.87046 -0.484793 -3.5 -0.936645 -0.200464 -0.287245
50.3494 -5.372 30.9244 -1.40143 0 1.9 -0.736891 -0.674829 -0.0399752
67.3446 4.94037 36.2814 3.15012 0 -3.9 -0.967755 0.250241 -0.028806
71.8938 -11.981 -13.6665 -1.29102 -0.299652 1.9 0.158718 -0.225524 -0.961222
70.3347 0.40925 -13.9595 -0.675379 -0.0506203 -0.7 0.615566 0.300316 -0.728621
70.1417 -11.3313 42.108 -0.132975 0 1.91076 0.718014 0.269052 0.641925
59.4824 -8.3385 -13.6136 -1.97572 -0.0460271 -1.3 -0.538963 -0.831444 0.13498
70.7526 -1.81763 8.86825 -0.386164 0 2.8 0.24246 -0.961933 -0.126086
74.9802 -14.5343 38.1898 -1.56672 -0.197488 -1.6 0.334982 -0.840957 0.424945
77.3271 -8.62438 24.0946 -1.78029 -0.492392 -3.5 0.962926 -0.255977 0.0851401
61.6982 -13.527 45.7632 -1.22469 0 -0.9 0.0671579 0.50772 0.858901
84.7154 12.4221 2.41525 2.14291 0.787521 -3.9 0.840426 0.441223 -0.314653
71.0137 11.8929 -11.8014 0.0776019 0 -3.5 0.0502793 0.607902 -0.792419
70.9046 -24.7236 36.153 -0.0782415 0 -0.4 0.967467 0.108944 0.228338
64.3138 -14.4888 25.3873 -0.287356 0 3.8 0.452799 -0.382473 -0.805411
75.2821 -6.05587 -14.96 0.0781353 0 -0.7 0.606028 0.0617149 -0.793045
49.2826 -4.80912 34.1789 -1.95558 -0.318942 -3.5 -0.51565 -0.854033 -0.0688025
68.9297 -3.55238 8.39062 -0.606919 0 -0.8 0.966728 -0.224582 -0.12247
66.089 -6.244 40.8585 -0.285889 -0.176711 -2.12499 0.371844 -0.0782926 0.924988
51.5209 -9.50838 9.92412 0.881223 0.098532 -0.7 -0.243436 -0.923231 -0.297295
57.3344 -2.011 33.4331 -1.1088 0 -0.944384 0.445221 0.65559 0.609901
54.4055 0.24 35.9198 -2.18996 -0.826306 -4.5 0.824775 0.200064 0.528886
67.1243 -3.0335 39.531 -0.491754 -0.237882 -1.89583 0.0229817 0.648997 0.760444
54.1735 -1.793 -10.3212 -0.273469 -0.952763 -0.8 -0.00424458 -0.688756 0.724981
75.8721 3.17725 15.131 0.514702 0 -1.3 0.159616 -0.968093 0.193179
89.8002 -11.7303 1.47175 -0.255198 0 -3.5 0.849676 -0.491907 0.189941
78.9975 -13.743 -4.392 -0.358689 -0.843754 -0.877064 0.0793464 -0.946473 -0.312879
60.831 -25.1022 37.175 0.159508 0 -4.5 -0.553811 -0.783005 -0.283189
64.5062 -8.52837 5.66025 -0.473953 0.390908 -2.15266 0.260078 -0.9617 -0.0865642
88.6949 -3.35725 -14.0486 -0.281455 0 -3.2 0.0732354 -0.370844 -0.925803
67.1492 -5.02663 -16.0201 0.0778484 0 -1.3 0.0876661 -0.0502103 -0.994884
82.0534 -8.13087 15.865 0.355389 0.508268 -4.5 -0.649019 -0.102606 0.753821
90.0331 9.93175 25.7349 -0.926534 -0.282253 -3.72557 0.853419 0.0823865 0.514673
53.5266 3.86287 -13.5007 -0.066256 0 -3.5 -0.877443 0.477987 -0.0402763
81.5318 8.79937 -3.549 0.0213345 0 -0.4 -0.198991 0.905383 -0.375079
76.9539 21.6639 19.3568 -1.60332 -0.131186 -3.5 0.394648 0.519887 0.757608
54.4473 -21.7173 33.3262 -1.47106 -0.245053 4.2 0.430774 -0.807658 -0.402644
89.5866 -6.24325 20.4504 0.352694 0.381631 -0.645271 0.349162 -0.93045 -0.111125
43.6414 -14.503 40.417 -0.696543 0 -0.8 -0.438312 0.632308 0.638803
89.4901 11.8871 29.1076 0.755583 0 -3.9 0.656913 0.0286005 0.753424
86.5574 9.1425 28.686 -0.177551 0 -3.9 0.0291618 -0.558881 0.828735
50.1712 9.40825 10.77 -0.637017 0 -3.5 0.463565 0.876527 0.129641
49.9227 1.87225 7.85775 -0.217942 0 -3.2 -0.190134 0.513635 -0.836677
56.951 9.57113 12.4587 -0.491505 0 -1.3 0.357696 0.0588307 -0.931983
53.4105 21.7465 21.3506 -0.022847 0 -3.9 -0.714068 0.630559 -0.304141
42.5289 13.5769 33.6188 -0.371574 -0.273083 -3.65508 0.141983 0.797995 -0.5857
78.5735 -9.07525 42.8172 2.44125 0.527414 -3.9 -0.768851 0.264567 0.582127
81.239 -10.5 10.51 0.00527037 0 -4.5 -0.718303 -0.651564 -0.243937
72.7406 20.4049 -1.83875 0.673723 0 -3.9 0.0966028 0.941275 -0.323527
58.754 14.947 2.748 -0.956621 0 -3.5 -0.764251 0.548364 -0.339437
83.6725 17.9621 3.10838 0.327942 -0.0452508 -1.14917 0.961232 0.0882357 -0.261242
69.9371 -26.9691 38.6634 -2.35391 -0.0872711 -3.5 0.309267 -0.922286 0.231825
79.7952 -7.83969 13.0686 -0.440431 0 -1.3 -0.743679 -0.269495 0.611812
78.7591 -0.76925 26.1086 -1.66082 0 -1.64822 0.631498 0.536849 -0.559466
48.6245 -4.22262 31.1768 -1.98957 -0.528262 -3.5 -0.631166 -0.609509 -0.479718
49.2653 -18.5592 43.6245 0.292671 0.0578189 -0.8 -0.0354813 0.672641 0.739118
78.1411 -8.45975 9.88113 -0.101809 0 -1.3 -0.843573 -0.50097 0.193428
62.1808 -12.0365 8.32788 0.0450766 0.497678 -4.5 0.12648 -0.989628 0.0681143
53.3955 -18.0295 45.0739 -2.54718 -0.0983748 -3.5 -0.38224 0.0222849 0.923794
89.7832 -7.5995 23.3902 0.293788 0.047143 -0.8 -0.195422 -0.975207 0.103832
61.8986 -19.3166 47.2341 -0.746143 -0.0817795 -3.5 0.710394 0.427828 0.558841
60.3107 5.05675 -12.8567 0.225774 0.76476 -4.5 -0.0535672 0.994278 0.0924186
39.1906 14.1318 36.6739 1.66216 0.31235 -3.9 -0.745824 0.0964089 0.65913
65.5943 -29.1505 36.7829 -0.89593 -0.919506 -3.5 0.857881 -0.506617 0.0858989
85.803 26.1135 8.15375 -0.00197032 0 -1.6 0.850752 0.465687 -0.243633
74.5225 -0.46975 12.9948 -0.229415 0 -0.0953685 -0.34098 -0.297845 0.891639
53.0836 16.904 22.9872 -0.312542 -0.0764528 -3.52379 -0.498584 0.210156 0.840981
72.9628 -6.65987 11.7339 -0.184317 0 -3.9 0.797573 0.238586 -0.554035
70.4744 -12.2621 25.4236 -0.610265 -0.166615 -0.7 -0.423428 -0.00481958 -0.905917
81.2949 -10.5522 34.8841 -1.81687 -0.199358 -1.6 0.386145 -0.329254 -0.861675
87.6752 3.61713 25.9245 0.160244 0.477308 -3.5 0.336033 -0.78934 0.513833
73.3676 -7.99038 41.7718 0.0227638 0 3.8 -0.0743076 0.559273 0.825646
58.6632 -13.5224 24.0421 -0.884759 0.553417 2.34566 0.246182 -0.503869 -0.827955
59.2215 -4.3055 20.343 -0.0124218 0.634441 -3.5 -0.638694 -0.7434 0.198562
39.9874 13.1193 34.1005 0.917684 0.0364645 -3.9 -0.609825 -0.0167684 -0.792359
60.9371 12.5347 12.779 -0.537824 0 -3.2 0.825663 0.536403 -0.174792
55.5522 -10.2555 18.6245 2.14969 0.000370502 -3.9 -0.84902 -0.20936 0.485111
82.9394 22.7013 3.76962 -0.633651 0 -3.5 0.738904 0.402044 -0.540723
83.333 -10.4412 -6.586 0.0974192 -0.0394066 -1.45465 0.90473 -0.416851 0.0877379
68.4993 -15.0775 -9.08875 0.630685 0.0200683 1.51642 -0.439085 -0.89799 0.0285945
64.2452 12.4915 -6.21075 -0.0182102 0 -3.28679 0.8264 0.151438 0.542336
62.9885 -25.0658 29.58 -2.02036 -0.023727 -3.5 -0.510573 -0.85973 -0.0133768
61.0281 19.0035 3.68275 -1.88429 0 -3.5 -0.515362 0.757278 -0.401164
80.0348 12.3195 24.4298 0.0245827 -0.425509 -0.543127 0.326651 0.853009 0.407032
73.685 -6.6295 16.4312 1.44592 0.108182 -3.9 0.348134 0.774481 0.528187
49.5527 14.7037 35.23 -0.757387 0 -0.7 -0.751539 0.65577 -0.0717972
61.5908 14.9265 -10.2455 -1.81117 -0.0291134 -3.5 -0.209601 0.644068 -0.735693
90.7926 -2.92625 -7.035 -0.771522 0 -3.5 0.184909 -0.867518 -0.461759
54.7304 -13.8911 24.2785 -2.31726 0 -3.5 -0.554284 -0.815698 -0.165551
60.6368 4.22856 39.2266 -0.147622 0 -1.6 0.398839 0.0765915 0.913817
38.516 6.09487 29.6625 -1.79189 -0.143181 -3.5 -0.902308 0.106496 0.417731
55.5711 -25.2033 43.6565 -0.113968 -0.102899 -2.44885 0.150973 -0.57328 0.805331
53.0938 -21.9921 34.6208 -0.958815 -3.4356e-05 3.92209 -0.628027 -0.505386 -0.59175
70.8932 -25.745 38.8088 -2.01297 0 -3.5 0.959313 -0.148622 0.240064
57.4871 10.7555 42.5929 -1.8378 -0.246992 -3.5 0.0476859 0.380691 0.923472
67.4459 -24.1073 27.9165 -1.08498 -0.741775 -3.5 0.172961 0.642499 -0.746512
63.1579 -25.9814 24.8289 -1.04844 -0.211191 -3.5 0.384636 -0.808763 0.444923
47.4375 -12.9228 34.6273 -0.372439 0 4.2 -0.101302 0.622367 -0.776142
65.5705 -6.715 -3.2245 -0.562836 -0.0431201 -1.3 0.0808624 -0.96327 -0.256071
72.461 7.11525 20.717 -0.143712 0 -0.7 -0.811082 0.108106 0.574856
66.403 5.293 -11.1742 0.196828 0 2.38558 -0.345344 0.656286 -0.670839
47.4551 10.6278 10.2925 -2.6596 -0.297455 -3.5 0.118968 0.989104 0.086722
79.5088 3.172 24.3339 -2.24352 -0.597116 3.8 0.0384641 -0.981834 0.185801
79.1022 21.1115 14.4784 -0.756511 -0.712103 -3.5 -0.661518 0.64048 -0.390101
88.1404 6.967 -4.50475 -0.427345 0 -1.3 0.943415 -0.260815 -0.2048
53.0443 -1.03688 -6.81012 -0.0846429 0 -0.4 -0.543545 -0.819813 0.180182
63.4176 15.3883 0.25425 -0.384676 0 -0.8 -0.5459 0.328433 -0.770795
97.0465 -4.8145 15.1865 0.912044 0.0184255 -4.5 0.792993 -0.604484 0.0758979
48.2282 -21.9463 42.677 -0.530783 -0.0762971 -2.94066 -0.0238688 -0.939382 0.34204
55.546 12.7436 17.0759 -0.482161 0 4.2 -0.493808 0.0589909 -0.867568
75.8577 -15.2639 -0.2285 -0.014541 0 -0.7 -0.467585 -0.605767 0.643747
82.258 -10.87 7.333 -0.298849 0 -3.5 -0.995277 0.00840017 0.0967103
88.495 23.6785 3.93513 -1.50977 -0.832367 -3.5 -0.131843 0.753864 -0.643667
81.95 16.6756 -4.59113 0.484485 0 -4.5 0.3136 -0.220744 -0.923541
66.4283 -7.88075 -13.683 -0.0398828 0 -1.3 0.429975 -0.674151 -0.600535
88.7576 -0.847125 -14.0964 -0.607764 0.0599398 -3.2 -0.0461531 0.602451 -0.79682
69.1504 15.7674 12.3235 0.548833 0 -4.5 -0.538084 0.745613 0.393099
85.3666 24.718 19.3609 -1.33975 -0.016412 -3.5 0.834931 0.533679 0.13445
62.0021 3.64775 38.5428 -0.136357 0 -1.6 0.77329 -0.180865 0.60771
95.7913 -5.42725 15.1335 1.25008 0.529444 -4.5 0.104883 -0.96902 0.223608
63.6444 8.027 22.5196 -0.28373 0 3.1344 0.625454 0.679249 -0.383964
43.5946 -1.81512 27.9755 -0.175219 0 -3.9 0.112955 -0.680917 0.723597
62.9655 -7.97825 18.8251 -0.551546 0 -3.5 0.417428 -0.850837 -0.319108
55.019 -3.064 23.795 -0.14418 0 -3.5 -0.42494 -0.516146 0.743653
82.3227 15.8479 29.7936 -1.96644 -0.0960442 -3.5 -0.082816 0.627246 0.774405
80.1308 22.9499 8.07487 0.018824 0 -1.31355 -0.651625 0.692367 0.30986
59.7664 5.77462 9.6735 -0.36834 0 3.8 -0.552263 0.55057 -0.626002
53.8 -4.13688 28.9007 -0.199597 0 1.9 0.100655 0.216511 -0.971078
85.5921 -2.76475 26.4761 0.744556 0 -0.4 0.0391775 0.361803 0.931431
37.6152 -1.68325 9.5065 -0.253141 0 -3.5 -0.995065 0.0970406 -0.020715
78.216 -9.98325 41.8478 2.01423 0 -3.9 -0.933807 0.355027 0.0442677
88.3606 12.1722 18.9179 -0.93481 -0.0228577 -3.61742 0.935014 0.290994 -0.202661
84.3269 0.997563 -11.6874 -0.108063 -0.263608 1.8 0.219874 0.917496 -0.331446
43.164 13.0275 26.0415 -0.328219 0 -3.9 -0.353099 0.916659 -0.187237
56.473 15.5098 38.361 0.240161 0.0263776 -3.74958 0.346946 0.872883 0.34308
65.4426 22.8603 7.94887 -0.0133933 0 1.8 0.361613 0.36996 0.855784
41.5239 11.9705 33.1673 -0.482527 0 -3.67661 -0.694158 0.0685001 -0.716556
69.8241 -21.9386 32.0515 -0.267029 0 -3.5 0.219586 -0.217079 -0.951135
92.563 -0.2245 8.865 -1.8496 -0.0597615 -3.5 0.966153 -0.103253 0.236403
67.3668 15.7195 -8.91938 0.711911 0.152048 -4.5 0.451256 0.827889 -0.333119
75.7375 -8.6655 7.032 -0.16338 0 -3.5 -0.370554 -0.423091 0.826852
73.5654 20.3446 14.3481 -0.0284026 0 -1.6 -0.360539 0.92356 0.130574
72.3529 -3.51187 5.51137 -0.289012 0 0.783817 -0.0591899 -0.522727 0.850443
57.482 12.705 -1.559 0.127674 0 -4.5 -0.725331 0.687624 -0.0326804
53.9115 -4.43412 21.2535 -1.88331 -0.302728 4.5 -0.167827 -0.980193 0.105149
91.2921 -2.86037 -0.349 0.203583 0 -4.5 0.623565 0.779261 0.0625947
72.5107 -13.2408 32.685 -0.253145 0 -3.5 0.112002 -0.733686 -0.670194
63.3264 -6.77437 18.2746 -0.964244 -0.0302932 -3.5 0.849683 -0.328512 -0.412455
53.8587 15.615 32.9323 -0.692624 -0.492462 1.02444 0.289858 0.798714 -0.527293
38.0074 -0.154 9.031 -1.4678 0 -3.5 -0.868069 0.482737 -0.115852
89.477 20.6216 7.04388 -1.81996 -0.0377791 -3.5 0.406005 -0.43531 0.803533
81.6951 -9.58625 14.3586 -0.438207 0 -4.5 -0.799815 -0.488388 0.348961
64.3874 13.7216 15.7851 -0.0611064 0.666221 -4.5 -0.756401 0.0242596 0.653658
91.296 -5.27819 23.9692 -0.406661 0 -0.8 0.888602 -0.101454 0.447319
51.6116 16.7374 33.4961 -0.381763 0 -0.7 -0.268593 0.809756 -0.521683
85.0303 19.4452 16.6922 -1.22283 0 -3.5 0.686327 -0.643926 0.338105
74.7815 3.542 -12.8411 -0.216163 0 -1.3 -0.259465 -0.341465 -0.903371
76.218 -12.071 -0.074 -0.137526 0 -0.7 -0.724128 -0.333512 0.603663
67.7473 5.5995 15.309 -0.688344 0 -1.3 -0.85268 0.384211 0.354004
82.1006 -13.3603 -5.65894 0.483491 0.545854 -3.24378 0.553012 -0.822926 -0.130272
64.3475 6.4965 34.6855 0.020821 0.257964 -3.2 0.589205 -0.807974 0.00386155
52.5885 -9.3385 33.5125 -0.0566481 0 -4.5 -0.77515 -0.444128 0.449325
63.3094 -24.985 26.3333 -0.35839 0 -3.5 0.082916 -0.935148 0.344417
60.1245 10.6485 8.7385 -0.327624 0.346888 -4.5 -0.366216 0.430502 0.824957
63.097 15.385 18.9745 -1.3463 0 -3.5 0.744657 0.033809 -0.66659
43.163 7.8985 23.7945 0.806356 0.637214 -0.4 0.213675 -0.943913 0.251737
55.5348 -19.9298 44.5332 0.228314 0 -3.5 -0.0386678 0.0153486 0.999134
85.4055 15.1902 20.7782 0.261445 0 -3.5 -0.00930527 0.858068 0.513452
59.6576 -1.80944 -1.1145 -0.866666 -0.0172278 -2.7804 -0.839151 -0.458211 0.293032
57.8943 12.0496 35.9994 -1.11662 0 -0.8 0.367308 -0.863041 0.346764
85.2206 16.3967 15.6366 -0.947871 0 -3.5 0.171292 0.860731 0.479377
54.626 -19.953 30.426 -0.442923 0 4.2 0.441426 -0.756362 -0.482762
82.7951 -5.76875 21.5462 -0.675563 0 -0.8 -0.779633 -0.487692 0.392847
89.7975 11.3556 15.6169 0.280718 0 -4.5 0.986701 0.146699 0.0700007
83.2497 23.0243 14.8903 0.0275452 0.664009 -3.5 0.190672 0.859221 -0.474746
84.8278 5.41463 -0.20175 0.588348 0.208609 1.81591 0.960406 0.258281 0.104459
39.8931 12.9036 37.3531 0.774274 0 -3.9 -0.541312 0.106192 0.834089
73.78 -7.90513 13.0904 0.44883 0 -3.9 0.786701 -0.158729 -0.596579
55.4545 -2.1735 24.4985 0.209557 0 -3.5 -0.412509 -0.450069 0.792006
42.9689 2.39138 21.9371 0.0441563 0 4.5 -0.827757 -0.0332912 0.560099
49.745 0.499375 6.3305 0.484775 0 -0.211329 -0.405151 0.82928 -0.3849
55.2352 -10.3995 29.202 -0.0687897 0 -0.9 -0.889968 -0.427695 0.158221
78.7513 7.07306 30.975 0.136219 0 -4.5 0.290175 0.5986 0.746644
67.0758 -4.49581 14.7359 -0.565189 -0.493653 -0.8 0.510267 -0.177652 0.841467
91.8615 -4.34812 16.4518 -0.330564 0 -4.5 0.154346 -0.988016 0.00127505
47.9507 -6.41325 6.964 -0.086685 0 -0.7 -0.50157 -0.672043 -0.54478
64.7419 -26.3153 31.8539 0.30291 0 -3.5 -0.647455 -0.633915 -0.423029
41.337 -1.179 27.4686 1.09861 0 -3.9 -0.525217 -0.678012 0.514243
91.1285 -3.2 -5.925 -0.330598 0 -3.5 0.413797 -0.849196 -0.328082
65.4467 -9.88825 -7.61037 -0.274441 0 -1.3 -0.361093 -0.42669 0.829185
80.5356 19.7109 18.9312 0.813439 0 -3.5 0.0654678 0.21362 0.974721
92.2154 7.45913 11.8713 -0.0603583 0 -3.5 0.571197 0.57006 0.590563
69.0046 6.5945 30.4144 -0.103894 0 -0.7 0.162736 0.633225 0.756666
68.6336 -1.15331 22.7954 -1.05039 0 2.61008 -0.349951 -0.288367 -0.891279
80.1953 -14.2439 -8.03606 1.42827 0 -3.9 0.230896 -0.940521 -0.249212
97.3992 -3.00113 14.7734 0.291586 0 -4.5 0.988115 -0.0531305 -0.14424
56.4643 -20.6964 44.7651 0.173644 0 -0.4 -0.327836 0.396477 0.857514
66.4033 -18.5048 27.2345 -0.141348 0 -0.7 0.750446 -0.243198 -0.614561
56.7122 20.098 21.5899 -0.0506432 0 -3.9 0.958727 -0.0517129 -0.279587
75.779 0.53425 16.97 -1.58866 -0.576069 -3.5 -0.143397 -0.233975 -0.96161
85.0413 -12.6628 3.96937 0.545524 0 -3.5 0.0597612 -0.984025 -0.1677
69.128 -11.089 -13.1085 -0.205623 0 1.89803 -0.446004 -0.151473 -0.88212
51.7915 14.8809 29.481 0.0485383 0 2.8 -0.680144 0.627493 -0.379021
83.1061 26.8315 9.3465 0.290679 0 -1.6 -0.400526 0.893633 0.202484
82.4165 -12.7354 -8.0665 2.65337 0 -3.9 0.827587 -0.559165 0.0493302
68.1006 15.1745 12.3872 0.952872 0 -4.5 -0.191503 0.93832 0.287892
78.4138 17.1823 22.7937 0.340559 0 -1.6 0.805063 0.202739 0.557468
83.8151 -6.98238 -5.40394 -0.0258011 0 -0.9 0.728965 -0.207492 -0.652348
62.0217 -7.66844 -8.81238 -0.179609 0 -1.3 -0.349055 -0.597949 0.721538
59.644 10.8892 18.8895 -1.53485 0 -3.5 0.834538 -0.239644 0.496102
59.127 12.9688 36.9782 0.0426584 -0.581693 -1.48487 0.939382 0.0285085 -0.341685
56.979 19.8352 25.2694 -0.406204 0 -3.5 0.707393 0.702186 0.0808005
44.8111 5.55631 27.1534 0.0642522 0 -3.15519 -0.549713 -0.568079 -0.612456
62.3867 21.7946 5.73894 -0.281022 0 1.8 -0.967774 -0.0526594 -0.246252
70.0426 4.86538 36.6007 2.60651 0 -3.9 0.716744 0.456594 -0.527067
68.5156 -8.94475 11.5124 -0.161096 0 -3.9 -0.168027 -0.857432 0.486392
85.8018 20.2809 7.809 0.390602 0 -2.63479 0.572275 -0.53409 0.622293
55.1438 -12.6821 31.8943 0.0108333 0 1.8 -0.72019 -0.267171 -0.64027
80.0173 15.8174 22.1577 0.318001 0 -0.9 0.164449 0.460582 0.872251
86.7368 -3.45909 25.9011 1.39399 0 -0.4 0.747733 0.202038 0.632516
91.8111 1.21625 6.02037 -0.0473617 0 -0.4 0.88106 -0.263652 -0.39271
61.8805 15.507 -8.56275 -1.44174 -0.25477 -3.5 -0.136122 0.94721 -0.290281
91.2964 8.46225 8.25469 -1.31641 -0.692923 -3.5 0.274613 0.947932 -0.161284
58.4727 2.52425 37.2115 -0.0397483 0 -1.6 -0.468906 -0.8818 -0.0505532
82.358 -2.865 26.063 -0.841188 0 -0.4 -0.877902 0.138978 0.458228
84.0613 -13.7665 -1.16112 -0.0283205 0 -1.01764 0.647988 -0.757692 0.0775515
79.737 24.5225 4.2155 -1.29849 -0.376476 -3.5 -0.500206 0.847641 0.176913
90.5156 -6.20237 15.1836 -0.748089 0 3.67059 0.903913 -0.248318 0.348251
71.0683 3.009 14.088 -0.681957 0 -1.3 0.249814 -0.871327 0.422353
53.1302 -0.869469 -8.41616 0.0293757 0 -0.4 -0.481893 -0.872753 0.0779851
84.4651 9.02325 0.271125 0.469991 0 -0.4 0.75594 0.319892 0.571161
74.3215 6.758 24.7808 0.201254 0 -4.5 -0.637133 0.560543 -0.529011
82.2164 14.8656 6.14131 -0.701517 -0.79414 -3.5 0.936374 0.158695 -0.31308
75.0981 -8.28944 38.5096 0.317666 0 3.8 0.808309 0.334186 0.484723
83.7074 13.3393 3.45863 2.83657 0 -3.9 0.628658 0.776429 -0.0441286
83.7825 14.147 25.113 -0.363591 0 -3.5 -0.306363 0.912709 0.270376
83.8075 14.7255 26.122 -1.02775 -0.204743 -3.5 -0.0271766 0.480355 -0.876653
48.1558 1.68594 36.3653 0.172676 0 -4.5 -0.975247 -0.178568 -0.130413
86.0716 -11.3689 -3.98044 -0.267852 -0.0264447 -1.24092 0.595589 -0.396094 -0.698844
48.5981 -22.3771 39.9724 -0.743716 -0.421802 -3.2 0.319214 -0.825147 0.466085
55.4762 -7.42178 18.2646 0.146949 0 -3.9 -0.766273 -0.266635 0.584578
63.5716 23.2384 4.65737 -0.146414 0 1.8 -0.511789 0.60931 -0.605651
54.7759 -13.6159 26.7763 -0.611979 0 -3.5 -0.941279 -0.233653 0.24372
91.92 -5.47675 19.4535 -1.1794 -0.0512844 -3.5 -0.371406 -0.85858 -0.353408
53.1969 20.9319 22.6974 0.483932 0 -3.9 -0.87006 0.431726 0.237925
78.4039 21.8204 9.04212 0.0376521 0 -0.9 -0.470596 0.817642 0.331663
74.9605 -3.4335 -16.1425 2.98779 0 -3.9 -0.0187672 -0.394955 -0.918509
90.9467 -4.77962 15.3951 -1.5186 0 -1.28282 0.610184 -0.69705 0.37656
42.6001 0.8625 18.0243 0.0615891 0 4.5 -0.615994 -0.744556 -0.25727
68.7302 14.1336 0.140125 0.288926 0 2.8 -0.26325 0.0455693 -0.963651
91.0345 7.36237 13.7109 -0.940315 -0.704386 -3.5 0.808579 0.504401 0.302952
88.8577 -9.277 3.31225 -0.872961 -0.0287415 -3.5 0.68633 0.104212 0.719785
62.3727 -0.9015 -14.3708 0.349281 0 -0.4 -0.29124 0.724559 -0.624655
79.1423 16.7844 22.0349 0.590237 0 -0.9 0.402045 0.387604 0.829532
53.9478 10.3739 -10.0094 0.514559 0 -0.4 0.552792 0.416293 -0.721887
80.2561 -13.0483 38.331 0.0801632 0 -3.9 0.378974 -0.900659 -0.212583
42.6427 6.78837 15.8008 0.730178 0 -4.5 -0.264196 0.917766 0.296489
51.8504 -19.2868 44.0414 -0.831439 0 -0.8 -0.131514 0.487069 0.863405
78.046 -6.225 9.639 -0.587667 0 -1.3 -0.926844 0.00571654 0.375403
79.9163 6.62294 30.768 -0.0557709 0 -4.5 0.503592 0.458945 0.731959
46.6082 13.8907 22.7708 -0.273619 0 4.5 -0.743405 0.623049 0.243225
46.7508 6.9945 41.3787 -1.39626 -0.11968 -3.5 0.425908 0.043325 0.903728
84.2422 -2.2825 -14.9265 0.168786 0 1.8 -0.138433 0.752434 -0.643956
83.8298 13.6503 5.80237 0.0750587 -0.0646907 2.89785 0.166972 0.944125 -0.284162
50.7933 13.8182 24.6649 -0.424877 0 4.5 -0.0329978 0.575799 0.816925
55.7991 5.12494 -8.72056 0.34715 0 -1.6 0.937011 -0.0398459 -0.34702
79.0351 11.2673 -0.917687 0.82444 0 -3.9 0.578201 -0.638528 -0.507903
65.6452 1.49856 16.9498 -0.887524 0 -1.3 0.325108 -0.0822655 0.942092
51.9579 13.1291 26.2364 -0.602014 0 -0.7 -0.710915 0.659771 0.243519
67.4885 5.3305 32.4955 -0.761071 -0.925332 -0.8 -0.56 0.811293 -0.167943
91.4376 -2.64913 -2.04137 -0.115022 0 -4.5 0.653349 0.710382 0.261712
56.0191 -16.082 31.1103 -0.392163 0 4.2 -0.73177 0.147563 -0.665386
54.719 10.0285 -1.0865 0.0863195 0 -4.5 -0.00696467 -0.117956 0.992994
53.7316 -11.7199 36.0236 -0.385196 0 -0.7 -0.183025 0.982262 -0.0407805
82.5994 -11.2592 12.1879 0.55071 0 -4.5 -0.337139 -0.941369 0.0126946
55.7155 -18.1094 44.9284 -1.12304 0 -3.5 0.0561559 -0.0430795 0.997492
80.6845 -3.02737 -14.2144 -0.372002 -0.178774 -3.9 0.0720573 0.551334 -0.831167
67.0685 -2.066 39.04 0.157151 0 -3.9 -0.273935 0.0449614 0.960697
80.8281 13.4235 29.7809 -0.457814 0 -3.5 -0.765747 0.413426 0.492656
50.0165 13.0401 40.2004 0.0786709 0 -3.05801 -0.834706 0.26209 0.484329
42.0238 2.2155 26.7243 0.769584 0 -3.9 0.0373952 0.949851 -0.31046
63.3095 8.32044 -6.90656 0.523168 0 -1.6 -0.194931 -0.554324 -0.809152
54.1012 20.8865 20.2605 -0.0644744 0 -3.9 -0.339419 0.571937 -0.746782
49.7405 13.7116 30.9864 0.0829509 0.315096 -0.552467 -0.335046 0.902842 -0.269483
77.1261 0.0805625 -13.6564 0.439206 0 -3.9 0.437361 0.872541 -0.217688
69.5239 11.2723 -4.34263 0.741631 0 -0.8 -0.547798 0.743585 -0.383405
74.8061 8.09244 25.8376 -0.134507 0 -4.5 -0.780733 0.55244 -0.292003
64.768 1.73662 20.81 -0.142207 0 -1.6 0.628953 -0.162547 -0.760261
56.9193 -7.114 24.2615 -0.195221 0 4.2 -0.771046 0.0400997 -0.635516
57.0804 -3.61444 -9.08625 -0.177893 0 -3.5 -0.920785 -0.351022 0.170112
86.2878 -5.65163 26.341 2.43086 0 -0.4 0.326193 -0.659015 0.677715
84.9623 -6.39369 -5.16412 0.40635 0 1.8 0.211325 -0.354046 -0.91104
64.1393 -2.0405 17.5585 -0.372871 0 -1.3 0.557991 -0.68949 -0.461789
82.6905 2.87725 27.2267 -1.38857 0 -3.5 0.248217 -0.959923 -0.13014
62.5832 14.1291 30.1022 -0.0881917 0 2.8 0.747344 0.525737 0.406297
83.3499 -10.8947 -11.2647 -1.33123 -0.083063 -3.5 0.455222 -0.547288 -0.702317
63.3906 -6.5775 -6.0565 -0.256933 0 -1.3 -0.442614 -0.895231 0.0515314
81.753 -2.868 26.281 -0.950042 0 -3.5 0.901282 -0.112422 -0.418392
62.6226 -9.537 -3.95925 3.20284 0 -3.9 0.332561 0.228189 -0.915059
65.2338 -15.3226 27.0157 -0.296967 0 0.036242 0.601901 0.0483587 -0.797105
92.8075 1.46775 16.3913 1.05174 0 -4.5 0.820445 -0.095808 0.56364
42.5684 2.333 15.3705 0.155639 0 -1.6 -0.96445 -0.255235 0.0684971
81.0784 -1.27863 19.273 -0.915335 0 -3.2 -0.796679 -0.592447 0.119621
53.4236 5.55394 7.41937 -0.0891956 0 4.5 -0.451613 0.609974 -0.651136
65.1092 14.0098 12.4071 -0.386729 0 -4.5 -0.865465 0.283458 0.413064
93.1148 5.65875 6.91625 -1.94445 -0.717221 -3.5 0.237783 0.158602 -0.958282
63.8805 8.97194 9.48925 -0.166588 0.537757 3.8 -0.358993 0.906868 -0.220714
43.4652 -22.0173 40.8021 -0.556198 0 -3.27068 -0.599328 -0.761105 0.248042
87.1082 -4.02887 -13.724 -0.310744 0 0.953954 0.272464 -0.603922 -0.749027
49.3036 -3.24038 30.0469 -1.42646 0 -3.5 -0.475329 -0.55785 -0.680342
72.76 -4.79787 22.8431 -0.833964 0 -1.87207 -0.195425 0.0149111 -0.980605
51.0011 8.35213 11.9642 -0.115735 0 0.829444 0.373307 0.927683 -0.00676614
41.476 3.611 28.5035 -0.415165 0 -3.5 0.281877 -0.523581 -0.803996
68.0676 -6.26256 13.5606 -0.0952135 0.153045 -2.21214 -0.0444055 -0.497784 0.866164
62.0769 4.17812 16.6929 0.182752 0 3.8 0.852549 0.0433854 0.520844
41.5591 13.4626 19.8471 -0.0229062 0.0748001 -4.16938 -0.41546 0.390656 -0.82145
77.5143 21.0829 15.9574 -0.184675 0 -3.5 -0.184831 0.777898 -0.600594
81.8621 24.09 10.0527 -0.432211 0 -1.6 -0.860904 0.244093 0.446389
67.5867 12.342 -6.53025 0.93891 0.745063 -4.5 0.0807879 0.204587 0.975509
57.7691 5.46613 39.3489 -0.610052 0 -1.6 -0.363107 -0.454737 0.813245
54.2009 12.2784 17.4859 -0.341696 0 4.2 -0.347787 0.0436071 -0.936559
58.4826 2.55875 29.9849 -0.5291 0 -0.963294 0.149174 -0.389966 0.908666
59.4012 14.4189 25.6041 -0.526962 0 2.8 0.0913025 0.284276 -0.954385
55.8708 -23.4746 45.6623 -0.166771 0 -0.4 0.188315 -0.449979 0.872958
49.6287 -1.47725 29.0564 -0.588736 0 -3.5 0.243089 -0.541136 -0.805034
88.5224 17.0116 15.6664 -0.183069 0 -4.5 0.130985 0.647281 0.750913
74.1367 18.109 17.7076 -1.44565 -0.626478 -3.5 -0.97936 -0.164363 0.117642
58.6502 6.27469 40.5105 -0.697843 -0.183426 -2.05478 0.660484 -0.696295 0.280951
92.2927 -1.7425 -3.98175 -0.258298 0 -3.5 0.791888 0.311653 0.525154
40.0775 6.386 14.78 0.280435 0 -4.5 -0.677234 0.725471 0.122666
71.204 -2.40337 10.3521 -0.383082 0 2.8 0.289962 -0.95634 0.0365361
74.541 6.14862 31.2203 -1.39552 -0.40387 -3.98569 -0.324813 0.718372 0.615173
82.0198 -8.87675 8.66875 -0.188639 0 -3.06663 -0.625788 -0.512004 -0.588423
51.5565 11.5635 -0.1555 -0.130117 0 -4.5 0.362204 0.742386 0.563624
67.1765 2.00163 -13.7766 -0.0854539 0 -0.7 0.0892828 0.604962 -0.791233
92.1872 -0.87475 6.94175 -0.0836411 0 -3.5 0.965394 0.164553 -0.202327
80.516 -12.1995 2.057 0.1114 0 -3.9 -0.718723 -0.447655 0.532017
48.8711 -1.02025 28.0174 -0.798298 0 -3.9 0.251586 -0.901204 -0.352897
82.3282 -10.1111 4.71625 -0.170609 0 -3.5 -0.872474 0.357956 0.332651
63.8945 13.4567 -5.4165 -0.063112 0 -3.5 0.79963 0.258672 0.541924
65.2214 14.9751 -7.50881 -0.235605 0 -4.5 -0.104634 0.777479 0.620144
90.3745 -5.29338 25.1824 -0.190192 0 -0.8 0.355492 -0.18698 0.915786
76.6213 -3.1995 24.2498 -1.15884 0 -1.6 0.424415 -0.172537 -0.888877
85.3995 20.5753 4.52156 0.00319349 -0.264679 -3.5 0.397013 -0.492095 -0.774741
70.4405 -4.9565 5.5165 -1.03496 0 -0.9 0.376731 -0.197453 0.905034
91.7411 -2.31912 8.10375 -0.386641 0 -3.5 0.841152 -0.372654 0.391908
62.8257 -28.5894 40.5636 0.178613 0 -4.5 0.301921 -0.933947 -0.191277
91.0903 -1.52056 -3.03919 -0.282917 -0.19352 -3.5 0.78566 0.411574 0.461894
58.2383 -12.2227 45.764 -1.15003 0 -0.9 0.047174 -0.256865 0.965295
52.1944 -3.91806 16.277 -0.395056 -0.0107503 -0.53628 -0.834051 -0.532132 0.145582
73.4477 -0.997625 36.6629 -0.0994485 0 1.8 -0.24082 0.249873 0.937854
91.2564 -3.32025 23.9456 -0.17722 0 -0.8 0.603354 -0.0175601 0.79728
61.9875 3.49906 -11.5876 0.211019 0 -1.34853 -0.022155 0.737301 0.675201
71.8376 -10.5521 -2.56663 -0.238951 0 0.286298 0.722315 -0.245174 0.646646
50.2539 12.294 -2.57687 0.288653 0 -4.5 -0.0750838 0.983113 -0.166888
55.2376 -4.77006 -0.562563 -1.22011 0 1.9 -0.909772 0.373265 0.181626
55.6726 1.57825 30.9584 -1.28564 0 0.446424 0.306571 0.392192 0.867294
90.064 -7.1615 8.08625 -0.365629 0 2.8 0.324924 -0.86797 -0.37557
71.8241 1.21969 13.0475 -0.565835 0 2.8 0.223549 -0.355572 0.907521
76.4483 -1.96662 23.5085 -0.912582 0 -1.6 0.376054 -0.331227 -0.865374
53.5066 -11.0854 37.1447 0.00901851 0 -3.2 0.14074 0.797391 -0.586821
52.5677 7.5315 -5.548 -0.815442 -0.0195524 -2.91549 -0.382345 -0.400858 0.832542
69.5896 -2.2005 11.9264 -0.961261 0 -0.8 0.817555 -0.0554535 0.573175
66.5952 7.63263 24.6115 0.754939 0.923878 -0.4 0.160635 -0.230763 -0.959659
66.7981 22.5424 7.66631 0.504747 0 0.574377 -0.124839 0.401123 0.907478
69.1413 14.1291 17.0241 0.202657 0 -4.5 0.0328744 -0.2093 0.977299
43.5256 6.97162 14.6459 0.136061 0 -4.5 -0.0220476 0.974668 -0.222566
88.202 6.16362 -3.723 -0.24044 0 -1.81631 0.968156 0.00280711 0.250334
88.1691 -3.04962 24.0695 -0.0390803 0 -0.8 0.0381795 0.519195 0.853802
74.0034 -13.2254 29.8764 -0.262897 0 -3.5 -0.159223 -0.983527 -0.0855754
79.6019 8.84737 -0.428625 0.598889 0 -3.2 0.222637 0.555614 -0.801078
42.1512 2.71175 10.2156 0.365399 0 -1.6 -0.436925 0.535049 -0.723063
86.6276 -13.7832 -0.60875 -2.18001 -0.0157948 -3.5 -0.190373 -0.977629 -0.0894469
74.6967 -11.1515 -13.3175 0.609046 0 -3.5 -0.146068 -0.210817 -0.966551
58.5177 -20.3853 31.6437 -0.959044 -0.0807819 3.30394 -0.817224 -0.569585 0.0878551
70.4216 -24.2131 37.0931 -0.161036 0 -3.08328 0.918426 0.347686 0.188702
60.3757 4.58638 33.9678 -0.0742275 0 -3.2 0.161017 -0.927468 -0.337457
63.803 -28.776 39.8989 -0.150967 0 -4.5 -0.294266 -0.920022 0.25878
74.2255 -5.10844 -15.8731 0.276169 0 -0.7 0.364125 0.290948 -0.884738
80.4724 -0.883187 32.3988 -0.179587 0 -0.7 0.477931 -0.278924 0.832937
72.7561 -13.7636 -6.99438 0.197756 -0.0857402 1.05161 0.0944634 -0.896171 -0.433538
86.763 -11.7791 4.74875 -0.388013 0 -3.5 0.558492 -0.616145 0.555385
59.5052 -9.31325 43.4863 -0.215127 0 -0.9 0.437056 0.886306 0.153114
96.289 -3.55925 17.843 0.323599 0 -4.5 0.620256 -0.0675882 0.781482
64.8822 0.644313 17.3902 -0.886656 0 -1.3 0.821284 0.018195 0.570229
87.8722 -12.5607 3.60556 -0.342417 0 -3.5 0.286474 -0.67676 0.678181
70.952 -14.6947 28.7409 -0.389765 0 -0.7 0.854182 -0.224168 0.469171
91.6966 6.28288 17.302 0.351976 0 -4.5 0.686717 0.693402 0.218206
81.5198 -9.432 13.32 0.578656 0 -4.5 -0.782371 -0.567315 0.257
70.2036 -18.1169 31.6427 -0.272377 0 -0.7 0.99867 -0.0294486 -0.0423292
74.828 17.173 21.3908 0.0646138 0 -1.6 -0.946461 0.321936 0.0238428
76.0734 -4.01331 23.7016 -0.88768 0 -3.5 0.628171 0.361811 -0.688835
70.7561 2.20762 37.6169 0.355927 0 -3.9 0.978796 0.0221989 0.203633
71.4139 -21.2519 34.6317 -0.453663 0 -3.5 0.795531 0.254021 0.550095
44.3426 5.31706 22.8546 0.217349 0 1.8 -0.949833 0.0992258 0.296601
64.3469 13.0124 14.8044 -0.327734 0 -4.5 -0.837378 0.268207 -0.476302
86.9873 8.09025 27.1637 -0.704322 0 -3.9 0.312657 -0.696042 0.646352
52.4458 3.38488 7.18363 -0.830905 -0.0178126 -3.5 -0.801776 0.324921 -0.501579
87.255 12.4706 29.2595 1.25439 0 -3.9 -0.128825 0.357841 0.924854
43.3485 1.193 23.69 0.15535 0.262374 -1.08485 -0.867593 0.265884 -0.420225
65.7643 -20.3995 30.1528 0.870018 -0.434741 -0.7 0.820938 -0.466478 -0.32933
53.1622 -14.9442 32.8302 -0.618684 0 2.48807 -0.131608 0.162165 -0.977948
61.2178 0.835312 35.8402 -0.502551 0 3.8 -0.838597 -0.265796 0.475508
52.2994 2.68381 -6.51225 -0.872173 -0.589677 1.8 -0.707009 0.0486924 0.705526
63.8625 6.7285 21.323 -0.237355 0 3.8 0.959215 0.0468276 -0.278772
75.0967 -6.83031 38.4411 0.204014 0 3.8 0.689213 0.107651 0.716517
39.2561 -3.32325 11.2835 0.3099 0.419599 -3.5 -0.483929 -0.650421 0.585462
48.169 -7.53584 37.4967 -1.16971 0 -3.2 -0.0266035 0.821505 -0.56958
52.2929 -21.1677 36.632 -0.802998 0 2.83849 -0.739164 0.255119 -0.623339
61.3033 -27.1687 39.8958 0.415736 0 -4.5 -0.68932 -0.431003 -0.582301
59.9582 6.42425 7.341 -0.194125 0.0925362 -0.8935 -0.789866 -0.0455895 0.611582
92.9972 5.57669 15.43 0.382976 0.00672183 -4.5 0.663796 0.73999 0.108577
64.4199 -22.0569 27.5385 0.971211 0 -3.5 0.914014 -0.00639626 -0.405633
53.9717 5.31006 6.10213 0.172737 0 1.75745 -0.4578 0.885978 -0.0739018
83.7231 -13.3179 6.94619 -0.357831 0 -3.5 -0.255045 -0.943616 0.211047
83.4391 -8.39506 -7.01062 0.131613 0 -1.90314 0.975351 -0.0660017 0.210557
46.0137 20.9107 16.7017 -2.00217 -0.53991 -3.5 -0.455197 0.680208 -0.574555
60.4678 12.8499 22.5245 -0.321224 0 2.5 0.842347 0.537935 -0.032817
89.7669 -2.33838 -9.618 -0.414538 0 -3.2 0.839132 -0.479444 0.256887
76.2855 0.1865 35.6654 0.32542 0.287644 1.8 0.725426 0.541384 0.425042
59.9154 11.7194 5.94931 -0.27347 0 -4.5 -0.8009 0.403856 0.442109
78.4771 21.3353 15.6602 -0.45843 -0.430864 -3.5 -0.509512 0.740801 -0.437734
84.0956 16.328 -1.86388 0.593092 0 -4.5 0.689723 -0.472421 -0.548726
76.5779 -8.41525 37.7158 -0.23704 -0.0410883 -0.479054 0.00101352 0.332175 0.943217
81.7991 25.1187 9.81013 0.165087 0 -1.6 -0.907835 0.264014 0.325781
45.6936 4.45444 27.3598 -0.685821 0 -1.3 -0.836171 -0.502814 0.219078
63.0719 2.9975 -9.29912 0.322648 0 3.8 -0.932992 0.357277 -0.0433569
70.6535 -15.7494 28.1729 -0.323395 0 -0.7 0.421879 -0.852274 -0.309267
60.2819 -8.32987 17.3113 -0.8127 -0.391977 -3.68914 0.670449 -0.635466 -0.38299
69.0719 -17.5365 29.0214 -0.43952 -0.336842 -0.7 0.121637 -0.314953 -0.94128
65.6684 -0.236188 16.2035 -0.958297 0 -1.3 0.401372 -0.44757 0.799113
46.6291 4.14525 12.6939 -0.183755 0 -3.5 0.0742818 0.995177 -0.0640764
44.0428 13.9896 35.8289 0.129691 0 -2.55178 0.0247393 0.98821 0.151096
58.887 16.0544 29.0779 -0.504869 0 1.11348 0.292181 0.805954 0.514848
56.6807 -15.2413 25.9907 -0.642105 0 -3.5 -0.430105 -0.815399 -0.387471
80.5586 20.8574 18.7579 0.125775 0 -3.5 -0.270241 0.422446 0.865164
65.6937 -1.55406 21.9347 -1.11458 0 -0.7 0.636592 0.211235 -0.741708
89.1395 3.3705 2.547 0.380409 0 1.73905 0.336222 0.880468 -0.334263
45.8885 -14.23 34.3573 -0.37558 0 4.2 -0.037665 0.487791 -0.872147
48.3285 9.74012 41.3959 0.174009 0 -3.5 -0.23503 0.018831 0.971806
84.0519 -0.191813 23.6928 -2.00751 0 -3.2 -0.496695 -0.229544 0.837021
61.0688 -4.545 15.4098 -1.15512 0 -0.4 0.842273 -0.472457 -0.259538
57.3771 -27.1796 42.9268 0.0107052 -0.17977 -4.2679 -0.542541 -0.523747 0.656764
45.2881 -22.2927 42.4514 -0.383122 0 -3.25254 -0.259049 -0.698222 0.667367
77.0924 21.8598 7.88244 0.475959 0 -2.55181 -0.32307 0.481465 0.81475
55.9494 7.99519 42.785 -0.826262 0 -3.5 -0.375026 -0.0628742 0.92488
65.1133 -1.84425 15.2129 -0.574581 0 -1.04943 0.145121 -0.508667 0.848645
53.2257 -8.543 34.4229 -0.317865 0 -4.5 -0.319118 -0.590025 0.741643
74.6651 6.68 23.7751 0.253213 -0.729901 -1.50117 -0.901717 0.418642 0.107912
71.6373 -13.1963 -2.75834 -0.18572 0 1.8 0.252807 -0.462203 0.849975
66.4832 -8.68194 6.61912 -0.395527 0 -2.46184 -0.0517042 -0.961412 -0.270211
67.9695 15.8384 11.5752 0.761932 0 -4.5 -0.163226 0.516097 0.840834
50.4058 14.434 31.4207 0.331127 0.640506 -0.7 -0.591386 0.682205 -0.429954
57.4101 11.6299 37.8853 0.445734 0 -3.9 0.199659 -0.798117 -0.568459
57.4065 3.714 0.3125 -0.401397 0 4.2 -0.953476 -0.0772233 0.291409
50.1081 -5.48462 13.3947 -0.068052 0 2.29651 -0.238013 -0.311012 0.92012
68.2466 1.49806 20.773 -0.340222 0 2.8 -0.104563 -0.000947355 -0.994518
71.1683 -5.35044 11.7086 -0.0909884 0 -3.9 0.447176 0.892412 -0.0602866
52.8689 -10.6538 32.9479 -0.0988726 0 -4.5 -0.995283 0.094077 0.0237081
47.7549 9.6075 13.2844 -1.33774 -0.0349878 -3.5 -0.288354 0.420168 -0.860413
69.306 -9.577 42.842 0.0815348 0 3.8 0.600662 0.378944 0.703993
83.8948 16.9314 15.672 -0.647069 0 -3.5 0.652629 0.459229 0.602648
76.8351 3.85337 -11.4983 0.203664 0 -1.3 0.858546 0.136855 -0.494136
68.3182 2.30481 -13.4573 -0.176095 -0.464924 -0.7 -0.00189041 0.533624 -0.845719
65.828 -1.92 38.254 -1.17042 -0 -3.9 -0.394262 0.493133 0.775485
81.8931 -6.73238 2.26863 0.158376 0 3.8 -0.126272 -0.362522 0.923381
89.8093 10.7852 27.0123 0.362343 0 -3.9 0.998649 -0.0515856 -0.00628858
78.1793 -9.556 2.18138 -0.338443 0 3.55519 0.0108029 -0.878493 0.477633
76.3604 -14.4373 -3.83387 0.353062 0 0.634947 0.0605111 -0.908732 -0.41297
80.8483 -8.54169 13.4128 0.210233 0.0928565 -2.83379 -0.717217 -0.523732 0.459679
53.5293 -26.728 39.757 -0.0279527 0.0251708 -3.5 -0.439136 -0.830344 -0.343057
78.4618 -3.45694 -14.9333 0.299482 0 -3.9 0.0534033 -0.0471312 -0.99746
55.0588 -6.57869 39.4299 -0.30385 0 -0.7 -0.978553 0.197872 0.0572708
69.2041 2.32687 15.9662 -1.14588 -0.447246 -1.3 0.390482 -0.387179 0.835234
52.3471 -11.8221 34.2653 -0.276278 0 -0.7 -0.641913 0.766311 0.0267312
74.2359 9.24894 -9.758 -0.374375 0 -2.724 0.888693 0.254299 0.381519
69.4839 -2.69513 8.18675 -0.363566 0 2.8 0.65219 -0.743411 0.148286
62.5021 -12.8546 -1.65072 0.887851 0 -3.9 -0.224023 -0.973988 -0.0340758
65.9306 9.22437 32.388 -0.590456 -0.494565 -3.41662 0.665621 0.594829 0.450697
65.4961 10.419 8.16512 -0.80532 0 4.5 -0.75369 0.404993 0.517622
78.7269 3.80625 32.3875 -0.419415 0.137978 -0.7 0.340886 0.508873 0.790471
75.6419 0.678875 13.782 -0.280044 0 -4.5 -0.444804 -0.013599 0.895525
49.8241 7.53387 8.48075 -0.610382 0 -3.5 0.246867 0.307772 -0.918876
57.1646 -15.9875 27.0234 -0.503864 0 -1.32591 -0.811612 -0.556015 -0.179254
72.3292 -13.8426 -8.87075 -1.03966 0 -3.5 0.224349 -0.899937 0.373872
60.774 14.675 6.1485 -0.640703 0 -3.5 -0.407683 -0.000618151 0.913123
67.3214 -1.78856 23.1811 -0.616171 0 -0.7 0.114443 -0.0385194 -0.992683
70.5088 -9.31575 -14.1336 -0.173458 0 1.1459 -0.464548 -0.376377 -0.801583
71.6188 -3.44425 22.655 -0.353223 0 1.8 0.021682 -0.438584 -0.898428
49.2313 -2.27562 35.1625 -2.00662 -0.348133 -3.5 -0.860245 0.119514 0.495677
44.8923 -18.1733 35.3376 -1.11708 0 -1.61618 -0.757617 0.149175 -0.635424
74.2036 -9.3665 -1.52937 1.10017 0 4.5 -0.48111 -0.795783 0.36778
60.3732 -28.508 43.9632 -0.246572 0 -4.5 0.0290336 -0.655974 0.754225
56.3305 -8.21125 25.5315 -0.310309 0 4.2 -0.949411 -0.0648931 -0.307259
60.604 -2.19075 -14.4928 -0.489112 0 -4.5 -0.217293 0.450533 -0.865912
57.5428 -3.4895 -1.327 -1.66497 0 1.9 0.260081 0.804305 0.534277
72.8317 5.99862 25.3499 -0.445835 -0.584125 -1.26554 -0.0110239 0.461463 -0.887091
63.3333 9.69878 35.3646 -0.5532 0 -3.2 0.137649 0.435194 0.889752
67.883 -16.1252 46.6551 0.618021 0 -4.5 0.00720021 -0.644215 0.76481
60.7145 11.603 22.0695 -0.704319 0 2.5 0.860157 -0.0308446 -0.509096
58.1797 1.61619 3.10812 0.735343 0 -0.8 -0.269934 0.118816 -0.95552
46.1216 6.63606 31.3897 -0.482287 0 -3.5 0.114527 -0.887728 0.445895
95.1114 -2.908 19.2866 -0.478518 0 -3.5 0.994705 0.00635989 0.102576
70.9305 -6.949 9.053 -0.644006 0 -3.9 0.809148 0.101763 -0.578726
55.8855 19.7695 26.4265 -0.146124 0.0682661 -3.5469 -0.0473089 0.575018 0.816772
55.5373 -4.16913 21.9503 -0.346446 0 -2.91277 -0.0935869 -0.988145 -0.121701
65.215 4.92063 -10.9296 1.03899 0 -0.4 -0.399573 0.891016 -0.215481
69.0619 4.71319 -12.8834 -0.208474 0 4.2 -0.347393 -0.0349036 -0.93707
70.386 -16.688 -11.5288 0.503682 0 1.9 0.678575 -0.588488 0.439566
68.4064 -12.878 47.4118 0.274793 0 -4.5 -0.233297 0.0211449 0.972176
70.5915 -6.37962 5.38381 -0.878242 0 -0.9 0.59807 -0.117993 0.79271
77.7598 -4.88306 8.85581 -0.110716 0 -0.916374 -0.783342 -0.354465 0.510617
94.0117 -0.904375 21.0123 -0.714491 0 -3.5 0.747696 0.530465 0.399447
44.5598 -3.69619 11.3644 0.194774 0.944117 -3.5 -0.0873355 -0.811157 0.57827
58.1854 -9.50144 9.15025 0.25733 0.447628 -4.5 -0.540057 -0.709553 0.452628
47.7054 -19.7011 34.1541 -1.14065 -0.0387198 -3.5 0.294463 0.447616 -0.844353
52.7555 -0.6695 -9.44287 0.751696 0 0.532746 -0.430797 -0.746197 0.507546
54.928 4.5875 2.284 -1.19563 0 -3.5 0.326555 0.727151 -0.603832
71.5403 9.46075 -11.923 0.270598 0.0121522 3.81112 0.0606708 0.211413 -0.975512
67.602 -6.99675 -3.32375 -0.270077 0 -1.3 -0.541082 -0.834586 -0.103429
58.9744 11.7251 41.4801 0.62338 0 -3.9 0.441729 -0.315701 0.839767
72.5331 -5.31294 4.87419 -0.325079 0 -2.38363 -0.0848894 -0.29532 0.95162
68.5071 -9.51894 3.64106 -0.585665 0 -3.5 -0.334052 -0.731015 0.595001
56.0122 -7.53419 15.3726 -0.152639 0 -3.9 -0.449132 -0.743101 -0.496067
62.7079 0.258469 36.7208 -0.393348 0 3.8 -0.0632408 0.512326 0.856459
43.1586 6.44925 18.4841 0.223038 0 3.8 -0.917142 0.388541 -0.0888017
63.0965 16.2052 20.061 -1.6981 -0.766855 -3.5 0.93755 0.272985 0.215589
68.4216 -2.75206 39.1366 0.451423 0 -2.23803 0.145316 0.231605 0.961895
71.6522 6.00012 24.9338 -1.08959 -0.781968 -0.4 0.462199 0.104063 -0.880649
81.1267 -6.80088 35.3499 -0.169513 0 -1.6 0.554139 0.491514 -0.671821
91.7436 -5.72538 21.8701 -0.280636 -0.69154 -1.5769 0.472163 -0.865248 0.168547
76.5534 -9.22825 3.51487 0.0370623 0.230148 -0.619359 0.302834 -0.930694 0.205181
60.4909 11.871 -8.353 -0.422998 0 -3.5 0.141016 -0.457262 -0.878081
81.2073 14.3989 29.5103 -1.24597 -0.303367 -3.5 -0.828486 0.266938 0.492295
58.2925 16.1575 21.234 -0.72582 0 -3.5 -0.046723 0.424166 0.904378
47.5442 5.3335 11.0723 -0.428431 0 -3.5 -0.504738 0.476639 0.719761
75.3281 -10.0166 24.5707 -0.918534 0 -3.5 0.0783068 -0.980886 -0.178133
77.1468 18.8876 0.946375 1.23841 0 -1.491 0.188521 0.797564 -0.57302
71.8976 22.6204 6.34881 0.117164 0 -4.5 -0.0598863 0.726551 0.684498
82.8288 -3.49513 18.9184 -0.540593 0 -0.8 -0.869115 -0.409268 -0.277739
70.5565 -8.5685 8.20212 -1.61178 -0.24924 -3.9 0.743875 -0.51262 -0.428802
73.4445 17.3892 16.2537 -6.64046e-05 0 -1.6 -0.649422 0.314161 0.692498
82.086 -13.5055 -7.24725 3.36077 0.111961 -3.9 0.781585 -0.623486 -0.0197697
43.7251 14.0144 31.005 -0.380252 -0.300076 -3.58148 -0.52031 0.803047 0.290506
57.297 16.5043 31.2399 -0.262848 -0.303096 -0.8 0.0965519 0.932041 -0.349253
70.6673 0.78125 37.4876 0.0238166 0 -3.9 0.924869 -0.113894 0.362831
59.2746 14.5055 21.2925 -0.639752 0 -3.5 -0.13991 0.279709 0.949836
59.4062 13.1839 -5.02781 -0.295452 0 -3.5 -0.416132 0.700537 0.579726
81.3857 24.5846 5.56631 -0.922741 -0.0920142 -2.12956 -0.203177 0.9299 -0.306602
74.8806 -4.36569 -15.6144 1.4203 0 -3.9 0.143685 -0.325277 -0.934639
86.0693 4.09762 -1.51575 0.33459 0 1.90537 0.682889 0.454446 0.571963
89.9178 -0.14275 -8.6565 -1.11739 0 -3.49513 0.394272 0.799562 -0.453045
71.2785 14.9587 -1.467 0.36851 0 -3.9 -0.800648 0.165011 -0.575964
58.0245 -3.39875 34.6209 -0.995589 0 -0.9 -0.0190103 0.679708 0.733236
54.5583 -16.6413 31.6737 -0.150609 0 4.2 -0.0880189 0.642132 -0.761524
84.3405 23.429 5.46125 -0.0497248 0 -3.5 0.0637398 0.648237 -0.758766
45.6707 10.8805 15.939 -0.531309 0 -4.5 -0.625912 -0.681994 -0.378309
57.3636 17.7291 34.4504 -0.101489 0 -0.8 0.0943935 0.994762 -0.0392204
52.0503 -5.00975 15.3553 -1.31968 -0.207462 -1.6 -0.84814 -0.330694 0.413883
78.0612 -16.2253 -0.92975 1.52896 0.142695 -3.9 -0.784168 -0.617894 0.0573336
49.287 -15.729 34.3445 -0.527433 0 4.2 -0.0129622 -0.535706 -0.844305
56.2764 -3.766 -5.40788 -0.38502 0 1.44742 -0.855716 -0.0487054 -0.515149
64.6935 24.1855 5.27025 -0.122075 0 1.8 0.00986996 0.951498 -0.307496
93.6602 -5.35344 -0.659375 0.0755673 0 -4.5 0.854442 0.498262 0.147185
54.8994 16.4194 33.875 -0.597119 -0.230341 -0.774357 0.0554521 0.808379 -0.586045
55.29 -9.57738 42.7645 -0.162649 0 -3.2 -0.137796 0.747351 0.649984
73.8835 7.987 -13.109 -0.18403 0 -1.3 -0.448226 0.172323 -0.877154
61.4759 -23.7528 21.6541 -0.49746 0 -3.5 0.12886 -0.130312 -0.983064
46.421 -13.2621 41.0686 0.0627252 0 1.8 -0.876987 0.111869 0.46731
81.1842 -4.36188 -14.9621 -0.00704075 0 -1.57596 -0.343193 -0.0529113 -0.937773
49.2794 0.01425 5.27525 0.00542786 0 4.2 -0.39041 0.920617 0.00662695
59.9001 -24.2502 23.3886 -0.344713 0 -3.5 -0.943414 -0.285689 -0.168381
60.0029 -8.8435 -3.31275 2.24828 0.112705 -2.7577 -0.0193839 0.290759 -0.9566
43.2528 12.0874 18.1181 0.0864112 0 -4.5 -0.826294 -0.403184 -0.393295
48.4463 -0.346375 4.73225 -0.210616 0 4.2 -0.684627 0.728597 0.0207818
54.2725 15.8173 29.5975 -0.198563 0 -2.1233 -0.0283538 0.927536 0.372656
64.0201 11.3597 -2.69812 -1.50057 0 -1.6 0.794928 0.584217 -0.163645
60.9549 -11.6629 -0.166938 0.741283 0 -2.90193 -0.482002 -0.836859 -0.259502
76.93 -3.49662 14.2024 0.180917 0 -4.5 -0.691381 -0.439616 0.57335
76.7581 13.776 24.4512 0.0974192 0.167902 -1.22327 -0.497333 0.118238 0.859465
66.0694 2.83125 16.919 -0.410179 0 -1.3 0.0771535 0.293149 0.952949
55.6017 -8.85325 38.113 -0.228072 0 -0.7 -0.567977 0.0325393 -0.822401
58.2438 -10.8288 2.75644 0.156174 0 4.5 -0.621876 -0.757607 0.198246
85.0587 -6.20344 -12.8794 0.260398 0 -1.10942 0.530273 -0.721378 -0.445449
52.1129 -7.83969 7.11237 -0.146792 0 -0.7 -0.213804 -0.976745 -0.0160119
74.4467 11.6018 -7.46881 0.229704 0 -3.5 0.94877 0.0329818 -0.314242
62.7738 -28.0191 38.3766 0.616264 0 -4.5 -0.665977 -0.745206 -0.0338048
56.8707 11.0985 12.0455 -0.553114 0 -3.2 -0.406786 -0.348059 -0.844619
41.3097 7.39475 34.0516 -0.78652 0 -3.9 -0.416536 -0.900582 -0.124298
76.5983 23.4019 3.06569 0.464 0 -4.5 -0.0147423 0.895826 -0.444161
70.858 -5.00375 10.177 -0.379112 0 -3.9 0.704812 0.620582 -0.343683
64.1953 2.25463 17.4889 -0.414545 0 -1.3 0.539467 0.588961 0.601748
88.5866 -8.48078 14.5914 -0.207137 0 3.8 0.507908 -0.818151 -0.269551
43.8117 13.8628 15.9904 0.542442 0 -4.5 -0.819387 0.472388 -0.324737
84.5096 22.552 16.1351 -0.0645347 0 -3.5 0.667606 0.423036 -0.612652
40.1986 15.5887 20.9328 -1.25145 0 -3.5 0.269555 0.723342 -0.635701
79.0381 13.1381 24.1044 0.40328 -0.248829 -0.814726 0.470786 0.750183 0.464312
82.436 13.405 23.654 -0.767209 -0.818452 -3.09021 -0.274817 0.55029 0.788452
51.0631 -15.9185 41.6562 -1.00666 0 1.8 -0.605713 0.00163763 0.795682
74.1175 -5.5745 5.6695 -0.923656 0 -3.5 -0.712415 -0.132123 0.689209
67.7256 8.94413 15.2881 -1.50683 -0.718501 -3.5 -0.338663 0.104724 0.935062
55.77 -5.109 36.571 -0.266818 0 -0.7 -0.477558 0.761313 0.438567
51.1408 17.2576 17.177 -0.901108 -0.358382 -3.5 0.0401096 0.348764 -0.936352
38.1277 -2.02381 11.1597 0.0625471 0 -3.5 -0.865362 -0.28644 0.411219
62.928 -10.648 -3.96256 1.74976 0 -3.9 0.257171 0.0477151 -0.965187
84.9703 1.09 -5.87862 -0.0962387 0 3.77598 -0.102489 0.859272 -0.501147
59.4963 12.2861 32.1231 0.144672 0 -3.5 0.669736 0.584535 0.45801
55.2195 9.77588 -8.91263 0.523063 0.0443627 -1.65896 0.69446 0.141126 -0.705555
60.9652 9.86738 35.1161 0.112469 0 -3.2 -0.179257 0.575436 0.79796
54.9651 11.0758 15.7029 -0.379531 0 -1.3 -0.59824 0.799913 0.0474255
85.6304 4.59831 0.962 0.515568 0 0.0228735 0.651334 0.646737 -0.396856
75.8746 -10.569 -13.8635 -0.526367 0 -3.27568 -0.594593 -0.372867 -0.712341
92.8327 -10.1476 -0.9485 0.562318 0 -4.5 0.622374 -0.777203 -0.092765
63.862 -9.48825 -7.7425 -0.338142 0 -1.3 -0.47205 -0.332754 0.81636
51.1809 -7.86419 8.34019 -0.339279 -0.162327 -0.7 -0.243705 -0.857853 -0.452433
80.9301 -13.5281 -4.26469 -0.254124 0 -0.9 0.0357842 -0.944851 -0.325539
90.0601 -1.02894 -10.2141 -0.47044 0 -3.2 0.974847 0.221425 -0.0253921
83.7205 14.4835 24.001 -1.01956 0 -3.5 0.151741 0.766802 0.62369
41.0342 11.2098 30.5145 -0.769837 0 -3.5 -0.707275 0.15835 0.688975
89.2234 -4.13025 -10.2162 0.471466 0.0425798 -3.2 0.543067 -0.661127 0.517677
90.1348 0.779375 -6.86287 -0.488527 0 -3.5 0.36945 0.704998 -0.605379
94.4328 -2.65531 22.3414 -0.295936 0 -3.5 0.619052 0.157371 0.769421
51.5807 8.38463 -5.6845 -0.28609 -0.116482 -3.05227 -0.847854 -0.481112 0.222876
85.0476 3.206 24.98 -0.626047 0 -3.5 0.180538 -0.666722 0.72311
42.9366 6.57062 12.8003 -0.0465609 0 -4.5 0.232529 0.9266 -0.295539
59.2486 -23.923 31.9508 -1.42699 -0.309814 -3.5 -0.470619 -0.660701 -0.584801
66.278 8.444 15.524 -0.485116 0.137238 -1.53501 0.449501 -0.340692 0.825759
61.3503 -19.8331 25.1469 -0.438607 -0.153912 -2.95453 -0.0370624 0.552568 -0.832643
84.4322 -5.65675 17.9163 -0.646873 0 2.14721 -0.852789 -0.519517 -0.0534218
82.3869 -11.1759 5.57181 -0.0793788 0 -3.5 -0.943863 0.181466 0.276031
42.4491 -4.65387 10.8919 -0.0803485 -0.656763 -1.56807 -0.206068 -0.250302 0.945984
72.3728 -1.802 9.01313 -0.267655 0 2.8 -0.0966556 -0.995119 0.019892
63.2756 -9.14675 23.8235 1.04037 0 -0.135144 -0.108829 -0.559662 -0.821544
65.2832 14.8482 14.058 -0.353696 0 -4.5 -0.674305 0.639315 -0.369581
75.4153 23.8589 5.56238 0.41293 0 -4.5 -0.01159 0.995905 0.0896609
69.2862 -7.48112 13.0666 0.180049 0 -3.9 -0.617337 -0.360239 0.699373
83.0563 -0.224562 -13.2273 -0.048768 0 1.8 -0.186348 0.382319 -0.905045
71.2412 -7.15231 -15.7366 0.216845 0.56164 -0.7 -0.42354 0.0140009 -0.905769
60.614 15.7815 29.8205 -0.276509 0 2.8 0.129878 0.85233 0.506621
67.8952 11.3644 -1.52488 0.143797 0 0.750215 -0.443243 0.658295 -0.608427
54.4613 -2.85725 28.7118 -0.277867 0 1.9 -0.185273 -0.0456504 -0.981626
49.1162 6.42456 12.3681 -0.398855 0 -3.5 -0.851475 0.0637371 0.520507
86.2244 19.3919 5.3815 -0.101311 0 -3.5 0.403235 -0.827661 -0.390356
51.9668 18.1038 22.3456 0.372176 0 -3.9 -0.561856 0.151743 0.813199
38.4417 12.8425 22.5347 -1.34893 0 -3.5 -0.777109 -0.434447 0.455366
62.8646 6.07088 18.2376 -0.239691 0 3.8 0.865757 -0.500449 -0.00406766
58.6076 -10.3351 23.9957 -0.719631 -0.10704 3.8 -0.63603 0.108784 -0.763958
60.2347 -14.7295 46.2397 -9.15077 0 -0.9 -0.471648 0.380599 0.79542
68.1902 7.15063 -2.38138 0.541523 0 0.160245 -0.540681 0.679179 -0.496367
82.5176 7.012 28.0063 -0.220283 -0.253116 -3.83351 0.366025 0.122919 0.922452
52.8864 -1.75394 -10.2128 -0.119067 -0.141223 -0.8 -0.239752 -0.591157 0.770099
53.7836 -10.0906 33.9137 -0.167875 0 -4.5 -0.554536 -0.0232972 0.831834
59.9735 9.97094 18.1694 -1.12426 -0.0782526 -1.42608 0.737326 0.334669 0.586811
60.8424 -10.9065 45.1144 -0.290302 0 -0.9 0.748553 0.403959 0.525818
62.131 19.6842 5.60913 -0.214698 0 1.8 -0.752052 0.638014 0.165397
44.0529 14.1664 26.965 0.161267 0 -3.9 -0.574123 0.694395 -0.433818
47.4919 9.58037 12.2701 -0.733198 -0.0147099 -3.5 -0.667073 0.331408 0.66722
60.1676 -19.2713 25.7974 0.0413437 -0.00389816 -3.5 -0.169966 0.403932 -0.898861
53.4462 8.04956 41.3425 -0.107807 0 -3.5 -0.414763 -0.403949 0.815351
52.3314 -16.469 30.8057 -0.378496 0 4.2 0.0317749 0.591769 -0.805481
69.5823 -3.03306 6.84412 -0.429416 0 2.29632 0.634098 -0.632309 0.445091
49.462 -23.596 38.9755 -0.413981 0 -1.6 -0.484805 -0.768688 0.417231
74.1062 -14.4607 -9.18375 -0.748007 -0.0230963 -3.5 -0.440728 -0.791418 0.423575
77.336 18.7663 20.8967 -0.160721 -0.155551 -1.6 0.076905 0.83546 0.544143
51.7021 -1.67575 -12.5761 0.451683 0.0905636 -0.8 -0.928162 -0.163541 -0.334319
67.3416 -2.18275 14.3736 -0.741927 -0.748849 -0.921827 0.597896 -0.235374 0.766237
59.9284 -25.373 39.1502 0.494245 0 -3.61026 -0.331023 -0.779284 -0.532109
46.6539 6.562 8.41319 -1.39764 -0.0704434 -3.5 -0.644438 0.0609988 -0.76222
72.404 -5.30837 -15.962 -0.0769596 0 -0.7 -0.166456 0.216418 -0.962006
54.0508 -0.212437 27.0016 -1.47039 0 4.2 0.0143424 -0.997238 -0.0728732
60.9369 11.2229 11.9948 -0.239711 0 -3.2 0.658863 -0.0322453 -0.751571
39.807 0.325 26.94 2.17539 0 -3.9 -0.865147 -0.228773 0.446299
47.9608 4.1405 38.992 -0.571579 -0.303613 -4.05161 -0.319491 -0.779221 0.539202
68.5934 -8.20125 -13.0929 -0.257862 0 1.08996 -0.22704 -0.0332259 -0.973319
60.6527 -10.7281 -1.74775 3.32184 0 -3.9 -0.647196 -0.749177 0.140961
44.6263 -1.76163 25.7841 0.0402162 0 -3.9 0.330709 -0.940323 -0.0801451
59.134 5.3155 -7.58 0.0673126 0 -0.8 -0.00210971 0.312868 -0.949794
53.6631 1.52137 32.2855 -1.27695 0.11075 -3.73033 0.710027 0.505847 0.489877
74.0355 -8.21212 5.23112 -0.132195 0 -3.5 -0.611418 -0.585599 0.532206
76.6211 -0.33525 34.6927 -0.0318749 0 1.8 0.887138 0.388959 0.248388
87.8942 5.1795 3.74537 0.514561 0 -1.19618 0.459892 0.381132 -0.802021
52.2972 -7.90063 6.10975 -0.0429387 0 -0.7 -0.159545 -0.97598 0.148355
81.5249 21.8744 19.161 -0.131223 0 -3.5 -0.695365 0.383492 0.607784
75.4097 18.4353 21.3336 -0.0188834 0 -1.6 -0.709208 0.701316 0.0719738
87.8249 15.3836 19.6789 -1.0054 -0.155486 -3.5 0.720748 0.61142 0.326631
78.5579 -10.4371 35.3696 -0.133757 0 -1.6 -0.126789 0.144707 -0.981318
57.9269 13.3239 15.3364 -0.279073 0.0448589 -3.2591 -0.0995649 0.978643 -0.179848
83.8962 4.02981 -5.71012 -0.201719 0 -1.3 0.353566 -0.520866 -0.776975
66.6979 -12.4983 -6.84888 -0.830352 0 -3.5 -0.816286 0.0460169 0.575812
49.3972 13.8072 24.8923 -0.186263 0 4.5 0.09995 0.609379 0.786554
82.874 16.4603 28.2685 -1.66154 -0.75017 -3.5 0.292312 0.956319 -0.00271275
70.4466 -17.2476 32.8727 -0.0418984 0 -2.62965 0.858265 -0.203314 -0.471216
39.7609 9.31287 27.1649 -0.109361 0 -3.5 -0.897625 -0.401777 0.181234
46.169 -3.9255 17.3685 -0.187923 0 2.5 -0.585804 -0.788746 0.186316
55.8672 -7.10456 14.3346 -0.58221 -0.0230311 -2.58524 -0.0988512 -0.990572 -0.0948423
87.1275 -8.78288 17.437 -0.151022 0 3.8 0.144813 -0.852352 0.502519
55.5402 -20.0493 33.1566 -0.396163 -0.103909 4.2 0.486524 -0.779327 -0.394897
70.4088 -5.53925 39.1129 -0.107785 -0.335568 -0.0231088 0.161513 0.549738 0.819574
62.8046 10.854 16.7716 -0.590522 0 -2.46197 0.386837 0.369517 0.844876
79.1549 -7.84931 39.9477 1.25794 0.245115 -3.57629 -0.721369 0.32566 0.611205
80.9473 21.9253 11.8827 0.233079 0.242655 -0.48903 -0.50267 0.820487 0.272257
58.8454 9.13138 40.9473 -1.29726 0 -3.5 0.950448 0.0914455 -0.297129
49.9365 11.865 16.7275 -1.82136 -0.433552 -3.5 0.997391 -0.0233027 0.068328
65.5106 20.8113 2.77731 -0.764492 -0.442927 -0.719975 -0.668072 0.370307 -0.645409
78.3027 -0.481875 -13.3799 0.106752 0 -3.9 0.484209 0.834205 -0.263902
84.2795 -8.6755 -5.24475 0.0262745 -0.195574 -3.65865 0.498422 0.145492 -0.854639
61.4269 -1.13637 36.9075 -1.00517 0 -0.147923 -0.56086 0.663559 0.4951
63.6834 -16.7268 45.5535 -1.14637 0 -0.9 0.467547 -0.269629 0.841843
91.6557 -1.89231 3.19 -0.910705 -0.0704805 -0.293246 0.946778 0.24814 -0.20503
67.7839 -12.6001 -10.9904 0.507544 0.236213 1.85447 -0.986395 -0.070772 -0.148379
64.9169 -14.5259 46.0221 -0.0951242 0 -4.5 -0.255311 0.238286 0.937036
91.5529 -11.2773 -1.81163 0.80266 0 -4.5 0.407686 -0.900793 -0.149543
64.3028 9.72475 17.1499 -0.409451 0 -0.8 0.576185 0.452357 0.680723
41.2533 14.8995 23.4482 -0.518176 0 -3.5 0.275043 0.772757 0.572011
80.8071 -0.18725 20.8615 -1.8405 -0.139088 -3.5 -0.526151 -0.667686 0.52665
73.2714 4.45075 22.0788 -0.0862399 0 -1.72231 -0.780597 0.569706 0.257108
46.0537 -1.30862 25.5057 0.459073 0.282039 -3.9 0.197125 -0.976106 0.0914258
69.4074 -16.4272 42.8038 -0.0741123 0 -2.6833 0.644873 -0.483529 0.591894
45.691 -23.1532 36.4006 -0.798223 0 -3.2 0.389197 -0.63508 -0.667232
77.6732 8.76 28.6125 -0.139744 0 -0.887204 -0.446226 0.818349 0.362199
80.5307 14.308 22.9585 -0.0579798 0 -0.9 0.0683929 0.448013 0.891407
89.052 2.8965 0.995625 0.724725 0 -0.605454 -0.0682767 0.992958 -0.0968144
47.6546 11.1865 39.5549 0.276536 0 -3.02468 -0.493281 0.720332 0.487643
50.9115 10.004 -5.50275 0.391106 0 -4.5 -0.886503 -0.369491 -0.278549
58.8895 -3.312 -1.92869 -2.21136 0 -2.51383 -0.159653 0.495616 0.853742
85.2318 17.3394 14.9235 -1.22313 0 -3.5 0.254523 0.405542 0.877926
74.1773 12.5363 -6.04612 0.14728 0 -2.45646 0.289032 0.868342 -0.403042
69.9721 -8.19013 4.77375 -0.458717 -0.18044 -1.47129 0.468275 -0.477496 0.743449
45.7892 3.09294 27.2259 -0.0243867 0 -2.53933 -0.736915 0.342654 0.582705
59.8404 -8.76131 18.934 -0.124989 0 -3.9 0.311554 -0.766677 0.561374
68.2645 2.7675 21.6322 -0.456284 0 2.8 -0.143901 0.77708 -0.612731
75.274 0.272938 20.7082 -1.43694 0 -3.5 0.62752 -0.778212 -0.0246139
52.7724 4.7085 7.3555 -0.354396 0 4.5 -0.722509 0.397575 -0.565611
38.908 12.184 35.2355 0.159314 0 -3.9 -0.893065 -0.0654934 -0.445136
79.0882 21.5335 11.7727 -0.409121 0 -0.9 -0.429946 0.815308 0.387839
68.5965 -1.55375 39.2018 0.216895 0 -3.9 0.0475959 -0.133176 0.989949
71.2462 -14.602 -6.74725 0.0459692 0 -2.53128 0.51365 -0.847808 -0.131853
63.1337 -6.82163 -7.62544 -0.211765 0 -1.3 -0.433755 -0.769486 0.468772
57.0234 -2.07137 1.25944 -0.675724 0 -1.6 0.26408 -0.131252 -0.955528
43.0466 -4.23987 6.3175 -0.264165 0 -0.8 -0.0936892 0.0692947 -0.993187
50.4251 -19.1353 43.9447 -0.849771 -0.341373 -0.8 -0.0349386 0.674725 0.737242
39.4666 -4.265 8.82325 -0.132611 0 -3.5 -0.40401 -0.885957 -0.22772
88.408 4.71869 26.2333 -0.183488 0 -3.5 0.624113 -0.376665 0.684549
85.6955 -1.58837 -14.7124 -1.50266 -0.00193506 1.8 0.0833274 0.505055 -0.859055
75.1834 14.4201 -3.815 1.22702 0 -0.846194 0.449881 0.375597 -0.810268
68.2265 -22.2943 43.0556 -2.14151 -0.792196 -3.5 0.00713649 0.481114 0.876629
64.2826 -8.27831 22.5626 1.00494 0 -3.68978 0.27111 -0.646841 -0.712808
78.7276 11.1755 -2.096 0.685367 0 -0.983399 0.877644 -0.462223 0.12685
67.7418 10.7855 14.879 -0.383727 0.422048 -3.5 -0.391336 0.0336661 0.919632
77.2363 -7.16466 23.4513 -1.03477 0 -3.5 0.840463 0.19535 -0.50543
95.6541 -4.419 11.0353 0.278797 0 -4.5 0.0915867 -0.497796 -0.862445
39.694 -4.20756 10.3871 0.0964498 0.74541 -3.5 -0.394694 -0.86335 0.314394
83.2336 -11.4033 -5.23481 1.2082 0.419752 -0.851837 0.480562 -0.368646 -0.795714
55.3389 8.82425 42.4483 -0.800901 0 -3.5 -0.381383 0.158158 0.910787
55.3898 5.62525 8.8775 -0.322635 0.173654 4.5 0.65595 0.728415 -0.197844
90.185 -2.13669 -8.37306 -1.18882 0 -3.4774 0.458281 -0.74222 -0.488965
58.0895 17.1308 28.4331 -0.474212 0 -3.5 0.646514 0.627695 0.433611
77.068 -11.2934 28.9439 0.256946 0 -3.5 0.901233 -0.430224 0.0518269
42.3605 5.8655 17.3805 0.450625 0.844644 -4.5 -0.57566 0.645598 0.501815
79.8965 12.624 28.3184 -0.121082 0 -3.5 -0.843999 0.51349 0.154899
57.6006 11.6796 1.92813 0.0755154 0 -4.5 -0.80926 0.261814 0.525881
43.0699 3.92287 21.2825 0.0158815 0 4.5 -0.789708 0.213219 0.575238
76.0778 -10.5119 34.7079 0.190168 0 -1.6 0.804943 0.351898 -0.477739
63.9115 11.001 -4.309 -0.0875919 -0.233816 -1.6 0.809895 0.568095 0.146075
63.8686 10.9657 25.047 -0.543306 -0.431941 -1.03546 -0.0351072 0.457728 -0.888399
84.4845 10.3014 3.88481 2.82791 0 -3.9 0.742297 -0.304698 -0.596787
55.5015 -4.42588 28.9954 0.226941 0.438357 0.441519 -0.433502 -0.0174388 -0.900984
75.3012 13.594 -4.47625 0.619892 0 -0.6864 0.26462 0.632525 -0.727934
83.2825 -14.0229 0.974125 0.0722878 0 -3.9 0.523733 -0.693583 0.494617
77.6793 -1.64875 34.9318 -0.709217 0 0.733107 0.565582 0.79969 0.201526
86.5129 14.2906 27.7066 2.07217 0 -3.9 -0.00247047 0.985088 0.172031
51.8021 5.74025 39.3148 0.112186 0 -4.5 -0.0357942 -0.271686 0.96172
63.7457 -8.9205 -12.2993 -0.3122 -0.0225682 -1.3 0.0819065 -0.892301 -0.443949
60.5599 -14.6624 25.3463 -0.439162 -0.0262635 2.51202 0.081985 -0.336005 -0.938285
45.8799 16.0951 16.2555 0.174354 0.290662 -4.5 -0.728563 0.67288 0.128171
88.34 10.3954 11.2701 -0.240505 0 -0.9 0.956878 0.200707 0.210005
70.9374 -14.0226 32.8568 -0.00846572 0 -3.2 0.5292 -0.0819681 -0.844528
84.8238 15.6505 20.0432 0.11201 0 -3.5 -0.153267 0.736766 0.658548
65.1833 -5.22806 21.8341 0.0337391 0 -0.7 0.425518 -0.275055 -0.862136
85.4286 16.1386 16.7824 -0.387227 0 -3.5 0.00293447 0.940343 -0.340216
77.7472 -2.46781 15.4584 -0.1524 0.469749 -2.61406 -0.605385 -0.477654 0.636675
43.4039 -15.7259 35.7482 -0.421827 0 4.2 -0.933574 -0.148289 -0.326266
45.3595 -3.00456 15.9845 -0.0671714 0 2.5 -0.573375 -0.819215 -0.0113009
55.0967 -8.51925 17.1266 0.00422117 0.33775 -3.9 -0.960791 -0.250397 -0.119092
59.7681 -3.32769 35.9757 -0.864613 0 -0.9 -0.694549 0.702704 -0.154305
71.571 -3.237 -15.398 -0.189866 0 -1.3 0.216939 0.492635 -0.842763
84.2041 8.77275 -5.23131 -0.487213 -0.0949714 -1.12869 -0.467765 0.678112 -0.566887
62.3995 -10.6652 24.2341 0.321805 0 3.8 0.379384 -0.108706 -0.918831
68.4557 15.3662 13.6853 0.716638 0 -4.5 -0.326096 0.930996 -0.164039
62.6122 4.78113 19.0782 -0.230914 0 3.8 0.894786 -0.00301021 -0.446485
77.2359 23.34 7.1175 0.549599 0 -4.5 0.185203 0.762038 0.620481
77.8842 -11.94 33.464 -0.113429 0 -1.6 0.418808 0.673083 -0.609557
58.3275 -10.8233 18.6175 1.93117 0 -3.9 0.590272 -0.661009 0.4633
61.2427 11.3652 32.4976 0.0524899 0 -3.2 0.189861 0.946271 0.261772
45.6803 9.13587 41.066 0.0826797 0 -3.5 -0.113999 0.710551 0.694349
66.9317 23.519 6.62719 -0.143404 0 -0.8 -0.175792 0.834892 0.521587
54.0761 -24.1085 45.5176 -0.145536 0 -0.4 -0.175545 -0.710018 0.681952
88.74 -3.24525 -9.32856 0.198723 0 -3.2 0.450946 -0.746635 0.489064
41.6001 -4.06075 7.15644 -0.797687 0 -0.8 -0.405766 -0.165447 -0.898878
62.7148 5.82363 16.8999 0.0437288 0 0.903136 0.712223 -0.488883 0.503718
40.1698 1.44475 27.108 1.67453 0.25731 -3.9 -0.86388 0.223118 0.451587
53.8362 21.172 24.8711 2.18753 0 -3.9 -0.859755 0.0030995 0.510698
78.085 18.4239 -0.546562 0.698808 0 -4.5 -0.273275 0.945498 -0.177074
52.4894 -18.326 44.0136 -2.02414 0 -3.5 -0.664838 0.224813 0.712354
46.5461 18.4958 19.1791 -0.630221 -0.0288444 -3.5 -0.60085 -0.0863946 0.794679
83.2975 13.5899 2.04675 1.66777 0 -3.9 0.817783 0.568747 -0.0880841
82.1073 19.0179 -3.1485 0.789463 0 -4.5 0.422377 0.487983 -0.763852
64.4542 -29.714 37.0247 -1.11556 -0.298877 -3.5 -0.0717919 -0.936225 0.343989
52.8973 15.8106 32.554 -0.449445 -0.428746 -0.23412 0.117827 0.834177 -0.538763
49.984 -15.2686 41.0033 -0.721853 0 1.8 -0.301551 -0.574413 0.760997
66.327 4.129 15.8695 -0.400566 0 -1.3 -0.183242 0.770173 0.610947
66.6635 1.71413 21.3045 -0.46558 0 2.45979 0.014926 -0.00426333 -0.99988
88.8733 15.674 15.9205 -0.268397 0 -4.5 0.389768 0.316873 0.864681
56.5864 -5.64375 -12.5671 -0.135799 0 -3.5 -0.752908 -0.652663 0.0846236
59.8698 -9.68812 22.8361 -0.725095 -0.269223 4.08227 -0.298975 -0.0166203 -0.954116
59.7655 -5.7115 19.753 -0.394321 0 -3.5 -0.882096 0.047066 0.468713
53.4889 -11.4417 43.8221 -0.364427 0 -3.2 -0.151782 0.343195 0.926919
78.2582 -13.9648 -12.8071 0.042369 0 -3.2 0.165938 -0.974258 -0.152599
58.8416 7.78363 36.5741 -0.170594 -0.00251268 -1.6 -0.0472848 0.869476 0.491707
65.0344 3.62625 -13.4993 0.246061 0 -0.4 0.0189183 0.461973 -0.886692
55.5606 11.3874 36.6343 -0.0370338 0 -3.87547 0.771742 -0.6296 -0.0895432
46.7829 2.83231 28.3447 0.264165 0 -0.9 -0.89549 0.205635 0.39473
85.1395 -13.4472 -4.12991 -0.241486 -0.361165 -0.8 0.620986 -0.445699 -0.644771
53.8324 -12.3096 24.6084 -2.12714 -0.719502 -3.5 -0.988727 0.131708 -0.0712224
86.167 19.3699 12.6312 -1.42655 -0.561863 -3.5 0.966871 0.169109 0.191211
83.4681 -6.63156 -13.0452 0.504878 0 1.8 0.353303 -0.688612 -0.633238
68.0154 12.1164 -10.7456 0.166604 0.168545 -4.25187 0.216204 0.101189 -0.97109
86.9166 -4.48275 25.9006 3.03172 0 -0.4 0.698987 0.0389602 0.714072
75.1351 -8.26256 40.2983 0.156305 0 3.8 0.939337 0.322209 0.117588
40.3683 15.1211 37.0345 2.12111 0 -3.9 -0.158221 0.512061 0.844251
86.7531 -5.15562 22.6882 0.680809 -0.141218 -0.739981 0.10284 -0.994074 0.0352323
90.0996 4.88625 4.90169 0.710648 0.609136 -0.7 0.673185 0.271088 -0.687992
91.2596 -4.69812 6.81987 -0.926233 0 -3.5 0.737285 -0.40849 0.538095
67.6264 -25.1893 42.4215 -1.24726 0 -3.5 0.236366 -0.653168 0.719376
78.4157 -15.3698 0.277375 1.06742 0 -3.9 -0.429945 -0.366655 0.825053
83.0644 15.8278 3.09888 0.606923 0 -0.4 0.902179 -0.368581 0.224099
80.1982 16.9997 -4.41797 0.939125 0 -4.5 -0.152348 -0.127966 -0.980007
95.9004 -1.47475 17.4277 0.483937 0 -4.5 0.557442 0.608623 0.564656
62.8494 12.3525 25.3843 0.605731 0.119961 -4.5 0.184378 0.491638 -0.851056
74.2442 21.1588 1.98525 0.511162 0 -0.97225 -0.182699 0.633538 -0.751832
75.6293 2.19681 -12.5325 -0.151497 0 -1.3 0.305921 -0.118545 -0.944648
68.3457 3.5755 16.162 -0.621625 0 -1.3 -0.0336817 -0.159897 0.986559
68.7676 6.69619 24.5298 0.466539 0 -0.4 -0.294828 -0.259436 -0.919657
44.8223 -20.9324 45.0635 -0.474021 0 -3.5 0.215215 -0.623872 0.751309
56.4807 13.2847 15.3522 -0.361374 0.0239962 -3.2 -0.581588 0.78814 -0.20147
55.1978 -6.86125 36.3065 -0.17097 0 -1.68012 -0.774953 -0.414743 0.476902
42.57 8.3575 40.2848 -0.140626 0 -3.5 -0.832687 0.286049 0.47414
48.0481 13.7098 31.1682 0.796349 0.063148 -1.55909 0.183401 0.933877 0.306982
69.6464 -24.1903 41.0266 -0.97204 0 -3.5 0.935748 -0.177867 0.30453
85.0809 0.46975 -7.144 -0.200113 0 -1.5189 -0.0752584 0.978163 -0.193736
60.5493 4.805 32.7388 -0.42974 0 -4.5 0.00935329 -0.979122 0.203057
64.3376 -6.1095 12.3882 -0.200634 0 -0.8 -0.168904 -0.434255 0.884813
54.2751 4.44712 34.3856 -0.239926 0 -0.9 0.384493 -0.900653 -0.202457
49.6466 17.8731 17.0035 -0.341237 0 -3.5 0.508775 0.231375 -0.829225
45.8553 17.0931 29.4019 2.78931 0.280779 -3.9 -0.134486 0.987356 -0.0839107
92.2247 -1.8665 11.9142 1.1475 0 2.8 0.703424 0.30027 -0.64423
70.7199 -14.5395 42.5197 -0.793072 -0.155478 -0.7 0.621811 -0.20658 0.755431
72.3583 15.9624 -3.34763 0.445746 0 -3.9 -0.757313 0.00380043 -0.653041
67.8725 -15.4079 -11.3656 0.357805 0.336221 1.9 -0.840171 -0.223633 0.494067
60.7953 12.3701 -2.11637 -0.0981475 0 -2.46158 0.631205 0.765433 0.125268
51.5197 -24.0597 42.066 -1.57806 -0.676807 -0.8 -0.664993 -0.741879 -0.0860242
54.5179 -2.94481 -14.3594 -0.189966 0 -0.8 0.0600524 -0.703836 -0.707819
54.8478 -7.126 16.3684 -0.151163 0 -3.9 -0.704316 -0.628341 -0.330343
66.9437 3.29019 22.9559 -0.0900145 0 -1.6 0.501709 0.857843 -0.111325
58.3971 11.1066 11.6511 -1.16897 0 -3.2 -0.234968 -0.669945 -0.704247
76.1321 -10.1213 2.14462 -0.0105677 0 1.8 -0.096852 -0.85019 0.517491
57.8087 7.74662 12.7689 -0.887008 -0.0853069 2.25749 0.344426 0.706639 -0.618087
65.5296 -4.75875 41.3717 -0.951346 -0.952792 -0.7 0.257399 0.0969618 0.961428
48.3019 -3.62762 20.8114 -0.199501 0 4.2 -0.154931 -0.987657 0.0230391
72.9 13.0814 -7.8385 0.162685 0 -3.5 0.26097 0.965345 -0.00178641
82.7524 -2.49506 23.0474 -1.92918 -0.886573 -0.8 -0.653092 0.0291118 0.756719
69.4633 2.63481 21.0818 -0.305257 0 2.8 -0.198569 0.182193 -0.963004
62.9212 19.0524 3.19225 -1.35667 -0.0532302 1.8 -0.452222 0.462459 -0.762645
49.4354 -21.2087 36.2214 -0.707372 0 -3.5 0.745587 -0.267522 -0.610354
52.9339 16.5499 37.368 -0.517222 0 -0.444995 0.125493 0.985938 0.110351
63.9546 6.85819 -6.55912 0.174391 0 1.08328 -0.584965 0.125738 -0.801253
92.6588 1.133 11.9667 0.308547 0.145338 0.39449 0.799762 -0.100232 -0.59189
59.086 8.796 7.3845 -0.0503248 0.184027 -4.5 -0.797991 0.0773387 0.597686
58.2304 17.7553 27.1905 -1.72773 0 -3.5 0.700729 0.545351 0.459969
80.8637 -5.506 28.5521 -0.483203 0 -3.5 0.825725 -0.512818 -0.234936
93.2978 -4.09387 22.4987 -0.343926 0 -3.5 0.291292 -0.401851 0.868139
74.0421 10.5821 -9.98694 0.147948 -0.185043 -2.86379 0.937337 0.266296 -0.224692
68.258 -4.30594 -16.0729 0.0916289 0 -1.3 -0.0605883 0.162164 -0.984902
61.0797 2.17556 -14.2951 0.0642074 0 -4.5 0.738883 -0.0349774 -0.672926
68.045 8.00125 24.3855 1.09531 0.233914 -0.4 -0.100679 0.040109 -0.99411
47.701 -4.0885 15.279 -0.361813 0 3.10782 -0.146969 -0.984272 0.0980285
50.8812 5.59837 8.44088 -0.370338 0 -3.5 -0.109122 0.0782378 -0.990945
64.137 5.2345 15.5095 -0.34963 0.685174 -0.8 0.793028 -0.0168414 0.608952
87.6106 -6.35325 19.5466 0.0751171 0 -0.4 -0.00493444 -0.904817 0.425772
58.682 4.08644 -12.8824 -0.072373 0 -4.5 -0.274675 0.790478 0.547448
63.8236 -25.2085 32.3254 -0.18975 0 -3.5 -0.625466 -0.623073 -0.469652
69.2321 -17.6475 42.003 -0.258148 0 -0.7 0.545084 -0.513703 0.662566
54.8274 -5.52212 28.7726 0.0588229 0 -0.609262 0.0047486 0.454451 -0.890759
65.1229 9.56662 -9.289 0.404892 0 -4.5 -0.739105 -0.225321 -0.634786
65.8881 -21.8788 30.0771 0.543013 0.0735354 -3.19897 0.856591 0.26641 -0.441902
52.4352 -8.99931 12.1269 -0.206524 0 -0.7 -0.0144932 -0.852101 0.523176
88.4905 -9.60525 -4.2375 0.00713278 0 -4.5 0.385139 -0.232474 -0.893098
78.0484 -4.57106 -14.8691 0.262946 0 -3.9 -0.0120156 -0.288944 -0.95727
72.4088 -6.79338 4.55675 -0.322834 0 -2.00659 -0.376768 -0.255722 0.89031
65.5994 23.6203 6.54269 0.361762 0 0.16842 0.377835 0.840356 0.388641
76.7386 12.0946 25.0395 0.288547 -0.178874 -0.7 -0.782226 0.506077 0.36333
43.8956 14.7981 19.8687 -0.466715 -0.624138 -4.5 -0.431787 0.892843 -0.128029
59.219 10.2615 34.636 0.084095 0 -3.2 0.0115923 0.227251 0.973767
89.9122 4.20725 -4.663 -0.435432 -0.331077 -3.5 0.657049 0.719798 -0.224002
56.3223 2.76656 30.9062 -0.155576 0 -0.8 0.224878 -0.312679 0.922855
64.3389 -10.723 -9.8725 -0.141721 0 -1.3 -0.195284 -0.907809 -0.371143
50.7104 -0.779125 -10.4727 0.0810981 0 1.8 -0.642496 -0.701367 0.308681
52.2696 -11.5724 35.6861 -0.318197 0 -0.7 -0.0823146 0.918304 -0.387224
93.8343 -0.20875 18.6246 -0.649571 0 -3.5 0.722909 0.654314 -0.221982
82.2097 -10.8177 9.8275 -0.00760998 0 -4.5 -0.618285 -0.711836 -0.333187
71.6478 -1.82 21.3972 -0.941853 0 1.8 0.0917278 -0.495181 -0.863934
60.7201 -1.84088 36.1689 -0.874219 0.183703 -1.27987 -0.860638 0.506671 0.0508644
83.8625 1.03656 24.3181 -1.49578 0 -3.2 -0.211383 -0.397787 0.892795
49.1968 12.3348 27.086 -0.0732747 0 -1.3 0.309994 0.950687 0.009924
46.2923 0.643 28.6666 -0.34769 0 -1.57697 -0.673667 -0.400391 0.621176
83.0605 14.293 0.2795 0.46842 0.108226 -4.07889 0.95891 -0.118659 -0.257704
89.7798 9.06431 15.1693 0.192016 -0.0227925 -4.35328 0.982936 0.127255 0.132825
40.2525 13.9661 24.5585 -0.407968 0 -3.5 -0.351227 0.452042 0.819938
77.5169 2.31463 -11.0451 -0.109843 0 4.2 0.204897 0.104353 -0.973205
75.3103 10.5652 24.9307 -0.115092 0 -0.7 -0.949402 0.308224 0.0602766
50.1821 -23.775 37.667 -0.302158 0 -1.6 -0.717542 -0.557453 -0.417587
81.3193 22.0572 13.8295 0.18933 0.544823 -1.24733 -0.458794 0.888531 -0.00452958
82.7571 -9.99212 6.18675 -0.368781 0 -3.5 -0.974561 0.221901 -0.0314885
59.825 14.5494 -7.71694 0.326938 0 -3.08954 -0.387555 0.868351 -0.309464
89.4976 -10.1877 2.36188 -1.03129 -0.657144 -3.5 0.773751 -0.150203 0.615426
79.646 -15.8035 -2.46525 1.60212 0 -3.9 -0.201154 -0.432732 -0.878794
53.3638 5.59756 4.10494 -0.440301 0 -3.5 -0.482085 0.874575 -0.0520793
83.8886 -6.35375 19.292 0.0168115 0.0576549 -0.8 -0.588897 -0.57337 -0.569603
71.7656 3.2025 33.0714 -1.47127 -0.193173 -1.2535 0.154455 0.739418 0.65529
55.1511 1.05831 -1.89988 -0.772472 0 -0.8 -0.297975 -0.656997 0.692507
64.9562 -24.3228 25.1097 -0.286299 0 -3.5 0.958294 -0.285668 -0.00814099
69.6657 -23.2155 37.8358 0.545356 0 -3.41564 0.83694 0.543637 0.0631736
79.4789 -13.6591 -9.15238 1.28938 0 -3.9 0.30583 -0.852037 -0.424854
88.2314 8.57831 27.3721 -0.329181 0 -3.9 0.32999 -0.81312 0.479524
74.1953 3.44806 33.7631 -0.989075 0 -3.5 -0.247794 0.367163 0.896543
67.8221 -23.6714 29.4533 -1.29228 -0.120479 -3.5 0.479387 0.872899 -0.0907511
71.0904 -11.3291 -1.03638 -0.181383 0 -0.194613 0.76063 -0.637767 0.121223
69.1393 5.24013 38.9892 2.07659 0 -3.9 0.177047 0.620529 0.763936
56.4631 -7.49625 -3.93444 0.907284 0 1.9 -0.354225 -0.0460064 -0.934028
63.4541 -23.2535 22.9931 -0.0983352 0 -3.5 0.556887 0.331576 -0.761534
87.6086 21.0802 4.16925 -0.57469 0 -3.5 -0.0241702 -0.563153 -0.825999
61.3588 0.613187 31.3633 -0.0841999 0 1.54593 -0.774758 0.444986 0.449153
76.0225 -2.94712 13.2481 0.271137 0.462805 -4.5 -0.758312 -0.559374 0.334758
58.8646 2.53681 2.4665 0.167129 -0.386244 0.210778 -0.62323 -0.527352 -0.577481
79.8091 -0.856313 -12.4206 -0.281435 0 -3.0407 0.0606399 0.742876 -0.666677
42.0132 6.27375 31.9215 -0.626988 0 -3.5 -0.0450132 -0.4356 0.899014
70.2899 7.24525 -13.0914 -0.0833759 0 4.2 0.0251133 0.47846 -0.87775
60.0896 3.05381 35.6813 -0.330886 0 -1.6 -0.238172 -0.470975 -0.849386
62.2665 3.79006 36.7986 0.279703 0 -1.6 0.974308 -0.195582 0.11168
49.6326 16.3674 16.0249 -0.227402 0.0578812 -4.5 0.630109 0.630595 -0.453115
51.3699 -12.6121 34.4907 -0.014109 0 -0.7 -0.601568 0.684223 -0.412255
90.557 -0.0639375 -2.79113 -0.778393 0 -3.5 0.906636 0.398033 0.13993
80.6355 9.1705 -0.358063 -0.373184 0 -2.75702 -0.428135 0.561537 -0.70808
53.1939 3.10844 33.9064 -0.577944 0 -0.9 0.952432 -0.286618 -0.10355
94.9163 -4.53925 20.4727 -1.48323 0 -3.5 0.975457 -0.218837 0.024385
40.6611 1.0465 10.2629 0.118975 -0.0928767 -1.83528 -0.547487 0.736605 -0.397078
66.4456 -27.2747 38.5874 -0.4542 0 -4.5 0.794131 -0.592499 -0.135282
78.3467 2.12625 16.322 -1.82158 0 1.53979 -0.720819 -0.375362 -0.582686
60.6161 14.969 21.3618 -1.21564 0 -3.5 0.106327 -0.344282 0.932826
82.8294 13.9451 5.15175 -1.10769 -0.723812 -3.5 0.604183 0.790396 -0.101183
41.6384 6.50725 36.7641 -1.2987 0 -3.5 -0.758516 -0.604446 0.243513
66.2848 11.9659 -0.542 0.381601 0 2.28137 0.0807271 0.420844 -0.903534
62.9088 13.5016 26.8773 -0.140865 0.401719 -4.5 0.356806 0.789288 -0.499714
69.6585 14.6541 -0.203063 0.295496 0 2.8 -0.503104 -0.0480436 -0.862889
70.4435 9.621 -12.0089 0.131616 0 4.2 -0.217084 0.17493 -0.960351
61.074 -21.712 23.0535 -0.269692 0.681324 -3.5 -0.0973028 0.595585 -0.797378
84.5123 12.8596 24.3088 0.291835 0 -3.59434 0.570641 0.666106 0.480283
40.7503 15.881 34.3242 2.76512 0 -3.9 -0.0475926 0.689933 -0.722307
45.4596 -17.3704 44.1636 -0.419161 0 -3.5 0.171505 0.703271 0.689925
40.4431 7.58738 35.5876 -0.309078 0 -3.9 -0.765812 -0.63946 -0.0679952
56.0433 -0.874 33.1823 -1.50585 -0.457099 1.07194 0.480807 0.673439 0.561519
45.3101 5.004 25.9744 0.190166 0 1.09144 -0.992786 -0.108879 -0.0502135
65.8511 -17.1383 26.3288 -0.288953 0 -0.7 0.512909 0.0526088 -0.85683
91.2272 -6.19981 9.67863 -0.232991 0 2.8 0.689194 -0.714857 -0.118282
64.9275 -0.27275 36.5543 -0.38594 0 1.62502 -0.14029 0.643969 0.752079
61.8809 -1.75575 -15.2466 -0.0704653 0 -1.41117 -0.552177 0.618341 -0.559245
59.2668 -6.62638 13.5476 -0.541657 0 -0.4 0.0783745 -0.996712 0.0205531
48.4388 -2.06025 3.04469 -0.16137 0 4.2 -0.755679 -0.1453 -0.638621
80.2354 -9.56872 43.3704 2.11536 0 -3.9 0.184939 0.243972 0.951985
56.4282 -10.185 45.6877 -0.188806 0 -0.9 -0.56825 0.435428 0.698208
56.0719 -6.8205 19.1551 -0.0376236 0 -3.9 -0.538587 -0.248244 0.805171
46.3656 7.33175 32.7646 -0.561253 0 -3.5 0.119186 -0.889396 0.441326
66.0764 -25.8154 42.0776 -0.351709 -0.0836114 -4.14528 0.366058 -0.627948 0.686791
70.4388 13.4526 -2.82825 -0.926576 -0.934439 -0.8 -0.667252 0.702022 -0.248875
48.5727 8.63612 13.1216 -0.615677 0 -3.5 -0.745009 -0.664339 -0.0601289
80.5536 -5.386 31.79 -0.925547 0 -3.5 0.831056 -0.46518 0.304883
80.7471 -9.62113 3.22937 -0.502586 -0.552246 1.87109 -0.309189 -0.00121759 0.951
67.7958 -9.06388 45.3385 0.343993 0.263698 -4.5 0.127598 0.991363 -0.0303123
42.917 6.81025 21.8716 0.151685 0 3.8 -0.263014 -0.802142 0.53609
85.0514 -11.1029 15.7084 0.259235 0 -4.5 0.335969 -0.709974 0.61892
72.7692 -7.45831 -16.1158 -0.229651 0 -0.7 -0.0671053 -0.227641 -0.97143
91.8771 0.878187 20.8896 -0.383722 0 -2.02386 0.510193 0.544306 0.665909
72.4424 -4.26225 37.326 -0.190847 -0.263403 1.50169 0.102832 0.461665 0.881074
75.9209 20.9387 7.34912 0.107387 0 -3.6533 -0.429715 0.29444 0.85361
84.8744 8.0495 0.0693125 0.918343 0 -0.4 0.837611 0.212787 0.50312
80.381 -6.26088 4.94275 0.145423 0 -1.3 0.0598591 -0.9628 -0.2635
60.745 -17.6259 46.7649 -2.07248 0 -3.5 -0.13089 0.266554 0.954891
60.9525 -0.7725 33.8464 -0.486571 0 3.8 -0.814458 0.579213 -0.0342258
44.5826 -1.17219 22.0215 -1.19516 0 4.5 -0.674306 -0.537734 0.506117
52.485 -21.4095 32.146 -0.569562 0 4.2 -0.405195 -0.914215 -0.005296
74.881 -10.8285 39.856 0.0670859 0 3.8 0.446023 -0.575386 0.685561
86.1633 13.41 28.6914 2.00859 0.350758 -3.9 0.0302777 0.397884 0.916936
85.8911 10.5829 4.51744 0.806616 0 3.8 0.458 -0.125593 -0.880035
50.9055 -1.112 24.7155 -0.281402 0 4.2 0.264057 -0.761771 0.59159
60.3681 -12.654 1.58987 0.00325093 0 4.5 -0.131827 -0.966059 -0.222152
62.8805 15.0848 6.76281 -1.01239 0 0.690009 -0.657494 0.262285 0.706335
57.4611 -9.74125 5.83413 -0.123485 0 -2.18115 0.139963 -0.984284 0.107682
89.2065 9.03475 12.4955 0.0125271 -0.032153 -3.5 0.663608 0.72219 -0.195105
56.7677 8.21838 38.152 -0.333562 -0.617281 -1.94323 0.611486 0.759812 -0.220841
89.6674 13.3292 13.0167 0.234706 0 -4.5 0.697268 -0.149534 -0.701039
49.9572 -3.3555 20.6725 -0.186729 0 4.2 0.276425 -0.955 0.107534
58.3554 -3.84737 39.2477 -0.19335 0 -1.96895 -0.264137 0.844274 0.466296
72.3941 0.2125 -12.7325 -2.07119 -0.551429 4.2 -0.0296329 0.500944 -0.864972
63.5609 8.55619 18.2502 -0.513265 0 -0.8 0.569899 0.268865 0.776484
58.1133 12.9373 -5.12413 -0.363159 -0.520197 -4.02504 0.158374 0.781818 0.603057
87.4704 7.20794 26.4157 -1.05731 0 -3.80647 0.413013 -0.133966 0.900818
40.1123 7.63963 27.4866 -0.66247 -0.0458463 -3.5 -0.786164 -0.0940843 -0.610814
82.4668 26.7961 8.5575 0.0823737 0 -1.6 -0.538638 0.782745 0.311736
88.5144 -7.78819 18.103 -0.143509 0 3.8 0.180531 -0.554602 0.812296
53.4099 10.2758 -0.663625 0.228601 0 -4.5 0.705293 0.36876 0.605457
50.7494 -2.70275 22.0837 -0.185561 0 4.2 0.174265 -0.971839 0.15862
54.9622 -9.09787 8.66063 -0.0193197 0 -4.5 -0.338565 -0.931107 0.135694
42.9645 13.2151 24.6694 -1.00848 -0.392771 -3.9 0.0492593 0.925725 0.374977
42.0354 7.10738 32.6007 -0.834507 0 -3.62306 -0.154162 -0.854074 0.496782
66.8362 6.37525 -3.67688 1.43064 -0.760366 -1.28287 -0.0220382 0.999753 -0.00288578
60.811 -1.68237 38.2477 -1.08612 0 -3.2 -0.34281 0.903182 0.258347
49.44 10.2942 -2.40875 0.161076 0 -4.5 -0.806177 -0.544644 -0.231174
62.8362 3.45563 19.0034 -0.273142 0 -1.41169 0.795018 0.392826 -0.462206
74.6426 20.3413 15.8193 -0.394955 0 -3.16824 -0.563684 0.825617 0.0248547
81.8503 0.5135 -12.7293 -0.0931413 0 1.8 -0.321304 0.621215 -0.714742
65.8954 9.06637 -1.87772 0.182109 0 2.8 0.363737 -0.0102994 -0.931445
62.0708 -23.0418 46.2337 -0.171995 0 -3.56961 0.95031 -0.11747 0.28829
78.1894 0.234688 17.954 -1.34588 0 -3.5 -0.0980507 -0.932143 0.348563
73.8561 9.92313 19.9344 -0.410532 0 -0.7 -0.700661 0.605393 0.37759
66.5338 -17.0519 45.7639 -0.160232 0 -4.5 -0.0768314 -0.724977 0.684474
76.4736 -14.635 33.5281 -0.104471 0 -1.6 -0.276786 -0.690078 -0.668717
57.8465 -7.31287 -4.01788 0.661017 0 1.9 0.140959 -0.0725984 -0.98735
37.6325 14.906 22.0243 -1.59947 -0.0219496 -3.5 -0.932399 0.355254 -0.0665399
64.4374 8.06175 -7.15525 0.257321 0 -1.6 -0.541991 -0.35752 -0.760543
60.9404 7.05469 10.1561 -0.38014 0 3.8 -0.609278 0.783736 -0.120575
76.5537 18.7363 21.6989 0.234325 0 -1.6 -0.0066946 0.984857 0.173237
44.2151 1.19788 28.0244 -0.0344722 0 -3.9 0.0301747 0.437792 0.89857
93.4786 5.43619 12.5596 0.0777484 0 -3.96462 0.833308 0.546643 0.0823333
56.4766 -10.7755 -2.43475 3.26964 0 1.9 -0.403667 -0.89806 -0.174759
85.8023 3.69975 25.7682 -0.278755 0.0136345 -3.5 0.126061 -0.883759 0.450642
66.0769 8.067 -5.29488 0.517098 0 -4.5 0.442198 0.252613 0.860609
70.2676 -13.1423 31.1044 -0.791714 -0.451731 -0.853826 0.763923 -0.643259 0.051377
62.547 7.52612 -6.32338 0.299703 0 -1.6 -0.211241 -0.23986 -0.947546
83.6166 16.5054 2.26506 0.354755 0 -0.4 0.912562 -0.312062 0.264286
90.5218 10.6114 24.8723 -2.04912 -0.441377 -3.5144 0.455521 0.670224 0.585918
62.1921 -18.2909 25.5602 -1.72497 -0.359699 -0.7 -0.0794014 0.337417 -0.938001
48.252 -0.3505 6.41962 0.000815596 0 -3.2 -0.565415 0.75135 -0.340262
44.7262 14.2915 21.587 -0.499382 0 -4.5 0.00801269 0.568891 0.822374
85.4036 8.85469 -7.07381 0.065654 0 -1.3 -0.401063 0.437578 -0.804782
56.4329 -21.1156 28.8714 -0.818261 0 -3.5 -0.900824 -0.287533 0.325333
69.8456 -12.1987 -1.52525 -0.414155 0 1.8 0.0362627 -0.77066 0.636214
70.4509 -2.78594 21.9509 -0.686976 0 1.8 -0.214376 -0.425096 -0.879395
49.2574 12.6538 26.0909 -0.164474 0 4.5 0.23963 0.848002 0.472727
68.0051 15.7679 -0.139812 0.338007 0 -0.106053 -0.0732264 -0.506462 -0.859147
73.1442 -9.9055 16.4683 2.16301 0.232471 -3.9 -0.0649832 -0.871822 0.485492
55.9121 -8.91813 26.9578 -0.430608 0 -0.9 -0.808007 0.0272931 -0.588541
74.2508 23.0448 6.89813 0.336683 0.0556771 -4.5 -0.202983 0.472202 0.857801
48.0508 -17.5711 35.1711 -0.58381 0 -3.5 0.205415 -0.0821355 -0.975222
90.7367 -1.42587 -1.788 -1.01631 -0.732977 -3.5 0.940161 0.292591 0.174607
76.4414 0.644 20.6676 -0.879964 0 -3.5 0.182095 -0.978263 0.09921
71.2231 21.2281 7.20681 -0.228921 0 -2.75464 0.357073 0.515731 0.778794
57.6521 -9.30019 45.2295 -0.0785786 0 -0.9 -0.0647254 0.862459 0.50197
63.9842 4.8715 30.2771 -0.881584 0 1.8 0.618353 -0.141734 0.773014
62.4313 -12.7159 24.0151 -0.209794 0 3.8 0.270667 -0.223375 -0.936399
79.9761 -6.20741 13.4889 -1.05257 -0.631753 -2.73792 -0.83486 -0.208502 0.509446
88.923 11.2008 10.4125 -0.472876 0 -0.9 0.907811 0.0227356 0.418764
65.9857 22.3403 2.55875 -1.2211 -0.0208636 1.8 -0.363437 0.442056 -0.820061
62.8335 -3.552 13.3896 -0.633034 0.612241 -0.4 0.17236 -0.72246 0.669584
90.358 12.7614 14.6199 0.400367 0.87622 -4.5 0.901158 -0.42133 -0.101962
60.916 -11.251 7.515 -0.185498 0 -4.5 -0.312487 -0.774815 -0.549558
85.0673 20.306 10.1997 -0.49958 0.0540333 -2.68022 0.950307 -0.0582838 -0.30581
51.1164 8.16819 -8.61119 -0.258437 0 -0.4 -0.919994 -0.358893 -0.1575
60.5546 -7.972 -16.7652 -0.0557415 0 -3.5 0.314115 -0.915631 -0.250903
50.9755 19.2696 19.9834 0.208376 0 -3.68434 0.0777767 0.968238 0.237624
81.1615 18.2611 -4.27362 1.10555 0 -4.5 -0.0112004 0.509344 -0.86049
39.7869 12.1275 28.4604 0.0758526 0 -3.5 -0.744422 0.601591 0.289696
56.0159 -12.4249 28.926 -0.139628 0 -3.5 -0.928285 -0.0440355 0.369253
64.4918 -1.63925 19.9181 -0.543658 -0.0157387 -1.3 0.986014 -0.143025 -0.0855647
70.854 16.8197 -1.5765 0.73987 0 -3.9 -0.64313 -0.334919 -0.688632
80.0484 -1.85825 32.75 -0.277357 0 -0.4 0.718875 0.32512 0.614423
79.6642 24.1644 2.71406 -1.67579 -0.0141402 -3.5 -0.606001 0.587788 -0.535974
84.3914 -3.00262 -16.2116 -0.110525 0 1.8 0.365866 0.463299 -0.807153
51.5351 -2.34262 23.2057 -0.235821 0 4.2 0.241643 -0.813479 0.529019
73.0311 -8.05606 12.0781 -0.040824 0 -3.9 0.757812 -0.307916 -0.575247
76.8966 -3.75887 -15.3326 0.930375 0.775708 -3.9 0.284758 -0.34281 -0.895206
64.1133 -12.0827 0.555375 0.125986 0 -3.9 0.155264 -0.858305 0.489087
70.329 -4.694 11.289 -0.190149 0 -3.9 0.746519 0.611052 0.263296
61.9821 -9.53887 23.8364 0.123528 0 4.2 0.417884 -0.403547 -0.813955
58.8676 0.4805 -8.03862 0.603574 0.302918 -3.2 0.409521 0.666735 -0.622701
59.8139 -24.5139 26.1175 -1.25052 -0.235557 -3.5 -0.0729355 -0.961965 -0.263255
75.268 2.20194 13.9275 -0.13605 0 -1.3 0.0445338 -0.446997 0.893426
43.739 8.87 17.877 -0.178357 0 3.8 -0.615087 0.0290381 -0.787925
70.8033 -26.1589 35.643 -0.18055 0 -0.4 0.878605 -0.453756 -0.148855
50.05 13.4768 17.6906 -1.01469 0 4.5 0.830721 -0.488467 -0.267026
70.7367 2.24062 20.749 -0.638655 0 1.49294 -0.621179 -0.27119 -0.73525
87.52 -7.68762 4.79513 -0.719815 0 3.8 0.718927 -0.287555 0.632816
78.8289 -2.21025 35.0733 -0.481377 -0.317876 -0.4 0.621493 0.689327 0.372257
75.129 15.8545 -3.66925 0.385336 0 -3.9 0.47804 0.277364 -0.833395
54.2255 5.13088 -10.4804 -0.423711 -0.0050137 -3.5 -0.281631 0.730537 -0.622093
78.0036 -8.43137 34.0814 -0.951386 -0.486653 3.8 -0.0180168 -0.846959 -0.531353
45.4365 14.3933 36.735 -0.00588348 0 -0.7 -0.417677 0.701946 0.576903
83.3096 16.9177 6.45138 -0.179666 0 -1.3 0.527581 -0.70223 -0.478049
83.7897 -8.253 -12.3691 -0.171318 0 -3.5 0.369525 -0.416674 -0.830563
57.1388 -17.1896 44.5771 -0.834416 0 -3.5 -0.163133 0.232143 0.958904
48.2632 -6.03662 5.994 -0.219971 -0.186886 0.226981 -0.564338 -0.735938 -0.374056
77.4547 -10.1079 27.3566 -0.433512 0 -3.5 0.848426 -0.26241 -0.459689
57.5924 -24.6174 43.7547 0.12501 0 -2.93933 0.00509748 -0.620757 0.783987
63.2616 -10.3623 41.3829 0.519533 0 1.9 0.325549 0.571046 0.753608
47.0661 -22.0383 42.7371 -0.989658 -0.194506 -3.30692 0.17493 -0.858506 0.482045
88.4713 2.37613 23.6874 -0.560124 0 -0.9 0.443041 -0.265295 0.856349
73.3786 -11.2252 25.0873 -0.886672 -0.378814 -0.7 0.363502 -0.0729095 -0.928736
78.7261 -13.6778 -10.2981 0.454874 0.690229 -3.5 0.606655 -0.794962 -0.00211987
90.5929 8.51475 9.24775 -0.481989 -0.144176 -3.5 0.486276 0.873799 -0.00346135
46.4511 -14.9731 42.0606 -0.453173 0 0.292686 -0.381265 0.163246 0.909938
52.5356 -5.87169 35.0422 -0.232017 0 -4.5 -0.164345 -0.543595 0.823101
53.4945 3.07463 32.5349 -0.636554 0 -2.24275 0.844287 -0.265775 0.465343
64.0573 6.99125 35.5576 0.727744 0.278173 -3.2 0.61836 -0.401528 0.675578
44.8349 -23.5707 41.3343 -0.314015 0 -3.2 -0.418153 -0.702304 0.576123
44.7376 6.48925 23.2384 0.393826 0 2.26584 -0.832474 0.0431023 0.552385
75.0775 -12.5965 -1.77719 -0.125168 0 -0.7 -0.782971 0.194784 0.590776
77.6776 14.2057 24.3307 0.193815 0.149525 -1.2562 0.496951 0.452413 0.740515
73.1079 -15.9699 39.9539 -0.684888 -0.253969 -0.7 0.870166 -0.384048 0.308736
40.3416 -4.74356 9.41475 -0.107204 0.0134854 -2.32823 -0.693859 -0.690142 0.205581
81.5345 -2.65725 17.056 -1.40358 0 -3.13788 -0.465581 -0.8121 0.351751
57.83 -24.037 36.637 -1.11947 -0.615275 -1.3 -0.465871 -0.870901 0.156508
54.1897 -2.75825 36.2247 -0.499933 0 -3.5 0.469008 -0.0686485 0.880522
52.8954 8.80875 -2.82725 0.704603 0.390709 -4.5 0.0963918 -0.990848 0.0944912
90.3206 -2.38544 -11.4996 -0.651896 0 -3.2 0.96837 -0.028057 0.247936
53.8011 -20.8597 44.9607 0.707799 0 -0.4 -0.133519 0.3996 0.906914
79.7203 -14.3531 0.7815 1.08972 0.0273753 -2.57061 -0.298587 -0.0931439 0.949826
55.9362 15.1148 22.5021 -1.10923 -0.591686 -3.35693 0.98665 0.16109 0.0239128
63.7926 11.0999 13.8499 -0.194643 0 -0.8 -0.211341 0.83271 -0.511789
65.0825 10.4637 -5.8 0.537043 0 -2.27692 0.472084 0.707156 0.526371
66.4382 -11.8608 46.271 0.593347 0 -4.5 -0.618649 0.147258 0.771744
82.5657 2.16812 -8.10669 -0.167824 0 4.2 0.852672 0.522347 -0.0102004
69.3436 20.0294 10.1182 -1.15963 0 -3.5 -0.259025 0.799078 0.542569
46.3019 4.49906 11.2893 -0.161351 0 -3.5 -0.347803 0.900299 0.261716
79.2595 18.6542 20.993 -0.972933 -0.023361 -1.6 0.394832 0.676924 0.621194
57.8408 4.609 1.32675 -0.207691 0 4.2 -0.679524 0.629723 0.376427
64.347 13.1263 11.1698 -0.317584 0.655291 -4.5 -0.936778 -0.230087 0.263641
78.7365 0.963125 27.178 -1.73537 -0.126986 -2.00303 0.750166 0.0355836 -0.660291
58.8307 -22.0239 47.7539 0.235889 0 -3.5 -0.76339 -0.196497 0.615325
67.6336 -11.1754 -12.1206 0.089755 0 1.80802 -0.684461 -0.455705 -0.569075
45.3906 5.6795 24.7553 0.33175 0 1.61114 -0.942396 0.220337 0.251677
68.4715 10.4362 -4.41825 0.16649 0 -0.997677 -0.918086 0.386248 0.0890507
88.6946 -6.28581 7.25994 -0.670403 0 2.8 -0.00665281 -0.848154 -0.529708
64.0929 1.62481 18.3188 -0.444896 0 -1.3 0.903303 0.384158 0.190965
65.3252 -18.9212 42.9384 -1.06686 0 -0.7 0.269461 -0.557059 0.785542
76.24 -9.356 32.222 0.435788 0.541033 -3.2 0.846118 -0.430372 0.314425
46.3255 14.6366 22.0198 -0.464109 -0.176631 -2.18118 -0.462924 0.465315 0.754443
51.7915 -0.334375 2.80925 -0.47236 0 4.2 0.24209 0.474179 -0.846491
73.8409 -4.08969 5.74237 -0.423634 0 -2.80751 -0.580686 -0.479406 0.658008
48.0184 13.5917 37.9411 -0.0654394 0 -0.7 -0.239581 0.504283 0.829638
87.4542 -4.83575 -12.1529 -0.213915 0 -3.2 0.328281 -0.894099 -0.304661
84.9953 19.6738 8.71187 0.409827 0 -1.3 0.971647 -0.165708 0.168653
57.0257 1.17125 30.6944 -0.832597 -0.739524 1.13876 0.463621 0.407031 0.787008
75.1969 7.23675 30.714 -0.0422569 0 -4.5 -0.329641 0.648245 0.686378
84.49 14.8785 22.6365 -1.26457 -0.889258 -3.5 0.274402 0.916074 0.292425
59.7974 -6.64575 11.7071 -1.07553 -0.197735 -0.4 0.20089 -0.896038 0.395929
73.4514 1.33963 13.1699 -0.262985 0 2.8 -0.0890942 -0.334081 0.938324
41.5718 -6.82688 7.52306 -0.212061 0 -0.8 -0.577806 -0.567155 -0.586921
72.9197 -13.589 27.6074 -0.454638 0 -0.7 0.590582 -0.738071 0.326288
58.5892 14.2662 38.5353 0.407297 0 -3.9 0.299106 0.886197 -0.353823
75.472 16.3221 24.2955 -0.0551064 0 -1.6 -0.463796 0.198616 0.863391
64.8535 -21.7415 42.7907 -1.13434 -0.421552 -4.5 0.735264 0.278031 0.618131
53.9185 -0.4725 2.69688 -0.721937 0 -1.6 -0.355903 0.352882 -0.865336
79.4682 14.9207 -3.3335 0.456194 0 -4.5 0.316389 -0.52155 -0.792391
68.1282 -21.2606 42.0476 -1.4995 -0.335349 -3.5 0.20767 0.688226 0.695139
46.0896 -10.322 37.5886 -0.398888 0 -3.2 -0.851126 -0.116854 -0.51179
78.0027 -11.9851 40.9369 0.343864 0 -3.9 -0.75535 -0.533432 0.380652
77.0072 3.02981 33.7688 -0.918911 -0.0883555 -2.84556 0.299655 0.333913 0.893705
66.772 -8.324 11.5098 -0.176212 0.00207438 -3.5 0.107586 -0.348172 0.931237
70.1423 2.18388 14.7001 -0.611149 0 -1.3 0.694842 -0.482026 0.533709
55.6319 -0.883375 -3.62737 -2.21827 -0.843544 -0.8 -0.614273 -0.590318 0.523635
83.9788 8.85925 2.81175 -0.482435 -0.6214 3.8 0.9605 0.126843 -0.247692
59.564 15.018 31.175 -0.215761 0 2.8 0.581638 0.463791 0.668278
51.2667 -20.2324 31.6975 -0.507429 0 4.2 -0.809235 -0.558303 -0.182856
79.6343 -6.63356 33.3012 -0.2156 -0.000930934 3.8 0.870193 -0.167217 -0.463467
64.4082 -11.8384 43.1169 -0.21844 -0.0249081 -4.5 -0.088014 0.956178 0.279245
54.9039 5.38731 39.8074 -1.50327 0 1.8 0.191624 -0.814484 0.547627
79.5353 -5.463 -14.6882 0.0750794 0 -3.29621 -0.0455864 -0.0997769 -0.993965
59.7677 7.48163 0.402687 0.446531 0 1.19327 -0.832344 -0.201488 0.516339
85.0352 -9.83369 10.8387 -0.149093 0 -4.5 0.860068 -0.508984 0.0349003
64.0415 6.58687 16.511 0.00553544 -0.204698 -0.8 0.729764 -0.549184 0.407237
64.8395 -1.73725 18.6255 0.0285706 0.0320526 -1.3 0.931894 -0.36139 0.0311743
66.9895 3.93575 37.7154 1.60935 0 -3.9 -0.971323 0.218715 0.0932543
60.5226 6.87331 8.355 -0.299426 0.190799 0.422138 -0.871577 0.181859 0.455281
58.0545 -6.23075 12.9876 -0.924179 0 -0.4 0.179469 -0.971345 0.155821
83.9657 -13.6269 5.65919 -0.121295 0 -3.5 -0.00471016 -0.995816 -0.0912639
57.8356 -21.0539 29.6995 -1.40059 0 -3.5 -0.745839 -0.229827 0.625224
53.0073 2.59331 4.49237 -1.13127 0 -3.5 -0.993667 0.110448 -0.0206911
78.0203 18.3729 21.8508 0.206068 -0.0384793 -1.6 0.48618 0.81262 0.321369
84.0485 -6.42075 16.2449 -0.343668 0 3.45854 -0.722078 -0.183258 0.667098
54.2052 -3.14538 -11.1351 -0.368268 0.47591 -0.8 -0.172038 -0.74659 0.642655
57.4051 3.68712 38.3591 0.201457 0 -1.6 -0.750404 -0.471406 0.463326
57.8315 -6.25625 -9.156 0.0301868 0 -3.5 -0.69322 -0.618947 0.369257
90.9356 -5.464 20.6901 0.1553 0 -1.18014 0.146748 -0.950548 -0.273721
66.3279 1.74306 34.4795 0.0741256 0 -0.8 -0.632026 0.654397 0.4151
56.9772 -10.4247 16.3027 1.72022 0 -3.9 -0.152634 -0.494323 -0.855773
68.7392 21.5543 -0.0301562 0.0373054 0 -3.5 0.185838 0.80925 -0.557296
44.1056 7.87962 17.2501 -0.0548321 0 0.294709 -0.707007 0.546903 -0.448372
91.6014 1.845 3.49569 -1.26412 -0.596088 1.8 0.970562 0.190973 0.146759
83.6641 5.89087 28.0742 0.0213926 0 -3.5 0.369145 0.431231 0.823269
59.9705 11.2345 40.531 1.6948 0 -3.9 0.503249 -0.764469 0.4029
49.8531 -22.1572 40.3758 0.928258 0.0792966 -0.8 -0.335634 -0.84875 0.408623
62.9113 9.9355 17.3469 -0.574661 0 -0.8 0.189477 0.524693 0.829937
56.7236 6.0835 39.9774 -0.832032 0 -3.5 0.0887357 -0.916968 0.388967
81.2178 17.4242 20.2633 -0.11628 0 -0.9 0.573692 0.624673 0.529775
50.6875 8.63437 13.0015 -0.417874 0 4.2 0.193927 0.950585 -0.242447
63.5647 5.60281 31.0889 -1.10944 0 -4.26102 0.850297 -0.287212 0.441025
77.5665 -13.8821 -7.313 0.458253 0.037772 -3.50214 0.0120244 -0.941422 0.337016
51.8581 -0.0086875 -12.8404 0.390382 0 -0.402501 -0.662396 0.0615697 -0.746619
45.7755 4.7775 39.1033 -1.97353 -0.0510847 -3.5 0.150264 -0.911784 -0.382192
59.225 -11.508 3.7825 -0.0615574 0 4.5 -0.298918 -0.769474 0.564409
76.7786 -5.76181 7.41444 -0.580878 -0.969167 -3.5 -0.483622 -0.220711 0.846992
47.874 16.6012 21.575 0.3939 0.198155 2.2596 -0.442864 0.661316 0.605419
82.0653 20.4159 -1.31294 0.696808 0 -4.5 -0.151282 0.969872 -0.19095
54.6772 -8.31612 11.603 -0.0630866 0.0223003 -0.7 0.383466 -0.836796 0.390801
89.8948 10.3646 16.1654 0.0684223 0 -4.5 0.998178 0.0439962 0.0412857
53.1098 9.94581 15.2129 -1.0354 0 3.86305 -0.303056 0.947021 -0.106338
88.8749 8.93563 -4.00725 -0.474148 -0.271394 -1.3 0.982769 0.0271253 0.182839
58.6427 -0.1075 30.775 -0.195467 0.11334 -4.5 0.271143 0.744187 0.610465
78.9097 9.88931 -3.4625 0.611825 0 1.8 0.980976 0.0988887 0.167054
66.685 -0.670687 22.6236 -0.555434 0 2.8 0.170528 -0.362072 -0.916419
50.5231 -18.4433 32.6546 -0.527385 0 4.2 -0.997421 -0.0619027 0.0363176
60.261 13.291 -1.892 0.230337 0 -4.5 0.712421 0.690507 -0.125127
74.299 -9.3645 23.6325 -1.45947 0 -3.5 -0.519967 -0.806737 -0.28073
52.4404 -21.6644 44.8249 -0.0642698 0 -0.587955 -0.397361 0.119489 0.90985
78.2395 23.7394 4.48775 -0.141817 0 -3.87924 -0.135092 0.990258 0.0337586
81.5324 -5.48025 36.6743 -0.0327662 0 -1.6 0.435222 0.590468 -0.679653
64.8351 3.763 20.6523 -0.204709 0 -1.6 0.556828 0.332781 -0.761051
67.232 8.6565 -1.61425 0.208479 0 2.8 -0.308142 -0.00859438 -0.951302
71.0496 13.3271 19.0177 -1.95459 -0.582258 -4.5 -0.797067 -0.134968 0.588615
72.7165 -2.891 -15.326 0.0222015 -0.130428 -3.54834 -0.429782 0.388897 -0.81489
42.5218 -1.24025 8.51775 -0.626919 0 -3.20181 0.194742 0.600772 -0.775338
53.1772 -3.25975 36.6895 -0.809988 0 -3.5 0.402462 -0.146226 0.903683
56.1012 8.48162 36.757 0.207075 0.47339 -3.5 0.608193 0.792161 0.050816
62.3358 0.43625 -13.4034 0.221965 0 -0.993849 0.0649073 0.226115 -0.971936
42.5676 -20.9149 44.7041 -1.35117 -0.272531 -3.5 -0.157685 -0.570114 0.806291
83.4379 25.1965 5.64869 -0.084116 0 -1.6 0.0950565 0.491928 -0.865431
66.9146 6.76925 -4.70481 0.750022 -0.5156 -2.04173 0.033831 0.722549 0.690491
77.3396 -8.31725 7.5045 -0.0246513 0.970737 -3.5 0.0615591 -0.896094 0.439575
40.6274 12.7328 26.2533 -0.268412 0 -3.5 -0.384588 0.922798 0.0231356
60.5249 -3.23225 -15.6169 -0.0139088 0 -3.5 -0.265877 0.889625 -0.371318
58.7392 1.37994 29.7152 -0.19668 0.0953411 -2.32645 0.0157642 -0.00112066 0.999875
48.5941 -13.3426 34.9201 -0.382009 0 4.2 0.274636 0.692969 -0.66661
61.5553 -6.71206 -3.83262 -0.473168 0 -3.5 -0.0919265 -0.633911 -0.767923
76.6102 19.9876 14.6989 -0.152595 0 -3.15126 0.176266 0.834211 -0.522515
63.4756 15.5177 9.67338 0.403889 0.65523 -4.5 -0.950006 0.28374 0.130309
80.9304 -7.25894 -14.7249 0.129613 0 -3.2 0.582209 0.0746743 -0.809603
44.5951 -5.23175 7.08563 -0.372295 0 -0.8 0.265663 -0.484945 -0.833218
96.9029 -4.77787 13.8173 0.524765 0 -4.5 0.810602 -0.58416 -0.0410153
52.6053 13.9847 26.6283 -0.874287 0 -1.05154 -0.878639 0.477487 0.000485648
80.5824 2.92963 31.9604 -0.0456959 0 -0.7 0.506829 0.585349 0.632843
56.8994 -19.0689 44.9756 -0.208956 0 -3.5 -0.360918 0.121765 0.924614
71.0938 -15.2904 -13.1737 0.319942 0 1.9 0.858274 -0.0813633 -0.506701
64.5962 11.509 -9.02275 -0.58837 -0.0615604 -4.18953 -0.73508 -0.431112 -0.523259
65.8714 -2.50256 15.0184 -0.727626 -0.328199 -0.848686 0.110574 -0.0738851 0.991118
55.5517 -23.8274 36.9987 -0.0231549 0 -1.6 0.450131 -0.746721 -0.489683
47.4635 18.951 19.6135 -0.563821 0 -3.5 -0.439597 0.194527 0.876877
53.2725 12.9043 -4.98975 0.00604558 0 -4.5 -0.216789 0.939974 0.263535
86.9634 17.0906 15.0801 -0.169333 0 -4.5 -0.08436 0.80279 0.590265
76.4417 -9.40575 25.1534 -0.952516 0.244115 -3.5 0.807206 -0.586672 0.0650739
56.5662 -21.6364 45.6266 -1.36397 -0.696534 -0.4 -0.312934 0.139104 0.939533
68.3546 -16.6256 -10.997 0.119472 0 1.9 -0.296488 -0.0673034 0.952662
68.8505 -5.96081 7.80281 -0.325606 0 -2.53627 0.84613 0.488603 -0.212911
42.2745 14.5921 20.2489 -0.204536 0 -3.5 -0.14474 0.789047 -0.597038
65.8165 -28.158 36.2535 -1.12727 -0.00413609 -3.5 0.882318 -0.447871 0.144663
73.6371 7.97013 28.2635 -0.293278 0 -4.5 -0.189421 0.978623 0.0801094
43.3116 11.8748 37.5419 0.445696 0 -1.05499 0.0657609 0.482011 0.873694
76.8366 20.1984 8.45862 0.0530447 0 -0.9 -0.734042 0.560486 0.383456
41.7722 3.31644 14.0631 0.0938977 0 -3.24307 -0.784402 -0.618546 0.0459789
84.024 -4.80572 25.6907 2.13824 0 -0.4 -0.778386 -0.484112 0.39969
57.6475 2.89438 -16.8061 -0.959679 0.100853 -3.71648 0.209795 -0.488269 -0.847101
58.9461 5.9605 0.2785 0.0940416 0 4.2 -0.649706 0.582058 0.488969
61.5878 4.28819 -12.5335 0.442214 0 -4.5 0.584531 0.808702 -0.065768
48.3439 0.93575 35.544 -0.29131 0 -4.5 -0.879255 -0.457979 0.131016
53.1128 19.608 23.6159 0.184085 0 -3.9 -0.792108 -0.0497298 0.608352
44.2975 -23.9743 39.4965 -0.549203 0 -3.2 -0.468292 -0.80859 0.356208
46.1894 -5.81956 8.02956 -0.0363279 -0.00300926 -0.76233 -0.350561 -0.736973 -0.577908
71.0715 -20.2624 35.2239 -0.637207 0.00191619 -3.2 0.943483 -0.311488 0.1132
70.059 -23.2555 39.6273 -0.266784 0 -3.5 0.916716 0.398219 0.0324532
50.841 -19.1632 31.8628 -0.495049 0 4.2 -0.880974 -0.243928 -0.405442
85.1827 9.24837 4.7625 1.10791 0 3.8 0.467765 -0.0913459 -0.87912
54.9249 22.2555 21.1136 0.105225 0 -3.9 -0.0351138 0.884227 -0.465736
52.248 -8.423 31.393 -0.065653 0.0810288 -4.44841 -0.76351 -0.516316 -0.387906
69.1637 3.40013 -12.9958 0.313073 -0.173172 -0.7 -0.0187113 0.204744 -0.978637
81.6179 -9.87113 42.6501 1.86029 0.283036 -3.9 0.837603 0.164618 0.520886
37.5373 14.047 20.5449 -2.2678 -0.721316 -3.5 -0.927703 0.125723 -0.351511
76.6184 -13.0511 38.6581 -0.466457 0 -1.89061 0.0361058 -0.509428 0.859756
84.8392 -12.1866 9.35175 -1.1887 0 -3.5 -0.129944 -0.667151 0.733501
75.9414 19.2511 10.4873 -0.368255 0 -0.929666 -0.253877 0.959111 -0.125112
90.3877 2.57425 -1.73231 -0.258647 0 1.8 0.899827 0.309344 -0.307599
72.641 -9.61263 14.7911 1.54919 0 -3.9 -0.176566 -0.984139 0.0171461
46.2778 9.81019 15.3124 -1.95878 -0.222358 -3.5 -0.936238 -0.284701 -0.205921
40.1992 11.6485 37.6647 0.252666 0 -3.9 -0.522004 0.0808959 0.849098
56.7509 -9.99794 2.07687 0.128728 -0.212279 -0.730078 -0.432578 -0.899871 0.0557522
62.5158 7.02588 36.2067 0.078517 0 -3.2 0.563144 0.0723938 0.823182
83.9816 15.9111 7.66025 -0.170165 0 -1.3 0.430957 -0.255858 -0.86534
39.6408 7.64825 23.0734 -0.177469 0 -0.4 -0.667867 -0.730882 0.14059
70.6297 -7.53944 14.6239 0.237951 0 -3.9 -0.77959 -0.0180462 0.626031
61.151 13.9899 39.0814 2.59457 0.0941758 -3.9 0.695134 0.677936 -0.239147
43.3643 -17.791 44.5552 -0.411198 0 -3.5 -0.39252 0.827051 0.402387
78.8625 2.9135 26.019 -1.85374 -0.0122353 -1.42776 0.476784 -0.771801 -0.420715
67.1693 15.7824 17.6781 -0.116273 0 -4.5 -0.0279727 0.411416 0.911019
56.5145 -4.056 35.0534 -0.472629 0 -2.18581 0.320046 0.462413 0.826889
69.4046 12.1949 -10.8813 0.244472 0.458278 -3.5 -0.313041 0.57925 -0.752645
48.1249 14.6219 30.041 0.810586 0.129904 -2.68086 0.83148 0.535866 0.14659
57.5431 -19.6518 26.5233 -0.323476 0 -3.5 -0.71146 0.369957 -0.597459
67.9899 -1.14762 -14.2965 -0.345856 0 -0.7 0.0757834 0.101064 -0.991989
47.23 9.99025 40.965 0.381826 0.382659 -3.5 -0.41009 0.612939 0.675376
55.095 15.1684 32.5006 -0.442143 -0.497087 0.597245 -0.100358 0.925011 -0.366446
53.075 -6.219 14.935 -1.48167 -0 -1.6 -0.341279 -0.87385 0.346287
90.4433 21.512 5.7075 -2.06227 -0.642402 -3.5 0.950843 -0.202088 0.234645
57.3226 12.5739 -9.27238 0.222784 0 -0.4 0.139754 -0.144638 -0.979566
41.3988 2.87287 11.3095 0.238157 0 -1.6 -0.857576 0.376145 -0.350825
44.6064 15.5256 20.9348 -1.76731 -0.0183922 -4.5 -0.526391 0.75429 0.392377
58.7277 -24.8528 34.6507 -0.207432 0 -3.5 -0.618982 -0.755154 0.215881
70.6633 4.4105 -13.1585 -0.291202 0 4.2 0.141933 -0.334692 -0.931577
67.4335 -19.1321 -11.3374 0.359324 0 1.9 -0.275986 -0.635833 0.720797
52.6442 6.39169 39.8096 -0.448772 -0.104178 -2.87873 -0.263439 -0.487654 0.832342
45.3561 13.1169 23.863 -0.105573 0 -3.9 -0.337942 0.936876 -0.0897639
73.4166 -10.8097 -13.3199 0.538927 0 -1.21065 0.105806 -0.332113 -0.937286
86.6175 5.753 -6.14875 -0.30086 0 -1.3 0.426031 -0.290971 -0.856641
68.214 7.027 -4.3125 1.32092 0 -3.2 -0.63438 0.632668 0.444177
45.335 9.7855 40.0565 0.457457 0.0870974 -3.5 -0.150127 0.778248 0.609748
43.8654 -21.9501 42.0301 -0.887753 0 -3.44783 -0.261763 -0.877979 0.40079
40.8604 8.90187 37.8551 -0.0931027 0 -3.9 -0.413769 -0.318141 0.852984
72.7396 -8.79769 24.3988 -0.584589 -0.0806766 3.71264 -0.184084 -0.632238 -0.752588
63.7599 22.4485 8.35019 -0.0686703 0 1.8 -0.0493736 -0.0862153 0.995052
59.7791 7.05831 37.209 -0.272832 -0.352549 -2.15575 0.342443 0.645359 0.682822
77.5242 -3.54875 10.3131 1.00094 0 -2.74612 -0.5624 -0.801534 0.203101
69.6358 -15.6147 45.6134 0.543054 0 -4.5 0.862982 -0.495315 0.0996268
87.358 -9.964 5.719 -2.03511 -0.354937 -3.5 0.888759 -0.0130353 0.45819
69.6973 -14.601 44.5689 0.643449 0 -4.5 0.938408 -0.319265 -0.132142
63.1228 6.42537 19.8854 -0.263128 0 3.8 0.955928 -0.126156 -0.265117
79.2061 23.6362 5.77838 -1.19783 -0.111418 -3.5 -0.337703 0.863638 0.374281
59.2583 -14.7968 24.9819 -0.447812 -0.39877 0.322017 0.199487 -0.341338 -0.918528
90.6707 7.57719 22.679 -1.1817 -0.188961 -3.12472 0.813962 -0.579973 -0.0331188
67.0769 -8.54488 -13.0141 -0.180511 0 1.18525 0.0370192 -0.443098 -0.895708
77.0135 -9.5055 30.1245 0.358404 0.729619 -3.5 0.843227 -0.297581 0.447675
55.0953 -10.8186 37.7163 -0.656283 0 -0.7 -0.497781 0.647986 -0.576479
91.4632 -1.9905 -8.27837 -1.48021 -0.151244 -3.5 0.340871 -0.392438 -0.854283
42.0535 -21.1885 41.492 -1.90387 -0.700561 -3.5 -0.724375 -0.607593 -0.325747
52.551 1.68575 36.4964 -0.679608 -0.143548 -4.5 0.367814 -0.0489209 0.928612
61.3609 -5.61369 -17.4977 0.172693 0 -3.5 0.6567 -0.0265504 -0.753685
54.7544 11.1099 -9.23019 0.232199 0 -0.4 0.33092 0.109151 -0.937325
53.6958 22.6765 24.1615 2.36337 0.868497 -3.9 -0.846144 0.514266 0.139893
87.8601 -8.25425 -3.8445 0.265502 0 -4.5 0.463832 0.350885 -0.813474
66.2087 19.8594 7.59 0.0335376 0 1.22592 0.0238832 0.278653 0.960095
62.391 -15.053 46.956 -1.71769 0 -0.9 0.263476 0.277198 0.923981
51.0646 6.89187 39.7719 -0.274529 0.517299 -4.00171 -0.0445327 -0.597913 0.800323
88.7451 12.5864 20.1552 -0.558384 -0.522068 -3.5 0.825433 0.55842 -0.08262
60.1686 -3.33413 -18.0781 0.623994 0.0348355 -3.5 0.382308 0.82851 -0.40916
51.4468 19.0026 18.9495 0.286354 0 -3.52213 0.472345 0.851662 -0.227072
65.2392 1.77219 33.8506 -0.0967325 0 3.8 -0.286727 0.911802 0.293948
52.011 0.3435 -7.469 -0.555661 -0.0072162 1.8 -0.766517 -0.588331 0.257523
46.9334 5.15963 38.6611 -0.883996 0 -3.5 -0.452031 -0.721295 -0.524787
84.1243 -8.563 -7.79075 -0.0308645 0 -3.5 0.832233 0.00709563 0.554381
67.2721 7.60094 -10.6328 0.0471764 0 4.2 -0.642697 0.217966 -0.73446
78.0628 2.74106 23.7757 -2.16383 -0.294718 -2.20111 0.620401 -0.742175 0.253533
53.2266 0.877625 -13.3891 0.827285 0 -2.87582 -0.677888 0.335043 -0.65438
75.709 -0.318875 -15.8422 0.907344 0 -3.9 -0.0197344 0.626527 -0.77915
71.2465 0.77275 21.03 -1.47655 0 -3.5 -0.624032 -0.31952 -0.713086
74.4441 -13.1608 31.2821 -0.217371 0 -3.5 -0.0114591 -0.988956 0.147764
42.4608 4.301 20.3503 -0.0213774 0 4.5 -0.752811 0.351861 0.556299
59.9 -12.1683 45.8475 -0.821627 0 -0.9 0.272181 -0.092148 0.957824
62.1113 6.1615 37.1555 0.132543 0 -1.6 0.532563 0.494158 0.687157
73.3948 -1.5705 -14.1961 0.762783 0 -3.9 -0.701466 0.531721 -0.474571
44.5252 -22.5624 35.4889 -0.979889 0.0601787 -3.22053 -0.132784 -0.604132 -0.785743
51.7021 8.83613 -2.47869 0.380214 0 -4.5 -0.23253 -0.972495 0.0135294
54.2192 -9.78563 30.9093 0.498006 0.0645631 -4.5 -0.551881 -0.489924 -0.674834
67.9965 17.2759 -1.60563 0.946523 0.0712239 -3.5 0.0397681 -0.304979 -0.951528
65.2473 -13.8995 26.2858 -0.253613 0 3.8 0.70231 -0.461249 -0.542227
73.1874 -9.63506 -14.4521 -0.721466 0 -0.7 0.276528 -0.684971 -0.674053
46.554 13.4492 13.8924 0.0558481 0 -4.5 0.024314 -0.0374766 -0.999002
85.7099 18.5424 14.3611 -0.729843 0.155447 -3.74649 0.723498 0.336592 0.602708
61.3 -8.20788 -9.84587 -0.100408 0 -1.3 -0.656166 -0.644558 0.392417
43.9971 -16.2539 42.1895 0.13374 0 -2.15955 -0.295638 0.615987 0.730177
93.4747 7.3865 7.77187 -1.48309 -0.109864 -3.5 0.631156 0.554002 -0.542885
44.9402 -2.11344 17.6769 0.411404 0 3.8955 -0.612188 -0.743006 0.270496
42.0844 12.2423 19.2044 0.213128 0.0406675 -4.5 -0.599194 -0.12352 -0.791018
48.8172 9.46875 13.6476 -1.03326 0 -3.5 0.499309 0.662089 -0.558864
93.2664 -4.97931 -2.498 0.347609 0.0683695 -4.5 0.830238 0.0517697 -0.554999
56.4644 -4.10869 21.1611 -0.0397046 0 -3.5 0.0308071 -0.984584 0.172178
44.0737 3.62656 22.492 0.171267 0 3.14497 -0.8481 0.11915 0.516266
59.038 -10.1753 -1.7355 3.31493 0 1.9 0.0057298 -0.965086 0.261872
77.7079 -6.23081 25.5586 -0.686631 -0.0867249 -3.5 0.855417 -0.493082 -0.158531
59.3666 -26.3961 44.4526 0.692493 0.290946 -4.5 -0.301629 0.0148022 0.953311
84.5205 0.410688 -13.1192 -0.119867 0 1.8 0.127981 0.720736 -0.681293
50.4271 12.4381 28.3238 -0.329495 0 -0.537003 -0.127948 0.855298 -0.502089
49.2044 -8.71288 36.4814 -0.794213 0 -3.2 0.0368781 0.489389 -0.871285
55.6635 -7.5365 13.2205 -1.76474 -0.01593 -0.7 0.193757 -0.89219 0.407989
53.1065 -15.0241 43.6478 -1.45164 0 -3.2 -0.0629137 -0.174821 0.982588
65.3294 5.45937 -9.93937 0.197463 -0.460562 -4.5 -0.715191 0.443567 -0.54014
81.3835 18.3875 19.0604 0.0444733 0.219117 -2.20257 0.226817 0.157591 0.961103
67.1137 -9.8105 2.674 0.140247 0 -3.77056 -0.158733 -0.69051 0.705691
42.5633 5.24038 19.4922 0.0752462 0 4.3393 -0.882475 0.436414 0.175446
76.0021 17.1366 -2.26537 0.337186 0 -4.5 0.295073 0.512424 -0.806445
56.9065 12.1361 36.6201 -0.00492646 0 -3.08017 0.218584 -0.9681 0.122485
40.0386 0.658125 9.39937 -0.95895 -0.879042 -3.5 -0.0854462 0.981082 -0.173718
47.6034 8.7495 8.42975 -1.37834 0 -3.5 -0.157457 0.256287 -0.95369
87.889 7.571 -6.29275 -0.298041 0 -1.3 0.710332 -0.396482 -0.581575
61.8436 -26.4644 24.9701 -1.96496 -0.0984768 -3.5 -0.356193 -0.754105 0.551772
64.493 -10.37 10.2465 -1.57299 0 -3.5 -0.106083 -0.979643 0.170427
63.4507 2.1165 31.263 -0.405627 -0.19328 -3.5 0.215131 0.680953 0.700016
82.4696 4.04331 -6.77575 -0.532132 0 -0.278999 0.691222 0.329325 -0.64324
63.8581 18.0483 8.04237 0.00422428 0 1.8 -0.587229 0.204351 0.783201
42.2064 10.4148 19.7563 -0.0974095 0 0.728564 -0.345928 -0.17495 -0.921806
70.2205 11.1788 16.2981 -0.0840444 0 -4.27334 -0.629769 -0.0502147 0.775157
80.0079 -4.12738 33.4062 -0.302043 -0.328731 -3.5 0.878294 -0.171008 0.446493
59.253 -23.7327 24.3515 -0.739257 0 -3.5 -0.763706 -0.514754 -0.389591
64.0534 -19.1777 44.7061 -2.26688 -0.258002 -3.5 0.818014 -0.148641 0.555661
74.9765 -8.79825 16.343 2.47154 0 -3.9 0.803707 -0.401571 0.439086
84.6267 -11.2107 -8.82575 -2.02005 -0.160386 -3.5 0.89196 -0.418047 0.172176
47.8237 4.5055 37.9576 -0.366887 0 -4.5 -0.892446 -0.45112 0.00559215
57.4569 -4.95856 -5.59188 -0.481251 0.146351 -0.446138 -0.303038 -0.80897 -0.503722
54.0121 0.85175 33.8988 -1.04131 0 -4.5 0.883958 0.4556 -0.105102
58.7598 -7.09987 -8.94275 0.410966 0.707891 -3.5 -0.396942 -0.915494 -0.0656297
61.2729 9.79613 -7.36044 -0.0700798 0 -1.6 -0.171942 -0.574622 -0.800153
89.5395 22.4002 6.79625 -1.46993 0 -3.5 0.520212 0.335548 0.785358
55.3158 0.197688 1.97406 -0.786197 0 -1.6 -0.325321 0.351069 -0.878018
49.1805 -11.3593 42.0197 0.375757 0 1.8 -0.0404101 0.672752 0.738763
88.5478 0.4325 -12.9028 0.0127193 0 -3.2 -0.202103 0.80293 -0.560766
48.872 17.8515 16.0725 -0.30028 0 -3.5 0.431713 0.543571 -0.719829
88.397 14.3214 28.3729 1.49322 0.762815 -3.9 0.424056 0.777287 0.464759
63.2977 3.66819 16.1071 -0.24905 0 -1.3 0.369766 0.475757 0.798078
52.89 20.7052 21.254 -0.0310049 0 -3.9 -0.718064 0.574388 -0.393017
58.4571 6.66388 39.3211 -0.74826 -0.066253 -1.6 0.85207 0.506936 0.130357
61.7061 0.513563 33.2297 -0.398068 0 3.8 -0.682196 0.731155 -0.00455534
77.8733 1.54062 25.8315 -1.7296 0 -1.32389 0.841579 -0.19723 -0.502837
81.2716 -13.9021 -8.19862 3.08025 0 -3.9 0.440614 -0.877977 -0.187123
69.5415 7.968 16.244 -0.930965 0 -3.5 -0.633461 -0.0766766 0.769966
61.8361 15.1292 1.26912 -0.807978 -0.481663 -2.12122 -0.284191 0.315708 -0.905298
82.9299 -1.4425 -13.3984 0.12081 0 1.8 -0.290367 0.468049 -0.834636
77.3227 -15.5588 -0.692187 0.447881 0 -1.0165 -0.264469 -0.929954 0.255426
51.1354 16.659 22.3561 0.279991 0.162883 -2.50371 -0.153973 0.489924 0.85806
84.7208 24.1512 11.9384 0.0142258 0 -1.35782 0.649943 0.384752 0.655393
56.1978 -13.7198 29.9869 -0.271309 0 0.515794 -0.990101 -0.0817819 0.114068
65.3742 -3.68863 21.5577 -1.37847 -0.950076 -0.7 0.445059 -0.0616665 -0.893376
73.847 20.2214 7.22719 -0.0433321 0 -4.5 -0.0263841 0.608988 0.79274
59.586 -11.3139 9.85194 0.253142 0 -4.5 -0.652316 -0.607089 0.453792
79.1786 -4.346 14.5594 -0.473944 0.929931 -4.5 -0.249864 -0.683927 0.685429
73.8371 -15.2942 -11.1355 0.106967 0 -3.5 -0.297579 -0.947774 -0.114767
86.2151 -9.54037 15.7543 -0.0335487 0 2.38358 0.461872 -0.810433 0.360378
80.9664 2.803 -9.95613 -0.0959956 0 4.2 0.596311 0.481818 -0.642078
55.7747 4.18844 -11.3599 -0.793414 -0.482997 -3.5 0.717743 0.670395 0.188187
86.5816 -4.54362 -9.69487 0.0698697 -0.673842 -3.48241 0.400403 -0.651639 0.644239
48.0597 6.77675 32.5115 -0.0101734 0 -0.9 -0.776979 -0.505591 0.375075
67.0749 11.2688 29.1824 -0.403688 0 -3.5 0.190506 0.9387 0.287316
56.1922 19.3524 20.1042 -0.29487 0 -3.9 0.780529 -0.0393457 -0.623881
56.5189 -6.3225 -4.1445 0.43983 0 1.9 -0.195382 -0.495742 -0.846207
73.0784 -14.6568 34.3893 -0.189317 0 -2.97759 0.482362 -0.798106 -0.361045
54.3769 13.5094 -7.05538 0.202148 0 -3.62116 -0.323764 0.924331 -0.201963
60.3226 7.06812 -5.89638 0.355481 0.22966 -3.41247 0.124023 0.147915 -0.981193
77.1635 0.402375 33.6772 -0.257885 -0.0243058 1.66414 0.591467 -0.053227 0.804571
66.1494 -6.98181 -5.52819 -0.475281 0 -1.3 -0.231602 -0.835569 0.498181
61.6094 -10.6022 3.5935 -0.101021 0 4.5 0.525165 -0.62204 0.580747
70.1724 20.5625 0.44625 0.18102 -0.0728431 -3.5 0.494197 0.661362 -0.564243
58.9144 -11.9105 1.32 0.0904763 0 4.5 -0.573141 -0.768912 -0.283344
49.4412 -22.0716 41.3138 0.0626254 0.0210284 -2.4653 -0.226388 -0.970482 -0.0831457
68.9696 17.145 11.5714 -0.764721 -0.125976 -3.90086 -0.264285 0.0888878 0.96034
71.5996 4.11363 24.4201 -0.526484 0 2.3594 -0.100566 0.700138 -0.70689
44.1958 -13.6016 36.017 -0.405275 0 4.2 -0.716448 0.668781 -0.198579
69.4778 16.6157 -0.74425 0.514818 0.320648 -0.310489 -0.15199 -0.454534 -0.877666
83.0766 19.7033 19.5998 -0.142117 0 -3.5 0.0518569 -0.404488 0.913072
52.6414 8.419 -4.51737 0.330947 0 -4.5 -0.0917515 -0.906298 0.41256
77.902 -1.69975 24.0228 -1.29084 0 -1.6 0.576861 -0.0671357 -0.814079
52.6624 -9.96212 37.5171 0.111081 0 -3.2 0.633921 0.294513 -0.715127
58.5662 9.85 42.5735 -1.88662 -0.931973 -3.5 0.758347 0.377655 0.531307
89.5078 12.9904 27.6541 1.21981 0 -3.9 0.868972 0.494394 0.0214955
65.1058 17.7638 10.1458 0.30727 0.614871 -4.5 -0.567859 0.672312 0.474904
74.0311 -12.5863 -13.4015 0.0582616 0 -3.5 -0.0552745 -0.292997 -0.954514
60.5488 -24.5009 46.0174 0.3528 0.353224 -3.62653 -0.258631 -0.92996 0.261313
60.6983 -8.7945 22.5774 0.247185 -0.023772 -3.30021 -0.104749 -0.57963 -0.808119
84.8777 25.8826 6.97156 0.158561 0 -1.6 0.568418 0.560272 -0.602491
89.8187 3.39756 -6.59969 0.409385 0.0630705 -3.5 0.469954 0.504129 -0.724567
92.6501 1.225 8.1245 -0.496223 0 -0.4 0.994612 -0.0861161 -0.0577164
69.1706 10.4125 26.9691 -0.173514 0 -3.5 0.409437 0.868549 -0.279254
71.7322 6.33262 19.3596 -0.266253 0.154158 -3.5 -0.86315 0.326914 0.384837
84.599 8.72875 27.8579 -0.381852 0 -3.9 0.112942 -0.414901 0.90283
84.535 6.3795 -7.28225 0.0783051 0 -1.3 -0.397465 -0.170079 -0.901718
55.5947 16.613 19.688 -0.268587 0 -3.9 0.647704 0.432595 -0.627169
87.8241 15.4918 12.0862 -0.123306 0 -0.9 0.539217 0.45824 -0.706584
69.4609 -19.3419 38.6478 -0.24462 0 -0.7 0.549127 -0.779346 0.301795
73.7152 -11.5614 -3.22288 -0.243555 0 -0.7 -0.411308 -0.11092 0.904722
92.424 6.461 12.289 0.0140366 0 -3.5 0.588946 0.564913 0.577941
57.9657 -7.96569 15.4444 -0.246563 0 -3.9 0.239629 -0.371513 -0.896971
55.615 -1.70187 -10.0456 -0.0951282 -0.798213 -1.09059 -0.391453 -0.775882 0.494743
60.401 -8.00463 21.3796 0.223523 0 -3.5 -0.52627 -0.848239 0.0594134
53.5827 3.76644 -4.62288 -0.10891 0 -1.6 -0.8043 -0.0663526 0.590508
52.2 -2.43613 37.336 -1.79272 -0.338862 -3.5 0.466687 0.0539898 0.882773
67.6965 -26.723 38.9125 -0.359216 0 -3.5 0.0630253 -0.996194 -0.0602082
93.0635 5.06525 16.8681 0.910545 0 -4.5 0.837404 0.414933 0.355787
50.1418 11.8177 -4.36225 0.903543 0.566494 -4.5 -0.73156 0.533334 -0.424707
88.9271 -5.83712 25.0142 -0.0584583 0 -0.8 -0.129865 -0.494242 0.859569
68.1185 22.3647 8.58012 -0.123817 0 -0.8 -0.196523 0.281977 0.939078
72.4099 3.51644 23.0801 -0.297051 0 0.759491 -0.416397 0.899688 -0.131057
49.1893 12.5666 38.9706 0.363451 0 -1.86705 -0.581063 0.600312 0.549537
70.8159 -12.3113 47.0234 0.468738 0 -4.5 0.844108 -0.115184 0.523655
57.1959 -19.8826 34.2622 -0.483529 0 4.2 -0.152499 -0.887304 -0.435242
66.8421 2.03425 35.8195 0.00873936 0 -3.39636 -0.945704 0.320357 0.0549215
52.5015 -2.967 29.1388 -1.00374 0 1.9 -0.186768 0.12063 -0.97497
72.5635 7.26 25.6944 -0.14403 0.520337 -2.83135 0.608565 0.502298 -0.614285
55.2455 22.611 22.727 1.83357 0 -3.9 0.0398555 0.916472 -0.398109
63.8949 -27.9991 41.3018 0.288808 0.312626 -4.5 0.365247 -0.830091 0.421359
53.2122 3.78956 36.5267 -0.332661 0 0.311371 0.447317 -0.52576 0.723522
42.1121 -21.8366 37.0866 -0.517921 0 -3.2 -0.918372 -0.170188 -0.357251
81.7804 -6.03113 -14.5839 -0.499827 0 -0.28108 0.0820868 -0.51508 -0.853203
43.1948 -15.412 41.3131 -0.324797 0 -0.8 -0.674525 0.507898 0.535776
52.1729 3.75994 37.4147 -0.152848 0 -4.5 0.597911 -0.587305 0.545505
72.025 5.375 -13.116 -0.328829 0 4.2 0.194157 -0.319328 -0.927541
81.72 3.24137 26.0854 -1.16996 0 -3.5 0.0420341 -0.995522 -0.0846757
86.1026 5.86825 26.8925 -0.161615 0 -3.5 0.438494 0.0609696 0.896664
69.5851 -17.6716 -11.8921 0.45295 0 1.9 0.687718 -0.367097 0.626326
90.4857 2.11162 -5.85969 -0.0189808 0.212467 -3.5 0.903646 0.0855724 -0.419645
48.4437 9.45487 11.613 -1.36008 0 -3.5 0.318274 0.929493 0.186399
78.0645 21.4595 10.152 -0.430501 0 -0.9 -0.641003 0.735199 0.220449
47.4922 -16.3124 41.7914 -1.63178 -0.0318642 -0.8 0.650988 0.0426274 0.75789
76.8494 3.01837 13.9333 -0.095363 0 -1.3 -0.0116866 -0.799357 0.600742
71.0307 -2.45294 37.8791 -1.15222 -0.178174 -1.6 0.616387 0.148314 0.77335
88.7881 -2.84375 -7.60081 -0.0634202 0 -3.49189 0.290084 -0.925725 -0.242662
87.6843 6.89981 -2.37913 0.0640104 0 -1.3 0.605585 -0.35853 0.710439
81.5791 -13.0329 41.947 0.239005 0 -3.9 0.510194 -0.753333 0.414961
72.0612 -1.42944 11.8764 -0.415299 0 2.8 -0.0566869 -0.858513 0.509648
86.8004 -13.7479 1.04037 -0.757998 -0.0162858 -3.5 -0.270606 -0.959896 0.0732965
69.189 2.59637 39.6522 0.483463 0 -3.9 0.154943 -0.033742 0.987347
61.528 -26.7243 37.9577 1.0433 0 -4.5 -0.75613 -0.585541 -0.292248
64.3033 0.646625 19.9606 -0.760719 -0.0129361 -1.50011 0.984164 0.0885461 -0.153562
57.48 3.42725 31.025 -0.242588 0 -0.8 0.245609 -0.72323 0.645457
57.5085 12.659 -3.5995 -0.0809259 -0.0345165 -4.5 -0.102367 0.924914 0.366135
86.2542 -4.03825 -14.4117 -0.217224 -0.159265 1.8 0.666617 -0.223556 -0.711087
55.3261 5.77525 5.21225 -0.250066 0 -3.5 0.169267 0.985512 -0.0107481
73.4498 -15.3525 -4.61025 -1.42137 -0.268093 1.8 0.109091 -0.928484 0.354988
78.7831 2.5385 22.9886 -2.5965 -0.632641 -3.5 0.0445189 -0.740221 0.670888
53.374 -1.4615 24.5805 0.416305 0.342208 0.105994 -0.174083 -0.748999 0.639293
73.8295 12.6647 -7.999 0.211715 0 -3.5 0.638525 0.765634 -0.078034
38.985 12.1646 23.4347 -0.783233 0 -3.5 -0.984632 0.076644 0.156928
88.6397 14.0981 19.8587 -1.87802 -0.137659 -3.5 0.961476 0.241682 0.130972
50.9619 1.23156 37.4817 0.100117 0 -4.5 0.528583 -0.42316 0.735891
59.5008 -16.5662 24.951 -1.88666 -0.0162646 -0.7 0.0302623 -0.284522 -0.958192
57.8203 2.14556 -0.9125 -0.690041 -0.588802 -0.459317 -0.496805 -0.561905 0.661398
75.4399 -2.618 10.6271 0.678161 0 -3.57985 -0.417725 -0.788548 0.451328
58.0087 -23.3277 45.5232 -0.424698 0.0199865 -0.603794 -0.166768 -0.742645 0.648588
63.0878 -10.2007 -10.9466 0.0486571 0 -1.3 -0.206762 -0.896153 -0.392632
64.3876 -19.7038 43.2916 -1.19825 -0.393139 -2.91892 0.814378 -0.185897 0.549755
66.5666 10.9843 -6.50531 0.675056 0 -4.5 -0.0630959 0.508768 0.858588
62.269 -24.378 45.7221 0.198122 0 -4.5 0.417855 -0.389829 0.820628
82.8932 -3.81962 22.7925 -0.417551 0 -0.8 -0.878285 -0.204867 0.432025
54.3543 0.8985 -15.2973 0.188999 0.148347 -3.5 -0.64151 -0.332637 -0.691243
44.7346 2.46287 26.2437 0.0608687 0 -3.9 -0.591412 0.782862 0.193284
49.2995 0.59775 2.64387 -0.345173 0 4.2 -0.397873 0.857416 -0.326397
58.6406 -29.0256 42.9019 0.547707 0.225662 -4.5 -0.500037 -0.850017 0.165635
71.0935 -1.12994 -13.8112 -0.911372 0 -0.7 0.508058 0.426036 -0.748579
48.4922 1.4975 32.8696 -0.189527 0.566104 -4.32822 -0.885252 0.400304 0.236824
70.767 -4.55825 38.1036 -0.0283411 -0.131286 -1.53592 0.432834 0.291032 0.853203
66.6094 5.733 30.2351 -1.15693 -0.492393 -0.7 -0.529567 -0.204257 0.823309
73.0389 -2.32013 7.758 -0.0795315 0 1.9 -0.622827 -0.728711 0.284723
87.8404 17.9272 14.1149 0.0879463 0 -4.5 -0.0763622 0.993683 0.0822368
64.5065 21.3248 3.40712 -0.693151 -0.585978 1.8 -0.41319 0.212677 -0.885462
70.7393 19.6249 11.1606 -0.564119 0 -3.5 -0.230513 0.753972 0.615134
85.801 12.4694 4.86469 0.40191 0 3.8 0.666385 0.484465 -0.566767
56.291 13.6315 41.904 -0.11969 0 -3.9 -0.324367 0.377441 0.867366
69.6481 6.04269 -13.7568 -0.0963132 0 4.2 -0.327632 0.0612525 -0.942818
48.9109 -7.34 8.02825 -0.887283 -0.855424 -0.7 -0.158186 -0.953756 -0.255591
61.5705 -20.6297 24.4025 -0.682149 0 -3.5 0.242647 0.681092 -0.690823
50.276 -9.27831 40.8673 -0.313841 -0.174035 -3.2 -0.119258 0.42772 0.89601
75.2909 -8.84237 -15.0243 -0.102943 0 -0.7 0.0159842 -0.300899 -0.953522
68.9364 -16.5624 43.7711 0.057105 0 -4.5 0.857498 -0.509939 0.0682618
86.6339 -9.67044 9.33056 -1.36911 -0.547837 -3.5 0.826817 -0.473512 0.303578
81.9779 -0.13 32.2545 -0.408147 0 -0.7 0.697695 -0.518143 0.494722
48.0404 3.74756 30.4224 -0.37752 0 -0.9 -0.738072 -0.0728455 0.670778
67.5647 -9.3615 43.8745 0.0970511 0 2.7027 -0.313432 0.913781 0.258387
60.1459 18.4665 4.71562 -1.76698 0 -3.5 -0.889753 0.455515 0.0290704
66.5551 8.89331 -9.90281 0.803904 0 -4.5 -0.554814 -0.0519396 -0.830352
52.336 14.5592 28.2364 -1.11843 0 -3.5 -0.830782 0.472952 -0.293458
74.8363 0.911438 -12.9748 -0.597206 0 -1.93497 -0.0694259 0.746919 -0.661281
79.1534 20.258 19.1326 -0.186835 0 -3.5 0.293797 0.54128 0.787845
91.4705 5.20363 6.47775 -0.19789 0 -0.7 0.614433 0.274008 -0.739859
58.1589 -9.13425 24.1189 -0.350075 -0.0248698 4.15784 -0.541023 -0.196865 -0.817642
55.411 -11.1512 25.0691 -1.29743 -0.0458346 -3.5 -0.56948 0.764235 -0.302718
57.8922 2.83262 35.954 -0.126215 0 -1.6 -0.167618 -0.900726 -0.400745
59.3549 10.5735 21.3335 -0.573703 0 1.74776 0.889854 0.000623213 -0.456245
84.67 -12.502 -4.71575 -0.793742 -0.577757 -0.8 0.420304 -0.215876 -0.88133
50.9365 -8.44312 12.4096 -0.0708449 0 -0.7 -0.359071 -0.747603 0.558711
82.6012 -11.7408 41.6428 0.151269 0 -3.9 0.981349 0.078706 0.175383
52.0036 -6.86875 34.4854 -0.0966477 0.284622 -4.5 -0.896383 -0.215557 0.38734
62.0848 -14.7905 25.2011 -0.373183 0 3.8 0.0422445 -0.434371 -0.899743
45.5759 -20.2017 33.5115 -1.57684 -0.055305 -3.5 -0.502037 0.368282 -0.782513
72.2851 3.72594 -11.9784 -0.856661 0 1.49233 0.077225 -0.326205 -0.942139
74.7138 12.9768 -5.1435 0.146817 0 -0.00659051 0.158099 0.763103 -0.62664
62.7614 -11.1139 2.06163 -0.00841853 0 -2.84138 0.278003 -0.716126 0.640218
64.0607 14.4782 -9.82956 -0.728163 0 -3.60391 -0.111634 0.708298 -0.697031
65.8196 8.35194 24.0494 0.528112 0 -0.4 0.550643 -0.0905638 -0.829814
42.46 1.47088 20.5159 0.00217689 0 4.5 -0.757521 -0.333583 0.561145
38.5228 13.9781 19.702 -2.42258 -0.417357 -3.5 -0.385491 0.295049 -0.874267
87.2694 -11.3114 -2.86238 0.114645 0 -4.5 0.506928 -0.581595 -0.636216
78.1999 0.448875 20.6449 -1.83872 0 -3.5 -0.066709 -0.985174 0.158055
82.0973 -10.2098 39.6376 0.662361 0 -3.9 0.990942 0.0824519 0.105999
90.3912 -1.94456 -0.448813 0.0908866 -0.426195 -3.56601 0.975941 0.169336 -0.137349
53.4277 3.57944 -12.3708 0.128384 0 -3.5 -0.786446 0.520199 -0.33301
67.4581 23.2499 3.36313 -0.664923 -0.732805 1.19151 0.0182522 0.824981 -0.564866
58.0202 4.58356 7.34069 -1.00397 0 -0.8 -0.073393 0.980263 0.183567
95.4985 -2.82238 18.3092 0.0563209 0 -4.5 0.789513 0.149823 0.595166
52.4452 -23.421 35.2191 -0.27602 0 -1.6 -0.218256 -0.131773 -0.966954
71.9076 1.17537 35.0972 -1.25983 -0.0387826 1.8 0.203417 0.816872 0.539761
62.0411 0.995875 -9.85087 -0.28151 0 -0.593498 -0.499786 0.348628 0.792889
49.6912 4.11319 33.2666 -0.422787 0 -4.16569 -0.957547 -0.286406 0.0328014
81.0349 8.63325 -1.8895 0.805222 0 -1.53666 -0.35794 0.928217 -0.101454
54.4103 0.425813 32.9841 -1.37952 0 1.9 0.603056 0.677479 0.421125
86.3817 -11.8109 6.41844 -0.9378 0 -3.5 0.917231 -0.385115 -0.101855
82.2121 -5.15547 15.7392 -1.08281 0 -3.5 -0.378414 -0.265251 0.886817
57.6508 -24.8829 39.1031 0.155733 0 -3.5 0.100825 -0.437959 -0.893323
67.4216 -20.2198 41.8658 -0.785701 -0.096873 -2.37529 0.430201 -0.212582 0.877346
59.1872 -9.6315 16.1777 0.651523 0 -3.9 0.584962 -0.330585 -0.740631
53.8009 8.37012 12.3254 -0.347096 0.248784 0.131859 -0.246985 0.743567 -0.621375
77.1926 0.491375 23.1732 -1.50636 0 -1.6 0.826191 -0.519136 -0.218874
50.4478 -4.73619 33.3351 -1.16135 -0.333184 -3.5 -0.213094 -0.972128 -0.0977688
79.2818 8.43581 -1.52513 0.780001 0 -2.85909 0.238945 0.956 -0.170204
69.2383 1.42675 -14.0083 -1.10839 -0.818983 -0.7 0.186416 0.452519 -0.872052
53.7691 -7.96875 7.03031 0.0235268 0 -2.60934 -0.499535 -0.84943 0.170098
46.2394 17.2884 18.7485 -0.450214 0 -3.5 -0.948708 0.232385 0.214358
88.7585 5.03331 -2.96688 -0.664753 -0.200697 -3.5 0.486875 0.771332 0.409878
51.0189 -18.4167 35.932 -0.614982 0 1.8 0.193458 -0.980796 0.0247481
77.7433 -9.02888 28.9581 0.0194313 0.282349 -3.5 0.998335 0.0575099 -0.0043938
64.8438 6.54694 30.0706 -0.77547 0 1.8 0.30654 -0.416795 0.855754
75.4554 -12.9021 28.3778 -0.157984 0 -3.5 0.232928 -0.873989 -0.426483
88.0237 -5.67875 22.5486 0.0665565 0 -0.8 -0.482577 -0.871174 -0.09042
38.6355 16.6274 21.909 -2.3646 -0.34041 -3.5 -0.344525 0.929392 -0.132416
58.078 16.1578 18.2888 -0.495523 0 -3.5 -0.158628 0.819143 -0.551219
65.72 -9.87775 11.6412 -0.777622 0 -3.5 0.249462 -0.524489 0.814051
83.8098 -6.00806 -6.87175 0.624358 0.661384 -0.9 0.955401 -0.294863 -0.016273
76.1145 7.89981 -5.914 0.204455 0 -0.7 0.473064 0.484908 -0.735577
55.877 6.89075 -9.37025 0.265126 0 -1.6 0.718522 -0.0871355 -0.690024
47.9654 -3.28156 3.90931 -0.846959 -0.314293 4.2 -0.791697 -0.14409 -0.593679
44.1605 4.10313 40.6035 -2.10826 0 -3.5 -0.53966 -0.801166 0.25865
79.3184 -13.7279 -11.8159 0.313055 0 -3.2 0.578408 -0.804596 0.134422
39.2546 11.472 25.9674 -1.17993 0 -3.5 -0.852887 0.502343 0.142253
85.9336 24.247 8.50562 0.0576711 0.143676 -1.8982 0.926786 -0.112092 0.358473
60.9869 -0.262 -9.34937 -0.166436 0 -4.5 0.174399 0.777384 0.604366
60.302 -27.326 44.4688 0.386924 0 -4.5 -0.0963016 -0.403223 0.91002
56.3505 18.0095 23.3037 -0.984806 -0.715402 -3.5 0.918912 -0.0185652 -0.394025
56.6793 -5.99394 27.0234 -0.128524 0 4.2 -0.797507 0.468021 -0.38071
42.2436 4.7475 31.4918 -0.524831 0 -3.5 0.204827 -0.620882 0.756671
65.372 11.0794 10.3619 -1.53414 -0.806387 -3.5 -0.739697 0.13024 -0.660216
57.506 6.34438 41.4603 -1.92469 -0.742648 -3.5 0.152132 -0.942988 0.296023
78.6045 -9.29725 39.6246 2.02525 0.402485 -3.9 -0.767741 0.478779 0.425844
43.1897 7.06706 40.9545 -0.533225 0 -3.5 -0.784772 -0.118467 0.608358
85.3477 20.6098 14.1889 -0.506615 -0.314029 -3.5 0.937283 0.272959 0.216782
69.9141 -14.5619 31.3986 -0.359747 -0.00563953 -3.14465 0.982099 0.111376 -0.151914
41.3918 0.409031 28.6514 0.354272 0 -3.9 -0.25826 -0.003504 0.966069
40.6167 10.8241 19.7257 -1.36973 -0.322848 -1.81875 -0.255554 -0.0382309 -0.966039
62.6155 20.7511 6.42225 -0.146934 0 1.8 -0.976019 -0.0266254 0.216051
42.8763 -7.299 10.7522 0.529534 -0.112385 -0.8 0.231275 -0.623369 0.746943
40.8228 15.4987 21.932 -1.40834 0 -3.5 0.417246 0.904676 0.086411
58.7989 -4.39288 -1.34312 -1.50688 0 1.43067 0.167246 0.490535 0.855222
56.69 9.10525 -7.7375 -1.08125 -0.00619933 -4.5 0.54564 -0.103745 -0.831573
71.6359 -15.0905 -12.0104 0.117455 0 1.9 0.701532 -0.704527 -0.10721
56.9701 13.8877 21.947 -1.0602 0 0.193304 0.595818 0.726002 0.343398
45.5843 1.9115 7.6965 -0.371255 0 -3.5 -0.28054 -0.137456 -0.949949
56.4961 -3.1065 24.7658 -0.181947 0 -3.5 -0.749781 -0.424638 0.507456
48.1177 -10.5997 41.1235 -0.31073 0 1.8 -0.39208 0.528197 0.753181
57.9731 14.4747 25.7568 -0.534087 0 -1.85278 0.273339 0.198418 -0.941231
46.799 14.3254 31.1926 1.64275 0 -3.38625 0.565856 0.403169 0.719209
48.261 -14.9361 41.8996 -0.417302 0 1.8 0.197121 -0.764074 0.614276
49.4571 11.9521 14.6707 -0.858288 0.34242 -4.14913 0.444418 -0.0404743 -0.894905
46.8974 -11.3783 36.7594 -0.41184 0.0112366 3.046 -0.625616 0.288386 -0.724871
87.4932 -0.831125 -13.4497 -0.673007 -0.0126278 -3.07583 -0.120236 0.700401 -0.703549
66.8794 3.35125 32.4011 -0.949388 -0.473642 -0.8 -0.883261 0.447994 -0.138385
60.0574 11.6334 34.2233 -0.102612 -0.13647 -2.82266 0.745847 0.551116 0.374144
46.4398 -1.84656 7.02069 -0.653525 -0.246704 3.8 -0.487717 0.442661 -0.752452
46.2709 -2.632 18.5931 1.44576 0 2.5 -0.546429 -0.735663 0.40027
56.6603 16.5839 30.0488 -0.184832 0 -3.5 -0.2116 0.803842 0.555934
43.6828 -21.3954 44.3596 -0.700688 0 -3.5 0.053846 -0.927097 0.370934
54.7295 4.282 37.1427 -0.178858 0 1.8 -0.0429466 -0.90743 0.418003
79.709 -5.21119 34.1137 0.0699817 0 3.8 0.992824 0.109052 -0.0490634
47.5905 16.0691 29.363 2.58875 0.0361927 -3.9 0.727147 0.68603 0.0249292
54.4198 -10.0909 38.3667 -0.117963 0 -2.86227 0.0198424 0.476817 -0.878779
61.071 -0.7635 -14.3527 0.120723 0 -4.5 0.0800304 0.32358 -0.94281
86.2822 21.7486 8.25431 0.0506035 0 -3.5 0.59278 -0.0101253 0.805301
82.0078 15.8721 20.5401 0.00595406 -0.439762 -0.9 0.631045 0.615946 0.471585
49.2508 -5.314 3.8845 -0.326911 0 3.13951 -0.652375 -0.469188 -0.595206
59.2034 16.762 26.521 -0.60825 -0.0319709 -0.867409 0.813687 0.545173 -0.201741
81.2884 5.9495 -6.13425 -0.219117 0 -1.33218 0.348647 0.510144 -0.786256
90.4195 22.0053 4.312 -1.46838 -0.623912 -3.5 0.773651 -0.378268 -0.508309
69.8331 -14.2192 25.5743 -0.305246 0 -0.7 -0.584531 -0.437654 -0.683214
49.9977 -5.1765 36.072 -1.53116 0 -3.5 -0.248579 -0.757468 0.603697
91.0433 5.62081 19.5224 -0.0437287 0 -0.9 0.914123 0.368424 0.169239
47.3889 0.305 31.2126 -0.840608 0 -3.5 -0.894903 -0.144844 0.422101
75.6433 -2.58156 -16.3809 3.2735 0 -3.9 0.297168 -0.140255 -0.944468
52.368 -2.19681 -14.1095 -0.075084 0 -0.8 -0.725089 -0.259788 -0.637775
81.8755 -1.6595 22.6308 -2.61325 -0.170847 -0.8 -0.719745 0.0098707 0.694169
81.6039 24.8853 3.91144 -2.13856 -0.396707 -3.5 0.476384 0.865862 0.15278
57.7593 -14.755 24.8316 -0.832884 0 -3.5 -0.120854 -0.707805 -0.695993
90.1919 7.7665 16.8781 0.760784 0 -4.5 0.826462 0.562728 0.0172686
60.6763 -24.3277 27.7843 -1.06811 -0.0272621 -3.5 0.242382 -0.906696 0.345185
86.1604 -7.549 -4.71125 -0.137582 -0.0290268 -4.5 0.41019 -0.0305881 -0.911487
82.6571 -6.32987 37.1634 0.146471 0 -1.6 0.806272 0.348706 -0.477838
81.5139 12.557 30.5677 -0.340851 0 -3.5 -0.41216 -0.123474 0.902706
68.7801 -8.23044 5.73975 -0.924664 0 -0.9 0.433614 -0.871438 0.229293
81.0687 -4.634 30.5678 -0.958638 -0.224909 -3.5 0.989224 -0.134202 -0.0585233
84.2835 -10.358 -5.3835 0.076598 0 -0.8 0.348504 -0.176375 -0.920563
52.101 4.39638 -8.72875 -0.288904 0 -1.42839 -0.875056 0.463357 -0.139922
55.3401 23.3254 24.0958 2.58286 0 -3.9 -0.0976796 0.989854 -0.10319
62.6559 14.9532 -5.27806 -0.175163 0 -3.5 0.260759 0.716041 0.647526
61.9159 13.8401 0.700188 -0.456607 -0.142419 -2.2332 -0.110742 0.583466 -0.804552
51.2151 -8.23188 1.16737 -0.996051 -0.598218 -3.5 -0.62322 -0.700718 -0.347261
55.4599 -4.85675 39.9218 -0.38913 0 -0.7 -0.784204 0.584697 0.207736
59.2344 -5.59469 22.3919 0.0525905 0.0301456 -3.5 -0.678241 -0.446465 -0.58366
52.454 -3.658 19.6775 0.145436 -0.0281952 4.5 -0.596106 -0.779217 0.193593
74.4265 -0.910125 37.4106 -0.178495 0 1.8 -0.284005 0.247389 0.926358
60.1567 0.408125 30.4 0.4425 0.822421 -4.39623 -0.432376 0.347473 0.832054
42.1424 -19.3675 44.8239 -1.02638 -0.627525 -3.5 -0.478245 0.30323 0.824217
77.3252 12.5743 25.7656 -0.27066 -0.821276 -0.7 -0.582366 0.501026 0.640174
46.2661 15.9547 31.4331 2.35075 0.415002 -3.9 0.342596 0.56765 0.7486
57.1359 12.2991 42.1529 -0.193797 0 -3.9 -0.142974 -0.0668042 0.987469
48.6422 -22.8035 38.1456 -1.87535 -0.171996 -3.2 -0.120501 -0.85208 -0.509352
90.4959 -7.54919 15.6712 -0.313677 0 3.8 0.921009 -0.383069 -0.07071
70.5234 -22.9587 35.7028 0.160819 0 -3.5 0.753822 0.231211 0.615056
51.7939 12.5457 -6.13631 -0.199511 0 -4.5 -0.502911 0.85974 -0.0890374
68.3693 -12.6775 -4.98863 -0.517317 0 -1.41045 -0.933703 0.214537 0.286657
51.3617 -15.2204 32.9793 -0.471545 0 0.0481162 -0.421266 0.41379 -0.807039
59.175 0.67375 -10.251 0.591223 0 -4.5 -0.120638 0.608788 0.784107
83.6998 1.01544 -8.85763 -0.259054 0 3.31882 0.313077 0.934062 0.171785
64.3899 -26.7498 42.7821 0.596549 0 -4.5 0.629176 -0.571239 0.52709
65.1611 -10.7489 -2.37188 -0.0447327 0 -3.9 0.601408 -0.260228 -0.755374
55.1213 -3.91613 -2.63775 -0.865761 0 1.9 -0.893649 0.436519 0.104131
81.0264 22.9813 9.72944 -0.038589 0 -1.06394 -0.63035 0.693966 0.347951
56.5992 -9.7515 25.8574 -0.438112 0 -3.5 -0.839391 0.288829 -0.460435
65.5807 11.9451 -11.3931 0.800137 0.322658 -4.5 -0.53137 -0.361279 -0.76624
55.5485 11.4298 -3.13913 -0.0258484 0 -4.5 -0.143604 0.723688 0.675022
80.1262 -11.7236 -14.855 -0.67338 0 -3.2 0.786166 -0.251865 -0.564364
85.2896 16.6985 9.3255 -0.156622 0 -1.3 0.80209 0.535853 -0.263655
71.8143 -0.224125 12.8107 -0.530861 0 2.8 -0.111479 -0.387688 0.915025
88.6713 9.51331 6.4935 0.100035 0.0171068 0.153946 0.737009 0.378165 -0.560187
66.477 15.6984 -0.32 0.381183 0.68846 -3.5 0.00149092 -0.4158 -0.909455
65.2872 15.2625 16.1868 -0.126081 0.0421495 -4.5 -0.795514 0.581098 0.171704
85.7379 -1.23269 24.8102 -0.631072 -0.0729701 -0.4 0.128357 0.742539 0.657389
66.4072 15.3026 -9.8145 0.304802 0.417715 -4.5 -0.0252376 0.871737 -0.489324
52.2868 5.64675 -5.954 -0.306247 -0.419382 -1.6 -0.853453 -0.0653535 0.517056
60.343 -10.8734 10.4764 -0.124548 0 -4.5 -0.072155 -0.352288 0.933106
49.5941 -21.0613 44.347 -0.426922 0 -0.8 -0.310632 -0.199774 0.9293
40.5451 -0.998 24.8826 2.52563 0.335821 -3.9 -0.574062 -0.505694 -0.643993
84.1389 9.7195 -2.51288 -0.466116 -0.127055 -0.4 0.337425 0.922802 -0.185959
72.2812 -7.56238 40.7871 0.125527 0 3.8 -0.16824 0.639049 0.750541
84.2626 -9.87581 16.6251 0.789628 0.717204 -4.5 -0.215419 -0.33773 0.91626
47.6603 17.2167 14.4812 0.0915441 0.0668327 -4.5 -0.0565527 0.732465 -0.678452
55.459 -3.1255 -3.76775 -0.168586 0 1.9 -0.892448 0.430673 -0.134377
43.2936 -0.0263125 20.6636 -0.0451098 -0.0191924 4.5 -0.822925 -0.348939 0.448371
41.6795 10.8995 31.2213 -0.749096 0 -3.5 -0.892702 0.243085 0.379464
71.6489 2.16412 33.8991 -1.20507 -0.0224577 -0.8 0.263879 0.561572 0.784222
74.8156 -4.19306 22.8779 -0.654875 0 -3.5 0.178971 0.33049 -0.926686
47.3885 -4.67338 4.34863 -1.72329 -0.300701 4.2 -0.747267 -0.410673 -0.522436
65.9177 -9.99588 -11.0556 -0.338017 0 1.52449 -0.424965 -0.729808 -0.535523
70.3124 -15.0171 -4.34425 -0.685404 -0.27555 1.8 0.074704 -0.868224 0.490516
42.1057 4.3165 29.4213 -0.900062 0 -3.5 0.460268 -0.870752 0.173046
63.6966 4.28306 -12.4941 0.1389 0 -0.4 -0.351935 0.842203 -0.408456
86.2315 -11.3173 9.488 -1.96954 -0.205755 -3.5 0.599408 -0.0570855 0.798406
76.7525 21.529 2.12937 0.7746 0.473247 -4.5 0.041051 0.135635 -0.989908
63.1312 16.9315 0.494437 -1.57223 0 -0.8 -0.431825 0.413869 -0.801398
58.8659 -9.63912 18.9877 0.9582 0 -3.9 0.557968 -0.428293 0.7108
44.4346 -0.7765 23.4282 0.143268 -0.0007832 -2.45904 -0.693162 -0.605011 -0.391776
58.3522 4.299 31.7524 -0.604035 -0.178351 -0.8 0.178068 -0.82946 0.529423
80.226 19.6724 0.471 -0.112917 0 -3.5 -0.407307 0.758996 -0.507963
40.4685 4.39313 30.8874 -2.00313 -0.0220509 -3.5 -0.176234 -0.573577 0.79997
55.4181 4.09406 -2.66381 -0.21109 0 -0.8 -0.452246 0.638848 0.622372
48.0617 -20.0174 44.0756 -0.953382 -0.0912144 -3.5 0.137354 0.155627 0.97822
50.7947 -5.47819 34.9381 -1.45365 -0.484586 -3.5 -0.352994 -0.929984 0.102588
63.8083 -7.68925 -7.72275 -0.535899 0 -1.3 -0.559772 -0.345708 0.753088
79.5282 -4.23475 36.1655 -0.251727 0 -1.12002 0.837871 0.543791 0.0475704
68.8229 10.3721 -10.8537 0.360563 0 -4.2623 -0.433518 0.182574 -0.882456
74.0116 9.83234 -7.66716 0.563351 0 -3.06192 0.980309 -0.0764104 -0.182085
70.7546 4.0945 37.0684 0.636502 0 -3.9 0.937726 0.230861 -0.259561
79.0948 -5.44537 12.2362 -0.317464 0 -1.3 -0.830993 -0.417023 0.368161
59.4623 13.4504 15.0096 -0.238755 0.693675 -3.2 0.224563 0.974023 -0.0291736
84.9287 20.1327 17.5916 -0.873367 -0.468656 -3.5 0.829898 -0.52648 0.184631
55.1969 10.4279 12.8301 -0.144987 0.745675 -1.3 -0.500741 0.496896 -0.708769
82.0721 12.3846 26.1051 0.213168 0.0551127 -3.5 -0.238637 0.751962 -0.614496
44.0833 10.917 17.5976 -0.15277 0 -4.5 -0.763742 -0.383938 -0.518932
85.9997 -9.33175 11.9536 -0.333452 0 2.83851 0.631528 -0.744538 -0.216414
60.102 13.56 12.803 -1.10526 0 -3.2 0.61448 0.777525 0.133673
81.2766 -10.8886 -12.5821 0.352903 -0.0743202 -3.2797 0.809103 -0.343815 -0.476597
69.5992 -9.96006 4.14838 -1.26774 -0.273367 -3.22945 -0.253087 -0.311967 0.915764
49.9551 -6.89275 1.703 0.287367 0.70483 -3.5 -0.875239 -0.0618438 -0.47972
85.8956 13.0056 23.7876 -0.871308 -0.903146 -3.5 0.140591 0.791277 0.595075
87.9681 13.7172 26.0206 3.18147 0.0910711 -3.9 0.282927 0.714833 -0.639505
78.0074 -6.59462 4.47294 0.188391 0.749651 -3.2 0.748729 -0.61462 0.24829
76.772 5.2315 -11.0653 -0.0578318 0 -1.3 0.861178 0.496386 0.109424
78.9064 -14.0133 34.0666 0.145206 0 -1.6 0.807914 -0.279766 -0.518657
68.5245 -6.50012 -14.2024 -0.522055 0 -1.3 0.0592906 -0.845922 -0.530001
51.6724 -3.6085 2.37737 -0.217899 0 4.2 -0.0115751 -0.156157 -0.987664
58.5826 -7.31544 19.5901 -0.089236 0 -3.9 -0.305885 0.0616499 0.95007
68.302 -9.43556 -6.34031 -1.03425 -0.219365 -3.5 -0.59467 -0.281614 0.753035
41.5255 6.946 14.8534 -0.356102 0 -4.5 -0.135938 0.989424 0.0506014
45.3534 15.5904 14.7661 0.327649 0.176447 -4.5 -0.660549 0.559034 -0.501155
58.8651 -21.3844 31.6354 -1.40018 -0.520989 -3.5 -0.998854 -0.0370558 0.0302987
66.934 -27.3501 33.9436 -0.537918 0 -2.82201 0.221464 -0.960035 -0.17113
70.0236 22.4811 2.36769 -0.742698 -0.195044 -2.45423 0.309374 0.741414 -0.595478
75.5153 -11.7551 -1.22656 -0.238475 0 -0.7 -0.888044 -0.0733869 0.453864
55.7675 -3.2085 35.558 -1.30895 0 -3.5 0.438735 0.0801 0.895039
73.299 -9.5795 0.74925 -0.134634 0 -2.96027 0.482738 -0.874861 0.0397789
86.8816 9.68312 -6.801 0.0343474 -0.0966496 -1.3 0.0668024 0.679188 -0.730918
69.0056 -19.4784 -13.761 0.186025 0 1.9 0.489052 -0.709021 -0.508053
45.9897 4.17238 7.42575 -1.53633 -0.0456411 -3.5 0.0734759 0.4233 -0.903005
56.4087 -7.72113 11.0199 -0.37219 -0.137251 -2.68644 0.334127 -0.8269 0.452322
46.0367 18.4648 17.0117 -1.86701 -0.71518 -3.5 -0.778515 -0.366505 -0.509498
68.6109 11.3641 -3.31434 0.214141 0 -0.8 -0.784379 0.51844 -0.340544
69.8907 -8.96587 10.4399 0.0396637 0 -3.9 0.224362 -0.964946 -0.136162
39.1053 15.0121 34.6232 2.56041 0 -3.9 -0.760865 0.347358 -0.548112
86.2602 21.4478 4.01125 -0.169243 0 -3.5 0.0266709 -0.454792 -0.890198
76.9147 17.493 24.1131 -0.0354049 0 -1.6 0.318242 0.352758 0.879934
55.3497 -11.0309 35.7234 -0.16973 0 -1.86475 -0.539611 0.819049 0.194883
61.1393 -5.97431 16.0018 -2.44808 -0.635257 -3.5 0.595032 -0.265019 -0.75875
87.8126 9.22556 5.03937 0.412476 0.139464 0.222781 0.303813 0.579262 -0.756408
60.0569 -7.50362 -11.1041 -0.0822359 0 -1.81143 -0.57203 -0.8046 0.159372
55.056 -3.98725 -11.6406 0.798907 0.675973 -0.8 -0.523509 -0.792716 0.312313
90.3988 3.99712 -3.32612 -1.58867 -0.822234 -3.5 0.873471 0.482859 0.0624078
58.618 8.406 5.179 -0.199396 0 -4.5 -0.965981 -0.0403492 -0.255447
58.1947 -1.12375 32.187 -0.956071 -0.419957 0.648729 0.223077 0.725964 0.650549
65.375 -8.7485 12.069 -1.29681 0 -3.5 0.23844 -0.0725376 0.968444
68.636 -11.6825 26.647 0.426438 0.0205886 -0.587884 -0.31836 -0.347299 -0.88206
67.5192 13.8301 -6.55275 0.647546 0.771416 -4.5 0.065755 0.113576 0.991351
87.4386 15.3171 9.2955 0.0274165 0 -0.9 0.380615 0.814362 -0.438117
74.2659 2.52787 14.192 -0.167727 0 -1.3 -0.0466602 -0.828969 0.557345
55.8535 -11.5503 23.6066 -1.41952 -0.0353798 -3.5 -0.256622 0.685697 -0.68115
70.366 -4.33294 23.4736 -1.37649 0 1.8 -0.227341 -0.526592 -0.819156
46.9737 -0.11675 7.83813 -0.193906 0 -3.26964 -0.273076 0.314885 -0.908998
72.4942 2.54731 13.6742 -0.485472 0 0.0771659 -0.126827 -0.756277 0.641842
89.4384 -4.37175 25.2456 -0.188257 0 -0.8 -0.0524331 0.242584 0.968712
79.8206 -1.72137 -13.6622 -0.214776 -0.0586033 -3.9 0.467816 0.647032 -0.602078
79.6908 -2.72619 34.3085 -0.049726 0 -0.4 0.860788 0.322986 0.39335
88.497 12.5228 7.53875 0.0642138 0 -0.9 0.565541 0.334972 -0.753629
83.6281 23.7802 12.6692 -0.029969 0 -0.4 -0.0500955 0.679394 0.732062
82.1647 10.5872 -1.73575 0.25153 -0.264528 -0.96 0.0612734 0.554426 -0.829974
56.4328 -26.6472 39.3743 0.0778264 0 -3.5 0.127433 -0.646339 -0.752334
52.6066 -15.7579 32.1902 -0.443177 0 4.2 0.0595503 0.777848 -0.625625
59.1696 -0.126375 -14.8057 0.668252 0.423933 -4.5 0.209379 -0.250976 -0.945078
83.1262 -7.71094 37.4466 0.330559 0 -1.6 0.96155 -0.0892448 -0.259725
83.3919 -14.6595 -2.13125 0.325898 0.18538 -2.2012 0.518866 -0.854851 0.00290579
56.4637 9.40906 35.2835 0.448836 0.0450074 -3.5 0.46274 0.4789 0.746007
60.8821 -12.2541 2.96988 -0.0754683 0 4.5 0.245222 -0.799482 0.548356
64.7805 -11.3193 1.92125 -0.110425 0 -3.9 0.0815334 -0.658116 0.748489
57.8288 -2.6285 -15.3262 -1.30941 -0.16624 -3.5 -0.227612 0.255126 -0.939736
60.0203 -5.73287 -6.0045 -0.8251 -0.495158 -3.5 -0.251545 -0.949871 0.185664
84.1829 22.2811 4.15513 -0.181216 0 -3.5 0.186948 0.31441 -0.930697
89.7807 -4.32987 -5.0535 0.30309 0 -3.5 0.0212387 -0.755769 -0.654494
56.0156 9.59003 -0.52325 0.932355 0 -4.5 -0.776949 -0.178529 0.603719
50.8153 1.667 -12.5554 -0.0211404 0 1.8 -0.40952 0.322868 -0.853258
58.5117 14.9103 40.6749 0.235155 0 -3.9 0.232524 0.946545 0.223573
38.0941 -2.65275 7.666 0.644115 0.678446 -3.5 -0.583016 -0.0397357 -0.811489
50.1204 11.1083 41.6227 -0.0374335 0 -3.5 -0.211682 0.293989 0.932074
47.5805 -6.05963 11.0135 -0.130408 0 3.8 -0.41467 -0.837618 0.355592
81.3607 -11.0378 3.4615 0.385639 0 -3.89104 -0.807075 0.0112968 0.590341
90.9827 -5.21088 18.7406 -0.367451 -0.278483 -3.5 0.280227 -0.925626 -0.25434
54.393 4.31575 32.7142 -0.622866 -0.0245907 -0.897486 0.442979 -0.819577 0.363404
87.6184 15.3845 10.8213 -0.13172 0 -0.9 0.712325 0.687086 -0.143198
61.1567 -12.2638 -2.28662 0.743218 0 -3.9 -0.630034 -0.775136 -0.0471337
43.9429 10.5215 38.5446 0.574066 0 -3.5 -0.248215 0.662372 0.706861
63.4674 -3.29938 19.501 -0.615777 0.852861 -1.3 0.916834 -0.312209 -0.248879
91.078 6.57 18.335 -0.0796881 0 -4.5 0.870709 0.478538 0.113432
64.9136 17.3533 0.309687 -0.671809 0.0494722 -1.4679 -0.590618 0.226286 -0.774574
55.9851 14.0966 16.4138 -1.60377 -0.248713 4.2 -0.347431 0.160357 -0.923892
82.1537 14.2627 -1.17606 0.569507 0.684879 -4.5 0.551395 -0.422598 -0.719288
91.2226 -9.88937 1.48063 0.0635946 0.877167 -4.5 0.206903 -0.551897 0.807837
61.1584 -26.1349 34.5659 0.0658253 0.48651 -3.5 -0.417927 -0.849001 0.323319
61.9079 8.50719 18.1236 -0.67305 0 -0.8 0.168936 0.650754 0.740256
82.6233 15.2028 -2.58337 1.40816 0.322947 -4.5 0.421562 -0.751222 -0.507889
92.2802 1.71581 0.0270625 -0.0492526 0 1.8 0.960831 0.10163 -0.257827
90.2714 -5.84625 16.2526 -0.378326 0 3.8 0.910274 -0.361511 0.201769
83.3039 9.70075 -4.16488 -1.58962 -0.274273 -0.4 -0.158322 0.905488 -0.393732
65.7099 5.12181 24.3813 1.1077 0.574135 -0.4 0.820493 0.290328 -0.492443
52.9501 -7.92175 29.6295 0.566745 0 1.9 -0.34909 -0.897698 -0.26884
56.9399 7.69225 11.7646 -0.760572 -0.716683 -1.1394 0.163568 0.409455 -0.897548
85.7191 -6.36431 -10.3015 -0.208315 -0.433995 -3.5 0.834022 -0.461436 0.302465
69.2299 0.0773125 14.2904 0.00498684 0.848402 -1.3 0.705615 -0.62128 0.340763
62.6012 9.07537 -7.67156 0.185971 0 -1.6 -0.214724 -0.498343 -0.839969
89.7729 16.6944 15.3003 0.128745 0.0863211 -4.5 0.432346 0.645035 0.630085
42.4607 0.16725 15.6586 -0.79882 -0.0295746 -1.6 -0.949024 -0.0482282 0.311491
42.9027 9.606 19.1941 -0.0951705 0 3.8 -0.774743 0.0251524 -0.631775
65.6862 -7.02025 -15.695 -0.215226 -0.046171 -1.3 0.27215 -0.431088 -0.860289
66.1652 11.2365 27.7402 -0.322158 0 -3.5 0.23867 0.966705 -0.0922957
42.114 -3.77387 11.4169 0.0581235 0 -3.5 0.0778046 -0.688471 0.721079
55.3076 10.2236 37.4879 0.071274 0.408406 -3.69273 0.891421 0.10696 -0.440373
49.033 -1.24 26.7085 -1.78821 0 -3.9 0.182014 -0.971804 0.149894
63.0319 15.8177 -7.79637 -0.443669 0 -3.5 0.170695 0.946123 -0.275164
65.927 -0.27275 37.3413 -0.525978 0 -3.9 -0.792823 0.431261 0.430635
75.7557 7.99631 29.9106 0.375603 0 -4.5 -0.23892 0.927471 0.287602
42.419 -19.118 39.5405 0.0299215 0 -0.8 -0.989682 0.0122591 -0.142755
52.6416 12.5084 -3.90375 0.298485 0 -4.5 0.0752097 0.904808 0.419125
54.2951 16.0174 37.8151 -0.686341 -0.823271 -0.4 0.377565 0.924643 -0.0497927
83.2859 -3.59 24.6996 0.299392 0 -0.4 -0.998662 -0.0261324 -0.0446286
60.8775 15.2878 -8.274 -0.549804 -0.52245 -3.5 -0.543089 0.781209 -0.307842
72.9341 19.2281 -2.90125 0.949296 0 -3.9 0.109323 0.699984 -0.705741
51.2661 12.2041 26.9117 -0.497874 0 3.12006 -0.399007 0.916691 0.0217156
56.0938 15.5141 32.0584 -0.412292 -0.960668 -0.8 -0.64402 0.730083 -0.228509
48.9748 -0.623312 1.77156 -0.29215 0 4.2 -0.520568 -0.0626694 -0.851517
42.1974 -1.96494 27.0203 0.401081 0 -3.9 -0.375035 -0.892104 0.251991
58.8223 16.1509 35.6598 -0.0672325 0 -0.8 0.89185 0.220742 0.394813
63.3235 -3.0175 14.822 -0.619999 0 -0.933742 0.232121 -0.705645 0.669466
55.3399 -9.34912 2.24344 -0.0416373 -0.120336 -2.522 -0.28699 -0.926317 -0.244077
69.4251 -2.37713 -15.2758 -0.208643 0 -1.3 -0.0985583 0.530286 -0.84207
74.4063 -5.49463 38.5648 0.0500699 0 3.8 0.093048 0.434282 0.895958
83.4498 15.8986 19.47 -0.351559 -0.217509 -2.86043 0.178251 0.62325 0.761437
39.7189 10.5646 37.3602 0.0353002 0 -3.9 -0.770586 -0.0408344 0.636026
62.726 -5.90462 16.9055 -1.92942 0 -3.5 0.756701 -0.242633 -0.607069
49.3671 -6.2905 12.6737 -0.00458026 0 -0.242514 -0.547636 -0.706418 0.448406
86.4335 -5.85656 -5.30819 0.377724 0 1.8 0.43838 -0.273728 -0.856094
49.9235 4.50138 8.83525 -0.235737 0 -3.5 -0.0860259 -0.0940076 -0.991848
62.802 -24.5624 32.4207 -0.234959 0 -3.5 -0.299218 -0.851576 -0.430449
63.3097 20.924 7.80075 0.43143 0 1.8 -0.456518 -0.19556 0.867956
63.2679 -28.4673 37.1468 0.0207635 0.547664 -4.38265 -0.743822 -0.6455 0.173375
47.6656 -1.29806 31.6367 -1.1666 0 -3.5 -0.997382 -0.0166793 0.0703601
75.4975 10.8305 23.8522 0.0311388 0 -0.7 -0.934948 0.354385 -0.0168234
93.3455 -4.7155 15.8515 -0.0350211 0 -4.5 -0.0138637 -0.998893 -0.0449392
68.6957 24.0278 4.81325 -0.172271 -0.218594 -0.8 0.20862 0.974055 -0.0877224
84.3881 -9.56413 -8.363 -0.688465 -0.0328787 -3.5 0.889803 -0.0411418 0.454486
75.5754 -10.1038 32.9314 0.0914594 0.289816 -3.2 0.987907 -0.0390562 0.150046
62.9557 -29.215 33.8213 -2.20557 -0.789449 -3.5 -0.505057 -0.746387 -0.433387
54.9082 -9.77956 30.0264 -0.0314807 0 -0.9 -0.815198 -0.533453 -0.225565
85.6175 14.719 22.0532 -0.179052 0 -3.5 0.215182 0.883388 0.416321
60.0079 7.51175 2.26988 0.882872 0 -4.5 -0.927175 -0.332537 -0.172525
42.1095 -20.9097 39.104 -0.148868 0 -3.2 -0.980685 -0.0443323 0.190504
93.8712 -5.89412 -1.8775 0.257493 0 -4.5 0.648963 0.56729 -0.50698
72.8659 -9.57831 12.8768 -0.0619821 0 -3.9 0.317622 -0.843222 -0.433697
42.2308 -5.97919 10.9666 -0.607171 -0.944223 -0.8 -0.35885 -0.0604074 0.931439
74.1452 -7.016 40.2593 0.058683 0 3.8 0.423763 0.731559 0.534085
63.8316 -1.66656 15.3474 -0.593899 0 -1.3 0.281135 -0.719303 0.635269
45.9967 1.647 28.6291 -0.3016 0 -3.38398 -0.650675 0.353634 0.671986
72.6302 -14.3156 41.2938 0.00841456 0 -0.7 0.747684 0.0177696 0.663817
65.3261 8.52675 -4.443 0.400898 0 -1.6 0.890396 0.0218309 0.454663
58.8044 18.1612 25.0486 -2.55165 -0.366511 -3.5 0.837469 0.303646 -0.454362
82.5227 -9.11175 38.4207 0.588002 0 -1.6 0.907368 -0.419888 0.0194063
82.6776 14.0176 3.96187 0.648121 -0.0212416 -3.53328 0.704805 0.700243 0.11362
86.1174 -6.46006 19.6113 -0.303426 0 -0.4 0.275016 -0.874122 0.400345
69.2067 -22.1726 38.3058 0.0125166 0 -3.5 0.921471 0.386433 0.0394938
54.0025 2.932 -15.1575 -0.425337 -0.173308 -3.5 -0.983072 -0.110845 -0.145885
51.4166 9.59175 -7.497 -0.117785 0 -0.4 -0.975073 -0.191281 0.112446
57.8792 -7.0915 -16.0865 -0.599581 -0.620164 -3.5 -0.65599 -0.752191 0.062334
84.8939 -6.11088 25.6742 2.35043 0 -0.4 -0.317586 -0.868946 0.379569
81.0196 -17.7275 -0.2005 2.84652 0.315651 -3.9 0.415706 -0.817261 0.39909
45.0315 -4.328 10.7277 0.469399 0.576209 -1.14724 -0.126966 -0.496363 0.85878
54.3923 -15.548 32.7259 -0.396154 0 0.0641924 -0.127594 0.400069 -0.90756
57.3023 -19.6171 32.3268 -0.438696 0 4.2 -0.298444 -0.949603 -0.0958411
53.5399 -8.29634 0.140781 -1.14866 -0.888316 -3.5 -0.0860435 -0.627353 -0.773967
59.1057 -10.1681 7.36963 0.0456449 0 -4.5 -0.3825 -0.871847 -0.305901
69.7294 -26.9771 35.2268 -0.111948 0 -0.4 0.457241 -0.882466 -0.110385
63.9054 -12.5798 45.3859 -1.5522 -0.106009 -4.5 -0.203664 0.52246 0.827984
47.723 -2.52456 30.7524 -0.958279 -0.0130927 -3.5 -0.89156 -0.364272 -0.269122
70.5209 21.1844 8.31444 -0.218087 0 -0.8 0.43241 0.692992 0.576874
61.1807 -8.42994 19.7066 -0.396048 0 -3.5 0.0542379 -0.998083 0.0298021
73.0013 14.8363 19.4592 -0.246661 0 1.8 -0.596217 0.560511 0.574763
59.8384 13.2973 24.8044 -0.530522 0 2.57749 0.224842 0.836644 -0.499473
80.667 10.4281 29.7334 -0.394531 0 -3.5 -0.405873 -0.00759565 0.913898
64.9689 -11.5775 24.8678 0.158448 0.00446601 3.21864 0.490987 -0.270794 -0.828011
68.2219 -8.38288 -3.1015 -0.551137 -0.108801 -2.36659 -0.914188 -0.13262 -0.382978
46.1785 -21.634 43.659 -1.49436 0 -3.5 -0.0705645 -0.76981 0.634361
93.4283 2.4765 16.3105 0.28699 0 -4.5 0.803027 -0.105098 0.586602
89.7479 -5.72331 -4.1005 0.793958 0 -4.5 0.00960211 -0.440307 -0.897796
59.9335 -17.7171 25.6268 -1.04515 -0.822933 -0.7 -0.0368007 -0.321725 -0.946118
77.821 -8.51175 3.6925 -0.0148151 -0.147527 -1.91661 0.521223 -0.409536 0.748737
57.273 -5.3065 36.2908 -0.196188 0 -0.9 -0.108611 0.961683 0.251734
54.7448 -17.4604 45.0376 -1.92423 -0.0380564 -3.5 0.0546536 0.209052 0.976376
75.9693 5.18713 -8.98563 -0.0882492 0 -1.3 0.689025 0.719305 -0.0885667
74.8395 2.80262 15.8061 0.190457 0 -1.3 0.0583078 -0.975936 -0.210115
89.7253 8.53613 5.54619 -0.522146 -0.665428 -0.7 0.611226 0.761641 -0.215188
55.1828 9.3345 11.7464 0.341204 0.15179 -1.3 -0.233237 0.482266 -0.844405
88.5019 -6.51831 23.7109 -0.0937787 0 -0.8 -0.570502 -0.816089 0.0923432
59.8395 -10.8395 -2.71825 0.992152 0 -2.65801 -0.217781 -0.935764 -0.27734
77.1797 -14.1427 37.2291 -0.168971 0 -1.6 0.0587665 -0.830792 0.553473
50.7743 -17.5935 33.779 -0.611811 0 4.2 -0.999035 -0.0175996 -0.0402448
73.6527 14.8083 -4.44256 0.301341 0 -3.9 -0.0843242 0.338871 -0.937046
62.9129 13.0819 30.3276 -0.0332334 0 -3.53976 0.453283 0.497765 0.739435
77.074 -11.102 30.689 -0.0572685 0 -3.5 0.934599 -0.0942056 0.343002
58.3259 17.6506 33.1691 1.41423 0.68644 -0.8 0.457097 0.880366 -0.12656
59.0751 -9.57156 10.1511 0.26886 0.779206 -4.5 -0.47202 -0.377115 0.796857
66.1789 4.06175 21.9077 -0.0877453 0 -1.6 0.717389 0.573969 -0.394857
47.353 -1.04275 28.7563 -0.493954 0 -3.53208 -0.565523 -0.822944 0.0542827
89.6452 9.42188 9.79775 -0.331835 0 -0.9 0.804582 0.497514 0.324235
79.0085 -7.86825 11.8051 -1.28077 -0.125808 -1.3 -0.844957 -0.271748 0.460652
62.1423 8.01556 10.4198 -0.349548 0.0072571 3.8 -0.640244 0.746825 -0.179831
49.6366 0.896937 37.5925 0.130889 0 -4.5 -0.277798 -0.682036 0.676502
73.5791 2.75956 16.9487 -0.232142 0 -1.3 -0.297402 -0.809415 -0.506359
67.3899 -19.9167 -12.9188 0.40715 0 1.9 -0.230792 -0.972113 0.0416234
93.8669 -8.35931 1.86075 0.650598 0.454434 -4.5 0.593664 -0.0917381 0.799467
52.413 -6.432 0.34775 -1.17312 0 -3.5 -0.163121 0.612774 -0.773239
50.4629 -8.814 11.0555 0.575574 0.735481 -0.7 -0.739521 -0.668411 0.0795983
56.7692 21.6307 22.081 0.143156 0 -3.9 0.847389 0.477814 -0.231571
48.6509 12.0704 -1.8585 1.01081 0.860074 -4.5 -0.883851 0.41654 -0.212844
46.4555 -18.375 34.912 -0.904359 0 -3.5 -0.0373837 0.358375 -0.932829
55.4352 10.7046 -1.98162 0.423261 0 -4.5 -0.438529 0.775142 0.454804
44.7767 10.1121 17.4909 -0.260879 0 -4.5 -0.398196 -0.312018 -0.862604
51.9008 17.5397 34.9785 1.57738 0.396052 -0.7 -0.236515 0.966932 0.0954119
46.5638 -17.8236 43.9004 -0.450755 0 -3.5 0.412708 0.517374 0.749664
71.3613 -23.627 33.1953 -0.28184 0 -3.5 0.546641 -0.454855 -0.703058
55.6694 15.8924 37.3582 0.25787 0 -1.14786 -0.00742503 0.970678 0.240269
70.1009 -12.9361 -14.067 -0.016669 0 1.9 0.00154862 0.225594 -0.97422
66.4773 -17.9565 43.6684 -0.507929 0 -2.22987 0.203152 -0.774305 0.599317
50.0016 -12.3048 43.0018 -0.143261 0 1.8 -0.267265 0.613384 0.743189
89.4479 -6.22731 5.18306 -1.65647 -0.822319 -3.5 -0.0544803 -0.950164 0.306952
66.9358 -3.76831 40.9811 -1.62051 -0.183218 -0.7 0.350753 0.643817 0.680053
44.086 0.703625 8.91125 -0.0941698 0.435857 -3.41706 -0.518034 0.0429035 -0.854284
60.3924 17.4601 19.1412 -1.17654 -0.0581422 -3.5 -0.0798021 0.866186 -0.493309
66.4284 -12.6746 -8.94175 -1.76479 -0.222071 -3.5 -0.877423 -0.396547 -0.269962
67.7915 5.86306 38.4564 2.98992 0.30265 -3.9 -0.449738 0.650539 0.611992
43.5343 -20.5252 35.9666 -1.02896 -0.0486136 -3.48417 -0.663769 0.105389 -0.740476
85.7831 0.535563 -8.14888 -0.211294 -0.157343 -2.22547 0.014721 0.981596 0.190404
82.2956 -6.36919 39.8478 0.188483 0 -1.6 0.705851 0.103477 0.700761
73.695 -8.46075 -15.4879 -0.729476 -0.096113 -0.7 0.211675 -0.515206 -0.830516
68.0657 5.93156 25.4032 0.583879 0 -0.545733 -0.0966943 -0.258895 -0.961053
67.8258 -9.4365 46.4684 0.462617 0.157133 -4.5 -0.111962 0.751195 0.650516
71.2484 1.42419 -12.2502 -0.939992 -0.952774 -0.7 0.508014 0.317653 -0.800636
44.084 7.1405 34.3425 -0.377433 0 -3.5 0.0813815 -0.995333 0.0518652
74.6504 17.5921 20.0442 -0.894156 0 -2.79735 -0.872703 0.286261 0.39553
45.3289 16.2019 28.1215 1.50211 0.36861 -3.9 -0.34983 0.771621 -0.531243
50.644 10.6663 16.8867 -0.80664 0 -3.5 0.589929 0.795228 -0.139987
46.2827 -1.60312 23.6952 0.592726 0.324471 -2.52111 -0.169468 -0.956179 0.238752
74.6279 -9.89563 1.05262 -0.0751812 0 1.8 -0.467092 -0.869718 0.159426
61.1808 -8.57687 -11.4389 -0.0704134 -0.0195735 -1.3 -0.531821 -0.846729 -0.014738
65.8634 -17.6545 44.7871 -0.435407 0 -4.5 0.0847953 -0.870674 0.484496
83.4282 -7.70506 3.56775 -0.592322 0 3.06042 -0.931253 -0.0234565 0.363616
68.9749 -19.0989 29.5138 -0.157665 0 -0.7 0.267692 -0.635981 -0.723788
78.0466 -6.51894 28.0531 -0.287823 0 -3.5 0.449524 -0.771534 -0.450181
54.5129 -2.23206 1.18556 -0.395762 0 -1.6 -0.36791 -0.0228975 -0.929579
63.4475 -26.8704 44.6897 0.377179 0 -4.5 0.483159 -0.580772 0.655181
60.2215 12.5974 20.9215 -0.472728 0 -3.5 0.910332 -0.400522 -0.1043
61.6726 -23.5146 48.9125 0.398323 0.834383 -3.5 0.593009 -0.516548 0.617673
59.2934 2.42313 36.589 -0.242053 0 -1.6 -0.288588 -0.875674 -0.387184
63.6269 -11.9181 24.5944 0.0839212 0 3.8 0.248973 -0.116608 -0.961465
77.5324 1.94162 13.4636 0.536872 0 -3.81435 -0.342617 -0.217445 0.913965
81.0791 5.849 30.6509 -0.211774 0 -4.5 0.528634 0.425855 0.734298
63.1204 0.720125 -7.10488 -0.306318 0 0.354856 -0.784714 -0.0385237 -0.61866
55.1107 -20.9428 44.8823 0.893227 0 -0.4 0.0168606 0.581336 0.813489
48.5993 -2.4345 29.4405 -0.667784 0 -3.5 -0.233725 -0.687957 -0.687087
58.6872 -5.89481 41.3411 -1.32917 -0.732818 1.9 -0.0359188 0.439323 0.897611
75.1953 -10.1828 -0.136688 0.154719 0 1.8 -0.799005 -0.598349 0.0597405
62.4692 -8.50475 41.591 0.555123 0 1.9 0.323814 0.0622826 0.944069
82.6411 -9.143 3.83337 -0.327309 0 -3.82039 -0.72674 0.555718 0.403765
56.0051 -27.2658 42.7145 -0.765408 -0.557438 -3.5 0.0729078 -0.919722 0.385741
52.9913 11.3986 -9.73172 0.0330975 0 -0.4 0.127426 0.630863 -0.765359
64.8436 -27.7903 33.1916 -1.16102 0 -3.5 0.196896 -0.645834 -0.737652
62.6488 -6.51569 -16.2439 -0.222106 0 -1.87651 0.296669 -0.56167 -0.772343
51.9368 -7.80103 13.1474 -0.205859 0 -0.7 0.000348267 -0.582017 0.813176
72.7283 -2.59413 36.8924 -0.296174 0 1.8 0.0462427 0.189454 0.9808
63.0959 18.1616 2.56888 -0.926958 -0.0862143 -1.44843 -0.486002 0.677432 -0.552167
62.1504 -25.4429 33.2514 -0.203908 0 -3.5 -0.200284 -0.474446 -0.857197
59.7188 13.5383 10.6651 -0.582699 0.707276 -3.2 0.249842 0.471768 -0.845585
48.998 -18.9452 35.1582 -0.624298 0 -3.5 0.0141379 0.419501 -0.907645
78.7943 1.3395 14.6853 -1.02024 0 -0.8 -0.973463 0.0329875 0.226453
65.5035 -1.08712 -15.4918 -0.0414779 0 -0.4 0.421511 0.494385 -0.760206
72.6273 6.88281 -12.93 -0.246837 0 3.66633 -0.0415243 0.21383 -0.975988
91.0404 -6.826 24.2975 1.13268 0.532525 -0.8 0.640863 -0.556692 0.528571
88.137 -6.51525 4.876 -0.753707 0 3.8 0.43019 -0.717803 0.547445
57.223 -22.25 35.0725 -0.446144 0 -1.3 -0.689218 -0.0660469 -0.721537
62.2551 3.50137 -7.73663 0.0651077 0 3.8 -0.665786 -0.170493 -0.726403
89.7469 -2.63281 24.3136 -0.902909 -0.387862 -0.8 -0.02813 0.320657 0.946778
80.6201 0.536563 -11.5115 -0.12545 0 1.8 -0.125278 0.534408 -0.835891
66.5574 -26.7916 28.9239 -1.04481 -0.0392612 -3.5 -0.143306 -0.9121 -0.384106
69.8065 1.05887 15.033 0.238203 0 -1.3 0.692871 -0.405984 0.595908
52.1257 0.693062 5.13219 -0.708241 -0.038799 1.8592 -0.443845 0.895561 -0.0311659
68.3665 3.33969 24.4932 -0.526847 0 2.8 -0.315477 0.844062 -0.433628
48.8654 5.2175 34.3963 -0.0726053 0.00171961 -4.5 -0.84348 -0.278227 -0.459489
48.535 0.173875 34.085 -0.520576 -0.359227 -3.94047 -0.965295 0.124471 0.229591
93.241 -0.01275 12.6001 0.461276 0.0657474 -4.5 0.462586 0.0726118 -0.883596
57.2929 -0.52975 1.167 -0.539308 0 -1.6 -0.117091 0.346593 -0.930679
93.4571 6.69088 11.6694 -0.134277 0 -3.5 0.711125 0.457469 0.533876
74.9587 -14.3581 -0.737 -0.105809 0 -0.7 -0.819059 -0.0145345 0.573525
82.8794 17.0299 4.75431 0.229375 0 -0.4 0.721782 -0.688197 0.0735914
53.8805 -8.6995 38.831 -0.237336 0 -1.3322 -0.225603 0.810885 -0.539972
68.3934 6.79606 15.4146 -1.07026 -0.2622 -2.43503 -0.743826 0.190179 0.640745
57.6517 1.85625 -15.957 0.133163 0.741637 -4.5 0.0568922 -0.664625 -0.745008
69.9294 -0.816625 -14.7167 -0.281734 0 -0.7 0.289299 0.261746 -0.920758
59.8834 -3.05031 -1.38406 -2.06073 -0.274391 -3.5 -0.751185 -0.0478318 0.658356
49.5247 19.4771 17.1242 -0.662833 0 -3.5 0.476243 0.29336 -0.828934
44.1234 3.46331 10.0774 -0.0784056 0 -1.6 -0.368235 0.807538 -0.460745
78.5677 9.90075 28.3805 -0.876597 -0.331481 -3.5 -0.595954 0.536771 0.597256
54.1064 15.8942 25.1416 -0.662709 -0.98979 -2.08596 -0.714691 0.657939 0.237347
67.1191 -14.7791 -12.8527 -0.361079 0 1.9 -0.940371 0.327918 0.0904022
69.2063 -24.5759 29.8702 -1.69905 -0.0961078 -3.5 0.829075 0.45828 0.320335
46.3941 4.71181 41.1124 -2.23345 -0.130924 -3.5 0.191895 -0.82837 0.526289
48.4306 14.7815 24.3538 -0.125115 0 4.5 -0.0255697 0.725141 0.688126
42.0814 -18.0737 40.765 -0.259971 0 -0.8 -0.948488 0.21215 0.235292
82.0689 -13.4973 2.20481 0.153467 0 -3.9 -0.226212 -0.727566 0.64767
88.5888 11.5001 24.6199 -0.548691 0 -3.9 0.544518 0.832795 -0.0997597
95.1691 -2.54475 21.1621 -0.332603 0 -3.5 0.928849 0.255813 0.267952
44.0266 -6.16162 7.40188 -0.269512 0 -0.8 0.510221 -0.555792 -0.65633
85.4962 -11.4757 14.3084 0.998335 0.883445 -4.5 0.588105 -0.807583 -0.044069
61.6423 -7.18775 -16.9163 -0.116543 0 -3.5 0.65222 -0.56487 -0.505501
75.4419 19.5221 0.204875 0.902776 0 -0.7 0.381827 0.712057 -0.589223
85.4029 -7.53925 -11.4234 0.0259914 0 -3.5 0.838655 -0.345445 -0.421101
90.6888 7.20481 21.6102 -0.469834 0 -1.45701 0.964479 0.00231662 0.264151
75.8403 19.2384 20.3829 -1.28189 0 -1.6 -0.217727 0.573518 0.789729
58.8864 10.2459 -8.45537 -1.80366 -0.144488 -0.4 0.128783 -0.595667 -0.79284
68.6181 -16.8972 45.7576 -0.0374282 0 -4.5 0.498259 -0.738651 0.454019
65.6694 9.46556 34.1842 0.0179731 0 -3.2 0.875602 0.32539 0.35699
40.1415 7.37638 30.4209 -1.17174 0 -3.5 -0.75789 0.440352 0.481344
66.8646 11.7198 14.7086 -1.06386 0 -3.5 -0.101795 -0.387079 0.91641
46.8067 6.80119 15.3998 -0.291836 0 -4.5 -0.136654 0.105449 -0.98499
74.9044 -7.70603 15.1312 2.20523 0 -3.9 0.948852 0.304991 -0.0816106
63.623 10.3798 11.3185 -0.637394 0 -3.5 -0.534445 0.663382 -0.523729
61.3277 -12.3994 45.2583 -0.410545 0 -0.9 0.344945 0.430698 0.833973
90.8863 5.74975 21.6841 -0.546992 0 -0.9 0.921697 0.205669 0.328901
79.3841 8.33469 -4.95906 0.36841 0 -1.6 0.53041 0.504142 -0.681547
66.3512 -10.2394 42.7327 0.199515 0 3.8 -0.68825 0.559004 0.462414
55.2681 -10.2126 17.4341 2.27319 0.438195 -3.9 -0.928951 -0.370138 0.00686533
66.5829 19.8271 -0.8805 0.00418082 0 -3.5 -0.56442 0.360395 -0.742661
89.6809 -8.26925 -3.3825 0.508847 0 -4.5 0.267058 0.0332897 -0.963105
61.8675 12.9497 16.5845 -1.06546 -0.0331437 -3.2 0.590287 0.750232 0.297846
68.072 -2.749 22.9193 -0.644482 0 -0.165172 0.00502553 0.0191606 -0.999804
55.7991 20.9332 20.2879 -0.117944 0 -3.9 0.450974 0.435063 -0.779322
80.4039 -3.75 15.3685 -1.71862 0 -3.5 -0.35144 -0.579417 0.735368
82.0152 -14.9728 1.43387 0.229255 0 -3.9 0.231129 -0.504652 0.831809
68.572 -14.15 27.5145 -0.36983 0 -0.7 -0.410836 -0.48497 -0.772022
51.1572 -11.5333 35.9836 -0.363158 0 -2.61488 -0.263576 0.341968 -0.90199
71.125 17.6276 13.0881 -0.510591 -0.0836064 -3.17737 -0.737931 0.571782 0.358501
73.078 -1.462 11.1485 -0.312449 0 2.8 0.0386794 -0.976324 0.212826
39.4033 1.1105 25.947 1.76145 0.580264 -3.9 -0.967781 0.17133 -0.184514
67.2669 -8.67306 24.8504 1.37063 0 -3.9 0.621561 -0.234193 -0.747539
57.2886 -12.577 22.9953 -2.47002 -0.604942 -3.5 -0.0222551 0.0760336 -0.996857
48.2038 13.1265 26.994 0.0992417 0 -1.3 0.665825 0.739413 -0.0997283
45.2295 3.93913 25.7755 -0.0988505 0 1.8 -0.910828 0.197897 0.362255
75.671 18.1362 23.6466 -0.127983 0 -1.6 -0.457526 0.577884 0.67581
50.1883 15.2618 39.6183 -0.0130586 0 -0.4 -0.653385 0.673072 0.3465
68.052 1.55575 16.2885 -1.12927 -0.0172462 -1.3 0.344308 -0.193723 0.918653
41.7185 15.9838 36.0206 2.22516 0.564432 -3.9 0.480669 0.797968 0.363599
69.99 -8.10106 -13.7463 -0.211755 0.0171366 1.01955 -0.738107 -0.172096 -0.652366
52.872 -9.95487 31.8169 0.508916 0.0203294 -4.5 -0.738911 -0.512312 -0.437661
40.568 10.5814 33.741 -0.325458 0 -3.9 -0.729125 0.182686 -0.659548
70.1576 -15.9911 -14.1737 0.163603 0 1.9 0.476986 -0.151024 -0.865838
85.4863 0.0609375 24.3297 -0.877251 0.405537 -3.2 0.0750189 0.061447 0.995287
76.8278 9.28031 27.1432 -0.219356 0 -0.7 -0.536638 0.512496 0.670349
57.9202 -19.9357 46.0946 -0.0599356 0 -3.5 -0.738126 0.301256 0.603667
67.3159 -23.5874 43.3927 -2.32708 -0.305657 -3.5 0.19408 0.0818074 0.977569
56.6567 -4.535 -10.7033 0.160286 0 -1.38607 -0.798763 -0.448989 0.400482
87.1325 22.6486 3.43313 -0.28919 0 -3.5 -0.0928007 0.162301 -0.982368
37.8814 12.6974 20.4914 -2.23092 -0.0579694 -3.5 -0.740131 -0.532301 -0.410928
85.3513 22.0788 10.1373 -0.06052 0 -0.4 0.988654 -0.00890203 -0.149948
89.0788 -6.96088 3.45887 -0.624195 0 1.97193 0.54082 -0.580332 0.608874
66.7969 -9.05912 3.81025 -0.367457 0 -1.10538 -0.0962712 -0.93073 0.352809
77.308 -5.11775 24.591 -1.17077 -0.248905 -3.5 0.719907 -0.0166518 -0.693871
85.8333 15.3329 8.70406 -0.0379973 0 -1.1969 0.615615 0.307984 -0.725371
69.8674 -18.1495 -13.4954 0.00464495 0 1.9 0.841481 -0.418552 -0.341648
60.1804 16.4279 5.56325 -0.43096 0 -3.5 -0.562841 0.265846 0.782647
93.686 5.20669 14.2892 1.07889 0.244758 -4.5 0.687002 0.708232 0.162594
62.2436 -21.3751 46.1507 -0.163593 0 -3.5 0.939478 -0.18977 0.285253
75.9342 -1.3125 13.5835 0.205499 0.357572 -4.5 -0.664067 -0.200172 0.720379
64.0651 -21.8167 24.5813 -0.245947 0 -3.5 0.718525 0.493479 -0.490101
55.8044 2.97044 -10.2477 -0.562693 0 -3.5 0.976683 0.196584 0.0862838
86.631 6.91175 -1.77262 0.390633 0 -1.3 0.482225 -0.145184 0.863933
65.0498 3.14744 16.5769 -0.373194 0 -1.3 0.00494974 0.569102 0.822252
48.9383 14.4895 36.2892 -0.371905 0 -0.7 -0.336021 0.941599 0.0219534
58.9213 -9.65131 -3.71144 2.49695 0 1.9 0.237461 -0.0825156 -0.967886
91.5809 9.82981 20.4461 -0.386908 0 -3.5 0.770055 0.196617 -0.606924
77.2045 -8.08319 27.9887 -0.270293 0 -3.5 0.892361 0.0224599 -0.450762
55.8409 2.08019 -9.39275 0.00328439 0 -0.486403 0.923161 0.378691 -0.0660881
79.2635 -17.3412 -1.79225 1.91492 0.526952 -3.9 -0.341875 -0.643787 -0.684588
48.7233 -15.1565 40.9022 -0.253234 0 1.8 0.405729 -0.629235 0.662908
88.0769 20.7546 7.1245 -1.19699 -0.685846 -3.5 0.301424 -0.526418 0.795002
61.6437 12.3476 39.0334 2.64688 0.156999 -3.9 0.95617 -0.18572 -0.226377
89.5691 -1.83238 -14.5865 -0.353864 0.661185 -3.2 0.373121 0.109235 -0.92133
77.7955 7.42212 31.0202 0.410979 0 -4.5 0.115799 0.582269 0.804707
58.6027 -0.350125 0.77125 -0.515579 -0.0208096 -0.788706 -0.756748 0.352381 -0.5506
78.9769 20.3449 1.8455 -0.222046 0 -3.5 -0.254619 0.488302 -0.834704
58.6017 14.3626 35.7216 -0.477683 -0.579431 -0.8 0.910915 0.31421 0.267405
87.707 -12.2436 -1.99462 -1.01627 -0.285671 -3.86706 0.421234 -0.535915 -0.731681
88.0878 -8.4485 13.3556 -0.303081 -0.229865 3.8 0.503641 -0.863687 -0.0197308
66.8981 17.0829 11.2402 -0.521692 0 -4.5 -0.26376 0.21805 0.939619
44.3142 13.4716 24.8584 -0.211707 0 -3.9 -0.112999 0.97512 -0.190713
74.4729 11.4103 -8.59506 0.18857 0 -3.5 0.998056 0.0189123 -0.0593891
60.0955 9.64431 12.458 -0.454483 0 -3.2 -0.29599 -0.297004 -0.907843
73.5075 1.39062 -12.1042 -1.24372 -0.607655 2.49972 -0.194047 0.23355 -0.952785
80.2233 21.8172 14.066 -0.570532 -0.0501175 -3.5 -0.340602 0.88741 -0.310633
84.0263 18.4157 1.15731 0.497012 0.352024 -4.5 0.632048 0.458545 0.624702
63.7255 -15.4051 45.936 -0.67811 0 -3.48979 0.122728 -0.0836992 0.988905
57.6553 5.30538 -16.3618 -2.2848 -0.411573 -3.5 0.358945 0.900195 -0.246591
54.4128 -22.6146 34.9536 -0.655741 0 -1.6 0.301921 -0.615243 -0.72823
76.7325 -8.38387 33.0764 -0.0971259 0.867302 -3.2 0.549657 -0.826325 -0.122733
56.2489 16.7873 33.2334 -0.788831 -0.158912 -0.8 -0.461628 0.747602 -0.477484
87.0621 3.27863 -1.42762 0.199845 0 -3.5 0.289841 0.863062 0.413662
55.6495 -8.68119 -1.37769 0.93062 0 1.9 -0.956176 -0.250012 -0.152386
66.368 10.4157 14.5996 -0.353311 0.732531 -3.5 0.250012 0.191201 0.949177
75.7351 14.8841 24.562 -0.0487132 0 -1.6 -0.411929 -0.246129 0.877346
71.6809 -14.7751 -3.7435 -0.226736 0 1.8 -0.0724693 -0.859355 0.506219
80.1312 -14.122 -3.5915 0.121307 -0.165057 -1.86264 0.00549735 -0.648914 -0.760842
87.0489 5.31362 -2.48069 0.169952 -0.0366785 -2.26661 0.547802 0.10398 0.830121
71.9973 20.2206 7.86081 -0.289436 0 -4.5 0.475403 0.792592 0.381825
61.2954 -22.7756 22.0562 0.163083 0 -3.5 -0.0309658 0.582843 -0.811995
81.4194 4.36637 -8.63075 -0.160589 0 4.2 0.470828 0.772893 -0.425391
64.3648 -11.2219 42.2086 0.463303 0 2.35652 -0.104163 0.797764 0.593904
56.5638 -8.83088 16.0764 0.981379 0 -3.9 -0.469123 -0.294241 -0.832674
72.5425 -16.5044 37.4456 0.0765249 -0.0227068 -0.7 0.931752 -0.246802 -0.26632
71.3781 -7.98562 15.714 0.881238 0 -3.9 -0.7754 0.0154459 0.631281
92.3165 2.34425 18.0592 0.497028 0 -2.44899 0.939674 0.0178731 0.341604
50.9186 2.46263 -7.58825 -2.00717 -0.351228 1.8 -0.879598 0.231055 0.415837
91.5855 1.83888 4.99175 -0.498968 -0.457937 1.27943 0.915081 0.0981612 -0.391141
53.173 -25.6136 36.4601 -0.194499 0 -1.6 0.195873 -0.920809 -0.33726
71.3753 -9.17425 10.8434 -0.250068 0 -3.9 0.413797 -0.794244 -0.444914
59.0316 0.2275 -0.143375 -0.52825 -0.0840018 -0.7 -0.982334 0.0404515 0.182711
84.9578 -13.1452 8.46556 -1.83649 -0.794869 -3.5 -0.0440651 -0.966044 0.254593
78.9293 -12.6201 41.4009 0.733257 0 -3.9 -0.591717 -0.725185 0.352105
55.5864 -2.95412 -14.3568 -0.390259 0 -0.8 -0.270554 -0.56238 -0.781364
67.3136 -26.5554 36.3641 0.398387 0 -0.52965 0.237138 -0.900256 0.365111
75.0274 -3.30612 37.5441 -0.10242 0 3.8 -0.0803595 0.1737 0.981514
43.7695 13.8141 22.5263 -0.191457 0 -3.5 0.409472 0.785098 0.464709
52.5272 8.29325 40.9745 0.442518 0 -3.5 -0.155766 -0.287711 0.944965
73.9034 9.6275 -12.8033 0.394897 0 -1.3 -0.232685 0.616001 -0.752595
63.995 -9.02213 -2.86581 1.45216 0.460144 -3.9 0.560997 0.066389 -0.825151
76.0128 -3.233 9.91719 0.130169 0 1.9 -0.0817757 -0.852825 0.515754
62.0018 4.71825 17.9982 -0.226184 0 3.8 0.967977 -0.144844 -0.205039
64.8061 4.93144 21.6256 0.0212768 0 -1.6 0.552425 0.585446 -0.593363
76.7752 4.82556 -12.7816 0.0518597 0 -1.3 0.920477 -0.167948 -0.352867
94.7487 -8.2865 0.143125 0.0917588 0 -4.5 0.902853 -0.374483 0.211231
86.2249 -9.275 13.0039 -0.230104 0 3.8 0.585194 -0.797722 -0.145558
57.9506 -3.52631 2.23469 -0.826642 0 -3.2 0.131524 0.0730135 -0.988621
79.9894 6.55775 -7.06756 -1.77808 0 -1.6 0.31316 0.753641 -0.57789
64.9229 8.00406 17.0174 -0.487976 0 -0.8 0.725713 -0.0428912 0.68666
76.2265 -15.2885 -11.4585 -0.281505 0 -3.5 0.162947 -0.880265 -0.445625
56.2584 -8.271 37.1652 -0.75265 0 -2.51775 -0.889431 -0.303661 -0.341618
62.4972 -24.4179 27.9207 -0.816181 -0.12269 -3.5 -0.196603 -0.958449 0.206695
58.9516 -1.60719 -14.6163 -0.633035 -0.393131 -3.5 0.185071 0.135474 -0.973343
92.659 -5.76906 1.37244 0.258602 0 -4.5 0.78639 0.300143 0.539912
69.7435 -12.2025 0.963 -0.489993 0 -3.5 -0.250001 -0.959247 -0.131699
75.8351 19.4456 8.28725 -0.315898 0 0.656424 -0.231764 0.837981 0.494038
58.4292 4.03856 -16.7888 -1.35117 0 -3.7009 0.429136 0.276588 -0.85985
65.0482 9.72538 9.7475 -0.601233 0 2.16161 -0.733153 0.619585 -0.280359
68.9171 -19.7768 -12.6481 0.331436 0 1.9 0.379313 -0.893914 0.23883
62.0037 -23.9795 30.4292 -0.702471 -0.236989 -3.5 -0.498601 -0.866729 0.0133325
64.2109 11.3157 33.4678 -0.63145 0.190269 -3.2 0.440049 0.87972 0.180137
72.0083 -8.93338 16.5963 2.08841 0.655519 -3.9 -0.632814 -0.428472 0.644948
54.8785 -7.69925 38.3045 -0.278301 0 -0.7 -0.931084 0.137446 -0.337923
90.1654 11.943 27.9315 0.322536 0 -3.9 0.970459 0.219307 0.100563
68.0861 -11.3691 -1.94138 -1.54899 -0.516403 -3.5 -0.767005 -0.635277 0.0901451
80.8991 22.5772 16.1414 -0.612658 -0.432774 -3.5 -0.361329 0.932376 -0.0107533
77.6042 -5.80981 -14.3195 0.373162 0 -3.9 0.0187795 -0.0522076 -0.99846
58.9842 14.9366 4.84662 -0.997431 0 -3.5 -0.781852 0.141206 0.607262
67.5837 10.4998 25.6136 -0.356321 0 -3.5 0.431187 0.734987 -0.523327
46.8708 4.06225 29.3115 -0.234318 0 -0.982288 -0.818456 -0.257797 0.513489
52.2093 8.01412 11.6544 -0.00593901 0.144495 -1.89815 0.188461 0.94085 -0.281572
46.1221 -22.4861 35.5389 -1.45828 0 -3.45842 0.150586 -0.957154 -0.247346
68.4408 -5.19413 39.6804 -0.408661 -0.684044 -0.7 0.580302 0.152559 0.799984
57.6895 5.45463 10.0995 -0.443871 0 3.8 -0.129182 0.601121 -0.788648
92.2188 -8.5845 2.07272 0.0337586 0 -4.5 -0.0576275 -0.187137 0.980642
50.0167 14.0466 14.0028 -0.420337 0 -4.5 0.533502 -0.0509336 -0.844264
60.5366 -5.81781 15.0381 -1.03596 -0.0912784 -0.749072 0.700111 -0.710195 -0.0739428
87.7913 -4.9205 -10.6263 0.269217 0.505515 -3.2 0.332467 -0.839704 0.429376
86.5147 10.2102 -3.76425 0.327522 0.119397 -1.3 -0.416209 0.821468 0.389822
57.3909 -9.86225 -4.25938 2.91355 0 1.9 -0.0310296 -0.425674 -0.904344
72.3699 13.095 -5.96894 0.176875 0 -3.68206 -0.222101 0.97071 -0.091617
83.6225 -11.0904 10.5878 0.0500899 0 -4.5 -0.248024 -0.966508 0.0659285
60.6738 0.40825 -14.0935 0.54047 0 -4.5 0.512531 -0.0615591 -0.856459
68.6856 -26.7475 36.8094 -0.19457 0 -0.4 -0.228585 -0.968991 0.0938343
66.2617 -17.6521 -13.6208 -0.492869 0 1.9 -0.968102 -0.0347497 -0.248135
68.5291 12.7101 -0.157937 0.286632 0 2.8 -0.320959 0.478217 -0.817493
51.6032 -5.25663 33.2337 -0.721403 -0.144515 -4.32382 -0.721202 -0.69063 -0.0538305
64.2952 -16.1154 26.0421 -0.352791 0 0.369679 0.355591 -0.0514812 -0.933223
61.5649 16.0527 18.5438 -1.82121 0 -3.5 0.365391 0.341603 -0.865908
79.387 22.0274 16.8859 -0.115026 0 -3.5 -0.14215 0.985757 0.0898674
70.4105 -1.10113 38.1188 -0.105845 0 -3.9 0.857721 0.1571 0.489525
63.6652 -4.21675 41.9997 0.101443 0 -3.2 0.142721 0.262574 0.954299
62.8278 3.27231 31.1575 -1.68489 -0.145091 -3.5 0.365646 0.110002 0.924231
60.7568 -8.96594 10.2665 -0.315828 0 -4.5 -0.0535833 -0.119854 0.991345
73.9317 -14.83 38.7098 -0.00105106 -0.0324072 -1.21095 0.768646 -0.512311 0.383042
77.6414 -10.2461 0.959625 0.0891948 0 1.8 0.176797 -0.674381 0.716905
66.7175 16.7954 -1.1925 0.735213 0 -3.5 -0.285414 -0.347427 -0.893215
70.3363 6.481 23.8708 -0.158137 0 -0.4 0.0182217 -0.136544 -0.990466
47.7407 -11.6152 35.9839 -0.344741 0.051486 3.77211 0.0624152 0.364388 -0.929153
53.7212 -21.4334 31.5839 -0.576612 0 4.2 0.273871 -0.887394 -0.370845
89.7757 -11.1042 -2.28863 0.457337 0 -4.5 0.11042 -0.88359 -0.455057
78.3918 -15.6782 -2.21062 0.62206 0.0771431 -1.44106 -0.374099 -0.650568 -0.660917
78.5537 -13.0989 -15.6054 -0.728178 0 -3.2 0.128887 -0.539539 -0.832037
80.9936 -2.6255 31.5014 -0.848269 0.0340384 -3.30788 0.975959 0.113035 0.186351
64.7346 -10.0881 41.1696 0.25668 0 2.50681 -0.357705 0.391296 0.8479
64.3642 13.0186 9.10625 -0.827344 -0.448196 -3.61761 -0.627174 -0.727597 0.277948
49.9585 -11.9776 36.6621 -1.14255 -0.183483 -3.2 -0.245508 0.0996875 -0.964255
89.3508 10.9388 7.20575 1.03364 0.83532 -0.9 0.735107 0.280975 -0.616985
52.7261 -21.0282 33.7548 -1.40509 -0.077356 4.2 -0.678703 -0.719487 0.147312
47.4936 -23.7829 40.2027 -0.289408 0 -3.2 0.51029 -0.826094 0.239106
88.8232 10.5793 -4.64575 0.0850895 -0.277417 -1.3 0.829783 0.540861 0.137587
54.6239 7.76931 -4.62194 0.228325 0 -4.5 -0.743587 -0.308899 0.593009
86.9398 -0.059875 23.4851 -0.722593 0.339568 -1.63461 0.331465 -0.0280937 0.943049
83.5792 22.6522 20.0545 -0.135966 -0.0152425 -3.5 -0.126628 0.0107472 0.991892
56.4484 -1.50762 -15.0611 -0.510015 -0.629039 -3.03611 0.00256905 -0.0359732 -0.999349
77.4721 -15.2099 -2.91913 0.170513 0 -0.7 0.0735062 -0.866426 -0.493865
72.0759 -9.11169 3.06862 -0.972222 0 -3.5 0.570629 -0.524984 0.631486
57.8154 -11.2528 24.0054 -1.18134 0 2.49273 -0.302185 0.463296 -0.833091
82.4534 17.4301 -4.04175 0.960833 0 -4.5 0.66583 0.212568 -0.715182
66.9812 10.3829 -1.77188 0.29965 0 2.8 -0.226961 0.284537 -0.931412
74.4066 7.83287 22.6418 0.369136 -0.239756 -0.7 -0.7352 0.130721 0.665127
43.5668 -19.3323 36.9948 -0.203351 0.322861 -0.8 -0.718098 0.435325 -0.54298
77.3775 15.0395 -3.0455 -0.958573 -0.20918 -4.5 -0.239753 0.171948 -0.955486
61.4064 -17.758 25.9416 -0.911851 -0.256309 -0.7 0.0317535 0.097123 -0.994766
54.4601 -25.1814 37.8295 0.0746885 0.160505 -3.10294 0.378831 -0.743369 -0.551263
63.1389 20.6379 3.75 -0.79478 -0.0246925 1.8 -0.675559 0.252133 -0.692856
66.5706 -8.65747 41.9613 0.0541072 0 3.8 -0.446048 0.588909 0.673963
84.2423 -13.5729 -0.148375 -0.140858 0 -3.9 0.572258 -0.79819 0.188183
61.202 17.652 2.78375 -0.575441 0 -3.5 -0.402318 0.595113 -0.695687
65.5932 -9.04875 7.494 -0.984236 0 -3.5 0.156795 -0.733309 -0.661569
61.4849 16.5921 1.56638 -0.59853 0 -2.61901 -0.531343 0.42665 -0.731877
82.6094 -7.19238 36.1146 0.170893 0 -1.6 0.816198 0.223695 -0.532712
64.1879 1.58375 32.2157 -0.335133 0 3.3461 -0.138618 0.975052 0.173373
81.5498 9.94325 -1.1615 0.319977 0 -0.4 -0.721428 0.0812982 -0.687701
79.247 1.3395 -11.313 -0.206706 0 4.2 0.00786291 0.22154 -0.97512
43.5625 13.6165 33.7536 -0.899048 -0.311952 -3.61137 0.0274763 0.991514 -0.127063
61.8164 14.3189 31.1654 0.0858683 0 2.8 0.441642 0.390228 0.807883
47.3593 13.2033 32.1808 0.128599 0.155149 -1.3 0.234057 0.93568 0.264045
85.1663 24.401 5.95519 0.0462222 0 -3.5 0.124663 0.60798 -0.784104
71.455 3.94156 32.0379 -1.1771 -0.00109558 -0.715089 0.127053 0.719954 0.682293
65.8956 -20.0896 27.3252 -0.196286 0 -0.7 0.679409 -0.476404 -0.558071
53.3998 16.2948 17.3977 -0.721474 -0.399627 -3.5 0.369642 0.131381 -0.919839
40.6759 -1.75169 13.1333 -0.10022 0 -3.5 -0.360517 -0.0362857 0.932047
82.7106 25.1766 18.3919 -0.129377 0.0435709 -3.5 -0.620238 0.725481 0.2983
84.4605 4.63312 28.2484 -0.6223 0 -3.5 0.527247 -0.00188809 0.84971
74.6296 2.28644 34.1213 -0.378332 0 -3.5 -0.126504 0.515987 0.847204
72.9016 -7.75362 23.0999 -1.17875 -0.102698 -3.5 -0.677121 -0.371514 -0.635204
93.0166 3.60231 8.24181 -0.664647 -0.274101 -2.94752 0.86664 -0.487201 0.107564
82.0901 -3.37806 20.6432 -0.54511 0 -0.8 -0.97924 -0.197043 -0.0475632
49.7605 16.6719 22.371 0.0933674 0.0410233 3.66731 -0.20654 0.740541 0.639484
91.1645 -4.26137 7.8165 -0.67834 0 -1.87557 0.95055 -0.310567 0.00185335
67.8956 19.5224 8.95037 -1.09095 0.286589 -2.56519 -0.689047 0.620882 0.373792
41.0621 3.91712 12.2872 -0.0337452 0 -4.5 -0.898774 -0.369242 -0.23636
85.4983 22.8664 17.3293 0.0344173 0 -3.5 0.900101 0.279646 -0.334091
80.6276 -8.68569 -15.3794 0.0952733 0 -3.2 0.68116 -0.0348308 -0.731305
55.607 11.4117 13.5328 -0.197343 0.222337 -3.2 -0.803122 0.413658 -0.428814
83.5878 -11.3714 13.7751 0.222339 0 -4.5 -0.256603 -0.963062 0.0816507
65.1279 2.57569 -13.9064 0.177703 0 -0.4 -0.0053955 0.44493 -0.895549
77.8444 -14.8089 -11.3368 0.991417 0.221577 -3.5 0.46881 -0.873862 -0.128773
55.2644 14.1831 41.3116 -0.181274 0 -3.9 -0.267002 0.590797 0.76136
57.9109 9.88994 -7.75875 -0.998138 -0.424296 -0.4 0.103521 -0.599682 -0.793514
78.8149 8.94413 -2.52213 0.871704 0 0.15512 0.660123 0.704804 0.259788
63.4082 24.5915 6.46063 -0.182713 0 1.8 -0.305473 0.938482 0.161053
91.3714 -0.094 -4.0425 -0.29323 0 -3.5 0.703093 0.475266 0.528944
60.2089 -0.432125 -7.751 -0.335538 0 -3.2 0.466729 0.803496 -0.369539
81.1523 -11.7686 36.9389 -0.296384 -0.32415 -2.62097 0.703931 -0.62378 -0.339677
71.8744 -8.9225 41.5849 0.0554371 0 3.8 -0.205278 0.361507 0.909491
78.3551 1.07194 22.0873 -1.94704 0 -3.5 0.222283 -0.814363 0.5361
39.889 8.8335 33.73 -1.0973 -0.528928 -3.9 -0.939577 -0.282627 -0.193177
61.7415 18.6507 6.54975 -0.372134 0 1.8 -0.816447 0.255489 0.517823
88.1686 -13.6197 0.680313 -1.13753 -0.443859 -3.5 0.459793 -0.884004 -0.0844231
73.6253 8.879 22.1774 -0.0815948 0 -0.7 -0.605424 0.462365 0.647827
74.177 20.2194 12.151 0.442193 0 -1.6 0.0226603 0.947098 -0.320143
61.936 11.5275 24.9137 -0.151059 0 -4.5 0.492592 0.278989 -0.824329
49.142 9.71444 9.71444 -1.34006 0 -3.5 0.379409 0.838366 -0.391397
73.9351 -5.71875 22.4524 -0.967358 0 -3.5 -0.170403 0.245656 -0.954262
84.0119 12.4706 30.1238 -0.323285 0 -3.5 0.635152 -0.182445 0.75053
59.1656 14.0986 -8.619 0.0654137 0 -0.4 0.0503385 0.545696 -0.83647
71.8349 3.09544 17.2532 -0.554704 0 -1.3 -0.430504 -0.902047 0.0312819
71.2805 -11.434 41.3174 0.272642 0 0.0341373 0.512099 0.316884 0.798335
42.0119 4.02981 11.0599 -0.0372336 0 -1.6 -0.4363 0.280003 -0.855126
70.3798 9.24775 26.0385 -0.444521 -0.0157021 -0.57021 0.382185 0.796593 -0.468373
57.0554 18.355 28.5173 -0.346896 0 -3.5 0.352595 0.70685 0.613221
74.4491 -7.88994 14.0087 1.11323 0 -3.9 0.848127 -0.023287 -0.529282
72.2644 19.839 11.4924 -0.186459 0 -1.66792 -0.160226 0.97603 0.147287
87.0043 8.50025 -7.47213 0.181073 0 -1.3 0.349143 0.137125 -0.926982
69.7525 -11.3822 44.7328 -0.1352 0 -4.5 0.79694 0.361196 -0.484173
75.9629 0.155875 22.3124 -1.21788 0 -2.83034 0.485143 -0.773122 -0.408556
42.7928 9.68994 39.0405 0.30263 0 -3.5 -0.549829 0.500076 0.669038
87.2831 10.5601 4.90819 0.31665 0 3.8 0.500337 0.134804 -0.855272
46.2678 -24.0348 41.0901 -0.0771097 0 -3.2 0.14192 -0.878255 0.456647
86.2538 20.2204 11.7552 -2.36205 -0.140446 -3.5 0.984143 0.0842687 -0.156081
79.6012 -8.86025 8.80013 -0.011803 0 -1.3 -0.0661641 -0.844185 -0.531953
91.8861 -3.97406 22.9177 0.0341329 0 -1.19279 0.702936 -0.284967 0.651671
47.7673 14.0651 34.9019 -0.408437 0 -0.7 0.0574504 0.970682 -0.233402
53.8326 7.7865 -5.3695 -0.261745 0 -2.61136 -0.34188 -0.429825 0.835684
68.0488 -15.0208 -14.4031 -0.738972 0 1.9 -0.326173 0.354273 -0.876414
69.0509 -19.8691 39.6724 0.253258 0.156029 -0.7 0.944723 -0.317922 0.0801538
46.1323 8.207 41.7845 -0.307205 0 -3.5 0.158228 0.23232 0.959683
76.8173 -12.9534 -14.6482 -0.322645 0.186364 -3.2 -0.712443 -0.338426 -0.61473
50.3716 -24.8288 38.595 -0.274937 0 -1.6 -0.634652 -0.772159 0.0314176
59.2842 6.835 -6.44925 0.458908 0.342768 -4.5 0.240443 0.343415 -0.907884
55.7798 -1.62 -6.16094 -0.411759 0 -1.03007 -0.726833 -0.65499 0.206643
76.0679 -9.304 38.6989 -0.793594 -0.193084 -3.9 0.31492 0.683724 0.658291
57.4539 -7.191 19.636 -0.015533 0 -3.9 0.00103502 0.0385503 0.999256
52.1865 -19.0546 35.8867 -0.657642 0 4.2 -0.74877 -0.662103 0.0310362
62.518 1.9265 34.7875 -0.386568 0 3.8 0.296916 0.953239 -0.056364
47.9525 6.0415 31.612 -0.127294 0 -0.9 -0.637416 -0.545673 0.544005
68.8828 23.1951 8.05013 -0.173017 0 -0.8 0.0267116 0.775806 0.630406
60.1766 -7.27688 -18.026 0.0136482 0 -3.5 0.285187 -0.774027 -0.565288
73.2596 4.04731 32.8853 -1.09666 0 -3.5 -0.427539 0.596458 0.6793
68.7087 16.0665 16.9256 0.739718 0.670891 -4.5 0.416299 0.724376 0.549522
85.0781 10.2657 28.5135 -0.0222747 0 -3.9 0.0181784 -0.299559 0.953905
84.4607 -5.26562 -5.99875 0.857116 0.389086 1.30656 0.614327 -0.531551 -0.583143
88.6472 10.2151 12.8219 0.252898 0 -0.9 0.883704 0.149656 -0.443476
61.704 12.7449 -0.1875 0.200463 0.771199 -0.8 -0.028458 0.715305 -0.698232
86.9894 -9.76 7.94225 -2.99077 -0.552175 -3.5 0.991238 0.12905 0.0281709
80.0887 -12.9805 42.5304 0.374052 0 -3.9 -0.0999542 -0.744697 0.659875
49.3018 -3.49813 16.7278 -0.559973 0 2.96698 0.38384 -0.922554 0.0394988
85.386 -4.24181 -8.73662 0.462419 0 -3.2 0.520391 -0.668335 0.531528
41.9035 -17.2625 39.1527 -0.388217 0 -0.8 -0.995023 0.0424823 -0.0901409
56.8899 -3.90062 27.7267 0.19169 0.106585 -4.1679 -0.794406 -0.0803271 -0.602051
76.9935 -10.652 39.7025 0.0260518 0 -3.9 -0.329672 0.192501 0.924262
84.0147 24.9877 20.3369 -1.79146 -0.0600411 -3.5 -0.143272 0.609837 0.779469
51.1505 15.9618 16.5273 -0.49729 -0.97434 -3.5 0.511538 0.291161 -0.808427
60.9706 -21.7374 49.3619 -1.05678 -0.351597 -3.5 0.129079 -0.14279 0.9813
69.3547 16.11 15.5009 0.785828 0.0905998 -4.5 -0.193822 0.980908 -0.0158944
61.6692 3.42131 31.2138 -1.04916 -0.00335926 -3.5 -0.149339 -0.513578 0.844947
56.7378 -22.864 28.6481 -0.940033 0 -3.5 -0.759257 -0.289762 0.582723
94.0086 1.88587 12.724 0.541123 0.474179 -4.5 0.7047 -0.0964601 -0.702917
64.6989 -2.404 20.6959 -1.88658 -0.0955165 -0.7 0.788122 -0.117134 -0.604271
81.5254 2.49906 28.2014 -1.42254 0 -3.6534 0.42298 -0.78136 -0.458872
40.9222 1.397 24.6367 3.09742 0.0515782 -3.9 -0.373094 0.588965 -0.716883
46.967 -7.38994 40.6486 -0.670673 0.767764 -3.2 -0.298745 0.521922 0.798967
73.6935 -7.233 5.4215 -0.0646622 0 -3.5 -0.707237 -0.0886906 0.701391
51.2376 13.3887 41.3033 -0.398073 -0.295633 -2.68485 -0.210704 0.366164 0.906382
70.3151 -8.77013 14.1501 -0.129894 0 -3.9 -0.708773 -0.516404 0.480591
76.3784 0.327375 -14.7915 0.863364 0 -3.9 0.178321 0.93754 -0.298697
71.9743 -14.7616 -5.763 -0.437954 -0.00494801 1.8 0.0551579 -0.913699 -0.402631
58.2399 3.22813 1.07837 -0.412133 0 4.2 -0.667825 -0.738073 0.0962205
71.6289 -15.0919 33.0274 -0.029182 0 -3.2 0.702196 -0.181436 -0.688477
43.1269 -23.0788 39.1175 -0.945298 0 -3.2 -0.628842 -0.647847 0.429944
49.5574 1.38819 -10.4609 -0.105137 0 1.8 -0.984203 0.173911 0.0331473
40.0035 -0.896187 26.2014 3.19122 0.35107 -3.9 -0.801398 -0.582562 0.135582
70.1992 -8.592 41.3949 0.0364873 0 3.8 0.267948 0.594395 0.75822
66.0173 11.1552 24.7231 -2.48035 -0.142946 -0.4 0.20644 0.826529 -0.523672
59.9345 -7.75675 10.7005 -0.320046 0 -4.5 0.0944485 -0.540719 0.835884
79.472 -9.7595 2.996 -1.47913 -0.274739 3.8 -0.37739 -0.576762 0.724515
69.3916 -9.54581 25.1708 -1.20301 -0.231867 4.5 -0.293751 -0.278691 -0.914353
66.6788 23.9498 5.55369 -0.24144 0 1.11118 -0.0142502 0.991122 0.132187
61.6227 9.99044 12.1757 -1.22577 0 -1.43979 -0.176375 0.38951 -0.903977
60.3381 -1.71756 34.1026 -0.661375 0 -0.0789138 -0.722166 0.605837 0.333823
78.5981 -6.18962 39.3695 0.541968 0 -1.6 -0.607883 0.168361 0.775972
58.2211 -6.52413 -12.9587 -0.499745 -0.00781199 -2.56016 -0.571791 -0.762977 0.301532
51.8244 0.895 3.21362 -0.652605 0 4.2 -0.367643 0.777132 -0.510787
81.2704 24.4193 8.95266 0.243711 0 -1.6 -0.854092 0.319773 0.410209
41.935 2.597 27.8835 -0.174835 0 -3.9 0.401259 0.724791 0.560062
57.39 3.7835 1.7995 -0.370796 0 4.2 -0.973991 0.195291 0.1149
86.6089 20.5663 4.54884 -0.200739 0 -3.5 0.0796543 -0.605953 -0.791503
56.6983 5.26903 5.72297 -0.3266 0 -3.5 0.505683 0.852918 -0.129678
69.881 -6.984 6.6205 -0.689176 0 -1.34932 0.99792 -0.0643635 0.00347738
60.951 -0.6285 32.2895 -0.0659033 0 3.8 -0.692424 0.694944 0.193911
77.6037 -14.9981 35.6659 0.138461 0 -1.6 0.184994 -0.960281 0.208896
76.2618 10.4704 -5.67256 0.392608 0 1.8 0.260818 -0.175548 -0.949293
81.1423 -8.86109 -13.7839 0.143662 0 -3.2 0.877891 -0.190673 -0.439262
50.5406 0.374 5.32834 0.556433 0 4.2 -0.283663 0.952038 -0.114715
48.2988 7.37706 11.8084 -0.770367 0 -3.5 -0.623385 -0.327037 0.710238
90.1915 4.30875 22.4883 -1.0188 0 -0.9 0.820508 0.00890935 0.571565
57.7949 -4.42044 22.0247 0.374337 0 -3.5 -0.282122 -0.887488 -0.364378
42.3623 1.04625 23.9795 0.496374 0.958056 -3.9 -0.248256 0.350883 -0.902912
57.1641 -20.8605 26.6826 -0.768933 0 -3.5 -0.845104 0.295916 -0.445233
59.6775 11.8035 10.561 -0.616794 0 -3.2 0.213771 -0.369936 -0.904129
74.6811 10.7202 20.047 -0.223054 0 1.31243 -0.679142 0.452793 0.577706
50.1007 -22.23 36.54 -0.535088 0 -1.73498 -0.200084 -0.087631 -0.975852
72.3534 -7.72781 11.0851 -0.18898 0 -3.9 0.780604 -0.137071 -0.609811
92.2426 -2.91075 10.5331 0.129241 0 2.8 0.8352 0.113308 -0.538146
60.6651 10.714 17.6548 -0.151786 0 -3.2 0.538294 0.0410667 0.841756
86.3343 13.3587 6.98228 0.145397 0 3.8 0.355792 0.752555 -0.554142
54.3213 7.86509 41.803 -0.419859 0 -3.5 -0.535114 -0.207416 0.818921
80.923 21.6241 18.087 -0.0847335 0 -3.5 -0.500338 0.754015 0.425587
77.2559 0.391781 19.3503 -0.915863 0 -3.5 0.100127 -0.983922 0.14789
59.725 -5.48769 -0.64125 -1.00158 0 1.9 -0.424784 0.691506 0.584276
52.1648 19.2191 20.0417 -0.175609 0 -3.9 -0.048661 0.90722 -0.417833
77.7015 -10.7546 40.9098 0.237976 0 -3.9 -0.892471 0.265004 0.36506
50.9696 -15.0564 42.2888 -1.19011 0 -3.2 -0.611923 -0.635598 0.470708
59.3335 7.36462 12.0424 -0.486187 0 3.8 -0.31959 0.726905 -0.607842
47.3821 -22.0985 35.4173 -1.60614 0 -3.5 0.418711 -0.877037 -0.235559
57.1797 15.7805 24.8345 -1.31949 0.323542 -3.5 0.753576 -0.246914 -0.609226
50.9009 -23.388 39.9678 0.554692 0 -1.6 -0.665748 -0.608103 0.432423
55.5365 -19.515 30.059 -0.535281 -0.251929 -3.5 -0.514839 -0.174989 -0.839237
49.217 5.90331 13.8656 -1.08417 0 -3.94257 -0.877574 0.364881 -0.311008
84.4188 -1.34325 24.1746 -0.793747 0 -0.4 -0.589242 0.534744 0.605675
64.8135 -2.30675 38.4053 -0.353301 0 -3.2 0.168603 0.790155 0.58926
55.474 1.8585 2.203 -2.5327 -0.386416 -3.5 0.229916 -0.256753 -0.938731
85.4301 23.3576 19.422 -0.499477 0 -3.5 0.933512 0.0685252 0.351937
56.7013 7.78591 -1.58741 0.549482 0 -4.5 -0.661018 -0.537996 0.523083
84.813 6.34 1.75225 0.593744 0.133105 -0.946907 0.924272 0.379904 0.0373294
59.1865 -7.097 -11.939 -0.54402 0 -2.40763 -0.586829 -0.791717 0.169753
66.6255 -23.0322 29.3739 -0.278797 0 -3.5 0.522056 0.732595 -0.436763
94.841 -0.330875 15.9869 0.439198 0 -4.5 0.456943 0.821177 0.341863
72.1954 -5.75588 14.0641 0.516078 0 -3.9 0.0833888 0.973973 0.210769
76.1319 -13.2138 -0.00040625 0.0062911 0 -0.7 -0.61664 0.105485 0.780146
64.2912 9.39697 8.16241 -0.569245 0 4.5 -0.380646 0.794791 0.472669
64.0159 5.6925 -7.33437 0.109314 0 3.8 -0.579667 0.496005 -0.646502
50.6507 1.1735 6.7185 -0.148136 0 -3.2 -0.29891 0.76295 -0.573202
56.915 -8.86544 9.37588 0.118128 0 -4.5 -0.0765918 -0.831294 0.55053
45.2925 6.1255 14.552 0.907773 0 -4.5 0.466291 0.593186 -0.65628
53.0088 -3.46863 -12.2961 -0.323464 -0.291058 -0.8 -0.3144 -0.948506 -0.0385942
84.9395 1.88928 -4.89628 0.0961741 0 -2.11975 -0.429397 0.299398 -0.852044
73.3195 14.1125 20.518 -0.259874 0 1.8 -0.700831 -0.270256 0.66015
50.6051 -7.49869 7.17653 -0.0912087 0 -0.7 -0.258765 -0.960018 -0.106803
45.8012 -19.4202 44.7024 -0.395075 0 -3.5 0.391174 0.128639 0.911282
61.4515 -5.87675 12.9987 -0.660393 0 -0.4 0.322936 -0.754184 0.571769
54.0434 -0.321187 -5.22634 0.50608 0.0115545 -0.451264 -0.503711 -0.752011 0.425153
63.3804 8.57956 23.5406 -0.194407 0 -0.4 -0.132416 0.75437 -0.642956
74.6066 8.24869 -6.93775 0.294889 0 -0.7 0.725763 0.401181 -0.558857
51.2946 -22.4333 44.2059 -0.179821 0 -0.8 -0.457059 -0.438954 0.773574
51.2303 -21.2933 37.3189 -0.222365 0 -1.6 -0.236684 0.362714 -0.901343
53.9019 10.2513 16.0424 -0.681327 0 -1.3 -0.527142 0.847844 -0.0572935
79.057 -13.6321 -6.05481 0.984377 0 -3.9 -0.081532 -0.968812 0.233998
69.4221 13.2471 16.5403 0.475343 0 -4.5 -0.391877 -0.500265 0.772119
69.9729 -24.3875 39.9044 -0.360148 0 -3.5 0.922947 0.0524427 0.381337
68.0695 1.94131 39.5791 0.157401 0 -3.9 -0.219174 0.0110522 0.975623
87.9542 9.41934 28.4063 0.144337 0 -3.9 0.215682 -0.583646 0.78284
59.5898 5.47072 1.64103 0.123824 0 4.2 -0.813176 0.477929 0.332156
55.5685 3.2865 35.873 -0.184118 0.828472 1.8 -0.124538 -0.991322 0.0420894
82.508 -13.6951 -4.37534 -0.108904 -0.328439 -0.8 -0.190571 -0.793217 -0.57835
62.5389 13.8553 8.05356 -2.86897 -0.0746912 -3.5 -0.669967 0.25218 0.698247
49.5149 13.4047 29.6117 -0.346213 -0.104839 -1.04014 0.134243 0.938595 -0.317835
84.3913 14.409 7.45188 0.101076 0 3.8 0.293104 0.63862 -0.711515
56.9692 3.43 37.0802 0.635055 0 -1.08825 -0.479486 -0.810542 0.336325
61.756 -4.35337 13.6196 -0.218124 0 -0.4 0.705654 -0.520399 0.480871
42.43 6.4665 20.4287 -0.0326868 0 3.8 -0.952406 -0.28102 -0.118111
60.2505 2.014 -15.436 -0.0829148 0 -4.5 0.606016 -0.369939 -0.704194
79.7624 21.5781 1.97769 0.164362 0 -3.5 -0.383737 0.238423 -0.892132
55.983 -9.04575 18.7944 2.2707 0 -3.9 -0.791794 0.0888984 0.604285
62.9806 11.2122 -8.04853 -0.422942 0 -1.63167 -0.240443 -0.470591 -0.848959
57.9461 4.57587 33.3918 -0.63027 -0.203314 -2.64754 0.126499 -0.991815 0.0173267
63.5938 -5.95281 19.8708 -0.61903 0 -3.5 0.96152 -0.00948453 -0.274571
71.4954 -6.17013 39.7205 0.162859 0 3.8 -0.0955824 0.632224 0.768867
55.1581 7.34562 -3.70956 0.007613 0 -4.5 -0.762304 -0.16314 0.626322
67.7626 -9.77087 9.79922 -0.473579 0 -3.5 0.55153 -0.817103 0.167804
82.4691 -8.88025 36.5619 0.732812 0 -1.6 0.963044 -0.186912 -0.193932
80.7139 -16.2973 -2.36313 1.56099 0 -3.9 0.214583 -0.523047 -0.824849
46.4772 -4.595 7.10187 -0.0324926 0 3.8 -0.389077 -0.38042 -0.838987
71.7651 -10.9942 0.935125 -0.444477 0 -3.5 0.771518 -0.631563 -0.0767348
67.9783 19.3478 -1.25762 0.490699 0 -3.5 0.000376491 0.140059 -0.990143
56.402 -13.8505 44.9924 -0.958501 0 -0.9 -0.35276 -0.34831 0.86847
91.7244 -1.60372 9.90716 -0.383597 -0.821098 -2.74991 0.99055 -0.131292 -0.0396621
49.4959 -20.0063 35.7351 -0.604973 0 -3.5 0.857667 -0.487286 -0.164192
56.9187 20.3058 23.1244 0.64589 0 -3.9 0.986793 -0.0334692 -0.158493
57.8942 -7.005 23.9378 -0.0545714 0 4.2 -0.510794 -0.0891332 -0.85507
67.351 5.80425 14.2533 -1.02189 -0.424283 -2.35946 -0.688397 0.283036 0.667833
89.1971 -7.16631 10.5872 -0.605776 0 3.55536 0.584252 -0.805199 -0.101513
84.313 17.6395 18.455 -0.289195 0.499007 -3.5 0.694809 0.475285 0.539764
53.2116 -9.08575 10.9329 -0.363341 0 -0.7 0.211784 -0.977299 -0.00579902
81.3517 11.1576 30.0565 -0.175489 0 -3.5 -0.139042 -0.289722 0.946957
68.0082 -0.248531 39.3915 -0.00234558 0 -3.9 -0.114796 -0.0818996 0.990007
85.0398 26.4603 10.0056 0.212481 0 -1.6 0.606886 0.586179 0.536734
94.9477 0.296469 13.6555 0.300845 0.0192133 -4.5 0.659613 0.695177 -0.285729
67.1976 9.20869 24.7847 0.0181769 -0.00712902 -0.4 0.319422 0.309166 -0.89576
72.661 -7.47344 16.8647 1.96833 0 -3.9 -0.385222 0.301857 0.872059
57.0575 3.412 2.7565 -0.413523 -0.0805658 3.79628 0.0155996 0.231962 -0.9726
48.549 6.52356 34.3751 0.0126487 0 -4.5 -0.860818 -0.342819 -0.376122
81.0303 -11.3103 43.1653 1.01995 0 -3.9 0.46098 -0.275414 0.84359
43.3088 6.79812 27.3086 0.012358 0 -3.5 -0.221407 -0.458966 -0.860424
57.9988 -4.47419 -16.4083 -0.178291 0 -3.5 -0.855589 0.457224 -0.24272
72.9811 -1.55444 22.0649 -2.07027 -0.878205 -3.5 0.294224 -0.798611 -0.525026
47.8626 -22.705 41.155 -0.0318556 0 -3.2 0.482746 -0.765754 0.424945
85.9041 -6.24625 21.2377 -0.786684 -0.937753 -0.8 0.516341 -0.82643 0.224511
92.028 1.67716 1.74012 0.0722614 0 1.8 0.961271 0.203587 0.185772
66.8633 3.53781 -12.4924 0.445059 0 2.58324 -0.0150697 0.502945 -0.864187
48.0837 12.498 14.2393 -0.0322132 0 -4.5 0.136163 -0.0630972 -0.988675
56.5889 11.1919 -0.333719 0.260757 0 -4.5 -0.837389 0.469424 0.280037
63.5906 -3.36512 -16.717 -0.309676 0 -0.4 -0.032064 0.0846042 -0.995899
91.6977 6.46694 6.9405 -1.50542 -0.303378 -3.5 0.485448 0.184855 -0.854499
54.597 3.04675 0.459 -0.681149 -0.350069 -3.5 0.0358691 -0.0114065 -0.999291
59.1695 -23.5225 29.7335 -0.865314 -0.881263 -3.5 -0.18413 -0.849517 0.494386
57.312 1.00538 -8.25925 -0.617104 0.186363 -1.11599 0.456158 0.493582 -0.74047
65.0296 -11.6682 -1.41963 0.231475 0 -3.9 0.649958 -0.66969 -0.359263
54.454 -1.0625 -6.07312 0.153994 0 -0.4 -0.308174 -0.842772 0.441321
60.6885 11.3342 7.78647 0.00358974 0 -4.5 -0.304081 0.672697 0.674547
44.3745 5.09 27.9665 -0.0584923 0 -3.5 -0.0505728 -0.997589 -0.0475306
92.3075 -4.28381 11.0198 -0.129912 0 2.8 0.735705 -0.371578 -0.566276
66.8061 3.22394 34.5195 -0.392639 -0.130483 -0.8 -0.944882 0.16302 0.283943
43.8195 5.302 41.0573 -2.12894 -0.437298 -3.5 -0.558757 -0.52872 0.638941
59.8381 16.1373 3.07072 -0.775648 0 -3.5 -0.770429 0.509831 -0.382767
43.3638 1.60825 22.519 0.0903893 0 4.5 -0.927405 -0.064251 0.368499
48.1483 5.706 8.80931 -1.00089 -0.685001 -3.5 -0.00690526 -0.115037 -0.993337
80.6445 11.6826 -1.49741 0.400232 0 -3.9 0.0207489 -0.337274 -0.941178
69.486 4.45128 33.6465 -0.790556 0 -0.8 0.641557 0.738791 0.20638
65.9827 7.95937 32.596 -0.539306 0 -3.2 0.578168 -0.675313 0.457902
67.4242 8.17275 -5.2895 0.663455 0 -4.5 -0.290211 0.155056 0.944317
70.4917 11.5354 -5.66569 0.553012 0 -2.62528 -0.501285 0.856159 0.12532
69.7407 -6.63597 13.7366 0.222926 0.115798 -3.9 -0.585411 0.00179816 0.810735
45.3285 6.95853 25.9719 0.286968 0 -1.3 -0.858127 -0.234227 -0.456897
42.5154 -5.82937 6.70475 -0.267481 0 -0.8 -0.107194 -0.241863 -0.964371
92.3558 -10.3324 0.494687 0.216337 0 -4.5 0.396293 -0.840024 0.370555
50.9114 2.79037 -9.81825 -0.0970341 0 1.8 -0.731314 0.680357 0.0478956
54.7913 11.3184 16.8252 -0.198874 0 4.2 -0.535676 0.560329 -0.63173
64.1403 -5.88956 21.2379 0.170302 0 -1.12896 0.791517 -0.101117 -0.602724
89.8865 9.25056 16.7509 -0.0352237 0 -4.5 0.990182 0.128399 0.0552637
58.6198 14.6873 33.8122 -0.36494 0 -0.8 0.999791 0.0201677 0.00333761
66.081 -20.291 28.4498 -0.141871 0 -0.7 0.851662 -0.477752 -0.215465
40.0137 3.21 28.8267 -2.69406 0 -3.5 0.0165987 -0.985134 0.170985
58.7424 -8.18713 -3.58387 2.24031 0 1.9 0.392584 0.000811784 -0.919716
52.2709 2.77588 -11.8945 0.00174588 0 0.692008 -0.438698 0.586387 -0.680951
54.4383 6.14131 -4.72591 0.0168019 0 -1.6 -0.590022 0.21301 0.778781
45.1531 8.0875 25.3201 -0.38439 0 2.40543 -0.67122 -0.739261 -0.0543857
51.0935 14.1125 17.2765 -0.706553 -0.184237 1.19215 0.524844 -0.579046 -0.623895
70.1836 -3.31225 10.6174 -0.406369 0 1.16653 0.996913 -0.0709555 -0.0336092
74.4683 16.9354 -3.40125 0.514218 0 -3.9 0.473927 0.276401 -0.836059
62.8105 5.87625 35.9651 0.0889155 0.17356 -1.96379 0.910728 -0.195808 0.363638
77.166 20.122 19.7671 -0.992456 -0.560104 -2.425 0.202836 0.446598 0.87144
76.0212 21.748 17.3532 -1.24272 0 -3.5 -0.228271 0.853359 -0.46869
66.2398 -27.6589 34.7928 -0.619537 0 -3.11207 0.654655 -0.743717 -0.13532
60.5397 2.87675 38.938 -0.209004 0 -1.6 0.274056 -0.624816 0.731094
80.8808 -13.3526 39.7917 0.130811 0 -3.9 0.319698 -0.944152 -0.0798101
58.5469 -27.2706 40.9236 0.061498 0 -3.75199 -0.0878662 -0.683037 -0.725079
69.5326 -4.38312 12.7808 0.645286 0 -2.52994 0.721638 0.330066 0.608519
91.5574 -6.36412 3.02775 -0.421871 -0.657948 -3.72128 0.522607 -0.811758 0.260636
66.2636 -21.9264 42.0493 -1.95683 -0.294711 -4.13799 0.153275 0.480859 0.863297
72.8065 15.9709 17.2468 0.777494 0 -4.5 -0.294617 0.78073 0.551054
71.6363 -2.21988 6.80375 -0.144458 0 2.67787 0.00213628 -0.844591 0.535408
67.0697 21.2305 0.150703 -0.0805027 0 -3.5 -0.582604 0.673913 -0.454328
56.778 5.785 -7.377 -0.168803 0 -1.6 0.701868 -0.0853089 -0.707181
40.9551 3.78625 16.7194 0.166017 0 3.47087 -0.928167 -0.347815 -0.132407
64.187 -21.3019 26.299 -0.175475 0 -3.5 0.905908 -0.0969724 -0.412221
89.4197 5.82412 4.41062 -0.0996724 0 -0.7 0.526179 -0.0101018 -0.850314
66.4462 -9.82091 8.05216 -0.371994 0 -3.5 0.182382 -0.777808 -0.601458
85.5732 7.69897 27.2737 -0.726226 0 -3.88895 0.267049 -0.328477 0.905973
81.5135 -0.147219 30.0448 -0.724116 0 -0.7 0.834214 -0.422016 -0.354951
67.0632 -26.4376 40.6976 -0.318367 0 -3.5 0.357732 -0.860902 0.361767
69.8367 6.30575 16.6815 -0.4081 0 -1.86959 -0.60553 0.262478 0.751292
58.6279 9.68575 2.26544 0.167153 0 -4.5 -0.78228 -0.294186 0.549083
77.0549 8.39725 -5.24344 0.331047 0 -1.6 0.100297 0.232787 -0.967342
55.4905 -1.03072 25.0935 0.0843401 0 -3.5 -0.464088 -0.618263 0.634329
71.9127 7.80219 -12.4299 -0.226721 0 4.2 -0.078434 0.372395 -0.924754
57.1599 4.01269 4.277 -0.109221 -0.325395 -2.56649 0.256046 0.906508 -0.335685
43.775 8.87952 41.1596 -0.117835 0 -3.5 -0.454287 0.57803 0.677868
82.4571 16.0734 6.7215 -0.65372 0 -3.5 0.788206 -0.436881 -0.433436
44.2246 15.1143 28.0282 0.806116 0 -3.9 -0.629707 0.652663 -0.421307
91.925 0.140094 0.690562 -0.0325071 0 1.8 0.89742 -0.373481 -0.234837
79.5315 -6.66119 29.0333 -0.266913 0 -3.5 0.366482 -0.865187 -0.34226
62.0906 17.0971 6.45662 -0.405009 0 1.8 -0.665899 -0.180478 0.723882
53.5369 -9.47031 3.88525 -0.0421364 0 -3.5 -0.529463 -0.834812 0.150859
66.6306 1.39706 37.5084 0.0683484 0 -3.9 -0.967388 0.177668 0.180538
57.244 -8.9015 42.3345 -0.22182 0 -0.7 -0.161048 0.797341 0.581646
65.7449 10.0593 30.4711 -0.915044 -0.343186 -3.5 0.317635 0.77332 0.548712
93.6569 -1.48413 12.4865 0.456181 0 -4.5 -0.147741 0.331968 -0.931649
41.874 14.9011 34.5618 2.24985 0 -3.9 0.499513 0.61158 -0.61356
57.5568 -17.6011 27.8875 -0.531664 -0.039103 -1.64858 -0.941085 0.0665101 -0.331566
59.2656 8.11075 42.5751 -2.07305 -0.861191 -3.5 0.818794 0.152403 0.553489
46.4955 12.5272 38.0443 0.100683 0 -0.7 -0.213703 0.359101 0.908503
62.098 -8.13822 21.3906 -0.176213 0 -3.5 0.0937821 -0.986693 -0.13282
85.2536 6.01466 2.66756 0.46243 0 -1.3 0.548872 0.704966 -0.449179
49.1925 -3.83675 36.0843 -2.61503 -0.819619 -3.5 -0.87482 -0.124552 0.468164
77.6237 -0.110937 24.6677 -1.41093 0 -1.6 0.852213 0.241893 -0.463919
63.1015 -20.0683 25.1041 -0.49383 0 -3.5 0.374691 0.342433 -0.861595
67.242 6.4745 31.018 -0.867034 -0.677649 -3.5 -0.0696594 0.0212054 0.997345
58.5109 8.89884 0.561281 0.339321 0.151989 -4.5 -0.39443 -0.739299 0.545768
74.6462 16.337 23.3089 0.0492802 0 -1.6 -0.870645 0.267573 0.412772
87.9552 4.28094 2.5815 0.543169 0 -1.3 0.535952 0.690179 -0.486218
87.5445 16.6795 17.8065 0.0261925 0.982332 -3.5 0.725451 0.681131 0.0988988
72.6973 -12.9026 31.6627 -0.299042 0 -3.5 -0.198351 -0.969779 -0.142072
71.1161 7.86788 17.8999 0.400867 0.492824 -3.5 -0.751858 0.0884153 0.65337
57.7528 -20.0382 30.4826 -1.55517 0 2.41135 -0.471147 -0.780954 0.410039
54.6784 16.0443 35.9249 -0.312861 0 -0.8 0.151329 0.905965 0.395382
83.3653 18.3407 1.99909 0.253808 0 -1.43097 0.89547 0.375954 0.238311
62.7663 2.89162 -12.9579 0.0407863 0 -0.4 -0.0772401 0.40137 -0.912653
51.9425 -6.48731 32.1021 -0.453034 0 -1.21496 -0.911407 -0.337234 0.235819
94.3695 2.461 13.9805 0.0667193 0 -4.5 0.998088 0.0442407 0.0431683
70.3161 -1.42237 11.6264 -0.833756 0 2.8 0.37918 -0.515846 0.768196
44.4369 3.02819 24.6671 0.0812458 0 1.8 -0.947399 0.284064 0.147452
82.234 20.645 0.432719 0.120141 0.0947162 -4.5 0.191517 0.870615 -0.453157
72.7346 -11.0721 40.9793 0.354603 0.491868 0.192958 0.295444 -0.399184 0.867966
58.1835 -23.8494 25.079 -2.41034 -0.452099 -3.5 -0.237105 -0.457918 -0.856792
52.6435 1.6595 3.122 -0.802973 0 -3.5 -0.736518 0.0231122 -0.676023
63.7035 12.129 8.0665 -2.37821 0 -3.5 -0.109764 -0.451725 0.885379
69.0384 -9.80875 -4.77806 -0.772276 0 -1.02579 -0.986684 -0.158493 -0.0365232
74.153 -9.90944 -13.9712 -0.239283 0 -0.7 -0.0159255 -0.62326 -0.781853
72.0061 6.52378 29.8174 -0.405543 0 -1.30735 0.0237102 0.752895 0.657713
51.0356 -17.4697 30.6068 -0.428873 0 4.2 -0.489543 0.144753 -0.85988
88.8832 -12.1079 -1.074 -0.792036 -0.00050047 -3.5 0.625447 -0.697913 -0.348903
85.5888 5.08988 -1.29712 0.423494 0 2.5166 0.779282 0.161617 0.605475
66.4305 15.666 14.853 -0.423119 0 -4.5 -0.275132 0.891529 -0.359832
56.0278 -19.2471 31.469 0.202515 0.266765 4.2 0.136797 -0.987991 -0.0718378
71.6884 16.6105 16.288 -0.746763 -0.0159739 -4.259 -0.338241 0.710832 0.616694
69.8955 19.3527 -1.09928 0.869183 0 -3.73333 -0.175185 0.579652 -0.79581
78.3309 19.8788 13.708 -0.132166 0 -3.5 -0.505687 0.853244 -0.127499
91.2953 6.41578 14.6782 0.0869596 0 -4.5 0.682822 0.724427 0.0946543
93.6871 -9.28037 -1.85512 0.302249 0 -4.5 0.589077 -0.741873 -0.320332
88.2621 23.813 6.11191 -0.620153 -0.0310399 -3.5 0.25476 0.812282 0.524686
43.286 4.694 27.988 -0.146969 0 -3.5 0.214575 -0.831926 -0.51172
50.4388 -2.40297 2.006 -0.222703 0 4.2 -0.100338 -0.241541 -0.965189
52.306 -8.41194 3.45956 0.170251 0 -3.5 -0.46025 -0.870975 0.171964
57.7057 5.42925 -7.1045 0.11375 0 -0.8 0.139082 0.101946 -0.985019
59.1026 -14.443 45.3589 -1.86034 0 -0.9 -0.344406 -0.170883 0.923138
72.1167 5.01028 31.41 -1.03625 0 -3.16789 -0.0825001 0.670774 0.737059
69.7084 12.5267 -3.52175 -0.280704 -0.21082 -0.8 -0.64246 0.627653 -0.439656
80.1762 7.13725 -5.42387 -0.0840031 0 -1.6 0.392719 0.690302 -0.607663
66.1779 -6.52831 22.9225 0.41537 0.677047 -1.25284 0.419406 -0.39032 -0.819603
40.0366 8.50644 26.3643 0.0280803 0 -3.5 -0.67065 -0.739372 0.0596534
64.1242 16.6228 9.10547 -0.0128416 0.478903 -4.5 -0.873951 0.386817 0.294248
71.1503 -15.933 29.5487 0.0790919 0.053712 -0.7 0.999434 0.0335254 -0.00270119
78.7903 -9.27278 34.6947 -0.985289 0 3.8 -0.219641 -0.523531 -0.823209
80.8346 -7.23884 14.2138 -0.461397 0.0645012 -3.73151 -0.748289 -0.24919 0.61479
96.9139 -1.99669 12.866 -0.198803 0 -4.5 0.863034 0.332482 -0.380301
79.8239 18.4713 -3.26012 1.04041 0 -4.5 -0.493823 0.7209 -0.486253
88.8946 0.174156 23.3387 -0.51859 0 -0.887005 0.250459 0.232748 0.939733
68.2349 -9.57738 8.72356 -0.488784 0 -3.5 0.392811 -0.890935 -0.22789
54.7725 -3.87775 2.05356 0.198704 0 -1.6 -0.628985 -0.130252 -0.766428
66.7346 -5.714 14.2336 -0.406738 0 -0.8 -0.0492427 -0.719152 0.693106
71.9772 17.8387 -3.02172 1.06821 0 -3.9 -0.55918 0.0861878 -0.824554
87.5761 16.4585 16.8022 -0.247722 0.484923 -3.65993 0.375806 0.887631 0.266233
75.6087 -14.2725 -7.38541 -0.160166 -0.125567 -2.97162 0.0730642 -0.937906 0.339108
92.5425 -4.852 12.975 -0.264342 -0.977635 2.8 0.594858 -0.783601 -0.179199
63.0445 12.6384 15.1308 -0.739113 -0.829806 -3.2 0.0888955 0.894592 -0.437953
85.4905 19.1626 6.61863 0.467788 0 -3.5 0.7461 -0.636896 0.19416
74.5548 -0.818094 21.7629 -1.70084 0 -2.08439 0.570342 -0.738125 -0.36039
48.7428 -3.77741 34.4679 -2.07442 -0.0216721 -3.5 -0.883068 -0.302812 0.358464
52.8208 4.04787 6.01963 -0.196344 0 -3.5 -0.949212 0.309441 -0.0569397
65.4105 -7.03316 41.3134 0.00438938 0 -3.2 0.278056 -0.0687999 0.958098
81.1502 15.6613 -3.70341 1.15946 0 -4.5 0.144744 -0.688721 -0.710431
64.3909 12.8039 -10.299 -0.602634 0 -4.5 -0.506634 -0.359471 -0.783647
75.3248 -9.92225 40.562 0.0915845 0 3.8 0.741925 -0.154576 0.652422
83.629 2.65075 24.9342 -0.765955 0 -3.24527 -0.0781631 -0.662558 0.744921
93.4171 0.580156 15.8779 0.58836 0 -4.5 0.672854 0.221981 0.705685
58.0545 6.09975 -1.18944 -0.144853 0 -4.5 -0.773372 0.136034 0.619185
59.4524 -18.9284 47.4657 -0.475562 0 -3.5 -0.349157 0.508208 0.787282
56.2761 18.2234 20.9781 -0.456795 0 -3.9 0.970566 -0.0122611 -0.240523
70.0478 4.5595 24.205 -0.301289 0 2.8 -0.21007 0.582637 -0.785115
55.3 -14.07 32.3534 -0.0846267 0 -0.266248 -0.469905 -0.108471 -0.876027
82.6333 1.52119 -6.4855 -0.0962114 0 4.2 0.695273 0.712179 -0.0969335
53.4361 12.1361 41.4476 -1.00548 -0.0203322 -3.5 0.178171 0.184976 0.966457
76.2189 -3.07975 11.7183 0.627201 0 -4.5 -0.626862 -0.776751 -0.0608493
64.2501 -22.5976 26.2334 0.0486708 0 -3.5 0.971734 0.230546 -0.0508156
79.8838 -12.9461 0.861063 0.309832 0 -3.9 -0.402376 -0.0776025 0.912179
80.4103 -5.73263 35.7816 -0.243795 0 1.55663 0.655382 0.555813 -0.511416
66.3134 -2.57394 -15.0347 0.139176 0 -0.577971 0.540109 0.221855 -0.811827
48.686 2.34141 34.4926 0.0127642 0.0838731 -4.5 -0.921253 0.107619 -0.37378
44.8211 13.1434 37.179 0.0852057 0 -0.7 -0.194939 0.589071 0.784216
73.1391 4.65219 -12.5054 -0.802843 0 -1.3 -0.263954 -0.398832 -0.878215
47.8499 12.2701 38.3393 -0.0133533 0 -2.7768 -0.314511 0.506665 0.802729
82.5798 24.1071 4.9255 -0.620975 0 -2.28393 0.534021 0.629834 -0.56403
59.5691 -10.3917 -0.414438 1.76 0 3.4353 -0.201756 -0.885666 -0.418198
58.6143 -18.4801 26.3273 -0.327851 0 -3.5 -0.504751 -0.0129225 -0.863168
78.9548 0.806625 33.227 -1.13705 0 -0.7 0.196904 -0.282819 0.938745
90.894 11.2238 21.4635 -1.08911 0 -3.5 0.555655 0.710895 -0.431133
47.0712 14.0552 25.6818 -0.0471441 0 -3.9 0.0322941 0.996433 -0.077964
90.5472 1.63222 22.0222 -1.0086 0 -0.9 0.713881 0.0626557 0.697459
89.2574 5.566 24.5223 -0.20815 0.335338 -2.1561 0.89595 -0.215464 0.388393
72.7119 13.0254 -9.22794 0.358252 0 -3.5 0.30804 0.875997 -0.371133
68.7143 -20.2856 31.5512 -0.597522 0 -2.45487 0.130159 -0.543949 -0.828962
76.7035 -0.095 16.9985 -0.797263 -0.627428 -2.51963 -0.176849 -0.773028 -0.609223
52.0054 -0.713 29.2464 -0.642349 0.394608 -0.636311 -0.117108 -0.503214 -0.85619
63.5748 -24.6821 27.5841 -0.966268 0 -3.5 -0.233557 -0.962615 -0.137198
64.2976 0.637875 35.5891 -0.206041 0 3.8 0.0382199 0.807737 0.588303
40.1756 8.27538 34.6317 -0.52672 0 -3.9 -0.8001 -0.588079 -0.118335
76.1474 12.3702 23.2969 0.313008 0 -1.20806 -0.963531 -0.0716133 0.257836
56.4877 9.17612 39.0654 -0.17718 0 -3.5 0.7011 0.209041 -0.681734
53.4121 19.573 19.8223 -0.129776 0 -3.9 -0.326894 0.59716 -0.732489
43.9364 6.36434 22.0575 0.250319 0 3.8 -0.717202 -0.234123 0.65636
73.6841 7.62256 26.652 0.223597 0 -4.5 -0.225125 0.881458 -0.415151
56.3687 -15.1029 29.6115 -1.06153 0 1.8 -0.917902 -0.393641 -0.0500322
81.7363 22.8984 17.626 0.000192566 0 -3.5 -0.869489 0.419547 0.26071
79.2023 11.9583 -2.51131 0.497659 0 -1.40539 0.885155 -0.26171 -0.384719
68.1911 -22.3962 31.8822 -0.394304 0 -3.5 0.465261 0.0983941 -0.879688
77.0134 -11.2568 34.8154 0.0459011 0 -1.6 0.285527 0.726265 -0.625311
84.5656 18.883 -0.432 0.412261 0 -4.5 0.825176 0.56305 -0.0453694
74.8148 -14.576 -12.243 0.293673 0 -3.5 -0.0237341 -0.686975 -0.726293
64.8774 -0.982219 16.4627 -0.786304 -0.0782289 -1.3 0.728628 -0.649563 0.217185
54.5385 -9.0875 28.3316 0.0502955 0 -0.9 -0.840499 -0.404909 -0.360013
45.5083 6.99713 24.1022 0.824939 0 3.38257 -0.912747 -0.214417 0.347732
75.703 6.3095 -10.484 -0.746956 0 -1.3 0.900309 0.297683 0.317534
71.901 1.88659 19.7955 -0.916648 0 -3.5 -0.794926 -0.288276 -0.533844
75.3233 6.66044 -9.02281 -0.270981 0 -1.28921 0.899431 0.421288 0.116366
91.585 -2.42322 1.18481 0.00625727 0 -4.5 0.904249 0.361124 -0.227867
85.6058 -3.60613 -7.098 0.936551 0.1992 1.8 0.466666 -0.878451 -0.102693
58.5807 -2.72625 33.8882 -1.11792 0 -0.9 -0.244911 0.690799 0.680306
79.6466 -13.5236 37.0243 0.138493 0 -2.20584 0.766266 -0.639985 0.0570536
88.0137 1.27275 -7.6305 -0.275182 0.097902 -3.25603 0.0422237 0.885554 -0.462613
72.6271 23.5067 3.88538 0.582585 0 -4.5 -0.299204 0.823164 -0.482574
51.2108 3.63031 8.46219 -0.402249 0 0.870846 -0.37634 0.230653 -0.897311
39.765 16.1852 35.6198 2.24294 0.000584982 -3.9 -0.432296 0.901636 0.0131693
54.3588 -17.9431 30.9623 -0.0290566 0.0199686 4.2 0.0713743 0.406747 -0.910748
50.6936 -2.94931 18.9781 -0.11807 0 4.5 -0.0258323 -0.999056 0.0349143
55.0479 13.1759 -4.65969 -0.791305 -0.354605 -4.5 -0.179405 0.821238 0.541648
84.9627 17.8732 8.56356 0.0243146 0 -1.3 0.996931 0.0344827 -0.0702825
68.0453 11.1045 27.4431 -0.211506 0 -3.5 0.298774 0.947702 -0.112229
80.8135 -0.131031 28.7996 -1.11111 0 -0.7 0.818738 -0.0282262 -0.573473
64.637 3.2665 29.9309 -0.623469 0 1.8 0.215555 0.325227 0.92074
87.5111 22.275 7.44 -0.299778 0 -3.5 0.360673 0.279353 0.889875
79.3467 21.4686 18.1132 0.118148 0 -3.5 0.181753 0.769734 0.611945
63.9152 -0.025125 -14.4368 -0.0971165 0 -0.4 -0.202285 0.518812 -0.830611
63.8716 4.18025 -9.26206 0.977403 0 3.33304 -0.758313 0.58629 -0.284999
45.8558 7.84925 15.788 -0.276912 0 -4.08568 -0.374799 0.557586 -0.740692
50.6892 16.6849 35.1225 -0.0888269 0 -0.7 -0.710793 0.70136 -0.0535475
69.0171 -10.3484 43.7797 0.0945181 0 -3.65628 0.774177 0.61058 0.166858
80.7923 -7.60006 40.7036 1.61971 0 -3.9 0.114229 0.683336 0.721113
72.8122 -9.99362 -2.7045 -0.357572 0 4.5 0.131015 -0.677176 0.724063
43.2038 7.75269 19.0996 -0.00126345 0 3.8 -0.853127 -0.0248254 -0.521113
75.4945 -13.6914 -12.8924 0.436811 0.0175398 -3.5 -0.23917 -0.628461 -0.740158
53.3274 2.47447 -5.65728 -0.0648738 0 -1.6 -0.788149 -0.00873253 0.615422
59.7122 -6.72034 21.3415 0.431395 0.875332 -3.5 -0.974062 -0.188328 -0.125446
76.6988 20.5145 1.92675 0.514916 0 -0.7 0.213335 0.445668 -0.869407
73.9774 19.3608 10.8219 0.159867 0 -1.6 0.0824068 0.941798 -0.325923
55.2305 2.7475 -1.002 -0.70219 -0.631845 -0.8 -0.503846 0.213804 0.836915
53.8699 -11.3781 32.4258 -0.0137271 0 -2.22656 -0.472785 -0.257808 -0.84262
39.1647 9.58625 21.748 -0.74052 0 -0.4 -0.97534 -0.145326 -0.166109
89.9766 -6.41362 11.6793 -0.492759 -0.0356714 2.8 0.581678 -0.799312 -0.150834
74.7603 20.4192 13.3104 0.161799 0 -1.6 0.171553 0.965178 -0.197488
43.5617 -7.24972 8.90034 -0.426461 -0.278999 -0.8 0.455559 -0.889354 -0.0389231
82.3071 -12.1 6.71325 -0.182569 0 -3.5 -0.961254 -0.250127 0.115873
41.2839 5.88487 27.8192 -0.950384 0 -3.5 -0.053124 -0.303582 -0.951323
55.9017 -9.6985 35.6045 0.0981059 0 -4.5 -0.93643 0.148237 0.318
56.0691 -7.17116 26.5036 -0.267927 0 4.2 -0.886126 0.151572 -0.437958
65.4923 -6.71278 12.3375 -0.972794 0 -0.8972 -0.110211 -0.479958 0.870341
84.86 -11.3245 10.5925 -0.316492 0.190332 -3.95915 0.69047 -0.694041 0.203859
74.1291 19.35 19.8879 -2.48187 -0.869724 -3.5 -0.665267 0.0480421 0.745058
91.8484 0.03875 10.9214 0.0875414 0 4.2 0.982056 -0.0980379 -0.161101
61.3885 13.8045 18.3965 -0.621867 0 -3.5 0.911982 -0.361723 -0.193509
58.9567 15.6275 31.6908 -0.216614 0 -0.396665 0.830043 0.535379 -0.156199
60.184 -28.236 40.8416 0.314443 0 -4.5 -0.349984 -0.452216 -0.820373
72.4748 -12.149 -3.20006 -0.150872 0 1.8 0.300797 -0.0911288 0.949324
44.195 11.7455 15.5759 0.0773497 0 -4.5 -0.619942 -0.631299 -0.465975
50.4147 11.0393 15.2692 -0.960121 -0.470574 1.17419 0.850898 0.416786 -0.319786
84.6067 -5.78478 -14.5358 0.0132007 0 1.8 0.392921 -0.828822 -0.398331
94.1191 -3.52813 11.2149 0.0780875 0.0100301 -4.5 -0.261383 -0.203088 -0.943628
63.266 16.5091 7.16931 -0.289324 0 1.8 -0.740631 -0.154617 0.65388
78.87 -8.562 41.1274 3.86058 0 -3.9 -0.810699 0.584917 -0.0252919
51.7733 -22.3926 35.9666 -0.410365 0 -1.6 -0.501502 0.48813 -0.7143
44.4789 -0.075125 28.1863 -0.132859 0 -3.9 0.00769554 -0.11409 0.993441
91.4473 -0.178375 21.8379 -0.235776 0 -3.5 0.416066 0.653501 0.632318
81.2178 -1.91463 27.4603 -2.74236 -0.184878 -3.5 0.886059 0.45602 0.0833424
87.7885 -10.4934 -3.57938 0.253482 0 -4.5 0.352366 -0.697367 -0.624113
53.5962 9.39563 41.6762 -0.207738 0 -3.5 -0.36043 -0.0141358 0.932679
82.4564 19.9762 2.34875 0.732899 0 -0.838403 0.941397 0.169008 -0.291904
66.475 -8.83663 23.7064 3.2996 0 -3.9 0.5766 -0.353577 -0.736557
85.4158 2.91572 -5.14237 0.0879243 0 -3.5 -0.428549 0.0479411 -0.902246
50.4772 9.81938 0.0839688 -0.0370242 0 -4.5 -0.314508 -0.648844 0.692883
43.3485 -0.53875 17.8442 0.524584 0.427885 4.5 -0.820364 -0.563672 -0.0963157
88.3905 0.615719 -9.39262 -0.176737 0 -3.2 0.364753 0.926952 -0.0878398
81.1416 6.73747 29.3484 -0.159867 0 -4.5 0.691135 0.423242 0.585831
64.5001 -10.4056 7.84969 -0.328332 0 -3.71504 0.504325 -0.745758 -0.435317
71.6077 -13.4682 28.7884 -0.377912 0 -0.7 0.504667 -0.652804 0.564941
58.9844 16.0332 33.6733 -0.292774 -0.235199 -0.8 0.991552 0.126366 0.0292626
75.894 -11.0625 1.00425 -0.102894 0 1.8 -0.359454 -0.741879 0.566046
76.0182 8.39625 -12.169 0.12221 0 -1.3 0.930511 0.347609 0.115404
68.8075 -4.66475 6.74725 -0.653173 0 -0.9 0.83314 -0.136435 0.53597
50.4108 -13.2323 35.6721 -0.898358 0 -0.7 -0.384856 0.782803 -0.488984
68.3692 8.96425 -4.56025 -0.841529 0 -0.8 -0.800952 0.0263027 0.598151
56.6191 -20.8536 27.6414 -0.759044 0 -3.5 -0.917395 0.194397 -0.34727
65.1749 -24.7657 27.38 -0.599774 0 -3.5 0.214519 -0.521855 -0.82562
42.7874 13.9807 29.8515 0.111118 0 -3.81385 -0.415025 0.805996 0.422049
85.0793 -7.28687 19.0778 -0.150814 0 3.8 -0.206686 -0.921628 0.328454
48.4437 1.39569 7.98612 0.289105 0 -3.2 -0.102427 0.31593 -0.943237
75.3673 8.40128 27.334 -0.209334 0 -4.5 -0.402302 0.8904 0.212932
58.0805 16.5715 20.2115 -0.657875 0 -3.5 -0.241109 0.96781 -0.0721854
65.431 0.699938 21.7486 -0.535803 0 -1.6 0.414799 -0.39093 -0.821654
41.7975 7.85478 26.4379 0.179968 0 -3.5 -0.130891 -0.919639 -0.370313
56.9717 10.7341 38.9791 0.148053 0 -3.55767 0.389365 -0.625442 -0.676178
78.2909 23.523 3.18384 -0.00801267 0 -4.5 -0.150993 0.775914 -0.612502
47.8986 3.07288 36.9918 0.519012 0 -4.5 -0.979911 -0.183762 0.0774994
54.7022 19.2934 25.1454 0.197383 0 -3.9 -0.822821 -0.0943517 0.560414
79.7247 10.5625 -0.194875 0.743466 0 -3.59344 -0.0319041 -0.277042 -0.960328
43.7266 0.093 23.9603 0.48267 0 -3.9 -0.604919 -0.334552 -0.722598
73.8068 19.6339 -1.20339 1.90919 0 -3.9 0.553398 0.778428 -0.29631
56.0744 4.79653 3.86866 -0.38907 0 -3.5 0.641491 0.709951 -0.290617
49.8257 -18.0563 42.1256 -0.93738 -0.111698 -0.8 -0.0505045 0.793415 0.606582
92.2775 -9.77353 -2.88516 1.33234 0 -4.5 0.485052 -0.560458 -0.671276
64.9185 -3.93587 15.1779 -0.0976238 0.350313 -0.8 -0.460585 -0.342737 0.818775
78.6241 -11.7478 34.6132 0.217203 0 -1.6 0.431651 0.431358 -0.792217
78.0271 3.13344 15.3033 -0.880808 0 -0.226116 -0.536831 -0.837492 0.102077
78.7323 13.5539 -3.66856 0.23205 0 1.8 0.566429 0.405067 -0.71769
59.6348 3.97759 34.8978 -0.642076 0 -1.91489 0.0587869 -0.850407 -0.52283
66.3232 -7.02881 -2.17294 -0.13457 0 -2.36128 0.0731023 -0.660606 -0.747165
56.0525 -13.7738 31.162 0.237966 0 1.8 -0.918818 -0.115515 -0.3774
87.0094 0.236719 -11.7758 -0.164485 0 -1.84856 -0.00413118 0.920768 -0.390089
46.8756 17.4192 15.7397 -0.155489 0 -4.5 -0.724079 0.564385 -0.396458
80.3765 -1.85512 17.3762 -1.19399 0 -1.27949 -0.417811 -0.582615 0.697132
72.3308 -12.8694 24.9475 -0.142564 -0.346777 -0.7 0.0631761 -0.198258 -0.978112
84.7266 -7.141 17.2589 -0.254541 0 3.8 -0.780098 -0.314146 0.541072
90.4059 -6.00922 6.79869 -0.900791 -0.162509 -1.7241 0.461554 -0.885005 0.0611109
49.3417 14.0502 38.2036 0.256793 0 -0.4 -0.688906 0.59307 0.416745
53.6082 -1.48659 28.8809 -0.868129 0 1.9 -0.153401 -0.277724 -0.948334
47.9344 -9.6935 35.9069 0.488007 0.369984 -3.2 -0.291857 0.105659 -0.950608
57.5148 10.5706 34.7786 0.250523 0 -3.5 0.216219 -0.249491 0.94393
61.2461 13.2346 40.8746 2.73822 0.397042 -3.9 0.805082 0.308529 0.506608
44.2469 -2.58366 7.22303 -1.18337 -0.948879 3.8 -0.0946729 0.511427 -0.854096
57.5749 0.60575 -2.17944 -0.687089 0 -0.8 -0.418575 -0.407161 0.811797
65.5677 -9.05612 -11.9611 -0.307734 0 1.8 -0.197815 -0.83243 -0.517619
82.2476 2.79684 -6.38416 -0.49524 -0.00320139 3.77733 0.938956 -0.14093 -0.313848
89.6414 11.996 16.39 0.0259184 0 -4.5 0.903913 0.12727 0.408343
74.6255 -13.2585 32.9105 -0.239124 0 -2.67158 0.0134558 -0.894101 -0.447663
54.9237 -7.00387 -1.67744 0.66157 0 1.9 -0.961151 -0.160404 -0.224629
52.7085 3.88966 2.56284 -1.82764 -0.224769 -3.5 -0.945915 0.276806 -0.169184
96.6262 -1.21563 16.0482 0.511193 0 -4.5 0.626752 0.744111 0.23126
59.7853 -1.0765 31.9994 -0.0197204 0 -0.9 -0.242047 0.892482 0.380643
76.872 -5.83706 38.0031 0.153204 0 -1.6 -0.0252589 0.040659 0.998854
83.792 15.078 -0.067 0.477529 0.676138 -4.5 0.746772 -0.662077 0.0631322
73.0122 11.7453 -10.5285 0.315578 0 -3.5 0.511352 0.556632 -0.654736
74.8678 -14.3157 33.9309 -0.114663 0 -1.6 -0.218002 -0.762082 -0.609677
53.6651 0.960875 -3.87625 0.327017 0.785358 -0.8 -0.907995 -0.246613 0.338715
84.9548 -8.70047 -9.97459 -0.281328 0 -3.5 0.960092 -0.224912 0.166246
60.3614 2.93237 30.5112 -0.923461 0 -3.17717 -0.326036 -0.293552 0.898626
53.2714 15.6228 31.1237 0.315762 0 2.8 0.102331 0.99475 -0.00066604
55.6087 16.1787 18.6662 -0.299868 0 4.2 0.21761 0.896046 -0.386971
92.6161 -2.75953 23.0752 -0.35122 0 -3.5 0.479658 -0.122128 0.868915
44.6891 7.17169 35.6736 -0.220505 0 -3.5 0.32973 -0.868095 -0.371066
43.6484 5.00297 29.8836 -0.282568 0 -3.5 0.360497 -0.911616 0.197479
55.3462 8.65047 -2.80072 0.34637 0 -4.5 -0.569288 -0.66106 0.488784
41.0376 7.51725 23.9549 -0.0384074 0 -0.4 -0.167445 -0.945341 0.279807
42.7668 -0.8345 24.7226 0.923043 0 -3.9 -0.215934 -0.451709 -0.865639
60.2064 -3.24362 40.2427 -0.26267 0 -3.2 -0.384523 0.613663 0.689608
59.1563 -20.2442 47.9441 -0.163466 0 -3.5 -0.612535 0.370906 0.698018
55.9366 -11.7512 29.929 -0.0782235 0 1.8 -0.944646 -0.306066 -0.118181
68.5669 -1.6805 13.2594 -0.731315 0 -0.38711 0.756416 -0.234154 0.610743
64.9703 9.46022 -3.06212 0.255251 0 -0.199781 0.922437 0.347259 -0.168882
83.5299 18.1819 16.0597 -0.375724 0 -3.5 0.920491 -0.322378 0.220835
68.2649 11.9062 15.3979 -0.156439 0.02688 -3.5 -0.344505 -0.352302 0.870172
61.4285 -6.73225 11.036 -0.651346 0 -0.8 -0.112119 -0.632943 0.766037
52.7884 -23.9629 44.5238 -0.772497 -0.0573665 -0.460386 -0.50363 -0.546956 0.668727
48.284 3.52378 8.52453 0.0598266 0 -3.5 0.183083 0.298019 -0.936838
58.78 13.0658 32.8639 -0.293414 0 -1.80256 0.915647 0.38811 0.1047
81.0323 8.61756 29.3827 -1.41577 -0.476728 -3.5 0.404137 -0.300376 0.863972
44.527 16.0387 29.7799 1.82072 0 -3.9 -0.690629 0.720768 0.0593716
84.1609 21.7868 14.3719 0.0589183 0 -1.94882 0.706787 0.703242 0.0768355
74.0147 22.4587 2.67225 1.2773 0.0892077 -4.5 -0.182776 0.526568 -0.830252
49.4652 -7.56125 37.44 -0.76769 0 -3.2 0.081538 0.811534 -0.578588
82.3488 -5.82725 3.19581 0.0779391 0 3.8 -0.487165 -0.805849 0.336566
81.6276 20.2049 19.2564 0.302078 0 -3.5 -0.408941 -0.0659845 0.910172
64.1489 -8.02859 41.0592 0.225777 0 0.313405 0.0117664 -0.137925 0.990373
87.9851 19.844 5.65969 -0.6439 -0.00812139 -3.5 0.166431 -0.963834 -0.208144
62.0505 3.7045 35.232 -0.292009 0 -1.6 0.68827 -0.527498 -0.498026
43.0086 14.9066 21.5332 -0.224545 0 -3.5 0.263067 0.947447 0.182045
49.2188 -0.624594 35.009 -0.895599 0 -4.41006 -0.820464 -0.176712 0.543702
55.9336 -3.07775 0.516625 -0.663263 0 -1.15343 -0.0243286 0.858838 -0.511669
71.3121 21.9272 2.76956 -0.127314 -0.138712 -3.76153 0.15285 0.646978 -0.747031
79.2733 12.1562 27.1302 -0.357706 -0.338123 -2.52608 -0.447522 0.679187 0.581747
62.0322 -25.4923 45.1335 0.995161 0 -4.5 0.058593 -0.347897 0.9357
63.7281 -10.4269 -8.70056 -0.0486372 0 -1.3 -0.504147 -0.744402 0.437837
73.6841 5.61788 21.8433 -0.474554 -0.867379 -0.7 -0.838455 0.258463 0.479782
68.7683 -11.5675 -5.13956 -0.651922 0 1.8 -0.962419 0.26213 0.0709713
71.365 -19.8117 33.5227 -1.57042 -0.614947 -3.46843 0.936963 0.128182 -0.32507
67.2003 -6.60766 -14.8193 0.0201169 0 -1.3 0.383172 -0.673296 -0.632338
63.1445 0.559313 -8.71288 -0.784216 0 3.8 -0.929624 0.0121863 0.368308
76.9345 13.0128 -4.77453 0.4831 0 1.8 0.136557 0.731053 -0.668516
66.9071 -19.3386 28.8927 0.358678 0 -0.7 0.672456 -0.648556 -0.356621
94.8504 -5.04962 12.0562 0.363143 0.0526289 -4.5 -0.42039 -0.839174 -0.34505
66.4 13.1995 16.271 -0.532747 0 -4.5 -0.196539 -0.642145 0.740961
80.5824 -3.02962 30.0816 -0.685205 0 -3.5 0.991377 0.0874347 -0.0976038
64.793 -0.01125 18.254 -1.73306 -0.660471 -1.3 0.971691 0.166385 0.167729
82.0747 -15.674 -1.74341 1.26013 0 -3.9 0.705789 -0.630085 -0.323813
45.6752 -11.9945 37.511 -0.651078 0 4.2 -0.655176 0.666586 -0.355538
86.6632 17.9468 12.9617 -2.08063 -0.447027 -3.5 0.709092 0.619313 -0.337104
56.7858 -23.2472 36.0699 -0.490348 0 -1.3 -0.314209 -0.820672 -0.477253
55.9145 5.72225 -3.30375 -0.609069 -0.561774 -2.36818 -0.622813 0.134711 0.770686
56.9223 21.4604 24.2845 2.80382 0 -3.9 0.975612 0.104479 0.193042
74.1909 16.0267 20.9651 -0.45877 0 -1.6 -0.878995 0.449456 0.159238
64.4625 19.7019 7.91962 0.224323 0 1.8 -0.163234 0.148381 0.975365
54.2077 -0.433188 25.7064 0.115469 -0.00821902 4.2 0.000303924 -0.89528 0.445503
65.1427 2.77275 20.8571 -0.233543 0 -1.6 0.522021 0.0910999 -0.848053
87.6567 11.5987 6.41725 0.151786 0 3.8 0.620518 0.503718 -0.60102
66.0591 2.44359 31.0507 0.0236803 0.580432 -0.8 -0.468089 0.718416 0.514559
91.947 4.85413 18.4786 0.138731 0 -1.74546 0.848638 0.298821 0.436485
58.2904 12.8518 2.54575 -1.10988 -0.545358 -3.56147 -0.985063 0.132824 0.109582
64.1173 -12.1431 -2.55047 0.739317 0 -3.9 0.514435 -0.743123 -0.42793
51.637 10.114 14.7408 -2.48403 -0.189986 4.2 0.176416 0.911074 -0.372588
67.897 4.04919 39.2396 1.05598 0 -3.9 -0.423609 0.220635 0.878564
88.0665 -8.96406 16.2943 -0.157737 0 3.8 0.230692 -0.970501 0.0700649
48.8015 16.458 14.2137 0.319914 0.283766 -4.5 0.399557 0.504504 -0.765395
67.7692 -27.145 35.0975 -0.155624 0 -0.4 0.100798 -0.979226 0.175946
61.7101 -1.02856 -6.89325 -0.837393 -0.530305 -1.3 0.167979 0.697545 -0.696573
90.1364 1.30456 -4.37331 -0.259461 0 -3.5 0.857258 0.382029 0.3452
80.1125 8.92031 -3.86028 0.418248 0 -1.6 0.414813 0.855822 -0.309028
54.4446 -14.389 43.5571 -1.02786 0.589999 -1.34978 -0.191934 -0.149965 0.969883
68.8193 8.8625 -11.6853 0.05994 0 4.2 -0.454011 0.365812 -0.812438
56.336 0.148594 -14.8455 0.301589 0 -3.31074 0.0582823 -0.281042 -0.957924
56.0788 -2.00125 27.3715 0.00566261 0.107693 -4.5 -0.900414 -0.361972 -0.24131
81.9113 -10.4686 37.67 0.166098 0 -1.6 0.960935 -0.271349 -0.0545285
51.4422 7.25872 9.14131 -0.475217 0 -1.82326 0.246814 0.595983 -0.764125
60.6097 5.30859 38.5702 0.092402 0 -1.6 0.344569 0.645515 0.681603
61.8766 1.74247 36.5165 -0.316663 0 3.30692 0.810418 -0.231076 0.538356
46.1652 13.9094 34.1959 -0.593186 -0.0434755 -2.80496 0.0245881 0.965651 -0.258678
67.6216 -6.74525 40.3421 -0.0987887 0 3.60322 0.246716 0.471084 0.846883
70.4118 -5.35203 13.4143 0.109569 0 -3.9 0.110251 0.765839 0.63351
47.8337 -1.61688 4.18525 -0.145058 0 4.2 -0.951725 0.131864 -0.277184
68.6982 -26.9478 29.4151 -2.34618 -0.227757 -3.5 0.489992 -0.826999 -0.275645
58.8455 6.3965 6.093 -0.172771 0 -4.5 -0.96783 -0.218617 0.124544
95.1643 -6.56659 -0.919375 0.477893 0 -4.5 0.888399 0.459051 0.0044684
70.644 -16.0415 31.6385 -0.265184 0 -3.2 0.981523 0.0450475 -0.185966
52.407 13.0002 17.9597 -0.603145 0 4.2 -0.280184 -0.270357 -0.921089
54.0096 -4.75634 2.26703 -0.00471795 0 -3.5 -0.218775 0.480896 -0.849045
52.1484 -8.65944 36.3635 -0.280506 0 -3.2 0.571116 0.587475 -0.573323
65.6142 7.54588 33.8823 -0.223706 0 -3.2 0.799484 -0.522653 0.296074
52.2831 -8.15 35.5864 -0.31884 0 -3.55179 -0.386561 -0.39937 0.831309
78.58 -4.86137 10.865 -0.222479 0 -1.3 -0.870423 -0.470851 0.143745
66.5105 6.17575 13.7715 -1.34088 -0.563258 -3.5 -0.045318 0.0274148 0.998596
69.7746 5.53519 31.6585 -0.56869 0 -0.7 0.158355 0.769652 0.618513
72.2882 -9.59022 -0.487656 -0.0452764 0 -3.5 0.575759 -0.80274 -0.155275
74.6064 12.3188 20.0602 -0.0365184 0 1.8 -0.608707 -0.442876 0.658284
51.2772 -9.4925 35.9806 -0.187633 0 -3.2 0.272635 0.177338 -0.945633
71.194 -24.1815 34.2715 0.0802174 0 -1.61795 0.884366 -0.461436 0.0705236
71.167 -13.5936 -13.2478 0.0478884 0 1.9 0.576854 -0.226489 -0.78482
48.0525 19.4601 16.1984 -0.760468 0 -3.5 0.382198 0.225406 -0.896168
56.849 -5.278 23.994 -0.192465 0 -2.93644 -0.930999 -0.260325 -0.255876
52.3675 -25.1765 40.0575 0.175324 0.778337 -3.5 -0.665505 -0.662497 0.343804
59.478 -8.66725 42.159 -0.198493 0 0.25592 0.105818 0.551752 0.827268
69.9275 12.868 -1.223 -0.116302 0 -0.8 -0.743431 0.564899 -0.35805
61.3175 8.83675 8.58275 -0.361223 0.203535 -4.5 -0.176192 0.32465 0.929278
56.831 3.778 1.7075 -0.433 0 3.77948 0.742527 0.321165 -0.587798
66.9132 -10.5178 -7.00983 -1.14548 0.0523607 -2.30636 -0.518582 -0.0962637 0.849591
76.4675 -12.87 32.2225 -0.168965 0 -1.87206 0.651828 -0.562845 -0.508258
50.2604 -19.9645 34.1652 -0.576951 0 4.2 -0.72826 -0.676278 -0.110837
59.644 14.9077 17.5553 -0.331976 0 -3.38019 0.343118 0.389349 -0.854797
89.4601 11.8666 8.74425 -0.109264 0 -0.9 0.979002 0.184564 -0.0865541
73.2584 -2.72362 22.8822 -0.518696 0 -3.5 0.191276 -0.185736 -0.963803
56.72 -5.0545 20.0101 -0.106367 0 -3.88561 0.128707 -0.552464 0.82354
86.1738 17.0012 17.846 0.0308665 0 -3.5 0.24015 0.967804 -0.0753843
78.7014 18.4851 -2.03995 0.506259 0 -4.5 -0.422109 0.834627 -0.353866
83.7787 3.33903 26.1269 -0.652575 0 -3.5 0.240868 -0.961605 0.131521
56.6445 16.1038 21.2399 -0.771055 0 -3.9 0.724764 0.0210258 0.688677
89.1198 11.8771 26.0591 0.609984 0 -3.9 0.808029 0.464621 -0.362238
67.0007 5.49869 34.4398 0.0215874 0 -0.8 -0.571976 0.818897 0.0474555
73.8 15.054 20.7673 0.00922161 0 -1.6 -0.911946 0.377917 0.159794
62.1863 -10.5209 42.2167 -0.011497 0 1.9 0.434116 0.503178 0.747232
74.627 8.11575 -9.43575 -0.200435 0 -1.3 0.734761 0.493111 0.465798
63.0375 2.752 17.491 -0.242288 0 -1.3 0.463986 0.854503 0.23354
53.3413 6.0245 -9.281 0.69829 0 -1.6 -0.593029 0.0502492 -0.803611
87.6377 14.505 8.37116 -0.0102971 0 -0.9 0.213242 0.761787 -0.611726
67.5502 -12.5524 -5.99968 -0.647794 0 -3.5 -0.685533 0.328632 0.64965
71.5479 -5.22262 5.16089 -0.708539 0 -0.9 0.261028 -0.176367 0.949083
57.7899 -15.2404 44.8411 -1.78935 0 -0.9 -0.277016 -0.156445 0.948044
92.2384 1.22071 7.09189 -0.46126 0 -1.29855 0.885298 -0.32246 -0.335063
90.838 -6.29938 8.49825 -0.356427 0 2.8 0.837969 -0.50439 -0.208323
58.7176 -9.46463 45.5778 -0.247346 0 -0.9 -0.0172275 0.792483 0.609651
86.991 8.08 -1.62 0.35699 0 -1.3 0.272252 0.0030823 0.962221
47.3601 18.3819 16.0397 -0.508926 0 -3.5 -0.192216 0.13072 -0.972607
86.1513 7.67 -7.48975 -0.0511313 0 -1.3 0.110797 -0.169544 -0.979275
59.9269 -13.42 24.2414 0.130825 0.774416 3.8 0.161998 -0.526285 -0.834734
85.157 9.555 -1.078 0.286323 0 -0.4 0.748271 0.602703 0.277198
59.0984 9.47086 3.37932 0.632051 0 -4.5 -0.953337 0.154136 0.259597
84.8512 -7.83294 -9.35437 -0.0531721 0 -3.5 0.876329 -0.0972604 0.471793
91.001 -0.710246 23.1351 -1.50828 -0.829809 -0.8 0.386218 0.794749 0.468198
87.2669 5.37813 26.6615 -1.32581 0 -3.5 0.246262 -0.0499441 0.967916
88.7904 4.539 -5.18836 -0.370508 0 -3.5 0.394399 0.777595 -0.489689
47.1003 7.7945 8.18825 -1.99351 -0.0450411 -3.5 -0.488703 0.171243 -0.85548
70.2982 7.693 29.111 -0.597078 0 -2.0754 0.287229 0.620581 0.729643
84.3425 -3.62975 26.4505 0.71507 0 -0.4 -0.330736 0.104993 0.937865
77.9301 11.0379 26.9393 -0.651955 -0.427703 -0.7 -0.463899 0.461451 0.756215
52.2475 1.09575 6.073 -0.847996 0 -3.5 -0.704049 0.583781 -0.404371
48.5474 -5.71785 5.06794 -0.71068 -0.699501 4.2 -0.418688 -0.786063 -0.454759
57.535 -4.885 23.2 0.411104 0 -3.5 -0.305729 -0.800879 -0.514901
73.3918 6.17879 30.5896 -0.783822 -0.148967 -3.98537 -0.316785 0.684265 0.656833
78.598 2.82125 -11.1617 -0.0210337 0 4.2 -0.0761097 0.158454 -0.984429
88.6202 -11.2932 -2.44909 0.0261321 0 -4.5 0.274596 -0.722575 -0.634415
88.5615 2.7415 -0.1895 -0.289034 0 1.8 0.080527 0.996516 0.0217026
38.1377 -1.42721 8.44396 -0.732409 0 -3.5 -0.833752 0.241328 -0.496606
76.5083 1.25754 13.6361 0.0141588 0 -4.5 -0.0192395 0.347169 0.937605
78.2545 12.664 26.4865 -0.866009 -0.915998 -0.7 -0.350535 0.634039 0.689289
80.5333 2.6566 23.5607 -2.13889 0 -0.268966 -0.165161 -0.841542 0.514323
73.7775 13.374 -5.0245 -0.397334 0 -3.9 0.115446 0.67206 -0.731442
60.8726 13.4359 31.2271 -0.0600215 0 2.8 0.0473215 0.21786 0.974832
63.38 12.2801 -1.27259 0.282472 -0.0910195 -0.947302 0.261614 0.79679 -0.544687
85.0589 13.209 26.4112 0.118528 -0.623646 -3.54164 0.299313 0.572533 -0.763294
3 5480 6975 4026
3 2736 4026 7616
3 7616 4026 3970
3 6975 1523 4026
3 4026 1523 83
3 83 1523 1851
3 4192 1851 5151
3 2511 1523 359
3 6436 359 1523
3 6436 6129 5873
3 5873 3036 6436
3 5873 6129 1450
3 305 3021 5873
3 2745 3021 305
3 3205 2230 6378
3 4696 7616 29
3 4284 29 7616
3 29 4284 1799
3 7339 2787 7608
3 632 6492 6249
3 2657 632 6249
3 6249 6719 2657
3 5409 6222 2257
3 6222 4192 5151
3 2257 6222 3110
3 5151 3110 6222
3 5431 6107 2511
3 5431 2306 6107
3 5431 359 3036
3 359 6436 3036
3 2122 6495 5431
3 6495 2306 5431
3 2122 2210 6495
3 2210 685 1064
3 2210 1064 5549
3 685 3021 1064
3 1064 3021 2745
3 5549 5753 1345
3 5549 1345 1954
3 5753 1950 4144
3 4144 1950 6083
3 6478 2393 2230
3 5753 2745 5480
3 2393 5753 6378
3 2393 6378 2230
3 39 207 6478
3 6478 207 4399
3 4399 207 3313
3 207 957 7509
3 109 832 957
3 534 957 832
3 534 832 6140
3 6140 832 4696
3 3205 832 109
3 534 6140 1969
3 6140 29 2262
3 6140 7719 1969
3 7719 2262 1515
3 7719 901 5001
3 901 1515 5824
3 1515 2262 110
3 1515 110 5824
3 5824 110 7339
3 2262 1799 110
3 110 1799 2787
3 110 2787 7339
3 7569 5824 2601
3 5824 7339 2601
3 4326 6206 6238
3 2657 6719 7608
3 7608 6719 5932
3 5932 6719 6619
3 5409 2257 3118
3 3118 2443 5409
3 2257 3110 3118
3 3118 3110 4384
3 6107 3110 5151
3 5737 7742 6157
3 7742 28 1954
3 6157 7742 5888
3 7043 1954 5858
3 7043 5858 7007
3 6083 5916 3463
3 4399 310 5916
3 3313 310 4399
3 3313 152 310
3 23 1158 3696
3 23 5852 4624
3 7509 3264 7667
3 7719 3264 1969
3 7667 5001 578
3 4586 578 1825
3 5597 5015 6226
3 5230 6226 7480
3 5597 6206 3666
3 4561 3666 6206
3 2200 6041 4781
3 5932 754 6041
3 754 5932 6831
3 5392 6619 7632
3 7632 6619 2443
3 7632 47 247
3 7632 247 2522
3 247 47 5429
3 199 4375 5429
3 5429 4375 4149
3 3435 4375 4384
3 3435 4384 5737
3 3559 1377 5990
3 3559 5990 6056
3 6056 5990 4814
3 6162 7556 2318
3 5096 2318 552
3 7556 7007 4176
3 1644 4969 5491
3 666 5491 4344
3 620 7661 4702
3 3360 3463 4538
3 5454 4538 3450
3 3450 4538 5916
3 5454 3450 4530
3 4530 3450 4059
3 6935 3696 1158
3 3246 4020 3371
3 4020 3246 4709
3 7621 4624 5852
3 7667 5852 7509
3 4586 1825 7372
3 7580 5984 7402
3 5984 6960 5807
3 5984 5807 7402
3 5235 7276 3599
3 875 3599 7276
3 7276 7239 875
3 875 7239 1735
3 875 1735 5116
3 3109 7239 335
3 642 6583 7239
3 642 7720 6583
3 7276 7673 7720
3 6589 2423 6435
3 5834 6589 1091
3 2263 1091 6589
3 7648 1239 5084
3 5084 1239 711
3 1239 6435 711
3 4561 1043 711
3 1043 962 2258
3 962 1048 2258
3 2240 7433 2152
3 962 4326 7433
3 7433 4326 2578
3 7433 2578 2109
3 2109 2578 4159
3 4326 6238 2578
3 1985 4159 5092
3 5092 4159 5594
3 5092 5594 2200
3 5092 2200 4781
3 5092 4781 5202
3 5092 5202 6634
3 1941 5202 4781
3 211 5202 1941
3 1941 4781 7603
3 7632 3853 5392
3 5392 3853 6135
3 6135 3853 457
3 2522 3853 7632
3 2522 1495 3853
3 3853 1357 457
3 457 1357 3908
3 3853 1495 1357
3 6216 417 3325
3 6216 4080 417
3 4080 6635 417
3 4149 5610 6635
3 2538 4375 2041
3 6646 6462 3519
3 3519 6462 5640
3 6056 4814 4338
3 4338 4814 552
3 4338 6920 2622
3 6920 2123 2622
3 552 7556 6920
3 2759 4634 6854
3 2759 6854 1373
3 4634 7448 6854
3 7733 6854 7448
3 1725 4591 7733
3 1725 4702 5379
3 159 5379 4753
3 7661 3548 409
3 409 3548 4753
3 3548 5454 6590
3 3548 6590 4753
3 4753 6590 2235
3 6967 4362 7175
3 7175 2883 6967
3 2883 7175 7565
3 5424 5805 7565
3 5424 3155 5805
3 5859 5424 1056
3 5781 5859 596
3 1056 596 5859
3 596 4414 5781
3 1056 3022 596
3 596 3022 6935
3 4414 596 2648
3 6935 2648 596
3 6935 275 2648
3 2648 6605 4414
3 6605 924 1514
3 924 4926 1514
3 4926 3371 1514
3 1514 3371 4020
3 4414 6605 6484
3 6605 7411 3334
3 6605 3334 6484
3 7411 6596 3334
3 6596 7411 5148
3 3109 5636 1919
3 5148 4709 3246
3 5148 7621 918
3 5048 7372 7402
3 5807 5048 7402
3 5116 3643 1548
3 3643 5116 7263
3 5507 3349 5636
3 6491 5636 3349
3 6956 7250 5507
3 335 7239 6956
3 99 6956 7239
3 7250 6956 6583
3 99 6583 6956
3 5507 7250 5023
3 3349 5507 5023
3 1396 6583 3764
3 1396 3764 6737
3 5511 1147 1294
3 1147 3764 1294
3 1294 3764 7720
3 7720 7673 6602
3 382 5834 3487
3 6856 382 2316
3 3487 2316 382
3 2316 3487 1115
3 2316 1115 5704
3 3487 996 2580
3 127 996 366
3 127 366 6221
3 6221 366 7648
3 1091 366 996
3 6512 6221 5529
3 7648 3271 6221
3 3271 448 6221
3 3271 1311 448
3 4323 3271 6718
3 2240 5084 711
3 1311 4323 553
3 1311 553 5618
3 3620 22 4777
3 3523 7149 2752
3 3523 4323 313
3 3523 313 2182
3 2182 7149 3523
3 313 6718 2440
3 4717 6718 324
3 324 5137 4717
3 197 4717 2912
3 4073 2912 4717
3 4073 5137 6112
3 1956 6112 2861
3 6112 1956 3206
3 6634 1187 209
3 5460 6634 5202
3 5202 211 5460
3 211 1941 7313
3 7313 1941 7603
3 2546 2677 6937
3 2546 2360 2677
3 7273 5492 4420
3 2360 3908 5295
3 4420 5492 4468
3 4468 5492 4937
3 3908 1558 5295
3 4937 5492 6357
3 1558 3908 7379
3 7379 3908 1357
3 1357 6216 7379
3 6216 3325 7379
3 2579 3325 481
3 7686 6587 3307
3 3307 481 6635
3 5252 48 4187
3 48 5252 3969
3 3969 5252 2582
3 2582 2728 3969
3 543 500 2582
3 500 543 5640
3 3519 5640 543
3 2344 2728 6100
3 6100 4723 2344
3 2728 2344 3785
3 2344 1878 288
3 2344 288 3785
3 1878 4723 4340
3 5914 4340 1693
3 2693 5914 1693
3 2693 1693 5479
3 5479 1780 2693
3 6277 5479 1693
3 6277 1693 7156
3 2036 6277 7156
3 2123 5525 660
3 5893 3891 5100
3 1767 3891 5104
3 5749 5893 6959
3 5893 5525 2067
3 6959 4754 2600
3 6959 2600 4092
3 6148 4754 6517
3 4754 6959 2759
3 2759 6959 4218
3 7733 4273 5690
3 442 6555 6504
3 6504 6555 3770
3 7144 3770 3014
3 6555 4591 3770
3 3770 4591 2718
3 3770 2718 3014
3 3014 2718 340
3 159 7142 340
3 7142 4753 4881
3 7457 2291 4668
3 4881 4753 2291
3 4668 2291 4910
3 2235 4972 4753
3 4910 4972 1101
3 5569 1101 2054
3 2054 1101 6967
3 2054 6967 2883
3 2054 2883 1496
3 2883 6744 1496
3 1496 6744 3986
3 7565 5805 4595
3 5796 4595 5805
3 5796 3155 4517
3 3155 2563 4517
3 4517 2563 4277
3 5424 2189 2563
3 2189 5424 5859
3 6484 371 5781
3 5781 371 984
3 6852 984 4731
3 371 6484 7717
3 7717 2820 371
3 7717 3334 6596
3 7717 7500 7389
3 7500 6596 918
3 1650 3643 5877
3 5877 7263 6491
3 828 1854 5877
3 1854 828 4053
3 4053 5023 6737
3 3303 5552 5511
3 4622 454 3443
3 4622 2316 454
3 2316 1465 454
3 454 1465 3443
3 3443 1465 3587
3 1465 5704 3300
3 3300 5704 5846
3 2884 5704 1325
3 2884 1325 1136
3 1136 1325 6512
3 5704 2884 7593
3 7225 1499 2884
3 1499 7225 1875
3 1875 7225 4226
3 4216 4713 7225
3 4216 5721 4713
3 4713 5721 909
3 3877 4713 909
3 909 5721 2997
3 5721 4216 1218
3 5721 1218 5618
3 5618 1082 5721
3 5618 1218 5529
3 5618 5529 6221
3 6221 448 5618
3 5618 117 1082
3 1082 117 3742
3 5349 3154 3620
3 5349 3620 4777
3 4777 6722 5349
3 2752 1008 6722
3 6722 1008 3008
3 7149 2004 452
3 7149 874 2004
3 874 7149 3232
3 2750 369 2951
3 369 3232 197
3 197 634 369
3 369 634 2951
3 634 5791 2951
3 1956 4800 1289
3 4800 5165 209
3 2367 491 4448
3 491 7159 4448
3 7187 491 4346
3 7187 4346 1602
3 1602 2332 7187
3 3197 2332 1602
3 1602 4346 2885
3 2885 4346 1621
3 4346 5460 1621
3 3721 2885 731
3 7297 5477 4747
3 7273 4687 4679
3 4687 4420 2714
3 2714 4420 3765
3 2714 3765 6242
3 6242 7854 2714
3 3765 1047 6242
3 1047 7181 6242
3 6357 1827 4877
3 1827 5147 4877
3 5147 1827 6049
3 6506 7633 6223
3 2043 5538 7633
3 7082 6506 7379
3 1870 3486 7082
3 7082 2579 7778
3 1870 4623 7231
3 4623 5785 7231
3 5785 7778 6265
3 7778 6587 6265
3 6265 6587 7686
3 7812 2214 1150
3 2214 48 3969
3 6913 1150 1595
3 6913 1595 3805
3 1150 3785 1595
3 1595 3785 288
3 2693 7568 7289
3 1595 5914 6195
3 4880 6268 5080
3 5080 1780 6118
3 1690 5080 6118
3 1780 5479 2829
3 2036 3539 1593
3 1593 3539 4426
3 4426 3539 2970
3 2036 660 3539
3 1767 5104 6093
3 2999 2217 6416
3 2217 2999 362
3 362 6231 2014
3 4750 1460 2353
3 7144 3014 4110
3 7791 7142 537
3 3737 7142 7457
3 2989 5268 3737
3 1053 5268 5941
3 7457 6964 3737
3 7591 5803 6649
3 4668 2738 6649
3 5569 2054 1496
3 5569 725 2738
3 2738 725 4898
3 2738 4898 1408
3 725 5012 4898
3 3503 5012 3470
3 5012 3986 6136
3 3986 6744 6136
3 6744 6168 1126
3 6744 1126 6136
3 5682 2748 2365
3 1513 4312 5796
3 2365 5796 4312
3 4312 1513 558
3 1513 1267 1491
3 1513 1491 558
3 558 1491 3354
3 3445 2658 1106
3 2658 4277 7716
3 1774 5817 177
3 3743 1899 177
3 5337 4731 2820
3 69 2820 91
3 69 91 234
3 2820 7717 91
3 234 91 3518
3 3518 7076 234
3 2222 3518 5261
3 2222 5261 5564
3 6768 5564 1650
3 4358 6768 2863
3 2242 2368 7639
3 2368 2242 3863
3 2863 5750 6529
3 6724 4584 2005
3 2005 6856 4622
3 1384 2972 3443
3 1384 4204 2972
3 2005 2972 6724
3 4204 6724 2972
3 3587 3300 5856
3 4207 6746 1321
3 387 4592 1991
3 4061 2997 4592
3 5349 1999 6781
3 6722 5466 1999
3 5466 6765 1999
3 452 2004 5242
3 5242 2004 5439
3 7865 4303 6690
3 563 4736 342
3 560 3931 4736
3 3931 2080 6241
3 2494 6241 5791
3 5791 1505 2494
3 7187 5207 6156
3 5207 2332 6914
3 2332 3197 6914
3 3716 5977 5371
3 4655 3716 4687
3 4655 5503 581
3 581 5503 2022
3 581 2022 3140
3 3140 2022 2510
3 2510 2022 6644
3 6242 1288 7395
3 6242 3328 1288
3 1288 3328 5318
3 3328 3069 5318
3 5318 3069 7788
3 7788 3069 1506
3 7788 1506 1473
3 3069 4877 1506
3 1473 1506 7077
3 6806 6456 2767
3 5147 936 7077
3 3929 6060 7325
3 7633 3001 6855
3 2415 7799 5156
3 4004 5156 7799
3 3578 3394 4004
3 1319 3208 4364
3 1319 4364 2568
3 3208 5438 4553
3 4553 3805 3208
3 6265 7812 5689
3 5689 7812 6913
3 5689 6913 4553
3 3208 3805 6195
3 6345 4322 6544
3 6544 4322 6188
3 6188 1690 5637
3 1638 5637 7671
3 3457 164 2804
3 2970 6916 4426
3 6916 2970 3652
3 937 3652 6416
3 2804 937 3657
3 937 1796 3657
3 1796 6416 3760
3 3760 6416 5038
3 3760 7713 5411
3 7713 20 1400
3 7713 1400 4333
3 20 5038 1400
3 2217 2014 19
3 1834 4333 1589
3 1834 1589 4744
3 4333 5288 1460
3 1460 4750 1589
3 1589 4750 1604
3 1589 1604 4744
3 4750 1102 1604
3 1102 4750 7201
3 7201 2011 6990
3 4921 6990 2372
3 3097 5941 7460
3 5941 7548 7460
3 5941 2011 265
3 7548 5941 5268
3 6964 320 3737
3 320 6964 5665
3 1435 5665 6964
3 5665 1435 1168
3 1168 1435 7591
3 5665 4898 3503
3 58 2362 3470
3 6110 58 228
3 3470 228 58
3 228 3470 6136
3 1980 2841 7195
3 6698 2555 6166
3 6166 300 6698
3 7446 6488 3827
3 3916 4312 7392
3 3496 6919 7392
3 6053 6919 3496
3 6053 851 6919
3 1001 7670 1256
3 3445 1106 2808
3 1899 3743 1414
3 4227 1414 7370
3 6289 6448 6901
3 6901 1403 4325
3 6448 6289 2644
3 6412 4358 2665
3 6788 4743 6817
3 6873 5145 6788
3 5145 4890 6788
3 2567 6724 378
3 1140 378 2509
3 5839 4204 1384
3 3587 5856 5923
3 5846 7593 1419
3 1419 7593 6550
3 7593 2461 6550
3 2461 4769 6550
3 3593 4221 4980
3 1930 4818 4221
3 4818 4980 4221
3 7825 1930 5816
3 1930 4769 4199
3 4199 4769 4704
3 5394 6153 4704
3 4704 6153 4719
3 4704 4719 959
3 3532 6153 2346
3 2346 243 3532
3 5394 2346 6153
3 243 2346 5291
3 3532 243 6882
3 6882 4207 6425
3 541 6425 6826
3 1321 6826 6425
3 6692 6746 4061
3 6692 387 1991
3 885 6692 1991
3 4774 885 123
3 4774 123 1191
3 885 1991 123
3 1191 123 6781
3 1191 4161 4774
3 3985 4774 4675
3 4161 6120 4774
3 4774 6120 4675
3 4675 6120 2596
3 6925 4161 7619
3 4161 1191 7619
3 7619 1191 1291
3 1191 6781 1291
3 1291 6781 1999
3 1703 6765 4188
3 4188 6765 5466
3 5587 4188 3008
3 4188 5466 6722
3 4188 6722 3008
3 5242 5587 3008
3 5963 5587 5577
3 5963 723 1902
3 1235 4965 6690
3 4554 4116 5577
3 4116 6690 563
3 723 5634 2007
3 622 4501 5634
3 4501 5575 5634
3 2175 4501 622
3 2175 4736 6075
3 4503 6075 2494
3 4503 2923 6841
3 4574 6500 1186
3 2613 1186 6500
3 6500 4574 4473
3 4473 6644 7730
3 6748 7395 494
3 494 5722 6748
3 3564 5722 4703
3 4703 7788 282
3 5139 4703 3114
3 4703 1338 3114
3 1338 5590 3114
3 82 1579 5590
3 1579 3549 5590
3 82 827 2696
3 6713 401 6806
3 1468 827 1473
3 1468 1473 7077
3 827 282 1473
3 1473 282 7788
3 6806 4879 6713
3 4879 6806 6617
3 4879 6617 5423
3 62 5423 3059
3 2767 3929 6617
3 3929 7162 6617
3 5445 4609 3929
3 7162 3929 4609
3 3929 7325 5445
3 5445 7325 7406
3 5156 7406 2415
3 6702 4651 3189
3 3189 4651 701
3 4651 7714 6470
3 3433 2150 2568
3 7714 3394 7148
3 7714 7148 2150
3 6291 3433 4336
3 3433 2568 7568
3 3433 7568 4336
3 6195 4364 3208
3 6949 4336 5118
3 6544 2587 4756
3 4756 2587 2172
3 2172 2587 1638
3 5637 1638 2587
3 3702 4756 2172
3 4756 3702 7765
3 1903 7765 3702
3 1638 7671 5340
3 2218 3126 3457
3 4984 7713 5644
3 4984 5644 3116
3 5400 674 7017
3 7017 674 312
3 3116 4990 4254
3 4254 4990 6832
3 7604 6832 4990
3 1604 4921 7604
3 5993 7460 7550
3 6339 7550 5558
3 2986 4550 300
3 300 4550 6698
3 300 6166 2986
3 1392 2986 6166
3 5558 1392 6151
3 7205 6151 5630
3 6151 6166 5630
3 5630 3660 7205
3 2659 3722 5097
3 3722 2659 7392
3 3827 7392 2659
3 5097 1411 2179
3 2179 1411 2419
3 2419 3416 2179
3 2482 2419 3616
3 3616 3982 2399
3 1937 5508 267
3 2284 851 5508
3 851 6053 5508
3 4325 926 7670
3 5073 926 7547
3 926 4325 7547
3 7547 6395 6902
3 7547 6902 6117
3 6395 6529 3332
3 6529 6752 3332
3 6902 3332 4533
3 6752 4533 3332
3 4533 7527 4735
3 7527 4533 4062
3 4062 6788 4890
3 7527 4788 4852
3 4852 4788 6458
3 6458 4788 498
3 498 4788 4837
3 498 4837 7477
3 4788 4890 4837
3 4890 5145 4837
3 4837 5145 2096
3 4837 2096 952
3 952 2096 3543
3 4837 3331 7477
3 952 3331 4837
3 3331 952 736
3 952 3543 736
3 3543 1050 736
3 736 1050 2822
3 2822 1050 1806
3 1806 4223 4963
3 4963 4223 6343
3 2855 6343 4223
3 2855 4223 3212
3 4360 2855 3212
3 4223 3543 3212
3 3212 3543 2096
3 3212 2096 5145
3 3212 5160 4360
3 7562 4360 2567
3 6343 7562 7692
3 7562 2567 3748
3 1140 2509 1322
3 1140 1322 1901
3 1322 1958 7768
3 7768 5505 1322
3 7768 6376 7443
3 3353 6376 2937
3 5856 2825 5923
3 134 2825 628
3 1363 686 134
3 134 686 2937
3 2937 686 3353
3 686 1363 4690
3 4980 5341 1363
3 4690 1363 5341
3 5341 6225 7275
3 7825 5816 7211
3 5076 5816 1817
3 959 890 4199
3 5076 890 5619
3 890 959 5698
3 5698 5619 890
3 7342 5076 5619
3 5619 6944 7342
3 6944 5619 4296
3 7029 4296 5619
3 7029 5698 5359
3 5359 5530 6328
3 6645 6233 6058
3 1821 6645 6058
3 6233 408 6058
3 379 6058 3819
3 408 3819 6058
3 6233 2969 408
3 2969 3819 408
3 6058 379 7362
3 7362 2108 6058
3 5731 541 7362
3 4855 2725 12
3 3985 6405 3464
3 5450 6405 7317
3 2596 5021 6405
3 1660 6405 5021
3 6091 6120 4161
3 6120 6091 7351
3 6091 4161 6925
3 6091 6925 7403
3 567 2236 7619
3 3759 3168 567
3 2236 567 3168
3 3168 3759 1703
3 1703 1902 3168
3 2007 5575 7403
3 881 3058 7696
3 4501 2175 7696
3 4251 3740 487
3 6511 7696 2707
3 2707 7696 1378
3 2707 1378 4423
3 4423 1378 6841
3 6075 7696 2175
3 7663 4473 7730
3 7730 4878 7663
3 7663 4878 7311
3 4878 7590 3993
3 4878 3993 7311
3 7590 3564 5568
3 5568 3564 5139
3 5139 5249 5568
3 5568 5249 7528
3 7528 5249 4
3 5249 3114 1464
3 5249 1464 6373
3 3114 564 1464
3 7080 2932 3549
3 3549 4288 7080
3 4288 6713 468
3 6713 5702 468
3 468 5702 7292
3 5702 6713 4879
3 493 6886 3233
3 7278 3233 6886
3 6886 493 2809
3 6886 2809 3164
3 2809 1463 3164
3 6615 1463 3294
3 3294 5522 6615
3 5522 3648 6615
3 3294 1608 4465
3 4465 1608 3052
3 3059 3052 1608
3 3059 7162 3052
3 3294 4465 5522
3 3189 701 3648
3 701 7822 3648
3 3648 7822 2411
3 7822 701 6470
3 7822 6470 4808
3 4808 6842 2187
3 7095 2187 6842
3 3972 6842 4808
3 5034 6949 1528
3 7765 6827 3939
3 6827 6125 6345
3 6827 6345 3939
3 7357 7765 4542
3 6771 5047 4770
3 6771 4191 4542
3 7357 4542 4494
3 6771 6523 3499
3 3499 6523 3326
3 6523 3811 3326
3 64 6523 6771
3 3811 6523 3919
3 5714 4770 1429
3 5714 1429 7189
3 5592 7189 2729
3 7189 1747 2729
3 2729 1747 6513
3 5269 2729 6513
3 7629 5380 3994
3 3994 5380 6735
3 531 593 3113
3 7017 312 5393
3 3994 7017 6814
3 5393 6814 7017
3 2574 2501 2110
3 2110 1605 674
3 4647 2038 4254
3 1605 312 674
3 4647 6832 5710
3 5710 6832 3141
3 3141 6832 7604
3 5710 3141 693
3 693 2427 5710
3 693 3141 3772
3 3141 2372 3772
3 3772 6962 2427
3 4309 1848 6962
3 2427 6962 1848
3 1848 3936 2427
3 7691 6339 5115
3 2034 5115 6339
3 2389 2034 6339
3 5115 2034 7242
3 2389 6151 1368
3 2389 6691 2034
3 2034 6691 7242
3 2772 6691 1632
3 947 1632 6691
3 2812 947 6691
3 1632 947 4000
3 4065 3675 2812
3 7044 2812 703
3 3675 703 2812
3 5275 3416 4065
3 2179 3416 5275
3 3416 2482 3675
3 3675 2482 6192
3 3675 6192 703
3 703 6192 3469
3 6192 2482 3616
3 5607 6192 3616
3 2399 1937 4764
3 2399 4764 3310
3 1937 3809 4764
3 3809 6821 6380
3 6821 3809 3296
3 3809 1937 3296
3 850 6117 3296
3 6821 3296 6117
3 850 5073 6117
3 7743 6117 6902
3 7743 6902 1761
3 670 5325 2184
3 5325 1761 7527
3 4735 7527 1761
3 7463 5325 7527
3 6527 6608 2476
3 6427 4295 7803
3 4295 4446 4997
3 4034 2743 6712
3 4034 6712 6126
3 6712 2692 7579
3 2692 2857 4745
3 1719 2692 1752
3 2692 4745 1752
3 4745 5728 1752
3 5728 4745 4963
3 5602 4963 5476
3 3180 7443 5014
3 6501 4959 4690
3 5341 7860 7813
3 6330 4492 6790
3 3405 4779 4275
3 7211 5816 4779
3 4779 5816 7342
3 4779 7342 4275
3 3405 5628 6601
3 2313 3862 3405
3 5628 3405 3862
3 4296 4094 6944
3 4094 4296 6039
3 5359 6328 7029
3 7029 6328 3751
3 5812 4667 7083
3 4504 7083 6653
3 4667 5812 5999
3 5999 5812 6028
3 5999 6028 2085
3 7253 5999 2085
3 7253 2085 4397
3 4397 6815 7253
3 7312 5350 2012
3 6815 2012 5350
3 7312 4397 6645
3 7312 6645 1821
3 2108 5857 1821
3 7312 1821 5857
3 3476 5857 2108
3 3476 2108 7362
3 205 3476 7362
3 12 5450 205
3 2383 205 5450
3 5450 7317 2383
3 5420 2383 7317
3 7317 1660 2612
3 4758 2612 1660
3 5945 5021 4251
3 6593 6475 6522
3 1079 6522 6475
3 6475 4126 1079
3 487 7794 6475
3 7794 5410 3704
3 4456 5887 5410
3 5406 5887 5016
3 5016 3536 7311
3 7311 3536 7663
3 7528 3957 6031
3 7528 6031 235
3 3957 7703 6031
3 7703 3957 1498
3 5762 4 5249
3 1498 4385 7703
3 6373 7266 7675
3 6373 7675 4575
3 7675 7266 7445
3 6443 3275 3961
3 1770 468 3870
3 468 7292 3870
3 3870 7292 2303
3 7292 570 2303
3 7009 5506 7257
3 5506 4911 2128
3 169 4911 2358
3 7524 169 2358
3 7524 2358 3304
3 6621 2358 4911
3 2411 4786 6615
3 7628 7822 3041
3 7822 2187 7095
3 4320 2287 2943
3 4320 2943 2335
3 4320 2335 1427
3 1427 5362 4320
3 1427 516 5362
3 2794 1427 2335
3 1427 2794 5794
3 5794 2794 571
3 571 4512 4775
3 571 4775 1732
3 4775 4512 6842
3 6842 3972 4775
3 571 1732 5794
3 1732 5370 2484
3 5370 7665 4487
3 2691 7294 2165
3 2165 7294 4604
3 2165 4604 3833
3 3326 5158 6503
3 3811 4746 5158
3 5158 4746 6792
3 3278 6792 2288
3 4127 2288 6792
3 1927 396 5474
3 5474 3281 1927
3 5269 2400 1706
3 5269 1706 5592
3 2400 3919 1706
3 2400 5269 5474
3 6814 4136 7653
3 4136 6814 5393
3 2574 3020 2501
3 2501 3020 6738
3 6738 3020 7003
3 3020 4970 3655
3 1792 3855 6730
3 6835 6730 3855
3 1568 3855 1792
3 3936 1848 1568
3 7242 1848 4309
3 7242 444 1848
3 592 7242 2772
3 7166 3921 3927
3 7541 4000 1039
3 4000 7643 1039
3 7643 2493 1039
3 5494 7044 3469
3 703 3469 7044
3 7643 5494 7285
3 7285 5494 1949
3 3469 6161 5494
3 405 5494 6161
3 6020 3577 405
3 1949 405 3577
3 2575 1949 3577
3 6020 2624 3262
3 4598 3262 2483
3 3262 2624 6515
3 2483 3262 6515
3 2624 1472 600
3 1603 600 6347
3 600 1472 4726
3 600 4726 6351
3 1472 6161 4726
3 4726 6161 5607
3 4726 4764 6351
3 3310 4764 4726
3 6351 4764 988
3 4764 6380 988
3 6185 1859 1023
3 6380 6821 3315
3 3315 1296 3063
3 1296 3315 2904
3 6821 7743 3315
3 2904 3315 670
3 3997 1296 6332
3 6332 6076 3997
3 4285 1104 6527
3 93 2833 4285
3 6076 4285 2833
3 2476 2833 93
3 7803 5283 502
3 7801 4485 6309
3 4033 4485 4174
3 7801 7736 4174
3 7801 7809 7736
3 7736 7809 6232
3 7693 4121 7105
3 7113 4121 6953
3 4121 7809 6953
3 5786 6953 5743
3 5310 5743 1645
3 6309 7809 7801
3 4997 6966 5294
3 5310 5294 882
3 882 5294 7615
3 7579 5017 6759
3 5017 1386 3695
3 3695 1327 3098
3 3695 1386 1327
3 1386 5896 3282
3 1386 3282 1327
3 1327 3282 4240
3 4240 3282 6421
3 7623 1752 6483
3 381 6483 1752
3 7228 7786 1002
3 4307 1002 6501
3 7623 5329 5896
3 5329 3790 2978
3 6421 219 6665
3 3790 6420 2978
3 6665 219 7124
3 3790 7358 6420
3 6420 7358 433
3 7358 1099 433
3 6330 6315 7611
3 1099 7611 6315
3 6315 433 1099
3 6315 5650 433
3 6330 6790 7461
3 2077 6790 5565
3 3984 5565 6601
3 5565 3984 5264
3 5565 5264 2077
3 6790 2077 3726
3 3984 2930 6455
3 5628 1590 2930
3 1590 316 2930
3 6455 2930 316
3 316 1590 6039
3 6455 6328 2556
3 4504 3590 2556
3 2556 3590 5264
3 2556 5264 6455
3 6455 5264 3984
3 3590 6653 6745
3 7083 4667 7319
3 6815 7100 7253
3 6815 5350 384
3 1301 384 5350
3 5857 461 7312
3 5350 461 2324
3 4412 5857 4766
3 5420 5517 6461
3 131 4097 5517
3 2727 5517 4097
3 2612 4787 131
3 7502 4787 4833
3 118 6624 6547
3 6547 6624 2747
3 6624 34 2747
3 34 4337 2602
3 2486 4056 1079
3 34 2602 2006
3 4056 2486 7501
3 4056 7501 6631
3 4126 7501 2486
3 4126 5813 7501
3 933 5991 4302
3 5991 3419 7261
3 3468 5410 5406
3 5406 5016 7272
3 5406 7272 3468
3 7703 7484 6031
3 3419 3468 6899
3 7484 7300 1822
3 5979 5290 7264
3 7383 5353 7818
3 7675 5353 4575
3 5353 4385 4575
3 7445 3474 3800
3 1759 3999 74
3 6761 3999 1318
3 3999 6658 1017
3 3999 1017 1318
3 6658 2948 1017
3 5713 4457 2948
3 1490 6658 7796
3 1768 535 5713
3 864 5713 7817
3 535 7817 5713
3 1537 1863 6820
3 3705 2128 5972
3 5231 7524 4988
3 5231 4988 66
3 3304 6947 7524
3 6947 4565 7524
3 4565 6947 5534
3 4565 5534 2437
3 7628 2395 6865
3 2395 7628 4276
3 4276 7628 865
3 7628 3041 865
3 4276 1314 5794
3 1314 516 1427
3 5382 5794 1732
3 2288 1080 2243
3 3833 6499 2165
3 6503 5158 6792
3 5335 6865 5253
3 5253 6865 3437
3 2705 1364 3538
3 5335 406 2430
3 7180 4127 2914
3 2914 5674 7180
3 2193 5798 4746
3 5674 4746 5798
3 2193 116 3835
3 2193 3076 3849
3 3076 396 3849
3 3626 3849 3218
3 5130 396 1927
3 7143 6812 5130
3 7870 3281 6016
3 7629 7653 7409
3 7409 6738 7003
3 1423 7409 7003
3 7409 1423 7731
3 1423 623 6510
3 5629 6510 2137
3 623 4505 6510
3 4505 5046 5005
3 5046 3561 5005
3 4616 4356 77
3 4505 623 5046
3 1219 4616 5046
3 7003 5046 623
3 6142 6998 4616
3 611 7695 6142
3 7695 611 3980
3 4165 611 1225
3 1225 6689 4165
3 1219 6003 1225
3 6003 6689 1225
3 4200 894 2680
3 2680 894 4970
3 4200 7166 6403
3 1486 6403 6556
3 301 6556 3640
3 301 3640 1586
3 1586 4930 301
3 1586 2493 5589
3 4930 1586 5589
3 5589 7285 5281
3 4425 3167 5281
3 2575 6486 4425
3 3167 4425 6486
3 730 3167 6486
3 6486 3577 6047
3 4598 6035 5155
3 4598 2483 6035
3 7332 6422 7337
3 781 6422 7332
3 781 7332 3485
3 1819 3209 501
3 2709 501 3209
3 3882 6450 5806
3 6258 4857 4588
3 4588 4857 4793
3 4793 4857 2474
3 4793 2474 6640
3 4857 1097 2474
3 4857 1023 1097
3 1097 1023 2842
3 1097 2842 3997
3 2474 5966 6640
3 5966 6076 1936
3 4665 1936 5955
3 2833 5955 1936
3 5681 4665 2131
3 5955 2131 4665
3 5308 3138 7069
3 3138 5308 6548
3 5308 7069 1381
3 3844 262 2467
3 3028 3844 2689
3 2689 1310 3028
3 1385 2689 3844
3 1111 1385 3374
3 1268 2936 1385
3 2936 1268 629
3 2936 629 3213
3 2186 1268 6407
3 1268 3844 6407
3 6407 3844 1269
3 6407 1269 3991
3 3844 2467 1269
3 6407 2279 274
3 6407 274 6263
3 6263 274 6502
3 2279 1129 274
3 3211 1129 7240
3 2279 7240 1129
3 860 7240 2279
3 7240 860 2667
3 7240 2667 4417
3 4417 2667 5243
3 7736 5243 2667
3 6232 3239 5243
3 3239 7693 2798
3 2798 7693 6009
3 6507 6009 7693
3 6507 7693 7105
3 4933 7105 6086
3 1240 5274 3669
3 3669 5274 2848
3 4933 6086 3606
3 3173 2161 7657
3 2161 3173 4087
3 2161 4087 6086
3 3173 3099 4087
3 2300 6562 1787
3 4170 6562 3099
3 6676 1787 6562
3 2048 4170 882
3 3173 5786 4170
3 4170 5786 882
3 882 5786 5310
3 2048 7615 1766
3 6966 6212 3521
3 5053 3521 7723
3 6279 7684 7723
3 6279 7723 5917
3 2105 6279 5917
3 6279 2105 7571
3 2295 3098 5078
3 2295 5078 2105
3 3098 4240 524
3 524 4240 1459
3 524 1459 5659
3 4240 6421 1459
3 6421 6665 1459
3 6665 7124 6958
3 809 7124 5482
3 7124 809 2975
3 809 1479 2975
3 7124 2975 6958
3 1479 4742 2975
3 3768 5904 4742
3 5623 1634 5928
3 5928 1634 6315
3 1634 5650 6315
3 7461 6315 6330
3 7461 6790 4958
3 4958 3726 4983
3 7338 5908 4131
3 3023 7338 7319
3 7319 1447 3023
3 1220 2879 1765
3 1220 2626 2879
3 2879 2626 1447
3 7319 2879 1447
3 1447 2626 5687
3 1220 1006 6660
3 1006 6471 6660
3 4145 3630 6471
3 3630 4145 6245
3 6245 1997 2331
3 1765 1074 2331
3 1074 2990 2331
3 1074 7100 2990
3 1142 5910 3968
3 384 1301 6785
3 6785 2324 1200
3 4238 1200 3951
3 5842 2324 4412
3 5842 4412 1624
3 5842 1624 3170
3 1624 4585 3170
3 1426 4585 3806
3 3806 7452 1426
3 133 1426 7452
3 7452 3806 2727
3 3806 2615 2727
3 4097 7452 2727
3 2252 2391 7502
3 2391 7452 7502
3 2252 6784 2391
3 1397 3544 704
3 7019 704 3544
3 6825 189 6784
3 6784 189 2775
3 1567 7800 6825
3 2006 1567 2747
3 266 2687 6631
3 2687 266 849
3 6863 2687 849
3 6631 7501 266
3 1923 266 7501
3 4302 1923 7501
3 6262 3610 6006
3 6006 1822 6262
3 7300 6262 1822
3 6262 7300 3745
3 3612 2147 7614
3 2147 3612 6382
3 2147 6382 5290
3 5290 6382 7246
3 6382 3612 7697
3 7697 3612 3229
3 3612 7614 5765
3 7697 3229 6014
3 3229 5765 6014
3 7710 5765 774
3 7710 1399 4693
3 7614 2147 1861
3 6115 2432 5979
3 6115 5979 7331
3 2792 1318 7441
3 7467 7441 3120
3 1318 7849 7441
3 3120 7441 3016
3 2757 1017 3230
3 3230 1017 2948
3 3854 4271 194
3 3854 3576 4271
3 5713 618 4457
3 6820 1863 3335
3 7064 5142 6939
3 1863 6939 5142
3 7309 7064 5315
3 6485 7064 6939
3 6485 6939 3824
3 5972 1960 3705
3 3824 1960 4749
3 1809 4749 5231
3 5469 3507 1809
3 1809 3507 5140
3 3263 4193 5140
3 3263 3507 831
3 3263 831 4654
3 7492 5469 6577
3 6577 4988 4471
3 4988 7757 4471
3 7757 4988 2457
3 4565 2437 1584
3 4565 1584 2457
3 5548 2437 6046
3 5534 6046 2437
3 5534 7283 6046
3 5045 7283 3816
3 1746 3816 7283
3 5045 2987 527
3 3224 3538 2721
3 3538 3219 2721
3 1299 3077 5674
3 5600 5674 3077
3 3077 7252 5600
3 3818 7252 3077
3 3077 1299 121
3 188 121 3626
3 1299 5798 121
3 121 5798 3626
3 3626 5798 3849
3 188 2261 1697
3 1697 2261 692
3 6721 1697 692
3 692 6290 6721
3 2261 3047 692
3 692 3047 7455
3 692 7455 6290
3 3047 1517 4671
3 4689 4671 7067
3 7455 4689 5314
3 6934 7067 3240
3 3062 7067 2517
3 4671 2517 7067
3 3062 1453 3240
3 1453 5444 3810
3 5738 3089 5444
3 7694 6680 1670
3 5289 7668 5656
3 4812 2074 4356
3 4812 314 2074
3 314 4812 6044
3 6998 3924 4812
3 3924 6998 7695
3 5356 3924 3980
3 3980 1282 5356
3 1282 3980 399
3 4165 399 3980
3 399 4165 6689
3 6689 1592 399
3 1592 6403 1486
3 5356 1282 6556
3 5356 6556 4930
3 5537 6310 7459
3 6310 972 7459
3 7459 972 4319
3 972 5589 4319
3 7459 4319 4677
3 4319 3167 4677
3 4677 3167 730
3 7459 345 5537
3 345 1680 5537
3 1680 4124 5163
3 4124 6486 5163
3 4803 7423 4925
3 4803 2876 492
3 4259 5059 6867
3 6035 7337 5059
3 6422 5059 7337
3 7682 6422 4206
3 4206 7344 7682
3 7344 6370 6603
3 4680 5740 6370
3 2890 1786 5956
3 5513 5192 2890
3 5513 2890 5956
3 5192 5513 3882
3 5192 3882 5996
3 3882 5806 13
3 4793 3598 4856
3 6640 6146 3598
3 5389 3598 6146
3 5389 6146 2594
3 4519 1718 1307
3 2337 1307 4640
3 1718 2305 1307
3 1307 2305 5847
3 1307 5847 4640
3 6548 4519 3138
3 2305 4507 5847
3 4640 5847 7721
3 4507 6874 3129
3 2815 4507 6548
3 2049 2815 2431
3 2431 1335 3627
3 1484 3627 1310
3 1335 5308 3627
3 1310 3627 3028
3 2431 1484 7454
3 1310 1111 5401
3 5401 2965 202
3 2965 2239 202
3 2965 5815 2239
3 5652 3374 2936
3 2770 2840 4755
3 2770 3213 1133
3 6263 6502 3447
3 2396 3875 4582
3 3447 94 3875
3 232 3875 3048
3 94 3048 3875
3 3211 2413 1358
3 1358 2413 2672
3 1362 2672 2413
3 2672 1362 1292
3 1362 4417 1292
3 4417 5243 1292
3 3048 1358 3333
3 3333 3786 3048
3 4822 7761 4806
3 7761 1240 4806
3 6304 4806 1240
3 4806 6304 3733
3 6304 5617 3733
3 7128 5326 3925
3 4025 2848 1297
3 2848 5274 1297
3 783 5274 3606
3 3606 45 783
3 5274 783 1297
3 45 2301 783
3 783 2301 1297
3 1297 2301 3210
3 5396 5898 2301
3 2300 6810 3057
3 5237 2048 7539
3 5053 7684 7539
3 7571 7684 6279
3 4197 5107 4783
3 4272 5319 2157
3 4272 5270 5319
3 7458 5319 2498
3 4154 594 5270
3 4924 4154 5659
3 4119 4467 6665
3 6665 6958 4119
3 309 4119 6958
3 309 6534 4119
3 6178 4908 7847
3 6178 5609 3054
3 4742 5904 2433
3 2433 1361 6428
3 6428 1361 777
3 777 5904 6868
3 6868 5904 5623
3 5623 3203 6868
3 5928 6315 1237
3 1237 6315 7461
3 1237 27 5582
3 27 3727 5582
3 4576 3727 7407
3 7345 3727 3803
3 3727 27 3803
3 27 7461 3803
3 1449 724 3429
3 6699 3429 6025
3 6025 3429 5128
3 724 2674 3429
3 7678 1020 6098
3 1020 3082 5019
3 3082 7519 5019
3 1497 5019 7519
3 315 7519 3082
3 315 1753 7519
3 315 7678 4725
3 5687 4725 3023
3 6012 6660 6471
3 6012 1352 236
3 2164 5051 1380
3 1380 5051 2039
3 7517 7348 1627
3 7517 1627 7436
3 7651 1571 1029
3 3780 6245 7651
3 7651 6245 1571
3 1029 1571 3797
3 4893 1555 3968
3 4893 3797 1555
3 3953 4238 6054
3 1944 3951 3170
3 5418 1944 6137
3 3170 1426 6137
3 6740 6137 1426
3 1426 133 6740
3 1382 4784 3444
3 3444 4784 3080
3 3444 3080 5879
3 4784 704 3080
3 704 7019 3080
3 7702 5191 2686
3 2686 6567 2158
3 2158 6567 4229
3 6567 2375 1830
3 4460 4424 3517
3 4460 3517 6014
3 2375 5331 1830
3 1830 5331 4424
3 5331 6496 5560
3 7053 3015 4093
3 5574 6863 240
3 240 6863 3610
3 240 3610 6262
3 7037 7001 2062
3 7246 6382 985
3 2062 2231 7037
3 1656 4361 7001
3 7001 4361 6904
3 6904 4361 5574
3 4361 2225 3343
3 2042 2203 4321
3 7697 3517 2796
3 1656 7037 2731
3 1830 4460 6588
3 6014 7320 2543
3 7710 2333 7320
3 2333 7710 4693
3 4693 7610 2333
3 7610 662 5239
3 5239 662 4368
3 4205 6331 540
3 6331 4205 2047
3 7764 1516 4390
3 7302 7535 4314
3 68 3120 6687
3 7467 3120 68
3 3120 3016 6687
3 6687 3016 7380
3 7380 5596 2121
3 3016 7441 5596
3 5596 7441 7773
3 7773 3573 4271
3 7074 2539 348
3 348 3854 7074
3 7074 3854 155
3 7074 155 5321
3 348 3576 3854
3 7388 5256 4457
3 7388 3514 1022
3 1022 7485 1813
3 2111 1877 2154
3 1877 2111 7309
3 7309 5315 1877
3 6485 3824 1393
3 1393 3824 5980
3 4749 5980 3824
3 7112 7334 7485
3 1063 3263 4413
3 3531 4654 7006
3 5287 7006 4654
3 5287 4654 831
3 458 3507 7492
3 7492 7233 5624
3 5624 7233 1671
3 4135 7727 7327
3 5548 7055 3887
3 6024 5849 2267
3 5481 2267 6176
3 7049 2558 3391
3 5240 143 4956
3 4663 4956 3575
3 143 3219 4956
3 4956 7321 3575
3 3575 7321 2314
3 3575 2314 1489
3 6434 1489 7367
3 7367 7252 7075
3 7075 7252 3779
3 3484 7075 6319
3 7596 6319 7075
3 3779 6721 7596
3 6290 7455 707
3 954 707 7455
3 954 2764 2345
3 707 954 2345
3 2764 1865 233
3 3565 4506 7398
3 7398 4506 5314
3 7398 5314 6934
3 1329 5957 7802
3 5333 3810 2957
3 3810 3592 2957
3 3810 5444 3592
3 190 6171 4477
3 5654 4477 6171
3 6171 3592 5654
3 3592 6208 2957
3 6138 7419 5957
3 903 7789 1890
3 4954 1890 4925
3 7789 4925 1890
3 4954 5784 1890
3 4954 3040 5784
3 5784 3040 7790
3 7213 7790 5360
3 2084 1904 5238
3 5360 5238 3458
3 3458 5238 1682
3 1682 5238 3475
3 1904 5783 2778
3 1904 2778 3475
3 5212 7682 5686
3 5157 6603 6370
3 5157 5996 6085
3 13 6659 3777
3 4856 7586 6659
3 5747 3978 5861
3 5747 5861 5542
3 1723 4408 5861
3 1723 7721 3214
3 2021 2872 6874
3 644 6874 2872
3 7721 644 443
3 2872 443 644
3 4804 2021 3178
3 7815 3178 2021
3 3840 7815 2049
3 6874 2049 7815
3 7454 3840 2049
3 2523 5902 7843
3 3253 4537 388
3 1928 525 7783
3 3651 3253 5652
3 3651 5652 2412
3 4755 3926 2412
3 3926 6234 7783
3 147 6234 3289
3 853 147 2397
3 147 3289 2397
3 4751 1431 7291
3 6838 2783 3542
3 2783 4255 3542
3 3542 4255 7291
3 2783 6838 6263
3 6505 1757 4255
3 1757 7291 4255
3 6996 6505 6359
3 232 3786 1755
3 1755 3786 1229
3 1755 1229 2518
3 2518 1229 1637
3 1637 1229 4822
3 1637 4874 2518
3 817 3043 1637
3 4874 1637 3043
3 6350 4874 3043
3 3043 817 3439
3 4054 3439 817
3 3439 4418 3043
3 3439 726 4418
3 3439 3733 5617
3 3439 5617 3998
3 7128 6845 590
3 6845 3594 6210
3 3925 6429 3594
3 6429 3830 3594
3 3925 6829 6429
3 6829 3925 5326
3 3210 5326 3912
3 6829 5898 1803
3 6829 1803 480
3 480 1803 5351
3 5898 6887 1803
3 1803 6887 5351
3 5351 6887 7821
3 5351 4527 3736
3 3736 4527 4513
3 7638 3808 7280
3 374 7356 5709
3 7356 4527 7821
3 7821 6017 5835
3 7821 6123 6017
3 6123 7821 6065
3 6017 6123 3019
3 6123 7489 3321
3 6123 3321 3019
3 3019 3321 4562
3 5835 3471 7106
3 2008 7592 5495
3 2776 5495 7592
3 4197 5390 5107
3 2008 5495 6676
3 7296 3442 5890
3 5890 3442 7659
3 6149 3442 7458
3 3442 4117 7458
3 7553 2498 6381
3 2498 6534 6381
3 6534 6178 6381
3 6381 6799 7553
3 6149 7553 1553
3 6799 6381 7130
3 1279 6381 3054
3 1279 3054 6428
3 4850 7094 2299
3 6214 4850 1265
3 4850 777 1265
3 1265 777 6868
3 3480 7645 400
3 7645 6957 400
3 7645 1559 6957
3 1559 7508 3132
3 7645 4576 7508
3 5614 7508 4576
3 7508 5614 338
3 6025 5128 7578
3 5266 7578 5282
3 6025 7578 7759
3 5282 1598 5266
3 6098 5501 1598
3 5501 5019 3650
3 5019 1497 3650
3 1497 5149 1745
3 7793 1745 5149
3 7793 5149 7401
3 7243 7401 5471
3 5471 1380 7243
3 7243 1380 3034
3 1380 2039 3034
3 7243 3034 3176
3 6648 7517 4615
3 4548 4441 6540
3 4548 7436 5286
3 4548 5286 4441
3 7136 3202 5286
3 3202 1461 4178
3 4714 4178 489
3 1461 5910 3402
3 788 6054 5418
3 5418 625 6300
3 7552 368 6300
3 7552 6300 2625
3 2625 1382 7552
3 1382 3444 7552
3 6227 7552 3444
3 3444 1387 6227
3 6808 6991 4018
3 1979 6991 7086
3 1387 5879 3172
3 647 4348 5879
3 647 7019 248
3 248 1124 5774
3 248 5774 4348
3 5774 1124 6292
3 6292 1124 2158
3 6292 2158 1543
3 1124 7702 2158
3 6292 1543 6257
3 6257 2802 354
3 1543 5397 6257
3 6257 5397 2802
3 7387 3512 7209
3 7209 3512 1398
3 2250 7209 1398
3 1398 3512 4493
3 5486 4859 2078
3 2078 4342 5065
3 5065 6197 2994
3 6197 4941 2824
3 6197 2824 684
3 2824 7610 5239
3 2824 5239 684
3 7033 3662 6197
3 1914 6197 3662
3 2652 1914 3662
3 3662 7033 7405
3 6543 7405 7033
3 6543 7033 4368
3 4368 2581 6543
3 4368 7033 5239
3 2581 4368 662
3 2232 175 6580
3 3724 6580 5197
3 175 5197 6580
3 2232 2047 7414
3 7414 2047 4205
3 4205 7764 7414
3 7347 7414 7764
3 6307 1802 5967
3 7347 7764 3030
3 6687 7380 6830
3 7380 215 6830
3 7380 4979 215
3 215 4979 3037
3 3769 747 2925
3 6066 2963 3923
3 3769 2121 3653
3 3923 2963 3629
3 2963 3653 3629
3 3629 3653 3479
3 3653 2121 3479
3 4613 7393 7074
3 2539 7074 7393
3 4162 7393 4613
3 2255 4162 6414
3 4162 4613 6982
3 6414 4162 4662
3 6982 4662 4162
3 6982 1789 7451
3 6982 462 5321
3 7388 1032 5256
3 404 7388 1022
3 7334 404 1813
3 1022 1813 404
3 4383 7334 3079
3 6089 4383 3079
3 3079 3344 6089
3 7510 4413 6312
3 438 6312 4716
3 438 4716 6248
3 3531 4544 1850
3 3531 7006 4544
3 4544 7006 346
3 4544 3558 7158
3 7158 3558 5976
3 3558 2354 5976
3 5976 2354 6401
3 5976 6401 2655
3 1428 4183 2354
3 6401 2354 4183
3 6302 4183 1428
3 6302 5287 4952
3 1671 7233 1159
3 1159 7233 855
3 1159 855 3646
3 3646 855 7494
3 7218 7233 341
3 4146 2497 6073
3 6073 2497 1614
3 3884 4416 415
3 2497 7327 6250
3 430 7727 329
3 7727 5584 329
3 329 5436 2512
3 6273 221 6909
3 7440 6909 4674
3 4674 6909 4994
3 221 5436 5462
3 6989 5646 3691
3 5723 6024 5635
3 5635 6024 5481
3 5481 6176 5625
3 7049 3391 6816
3 3391 279 6816
3 279 3391 6711
3 3350 6711 3749
3 6849 3350 5199
3 6849 5199 5678
3 5678 5199 5720
3 2900 6849 4535
3 5678 5720 1647
3 5678 1647 3625
3 1647 5720 7367
3 7367 3484 7188
3 3484 6319 7188
3 4464 1295 1407
3 4464 1407 2962
3 1440 2764 233
3 1440 233 3424
3 2607 5028 7806
3 2607 7505 7488
3 4382 7505 7217
3 2939 3712 7806
3 7397 7806 3712
3 7466 7806 5028
3 7397 844 1911
3 1911 844 2845
3 844 7831 2845
3 2845 7831 4838
3 7831 7391 4838
3 3400 2524 6342
3 2490 898 1918
3 3493 4996 5957
3 3493 5957 7419
3 7741 3493 7419
3 2317 7741 2684
3 2317 2684 1918
3 1918 2684 1874
3 7234 7099 1331
3 7234 1331 1874
3 7099 4429 434
3 434 4429 6270
3 7099 7234 4429
3 4429 7234 7712
3 6270 4429 5777
3 4429 7712 6552
3 6552 7712 1893
3 1893 6085 6552
3 7258 1682 5833
3 5542 3458 5747
3 1682 5747 3458
3 5861 2359 5542
3 2359 5861 4408
3 2359 4408 2254
3 441 2254 4408
3 5360 2359 2330
3 2254 2330 2359
3 4355 7299 5300
3 3674 1253 1655
3 2426 1655 1253
3 2426 4408 1831
3 2426 1831 1655
3 1655 1831 3761
3 1831 3214 3761
3 3214 7721 443
3 3761 3214 4290
3 443 4290 3214
3 694 2269 4290
3 4290 4804 694
3 2285 694 7739
3 3992 6876 3242
3 3178 3242 6876
3 5218 332 1012
3 1596 3928 1607
3 5184 1607 915
3 915 1607 4537
3 4537 5815 388
3 915 7354 1781
3 7354 3651 525
3 7354 525 1928
3 1928 2404 7354
3 4447 1928 3390
3 3390 853 4447
3 853 6802 4447
3 5111 6802 298
3 298 5002 5111
3 2552 298 4894
3 4639 5093 5576
3 5576 2244 7676
3 7291 3289 4751
3 3228 5434 7676
3 6833 2976 1816
3 6833 1816 4096
3 4096 5804 6833
3 1816 6359 5954
3 6359 6505 5954
3 6505 4001 5954
3 4001 4582 5954
3 6219 1816 5954
3 4582 5404 5954
3 6350 4006 4874
3 4006 2518 4874
3 6219 6350 913
3 6219 913 1828
3 6350 2477 913
3 1828 913 6921
3 3043 4418 6350
3 2477 6350 4418
3 3329 6728 4248
3 675 3329 7128
3 4248 3998 334
3 4248 334 7128
3 4248 7128 3329
3 675 6762 3329
3 6348 590 6845
3 6762 4211 1264
3 6762 1264 2402
3 2402 1264 6184
3 1264 4211 7248
3 7248 4211 1040
3 4211 6348 1040
3 1040 6348 1155
3 1155 6348 2256
3 6845 2256 6348
3 1093 3330 2307
3 6210 2307 3330
3 6210 5554 2307
3 7078 6210 609
3 4513 4527 7293
3 4527 374 7293
3 595 374 5709
3 7280 2310 5756
3 6445 7638 4928
3 4872 7015 4928
3 2604 7015 4872
3 6341 5532 6783
3 2906 4872 7106
3 4872 970 7106
3 4872 4928 970
3 4928 7115 970
3 5890 6030 7473
3 4459 7659 2342
3 2342 1494 3359
3 1494 3632 3359
3 3632 44 1553
3 3632 1553 1334
3 1334 1553 889
3 3632 1334 4132
3 3632 4132 7483
3 3359 3632 7483
3 4132 3234 3031
3 547 5801 3234
3 6406 5801 547
3 6406 889 5463
3 339 7465 5886
3 7465 339 2854
3 2854 339 1315
3 339 5886 1315
3 2854 5808 2226
3 5033 3265 2959
3 5265 2126 3191
3 3285 3265 1430
3 239 1430 3265
3 239 5808 5135
3 1309 3995 6214
3 1430 3995 1394
3 3017 3131 1309
3 787 6957 7255
3 125 7255 4790
3 4394 705 3132
3 945 705 6666
3 3940 3843 6948
3 2779 3940 6948
3 5272 1105 6280
3 338 6280 3843
3 1105 3843 6280
3 7666 6369 5123
3 2278 1511 3194
3 3194 1511 6715
3 6715 1511 7724
3 3385 5198 7724
3 7426 1745 7793
3 7307 1868 7793
3 7307 7793 4545
3 7307 4545 2199
3 2199 4545 3535
3 7793 7401 4545
3 7243 7031 6141
3 4545 6141 7031
3 7031 1313 7068
3 1313 6134 7068
3 3176 3034 6764
3 2835 2039 7036
3 2835 7036 5924
3 2835 5924 6764
3 7036 7281 5924
3 7281 3250 1643
3 3250 7036 6648
3 6648 5376 3250
3 1250 5339 5376
3 2082 5339 1167
3 1709 5339 1250
3 1709 1167 5339
3 1709 1250 6106
3 1731 1210 6540
3 6623 5358 2724
3 6237 6978 4045
3 6978 2270 4714
3 4045 489 25
3 1701 25 6682
3 1546 6298 6432
3 6298 6681 1376
3 5840 368 5413
3 163 5413 6697
3 6697 5313 163
3 5840 5413 1376
3 4018 3932 6808
3 3072 3932 4018
3 3072 5440 3932
3 3072 5134 5440
3 3771 1778 5134
3 3771 4018 5408
3 4476 3515 7412
3 7412 1979 5872
3 354 4546 6257
3 4546 354 2373
3 2632 2373 6036
3 2898 354 273
3 2898 1244 6036
3 2290 273 2802
3 2290 2802 2250
3 2290 1398 4493
3 2290 4493 4213
3 1663 6034 6656
3 7314 4727 3259
3 2994 6197 1914
3 960 2516 7405
3 2516 960 7413
3 2516 7413 6688
3 960 4291 7413
3 7413 4291 6441
3 4291 7405 6543
3 3945 4291 6543
3 4291 3945 5939
3 3945 3187 7836
3 4699 3187 512
3 2581 528 3187
3 512 3187 528
3 512 528 3724
3 1436 5912 512
3 1436 6777 5912
3 3724 5458 1436
3 5559 5458 4773
3 5197 5458 3724
3 5458 5197 6307
3 5458 6307 4773
3 5559 4773 3301
3 4773 1857 3301
3 1857 4773 6211
3 36 1857 6211
3 4773 5967 6211
3 5967 1300 6211
3 2961 5108 4810
3 6687 5108 2144
3 7718 2144 5108
3 6687 6830 5108
3 5108 6830 4627
3 5108 4627 5855
3 2605 5855 4627
3 3037 6830 215
3 2925 1532 3158
3 2445 3158 786
3 732 3382 1967
3 3680 4189 1686
3 1686 1849 3680
3 3680 1849 3671
3 3671 1967 3680
3 3671 385 1967
3 3671 1849 1205
3 5599 5412 7725
3 5973 5599 7725
3 2481 436 2614
3 3673 4086 2614
3 6576 4086 987
3 2098 4942 3673
3 3923 3629 6274
3 3629 4885 87
3 87 4885 7393
3 87 7393 7137
3 7135 1090 7137
3 6600 7137 1090
3 7135 7393 2255
3 4918 7135 2255
3 5708 7135 1963
3 1963 7132 5708
3 7132 2470 2163
3 4662 5490 4918
3 1963 4918 5490
3 2470 1963 5490
3 7176 4662 7451
3 7176 7451 4567
3 7451 7636 4567
3 7636 6248 4567
3 7176 1390 3404
3 3404 1390 6493
3 6493 1390 6750
3 6750 1390 7767
3 6248 4716 7767
3 7158 5976 1906
3 1906 3466 6337
3 2655 4194 6789
3 5901 7025 6281
3 4194 4036 3949
3 3545 4036 7613
3 4036 4194 7191
3 4194 6401 7191
3 7191 6401 2097
3 2097 2238 7191
3 4183 6954 2097
3 3127 3738 1522
3 7494 3738 3646
3 7494 965 3738
3 965 1522 3738
3 7494 2941 2908
3 2908 2941 2167
3 7218 3428 5201
3 3744 1551 6791
3 1551 610 6791
3 6791 610 7316
3 610 2977 7316
3 7316 2977 614
3 2977 906 1847
3 906 3884 3372
3 3884 1618 7472
3 3884 7472 4324
3 7472 1618 6273
3 7472 6273 7440
3 7440 4674 1502
3 7440 1502 572
3 572 1502 2221
3 4674 5677 1502
3 5677 4674 86
3 5677 86 1864
3 1864 86 5646
3 4674 4994 86
3 86 4994 2248
3 86 2248 5646
3 5427 7835 1869
3 5625 6176 4017
3 5625 4017 3685
3 3685 5863 5625
3 5863 3685 1695
3 7769 1695 3685
3 1695 1869 5863
3 5987 1869 1695
3 5566 5699 2762
3 6816 279 866
3 2762 6900 7538
3 210 791 6849
3 7104 210 5678
3 210 6849 5678
3 418 5364 7104
3 7538 7104 5364
3 418 3625 1898
3 418 6344 5364
3 5332 6344 7570
3 1898 485 6344
3 485 7188 3490
3 3490 7188 2962
3 6109 1059 4572
3 7855 2607 7488
3 7861 4382 5167
3 5167 1409 4491
3 6591 5770 5764
3 7217 5764 5770
3 6591 5764 3886
3 6591 3886 2529
3 2529 3886 3930
3 2529 3930 4076
3 3930 6613 4076
3 3886 7397 3930
3 2845 4252 1911
3 5050 1911 4252
3 4838 1826 2845
3 1826 4838 3679
3 7391 734 3845
3 1443 6509 7771
3 5105 2173 4828
3 4828 2173 6397
3 7802 1441 7398
3 3565 7398 3056
3 7598 3322 1189
3 1189 3322 6397
3 3322 4828 6397
3 7771 3190 1443
3 7139 6196 1443
3 3056 7466 3565
3 7564 6196 533
3 6196 7139 533
3 533 7139 1446
3 533 1446 7213
3 434 6270 1446
3 1446 6270 7213
3 6270 5777 7268
3 4355 5300 1751
3 7453 829 1283
3 3477 7453 4168
3 1283 4168 7453
3 7364 1283 829
3 4168 1283 7329
3 2114 5113 7364
3 5113 5571 7364
3 5113 2114 1751
3 5113 5363 5571
3 5363 5113 4858
3 4661 5703 6840
3 2269 2285 5703
3 5703 2285 7529
3 5703 7529 4854
3 7028 7111 5948
3 3992 7833 6876
3 5948 6876 7833
3 5948 3703 7028
3 3703 6940 2813
3 2813 6940 41
3 41 6787 2813
3 6940 6207 3004
3 4846 6940 3004
3 4846 3004 5483
3 3004 1781 7504
3 6802 5111 5944
3 7840 5944 2506
3 3378 5944 6095
3 4014 3378 1811
3 6095 5002 5032
3 6872 5969 2369
3 2408 4639 6068
3 5969 2408 6068
3 6068 4639 7323
3 6582 1808 5576
3 5576 4891 6582
3 5576 7676 4891
3 4891 1271 645
3 1174 6833 7318
3 7318 3085 1174
3 5804 475 7318
3 475 5804 1775
3 1775 6143 475
3 1685 5804 4096
3 1685 6219 1828
3 1685 1828 4486
3 1828 2319 4486
3 2319 3846 81
3 81 3846 4343
3 6921 6728 3846
3 3846 6728 4343
3 4343 6728 2402
3 6184 414 4343
3 5143 1337 6184
3 5143 6184 1264
3 6119 5958 5143
3 6119 4722 4652
3 7197 4652 7116
3 6557 2534 1162
3 2534 5554 3750
3 7293 595 1162
3 6557 5756 5497
3 7207 5497 5756
3 6045 7295 148
3 5497 7814 7295
3 5756 1730 7207
3 5756 2310 1730
3 810 2964 7035
3 2964 6445 7015
3 2093 7015 3510
3 6893 2550 7763
3 6158 2550 2821
3 2821 6893 1503
3 1503 6893 3605
3 1503 2864 6636
3 269 2338 7384
3 2338 3910 4055
3 3910 1457 2998
3 4531 1457 636
3 1457 4531 149
3 7483 149 4531
3 149 2998 1457
3 149 3142 2998
3 5407 1445 1784
3 1784 1445 3903
3 1445 5403 3903
3 7026 3031 5801
3 5775 7026 4560
3 5801 4560 7026
3 6986 4560 6406
3 7434 2854 7147
3 7147 2854 2226
3 7147 2611 7434
3 7434 2611 5248
3 7305 2708 4831
3 7755 2959 2536
3 5265 3191 4129
3 4129 3191 14
3 3191 3192 5263
3 1344 5263 3192
3 3192 6952 6526
3 3285 1394 6952
3 4480 3698 4904
3 4480 4904 6526
3 3698 995 4904
3 1512 995 7255
3 3698 7255 995
3 1512 1112 3009
3 3009 1112 5951
3 1112 4475 6169
3 4475 125 4620
3 6169 4620 7153
3 6666 1475 945
3 1475 6666 1213
3 1475 1213 816
3 5892 6666 2779
3 5029 5322 6064
3 5029 6064 1349
3 1349 6064 3093
3 5029 1349 1350
3 5029 1350 2956
3 1349 1578 1533
3 1349 1533 1350
3 2780 1578 5707
3 1578 1360 5292
3 5707 5292 5566
3 2127 5566 5647
3 5647 7769 2127
3 6816 2127 7769
3 2127 6816 5699
3 2127 5699 5566
3 3529 5566 2762
3 3529 5707 5566
3 3553 3248 1694
3 1740 3248 7538
3 7538 5364 3567
3 3567 5364 5332
3 1711 3567 2201
3 7749 5284 7127
3 5067 7570 5122
3 5122 7570 7664
3 6109 4572 4075
3 6727 7664 6109
3 6727 1131 4450
3 6727 4450 7664
3 6970 5555 6915
3 5018 7000 1160
3 4428 4491 3644
3 3644 3254 4428
3 1160 4428 2628
3 1019 3254 6011
3 5316 1019 6011
3 3729 2756 6011
3 7152 5770 3071
3 60 3071 6446
3 2051 598 60
3 7152 598 3357
3 1245 2051 6551
3 6 5186 2051
3 5186 6551 2051
3 6 3860 4387
3 6446 3920 3860
3 4076 5228 3920
3 5050 4670 6613
3 4670 3216 6613
3 3216 4670 5773
3 2703 6844 5773
3 101 2703 4252
3 6844 2703 1826
3 101 1826 2703
3 5773 6844 7776
3 7776 3679 6026
3 4168 7776 6026
3 6026 2803 3477
3 7776 7329 6367
3 6367 3434 4372
3 6367 4372 1728
3 1728 3952 6367
3 3952 1728 3290
3 4372 697 5228
3 4372 1241 697
3 7097 697 1241
3 1241 255 7097
3 3434 1241 4372
3 255 1241 5571
3 697 7097 5381
3 5571 5363 1028
3 1025 1028 1812
3 5363 1812 1028
3 5533 7079 722
3 696 4854 7792
3 7133 3280 7792
3 1151 5296 7251
3 5296 3280 7605
3 7605 3280 6413
3 3943 7605 5823
3 6413 5823 7605
3 3280 5 6413
3 6413 5 6943
3 6413 6943 3878
3 2847 6413 3878
3 7111 7028 6943
3 6019 7028 2813
3 3005 1216 3775
3 3878 3775 4682
3 6787 505 1216
3 1216 505 3775
3 505 6787 263
3 5974 505 2938
3 263 2938 505
3 2690 6787 41
3 2690 41 4846
3 6191 2690 4846
3 3706 912 5832
3 5832 912 4772
3 4032 4772 912
3 4772 4014 5832
3 2506 4032 7840
3 1811 6971 7536
3 7722 7536 6971
3 1588 5982 7722
3 6384 4185 6104
3 1588 6971 4185
3 4185 6971 6104
3 3520 6384 3596
3 5159 6104 3988
3 3988 768 5159
3 768 4648 5632
3 6068 2369 5969
3 2369 6068 4648
3 6068 7729 4648
3 7729 7323 4281
3 814 6582 6607
3 814 6607 1141
3 5949 4944 1141
3 4944 814 1141
3 814 4944 4370
3 6582 814 4370
3 5949 6796 2832
3 2832 6796 5279
3 3505 6796 695
3 695 5679 3505
3 3085 695 6796
3 695 3085 7318
3 7318 5679 695
3 7318 4405 5679
3 6553 6143 191
3 191 1144 6553
3 6143 2319 191
3 191 81 1144
3 81 4343 1144
3 103 2949 1337
3 2949 414 1337
3 1337 414 6184
3 6167 5958 5279
3 7375 5949 2832
3 6045 148 6301
3 7295 7814 2156
3 7814 888 3236
3 7814 3236 5306
3 7035 888 1730
3 7035 1730 3482
3 3236 7035 7131
3 3236 7131 5306
3 5306 7131 3243
3 3243 7131 3107
3 7035 2964 1763
3 1763 2964 2093
3 2623 5965 3661
3 2623 3661 3277
3 1989 3661 6158
3 1989 6158 4043
3 2550 6158 3661
3 4043 1525 3907
3 4474 4621 5461
3 4621 2821 5461
3 5461 392 2450
3 7384 2450 269
3 392 6636 2450
3 269 2450 6030
3 6536 7384 4055
3 3142 5930 6536
3 6536 5930 129
3 7058 6536 129
3 1784 6244 2002
3 4932 683 2275
3 4932 2275 4432
3 683 3286 2275
3 2275 3286 994
3 3286 4603 994
3 994 4603 5775
3 3227 6986 7543
3 7434 5248 7543
3 2708 2992 7660
3 7543 3763 5766
3 7305 153 5771
3 5771 153 677
3 5771 677 6918
3 153 2416 7574
3 4129 6861 5265
3 4129 3944 3595
3 3595 3944 5225
3 3944 7511 7798
3 3438 7798 7247
3 7511 5263 5222
3 5222 5263 2877
3 7652 5222 2877
3 14 5263 7511
3 2877 5263 2952
3 7688 2589 4904
3 4904 3009 7688
3 3384 4041 6067
3 4041 3384 259
3 1798 259 3384
3 1798 4010 1613
3 4010 1014 1613
3 2685 1014 4305
3 2685 4305 7182
3 7182 3725 2685
3 7182 4305 1330
3 5146 7182 1330
3 1330 4305 7153
3 1213 5324 5146
3 5324 6666 5892
3 5892 1915 5746
3 6204 4365 1915
3 1915 4365 5746
3 7582 544 6204
3 2780 5707 5935
3 5935 5707 3553
3 2407 5935 3859
3 3553 3859 5935
3 5707 3529 3553
3 3529 3248 3553
3 3859 3553 2715
3 1694 2715 3553
3 7582 2407 3813
3 2407 3859 2554
3 2554 3859 1049
3 2554 1049 2221
3 3859 6320 1049
3 2221 1049 572
3 2715 2983 6320
3 6320 2983 4935
3 2983 2715 1683
3 5551 1711 7749
3 7749 1711 2336
3 1711 2201 2336
3 830 7749 7127
3 4106 830 7178
3 7127 7178 830
3 830 4106 4935
3 5869 1847 3372
3 5869 2219 7279
3 7279 2018 7808
3 7178 4063 2219
3 7566 4813 6753
3 4063 6753 4813
3 7127 4063 7178
3 7127 4482 4063
3 4482 2844 4063
3 6753 4063 2844
3 5736 5755 61
3 5736 61 2784
3 2784 6554 5736
3 1116 6970 2784
3 6970 1116 1665
3 6970 1665 7664
3 2409 6793 6915
3 4490 6915 6793
3 6793 2819 4490
3 2819 6793 7363
3 2409 7732 6793
3 6793 7732 7363
3 7363 7732 715
3 7732 4233 7650
3 7732 2409 4233
3 7650 5095 6870
3 4233 5018 5095
3 825 5095 5018
3 1623 825 2628
3 1993 1623 5316
3 2628 5316 1623
3 1582 1993 5316
3 1582 4215 4196
3 1582 4196 6094
3 4215 7554 4196
3 6296 7554 2561
3 6296 2561 4210
3 5515 6296 4210
3 2561 2756 4210
3 4210 2756 7152
3 5605 5515 561
3 5255 561 5515
3 5255 3357 1245
3 2064 4387 6361
3 6551 6883 1790
3 6883 6396 5828
3 6396 6361 1025
3 6396 1025 79
3 6396 79 7079
3 7079 5533 6396
3 1217 7346 5533
3 5533 722 1217
3 307 4224 7251
3 307 7251 948
3 7346 307 948
3 1829 7482 7186
3 4841 4792 5296
3 4841 4500 7186
3 7186 4500 3869
3 4841 5296 7605
3 7193 3943 659
3 3943 6850 2153
3 3943 2153 659
3 659 2153 469
3 6850 5823 2847
3 2153 2169 2777
3 2169 4682 5974
3 5546 2938 263
3 407 1404 4031
3 1404 330 365
3 1404 365 4031
3 4031 365 5334
3 4027 330 2293
3 398 5543 4402
3 6253 3462 4357
3 4402 845 398
3 3706 5832 4402
3 845 4402 5832
3 4896 845 5832
3 3602 7536 7722
3 7722 1222 3602
3 7722 17 1222
3 1222 17 7232
3 3566 1935 6314
3 6314 1935 2859
3 1935 606 2859
3 606 5982 3520
3 2859 3596 6314
3 6481 3900 7747
3 6481 4398 6229
3 5947 1734 4927
3 5632 1734 5159
3 5632 4648 7729
3 1088 3668 3478
3 4334 5696 1552
3 1552 7814 3478
3 4579 655 6675
3 3243 6675 655
3 6675 3107 1547
3 183 1157 6675
3 2079 7425 183
3 65 7425 7630
3 3277 3220 5502
3 3277 548 2623
3 6368 4863 4371
3 4371 3617 1716
3 3907 2547 6705
3 6705 2547 2009
3 4007 2009 1966
3 2547 1966 2009
3 3907 6705 4043
3 4043 6705 1989
3 3907 6885 2547
3 1293 1966 2547
3 5461 4720 2268
3 3569 1892 4917
3 4917 4694 3569
3 1417 3569 4694
3 7563 4694 4917
3 7563 4917 7058
3 4998 7563 7058
3 4432 5766 3763
3 2735 7660 2992
3 4733 1285 3152
3 1285 4234 7795
3 7795 4234 1057
3 1057 3649 7795
3 2148 6918 1057
3 1057 6918 3649
3 3649 6918 3389
3 4973 3829 1561
3 4973 3287 3829
3 3287 4973 4541
3 4541 4973 7560
3 7560 3595 4520
3 4541 4520 678
3 4520 3595 5225
3 4520 5225 678
3 3944 1696 5225
3 5527 3438 4437
3 1810 4437 3438
3 4437 1810 192
3 1810 7247 6293
3 172 7511 3088
3 6002 4515 7652
3 4160 1052 3441
3 4160 46 1052
3 46 1952 1052
3 1052 1952 7688
3 3147 3441 2492
3 1389 5951 3441
3 3441 5951 139
3 3441 139 2492
3 139 1224 2492
3 1659 6103 3868
3 4845 4632 5585
3 4845 5585 358
3 1613 259 1798
3 1673 5585 2685
3 4802 1673 3725
3 2685 3725 1673
3 969 4802 5227
3 5195 2072 2392
3 3725 7182 6592
3 7182 5146 7824
3 7824 5146 5324
3 2392 7526 2124
3 5567 4263 1615
3 5567 1615 5900
3 4263 1092 1615
3 4522 1615 1242
3 1615 1092 80
3 1615 80 1242
3 1092 4547 80
3 1242 80 3960
3 4547 544 3782
3 6822 3813 7185
3 3060 6822 1554
3 7185 1554 6822
3 2717 1554 7185
3 2717 2673 5309
3 2673 7185 2221
3 2221 7185 2554
3 5416 6963 1864
3 5103 566 6963
3 6963 566 2278
3 6898 6715 2927
3 5194 2927 6574
3 7724 5198 7479
3 6574 7479 6365
3 6955 4201 6365
3 6955 5166 5467
3 6955 5467 3157
3 1476 3157 6398
3 565 4843 5312
3 5467 5166 4843
3 3453 7417 5426
3 5293 1868 1507
3 7307 2199 4039
3 4920 2199 3535
3 4920 3535 7368
3 7031 7068 7368
3 6134 3347 5895
3 6134 3176 6764
3 6134 6764 4819
3 6134 4819 3347
3 6764 5013 4819
3 4903 1073 5924
3 1073 5013 5924
3 4903 1616 1073
3 1073 1616 3356
3 3356 1616 7307
3 4039 4920 6938
3 764 6938 4920
3 6938 764 6254
3 6254 3347 4543
3 5293 1507 2837
3 2837 2082 5293
3 5426 5293 2082
3 4903 2837 1507
3 2082 2837 1643
3 1167 2698 5426
3 3453 5426 2698
3 5180 5346 7839
3 5357 1833 5734
3 7241 5734 5514
3 5563 6540 1210
3 1210 6623 5563
3 2514 5563 6623
3 6623 1210 5358
3 6623 2724 4767
3 2724 542 574
3 2724 574 4483
3 542 2675 574
3 2675 542 951
3 808 951 3683
3 951 542 4057
3 951 4057 3683
3 4045 1701 6237
3 4057 6237 1701
3 344 1376 4067
3 5926 344 3885
3 4067 3885 344
3 71 2668 5926
3 3683 5926 808
3 2668 808 5926
3 7386 2668 71
3 808 2668 2733
3 7386 1324 7774
3 1324 5313 7774
3 7774 4208 3169
3 1366 6566 7774
3 6566 1366 1343
3 1343 1432 6566
3 7046 1343 5440
3 5440 5134 7046
3 7046 1778 3225
3 3084 6087 4728
3 4728 6087 4476
3 5872 2710 4476
3 2710 4728 4476
3 3084 4728 6684
3 4099 6684 2347
3 2710 6684 4728
3 3272 2347 3918
3 2347 2632 3918
3 3272 3918 633
3 5044 6218 2638
3 6259 633 3918
3 6259 3701 633
3 633 3701 6218
3 6218 3701 6655
3 1977 3701 6259
3 1977 6259 6036
3 966 3880 73
3 966 73 5649
3 3880 1244 73
3 6973 1244 5125
3 0 1663 6973
3 6656 6973 1663
3 4558 2739 7314
3 2739 4558 5697
3 5697 7040 2739
3 6531 7314 545
3 545 7314 3259
3 5500 545 3259
3 5500 4292 2089
3 2089 4292 5742
3 2652 5742 1914
3 416 6688 6052
3 2720 6688 7413
3 1843 4869 6441
3 1843 2865 4869
3 3316 1843 6287
3 3821 6287 2159
3 6987 2159 6287
3 6987 1215 5101
3 1215 6287 1540
3 5101 1540 6474
3 6287 5939 1540
3 2598 3327 2683
3 3327 4699 2683
3 4699 512 5912
3 4699 2893 2683
3 2294 3207 445
3 2294 445 4037
3 3207 6777 445
3 1278 3291 3297
3 1278 3297 4037
3 6335 3291 3301
3 5862 1857 2928
3 2928 1857 36
3 7647 2928 796
3 7647 799 1328
3 7647 1328 4577
3 799 5169 1328
3 5169 1622 2188
3 428 1951 6571
3 1951 428 6729
3 1951 6729 2899
3 2188 2899 337
3 6729 428 6101
3 7594 6571 1190
3 2211 7594 1342
3 3871 1342 3547
3 1342 154 3547
3 154 6371 5850
3 2445 786 5383
3 3547 4366 4796
3 4366 1036 3100
3 4366 3100 4796
3 1036 5759 3100
3 5759 1036 105
3 1036 1247 105
3 105 1247 1675
3 4366 732 1247
3 3166 1247 732
3 3166 6545 1675
3 5175 4708 6545
3 4916 1205 2118
3 2118 1205 5599
3 2118 5599 5973
3 5973 7725 3258
3 6387 3258 2151
3 7725 6770 3258
3 2151 3258 7399
3 1535 7126 5475
3 5475 6647 1535
3 3741 5797 2481
3 7092 3741 5085
3 6576 7103 5894
3 7103 987 3115
3 6701 6600 886
3 6701 886 478
3 6600 1 886
3 478 886 287
3 1 1090 6884
3 6400 1815 5708
3 1815 4557 287
3 6400 7132 1531
3 6400 1531 3904
3 5907 6400 2826
3 3904 2826 6400
3 1531 5077 3904
3 2163 2646 5077
3 2646 2163 5049
3 2470 5490 6493
3 6493 4369 5049
3 6750 4369 6493
3 6750 4431 4369
3 4431 6750 6170
3 6750 7767 3495
3 3495 6170 6750
3 3495 6190 5200
3 3495 5200 4971
3 6190 4436 5200
3 4436 6337 5200
3 1906 4436 7158
3 6337 7215 5200
3 7215 1648 5631
3 2788 1648 7215
3 2788 4301 1648
3 7215 6789 4631
3 2788 4631 2379
3 2379 4631 5374
3 3363 5374 5897
3 4631 6789 5901
3 6281 3081 5901
3 59 5901 3081
3 5897 59 3081
3 4977 2917 3127
3 2238 3127 2917
3 5864 1522 411
3 998 3267 4834
3 1522 965 411
3 411 965 4155
3 4834 4155 3308
3 6931 7626 6853
3 6931 6853 5519
3 3090 5519 4614
3 7626 3308 4776
3 7766 6853 4776
3 3308 5162 4776
3 2908 3744 7429
3 3744 2908 2167
3 923 7429 6791
3 4776 923 7766
3 6791 7766 923
3 7766 7832 3697
3 7316 3697 7832
3 3697 7316 2584
3 7316 7808 2584
3 2584 7808 3556
3 4246 2584 3556
3 4246 3556 7566
3 7021 488 4246
3 488 7021 6004
3 488 6004 7468
3 6004 6961 7468
3 6651 6004 2289
3 7021 5415 2289
3 5961 2289 5415
3 2530 5961 5415
3 2530 5415 6554
3 6554 5415 5736
3 2530 5432 5961
3 1884 5961 4685
3 5432 2530 1306
3 2530 3279 1306
3 6618 3279 57
3 7867 7746 2530
3 3279 2530 7746
3 57 3279 5595
3 7746 5595 3279
3 6915 4490 4379
3 2819 6539 5114
3 6539 587 5114
3 7363 6539 2819
3 3029 4388 7183
3 7183 4388 2700
3 7183 2700 4525
3 7732 3686 2304
3 3686 3796 2304
3 4791 3796 5485
3 6043 486 4508
3 3791 870 486
3 870 4508 486
3 870 4079 4508
3 4270 4069 6094
3 4069 1993 6094
3 1208 7554 1564
3 5920 6671 867
3 867 6671 6251
3 5605 561 90
3 561 4740 90
3 90 4740 4568
3 4740 561 1961
3 4740 4332 4568
3 4332 4740 7042
3 4318 5828 3938
3 3938 3534 6742
3 3534 7346 6766
3 6585 4907 6766
3 5069 5664 7532
3 5069 7532 7210
3 1026 7482 2208
3 1829 2424 7482
3 7482 2424 5836
3 2853 2424 6769
3 1829 6769 2424
3 421 1829 7186
3 6769 421 5692
3 6769 5692 4536
3 5692 3869 4707
3 4707 3869 4500
3 4707 4500 2340
3 2340 4500 7193
3 2032 2340 7193
3 5345 3027 2777
3 2777 1011 469
3 5345 217 1662
3 1662 217 4031
3 5345 5974 217
3 4031 217 407
3 2938 407 217
3 5870 365 330
3 6933 5334 5870
3 6859 2322 5870
3 6933 5870 2322
3 2606 6837 5988
3 4027 3108 6859
3 6253 3311 6386
3 773 4427 3311
3 4427 4357 6984
3 4778 6984 4896
3 4778 4896 526
3 4896 3602 526
3 4896 7536 3602
3 3432 2828 6866
3 4778 7232 2828
3 2828 7232 6866
3 3432 3566 5867
3 5867 3566 6388
3 6388 1689 5867
3 1689 6388 3714
3 7747 3900 6864
3 3900 6481 437
3 437 6481 5328
3 6229 766 5328
3 6878 5278 4392
3 1157 212 6878
3 212 183 2061
3 2061 183 7425
3 2061 7425 6393
3 6393 7425 65
3 2573 6393 3472
3 3472 910 2573
3 910 3472 7630
3 910 3491 2573
3 3491 1284 5182
3 7630 5245 1284
3 3039 1284 5245
3 5422 3039 6368
3 5245 6368 3039
3 5422 2958 6751
3 6751 2958 1716
3 1716 4007 6751
3 1716 2958 4371
3 6758 4143 3861
3 6758 3861 668
3 3861 4007 668
3 1034 1924 6758
3 4143 6758 1924
3 1924 1034 4242
3 1034 6880 4242
3 2639 1777 6880
3 6880 1777 5022
3 1892 3569 3295
3 5022 3295 1341
3 1417 6897 1341
3 1341 6897 2508
3 3193 529 2508
3 529 2695 2508
3 3193 3649 4153
3 4153 3649 663
3 4153 663 3817
3 3817 663 2099
3 3649 3389 663
3 663 3389 2099
3 2099 3389 4083
3 1606 3817 6637
3 7779 3817 6786
3 6786 3817 2099
3 6786 2099 1196
3 1196 2099 3237
3 1196 3237 5933
3 5933 3237 7810
3 3237 2099 4083
3 4083 1202 3237
3 1202 6834 3237
3 1202 3829 6834
3 5229 3700 7751
3 3700 3287 7751
3 7751 3287 4541
3 6121 7751 1107
3 678 3852 7751
3 1107 7751 5527
3 3852 5527 7751
3 1785 1107 4437
3 1107 5527 4437
3 291 4437 192
3 291 192 1839
3 4724 291 7030
3 7030 1839 4729
3 3613 4249 2889
3 4844 3613 2889
3 6809 4249 7269
3 7269 4249 2870
3 7269 2870 497
3 2870 3613 4823
3 2870 5871 497
3 2630 5871 7709
3 2630 7709 7701
3 6205 5205 1508
3 5205 7471 4125
3 5205 4125 4515
3 3684 4125 5882
3 4515 6002 1323
3 5205 1323 6467
3 3147 2492 6467
3 395 2492 4349
3 1659 3868 5946
3 5946 6993 6465
3 6993 3868 4091
3 67 4091 358
3 1852 6979 6228
3 6228 6979 871
3 871 6979 1872
3 6979 1852 969
3 1852 5585 1673
3 5178 5195 6308
3 7194 6457 2124
3 2124 6457 2010
3 6438 7174 2507
3 7287 5900 4522
3 3960 3070 5035
3 3060 1554 577
3 6804 3060 6664
3 3060 577 6668
3 6000 6668 5194
3 6668 577 5064
3 6000 6574 4367
3 840 4901 4367
3 5317 4901 6985
3 4901 840 4201
3 4901 4201 1412
3 1412 4201 7542
3 5778 7542 280
3 2298 1837 7047
3 5094 5347 698
3 2298 1422 4341
3 6055 4341 4688
3 1422 1095 4341
3 4341 1095 3795
3 4341 3795 4688
3 4688 3795 5435
3 6398 1996 1095
3 7430 5312 5496
3 2698 4853 3453
3 5496 7656 4163
3 4163 7656 5180
3 5514 2716 4050
3 2716 5514 3346
3 3788 7123 296
3 2514 296 7123
3 6623 296 2514
3 296 3983 3788
3 3983 4518 3788
3 3788 4518 2325
3 2325 4618 7352
3 4618 3774 7061
3 4618 5772 7352
3 5772 2754 5891
3 5772 5891 2681
3 7071 21 4799
3 808 2733 4799
3 7386 6566 1127
3 7071 1127 1544
3 1127 6566 3989
3 1127 3989 1544
3 6566 1432 3989
3 7683 3381 3731
3 3731 4934 7683
3 920 6297 1931
3 6297 920 2971
3 3713 2971 1959
3 5132 471 920
3 2971 920 471
3 471 6609 2971
3 6609 1959 2971
3 5132 4181 1720
3 4099 2347 56
3 4099 56 1720
3 6609 2638 5449
3 2638 7748 5449
3 6218 6858 1359
3 1359 6858 6385
3 6858 6655 7304
3 7260 5649 4352
3 4352 5649 4104
3 1724 5649 1580
3 1724 1580 6656
3 7040 3452 1724
3 3452 4104 1724
3 4352 4104 2449
3 4104 3452 2277
3 2277 2449 4104
3 4440 7040 5697
3 7040 4440 7121
3 6683 7040 7121
3 7121 4440 7785
3 7785 4440 3427
3 7785 3427 6390
3 515 7785 6390
3 4452 3427 3876
3 4452 1371 84
3 84 1371 6202
3 84 6202 6390
3 2720 7413 4516
3 4516 7413 6441
3 4516 6441 6776
3 6776 6441 4869
3 4212 3488 6776
3 2865 3177 4212
3 3316 292 2865
3 3177 292 4748
3 3177 4748 3149
3 4748 4435 2785
3 3821 9 2827
3 5725 2827 1879
3 9 2159 1742
3 557 7385 4578
3 2406 4578 7385
3 4217 557 738
3 557 4578 738
3 2406 7385 2069
3 6474 7432 5101
3 7432 6474 413
3 7503 7432 958
3 413 958 7432
3 413 6474 4415
3 4415 6474 2598
3 4415 5443 649
3 646 4415 1609
3 5090 646 1609
3 2598 3728 4415
3 1609 4415 3728
3 3728 2893 4114
3 3207 2294 964
3 2294 2676 964
3 2676 6879 964
3 3815 3717 3064
3 3717 6560 3064
3 6560 3297 3291
3 6335 5190 3199
3 6335 3199 70
3 70 3199 6729
3 5190 1018 6828
3 1018 1633 6828
3 6828 1633 5862
3 1175 5862 2928
3 5190 337 3199
3 3199 337 2899
3 3199 2899 6729
3 6101 3181 6560
3 3064 6560 3181
3 3181 2211 6294
3 6294 1342 3871
3 3871 4796 627
3 627 4796 3345
3 627 2830 626
3 7184 3345 3100
3 6732 4798 5057
3 6725 1058 1635
3 1635 1058 3033
3 1635 3033 5176
3 1058 4708 3033
3 4430 2909 2429
3 2909 1203 2429
3 1203 2246 3195
3 3195 2246 1862
3 2246 6662 5154
3 6662 4430 1524
3 6662 1524 5154
3 4198 5154 6387
3 7399 7658 2151
3 4141 3966 5860
3 6647 7506 5121
3 4287 6647 5475
3 3101 5475 5797
3 5799 5085 5894
3 5388 2452 5919
3 6305 5799 5894
3 5894 6213 6305
3 7103 3971 6213
3 7353 3971 6945
3 3971 3115 6945
3 1888 7431 6945
3 3376 3115 478
3 5907 1628 7431
3 218 6442 1887
3 218 1887 7256
3 7256 1887 5398
3 1887 1060 5398
3 5398 1060 5077
3 5398 5077 3133
3 5398 350 5735
3 5398 5735 7256
3 350 3935 5735
3 7169 3133 3426
3 5735 3935 4971
3 5735 4971 5200
3 5631 1648 4301
3 6442 6638 1710
3 1710 6638 3897
3 6638 4701 7745
3 4701 7589 7745
3 6755 1714 4701
3 7589 4701 1714
3 7589 1714 423
3 2542 3413 5470
3 3413 5897 5470
3 5470 5897 532
3 3081 1856 5897
3 532 3739 5626
3 5081 5280 4511
3 3739 1856 5280
3 5280 1856 5829
3 5280 5829 4511
3 4511 5829 6111
3 7179 2902 6132
3 6111 6132 2418
3 2418 2902 3352
3 7179 2917 7618
3 7618 2917 4977
3 4977 5864 4373
3 5864 998 7421
3 2858 4834 383
3 4834 7626 383
3 440 4757 7421
3 4678 7421 4757
3 4757 440 4871
3 2500 7420 4871
3 556 4871 7420
3 5876 6931 5519
3 2500 6931 7420
3 5519 3090 5876
3 6961 6651 2398
3 2289 1779 6651
3 1779 5042 6651
3 5089 1114 5054
3 1114 4685 3274
3 2734 3274 5556
3 5054 2734 1912
3 1912 4642 5054
3 4261 1912 2734
3 4261 2734 496
3 496 940 4261
3 940 496 4214
3 5433 5556 1226
3 57 2209 6618
3 57 2982 2209
3 1485 2982 57
3 1485 2944 2982
3 1485 5114 5369
3 5369 2944 1485
3 2982 1501 319
3 319 1501 4495
3 4495 1501 5526
3 5526 1263 4768
3 1263 4960 3273
3 3273 4960 1161
3 1161 4264 3273
3 1161 4960 5369
3 5369 5114 1161
3 4264 3029 7183
3 3273 1824 476
3 5234 2533 3950
3 7219 4876 132
3 4876 7330 132
3 132 7330 3950
3 4876 6321 7437
3 2138 4791 6043
3 7151 4508 2967
3 2967 739 7151
3 739 2967 7828
3 1832 7828 2967
3 5129 7828 1832
3 7238 4079 522
3 522 4079 1180
3 522 1180 4539
3 4539 1180 4270
3 7438 7597 4539
3 4270 1232 3461
3 1232 6411 3461
3 7438 782 7758
3 7438 6411 782
3 7758 7110 6541
3 6541 1458 7758
3 1458 6541 1750
3 256 5821 2647
3 5821 6251 4064
3 513 6516 7545
3 978 6251 6671
3 6516 978 6610
3 6516 6610 7545
3 7545 6610 1885
3 978 6671 6610
3 1885 6610 356
3 5937 4568 6610
3 6610 4568 4451
3 6610 4451 356
3 356 4451 3261
3 3261 4451 2113
3 4332 3309 1943
3 5259 7210 847
3 5836 7532 2208
3 2424 1169 5836
3 4697 5836 1169
3 4697 3483 6130
3 7290 2553 6010
3 2889 6130 3483
3 6809 3504 3881
3 3504 7587 3881
3 1905 1372 7269
3 3504 7269 1372
3 1372 1905 6629
3 3351 6629 7679
3 482 7679 6629
3 2040 7820 3962
3 1508 18 7820
3 18 264 6813
3 306 264 6467
3 306 6467 395
3 5593 306 5946
3 306 4349 5946
3 5593 33 1275
3 33 5946 6465
3 2212 4237 3915
3 3915 2478 2212
3 3915 871 2478
3 2212 2478 4072
3 4072 2478 549
3 3581 520 549
3 5133 549 520
3 4499 3581 873
3 873 6308 4499
3 1872 873 3581
3 520 4499 3734
3 7464 6308 2010
3 2010 6457 7464
3 5195 2010 6308
3 7174 1183 6375
3 2660 6438 4118
3 1534 1749 3156
3 1749 5616 4308
3 4308 1652 1749
3 7687 1749 1652
3 5616 144 4308
3 1214 907 5616
3 5414 5616 907
3 5414 5778 280
3 144 5414 3681
3 280 7804 4472
3 6614 7804 1402
3 5094 7804 5347
3 884 698 3139
3 3139 1933 4976
3 5435 7241 4688
3 4976 1933 4710
3 4976 4038 1156
3 4038 4496 1156
3 1156 4496 3235
3 3235 54 4664
3 3235 4664 3369
3 54 4496 6800
3 4496 5367 6800
3 5367 3106 1416
3 4050 1416 3106
3 1416 5701 5367
3 2253 5701 1416
3 5701 7102 5303
3 7102 5701 7654
3 7807 6641 7352
3 6641 3788 7352
3 6857 2253 752
3 2681 5189 5772
3 2988 3784 6326
3 5189 2681 7631
3 3762 3066 5285
3 3066 3762 1569
3 6595 1569 1509
3 1569 3161 102
3 1569 102 1509
3 3161 6561 102
3 1509 102 1351
3 6561 7071 7750
3 1544 1916 7071
3 3762 7071 3161
3 1544 2327 1916
3 7486 2327 6795
3 4934 1931 944
3 6795 4602 7486
3 657 3713 4602
3 5025 7819 1764
3 5025 1959 5449
3 1959 6609 5449
3 5025 5449 7748
3 7748 3667 6385
3 7748 6385 5741
3 5608 6385 258
3 258 3159 5608
3 3159 258 2308
3 2308 6858 2177
3 2177 3159 2308
3 4842 3401 2177
3 4267 2177 3401
3 5913 4267 3401
3 3401 4842 1597
3 7304 7260 4842
3 4444 4842 7260
3 7260 4352 4444
3 4656 6778 4444
3 1597 4444 6778
3 6778 4656 3431
3 1094 6778 4381
3 3431 4381 6778
3 3431 4656 2449
3 3431 2449 7373
3 7373 3092 1069
3 1069 3092 6194
3 6677 7059 1687
3 1687 3460 6677
3 515 6910 7785
3 6910 2851 6114
3 6114 2851 807
3 3711 807 2851
3 3711 6776 2572
3 2572 1346 807
3 1346 1526 807
3 1526 4077 294
3 4386 294 4077
3 294 4386 7014
3 4386 3149 1388
3 7014 4386 1388
3 294 1583 1526
3 43 6114 7063
3 43 7063 2711
3 2751 7063 1037
3 7063 7014 2869
3 2869 1037 7063
3 2869 4700 1037
3 2785 2869 7014
3 4700 2869 4228
3 2751 4190 4081
3 4700 4228 4190
3 4190 4228 4897
3 4462 6116 1658
3 7476 1658 6597
3 1658 2273 6597
3 6116 4085 5188
3 4085 4897 5725
3 5188 4085 4739
3 5188 4739 3757
3 2224 4739 2384
3 1879 2384 4739
3 2224 2384 6563
3 4217 3621 4329
3 738 5512 4112
3 4347 7432 7503
3 5883 2849 6295
3 7208 2388 5512
3 7503 958 120
3 1910 958 6497
3 6497 7167 1910
3 3454 3068 4245
3 7167 4245 6932
3 3455 6155 3068
3 6155 3455 2830
3 6155 721 7184
3 4461 740 4528
3 4461 5368 740
3 2444 2699 4461
3 2699 2444 158
3 2699 158 7531
3 2444 6433 158
3 158 6433 7531
3 6433 2451 7531
3 72 2451 6433
3 6725 1635 6433
3 6433 1635 555
3 6433 6579 465
3 465 6579 3500
3 6579 4975 3500
3 2945 2559 3195
3 1203 3195 2559
3 3195 1556 2945
3 297 2292 2945
3 2945 2292 4832
3 2559 2945 4832
3 1185 3597 7559
3 5705 3597 7087
3 1862 2979 1556
3 3597 1556 2979
3 2979 7087 3597
3 2044 7400 5121
3 7506 377 4374
3 377 5819 2037
3 5819 617 4315
3 4315 617 5388
3 4315 5693 2037
3 5693 2026 7520
3 846 2026 5919
3 5919 4147 846
3 846 4147 7495
3 7353 1867 7495
3 3906 7495 4274
3 1867 6299 7495
3 6638 4024 6299
3 7735 7589 4331
3 5425 2542 5470
3 753 4433 6069
3 5280 3323 5626
3 5280 5081 4070
3 2418 6358 6111
3 6358 4511 6111
3 6358 2418 3352
3 7496 3352 602
3 6088 4449 7618
3 2323 4373 5864
3 7496 5152 5257
3 5152 2323 7421
3 7421 4678 5152
3 1889 7096 4678
3 5257 4678 7096
3 7096 3314 5257
3 3314 7096 7072
3 7096 1889 7600
3 556 7600 4757
3 556 6418 7600
3 7738 5518 5271
3 6418 1493 5978
3 6418 7420 1493
3 138 5978 2315
3 6032 5978 5499
3 3867 6032 2398
3 6032 3867 5042
3 5042 5089 6032
3 2315 5089 4642
3 5089 2315 5978
3 4642 1912 6521
3 6521 1912 4261
3 4377 4261 940
3 5613 4377 5003
3 1077 6760 5998
3 1077 1438 6760
3 1077 5453 6625
3 5453 4214 5071
3 7872 2504 3635
3 3635 2504 5606
3 2504 4768 3502
3 2504 3502 5606
3 5606 3502 5837
3 3502 4768 476
3 4768 4495 5526
3 5837 2435 5606
3 5837 2533 5234
3 3241 6354 7852
3 6354 2138 293
3 2138 7151 293
3 6354 293 3430
3 5578 3430 4906
3 3430 739 5880
3 4906 3430 5880
3 5880 7828 5459
3 7828 5129 6353
3 2955 6353 7238
3 6144 2942 2955
3 2405 2942 4938
3 6144 3828 5981
3 7597 3828 1280
3 1302 7597 7641
3 3734 1302 7641
3 7438 7758 3583
3 355 7758 1458
3 355 1458 3552
3 7641 355 5133
3 3552 5133 355
3 4280 5715 256
3 1750 256 5715
3 4280 7450 5715
3 3552 5715 2212
3 3552 2212 4072
3 4072 549 5133
3 5060 3955 6731
3 7641 5133 1776
3 1302 3734 4889
3 6144 6271 1782
3 4938 7868 2405
3 1183 3834 2713
3 3834 3412 2713
3 6532 2782 3412
3 7298 2782 2071
3 6389 1437 7155
3 6389 7155 576
3 576 7155 4286
3 272 1437 1895
3 272 1895 5138
3 5138 1895 5550
3 5550 2660 2781
3 2781 5138 5550
3 2781 4118 2722
3 3622 1749 7687
3 3112 7687 2513
3 7687 5964 2513
3 1652 6950 7687
3 4005 7687 6950
3 6283 4308 144
3 6950 6283 2341
3 6283 2791 2341
3 363 6614 1402
3 363 6819 4888
3 6819 1402 5094
3 1402 7804 5094
3 4892 884 2385
3 4892 2385 7199
3 6082 3235 3369
3 3369 1938 6082
3 1653 3369 229
3 3756 3007 5831
3 3299 2810 6800
3 2260 3299 5822
3 6877 2260 712
3 5822 712 2260
3 712 5822 6693
3 712 6693 5174
3 7254 4328 5822
3 1611 7254 5303
3 1611 5303 7102
3 700 2448 3624
3 4993 7654 6875
3 4993 6875 6639
3 2988 1664 3784
3 2028 435 1844
3 5285 7022 1844
3 7022 3066 6595
3 1045 4626 4105
3 559 4411 1351
3 559 1351 770
3 770 1351 5524
3 770 2817 4105
3 4105 2817 3776
3 7838 1679 5524
3 1679 3688 6633
3 1679 6633 7819
3 2814 4266 6843
3 4266 5741 3440
3 4266 3440 6843
3 5741 1125 6594
3 5608 3159 271
3 271 3159 891
3 1545 271 891
3 891 3159 3370
3 3117 3159 2177
3 3117 2177 4267
3 3672 1094 7216
3 3672 6778 1094
3 7216 3663 145
3 3663 2934 145
3 2934 953 4526
3 953 4381 195
3 953 195 4526
3 4526 195 2968
3 195 4381 3431
3 6194 1182 3388
3 403 145 2934
3 145 403 728
3 1013 728 403
3 3388 1069 6194
3 304 3318 7381
3 691 6194 2166
3 3318 2166 776
3 3318 776 7381
3 7381 776 276
3 276 776 5811
3 2166 6194 6084
3 1195 5088 7601
3 5719 7089 7340
3 7089 6519 6677
3 7340 6677 1243
3 6677 3460 1243
3 5719 4081 4462
3 7476 7164 2816
3 7476 5655 7164
3 4633 7378 5655
3 7164 5655 7378
3 5342 2273 7602
3 2273 2083 7602
3 7602 5262 6894
3 2073 7602 6894
3 5262 1754 3974
3 7753 3974 1754
3 6894 5262 3974
3 7753 1754 6447
3 2224 1600 6480
3 3366 3494 3621
3 1948 3621 3494
3 1948 3494 6894
3 6894 3494 2073
3 3366 2388 2198
3 2198 63 7310
3 5883 6295 1619
3 6716 1619 6260
3 2251 6295 7208
3 6932 51 3473
3 3473 51 6260
3 51 6932 5368
3 51 5368 4203
3 4203 7343 6260
3 7343 2699 7531
3 6260 7343 6716
3 7343 7531 6097
3 6097 7531 6570
3 7531 2451 6570
3 2451 2896 6570
3 35 2633 5662
3 4832 2633 3500
3 3500 2633 4262
3 2896 2451 4262
3 35 5662 4060
3 1674 5800 4310
3 5800 6611 4310
3 5800 7784 6611
3 1674 4848 3073
3 2292 7559 4848
3 4848 7559 7708
3 5705 6377 7559
3 5562 6377 7087
3 4138 7087 1070
3 6811 7869 4138
3 4138 2037 6811
3 7869 6811 5603
3 5580 5603 6811
3 5580 6811 5938
3 6811 7418 5938
3 7418 4524 4363
3 7520 6733 4363
3 7674 6733 4884
3 7674 4884 4175
3 7674 4175 1726
3 4884 784 4175
3 4175 784 3754
3 4024 921 6299
3 1726 4175 53
3 3456 1726 5675
3 53 5675 1726
3 3456 5675 4730
3 4730 5675 7735
3 6599 4730 4509
3 4730 184 5425
3 4730 5425 4509
3 6599 4509 3153
3 2527 4509 7669
3 2527 7669 1657
3 1657 7669 5921
3 5425 753 7669
3 6069 5921 7669
3 6069 5062 5921
3 3911 2192 5062
3 3911 6533 2192
3 3911 6177 3266
3 3323 4070 4961
3 4389 4961 7262
3 4070 5081 6358
3 4070 2897 6568
3 4074 5536 5757
3 5570 6358 3352
3 3103 5570 1976
3 5570 7496 1976
3 4939 1976 7496
3 7496 5257 4939
3 4939 7011 1976
3 1976 7011 3103
3 4232 7572 1332
3 7072 7096 7286
3 7072 7286 7572
3 7096 7600 7286
3 7572 3752 3693
3 5518 3053 3752
3 3752 3053 7120
3 3693 3752 7120
3 1669 3053 6306
3 3053 7738 6306
3 2562 1669 1871
3 1871 2807 4108
3 4108 2562 1871
3 2807 6616 4108
3 2807 6306 7361
3 6521 1594 6048
3 6743 5613 7361
3 6760 4123 5003
3 5003 4123 308
3 2387 2464 4123
3 3185 2387 2050
3 2387 1438 2050
3 2050 1438 4669
3 4669 1438 6625
3 2050 4669 1212
3 1071 4669 2774
3 1071 2774 6626
3 4669 6625 2774
3 6626 2774 3635
3 1071 6626 7830
3 1071 7830 6923
3 1913 6626 4152
3 6626 5606 4152
3 6266 6311 1913
3 6311 6266 3506
3 2435 3506 6266
3 2435 5234 3506
3 3664 455 7330
3 1733 7330 455
3 455 3664 5302
3 5302 7070 455
3 5885 4868 4130
3 4868 4049 141
3 4868 141 4130
3 4049 5769 2370
3 4421 7558 3533
3 5578 3102 7558
3 3102 3449 7558
3 4906 3102 5578
3 3449 3102 5950
3 4906 5880 4311
3 4042 7533 5748
3 4042 5748 6969
3 5748 2035 5276
3 6113 4269 7856
3 3125 6731 6389
3 6113 3125 1442
3 3125 1688 49
3 49 1688 2894
3 6389 576 1688
3 5008 1688 576
3 2894 5008 222
3 2302 222 5008
3 908 4286 5375
3 2205 7155 272
3 7155 1437 272
3 2513 5138 3112
3 5138 2513 2205
3 2455 5964 3373
3 6452 550 3555
3 4867 3555 7513
3 7513 5905 4888
3 7513 5305 3909
3 4888 4195 5305
3 3909 5305 4987
3 3847 4195 6819
3 3847 1424 3026
3 1424 7199 3026
3 3026 7199 1840
3 3026 1840 4883
3 4883 1840 5745
3 7199 4571 5168
3 4571 7199 1805
3 1805 7199 1938
3 1653 3007 1805
3 569 1805 3007
3 569 3007 3756
3 3451 569 3756
3 3756 5831 3826
3 3756 3826 4801
3 712 5174 6877
3 5174 6693 5465
3 5822 1415 6693
3 6693 1415 1340
3 1415 5172 1230
3 167 7544 700
3 167 3624 5970
3 5970 3624 5670
3 5670 3624 1367
3 1367 3624 7308
3 6639 7308 4993
3 7308 6639 5960
3 1410 5304 7122
3 6906 5960 435
3 2028 1258 4279
3 4279 1258 4466
3 1258 6374 4466
3 4466 1984 1003
3 1003 2190 4466
3 1003 2472 2190
3 7522 1563 4297
3 5320 2586 1845
3 5572 7245 2025
3 7022 7245 467
3 2025 7245 6595
3 5572 2025 4626
3 5572 4626 1045
3 2856 4698 1845
3 2856 242 4698
3 2145 1480 6105
3 4105 3776 4172
3 2817 6843 3776
3 6843 5524 2814
3 3942 2666 5545
3 3942 3440 2666
3 1401 6180 1758
3 1758 6180 1713
3 1758 1713 460
3 3933 2479 1545
3 1401 7698 6180
3 6180 7698 2479
3 6180 4950 7752
3 7752 3933 6720
3 6881 6927 6186
3 6186 304 6881
3 6881 304 3032
3 3045 3032 1262
3 1262 6720 3045
3 1262 1078 6720
3 7601 6889 737
3 7601 1198 140
3 140 1198 2892
3 1198 7164 5170
3 5170 2892 1198
3 5343 7378 815
3 815 6404 5343
3 815 3182 3954
3 6404 815 1261
3 3954 1261 815
3 6200 7784 3954
3 3003 2274 6200
3 6415 1599 3143
3 1599 1355 3143
3 6235 2590 3678
3 7310 3678 2590
3 6235 5342 7602
3 2590 7602 2073
3 5117 6716 3251
3 3143 1434 5729
3 5729 3251 2356
3 4564 6415 5729
3 3143 5729 6415
3 4564 4060 1727
3 4752 6570 4060
3 4564 1727 7784
3 7784 1880 1261
3 1261 1880 5782
3 3383 5717 1795
3 352 3383 1795
3 7008 6377 5421
3 5421 6377 2312
3 2312 6377 5562
3 2312 5562 2867
3 2867 5562 6431
3 2867 7270 2312
3 2312 7270 4636
3 2312 4636 5421
3 7270 2867 4438
3 4438 2867 7754
3 6431 7869 5603
3 7418 1137 3409
3 3409 7674 3604
3 4458 6239 3409
3 4458 672 6239
3 1926 6239 672
3 3604 6928 4458
3 5373 6928 7612
3 5373 7612 2753
3 2753 7612 7002
3 6604 1504 2753
3 1504 4443 1762
3 6604 7002 3941
3 5921 1055 1657
3 1657 1055 7341
3 7341 1055 3709
3 1055 3707 3238
3 1055 3238 3709
3 3707 6533 3238
3 3238 6533 2719
3 2719 6533 7551
3 6080 1692 1699
3 6316 3798 3298
3 474 3298 3798
3 5853 5039 474
3 3298 474 5039
3 5853 2931 1135
3 2162 1135 5260
3 2931 4389 7262
3 2931 1699 4389
3 6568 2897 3255
3 4074 6673 1841
3 4641 5430 5010
3 7734 5430 4590
3 4641 4232 2459
3 5430 2180 7160
3 2459 1332 3902
3 1332 7572 7150
3 7120 1836 3693
3 7150 579 3753
3 7150 3753 4016
3 579 4953 3753
3 3753 4953 4111
3 4953 7301 4111
3 7301 1085 7120
3 7301 7120 4256
3 1085 1836 7120
3 4256 4108 3689
3 7160 4111 7301
3 4991 2834 6616
3 6616 2834 3689
3 3689 2834 4590
3 2834 3546 4590
3 4111 7160 2180
3 7734 3546 6489
3 3546 3690 6489
3 6489 3690 2328
3 2328 3690 6217
3 5520 4120 308
3 4120 5613 308
3 308 5613 5003
3 308 2464 5520
3 5520 2940 4581
3 5520 4581 7470
3 1651 6193 4102
3 6379 2464 6193
3 6193 3185 4102
3 3185 2050 4102
3 7555 1651 4102
3 220 7555 4657
3 7555 4102 85
3 7555 85 4657
3 4657 85 3963
3 220 224 7555
3 7555 224 6992
3 106 1254 4299
3 4299 1254 4130
3 1254 4759 4130
3 4130 4759 5885
3 4868 5885 7830
3 4868 7830 5302
3 4759 3963 5885
3 5885 3963 6923
3 5885 6923 7830
3 7830 6311 7070
3 7070 5302 7830
3 4299 4612 6179
3 6179 4612 811
3 7274 3449 4683
3 3449 5950 4683
3 3365 7516 2206
3 7119 7516 893
3 6969 7119 4042
3 893 4042 7119
3 6578 7298 2027
3 6578 2874 4964
3 1444 4964 4269
3 4964 1444 5055
3 5663 5055 1444
3 5663 5126 3670
3 4269 6113 6779
3 4514 4177 928
3 4177 1442 2662
3 2662 1442 49
3 2662 49 4761
3 4761 49 2894
3 4761 7376 2662
3 6468 3623 3842
3 7376 3568 7662
3 3582 7662 7689
3 3568 5763 7662
3 222 2302 5763
3 3337 6452 3656
3 3656 2793 1194
3 6033 1194 7689
3 5224 4019 4396
3 3895 5110 4019
3 5110 3895 7088
3 7088 1994 5110
3 7088 3895 5745
3 4497 1488 4947
3 4947 5758 7620
3 5465 5758 5174
3 1549 5250 7620
3 7620 5250 2326
3 6029 104 539
3 539 104 223
3 104 1549 142
3 104 142 223
3 223 142 1340
3 1549 7620 142
3 1340 142 6693
3 223 4666 539
3 6029 539 5036
3 317 4666 223
3 317 223 6922
3 6922 5604 317
3 223 1340 6922
3 6951 6922 170
3 6922 6951 5604
3 967 6951 986
3 967 986 6780
3 986 6951 1188
3 170 5970 6951
3 1188 6951 5970
3 986 3677 6780
3 4795 5395 4419
3 6995 3215 4419
3 6780 4419 3215
3 7350 6995 5761
3 6995 7108 5761
3 7108 6995 5395
3 7108 5395 6276
3 7122 7108 6276
3 2190 3601 3883
3 6051 2866 1953
3 78 4643 2866
3 4643 863 1304
3 1304 863 4488
3 4488 4297 5498
3 4488 5498 6284
3 5498 5320 2086
3 1845 2850 5320
3 5320 2850 2086
3 5498 2086 4811
3 473 4698 1480
3 473 1480 2145
3 3188 6355 477
3 6355 2145 6105
3 6355 6105 477
3 477 6105 979
3 5694 6105 1480
3 1480 4915 5694
3 3589 5694 4915
3 2487 7203 6917
3 7203 2487 2528
3 5037 1932 5983
3 5037 5323 3812
3 460 5509 5323
3 5323 5509 6965
3 5323 6965 1572
3 1572 6965 2515
3 6630 720 241
3 241 5509 6180
3 6630 7752 983
3 7752 1078 4866
3 7752 4866 983
3 4589 1078 1262
3 4589 1262 4583
3 4866 4589 2469
3 2469 5718 4866
3 311 7546 4589
3 311 3658 7546
3 7546 6889 6150
3 4645 1303 6150
3 6150 1303 6911
3 5170 5299 6460
3 5170 7378 5299
3 6404 5782 2712
3 5782 1880 7444
3 7444 1880 5354
3 1880 5800 5354
3 5354 5800 3073
3 5354 3073 3746
3 3073 7708 3746
3 3746 7708 3383
3 3746 3383 7045
3 7045 3383 352
3 7045 5402 7444
3 130 1795 5311
3 5311 1795 5717
3 1853 5717 7008
3 6612 7008 5421
3 2016 7322 4636
3 2016 6473 7322
3 2016 7270 643
3 643 364 1021
3 7442 1021 4422
3 364 780 1021
3 1021 780 6942
3 1021 6942 4422
3 7573 854 7681
3 2094 470 854
3 7681 7754 872
3 449 1926 7827
3 7827 5638 1762
3 7827 672 2571
3 2571 4458 6928
3 1500 7827 4443
3 4443 6057 1500
3 1084 1500 680
3 1084 680 5642
3 2425 5642 680
3 7341 3709 7481
3 3709 4684 7481
3 1971 2719 4913
3 2719 7551 4913
3 6080 6316 7145
3 664 4650 7365
3 664 7365 1452
3 7365 483 1909
3 1909 483 5039
3 1909 5039 2162
3 1909 4587 2526
3 2526 4587 333
3 2526 333 6673
3 6673 333 1841
3 3255 5153 6568
3 5260 5153 4587
3 6673 6278 2526
3 6278 165 3497
3 165 7734 2229
3 7198 2229 6489
3 7198 6489 5660
3 2229 7198 1171
3 2229 1171 3497
3 7198 5911 1171
3 1171 5911 6976
3 5911 7198 3406
3 402 7198 5660
3 5660 7762 402
3 6399 7762 6102
3 6399 2918 7762
3 5615 7361 7826
3 7826 7470 7521
3 7521 5161 6102
3 1172 3720 4082
3 3720 1173 4082
3 1173 1557 136
3 1557 5845 2913
3 1981 2296 7700
3 1981 7700 5909
3 6059 7700 1108
3 5009 6059 4617
3 2730 4785 7408
3 2730 1108 2102
3 1705 931 15
3 1705 15 1651
3 6992 1705 7555
3 772 1729 4824
3 4824 6930 1978
3 6992 224 1729
3 1257 1729 224
3 1729 1257 6179
3 6528 6941 2688
3 2688 6941 4258
3 4683 7557 1968
3 7557 4683 119
3 4683 5950 119
3 1100 7516 3365
3 7557 3958 7640
3 7851 1100 7640
3 7640 1100 4169
3 1100 246 4169
3 4169 246 7715
3 5187 246 6895
3 6895 2823 5187
3 6895 6669 2823
3 2919 861 6578
3 2919 5055 2454
3 5204 2454 2309
3 5204 2309 6669
3 5663 3670 2309
3 2309 3670 6336
3 3670 4514 6336
3 6336 4514 6807
3 6807 4514 6468
3 2309 6336 6669
3 2394 6336 6807
3 6807 6468 4830
3 4873 6037 4830
3 4830 6037 353
3 4873 3842 4134
3 4134 3842 2045
3 3842 3623 5724
3 8 2609 7662
3 5854 8 5531
3 5531 3252 5854
3 7777 5531 6285
3 7777 6285 2678
3 5531 3582 949
3 5825 949 6586
3 3582 7689 949
3 949 7689 1970
3 949 1970 6586
3 1281 6586 3551
3 4396 7163 1248
3 7163 4019 5110
3 7163 1266 6926
3 1266 671 6926
3 671 7625 6620
3 463 6620 2790
3 2017 7625 6598
3 6131 6598 7625
3 4497 2326 6131
3 6131 2326 7038
3 5250 6029 168
3 6029 5036 902
3 5036 3050 1717
3 3050 4666 2139
3 3050 3393 857
3 2475 5604 6951
3 2475 6951 967
3 607 967 6780
3 967 607 7760
3 967 7760 2475
3 607 450 7760
3 7760 450 7350
3 3215 7350 450
3 6679 1448 1565
3 1448 1192 1565
3 7023 4862 5451
3 7023 5761 3091
3 3883 3091 7122
3 3588 2846 6272
3 5030 6272 2846
3 6272 5030 4637
3 5768 4637 5030
3 1953 980 5768
3 5768 980 5952
3 980 7165 5952
3 7165 6477 5952
3 6477 7165 5653
3 4643 1304 7056
3 7577 1087 6284
3 4488 6284 1087
3 2850 6498 4811
3 6643 4580 6981
3 1772 1042 4580
3 6643 6823 2765
3 3526 2953 7091
3 3526 2771 6160
3 6160 3188 477
3 3526 6105 2953
3 2953 6105 5694
3 7091 1042 1772
3 1876 605 4540
3 7203 4540 605
3 3812 1940 5037
3 3812 6836 1940
3 2528 1940 6836
3 6836 4839 7811
3 7811 4839 2171
3 2171 4839 6313
3 6215 3459 135
3 4839 3812 3459
3 135 3459 5323
3 7487 6215 6848
3 7487 6848 6408
3 4434 6848 5826
3 5826 4721 5473
3 5826 5473 5504
3 5504 5473 3340
3 5718 176 3364
3 2651 3364 176
3 176 5718 1744
3 4148 176 1744
3 6150 2886 7546
3 6741 6911 4265
3 4265 5621 6741
3 4265 6394 3557
3 6911 4840 6394
3 6911 6460 4840
3 3584 4840 6460
3 3584 6851 4840
3 7010 2789 6430
3 2465 3584 6127
3 2465 6127 6159
3 3584 5299 6127
3 6159 6127 5343
3 2712 7444 6890
3 3136 3611 820
3 820 3611 7655
3 7655 892 7581
3 7581 892 7583
3 397 7322 3148
3 7322 6473 3148
3 4422 7054 3848
3 7507 7782 1024
3 1207 4870 4022
3 7140 7396 6674
3 4022 6674 451
3 289 7396 6703
3 3799 1165 6007
3 3799 7530 6707
3 4244 7129 449
3 5672 4244 5915
3 4244 7515 5915
3 4244 7827 7515
3 2425 2349 5642
3 7576 3758 7012
3 1972 1030 2197
3 4029 1971 4913
3 4913 6685 4029
3 6685 6650 2197
3 6650 6685 3654
3 6685 5391 3654
3 3654 5391 3049
3 4948 6974 3899
3 3899 517 1601
3 517 3049 1601
3 7499 1354 3899
3 4948 3899 1354
3 7499 1601 2843
3 2135 6479 2597
3 6479 4650 3530
3 3530 4650 664
3 6976 932 3497
3 664 6278 932
3 932 6278 3497
3 6520 7599 2135
3 6520 2135 2597
3 6997 4986 7599
3 7525 5052 5995
3 3406 7595 5995
3 75 2281 402
3 75 7762 1170
3 6663 2447 6696
3 6324 10 2913
3 6324 2913 6696
3 6696 2913 2966
3 3892 4478 3804
3 3892 3804 2023
3 4617 4478 1800
3 5909 4478 5845
3 5843 2066 249
3 2066 4617 5752
3 249 2066 225
3 6059 7408 5752
3 5752 7408 1539
3 7408 4785 6535
3 6535 4785 6700
3 1835 6535 5223
3 6334 5223 7772
3 7772 6700 6528
3 6528 2688 7772
3 2688 4258 2020
3 2020 4258 2926
3 2020 2926 3832
3 3832 2926 5827
3 7557 2926 1968
3 7557 5827 2926
3 7640 4169 3959
3 4184 3959 4169
3 3959 4184 5348
3 1738 4184 5457
3 5457 4184 7715
3 7715 5716 5457
3 7715 7200 5716
3 5187 2823 7200
3 4989 7200 2823
3 6891 4989 5177
3 6891 5177 2394
3 6336 2394 5177
3 6891 3889 4989
3 1027 3866 323
3 3889 353 5366
3 1027 895 1016
3 1027 1016 5716
3 895 4646 1016
3 1016 4646 5790
3 1016 5790 4827
3 4827 5790 6924
3 5790 4646 1510
3 5219 2706 1164
3 4646 943 1510
3 1510 943 1177
3 1510 1177 1433
3 1433 1177 837
3 1433 837 6754
3 427 5079 943
3 5079 1177 943
3 427 3866 5079
3 1630 4134 4317
3 6709 1630 4317
3 4317 4134 2045
3 2045 5854 4317
3 5428 7777 2678
3 5428 3024 7005
3 3024 6285 6926
3 7005 463 3893
3 7005 3893 836
3 836 3893 7617
3 7617 7360 5809
3 7360 3217 1246
3 1246 372 7360
3 1737 7360 372
3 3217 2852 6410
3 6598 6410 2017
3 6598 2339 7223
3 6410 6598 7223
3 2339 4253 7223
3 7223 4253 245
3 245 4253 6451
3 6451 4253 3781
3 7038 168 4253
3 3781 4253 168
3 168 6029 3781
3 7177 6366 5208
3 2475 1672 7134
3 7760 6679 1672
3 6679 1565 3618
3 237 3618 3418
3 3418 5658 3857
3 4862 3608 5451
3 3608 4862 7326
3 2846 3608 7326
3 3588 5378 4995
3 4995 5378 2207
3 7333 4995 2903
3 1574 7333 2903
3 5378 5040 2207
3 2343 2207 5040
3 2343 5040 1721
3 2422 2343 1721
3 5040 5378 6272
3 1721 3035 3619
3 3035 4637 4469
3 5131 4469 1541
3 6477 3151 4071
3 5653 2055 955
3 2055 7056 7609
3 4298 162 7577
3 7577 162 7609
3 7811 1538 6498
3 6498 6096 7811
3 6968 1876 6096
3 7811 6096 1876
3 2171 6313 162
3 6313 6163 5209
3 5447 2364 3600
3 4815 3600 2364
3 6408 6848 4434
3 4434 422 4851
3 3175 4851 7073
3 5925 5385 5082
3 3324 5504 3340
3 3340 2651 3324
3 5621 3324 2651
3 2651 176 4148
3 6074 6209 456
3 511 6394 2471
3 2471 5848 511
3 3174 511 5848
3 6209 3174 1391
3 5848 6417 3174
3 6417 1391 3174
3 7549 185 6430
3 7549 6352 3379
3 6890 3379 6352
3 6890 5402 3379
3 1855 735 3379
3 735 1855 2726
3 150 2726 1855
3 1945 2726 150
3 1945 7050 2726
3 1945 1620 7050
3 1620 7581 6628
3 2531 7583 3148
3 7583 7834 397
3 7583 397 3148
3 2531 3148 1123
3 4339 37 1365
3 4339 1365 2595
3 7054 370 1365
3 370 7054 2361
3 2361 7027 370
3 2361 7054 6524
3 6524 7054 7507
3 862 6524 1024
3 3735 862 4782
3 862 1024 1207
3 5622 6710 2645
3 6584 2374 6710
3 2645 6710 2374
3 2374 7085 2645
3 3012 2645 7085
3 6584 451 6674
3 2916 4470 2880
3 2880 4470 4225
3 2880 4225 3609
3 4470 3268 3260
3 3260 3268 4847
3 286 2916 2617
3 286 289 6703
3 7707 6707 5258
3 503 6707 7530
3 7530 4949 503
3 503 4949 7125
3 503 7125 689
3 7125 5642 689
3 689 5642 3967
3 3967 5258 689
3 5258 3967 4304
3 3967 744 4304
3 2701 3996 1405
3 3996 1379 1405
3 7012 7475 2701
3 5884 2701 7475
3 7475 4886 5884
3 1972 4406 956
3 1972 956 4886
3 4406 2947 956
3 4886 956 5671
3 2947 4406 968
3 2197 5179 4406
3 5478 4406 5179
3 5179 7265 5478
3 6974 5776 6650
3 6974 588 5776
3 588 6974 4948
3 4948 4393 588
3 588 990 1201
3 990 6525 1201
3 1201 6525 4202
3 4068 6154 6525
3 4068 1454 6154
3 1454 1354 7499
3 6154 4202 6525
3 4986 6997 7740
3 6997 196 7740
3 7525 7595 968
3 196 7525 5478
3 1925 5099 7336
3 5942 4002 6139
3 7336 6139 6980
3 4002 6980 6139
3 7595 6980 4002
3 7595 6573 6980
3 6980 6573 6663
3 7837 6663 151
3 2966 3636 2227
3 7823 3636 5906
3 5843 249 2910
3 2910 249 1702
3 1702 2434 2910
3 5086 1702 249
3 2434 1702 5027
3 6327 5086 1570
3 7497 5086 225
3 7497 225 1539
3 1539 6535 7497
3 7497 1835 5247
3 6334 5247 5223
3 5247 6334 208
3 5247 208 6983
3 6334 3283 208
3 208 3283 6797
3 208 6797 3990
3 3283 7772 7032
3 3832 4630 4335
3 4630 5827 3959
3 3415 4439 2489
3 879 927 5744
3 927 389 5744
3 1983 5744 389
3 927 879 5348
3 927 5348 484
3 484 5348 6924
3 5338 6924 5790
3 5219 582 2706
3 4943 2592 4955
3 733 4955 2592
3 733 3603 270
3 733 270 4955
3 5020 837 1612
3 1612 837 1177
3 5063 6558 3645
3 5063 3645 2649
3 2649 3645 4030
3 3645 6558 5428
3 836 3645 7005
3 5428 7005 3645
3 836 7617 2015
3 5809 1737 7842
3 5193 7842 1737
3 5193 7690 7842
3 1846 7690 3002
3 5986 7690 5193
3 3002 7690 6839
3 3838 7223 3628
3 3067 3838 3628
3 3067 3628 6174
3 3628 245 6451
3 6451 6174 3628
3 2901 5217 941
3 5217 2901 6174
3 5087 174 5760
3 2149 5760 174
3 5760 2149 1287
3 941 5221 2149
3 7177 7490 673
3 7177 673 3386
3 7004 7863 7490
3 7004 2629 3317
3 2629 5208 3317
3 3857 3317 3418
3 3317 5208 1920
3 3317 1920 3418
3 3418 1920 237
3 7642 5074 1964
3 2903 5588 6424
3 6424 5588 1964
3 1964 5588 6542
3 7711 6255 4442
3 6255 751 4442
3 4442 751 5131
3 751 3619 5131
3 5131 4407 2905
3 2905 4407 5943
3 1541 6622 4407
3 982 6622 3269
3 6622 1541 2234
3 6622 2234 3151
3 3269 6622 3151
3 3637 1955 4084
3 7109 4084 1955
3 5653 1955 3637
3 5653 955 1955
3 7109 3719 856
3 7206 1536 7109
3 3719 7109 1536
3 1536 7206 2087
3 7206 955 7609
3 7609 955 2055
3 856 6572 7109
3 6572 2570 2637
3 3123 1684 2570
3 7161 2570 1684
3 7161 1684 4596
3 3719 1536 3600
3 1684 3123 4815
3 6021 4628 7073
3 3179 373 3723
3 7073 373 3175
3 5733 5925 5307
3 5733 5307 3163
3 4182 4737 3550
3 4737 6530 1654
3 6530 4653 1654
3 1654 4653 6203
3 4653 4354 6203
3 4354 4653 456
3 456 6209 4354
3 7244 1391 6417
3 4992 735 3659
3 4992 3659 5676
3 3659 7050 2860
3 3659 2860 5676
3 2029 7862 2216
3 7050 6628 5298
3 3778 6628 2595
3 1873 2595 6628
3 7581 7583 6803
3 2595 3789 3778
3 7027 4672 1636
3 1636 4672 6286
3 1636 6286 4235
3 4672 7027 6247
3 2460 6524 585
3 3735 6322 584
3 3735 584 1270
3 1270 584 5523
3 1769 5889 6322
3 7846 3987 5889
3 6322 5889 3987
3 6642 5889 1395
3 1395 1676 6642
3 1395 3012 1676
3 1676 3012 546
3 1395 2645 3012
3 546 3012 7085
3 285 3831 7085
3 3831 679 7085
3 7085 2974 285
3 5830 2194 7848
3 2194 2974 7848
3 285 2974 2194
3 5830 5066 2505
3 146 5601 6015
3 146 3260 5601
3 3260 6402 5838
3 257 5838 6402
3 5070 1691 2057
3 6402 2057 1691
3 2704 6402 1691
3 4847 5641 5070
3 2577 5070 5641
3 7707 3996 2701
3 5099 1925 2704
3 7770 6672 7114
3 7823 6672 2922
3 7114 6672 7823
3 7770 7114 3083
3 7770 3083 7196
3 7114 4066 6575
3 4066 7823 6818
3 7823 5906 6818
3 5953 2549 2117
3 5953 2117 186
3 5058 5953 186
3 5058 186 4113
3 1957 2117 2434
3 1957 2434 5027
3 5027 6905 1957
3 6983 2540 5878
3 7478 3990 3396
3 3396 6797 7534
3 7704 5673 1858
3 1858 5673 5219
3 6444 5219 5673
3 6444 389 5338
3 5338 389 484
3 5031 2592 4943
3 2247 6092 4762
3 6092 852 4762
3 4762 852 7756
3 852 3226 351
3 852 351 7756
3 4098 3226 6754
3 4955 270 3226
3 6754 5020 1820
3 4030 7523 2649
3 2649 7523 1820
3 6754 1820 4098
3 7523 4098 1820
3 4030 3312 7523
3 4359 3312 1550
3 4359 1550 3638
3 3312 2015 7617
3 3312 7617 1550
3 3638 4157 7390
3 7390 4157 7282
3 5668 1846 2378
3 1846 284 2378
3 2378 284 2352
3 284 7427 2352
3 5087 380 6977
3 1176 5936 3067
3 6174 1176 3067
3 380 5760 619
3 619 5760 6704
3 7081 619 6704
3 673 3342 4861
3 4409 4861 3342
3 3839 4409 3342
3 6704 4409 7404
3 7404 3839 5448
3 5547 7677 5448
3 7498 5448 7677
3 3410 624 3319
3 3319 624 7107
3 624 5547 7107
3 603 5732 7642
3 6189 5732 603
3 6189 6946 5732
3 3417 6537 6189
3 4644 6537 4821
3 4821 6537 6747
3 6747 6537 5127
3 3417 193 5541
3 193 1375 6542
3 6542 1375 1964
3 1639 6199 7850
3 7850 3336 1639
3 6929 6714 7711
3 6929 2557 5419
3 6929 5943 2557
3 5943 1477 2905
3 2905 1477 4442
3 5131 2905 4442
3 4442 1477 7711
3 2557 5943 5661
3 7271 52 2862
3 6572 2637 982
3 2570 7161 2637
3 3511 6090 6349
3 4596 2265 6090
3 3723 4596 1684
3 4596 3723 4628
3 6021 7073 5733
3 5112 5405 3163
3 3163 4182 5112
3 4182 3163 5307
3 386 3550 2773
3 7244 2773 745
3 3550 745 2773
3 3550 4737 745
3 5754 7141 2195
3 7141 3223 6896
3 5865 6896 3380
3 6286 3380 3223
3 6286 4672 1807
3 5975 7699 7540
3 5975 7540 4395
3 4672 6247 7699
3 1270 5523 6247
3 3987 6164 1143
3 7646 1143 3825
3 6164 3987 6243
3 6243 7192 3814
3 3814 7192 6642
3 6642 4763 3814
3 4763 6642 1676
3 7117 3831 6061
3 6061 3831 2401
3 40 1676 546
3 7117 679 3831
3 7844 6988 6363
3 4691 4115 5830
3 6988 4115 7491
3 4691 1987 7303
3 1987 2505 6015
3 6015 1166 2421
3 1166 6015 26
3 6124 7196 2140
3 3890 6654 2439
3 3121 3890 2058
3 3121 2058 4044
3 2058 7435 5516
3 2921 2439 6805
3 5667 7435 1962
3 1962 6419 5667
3 1471 3563 7382
3 3563 1474 7382
3 3563 1471 6805
3 1474 3563 5058
3 5141 7382 6220
3 5141 6220 3481
3 6220 4113 4816
3 6220 4835 3481
3 1739 4835 3766
3 3766 4835 4816
3 3766 4816 1957
3 3766 4794 1739
3 4794 6905 5878
3 4794 5878 3051
3 5878 2836 3051
3 2836 3183 3051
3 4794 3051 4046
3 4794 4046 187
3 2836 7236 3183
3 7236 2836 7478
3 5712 7236 6903
3 6903 7236 7366
3 6903 7366 1886
3 1886 7366 3528
3 7478 3396 2920
3 7366 2920 7306
3 2920 3396 7534
3 7534 7306 2920
3 7306 7704 1312
3 3137 1312 7704
3 1312 3137 7514
3 3137 4635 5031
3 3137 5031 7514
3 4943 6092 5031
3 7514 4040 111
3 111 4040 112
3 111 112 3528
3 3528 112 1886
3 4040 7635 112
3 4300 7635 7390
3 4300 7390 7282
3 4974 7355 3570
3 4157 716 7157
3 5181 7157 3633
3 716 5809 7157
3 4738 2378 4241
3 2378 2352 4241
3 4738 4241 3046
3 3046 3633 4738
3 3046 4479 472
3 472 4479 2679
3 5544 4479 206
3 5544 206 7584
3 7584 206 1998
3 1998 206 4171
3 4171 7060 1998
3 1998 7060 4463
3 6824 7060 1736
3 4283 6824 3901
3 6824 7051 3901
3 7051 6824 4445
3 4445 6824 2995
3 6824 7081 2995
3 7404 5448 4445
3 7677 4658 1573
3 1573 4658 1492
3 2499 4658 3694
3 2499 3694 203
3 4658 1081 3694
3 203 3694 1722
3 1722 6946 6798
3 798 6747 459
3 3150 798 459
3 3150 459 2868
3 7220 1010 5127
3 676 1639 3336
3 676 1062 7226
3 3336 6714 1062
3 6288 1062 6714
3 1487 7084 6288
3 1487 42 5994
3 2417 5994 3096
3 42 6714 5419
3 5419 6714 6929
3 3055 5419 7634
3 7634 5661 2806
3 214 2746 3856
3 2746 3850 5405
3 6021 6349 6090
3 775 7634 1823
3 5098 3420 6275
3 3420 4695 4549
3 3420 4549 3387
3 5472 6275 1666
3 3387 4549 5112
3 5112 4260 3387
3 6670 5540 5780
3 2670 5472 6230
3 2202 6230 5472
3 2202 4968 6230
3 2202 3837 4968
3 4968 3837 3913
3 5685 4395 5441
3 7540 5441 4395
3 6564 6846 4455
3 3134 7646 3825
3 3825 608 3134
3 3134 3715 2321
3 5685 2321 7588
3 3586 7588 7649
3 3715 4826 2414
3 2414 4826 6317
3 447 7853 4100
3 4940 843 5203
3 843 6363 5203
3 6988 7491 7024
3 7491 3196 5386
3 7018 2763 7864
3 2763 7469 3946
3 2168 156 7469
3 4021 7469 156
3 156 7462 4021
3 5516 7435 2245
3 7469 5516 2245
3 5667 818 3231
3 3231 1274 4173
3 7034 818 3423
3 5141 1096 1083
3 1083 1096 3423
3 1096 4820 7154
3 1096 7154 3423
3 2616 7154 4820
3 2656 7154 2980
3 336 1739 2616
3 187 2616 1739
3 2616 4046 3104
3 4101 2643 2980
3 2643 4101 5712
3 2818 2643 7627
3 7627 4974 2818
3 5691 7282 7355
3 2818 4974 6318
3 2818 6318 2980
3 5171 6318 3570
3 5171 3570 3633
3 5181 3633 3570
3 5171 3633 472
3 2583 2679 4186
3 7034 4186 6042
3 1286 2801 4715
3 2801 1286 6042
3 7377 92 7449
3 7377 7449 6708
3 4715 4289 7449
3 4289 4715 7584
3 3094 7449 295
3 4981 7584 950
3 950 4103 4981
3 1998 950 7584
3 4103 950 4463
3 4463 5399 2130
3 7797 5399 4283
3 1421 916 690
3 690 916 6224
3 916 3222 2591
3 6798 1421 203
3 3150 2868 6686
3 2868 6362 2973
3 6288 446 4789
3 5633 4789 446
3 5633 446 7084
3 5455 2417 1336
3 2417 5455 7084
3 5968 1075 925
3 925 1075 2875
3 2456 2875 1075
3 4865 2875 2456
3 4865 6999 2875
3 4140 4865 5144
3 4140 5144 6372
3 3055 6372 5144
3 1076 1823 5922
3 6372 1076 5579
3 1076 5922 5098
3 5098 5579 1076
3 5579 6275 2670
3 2670 6275 5472
3 2670 6230 1236
3 2670 1236 5579
3 6230 2380 1236
3 6230 4968 2380
3 2106 2380 4968
3 2106 1231 7685
3 6264 7685 3965
3 7649 1231 3586
3 1231 4455 3586
3 7588 6846 5685
3 5387 2473 5452
3 2410 5452 1326
3 6183 5591 2473
3 2473 5591 5452
3 5452 5591 5254
3 5254 5968 5452
3 6264 4951 6508
3 3249 4951 6264
3 3249 1406 4951
3 1406 3249 1347
3 1347 5452 5968
3 4951 4140 6508
3 6508 4140 5579
3 4951 6999 4140
3 6183 3864 3874
3 3874 3492 6183
3 3864 5387 5456
3 3864 2191 1249
3 2831 7781 7170
3 201 1317 6657
3 1317 1149 5739
3 1317 5739 6657
3 201 6657 6133
3 507 6133 3244
3 6657 1575 6133
3 6133 1575 4013
3 3244 6133 331
3 6133 4013 331
3 331 4013 5557
3 7864 3822 7018
3 1575 6463 4378
3 2245 4173 7469
3 5273 7469 4173
3 4173 2103 5273
3 2103 1274 4489
3 4489 1274 6042
3 4489 6042 7377
3 4489 2593 2103
3 507 3094 2220
3 2220 3094 2091
3 2220 2091 5787
3 5787 2091 5899
3 5106 4103 4401
3 4103 2130 4401
3 4401 2130 6224
3 5106 4401 2991
3 5164 2991 4532
3 4401 916 2991
3 2991 916 746
3 2991 746 4532
3 5164 4532 4410
3 4410 4532 3524
3 3524 4532 1668
3 5024 2973 4923
3 1668 3858 3524
3 3858 6183 3492
3 5164 4410 2831
3 3981 2831 4410
3 1249 2831 3981
3 6042 1274 7034
3 7034 1274 3231
3 3541 3423 2656
3 3528 911 7514
3 3850 2806 6349
3 6349 2806 3511
3 7770 257 1369
3 1369 257 6402
3 6286 3223 4235
3 6924 5457 4827
3 5344 6981 3841
3 5344 6355 6981
3 6355 1109 6981
3 6941 1978 6930
3 6930 4824 6179
3 6179 4824 1729
3 4573 4167 2003
3 2003 6717 136
3 136 6717 554
3 3670 5126 4514
3 1932 2487 5545
3 5545 5983 1932
3 3865 3589 281
3 281 3589 4172
3 3589 4915 4172
3 2856 1845 5572
3 6311 7830 1913
3 5062 2192 5921
3 6927 728 6186
3 7216 728 6927
3 5748 7533 3399
3 43 6910 6114
3 5701 5303 5367
3 5940 3144 839
3 55 896 7512
3 1576 896 4905
3 4760 2350 55
3 896 55 2350
3 2350 4905 896
3 513 5365 4760
3 419 4760 5365
3 7545 5365 513
3 6070 7545 1885
3 1885 356 1882
3 6070 1885 1882
3 3261 1882 356
3 3261 1791 1882
3 7259 3615 3261
3 3422 1791 3615
3 3261 3615 1791
3 7259 1199 3615
3 3615 1199 3095
3 7259 5535 1199
3 7637 4966 4882
3 3198 6010 7039
3 7039 6010 198
3 198 6010 658
3 7039 198 4607
3 4607 4559 7039
3 4607 7424 4559
3 7424 4607 5091
3 5091 391 7424
3 1617 3642 7424
3 391 7172 3580
3 7787 3580 7172
3 7172 391 5091
3 5091 7587 7172
3 7172 7587 1044
3 7587 3351 1044
3 1044 3351 801
3 1044 801 7172
3 7172 801 4905
3 3351 7679 801
3 801 7679 1576
3 801 1576 4905
3 4556 7349 7787
3 4556 938 7349
3 7349 938 419
3 938 2350 419
3 6678 7349 7138
3 7138 5365 6538
3 6538 5365 6070
3 6538 2741 508
3 6678 6538 508
3 2741 6847 508
3 508 6847 4534
3 3162 1041 2125
3 1041 3162 5814
3 5814 3162 4882
3 5814 4882 4156
3 3198 4570 4156
3 7224 7039 4559
3 4570 7224 7371
3 6426 6128 878
3 6128 6426 2627
3 6439 367 6426
3 6426 3642 6439
3 6772 7787 7349
3 7349 6678 6772
3 3408 4534 6847
3 2882 3408 1033
3 1033 3408 7606
3 7606 4611 1033
3 2627 1033 4611
3 7371 6128 5814
3 482 5627 7679
3 425 238 6813
3 5627 3962 7820
3 5593 1275 6181
3 5593 6181 6813
3 2155 6181 2740
3 3144 7016 2155
3 3013 2155 7016
3 3013 7016 5989
3 3013 5989 6813
3 6813 5989 425
3 5072 319 4495
3 319 5072 2209
3 4523 2209 5072
3 7816 5819 7506
3 626 3455 6294
3 6294 213 3815
3 3455 3068 789
3 789 3068 6187
3 789 6187 6879
3 6187 5090 6879
3 6172 7804 7542
3 6664 5931 4860
3 7866 1771 3888
3 2797 4844 7101
3 4729 2797 7101
3 4844 3483 3270
3 5962 2853 6769
3 2878 1320 2271
3 2878 2271 1234
3 1320 4536 2271
3 5727 1797 5553
3 6409 4825 6175
3 6175 2032 2237
3 4142 3027 5345
3 5345 1662 4142
3 1089 3010 6837
3 1089 3537 5727
3 2606 6454 3537
3 5581 6008 7428
3 2606 5988 2357
3 3311 3436 1420
3 157 1420 1356
3 4427 876 3436
3 876 3714 3436
3 3714 876 1689
3 6864 2446 7747
3 2446 6864 2116
3 6565 6864 750
3 750 6864 616
3 750 616 3204
3 3204 616 3687
3 616 6864 3900
3 3900 437 616
3 5182 5213 6346
3 5182 6346 3204
3 2371 4734 4608
3 5792 4734 260
3 4734 2371 4899
3 2104 160 5422
3 4899 2371 5643
3 5643 2371 2104
3 5643 2104 6751
3 6108 4107 7422
3 7422 4107 4242
3 4107 1924 4242
3 7422 4242 6880
3 7422 6880 6637
3 7779 6637 3817
3 7090 7779 6786
3 7090 3948 4887
3 3948 128 4887
3 3948 3256 128
3 3256 4849 5211
3 6559 4849 7810
3 5211 6559 5767
3 6559 5229 991
3 5229 6121 991
3 6121 2282 991
3 2286 991 2282
3 3979 2286 1163
3 2282 1163 2286
3 1163 1785 4724
3 3979 4724 930
3 3000 4765 930
3 3000 5962 4765
3 4765 2878 1234
3 1929 453 4765
3 930 4765 453
3 7204 3186 3257
3 509 3425 3367
3 509 3367 6122
3 3367 795 5684
3 5684 795 819
3 819 795 88
3 3119 88 795
3 88 3119 6972
3 6972 3119 5581
3 7428 6972 5581
3 7428 157 6972
3 6972 1483 5669
3 1483 5818 5669
3 7439 3976 3591
3 3591 3976 2618
3 3591 2618 3516
3 3204 6346 750
3 6333 4805 7439
3 4887 3718 4805
3 4805 3718 2462
3 3718 4929 7328
3 3718 7328 2462
3 7328 4929 2749
3 4929 3256 2749
3 2749 3256 5211
3 6122 7328 2749
3 6122 2749 5767
3 6122 5767 6775
3 2462 31 7439
3 5669 3061 819
3 5684 819 3061
3 7090 6333 3087
3 1483 1356 4351
3 2116 4351 3714
3 4351 1356 3436
3 4351 3436 3714
3 6984 2828 3432
3 5664 2223 6766
3 3697 7468 7766
3 4614 5519 5226
3 6682 3683 4057
3 7824 2392 6592
3 1088 4392 4927
3 1088 4927 3421
3 4324 7472 6320
3 7560 4973 7574
3 5766 994 3227
3 4048 3107 7131
3 7131 6099 4048
3 7131 1763 6099
3 4281 4128 5696
3 6301 4128 4370
3 4128 4281 7323
3 7323 4370 4128
3 6301 4370 4944
3 6301 4944 7375
3 7375 4944 5949
3 3290 3216 3952
3 5483 3004 7504
3 5810 2204 7564
3 1869 5987 5427
3 6989 5427 5103
3 5416 6989 5103
3 3404 6493 5490
3 3330 1093 1040
3 1093 6119 1040
3 1040 6119 7248
3 182 1618 415
3 2512 182 430
3 415 430 182
3 1881 464 5244
3 1804 2068 2272
3 5351 3736 480
3 480 3736 6429
3 5902 2523 7454
3 2778 7213 3475
3 5720 5199 7367
3 5199 6434 7367
3 7519 1753 7624
3 6534 5270 594
3 3786 3333 6009
3 4610 6009 3333
3 190 4477 6269
3 6269 4477 2142
3 1680 2142 3403
3 5844 6077 6723
3 7668 6723 5656
3 7668 1577 2960
3 3403 2960 5537
3 2960 6044 2185
3 2960 2185 5537
3 3794 5506 7278
3 5506 3794 4911
3 3164 4911 3794
3 3164 6621 4911
3 6865 2395 3437
3 5650 809 5482
3 5650 5482 433
3 433 5482 6420
3 5310 1645 2081
3 7069 7057 5417
3 2521 2075 7622
3 2075 5283 5487
3 5196 6182 6652
3 5487 5283 4997
3 3921 7166 2620
3 444 3921 2620
3 1768 7796 5246
3 5034 4494 7537
3 267 6256 7670
3 5275 7205 2179
3 4325 1001 4227
3 4227 1001 1256
3 7392 3827 6488
3 1834 5644 7713
3 2565 2415 325
3 3140 3135 6914
3 5977 5267 1470
3 4985 1990 6241
3 6241 1990 5791
3 5791 1990 2951
3 3154 4592 3742
3 3742 4592 2997
3 3742 2997 1082
3 1082 2997 5721
3 6555 442 6517
3 4176 1644 5491
3 2736 6378 5480
3 5480 4026 2736
3 4192 6492 1851
3 1851 6492 83
3 83 6492 4026
3 4026 6492 3970
3 2511 1851 1523
3 3205 2736 7616
3 2736 3205 6378
3 632 2787 1799
3 632 1799 4284
3 7608 2787 2657
3 632 2657 2787
3 6249 6492 4192
3 919 6719 6249
3 6249 6222 919
3 919 6222 5409
3 6222 6249 4192
3 5151 1851 2511
3 6107 5151 2511
3 5549 6495 2210
3 1954 1345 5858
3 5858 1345 4144
3 1585 5858 4144
3 1585 4144 6083
3 5753 4144 1345
3 6478 6083 1950
3 6478 1950 2393
3 2393 1950 5753
3 7616 4696 3205
3 3205 4696 832
3 901 2541 5001
3 7569 2541 5824
3 5824 2541 901
3 6238 6206 2601
3 6238 2601 7339
3 2601 6206 5597
3 6831 5932 6619
3 5409 2443 6619
3 5409 6619 919
3 919 6619 6719
3 5737 4384 3110
3 7742 5737 6107
3 3110 6107 5737
3 7043 7742 1954
3 5888 7742 7043
3 4236 5888 7043
3 4236 7043 3411
3 3411 7007 6162
3 3411 7043 7007
3 1644 7007 4969
3 4969 7007 5858
3 4344 5491 4969
3 4969 1585 4344
3 1585 4969 5858
3 4344 1585 3463
3 3463 1585 6083
3 4538 3463 5916
3 4059 3450 842
3 4059 842 3696
3 5528 842 152
3 5528 152 3313
3 152 842 3450
3 5852 23 3696
3 5852 3696 842
3 5852 842 5528
3 7509 5528 207
3 3313 207 5528
3 5852 5528 7509
3 7667 3264 7719
3 7372 7667 4586
3 578 4586 7667
3 7415 1825 4035
3 5001 4035 578
3 578 4035 1825
3 7580 7415 2092
3 7580 2092 5959
3 2092 4035 5001
3 4035 2092 7415
3 7569 5959 2092
3 7569 2092 2541
3 2541 2092 5001
3 5230 5959 7569
3 5984 7580 5959
3 6226 5230 7569
3 5597 6226 7569
3 5597 7569 2601
3 6435 3666 4561
3 2578 6238 1425
3 4159 2578 5594
3 5594 2578 1425
3 5361 1425 6238
3 5361 6238 7339
3 5361 5594 1425
3 2200 5594 5361
3 2200 5361 6041
3 6041 5361 7608
3 6041 7608 5932
3 7603 4781 6041
3 4829 7603 754
3 754 7603 6041
3 2996 6831 5392
3 754 6831 4829
3 4829 6831 2996
3 6619 5392 6831
3 199 5429 3118
3 2538 4149 4375
3 2041 4375 3435
3 4009 6462 2041
3 2041 6462 4023
3 3435 4009 2041
3 204 5640 6462
3 204 6462 3446
3 4009 3559 6462
3 6462 3559 3446
3 6056 3446 3559
3 4814 5990 5096
3 4814 5096 552
3 5096 6162 2318
3 6162 5096 4236
3 4236 5096 5990
3 4236 5990 5888
3 4236 3411 6162
3 7556 552 2318
3 4218 7556 4176
3 7007 1644 4176
3 7448 5491 666
3 4702 7448 666
3 4702 666 620
3 620 666 4344
3 3288 6590 613
3 3288 613 4362
3 613 6590 4530
3 4530 6590 5454
3 3022 4362 613
3 6935 3022 4059
3 4059 3022 613
3 4059 613 4530
3 3696 6935 4059
3 7667 7621 5852
3 7402 7372 1825
3 7415 7402 1825
3 7415 7580 7402
3 5235 299 7394
3 7394 299 6226
3 7394 6226 5015
3 6226 299 7480
3 7480 299 5235
3 7480 5235 3599
3 1548 3599 875
3 1548 875 5116
3 3109 1735 7239
3 3764 6583 7720
3 5235 7673 7276
3 3934 7394 6589
3 3934 6589 5834
3 2423 6589 7394
3 366 1091 2263
3 366 2263 7648
3 4561 711 6435
3 322 5137 2152
3 322 2152 7433
3 2152 5137 6718
3 6718 5137 324
3 2546 7603 6135
3 2546 6135 2360
3 6135 7603 4829
3 6135 2996 5392
3 2996 6135 4829
3 6216 1357 1495
3 481 3325 417
3 6635 481 417
3 5610 4149 2538
3 2538 4023 5610
3 2041 4023 2538
3 6646 7686 6462
3 6462 7686 4023
3 4023 7686 5610
3 204 6100 5640
3 4723 6100 204
3 4723 204 826
3 826 204 3446
3 4340 4723 826
3 4340 826 904
3 4340 904 1693
3 904 826 6056
3 7156 904 6056
3 904 7156 1693
3 4338 2622 7156
3 4338 7156 6056
3 5525 2123 6920
3 2067 7556 6959
3 7556 2067 6920
3 5525 6920 2067
3 4218 6959 7556
3 7661 409 5379
3 7661 5379 4702
3 5379 409 4753
3 3288 2235 6590
3 4972 3288 6967
3 1101 4972 6967
3 4362 6967 3288
3 3288 4972 2235
3 918 6596 5148
3 7411 7263 5148
3 1698 6491 7263
3 1698 7263 7411
3 5636 6491 1698
3 1919 5636 1698
3 1919 1698 7411
3 3109 1919 5116
3 5116 1919 7263
3 5148 7263 1919
3 5148 1919 7411
3 5148 7411 4709
3 7500 7372 5048
3 7389 7500 5048
3 5261 5807 6960
3 5564 5261 6960
3 5564 6960 6391
3 5564 6391 1650
3 3643 6391 1548
3 7480 6391 6960
3 3599 1548 6391
3 3599 6391 7480
3 5807 5261 5048
3 5048 5261 7389
3 5116 1735 3109
3 5023 1396 6737
3 1396 5023 7250
3 7394 3934 5235
3 5235 3934 7673
3 6602 7673 3934
3 6602 3934 5834
3 6602 382 3303
3 6856 3303 382
3 5834 382 6602
3 1325 5704 1115
3 1325 1115 6512
3 3487 2580 1115
3 1115 2580 6512
3 6221 6512 127
3 127 2580 996
3 2580 127 6512
3 1311 3271 4323
3 6718 3271 877
3 5084 877 7648
3 7648 877 3271
3 877 5084 2152
3 877 2152 6718
3 2152 5084 2240
3 2935 553 22
3 2935 22 3620
3 22 553 4323
3 3523 2752 22
3 3523 22 4323
3 22 2752 4777
3 3232 7149 2182
3 197 3232 2440
3 2440 2182 313
3 2182 2440 3232
3 4717 197 2440
3 4717 2440 6718
3 2912 4073 7159
3 7159 4073 6112
3 7159 6112 3206
3 7433 2861 322
3 322 2861 5137
3 5137 2861 6112
3 6634 209 5165
3 6937 7313 7603
3 6937 7603 2546
3 4484 7313 6937
3 4484 2233 328
3 2233 6937 2677
3 6937 2233 4484
3 3732 7297 2233
3 3732 2233 2677
3 328 2233 7297
3 5820 1439 3732
3 5477 1439 7273
3 7273 1439 5820
3 3732 1439 7297
3 7297 1439 5477
3 5295 5820 2360
3 2360 5820 2677
3 3732 2677 5820
3 5492 7273 5820
3 5492 5820 5295
3 1827 6357 171
3 171 6357 6223
3 6223 6357 5295
3 5492 5295 6357
3 6223 5295 1558
3 6506 1558 7379
3 4187 7845 6646
3 6646 7845 7686
3 5914 1878 4340
3 5914 2693 7289
3 4902 2829 5479
3 5479 6277 4902
3 5100 660 5525
3 1767 5100 3891
3 5104 6734 2999
3 3891 6734 5104
3 362 2999 6734
3 6231 6734 5749
3 5749 6734 5893
3 6231 5749 4092
3 3891 5893 6734
3 6734 6231 362
3 2067 6959 5893
3 6148 7335 2600
3 6148 2600 4754
3 1373 6517 4754
3 1373 4754 2759
3 3770 7144 6504
3 5683 6504 7144
3 340 5379 159
3 5379 340 2718
3 5379 2718 1725
3 1725 2718 4591
3 7142 4881 7457
3 7457 4881 2291
3 4910 2291 4972
3 4972 2291 4753
3 6168 4595 2599
3 2599 4595 5796
3 2563 3155 5424
3 2189 6852 2563
3 4277 2563 6852
3 5781 984 5859
3 984 2189 5859
3 6852 2189 984
3 4731 984 2820
3 984 371 2820
3 91 7717 7389
3 91 7389 3518
3 3518 7389 5261
3 1854 7639 5877
3 5511 5552 3863
3 3300 3587 1465
3 7593 2884 1499
3 7593 1499 1875
3 2545 4226 7225
3 2545 7225 4713
3 2545 4713 3877
3 3742 117 2935
3 553 2935 117
3 553 117 5618
3 3154 2935 3620
3 2935 3154 3742
3 4592 3154 1838
3 1838 3154 5349
3 2752 6722 4777
3 7187 6156 7159
3 7159 6156 2912
3 1289 7159 3206
3 1289 3206 1956
3 491 7187 7159
3 2885 3197 1602
3 2535 3197 3721
3 3721 5977 2535
3 2885 3721 3197
3 731 424 3721
3 3721 5267 5977
3 5267 3721 424
3 424 731 7313
3 2001 3284 5267
3 5267 3284 1470
3 4747 1470 3284
3 7313 2001 424
3 424 2001 5267
3 7297 3284 2001
3 7297 2001 328
3 328 2001 4484
3 4484 2001 7313
3 3716 5371 4679
3 3716 4679 4687
3 936 5147 6049
3 936 6049 7775
3 7633 7775 1273
3 7633 1273 6223
3 6223 1273 6049
3 6223 6049 171
3 171 6049 1827
3 6049 1273 7775
3 2043 5934 5538
3 4151 5934 7416
3 7416 7799 4151
3 5934 2043 7416
3 3807 3578 7799
3 7148 3807 7416
3 7148 7416 7231
3 1870 7231 7416
3 7416 3807 7799
3 5438 7231 1640
3 1640 7231 5785
3 5689 1640 5785
3 5689 5785 6265
3 6913 7812 1150
3 1878 1595 288
3 5914 1595 1878
3 6195 5914 7289
3 5118 7568 6268
3 4880 5118 6268
3 2829 6118 1780
3 3792 7671 6118
3 1004 3792 6118
3 1004 6118 2829
3 6916 164 1004
3 6916 1004 4426
3 4902 4426 1004
3 4902 1004 2829
3 3792 1004 164
3 2036 1593 6277
3 6277 1593 4902
3 4902 1593 4426
3 5100 3539 660
3 1767 2970 3539
3 1767 3539 5100
3 3652 2970 1767
3 3652 1767 6093
3 3652 6093 6416
3 6093 5104 2999
3 6416 6093 2999
3 2217 5038 6416
3 7335 2014 6231
3 7335 6231 2600
3 6231 4092 2600
3 5119 7335 5683
3 5683 7335 6148
3 2353 5288 5119
3 1460 5288 2353
3 2353 5119 5683
3 7144 2353 5683
3 6504 5683 6148
3 4750 2353 4110
3 2353 7144 4110
3 7791 7201 4110
3 7791 4110 3014
3 4110 7201 4750
3 1629 7201 7791
3 5268 1053 537
3 5268 537 7142
3 5268 7142 3737
3 7791 537 1053
3 2738 4668 4910
3 2738 4910 5569
3 3503 4898 5012
3 6168 2841 1126
3 5682 7195 2748
3 2748 7195 2841
3 2748 2841 6168
3 2365 2748 2599
3 2599 2748 6168
3 2365 2599 5796
3 4312 558 7392
3 3445 3354 1491
3 3445 1491 2658
3 2658 1491 1267
3 1106 7716 1899
3 1106 2658 7716
3 7716 4277 6852
3 1899 7716 177
3 177 7716 6852
3 1774 177 6852
3 562 4605 5817
3 5817 4605 3743
3 4605 562 6289
3 6289 562 5817
3 177 5817 3743
3 7214 6289 5817
3 7214 5817 5337
3 2768 7214 5337
3 2768 5337 69
3 69 5337 2820
3 234 2768 69
3 6412 7214 7076
3 4358 6412 7076
3 234 7076 2768
3 2768 7076 7214
3 5657 7076 2222
3 3518 2222 7076
3 7076 5657 4358
3 5657 2222 5564
3 5657 6768 4358
3 6768 5657 5564
3 5750 2863 6768
3 5750 6768 7639
3 5750 7639 2368
3 6817 4743 5750
3 4743 6529 5750
3 2368 6817 5750
3 6873 6817 5173
3 5173 6817 6724
3 4584 6724 6817
3 4584 6817 2368
3 2005 4584 5552
3 2972 4622 3443
3 4622 2972 2005
3 5856 3300 5846
3 2461 7593 897
3 897 7593 1875
3 2635 4769 2461
3 2635 2461 897
3 5185 2635 4226
3 4226 2635 897
3 4226 897 1875
3 2141 942 115
3 115 942 706
3 2141 115 3877
3 115 706 2545
3 3877 115 2545
3 2141 5394 942
3 4226 706 5185
3 5185 706 942
3 5185 942 5394
3 4226 2545 706
3 2346 5394 2141
3 5291 2346 2141
3 5291 2141 3877
3 4207 5291 6746
3 6746 5291 4219
3 4061 6746 4219
3 5349 6781 1838
3 1838 6781 1991
3 1838 1991 4592
3 123 1991 6781
3 6690 4965 7865
3 6690 4303 4736
3 6690 4736 563
3 560 4736 4303
3 6075 4736 3931
3 2494 6075 3931
3 2494 3931 6241
3 1505 5207 2923
3 2923 5207 6914
3 2923 6914 2613
3 2613 6914 3135
3 2613 3135 1186
3 2535 6914 3197
3 3140 2535 5977
3 3140 6914 2535
3 581 3716 4655
3 3140 3716 581
3 3140 5977 3716
3 7730 6644 2022
3 7730 2022 7395
3 2022 5503 7395
3 6748 7730 7395
3 5147 7077 1506
3 5147 1506 4877
3 2767 6456 3025
3 7775 3025 936
3 936 3025 7077
3 7077 3025 6456
3 2767 3025 3929
3 3929 3025 6060
3 6060 3025 7775
3 7406 3641 2415
3 16 3641 7325
3 16 7325 6060
3 16 6060 7775
3 7325 3641 7406
3 325 2415 3641
3 325 3641 3302
3 6855 3302 24
3 24 3302 7775
3 7775 3302 16
3 3641 16 3302
3 7633 6855 24
3 7633 24 7775
3 4593 2249 3001
3 2249 6855 3001
3 2249 4593 2565
3 7799 2565 4151
3 4151 2565 4593
3 5538 4593 3001
3 5934 4151 4593
3 5934 4593 5538
3 325 2249 2565
3 3302 6855 2249
3 3302 2249 325
3 2415 2565 7799
3 4945 5156 4004
3 4945 4004 6702
3 3394 3578 7148
3 7148 3578 3807
3 2150 7148 1319
3 2150 1319 2568
3 5438 5689 4553
3 5689 5438 1640
3 4364 6195 7289
3 1690 6188 4322
3 1690 4322 5080
3 5340 7671 3126
3 3457 3126 7671
3 164 3457 7671
3 164 7671 3792
3 164 6916 2804
3 2804 3652 937
3 2804 6916 3652
3 2985 3657 1796
3 2985 1796 5411
3 3760 5411 1796
3 4333 1834 7713
3 19 5288 1400
3 19 1400 5038
3 19 5038 2217
3 5288 19 5119
3 7335 5119 2014
3 2014 5119 19
3 4990 3116 5644
3 4990 5644 1834
3 4744 4990 1834
3 1460 1589 4333
3 4921 1604 1102
3 6990 4921 1102
3 1102 7201 6990
3 1148 6990 2011
3 2737 7548 2989
3 5268 2989 7548
3 2737 2989 2362
3 6110 4550 7548
3 58 6110 2737
3 58 2737 2362
3 2737 6110 7548
3 5012 6136 3470
3 4550 6110 6698
3 1980 6698 6110
3 6698 7195 2555
3 1980 7195 6698
3 5630 6166 7446
3 2555 7446 6166
3 7392 6488 3916
3 3445 6053 3354
3 1256 6256 6198
3 7670 6256 1256
3 2808 1256 6198
3 3445 2808 6198
3 3445 6198 6053
3 4227 1256 2808
3 1414 4227 2808
3 1899 1414 1106
3 1106 1414 2808
3 7370 4605 6289
3 3743 4605 1414
3 1414 4605 7370
3 4227 7370 6901
3 4227 6901 4325
3 6901 7370 6289
3 2669 1403 6448
3 6448 1403 6901
3 2669 4711 6395
3 4711 2669 3708
3 3708 6448 2644
3 6448 3708 2669
3 6395 4711 2588
3 2588 4711 2665
3 6412 2665 4711
3 6412 4711 1519
3 2644 1519 3708
3 3708 1519 4711
3 6529 6395 2588
3 6752 6529 4743
3 6752 4743 6788
3 5160 6873 5173
3 4360 5160 2567
3 2567 5160 5173
3 2567 5173 6724
3 3748 2567 1259
3 1259 378 1140
3 378 1259 2567
3 5839 2509 4204
3 4204 378 6724
3 378 4204 2509
3 1958 5839 3078
3 1958 3078 6376
3 5923 3078 5839
3 5856 1419 2825
3 3593 2825 1419
3 2825 3593 628
3 5846 1419 5856
3 6550 3593 1419
3 4221 3593 6550
3 4818 1930 7825
3 1817 5816 1930
3 1817 1930 4199
3 5185 5394 4704
3 4704 2635 5185
3 2635 4704 4769
3 5698 959 4719
3 4345 4719 6153
3 4673 4345 6153
3 4673 2969 6233
3 6882 3819 2969
3 6882 2969 3532
3 3532 2969 4673
3 3532 4673 6153
3 5731 6882 6425
3 541 5731 6425
3 2725 6826 1467
3 2725 1467 3464
3 3464 1467 4481
3 3464 4481 3985
3 1321 1467 6826
3 6692 3985 4481
3 6692 4481 6746
3 6746 4481 1467
3 6746 1467 1321
3 4774 3985 6692
3 4774 6692 885
3 5587 5963 4188
3 1902 1703 4188
3 1902 4188 5963
3 2355 723 5963
3 2355 5963 5577
3 5634 723 2355
3 5634 2355 4116
3 4116 2355 5577
3 5575 2007 5634
3 1378 1897 4503
3 1378 4503 6841
3 4503 1897 6075
3 2613 6841 2923
3 7590 4878 7730
3 6748 7590 7730
3 5722 7590 6748
3 7788 4703 5722
3 3549 1579 2112
3 2112 401 6713
3 401 2112 2696
3 2696 2112 1579
3 2696 1579 82
3 6456 2696 1468
3 6456 6806 401
3 6456 1468 7077
3 827 1468 2696
3 2696 6456 401
3 7162 3059 5423
3 7162 5423 6617
3 7406 2664 5445
3 4609 5445 2664
3 4945 2664 7406
3 4945 7406 5156
3 5680 4609 2664
3 5680 2664 6702
3 6702 2664 4945
3 5522 4465 5680
3 5522 3189 3648
3 6702 3189 5680
3 5680 3189 5522
3 6470 701 4651
3 6323 7714 2150
3 6323 2150 3433
3 7537 6323 3433
3 6291 7537 3433
3 7568 2568 7289
3 4364 7289 2568
3 1429 4770 5340
3 5340 2218 1429
3 5340 5047 1903
3 5340 1903 244
3 3702 244 1903
3 5047 5340 4770
3 2218 5340 3126
3 1638 5340 244
3 593 6513 2985
3 593 2985 5411
3 6513 1747 2985
3 593 5411 3113
3 531 3113 6152
3 531 6152 6735
3 7713 6152 3113
3 5400 7017 6152
3 5400 6152 4984
3 7713 4984 6152
3 6735 6152 7017
3 2038 674 5400
3 2038 5400 4254
3 5993 7691 1148
3 6990 1148 7691
3 6990 7691 2372
3 2372 7691 3772
3 6339 7691 5993
3 5993 7550 6339
3 7550 7460 2986
3 5558 7550 2986
3 5558 2986 1392
3 7205 5275 6151
3 7205 5097 2179
3 2482 3416 2419
3 3982 3616 2419
3 3982 2419 2284
3 2399 3982 5508
3 2399 5508 1937
3 5508 3982 2284
3 5508 6256 267
3 6198 6256 5508
3 6198 5508 6053
3 7670 926 5073
3 2669 6395 7547
3 2669 7547 1403
3 1403 7547 4325
3 3332 6902 6395
3 6608 6458 7093
3 6608 7093 6427
3 7477 6427 7093
3 7477 7093 498
3 6458 498 7093
3 4745 1806 4963
3 7562 6343 2855
3 7562 2855 4360
3 1901 7692 7562
3 3748 1901 7562
3 1140 1901 3748
3 1259 1140 3748
3 1958 1322 2509
3 5839 1958 2509
3 5014 7443 3353
3 3353 7443 6376
3 5923 2937 3078
3 3078 2937 6376
3 134 2937 2825
3 5923 2825 2937
3 4959 3353 686
3 4959 686 4690
3 4818 7825 6225
3 4818 6225 4980
3 4980 6225 5341
3 7275 6225 583
3 583 7825 506
3 6225 7825 583
3 3947 4909 3200
3 3200 4909 583
3 7825 3200 506
3 7275 4909 1527
3 1527 4909 5651
3 5651 4909 3947
3 3947 3200 7825
3 583 506 3200
3 583 4909 7275
3 6632 5651 3947
3 6632 3947 7211
3 7211 3947 7825
3 1817 890 5076
3 890 1817 4199
3 4673 6233 5530
3 4673 5530 4345
3 4719 4345 5698
3 5698 4345 5359
3 5359 4345 5530
3 5812 3747 6028
3 3348 6028 6233
3 6233 6028 5530
3 5530 6028 3747
3 5530 3747 6328
3 2085 6028 3348
3 6645 4397 3348
3 6645 3348 6233
3 3348 4397 2085
3 5450 12 2725
3 6405 5450 3464
3 2725 3464 5450
3 1660 7317 6405
3 6120 5021 2596
3 7351 5021 6120
3 3058 7351 6091
3 3740 4251 7351
3 3740 7351 881
3 881 7351 3058
3 4501 7696 5575
3 4456 487 3740
3 4456 3740 6511
3 6511 3740 881
3 5887 4456 6511
3 6667 5887 6511
3 6667 2707 4423
3 6511 2707 6667
3 7696 1897 1378
3 6075 1897 7696
3 3536 5887 6667
3 6500 6667 4423
3 6667 6500 7663
3 6667 7663 3536
3 7663 6500 4473
3 3993 7590 5233
3 5722 3564 7590
3 5233 5568 7528
3 5249 5139 3114
3 3275 1464 564
3 2932 254 5590
3 5590 254 564
3 564 254 3275
3 7080 3961 2932
3 3961 3275 254
3 254 2932 3961
3 2112 6713 4288
3 2112 4288 3549
3 4879 729 3525
3 3525 729 7009
3 7009 729 1773
3 1773 729 2053
3 2053 729 4879
3 4879 3525 5702
3 5702 3525 7292
3 2053 5700 1773
3 2053 5423 5700
3 5423 2053 4879
3 1463 6615 6621
3 7665 3972 6470
3 7665 6470 7714
3 6323 2228 7714
3 7714 2228 7665
3 4487 7665 2228
3 2228 6323 4487
3 7537 4487 6323
3 7357 5034 6827
3 7765 7357 6827
3 4542 5047 6771
3 5047 4542 1903
3 1903 4542 7765
3 6482 4494 4542
3 7537 4494 6482
3 6482 4542 4191
3 1706 3919 6523
3 1706 6523 5714
3 5592 1706 5714
3 7189 5592 5714
3 5380 7629 653
3 7629 1370 653
3 5380 653 6513
3 6513 653 5269
3 5269 653 1370
3 5269 1370 5474
3 6735 6513 531
3 593 531 6513
3 5380 6513 6735
3 6835 2574 2110
3 7474 6835 2110
3 7474 2038 4647
3 2038 7474 674
3 674 7474 2110
3 5710 6730 7474
3 6835 7474 6730
3 5710 7474 4647
3 2427 693 3772
3 2772 7242 6691
3 4000 947 2812
3 4000 2812 7044
3 3416 3675 4065
3 4726 5607 3310
3 7670 5073 850
3 3315 7743 670
3 5325 670 7743
3 5325 7743 1761
3 7463 2184 5325
3 2476 6608 5955
3 5955 6608 6427
3 5955 6427 2131
3 7803 2131 6427
3 4034 6126 7477
3 7477 6126 4446
3 7477 4446 4295
3 6712 7579 713
3 6212 6126 713
3 6212 713 6759
3 6759 713 7579
3 6712 713 6126
3 1719 7579 2692
3 4963 5602 5728
3 381 5728 5602
3 7228 5602 2634
3 2634 5602 5476
3 792 7786 656
3 792 656 98
3 98 656 7692
3 5505 792 98
3 5505 98 1901
3 1901 98 7692
3 7692 656 5476
3 5476 656 2634
3 2634 656 7786
3 7786 792 1308
3 1308 792 5505
3 1308 5505 7768
3 7443 7786 1308
3 7443 1308 7768
3 3180 7786 7443
3 3353 4959 5014
3 5014 4959 6501
3 1002 7786 6501
3 1451 7813 6483
3 7358 5124 7813
3 6549 7275 1527
3 5651 7611 1527
3 1527 7611 6549
3 4492 7611 5651
3 4492 5651 6632
3 6330 7611 4492
3 5565 6790 4492
3 5565 4492 6632
3 6632 4779 5565
3 4779 6601 5565
3 3405 6601 4779
3 5076 7342 5816
3 7029 3751 6039
3 4296 7029 6039
3 4051 6328 3747
3 4051 3747 5812
3 4051 2556 6328
3 2556 4051 4504
3 4504 4051 7083
3 7083 4051 5812
3 2012 6815 4397
3 6461 343 3476
3 6461 3476 5420
3 5420 3476 2383
3 2383 3476 205
3 3476 343 5857
3 4787 2663 4833
3 2663 4787 2612
3 2663 2612 4758
3 4337 4833 2663
3 4337 2663 6522
3 4758 6522 2663
3 5021 7351 4251
3 2602 4337 6522
3 2602 6522 4056
3 4056 6522 1079
3 7794 5813 6475
3 4126 6475 5813
3 3704 5813 7794
3 5887 5406 5410
3 7272 5016 7311
3 6899 7272 7311
3 7858 4659 235
3 5233 4659 3993
3 3993 4659 7311
3 7528 4659 5233
3 2585 7445 7266
3 6658 1759 7796
3 6443 3894 2585
3 6443 2585 3275
3 3275 2585 7266
3 5246 7796 3894
3 5246 3894 4012
3 6443 4012 3894
3 3038 5246 4012
3 3038 4012 2334
3 6443 2334 4012
3 7080 278 3961
3 3038 278 4962
3 4962 278 7080
3 4962 7080 1770
3 6443 3961 2334
3 2334 3961 278
3 3038 2334 278
3 3038 4962 6027
3 5246 6027 1768
3 5875 6027 4962
3 5875 4962 3870
3 3870 4962 1770
3 5875 3870 2303
3 570 7292 7009
3 3525 7009 7292
3 514 2303 570
3 514 570 7257
3 570 7009 7257
3 169 2128 4911
3 2358 4786 3304
3 2358 6615 4786
3 6615 2358 6621
3 6947 4786 2411
3 6947 2411 7628
3 7822 7628 2411
3 3041 7822 7095
3 6499 3773 2484
3 2484 3773 5382
3 2484 5382 1732
3 2484 7829 637
3 5971 6499 637
3 637 7829 5971
3 7829 2484 5370
3 2484 637 6499
3 6499 5971 2165
3 4487 7537 7829
3 4487 7829 5370
3 7829 7537 6482
3 7829 6482 2691
3 2165 5971 2691
3 2691 5971 7829
3 3326 6503 3499
3 3499 6503 7294
3 3377 6792 3278
3 6016 3281 1370
3 6016 1370 7629
3 1370 3281 5474
3 6003 5046 420
3 7003 420 5046
3 6003 1219 5046
3 3655 6003 420
3 3655 420 3020
3 3020 420 7003
3 894 6003 3655
3 894 3655 4970
3 2680 2620 7166
3 2620 2680 3855
3 2620 3855 1568
3 592 444 7242
3 7541 3921 592
3 7541 592 2772
3 592 3921 444
3 3927 3921 7541
3 3640 1113 3927
3 2493 3640 1039
3 7541 1039 3640
3 7541 3640 3927
3 7643 4000 7044
3 5494 7643 7044
3 6192 6161 3469
3 6161 6192 5607
3 405 1949 5494
3 6047 3577 6020
3 3262 4598 6020
3 6020 4598 6047
3 1603 6515 600
3 600 6515 2624
3 6347 600 6351
3 6347 6351 6185
3 6185 6351 988
3 6380 1859 988
3 988 1859 6185
3 2842 1023 1859
3 3063 2842 1859
3 3315 3063 1859
3 3315 1859 6380
3 2842 3063 3997
3 3997 3063 1296
3 6076 6332 4285
3 5955 2833 2476
3 7057 7069 5681
3 3160 5681 1031
3 3160 1031 502
3 6908 6309 4485
3 262 6908 2467
3 2467 6908 4485
3 1269 2467 4033
3 4033 2467 4485
3 4121 7693 6232
3 4121 6232 7809
3 7105 4566 2661
3 7105 2661 6086
3 4566 4121 7113
3 4566 7105 4121
3 2661 4566 7113
3 7657 7113 6953
3 5786 7657 6953
3 5743 6953 268
3 268 6953 7809
3 268 7809 6309
3 4997 5283 4295
3 4295 5283 7803
3 5487 4997 5294
3 5487 5294 2081
3 5310 2081 5294
3 7615 5294 6966
3 5917 7723 3695
3 3695 7723 5017
3 3695 2295 5917
3 3098 2295 3695
3 6569 6421 3282
3 5329 6569 5896
3 5896 6569 3282
3 7623 1719 1752
3 6483 381 5602
3 1451 6483 7228
3 1451 7228 1992
3 5602 7228 6483
3 7813 1451 1992
3 7813 1992 4307
3 4307 1992 1002
3 1002 1992 7228
3 7579 1719 5896
3 5896 1719 7623
3 219 6421 6569
3 219 6569 2978
3 2978 6569 5329
3 2978 5482 7124
3 6420 5482 2978
3 2978 7124 219
3 173 7358 6549
3 173 6549 7611
3 7813 6549 7358
3 7358 173 1099
3 1099 173 7611
3 3726 2077 5264
3 3726 5264 3590
3 5277 7083 7338
3 7338 7083 7319
3 7083 5277 6653
3 7728 5999 7253
3 7319 5999 7728
3 2879 7728 2873
3 2879 2873 1765
3 7100 2873 7728
3 7100 7728 7253
3 1074 1765 2873
3 2873 7100 1074
3 7312 461 5350
3 2324 461 4412
3 5857 4412 461
3 6461 2615 4766
3 5857 343 6461
3 5857 6461 4766
3 2727 2615 6461
3 2727 6461 5517
3 7502 4097 4787
3 4787 4097 131
3 7452 4097 7502
3 2006 2602 4056
3 2006 4056 6631
3 1923 4302 5991
3 1923 5991 2742
3 1822 6006 7484
3 7484 6006 5991
3 2742 5991 6006
3 7261 7484 5991
3 7703 4498 7484
3 6899 6031 7484
3 6899 7484 7261
3 235 6031 7858
3 7858 6031 6899
3 6899 7261 3419
3 7272 6899 3468
3 7818 5353 7675
3 2585 3474 7445
3 3474 3571 3800
3 74 3571 1759
3 1759 3571 7796
3 7796 3571 3894
3 3894 3571 3474
3 3894 3474 2585
3 390 3800 2033
3 7331 390 2033
3 3755 2033 74
3 3755 74 3999
3 3571 2033 3800
3 3571 74 2033
3 7331 2033 3755
3 7331 3755 6761
3 6761 3755 3999
3 7817 535 6027
3 7817 6027 5875
3 6027 535 1768
3 4681 7817 5875
3 6820 4681 5875
3 6820 5875 2303
3 1537 514 7257
3 514 6820 2303
3 6820 514 1537
3 6939 1863 1537
3 6939 1537 7257
3 3705 6939 7257
3 2128 3705 7257
3 2128 7257 5506
3 2382 5972 2128
3 2382 2128 169
3 2382 169 7524
3 5231 3276 7524
3 7524 3276 5972
3 7524 5972 2382
3 3276 5231 4749
3 2457 4988 7524
3 2457 7524 4565
3 1746 5534 6947
3 1746 6947 7628
3 3816 1746 7628
3 6865 3816 7628
3 5794 3437 2395
3 5794 2395 4276
3 1080 2288 5253
3 1080 5253 3437
3 1080 3437 5382
3 5382 3437 5794
3 2243 1080 3773
3 2243 3773 6499
3 3773 1080 5382
3 3278 2243 3833
3 6499 3833 2243
3 3833 4604 3377
3 3833 3377 3278
3 6503 6792 3377
3 6503 3377 4604
3 6503 4604 7294
3 3816 6865 2987
3 3816 2987 5045
3 6423 2987 6865
3 6423 6865 5335
3 1982 1364 2705
3 1982 2705 6423
3 6423 2705 527
3 527 2987 6423
3 5335 1982 6423
3 3219 3538 1907
3 1907 3538 1982
3 1907 1982 2430
3 2430 1982 5335
3 1364 1982 3538
3 2376 3219 1907
3 4403 479 4088
3 2376 479 4403
3 2376 4403 7321
3 406 4088 2430
3 2430 4088 1907
3 1907 4088 479
3 1907 479 2376
3 682 7321 4403
3 682 4403 7180
3 7180 4403 4088
3 7180 4088 2929
3 2929 4088 406
3 4127 7180 2929
3 4746 2914 6792
3 5674 2914 4746
3 4127 6792 2914
3 3849 5798 2193
3 3218 3849 5130
3 5130 3849 396
3 4353 3218 6812
3 6812 3218 5130
3 1517 6812 4137
3 1517 4137 4671
3 2517 4671 4137
3 2517 4137 5629
3 5629 4137 4179
3 7870 4179 7143
3 7143 4179 6812
3 6812 4179 4137
3 5629 4179 2000
3 2000 4179 7870
3 2000 2132 5442
3 7870 2132 2000
3 7731 6016 7629
3 7731 7629 7409
3 1054 7731 6510
3 1054 6510 5629
3 6510 7731 1423
3 4505 5738 6510
3 6510 5738 2137
3 5444 2137 5738
3 654 3089 5738
3 654 5738 7694
3 7694 5738 4505
3 7694 4505 5005
3 3042 6240 5656
3 5289 5656 6240
3 5005 6240 7694
3 7694 6240 3042
3 5289 6240 3561
3 3561 6240 5005
3 2074 3561 77
3 2074 77 4356
3 77 3561 5046
3 4616 77 5046
3 4165 3980 611
3 4200 2680 7166
3 6556 301 4930
3 2493 1586 3640
3 3221 5163 5155
3 3221 5155 2876
3 5155 5163 6047
3 6047 5163 6486
3 4598 5155 6047
3 7337 6035 2483
3 7337 2483 7332
3 4206 6422 781
3 4206 781 3485
3 4206 3485 7344
3 3292 3485 5688
3 6695 3292 5688
3 1456 5688 3485
3 1456 3485 7332
3 5688 1456 652
3 5688 652 5789
3 5789 652 1819
3 3209 1819 652
3 3209 652 1456
3 3209 1456 7332
3 6695 5688 5789
3 2390 2709 3209
3 3209 1603 2390
3 2390 1603 6347
3 6515 1603 7332
3 7332 1603 3209
3 6185 2709 2390
3 6185 2390 6347
3 1649 5789 1819
3 6258 1649 1819
3 3882 5513 6450
3 5806 6450 4588
3 6450 6258 4588
3 5966 946 6640
3 1936 946 5966
3 2871 4665 5437
3 4665 2871 946
3 4665 946 1936
3 946 2871 6640
3 3138 4391 7069
3 5437 4391 3138
3 5437 3138 4519
3 5681 5437 4665
3 5681 7069 4391
3 5437 5681 4391
3 3627 1381 3028
3 1381 3627 5308
3 6908 3028 1381
3 3028 6908 262
3 6908 1381 7069
3 3028 262 3844
3 1111 1310 2689
3 1111 2689 1385
3 2936 3374 1385
3 1133 3213 629
3 1133 629 2186
3 1133 2186 6263
3 6407 6263 2186
3 6502 274 3211
3 3211 274 1129
3 7736 6232 5243
3 7761 6009 6507
3 6507 7105 303
3 4933 303 7105
3 7761 6507 303
3 1240 7761 303
3 1240 303 5274
3 5274 303 4933
3 7657 2661 7113
3 2661 7657 6086
3 2161 6086 7657
3 3099 3057 4087
3 5396 4087 3057
3 3057 6562 2300
3 6562 3057 3099
3 5237 6676 6562
3 5237 6562 4170
3 5237 4170 2048
3 5310 5786 5743
3 3521 5053 7615
3 3521 7615 6966
3 1766 7615 5053
3 7723 3521 6759
3 7723 6759 5017
3 6212 6759 3521
3 3044 7571 2105
3 524 5078 3098
3 4908 6958 2975
3 2975 4742 4908
3 4742 7847 4908
3 5623 5904 3768
3 635 2674 6653
3 635 6653 5277
3 6653 2674 6745
3 635 5277 4131
3 4131 5277 7338
3 1677 4131 6739
3 6739 580 7678
3 580 6739 5908
3 4131 5908 6739
3 4725 7678 580
3 4725 580 5908
3 4725 5908 3023
3 3023 5908 7338
3 2879 7319 7728
3 6660 2626 1220
3 1571 650 3797
3 650 1571 6245
3 3797 2990 1555
3 2990 3797 2331
3 2331 650 6245
3 650 2331 3797
3 361 5910 6785
3 361 6785 4238
3 4238 6785 1200
3 3951 1200 5842
3 2324 5842 1200
3 3951 5842 3170
3 1426 3170 4585
3 6740 2391 1462
3 6740 1462 1397
3 1397 1462 3544
3 3544 1462 6784
3 2391 6784 1462
3 7019 3544 7702
3 7702 3544 2775
3 2775 3544 6784
3 5191 7702 1316
3 1316 7702 2775
3 1316 2775 189
3 2564 1316 189
3 6825 2564 189
3 5191 1316 3896
3 3896 1316 2564
3 7800 2564 6825
3 253 4400 6631
3 1567 4400 7800
3 2006 6631 4400
3 2006 4400 1567
3 2687 7800 253
3 7518 7800 2687
3 7518 2687 6863
3 2687 253 6631
3 4400 253 7800
3 849 266 1923
3 6006 3610 849
3 6006 849 2742
3 2742 849 1923
3 2013 3745 302
3 2013 302 5336
3 5336 7369 5779
3 7369 5336 302
3 7300 302 3745
3 5779 7369 7246
3 7246 7369 7264
3 7300 7369 302
3 7818 7369 7300
3 5290 7246 7264
3 2231 4376 7037
3 4376 2231 6382
3 6382 2231 985
3 2731 7037 7697
3 6382 7697 4376
3 4376 7697 7037
3 5765 3229 3612
3 6014 7710 7320
3 7710 6014 5765
3 7610 4693 1399
3 7610 1399 6331
3 6331 1399 540
3 540 1399 7710
3 7614 1861 6606
3 4629 1861 2147
3 4629 2147 5290
3 4629 5290 2432
3 7535 4629 2432
3 6115 7535 2432
3 7535 6115 6022
3 7535 6022 4314
3 390 7331 1128
3 390 1128 3800
3 1128 7331 5979
3 7369 7818 7675
3 7369 3800 1128
3 7369 1128 7264
3 7264 1128 5979
3 3800 7369 7445
3 7445 7369 7675
3 6761 1353 7331
3 7331 1353 6115
3 6022 6115 1353
3 6022 1353 6761
3 2792 6022 6761
3 7467 6022 2792
3 7441 7467 2792
3 7773 7441 3573
3 2757 3573 7441
3 2757 7441 7849
3 194 4271 3573
3 194 2757 3230
3 2757 194 3573
3 3854 194 5256
3 5256 194 3230
3 5256 3230 4457
3 6820 3335 4681
3 4681 3335 7817
3 3514 2024 2111
3 7309 2111 2024
3 7309 2024 3335
3 7309 3335 5142
3 5142 3335 1863
3 3335 2024 7817
3 3514 7817 2024
3 7064 7309 5142
3 1960 3824 6939
3 1960 6939 3705
3 5972 3276 1960
3 4749 1960 3276
3 5980 5140 4193
3 5140 5980 4749
3 5140 4749 1809
3 3263 5140 3507
3 3507 5469 7492
3 4230 7757 2457
3 7020 4230 1584
3 2457 1584 4230
3 3887 7020 1584
3 5548 3887 2437
3 2437 3887 1584
3 6706 5849 6046
3 6706 5488 1707
3 5488 6706 7283
3 7283 6706 6046
3 5488 7283 5045
3 3224 1707 5488
3 3224 5488 2705
3 2705 5488 527
3 527 5488 5045
3 3224 6706 1707
3 5849 6706 3398
3 3224 2721 3398
3 3224 3398 6706
3 2376 7321 4956
3 2376 4956 3219
3 5600 2314 682
3 5600 682 7180
3 682 2314 7321
3 5674 5600 7180
3 3818 3077 1221
3 1221 3077 121
3 1221 121 188
3 3779 7252 6721
3 1697 1221 188
3 1221 1697 6721
3 1221 6721 3818
3 7252 3818 6721
3 2019 7455 3047
3 2019 3047 4671
3 2019 4671 4689
3 4689 7455 2019
3 5314 4689 6934
3 6934 4689 7067
3 1453 5333 3240
3 3810 5333 1453
3 5654 3089 3540
3 3293 4477 5654
3 3293 5654 3540
3 3293 3540 1670
3 1670 3540 654
3 654 3540 3089
3 7694 1670 654
3 6680 714 6077
3 813 6680 7694
3 714 813 5656
3 714 5656 6723
3 3042 5656 813
3 3042 813 7694
3 6680 813 714
3 6077 714 6723
3 3924 6044 4812
3 2185 6044 5356
3 5356 6044 3924
3 5356 4930 2185
3 2185 4930 6310
3 5537 2185 6310
3 1680 6269 2142
3 2174 190 6269
3 2174 6269 3221
3 3221 6269 5163
3 5163 6269 1680
3 6171 190 2174
3 6171 2174 7789
3 6422 6867 5059
3 5783 6867 7682
3 7682 6867 6422
3 2631 7682 7344
3 7344 6603 2631
3 2146 1786 2890
3 1786 2146 4680
3 4680 2146 5740
3 5956 1786 6695
3 4680 3292 6695
3 4680 6695 1786
3 5956 5789 1649
3 5789 5956 6695
3 1649 5513 5956
3 6450 5513 6258
3 1649 6258 5513
3 5740 2146 5192
3 5192 2146 2890
3 5996 5740 5192
3 5806 4588 4793
3 6659 13 4856
3 4856 5806 4793
3 5806 4856 13
3 5389 7586 4856
3 5389 4856 3598
3 5437 6801 6146
3 6801 5437 216
3 216 5437 4519
3 5437 6146 2871
3 6640 2871 6146
3 2594 6146 6801
3 4660 6801 216
3 4660 2594 6801
3 2337 4660 1307
3 1307 4660 216
3 1307 216 4519
3 3129 5847 4507
3 2049 6874 2815
3 1484 2431 3627
3 250 7454 1484
3 2239 7454 202
3 202 7454 250
3 5401 250 1484
3 250 5401 202
3 388 5815 2965
3 388 2965 3253
3 3253 2965 3374
3 3374 5652 3253
3 6838 2840 2770
3 1133 6263 6838
3 1133 6838 2770
3 3048 6502 1358
3 1358 6502 3211
3 6502 94 3447
3 94 6502 3048
3 3786 6009 7761
3 1229 3786 7761
3 1229 7761 4822
3 1333 3210 2301
3 1333 2301 5898
3 6810 2694 4555
3 4555 2694 1130
3 5396 4555 727
3 4555 1130 727
3 727 1130 5898
3 1130 6887 5898
3 6887 1130 2694
3 3057 6810 4555
3 3057 4555 5396
3 5396 727 5898
3 2694 6810 100
3 100 6810 7821
3 2694 100 6887
3 100 7821 6887
3 7821 6810 6065
3 2776 4562 3321
3 2776 3321 7489
3 2776 7489 5495
3 7539 1766 5053
3 1766 7539 2048
3 4380 6782 7539
3 4380 7539 7684
3 5107 4380 7684
3 5107 7684 7571
3 4783 2176 4117
3 2176 5107 7571
3 5107 2176 4783
3 7458 4117 2176
3 7458 2176 2157
3 4272 2157 7571
3 2176 7571 2157
3 4272 7571 3044
3 524 5659 4154
3 524 4154 5078
3 6178 6534 4908
3 2433 5609 6178
3 3054 5609 6428
3 6428 5609 2433
3 5904 777 1361
3 3480 6794 3203
3 3480 3203 4809
3 6868 3203 6794
3 5468 3203 5623
3 5928 5468 5623
3 3203 5468 4809
3 5582 4809 5468
3 1237 5582 5468
3 5928 1237 5468
3 7645 5582 4576
3 4576 5582 3727
3 7345 7407 3727
3 1700 7345 4983
3 1449 7345 1700
3 6699 7345 1449
3 3429 6699 1449
3 2723 5128 3429
3 1677 2723 3429
3 1677 3429 2674
3 4131 1677 635
3 635 1677 2674
3 4453 1677 6739
3 4453 6739 6767
3 5282 6767 6739
3 5282 6739 6098
3 6098 6739 7678
3 5687 1753 4725
3 4725 1753 315
3 7624 1753 5687
3 6660 7624 2626
3 2626 7624 5687
3 5149 7519 2544
3 2544 7519 7624
3 6012 2544 7624
3 6012 7624 6660
3 2164 6012 5051
3 236 5051 6012
3 6648 2039 5051
3 6648 5051 7348
3 7348 5051 236
3 7517 6648 7348
3 3202 7136 7651
3 7651 7136 7436
3 3968 5910 4893
3 4893 5910 4521
3 3402 5910 361
3 3402 361 4238
3 4078 3402 4238
3 4078 4238 3953
3 5418 6054 3951
3 5418 3951 1944
3 1397 6137 6740
3 625 2625 6300
3 2625 625 6137
3 2625 6137 4784
3 1382 2625 4784
3 5879 1387 3444
3 248 7019 7702
3 2158 7702 2686
3 4460 1830 4424
3 2796 3517 3065
3 2796 3065 3414
3 4424 3065 3517
3 5331 5560 4424
3 4424 5560 3065
3 3065 5560 3414
3 6912 5560 2203
3 6912 2203 2042
3 2203 5560 6496
3 2203 6496 7288
3 7288 6496 1233
3 1233 6496 3124
3 3015 785 4093
3 4093 785 887
3 887 1233 4601
3 7288 1233 2671
3 2671 1233 887
3 2671 887 785
3 3124 4601 1233
3 4601 4093 887
3 2215 4093 4601
3 7053 4093 2215
3 5574 2215 7744
3 3124 7744 4601
3 4601 7744 2215
3 6863 5574 7744
3 1891 7744 2375
3 6863 7744 7518
3 7518 3896 800
3 7518 800 7800
3 7800 800 2564
3 2564 800 3896
3 1891 5191 3896
3 1891 3896 7744
3 7744 3896 7518
3 6904 4404 7001
3 4404 6904 3745
3 2062 7001 4404
3 2062 4404 3201
3 3201 4404 5336
3 5336 4404 2013
3 3745 2013 4404
3 2480 5779 7246
3 2062 2480 2231
3 2480 2062 3201
3 2231 2480 7246
3 2231 7246 985
3 5779 2480 3201
3 5779 3201 5336
3 4361 499 1209
3 7053 1209 499
3 3343 499 4361
3 4361 1209 5574
3 4321 4551 2042
3 4551 1348 3343
3 2225 4551 3343
3 3015 7053 1348
3 3015 1348 4321
3 4321 1348 4551
3 2225 2042 4551
3 3343 1348 499
3 499 1348 7053
3 5004 6912 2225
3 5004 2225 1656
3 2225 6912 2042
3 7288 4321 2203
3 4321 7288 2671
3 4321 2671 1000
3 4321 1000 3015
3 3015 1000 785
3 785 1000 2671
3 5574 1209 7053
3 5574 7053 2215
3 3414 5560 6912
3 3414 6912 5004
3 2796 3414 2731
3 2731 3414 5004
3 2731 5004 1656
3 7697 2796 2731
3 1704 4460 7209
3 7209 2543 7387
3 2543 7209 6014
3 6014 7209 4460
3 4460 1704 6588
3 7320 7387 2543
3 7764 4205 6606
3 1516 7764 6606
3 1516 6606 1861
3 1861 4629 1516
3 1516 4629 4390
3 4390 7535 7302
3 4629 7535 4390
3 7764 4390 3030
3 3030 4390 7302
3 4314 6022 7467
3 7773 3479 2121
3 7773 2121 5596
3 1756 5321 155
3 1032 1756 5256
3 5256 1756 3854
3 155 3854 1756
3 2154 7485 1022
3 2111 2154 3514
3 1022 3514 2154
3 7485 2154 1877
3 5315 2438 2366
3 2366 2438 1947
3 6485 1947 7064
3 7064 1947 2438
3 7064 2438 5315
3 2760 5315 2366
3 7485 2366 7112
3 1393 1947 6485
3 1947 1393 7112
3 1947 7112 2366
3 7112 1393 5980
3 3079 7334 7112
3 3079 7112 3344
3 4654 4413 3263
3 4413 4654 6312
3 3531 6312 4654
3 6302 346 7006
3 5287 6302 7006
3 5041 3507 458
3 3507 5041 831
3 831 5041 5287
3 5624 5041 458
3 5624 458 7492
3 7233 7492 341
3 5201 3428 4135
3 5201 4135 7327
3 6250 7327 466
3 6250 466 7727
3 7727 466 7327
3 6936 7727 7757
3 5584 7727 6936
3 4230 7020 6936
3 4230 6936 7757
3 5584 6936 7020
3 329 5584 1921
3 329 1921 5436
3 7020 1921 5584
3 5462 5436 1921
3 7020 3887 5462
3 7020 5462 1921
3 5481 6024 2267
3 6176 3398 999
3 3398 6176 2267
3 3398 2267 5849
3 5240 6176 999
3 3391 2558 439
3 3391 439 4663
3 4663 439 4956
3 4956 439 5240
3 5240 439 2558
3 6711 3391 4663
3 6711 4663 3749
3 3749 4663 6434
3 5199 3749 6434
3 1489 6434 3575
3 3484 7367 7075
3 233 1865 7466
3 233 7466 5028
3 7466 1865 3565
3 5654 3592 3089
3 6208 3592 6171
3 6208 6171 7789
3 6138 2957 6208
3 7419 6138 6208
3 7741 7790 2778
3 2778 7790 7213
3 7790 7741 5784
3 5238 5360 7790
3 5238 7790 2084
3 2084 7790 3040
3 3475 5238 1904
3 7741 2778 5783
3 7682 7741 5783
3 7741 7682 5212
3 3368 5686 6603
3 3368 6603 7712
3 6603 5686 2631
3 2631 5686 7682
3 7234 5686 3368
3 7712 7234 3368
3 7712 5157 6085
3 7712 6085 1893
3 6370 290 5157
3 5740 5996 290
3 5740 290 6370
3 290 5996 5157
3 6085 5996 318
3 6062 318 5996
3 6062 5996 3777
3 7705 6062 6659
3 6659 6062 3777
3 1741 7586 5389
3 5620 1741 2348
3 5620 2348 2337
3 5620 2337 3978
3 4660 2337 2348
3 4660 2348 2594
3 2946 1741 5620
3 2946 5620 5747
3 5747 5620 3978
3 1831 4408 1723
3 1831 1723 3214
3 644 7721 5847
3 644 5847 3129
3 644 3129 6874
3 2872 4290 443
3 4804 4290 2872
3 4804 2872 2021
3 2523 5218 7815
3 7454 7815 3840
3 7815 7454 2523
3 7783 525 3651
3 7783 2412 3926
3 2412 7783 3651
3 3289 6234 4751
3 6838 3542 2840
3 5645 7291 1757
3 5434 7291 5645
3 6505 5645 1757
3 6505 6996 5645
3 1755 2518 2095
3 1755 2095 5404
3 232 5404 3875
3 1755 5404 232
3 3998 726 3439
3 334 3998 1793
3 1793 3998 5617
3 7128 1086 5326
3 5326 1086 3912
3 3912 1086 1793
3 3912 1793 5617
3 334 1793 1086
3 334 1086 7128
3 2256 6845 6210
3 6210 3594 609
3 609 3594 3830
3 6829 5326 3210
3 5898 6829 1333
3 1333 6829 3210
3 7324 7638 7280
3 7324 1881 5244
3 1881 7324 1804
3 7356 1715 5709
3 5709 1715 7280
3 7280 1715 1804
3 7280 1804 7324
3 2068 1715 7356
3 6464 2068 7356
3 6464 2272 2068
3 7212 6464 7821
3 7821 6464 7356
3 2272 6464 7212
3 3574 7212 7821
3 2136 3574 7115
3 2136 7115 4928
3 2136 4928 7638
3 7115 3574 7821
3 7115 7821 5835
3 5007 7493 2906
3 4117 929 4783
3 4197 4783 7592
3 7592 4783 7296
3 7296 4783 929
3 4197 7592 5390
3 5390 7592 2008
3 4380 5107 5390
3 6782 5237 7539
3 5237 6782 6676
3 6676 6782 5390
3 6676 5390 2008
3 5390 6782 4380
3 6149 7659 3442
3 5319 7458 2157
3 5270 2498 5319
3 1553 5493 889
3 5493 7553 6799
3 7553 5493 1553
3 5463 889 5493
3 5463 5493 7130
3 5463 7130 5886
3 6799 7130 5493
3 2800 5886 7130
3 2800 7130 1279
3 2800 1279 2299
3 2299 1279 6428
3 6381 1279 7130
3 1315 5886 2800
3 7094 1315 2800
3 7094 2800 2299
3 5135 5808 7094
3 5135 7094 4850
3 5135 4850 6214
3 3146 3480 400
3 3146 6794 3480
3 3017 6794 3146
3 6957 1559 349
3 349 1559 3132
3 4394 7508 338
3 5614 6280 338
3 6280 5614 2120
3 2120 7407 7345
3 7407 2120 5614
3 7237 6699 5918
3 5918 6699 6025
3 6699 2120 7345
3 2120 6699 7237
3 2120 7237 6280
3 1598 5282 6098
3 7724 1511 5501
3 7724 5501 3650
3 7724 3650 3385
3 1745 3650 1497
3 5471 7401 5149
3 6012 2164 2544
3 2544 2164 5149
3 5149 2164 5471
3 7401 7243 6141
3 7036 2039 6648
3 2576 4615 4548
3 2576 4548 6540
3 7136 5286 7436
3 5286 2270 4441
3 2270 5286 3202
3 2270 3202 4864
3 4714 2270 4864
3 4178 4714 4864
3 4178 4864 3202
3 1546 489 1631
3 1546 1631 6298
3 993 1631 4178
3 993 4178 1461
3 4178 1631 489
3 6298 4078 3953
3 6298 3953 6681
3 3402 993 1461
3 993 3402 4078
3 993 4078 1631
3 1631 4078 6298
3 368 7552 5413
3 5413 7552 5510
3 5413 5510 6697
3 6227 5510 7552
3 6227 6808 5510
3 5510 6808 6697
3 6808 6227 1387
3 3932 6697 6808
3 5408 4018 6991
3 248 4348 647
3 2250 2802 5397
3 7209 2250 1704
3 6588 1704 5397
3 5397 1704 2250
3 6329 4493 4342
3 4859 6329 2078
3 2078 6329 4342
3 3512 4342 4493
3 5486 2078 5352
3 5352 2078 5065
3 528 2581 6580
3 528 6580 3724
3 7202 5197 175
3 7202 175 7414
3 7202 7414 7118
3 7414 175 2232
3 7118 7414 7347
3 7202 7118 1802
3 7202 1802 6307
3 2961 5967 1802
3 2961 1802 7718
3 7718 1802 7118
3 7718 7118 7347
3 3030 7718 7347
3 3030 7302 7718
3 7718 7302 2144
3 3769 2925 4979
3 7871 1686 4189
3 7871 4189 7222
3 7222 4189 166
3 166 4189 5695
3 166 5695 6066
3 2560 7222 6546
3 2560 6546 2098
3 6546 7222 166
3 3923 166 6066
3 166 3923 6546
3 2255 7393 4162
3 7451 4662 6982
3 1789 6982 5321
3 5841 7451 1789
3 5841 2640 7334
3 2640 5841 1789
3 2640 1789 5321
3 404 7334 2640
3 404 2640 1032
3 404 1032 7388
3 1756 1032 2640
3 1756 2640 5321
3 7636 7451 5841
3 4383 7636 5841
3 4383 5841 7334
3 6089 7510 4383
3 4383 7510 7636
3 6248 7636 7510
3 438 6248 7510
3 6312 438 7510
3 2636 6190 4716
3 2636 4716 1850
3 6312 1850 4716
3 7158 2636 1850
3 7158 1850 4544
3 6954 4183 3851
3 6954 3851 1159
3 1159 3851 4952
3 1159 4952 1671
3 4183 6302 3851
3 4952 3851 6302
3 4952 5624 1671
3 4952 5041 5624
3 5041 4952 5287
3 6954 1159 3646
3 4146 5201 7327
3 4146 7327 2497
3 1614 2497 4416
3 415 6250 430
3 6250 4416 2497
3 4416 6250 415
3 7727 430 6250
3 6273 1618 182
3 6273 182 2512
3 7440 6273 6909
3 7359 2031 7805
3 7359 4994 6909
3 221 2031 6909
3 6909 2031 7359
3 4732 7805 2030
3 4732 2030 1482
3 5462 1482 2030
3 221 5462 2031
3 2031 5462 2030
3 2031 2030 7805
3 1252 7805 4732
3 4732 6024 5723
3 6024 4732 1482
3 3691 4599 5723
3 4599 1252 5723
3 7805 1252 4599
3 7805 4599 4797
3 4797 3691 5646
3 4732 5723 1252
3 4599 3691 4797
3 6267 3691 5723
3 6267 5635 5150
3 5150 5635 7048
3 5723 5635 6267
3 7048 5635 5481
3 7048 5481 5625
3 3685 4017 6071
3 4017 6176 5240
3 7049 4017 2558
3 2558 4017 5240
3 4017 7049 6071
3 866 279 6711
3 866 6711 4535
3 2900 4535 6711
3 2900 6711 3350
3 3350 6849 2900
3 5199 3350 3749
3 791 4535 6849
3 7188 6319 2962
3 4464 2962 6319
3 4464 6319 7596
3 1440 4095 1407
3 1440 1407 1295
3 1295 2345 1440
3 2764 1440 2345
3 2607 3424 5028
3 5028 3424 233
3 4382 7861 7505
3 7505 7861 7488
3 7217 7505 7146
3 7217 7146 5764
3 5764 7146 7397
3 5764 7397 3886
3 7397 7146 7806
3 5105 3712 2939
3 5105 2939 2173
3 2173 2939 7466
3 7466 2939 7806
3 3930 7397 1911
3 3400 4838 2524
3 2524 4838 7391
3 1441 7802 4996
3 1441 4996 898
3 1441 898 2490
3 3493 2317 1918
3 3493 1918 898
3 3493 898 4996
3 2317 3493 7741
3 2684 7741 5212
3 5686 1874 2684
3 5686 2684 5212
3 7234 1874 5686
3 6050 1331 5903
3 7598 5903 7099
3 7099 5903 1331
3 6246 7598 7099
3 1446 7139 434
3 434 6246 7099
3 7139 6246 434
3 5777 4429 6552
3 7268 5777 2134
3 2134 6552 6062
3 5777 6552 2134
3 318 6062 6552
3 318 6552 6085
3 7705 7268 2134
3 7705 2134 6062
3 7258 5833 7705
3 7268 7705 5833
3 2946 7586 1741
3 7258 7586 2946
3 1682 7258 5747
3 5747 7258 2946
3 5360 3458 5542
3 5360 5542 2359
3 5810 2330 2254
3 5810 2254 4355
3 7299 4355 2254
3 7299 2254 441
3 3674 7299 1253
3 7299 3674 5300
3 694 2285 2269
3 7739 6876 3522
3 3242 3178 7815
3 3992 3242 7815
3 3992 7815 1012
3 1012 7815 5218
3 5489 1748 332
3 332 1748 1012
3 1012 1748 3992
3 1781 5184 915
3 2404 1928 4447
3 6234 3390 7783
3 7783 3390 1928
3 853 3390 147
3 147 3390 6234
3 5002 298 2552
3 5002 2552 5969
3 2408 5969 2552
3 2408 5093 4639
3 5093 2408 5639
3 5639 2408 2552
3 5639 2552 4894
3 5576 5093 2244
3 2244 5093 5639
3 3228 3289 1035
3 7291 1035 3289
3 2397 3289 5639
3 5639 3289 3228
3 5639 3228 2244
3 2244 3228 7676
3 3228 1035 5434
3 5434 1035 7291
3 2976 7676 648
3 1271 7676 2976
3 2976 648 6359
3 648 7676 2503
3 2503 7676 5434
3 2503 5645 651
3 6359 651 6996
3 6996 651 5645
3 5434 5645 2503
3 648 2503 651
3 648 651 6359
3 645 1271 2976
3 645 2976 6833
3 6350 6219 4006
3 4006 6219 5954
3 2518 4006 2095
3 2095 4006 5954
3 2095 5954 5404
3 6921 913 2477
3 2402 6728 6762
3 3329 6762 6728
3 5554 6210 7078
3 595 5709 7280
3 1162 595 107
3 1162 107 6557
3 6557 107 5756
3 5756 107 7280
3 7280 107 595
3 4928 7015 6445
3 7763 3510 821
3 7763 821 6893
3 2604 821 7015
3 7015 821 3510
3 6341 4166 3647
3 3647 821 2604
3 821 3647 4166
3 821 4166 6893
3 6341 3647 5532
3 5532 3647 2604
3 7493 6783 5532
3 2906 7493 5532
3 2906 5532 4872
3 7473 6783 7493
3 7296 7493 5007
3 7493 7296 7473
3 5890 7473 7296
3 7277 2342 7659
3 6149 7277 7659
3 2342 7277 1494
3 5407 6252 3031
3 3031 6252 4132
3 4132 6252 7483
3 5801 3031 3234
3 4560 5801 6406
3 6406 5463 7465
3 7465 5463 5886
3 7755 5033 2959
3 5265 6861 2126
3 2959 3265 2126
3 2959 2126 6861
3 3265 3285 2126
3 2126 3285 2060
3 2126 2060 3191
3 3995 1430 6214
3 6214 1430 5135
3 5135 1430 239
3 1394 3995 3131
3 1394 3131 6661
3 3131 3995 1309
3 3338 6661 3131
3 3146 3338 3131
3 3146 3131 3017
3 6661 589 3698
3 589 3338 787
3 787 3338 3146
3 589 6661 3338
3 7255 589 787
3 589 7255 3698
3 4790 7255 523
3 4790 523 349
3 4790 349 3132
3 6957 349 523
3 7255 6957 523
3 125 3554 4620
3 3132 3554 4790
3 4790 3554 125
3 945 3554 705
3 1475 4620 3554
3 1475 3554 945
3 3132 705 3554
3 6666 1005 2779
3 3940 1005 705
3 3940 705 4394
3 705 1005 6666
3 2779 1005 3940
3 5322 6948 1760
3 3843 1760 6948
3 1760 3843 1105
3 1760 1105 5272
3 5272 6064 1760
3 1760 6064 5322
3 7666 6064 575
3 5647 3093 7666
3 7666 575 4278
3 5272 4278 575
3 5272 575 6064
3 6064 7666 3093
3 6369 7666 4278
3 6369 4278 5918
3 6369 5918 6025
3 7237 5918 4278
3 7237 4278 5272
3 5987 6369 7759
3 5427 5987 5220
3 5427 5220 5103
3 5220 5987 7759
3 566 5103 5266
3 5266 5103 5220
3 5266 2278 566
3 7578 5266 5220
3 7578 5220 7759
3 7724 2101 6715
3 7417 7479 5198
3 5166 6365 7479
3 5166 7479 7417
3 7426 7417 5198
3 5927 7417 7426
3 7793 5927 7426
3 3650 1745 7426
3 3650 7426 3385
3 5293 5927 7793
3 7401 6141 4545
3 2835 6764 3034
3 5339 2082 1643
3 5339 1643 3250
3 5339 3250 5376
3 5346 7656 2266
3 5346 2266 7267
3 7267 2266 6106
3 7267 6106 1250
3 5563 5346 7267
3 5563 7267 6540
3 6540 7267 2576
3 5358 1210 1731
3 2724 5358 6237
3 6237 5358 6978
3 6978 5358 1731
3 4045 6978 4714
3 25 1701 4045
3 6432 6682 25
3 6432 25 1546
3 1546 25 489
3 1376 6432 6298
3 4067 1376 5413
3 4067 5413 163
3 4067 163 5313
3 1712 1778 3771
3 1712 3771 2143
3 2143 6087 1712
3 4476 6087 3515
3 3771 5408 3515
3 3771 3515 2143
3 2143 3515 6087
3 7412 3515 5408
3 1979 7412 6991
3 6991 7412 5408
3 4247 5872 5774
3 4247 5774 6292
3 5774 5872 231
3 6257 4247 6292
3 2710 4247 6257
3 2710 6257 4546
3 6684 2710 4546
3 6684 4546 2373
3 6684 2373 2632
3 6036 2373 2898
3 2898 2373 354
3 5125 2898 273
3 2898 5125 1244
3 2290 5125 273
3 4213 5125 2290
3 1663 0 4213
3 4213 0 5125
3 6034 1663 6329
3 6034 6329 4859
3 6329 4213 4493
3 4213 6329 1663
3 2739 6656 6034
3 2739 6034 7314
3 5486 5352 4292
3 5742 4292 5352
3 2994 5742 5352
3 2994 5352 5065
3 1914 5742 2994
3 5939 3945 7836
3 6777 2463 5559
3 2463 6777 1436
3 5559 2463 5458
3 5458 2463 1436
3 5108 5855 4810
3 7718 5108 2961
3 2605 4627 1951
3 1951 4627 6571
3 6571 4627 6830
3 3037 6571 6830
3 6371 1190 6571
3 6371 6571 3037
3 6371 3037 4979
3 6371 4979 2925
3 2925 3158 2445
3 5850 6371 2445
3 6371 2925 2445
3 3382 732 5383
3 732 4366 5383
3 3158 3382 786
3 3382 3158 1532
3 786 3382 5383
3 5695 3680 3382
3 4189 3680 5695
3 6066 5695 3382
3 1967 3382 3680
3 5599 1205 1849
3 5599 1849 5412
3 5866 7725 4741
3 4741 7725 2441
3 2441 7725 5412
3 5797 4741 997
3 5797 7126 4741
3 2481 5797 436
3 436 5797 997
3 436 997 7871
3 7871 997 2441
3 7871 2441 5412
3 2441 997 4741
3 2560 2614 436
3 2560 436 7871
3 2056 2614 4086
3 2056 4086 6576
3 6701 987 4086
3 6701 4086 6600
3 4942 6600 4086
3 4942 4086 3673
3 6274 6600 4942
3 6274 6546 3923
3 6546 6274 2098
3 2098 6274 4942
3 7137 6600 6274
3 7137 6274 87
3 87 6274 3629
3 6884 1090 7135
3 2470 7132 1963
3 5490 7176 3404
3 7176 5490 4662
3 7767 1390 4567
3 4567 6248 7767
3 3495 7767 6190
3 6190 7767 4716
3 1794 4436 6190
3 4436 1794 7158
3 7158 1794 2636
3 2636 1794 6190
3 3466 1906 5976
3 3466 5976 2655
3 6337 3466 6789
3 6789 3466 2655
3 7025 6789 4194
3 6789 7025 5901
3 6281 7025 3949
3 6281 3949 4294
3 3949 7025 4194
3 3545 4294 3949
3 4036 3545 3949
3 7613 4036 7191
3 3738 3127 2238
3 3738 2238 6954
3 3738 6954 3646
3 2097 6954 2238
3 4155 965 5377
3 4155 5162 3308
3 5162 4155 5377
3 5377 965 7494
3 2941 7233 7218
3 7233 2941 7494
3 7233 7494 855
3 2167 4146 6073
3 4146 2167 2941
3 4146 2941 5201
3 5201 2941 7218
3 3744 2167 6073
3 1965 2977 1847
3 2977 1965 614
3 614 1965 7808
3 3884 906 4416
3 4416 906 1614
3 1614 906 2977
3 3372 3884 4324
3 2702 7472 7440
3 2702 7440 572
3 2673 2221 1502
3 2673 1502 5677
3 2673 5677 5309
3 6963 5309 5677
3 6963 5677 1864
3 4797 2248 7805
3 2248 7359 7805
3 5646 2248 4797
3 7359 2248 4994
3 1974 1869 7835
3 5150 1974 6267
3 6267 5427 6989
3 1974 5150 7048
3 5863 1869 1974
3 5863 1974 7048
3 5863 7048 5625
3 6369 5987 1695
3 6369 1695 5123
3 5123 1695 7769
3 6900 3905 4535
3 866 4535 5699
3 866 5699 6816
3 5699 3905 2762
3 5699 4535 3905
3 6900 2762 3905
3 7538 6900 1521
3 7538 1521 791
3 7538 791 210
3 791 1521 4535
3 4535 1521 6900
3 7538 210 7104
3 1740 7538 6303
3 5364 6344 5332
3 1898 6344 418
3 6109 7570 3320
3 3320 7570 6344
3 3320 6344 485
3 1059 6109 3320
3 1059 3320 4095
3 4095 3320 3490
3 3490 3320 485
3 4572 1059 7488
3 7855 7488 4095
3 4095 7488 1059
3 7488 4075 4572
3 4491 5997 5167
3 6591 3071 5770
3 3071 6591 6446
3 6446 6591 597
3 597 6591 2529
3 3920 597 4076
3 4076 597 2529
3 597 3920 6446
3 1911 5050 3930
3 3930 5050 6613
3 6026 3679 4838
3 6026 4838 3400
3 7453 3477 2803
3 2204 7453 2881
3 2204 2881 7564
3 2881 7453 6342
3 6342 7453 2803
3 6038 7564 2881
3 6038 6342 7391
3 2881 6342 6038
3 2524 7391 6342
3 6038 7391 3845
3 6038 3845 6196
3 1443 6196 3845
3 1443 3845 6509
3 6509 3845 734
3 4828 6509 5105
3 6397 2173 7466
3 2766 1441 2537
3 2766 3056 7398
3 2490 2537 1441
3 7398 1441 2766
3 6050 6466 2537
3 6466 2766 2537
3 3056 2766 6466
3 5903 6466 6050
3 6466 5903 1189
3 7466 3056 6397
3 6466 1189 6397
3 6466 6397 3056
3 3322 7771 4828
3 4828 7771 6509
3 7598 7771 3322
3 3190 7771 6246
3 6246 7771 7598
3 1443 3190 7139
3 7139 3190 6246
3 6038 6196 7564
3 5833 6270 7268
3 7564 533 7213
3 5810 7564 2330
3 6726 7453 2204
3 6726 2204 5810
3 1751 6726 4355
3 5810 4355 6726
3 7453 6726 829
3 7329 1283 7364
3 3434 7329 7364
3 5300 5113 1751
3 4661 6840 3674
3 3674 6840 4858
3 3674 4858 5300
3 5300 4858 5113
3 1922 7792 4854
3 7133 7792 1922
3 7529 1922 4854
3 7133 1922 7739
3 7739 1922 7529
3 6943 7133 7111
3 7111 7133 7739
3 6876 5948 3522
3 3522 5948 7111
3 7739 3522 7111
3 3703 1748 5489
3 3992 1748 7833
3 7028 3703 2813
3 4846 41 6940
3 1781 3004 5184
3 5184 3004 6207
3 4032 5483 7504
3 4032 7504 7840
3 5944 7840 2404
3 6802 5944 4447
3 4447 5944 2404
3 2506 5944 4772
3 4772 5944 3378
3 4772 3378 4014
3 6971 3378 6095
3 3378 6971 1811
3 6104 6971 5032
3 6095 5032 6971
3 5969 6872 5002
3 4891 6607 6582
3 1174 645 6833
3 645 1174 6607
3 645 6607 4891
3 1685 1775 5804
3 6143 1775 4486
3 4486 1775 1685
3 6143 4486 2319
3 6167 1337 5143
3 6167 5143 5958
3 7197 6119 4652
3 4652 2428 7116
3 2428 2534 6557
3 4652 2534 2428
3 1162 3750 7293
3 2534 3750 1162
3 5554 7078 3750
3 3750 7078 7293
3 2428 6557 5497
3 5075 2428 5497
3 6045 5075 5497
3 6045 5497 7295
3 6099 2093 3510
3 6099 3510 7763
3 2864 1503 3605
3 50 2519 2864
3 50 2864 3605
3 50 4166 6341
3 6341 2519 50
3 4166 3605 6893
3 3605 4166 50
3 6636 2864 5210
3 5210 2864 2519
3 2519 6783 5210
3 5210 6783 7473
3 6030 6636 5210
3 2450 6636 6030
3 7473 6030 5210
3 7384 2338 4055
3 5930 149 7483
3 5930 7483 6252
3 5930 6252 2002
3 2002 6252 1784
3 5407 1784 6252
3 510 3903 5403
3 4603 510 5403
3 5248 4831 2610
3 2610 4831 2708
3 7410 2611 7147
3 5248 2611 4831
3 7305 4831 5730
3 5730 4831 7410
3 7410 4831 2611
3 5236 5730 7410
3 4563 7755 2536
3 5263 14 3191
3 6952 3192 3191
3 6952 2060 3285
3 2060 6952 3191
3 4480 6526 6952
3 6661 4480 1394
3 1394 4480 6952
3 3698 4480 6661
3 3009 4904 995
3 3009 995 1512
3 6067 1788 6169
3 6169 1788 97
3 5951 97 1788
3 6169 97 1112
3 5951 1112 97
3 6067 6169 7153
3 4620 6169 4475
3 816 7153 4620
3 1475 816 4620
3 5324 1213 6666
3 5322 5029 6948
3 6948 5029 2956
3 1915 1533 6204
3 2780 6204 1533
3 2780 1533 1578
3 1915 1350 1533
3 5292 5707 1578
3 5123 7769 5647
3 5123 5647 7666
3 2993 1694 3248
3 2993 3248 1740
3 6338 1740 6303
3 6338 1711 5551
3 1711 6338 6303
3 1711 6303 3567
3 7538 3567 6303
3 5332 2201 3567
3 2336 5284 7749
3 5067 5284 2201
3 5067 2201 5332
3 2201 5284 2336
3 2844 4482 4313
3 4313 4482 5284
3 5284 4482 7127
3 2844 4313 5122
3 5122 4313 5067
3 5067 4313 5284
3 1665 5755 2844
3 1665 2844 5122
3 7664 7570 6109
3 4450 5555 6970
3 5555 4450 1131
3 2409 6915 3245
3 3245 6915 5555
3 3245 5555 1131
3 4233 2409 3245
3 4233 3245 7000
3 4233 7000 5018
3 4491 4428 7000
3 1160 7000 4428
3 2628 4428 5316
3 3254 1019 4428
3 4428 1019 5316
3 7152 2756 3729
3 7152 3729 5770
3 598 7152 3071
3 598 3071 60
3 3357 598 2051
3 3357 2051 1245
3 2064 5186 4387
3 4387 5186 6
3 2525 4387 3860
3 2525 3860 5381
3 5228 5381 3860
3 5228 3860 3920
3 1728 5228 3290
3 3434 6367 7329
3 5228 1728 4372
3 7364 5571 1241
3 3434 7364 1241
3 2525 5381 7097
3 2525 7097 4387
3 6361 4387 7097
3 1025 6361 1028
3 1812 5363 4858
3 1812 4858 6840
3 1812 7079 79
3 722 7792 4224
3 7079 696 7792
3 7079 7792 722
3 3280 4224 7792
3 7173 7251 4792
3 4792 7251 5296
3 2847 5823 6413
3 3775 3878 3005
3 3005 6019 1216
3 6019 3005 7028
3 7028 3005 6943
3 6943 3005 3878
3 5974 3775 505
3 5546 263 6787
3 7013 5546 2690
3 7013 2690 6191
3 2690 5546 6787
3 5546 7013 2293
3 5543 7013 6191
3 5543 6191 4402
3 4032 2506 4772
3 6384 3520 4185
3 5982 4185 3520
3 137 6314 3596
3 3111 137 4250
3 137 3596 4250
3 4250 3596 6384
3 6314 137 4398
3 4398 137 3111
3 4398 3111 6229
3 3111 4250 5947
3 5947 4250 6384
3 3508 5947 6384
3 6872 3988 5032
3 6872 5032 5002
3 6104 5032 3988
3 5679 6514 3505
3 3505 6514 6167
3 3505 6167 5279
3 6796 3505 5279
3 5075 7375 2428
3 7116 2428 7375
3 6301 7375 5075
3 6301 5075 6045
3 5696 4128 6301
3 5696 6301 148
3 5696 148 7295
3 5696 7295 2156
3 7035 3236 888
3 1763 7131 7035
3 2654 7763 5965
3 7763 2654 4048
3 7763 4048 6099
3 1547 3107 4048
3 1547 4048 6453
3 6453 4048 719
3 2623 719 2654
3 2623 2654 5965
3 4048 2654 719
3 548 6453 719
3 548 719 2623
3 4863 3277 3661
3 3787 1989 6705
3 1989 3787 3661
3 4863 3661 3787
3 2450 7384 5461
3 4720 5461 615
3 4720 615 7066
3 7066 615 4807
3 7384 4807 615
3 7384 615 5461
3 3562 7066 4807
3 4917 7066 3562
3 6536 3562 4807
3 4807 7384 6536
3 7058 4917 3562
3 7058 3562 6536
3 1866 129 2002
3 1866 2002 6244
3 2002 129 5930
3 149 5930 3142
3 4998 1866 4932
3 4932 1866 6244
3 4432 4998 4932
3 7543 6986 7434
3 7660 2610 2708
3 5248 2610 7543
3 3763 7543 2610
3 3763 2610 7660
3 3152 4931 4733
3 4931 3152 2992
3 5771 4931 7305
3 1561 3527 7574
3 1561 7574 4973
3 7574 3527 153
3 153 3527 677
3 7560 7574 699
3 7560 699 3767
3 7560 3767 4563
3 2416 699 7574
3 4563 3767 5236
3 3767 699 5236
3 5236 699 5730
3 699 2416 5730
3 7755 4563 5236
3 7410 7755 5236
3 7798 1696 3944
3 172 7798 7511
3 3088 7511 5222
3 1344 2952 5263
3 6067 4041 5372
3 1788 6067 5372
3 3782 544 7582
3 5935 7582 6204
3 2780 5935 6204
3 2407 7582 5935
3 7185 3813 2407
3 2554 7185 2407
3 2702 572 1049
3 2702 6320 7472
3 6320 2702 1049
3 4935 1683 7749
3 1683 4935 2983
3 5551 1683 1566
3 1566 1683 2715
3 6338 2993 1740
3 2993 6338 1566
3 2993 1566 1694
3 1694 1566 2715
3 5551 1566 6338
3 1683 5551 7749
3 830 4935 7749
3 2485 4324 4935
3 2485 4935 4106
3 2170 2485 4106
3 5869 3372 2485
3 5869 2485 2170
3 2485 3372 4324
3 3556 7808 2018
3 3556 2018 2403
3 2018 7279 4813
3 4813 2403 2018
3 7566 3556 2403
3 7566 2403 4813
3 4063 4813 2219
3 2219 4813 7279
3 7566 6753 5736
3 7566 5736 5415
3 7857 6554 2784
3 4450 6970 7664
3 5122 7664 1665
3 7746 7857 4379
3 5485 3796 3686
3 5485 3686 1298
3 5485 1298 7650
3 7650 1298 7732
3 7732 1298 3686
3 5095 1623 6870
3 825 1623 5095
3 3791 6870 1623
3 3791 1623 1993
3 6094 1993 1582
3 5215 1564 2283
3 5215 2283 5920
3 5920 2283 6671
3 7554 2283 1564
3 5937 6671 2283
3 2280 6296 5515
3 7554 6296 2283
3 2283 6296 2280
3 6883 6551 5186
3 6883 5186 2064
3 6883 2064 6361
3 6883 5828 4318
3 6883 4318 1790
3 3938 5828 3501
3 3938 3501 3534
3 3501 5828 6396
3 7346 3534 3501
3 7346 3501 5533
3 5533 3501 6396
3 4224 307 1217
3 4224 1217 722
3 1217 307 7346
3 6585 948 7173
3 7251 7173 948
3 7346 948 6585
3 4841 7186 4792
3 7482 4792 7186
3 7193 4500 7605
3 7605 4500 4841
3 3943 7193 7605
3 407 2938 1404
3 1404 2938 5546
3 4027 2293 7013
3 4027 7013 5543
3 6253 5543 3462
3 3108 5543 6253
3 3462 5543 398
3 5543 3108 4027
3 4357 3462 4896
3 4896 3462 845
3 845 3462 398
3 6314 6388 3566
3 6314 4398 6388
3 7747 6388 4398
3 3879 1946 6229
3 3879 6229 3111
3 3879 3111 5947
3 899 5947 4927
3 5278 3879 899
3 5278 899 4392
3 4392 899 4927
3 5947 899 3879
3 4927 1734 3421
3 3421 1734 5632
3 3421 3668 1088
3 4334 3668 7729
3 7729 3668 3421
3 3478 3668 1552
3 1552 3668 4334
3 2156 7814 1552
3 2156 1552 5696
3 4579 3478 5306
3 655 4579 5306
3 6675 1547 6453
3 835 3579 7425
3 5245 7630 3579
3 5245 3579 3220
3 3220 3579 5502
3 5502 3579 835
3 2079 835 7425
3 7425 3579 7630
3 3277 5502 548
3 548 5502 6453
3 6453 5502 835
3 6453 835 2079
3 3617 4371 3787
3 3617 3787 6705
3 3787 4371 4863
3 2009 4007 1716
3 2009 1716 3617
3 2009 3617 6705
3 1293 2547 6885
3 5726 6885 6749
3 5726 6749 1892
3 2268 6749 6885
3 7066 1892 6749
3 7066 6749 4720
3 2268 4720 6749
3 4917 1892 7066
3 7563 7660 4694
3 4694 7660 2735
3 4998 3763 7660
3 3763 4998 4432
3 4998 7660 7563
3 4083 3389 3527
3 1561 1202 4083
3 1561 4083 3527
3 677 3527 3389
3 677 3389 6918
3 3829 1202 1561
3 4520 4541 7560
3 678 5225 3852
3 5527 3852 5225
3 5527 5225 1696
3 3438 5527 7798
3 7798 5527 1696
3 4823 3665 179
3 179 3665 1839
3 6293 4823 179
3 6293 179 1810
3 1810 179 192
3 192 179 1839
3 7709 4823 6293
3 4982 7701 601
3 4982 601 7247
3 7247 601 6293
3 6205 7701 7471
3 4982 7471 7701
3 6293 601 7709
3 7709 601 7701
3 7471 4982 1973
3 1973 4982 5612
3 7247 5612 4982
3 6490 1678 5612
3 6490 7798 172
3 7798 6490 5612
3 7798 5612 7247
3 6490 5882 1678
3 3684 5882 3088
3 3088 5882 6490
3 3088 6490 172
3 5222 7652 3088
3 3088 7652 3684
3 3441 6002 4160
3 3147 6002 3441
3 5372 1224 1788
3 1788 1224 5951
3 5951 1224 139
3 4349 2492 1224
3 4349 1224 1659
3 6103 5372 1469
3 5372 6103 1659
3 5372 1659 1224
3 4091 3868 6103
3 4091 6103 4845
3 4091 4845 358
3 1852 1673 969
3 4802 969 1673
3 5195 5178 2072
3 5178 5227 2072
3 2072 5227 6592
3 6592 5227 4802
3 2392 2072 6592
3 7182 7824 6592
3 7374 4365 4028
3 4365 7374 5746
3 5746 7374 7824
3 7526 7374 4028
3 5567 7526 4263
3 4522 5900 1615
3 2811 3960 80
3 2811 80 3782
3 3782 80 4547
3 3960 2811 6822
3 3813 6822 2811
3 5309 6898 6013
3 5309 6013 2717
3 577 1554 5064
3 5064 1554 2717
3 5064 2717 6013
3 2927 5194 6013
3 2927 6013 6898
3 6013 5194 5064
3 5064 5194 6668
3 6574 742 7479
3 7479 742 2101
3 7479 2101 7724
3 2101 742 6715
3 2927 6715 742
3 2927 742 6574
3 3157 6383 4201
3 6383 3157 1476
3 6955 3157 4201
3 4201 6383 7542
3 6398 3157 5467
3 7430 6398 565
3 4843 565 5467
3 5467 565 6398
3 5312 4843 4150
3 4853 5312 661
3 4853 661 3453
3 4150 4843 5166
3 5312 4150 661
3 3453 661 7417
3 7417 661 4150
3 7417 4150 5166
3 5927 5426 7417
3 5426 5927 5293
3 1616 1868 7307
3 7190 4819 5013
3 7281 4903 5924
3 7190 5013 1073
3 7281 1643 2837
3 4903 7281 2837
3 1709 2698 1167
3 2838 2698 6106
3 2838 6106 7656
3 2266 7656 6106
3 1709 6106 2698
3 5180 7656 5346
3 7241 1646 5734
3 5734 1646 5357
3 3346 5514 5734
3 1833 3346 5734
3 3346 1833 7123
3 7123 1833 2514
3 5563 2514 1833
3 5563 1833 5346
3 3774 4483 574
3 3774 574 2675
3 3774 2675 7061
3 6237 4057 542
3 344 6432 1376
3 6432 344 5926
3 6432 5926 6682
3 7386 2733 2668
3 7386 7774 6566
3 7046 1432 1343
3 3381 7046 3731
3 7046 3381 1432
3 3130 432 3225
3 7046 3225 3731
3 3731 3225 432
3 2888 5132 3130
3 2888 3225 6087
3 6087 3225 1712
3 1712 3225 1778
3 3130 3225 2888
3 4181 5132 2888
3 3084 2888 6087
3 2888 3084 4181
3 4247 2710 5872
3 6684 4099 3084
3 3084 4099 4181
3 2632 2347 6684
3 5044 3272 633
3 633 6218 5044
3 966 1977 3880
3 1580 5649 6973
3 1580 6973 6656
3 6973 5649 73
3 6973 73 1244
3 6052 5500 2089
3 6052 2089 416
3 2720 6202 6052
3 2720 6052 6688
3 1371 6052 6202
3 3316 2865 1843
3 3821 3316 6287
3 2069 7385 6994
3 5101 2069 6987
3 6994 6987 2069
3 1540 5101 1215
3 6474 3327 2598
3 3327 6474 1540
3 3327 1540 5939
3 7836 3327 5939
3 6777 4037 445
3 4037 6777 1278
3 1278 6777 5559
3 5559 3301 3291
3 2899 2188 2605
3 2899 2605 1951
3 4366 3547 5850
3 5850 3547 154
3 5383 4366 5850
3 5383 5850 2445
3 3345 4796 3100
3 1675 1247 3166
3 3033 621 5176
3 5176 621 4430
3 621 3033 4916
3 4916 3033 4708
3 4916 4708 5175
3 3397 1524 621
3 4916 3397 621
3 4430 621 1524
3 2118 3397 4916
3 6387 5154 1524
3 6387 3397 2118
3 3397 6387 1524
3 5973 6387 2118
3 6387 5973 3258
3 5881 7399 3258
3 5881 3258 6770
3 2697 5881 6770
3 6081 5881 2697
3 6081 2697 5860
3 5860 2697 4141
3 7725 5866 638
3 638 4141 779
3 638 779 7725
3 4141 638 939
3 939 638 5866
3 6770 7725 779
3 6770 779 2697
3 2697 779 4141
3 3966 4141 939
3 3966 939 6072
3 6072 939 5866
3 227 6072 3145
3 1535 3145 6072
3 1535 6072 7126
3 5866 7126 6072
3 7658 3145 5985
3 6647 5985 1535
3 1535 5985 3145
3 5475 7126 5797
3 3101 5797 3741
3 3101 3741 7092
3 252 5085 3741
3 5894 252 6576
3 2056 6576 252
3 2056 252 3741
3 5894 5085 252
3 6701 3115 987
3 478 3115 6701
3 287 886 6884
3 287 6884 1815
3 1815 6884 5708
3 6884 886 1
3 5708 6884 7135
3 5539 4557 1815
3 5539 6400 5907
3 6400 5539 1815
3 6493 5049 2470
3 2470 5049 2163
3 1906 6337 4436
3 5631 5735 5200
3 7215 5631 5200
3 6755 4301 2788
3 6755 2788 7
3 1714 6755 7
3 7 2379 1714
3 2379 7 2788
3 423 1714 5374
3 5374 1714 2379
3 3363 423 5374
3 59 5897 5374
3 59 5374 5901
3 5901 5374 4631
3 5829 1856 4058
3 4058 1856 6281
3 4058 6281 4294
3 6281 1856 3081
3 6111 5829 7062
3 7062 5829 4058
3 7062 4058 4294
3 6111 7062 6132
3 6132 7613 7179
3 3545 7613 6132
3 3545 6132 7062
3 3545 7062 4294
3 5864 411 3267
3 4155 4834 3267
3 4155 3267 411
3 5226 5519 6853
3 7766 5226 6853
3 4776 6853 7626
3 2178 5162 5377
3 7429 2178 5377
3 4776 5162 2178
3 923 4776 2178
3 923 2178 7429
3 2908 7429 7494
3 7494 7429 5377
3 7021 4246 5415
3 5415 4246 7566
3 5961 1884 2289
3 4685 5961 5432
3 5556 4685 5432
3 4919 1226 5556
3 4919 5432 1306
3 5432 4919 5556
3 6618 2569 1418
3 6618 1418 3279
3 3279 1418 1306
3 4919 1306 1418
3 4919 1418 2569
3 4919 2569 1226
3 1226 2569 5433
3 4490 5595 4379
3 7746 4379 5595
3 3029 7363 4388
3 2700 7219 4525
3 7219 2700 2304
3 6321 7219 2304
3 3796 6321 2304
3 7437 6321 4791
3 7437 4791 2138
3 4791 5485 6043
3 1814 6043 5485
3 7650 1814 5485
3 486 6043 1814
3 486 1814 7650
3 1180 4079 870
3 1180 870 4069
3 1180 4069 4270
3 4069 870 3791
3 1993 4069 3791
3 5215 1208 1564
3 7110 5215 5920
3 782 6411 5215
3 782 5215 7110
3 867 7110 5920
3 5515 5605 2280
3 2280 5605 2283
3 4318 7042 1790
3 5241 6766 2223
3 5241 3534 6766
3 3534 5241 6742
3 6585 6766 7346
3 5241 2223 5069
3 5069 2223 5664
3 5836 2208 7482
3 1169 2424 3270
3 1169 3270 3483
3 2424 2853 3270
3 421 6769 1829
3 1797 4536 5692
3 1797 4825 5553
3 1797 5692 4825
3 4707 6175 4825
3 4707 4825 5692
3 2032 6175 2340
3 4707 2340 6175
3 469 2153 2777
3 5870 5334 365
3 3010 2322 6859
3 6837 3010 6859
3 5988 6837 4209
3 5988 4209 6386
3 6386 4209 6253
3 6253 4209 3108
3 3108 4209 6837
3 3108 6837 6859
3 3465 2357 5988
3 3465 5988 6386
3 6005 6386 3311
3 2213 4427 6984
3 4357 4896 6984
3 6984 3432 5867
3 5328 6481 6229
3 6393 2329 2061
3 2061 2329 5278
3 2061 5278 212
3 212 5278 6878
3 2573 5328 6393
3 5422 160 5213
3 5422 5213 3039
3 3039 5213 5182
3 3039 5182 1284
3 3220 6368 5245
3 5022 2695 6880
3 6880 2695 6637
3 5726 5022 1777
3 6885 5726 1777
3 6885 1777 1293
3 1293 1777 2639
3 3295 5726 1892
3 5022 5726 3295
3 1341 3295 3569
3 1341 3569 1417
3 2695 1606 6637
3 1606 2695 529
3 4153 529 3193
3 529 4153 1606
3 6834 7810 3237
3 1163 2282 6121
3 5229 7751 6121
3 4724 1785 291
3 4437 291 1785
3 2797 4729 3665
3 2797 3665 3613
3 3613 3665 4823
3 1839 3665 4729
3 2797 3613 4844
3 6809 2889 4249
3 2491 2630 7701
3 2491 7701 6205
3 2491 7820 2630
3 1508 7820 6205
3 2491 6205 7820
3 3684 7652 4125
3 4515 4125 7652
3 5882 95 1973
3 5882 1973 1678
3 1973 95 7471
3 4125 7471 95
3 4125 95 5882
3 5612 1678 1973
3 1323 5205 4515
3 3147 6467 1323
3 3147 1323 6002
3 395 6467 2492
3 5946 4349 1659
3 6862 6993 3956
3 3956 6993 2436
3 67 6228 2436
3 6228 3956 2436
3 6228 3915 6862
3 6228 6862 3956
3 4091 67 2436
3 6993 4091 2436
3 871 3915 6228
3 873 1872 5178
3 873 5178 6308
3 5227 5178 6979
3 6979 5178 1872
3 5900 2507 7194
3 5900 7194 5567
3 5567 7194 7526
3 7526 7194 2124
3 6457 7194 2507
3 6457 2507 7174
3 7287 6438 5900
3 3156 5868 7561
3 3156 7561 2924
3 3156 2924 1534
3 7561 5868 7287
3 7561 7287 4522
3 1214 2924 3888
3 1214 3888 1771
3 3888 2924 181
3 181 2924 2090
3 2090 2924 7561
3 2 2090 7561
3 3358 181 2090
3 3358 2090 5793
3 5793 2090 2
3 5793 2 3448
3 3448 2 7561
3 3448 7561 5035
3 3922 3448 3070
3 3922 5793 3448
3 6804 3922 3070
3 5035 3070 3448
3 3060 6804 6822
3 6822 3070 3960
3 3070 6822 6804
3 6664 3060 6668
3 6664 6668 6000
3 3639 6000 4367
3 4901 3639 4367
3 3639 4901 5317
3 6985 4901 1412
3 7804 280 7542
3 7047 6172 6383
3 6383 6172 7542
3 6172 7047 1837
3 5347 1837 2298
3 698 5347 6055
3 2298 4341 6055
3 2298 6055 5347
3 5435 3795 5992
3 1996 5992 1095
3 3795 1095 5992
3 7430 1996 6398
3 4978 1996 7430
3 4978 7430 4163
3 5496 4163 7430
3 7656 5496 4853
3 7656 4853 2838
3 2838 4853 2698
3 5312 4853 5496
3 4978 4163 5180
3 5992 1996 4978
3 5435 5992 5357
3 5357 5992 4978
3 1646 5435 5357
3 7241 5435 1646
3 1416 4050 2566
3 1416 2566 2253
3 2716 2566 4050
3 4243 2253 2566
3 752 4243 7123
3 2253 4243 752
3 6641 752 7123
3 7123 3788 6641
3 3346 7123 4243
3 3346 4243 2716
3 2716 4243 2566
3 7071 3762 5891
3 7071 2754 21
3 21 2754 7061
3 7071 5891 2754
3 4799 951 808
3 951 4799 2675
3 2675 4799 21
3 2675 21 7061
3 1127 7071 4799
3 1127 4799 2733
3 1127 2733 7386
3 1900 3989 1995
3 1995 3989 1432
3 7683 1900 1995
3 7683 1995 3381
3 3381 1995 1432
3 1931 3130 920
3 3130 1931 432
3 432 1931 4934
3 432 4934 3731
3 6297 944 1931
3 944 6297 657
3 3713 657 6297
3 6297 2971 3713
3 6609 471 5573
3 5132 5573 471
3 5573 5132 1720
3 4099 1720 4181
3 6609 5573 5044
3 6609 5044 2638
3 5044 5573 56
3 5044 56 3272
3 3272 56 2347
3 1720 56 5573
3 1977 7304 3701
3 3701 7304 6655
3 7260 7304 966
3 7260 966 5649
3 1977 966 7304
3 5649 1724 4104
3 2277 3452 6683
3 7040 6683 3452
3 1687 7121 7785
3 84 6390 3427
3 84 3427 4452
3 6776 6390 4516
3 6202 4516 6390
3 2720 4516 6202
3 3149 3488 4212
3 3149 4212 3177
3 2869 2785 4228
3 4228 5725 4897
3 5725 4228 2785
3 5725 2785 4435
3 2827 5725 3821
3 3316 3821 4435
3 4435 3821 5725
3 2384 1879 1742
3 1742 1879 2827
3 1742 2827 9
3 3682 639 6994
3 639 2159 6994
3 2088 6563 639
3 2088 639 3682
3 3682 122 7385
3 1742 2159 639
3 1742 639 6563
3 6994 122 3682
3 6994 7385 122
3 2159 6987 6994
3 6563 2088 3898
3 3898 2088 612
3 3898 612 5929
3 7385 5929 612
3 3682 7385 612
3 3682 612 2088
3 4217 5929 7385
3 4217 7385 557
3 4578 2406 4347
3 4347 2406 2069
3 4347 2069 5101
3 4347 5101 7432
3 6497 958 413
3 649 6497 413
3 649 413 4415
3 5443 6497 649
3 6187 3068 3454
3 6187 3454 5443
3 6187 5443 5090
3 5090 5443 646
3 2683 3728 2598
3 3815 6879 3717
3 2211 3181 7594
3 7594 3181 6101
3 627 626 3871
3 3871 626 6294
3 3455 626 2830
3 7184 3100 5759
3 7184 5759 4528
3 4528 5759 6732
3 1635 5176 555
3 555 5176 76
3 1862 2246 3392
3 3392 2246 5154
3 2979 1862 3392
3 2979 3392 7400
3 7400 2799 5121
3 2799 7400 3392
3 2799 3392 4198
3 4198 3392 5154
3 5985 6647 5121
3 2151 5985 2799
3 2151 2799 4198
3 2799 5985 5121
3 2151 7658 5985
3 6081 7399 5881
3 6165 7399 6081
3 6165 6081 5860
3 5484 3966 6072
3 5860 3966 5484
3 6165 5860 5484
3 4606 3145 7658
3 3145 4606 227
3 6072 227 5484
3 5484 227 4606
3 5484 4606 6165
3 6165 4606 7658
3 6165 7658 7399
3 7816 4287 7092
3 5475 3101 4287
3 7092 4287 3101
3 7816 7092 1743
3 1743 7092 5085
3 5799 7816 1743
3 5388 617 7816
3 2452 5388 5799
3 617 5819 7816
3 5799 5388 7816
3 5919 2452 6305
3 5799 6305 2452
3 7103 6213 5894
3 7353 6213 3971
3 4557 7431 1888
3 4557 1888 3376
3 7431 5539 5907
3 4557 5539 7431
3 1710 2059 1628
3 1710 1628 6442
3 5907 6442 1628
3 6755 3165 6442
3 6755 6442 218
3 3904 5077 1060
3 3904 1060 2826
3 5631 7256 5735
3 3897 2059 1710
3 4024 6638 7745
3 532 4433 5470
3 5280 5626 3739
3 2418 6132 2902
3 602 3352 2902
3 602 2902 4449
3 4449 2902 7618
3 998 5864 3267
3 556 4757 4871
3 1493 7420 5499
3 5499 7420 6931
3 5499 6931 5876
3 5499 5876 6032
3 6032 5876 2398
3 5042 1779 1114
3 5042 1114 5089
3 5054 3274 2734
3 1114 3274 5054
3 5556 3274 4685
3 5433 4214 496
3 5433 496 5556
3 5556 496 2734
3 5071 1145 5072
3 1145 5071 2052
3 2052 5071 4214
3 5433 2052 4214
3 4523 5072 1145
3 4523 1145 6618
3 1145 2052 6618
3 2569 2052 5433
3 2052 2569 6618
3 4523 6618 2209
3 7363 3029 6539
3 3502 476 1824
3 3502 1824 5837
3 2533 5837 4525
3 4525 5837 1824
3 4525 1824 7183
3 132 3950 2533
3 132 2533 7219
3 7219 2533 4525
3 7437 5232 4876
3 5851 5232 7437
3 6354 7437 2138
3 7151 6043 4508
3 3828 2955 7238
3 3828 7238 1280
3 522 4539 7238
3 7238 4539 1280
3 1280 4539 7597
3 7110 7758 782
3 1750 6541 5821
3 1750 5821 256
3 513 6018 6516
3 6516 6018 4064
3 6516 4064 6251
3 978 6516 6251
3 5937 6610 6671
3 2113 4451 1943
3 1943 4451 4332
3 4332 4451 4568
3 7706 2113 1943
3 7259 2113 7706
3 7706 1943 3309
3 4600 7259 7706
3 4600 7706 5259
3 5259 7706 2119
3 2119 7706 5241
3 5069 2119 5241
3 5259 2119 5069
3 7210 5259 5069
3 4600 5259 2732
3 4600 2732 859
3 4600 859 7259
3 859 2732 6487
3 6487 2732 847
3 847 2732 5259
3 161 7637 6487
3 161 6487 7290
3 7290 6487 7229
3 7229 6487 847
3 7229 847 7210
3 7229 7210 7532
3 7229 7532 4697
3 4697 7532 5836
3 2553 7290 7229
3 2553 7229 6130
3 7229 4697 6130
3 658 6010 2553
3 658 2553 6130
3 6809 6130 2889
3 6130 6809 658
3 658 6809 3881
3 7587 5091 3881
3 6813 7820 18
3 6465 6993 2107
3 6862 2107 6993
3 2107 6862 7450
3 2212 5715 4237
3 4499 520 3581
3 4889 3734 4499
3 7464 4889 4499
3 6271 7464 4008
3 6271 4008 1782
3 7174 6375 6201
3 6201 4008 6457
3 6457 7174 6201
3 7464 6457 4008
3 4008 6201 1782
3 3834 1183 251
3 3834 251 5550
3 3834 5550 1223
3 1223 5550 1895
3 1223 1895 6532
3 2660 5550 251
3 4118 6438 7287
3 2722 4118 5868
3 2722 5868 3156
3 2722 3156 3622
3 5414 144 5616
3 6985 907 1771
3 1771 907 1214
3 2791 3681 4472
3 2791 4472 6614
3 7804 6614 4472
3 5347 7804 6172
3 5347 6172 1837
3 2385 884 3139
3 2385 3139 6082
3 1933 3139 6055
3 6055 3139 698
3 229 3369 4664
3 229 4664 2488
3 2488 4664 6627
3 2488 6627 1934
3 6627 4664 54
3 1587 1934 6627
3 1587 6627 6800
3 2810 1934 1587
3 2810 1587 6800
3 54 6800 6627
3 5303 7254 6800
3 5367 5303 6800
3 5327 6875 1204
3 6641 7807 1204
3 6641 1204 6857
3 6857 1204 6875
3 752 6641 6857
3 5772 7807 7352
3 7807 5772 1988
3 7607 1988 5189
3 5189 1988 5772
3 3784 7607 6326
3 7631 6326 7607
3 7631 7607 5189
3 2681 5285 7631
3 6595 3066 1569
3 6561 1351 102
3 1916 7750 7071
3 7486 7750 1916
3 7486 1916 2327
3 2608 5355 6795
3 2608 1900 7683
3 1900 6795 3989
3 6795 1900 2608
3 4934 5355 7683
3 2608 7683 5355
3 1134 944 657
3 5355 944 1134
3 944 5355 4934
3 6795 5355 1134
3 6795 1134 4602
3 4602 1134 657
3 6633 7486 4602
3 3688 7486 6633
3 1764 7819 6633
3 1764 6633 3713
3 3713 6633 4602
3 6858 2308 258
3 6858 258 6385
3 4444 1597 4842
3 2277 7373 2449
3 3092 7373 6683
3 2277 6683 7373
3 3509 6084 3092
3 3509 3092 6683
3 3509 6683 7059
3 3092 6084 6194
3 6084 3509 5330
3 5330 3509 7059
3 5330 7059 6519
3 6677 6519 7059
3 7785 3460 1687
3 1243 3460 6910
3 6910 3460 7785
3 2572 807 3711
3 2751 2711 7063
3 4462 1658 7476
3 4462 4081 6116
3 5188 2273 1658
3 5188 1658 6116
3 2083 2273 2769
3 2083 2769 5262
3 2769 2273 5188
3 2769 5188 3757
3 1754 5262 2769
3 6447 1754 2769
3 2769 3757 6447
3 2224 6447 3757
3 2224 3757 4739
3 3898 1600 6563
3 6563 1600 2224
3 6480 1600 3898
3 6480 3898 7171
3 1975 7171 4329
3 4329 7171 5929
3 5929 7171 3898
3 4217 4329 5929
3 3247 1975 4329
3 3621 3247 4329
3 3247 3621 1948
3 7503 5512 738
3 7503 738 4578
3 7503 4578 4347
3 7208 6295 2388
3 2388 6295 2849
3 120 7208 7503
3 7503 7208 5512
3 2251 7208 120
3 2251 120 1910
3 2251 1910 7167
3 2251 7167 3473
3 3473 7167 6932
3 1910 120 958
3 1883 7167 6497
3 6497 5443 1883
3 3454 4245 1883
3 3454 1883 5443
3 1883 4245 7167
3 4771 6932 4245
3 4771 4245 6155
3 6155 4245 3068
3 740 4771 7184
3 740 7184 4528
3 7184 4771 6155
3 4203 5368 4461
3 4203 4461 2699
3 6579 6433 555
3 6147 4832 2292
3 3597 5705 7559
3 7087 2979 7400
3 7506 2044 5121
3 7087 7400 4374
3 4374 2044 7506
3 2044 4374 7400
3 7087 4374 1070
3 1070 4374 377
3 2037 4138 1070
3 2037 1070 377
3 5819 4315 2037
3 846 7520 2026
3 6213 4147 6305
3 6305 4147 5919
3 7495 4147 7353
3 7353 4147 6213
3 921 4274 7495
3 921 7495 6299
3 784 4274 921
3 4676 3754 7745
3 7745 3754 4024
3 5675 53 4676
3 3754 4676 53
3 3754 53 4175
3 7735 5675 4676
3 6177 6069 917
3 917 6069 4433
3 917 4433 5626
3 4070 3323 5280
3 4449 7496 602
3 6088 7496 4449
3 5152 7496 6088
3 5152 6088 2323
3 4373 2323 6088
3 5257 5152 4678
3 7286 5271 5518
3 5271 7286 7600
3 5271 7600 6418
3 7738 5271 5026
3 5026 5271 6418
3 5026 6418 1783
3 1783 6418 5978
3 6236 7738 5026
3 5026 1783 6236
3 6236 1783 6048
3 6048 1783 138
3 138 1783 5978
3 5054 4642 5089
3 6306 7738 6236
3 3171 6306 6236
3 3171 6236 1594
3 1594 6236 6048
3 6743 6521 2196
3 6743 2196 5613
3 4377 5613 2196
3 4261 2196 6521
3 2196 4261 4377
3 6760 5003 4377
3 6760 4377 5998
3 1077 6625 1438
3 376 6625 5802
3 376 5802 3305
3 5802 6625 5453
3 7872 3305 1228
3 1228 5802 5071
3 5072 1228 5071
3 5071 5802 5453
3 5802 1228 3305
3 3635 375 7872
3 7872 375 3305
3 5234 2435 5837
3 4421 2370 5851
3 4421 5851 3241
3 5851 2370 5232
3 5232 2370 5769
3 6354 3241 5851
3 6354 5851 7437
3 5459 7828 7533
3 2129 3399 7533
3 2129 7533 2405
3 2405 7533 6353
3 2942 2405 6353
3 2942 6353 2955
3 4938 2942 6144
3 6271 5981 7464
3 5981 6271 6144
3 4889 5981 1302
3 7597 1302 5981
3 7597 5981 3828
3 3583 7641 7597
3 3583 7597 7438
3 355 7641 3583
3 355 3583 7758
3 4072 5133 3552
3 6144 1782 6201
3 6144 6201 4938
3 6375 4938 6201
3 2405 7868 2129
3 2129 2713 2035
3 2713 2129 7868
3 3412 3834 1223
3 3412 1223 6532
3 5276 2035 3412
3 5276 3412 2782
3 5276 2782 7298
3 3955 7298 2071
3 2071 2782 5706
3 6731 2071 6389
3 6389 2071 5706
3 3112 5138 2781
3 7687 3112 3622
3 3622 3112 2722
3 2722 3112 2781
3 3373 5964 4005
3 7687 4005 5964
3 6283 6950 4308
3 4308 6950 1652
3 6614 5905 2341
3 6614 2341 2791
3 5905 6614 363
3 4888 5905 363
3 7199 2385 1938
3 1938 2385 6082
3 3007 1653 229
3 5831 2488 1934
3 5831 3007 2488
3 2488 3007 229
3 5831 1934 230
3 230 1934 2810
3 2311 5831 230
3 2311 230 2548
3 2548 230 2810
3 2548 2810 5301
3 5301 2810 4090
3 4090 2810 3299
3 2260 4090 3299
3 5172 4328 2264
3 5172 2264 7544
3 7544 2264 700
3 2264 4328 7254
3 2264 1611 2448
3 2448 1611 7102
3 7654 2448 7102
3 7254 1611 2264
3 700 2264 2448
3 7308 3624 2448
3 7308 2448 4993
3 4993 2448 7654
3 6639 1664 2988
3 1664 6639 6875
3 5327 1664 6875
3 3784 1664 5327
3 7607 3784 5327
3 3407 5327 1204
3 3407 1204 7807
3 7607 5327 3407
3 7607 3407 7807
3 7607 7807 1988
3 5960 6639 2988
3 1178 435 5960
3 1178 5960 6326
3 1178 6326 7631
3 6326 5960 2988
3 1844 435 1178
3 1844 1178 7631
3 1844 7631 5285
3 1258 2028 1844
3 1258 1844 6374
3 6374 1844 7022
3 7245 7022 6595
3 559 4105 4626
3 559 4626 4411
3 770 4105 559
3 1679 7838 6561
3 7750 1679 6561
3 3688 1679 7750
3 7486 3688 7750
3 4266 2814 7819
3 4266 7819 5025
3 2666 3440 6594
3 6594 3440 5741
3 7698 6594 1125
3 1545 2479 271
3 271 2479 7698
3 271 7698 5608
3 5608 7698 1125
3 3117 3370 3159
3 3355 3370 3117
3 3355 3117 6881
3 6881 3117 4267
3 6881 4267 6927
3 5913 6927 4267
3 7373 2968 195
3 6186 728 1013
3 3318 304 6186
3 3318 6186 691
3 691 6186 1013
3 2166 3318 691
3 776 2166 6084
3 5811 776 6084
3 5811 6084 5330
3 5811 5330 6519
3 1195 5811 5088
3 5088 5811 6519
3 7601 5088 6078
3 6078 5088 6519
3 6078 6519 7089
3 5719 6078 7089
3 2816 7601 6078
3 681 2816 6078
3 681 6078 5719
3 6677 7340 7089
3 681 4462 7476
3 4462 681 5719
3 681 7476 2816
3 3182 7378 4936
3 4936 7378 4633
3 3003 3182 4936
3 6235 3003 4936
3 6235 2274 3003
3 6235 4936 5342
3 5342 4936 4633
3 5262 7602 2083
3 833 3974 6871
3 833 6871 3361
3 6871 3974 7753
3 7780 6871 2442
3 2442 6871 7753
3 3361 6871 7780
3 3361 7780 1975
3 7780 2442 3973
3 2442 7753 3973
3 771 7780 3973
3 771 3973 3489
3 6480 3489 6447
3 6447 3489 7753
3 7753 3489 3973
3 2224 6480 6447
3 7780 6480 7171
3 7780 7171 1975
3 3489 6480 771
3 771 6480 7780
3 1948 6894 3361
3 6894 833 3361
3 3247 1948 3361
3 3247 3361 1975
3 833 6894 3974
3 2911 2073 3494
3 2198 2911 3494
3 2198 3494 3366
3 63 2198 2849
3 63 2849 5883
3 2849 2198 2388
3 5711 7310 63
3 63 5883 5711
3 5711 5883 5874
3 5117 5874 5883
3 6716 5117 1619
3 5117 5883 1619
3 6295 1072 1619
3 3473 6260 4268
3 3473 4268 2251
3 2251 4268 6295
3 6295 4268 1072
3 1072 4268 1619
3 1619 4268 6260
3 4203 6260 51
3 2699 7343 4203
3 7343 2356 3251
3 6097 2356 7343
3 7343 3251 6716
3 4752 5729 6097
3 2356 6097 5729
3 6570 4752 6097
3 6147 5662 4832
3 4832 5662 2633
3 4060 5662 1727
3 1727 5662 6611
3 6611 5662 6147
3 6611 6147 4310
3 2292 4848 6147
3 6431 5562 7869
3 5693 7520 4524
3 3754 921 4024
3 921 3754 784
3 3456 6928 1726
3 4730 6599 7612
3 4730 7612 3456
3 7002 7612 3153
3 3153 7612 6599
3 7002 3153 7341
3 2527 7341 3153
3 2527 3153 4509
3 1657 7341 2527
3 1699 1692 5384
3 4389 1699 3266
3 3266 5384 3911
3 5384 3266 1699
3 4961 4389 3266
3 4961 3266 4133
3 4133 917 5626
3 917 4133 6177
3 3266 6177 4133
3 4961 4133 3323
3 3323 4133 5626
3 6568 7262 4961
3 6568 4961 4070
3 5536 2897 5570
3 3103 5536 5570
3 5536 3103 5757
3 5757 3103 7011
3 4712 4074 5757
3 5010 4712 4232
3 5010 4232 4641
3 7072 4232 4712
3 7072 4712 7011
3 7011 4712 5757
3 7572 4232 7072
3 7572 7286 3752
3 7286 5518 3752
3 3053 1669 7120
3 2562 7120 1669
3 2807 7361 6616
3 6616 7361 3128
3 6616 3128 4991
3 4120 7826 7361
3 6743 7361 1594
3 1594 7361 3171
3 6743 1594 6521
3 7361 6306 3171
3 2464 308 4123
3 2464 2387 3185
3 85 4102 1212
3 85 1212 3963
3 1212 4102 2050
3 4669 6923 1212
3 1212 6923 3963
3 4669 1071 6923
3 375 3635 2774
3 2774 376 375
3 375 376 3305
3 376 2774 6625
3 1913 7830 6626
3 4868 5302 4049
3 3533 2370 4421
3 3533 141 2370
3 141 4049 2370
3 4612 3533 811
3 811 3533 7558
3 7274 811 7558
3 3449 7274 7558
3 4311 5950 3102
3 4311 3102 4906
3 893 4311 2160
3 893 2160 4042
3 5950 4311 893
3 4042 2160 5459
3 5459 2160 5880
3 5880 2160 4311
3 7533 4042 5459
3 3955 2027 7298
3 3125 6113 6731
3 1442 3125 49
3 5008 2894 1688
3 7155 5375 4286
3 5375 7155 2205
3 5375 2205 2513
3 5138 2205 272
3 2455 5375 5964
3 5964 5375 2513
3 3373 2954 2455
3 3337 2954 3373
3 2455 2954 5375
3 5375 2954 3572
3 3337 4005 6452
3 4005 3337 3373
3 3656 3555 4867
3 3555 3656 6452
3 5305 7513 4888
3 5224 4987 5305
3 5224 5305 1667
3 4195 1667 5305
3 3026 4883 1667
3 1667 3847 3026
3 1667 4195 3847
3 5745 5168 2063
3 2063 5168 4552
3 2063 4552 4947
3 7199 5168 1840
3 5745 1840 5168
3 2320 4552 5168
3 2320 5168 4571
3 3451 2320 4571
3 3451 4571 569
3 569 4571 1805
3 4801 3826 3105
3 2311 7737 3826
3 2311 3826 5831
3 3105 3826 7737
3 5301 7737 2548
3 2311 2548 7737
3 1842 6860 5301
3 6860 1842 6877
3 7737 5301 6860
3 7737 6860 3105
3 2260 6877 1842
3 2260 1842 4090
3 5301 4090 1842
3 3105 6860 3964
3 3105 3964 4801
3 3451 4801 3964
3 3964 6860 6877
3 5174 3964 6877
3 142 7620 5465
3 142 5465 6693
3 6922 1340 1415
3 6922 1230 170
3 1230 6922 1415
3 170 1230 7544
3 7544 1230 5172
3 170 7544 5970
3 5970 7544 167
3 6276 5670 1367
3 5395 4795 5670
3 5395 5670 6276
3 4279 4466 5304
3 5304 4466 2190
3 2472 1003 7522
3 7522 1003 2786
3 2786 1003 1984
3 5498 4297 1563
3 5498 1563 1009
3 1009 1563 2786
3 7522 2786 1563
3 5320 5498 1009
3 2586 5320 1009
3 2586 1009 5216
3 5216 2786 7245
3 2786 5216 1009
3 5572 1845 2586
3 5572 2586 5216
3 5572 5216 7245
3 1480 4698 4915
3 4915 4698 242
3 4172 4915 4105
3 4105 4915 242
3 3942 281 6843
3 6843 281 4172
3 3942 5545 281
3 281 5545 3865
3 5983 5545 2666
3 5983 2666 6594
3 1758 5037 5983
3 1401 1758 5983
3 4950 2479 3933
3 2479 4950 6180
3 7752 4950 3933
3 3355 6881 3045
3 3045 6881 3032
3 6889 7601 4645
3 7601 140 4645
3 4645 140 2892
3 5299 7378 6127
3 6127 7378 5343
3 3182 815 7378
3 1261 3954 7784
3 6415 4564 6200
3 6200 4564 7784
3 1599 6415 6200
3 1599 6200 2274
3 1434 3143 1986
3 1434 1986 5874
3 1986 1355 3678
3 1355 1986 3143
3 5711 3678 7310
3 1986 3678 5711
3 1986 5711 5874
3 7602 2590 6235
3 2911 7310 2073
3 3251 1434 5874
3 3251 5874 5117
3 5729 1434 3251
3 6611 7784 1727
3 3073 5800 1674
3 5603 7754 6431
3 2907 5580 5938
3 7418 6239 5938
3 3409 6239 7418
3 2571 672 4458
3 1726 6928 3604
3 1726 3604 7674
3 2753 5638 5373
3 5638 2753 1504
3 5638 1504 1762
3 6604 4443 1504
3 3941 7481 6604
3 7481 6057 4443
3 7481 3941 7341
3 6604 7481 4443
3 7341 3941 7002
3 1692 6080 5384
3 5384 6080 7551
3 5384 7551 6533
3 5384 6533 3911
3 2162 5039 1135
3 5039 5853 1135
3 7262 5260 2931
3 5260 1135 2931
3 5153 7262 6568
3 4074 1841 5536
3 3255 5536 1841
3 5536 3255 2897
3 1661 6673 4074
3 1661 4712 5010
3 4712 1661 4074
3 7734 6673 1661
3 7734 1661 5010
3 5430 7734 5010
3 4590 5430 7160
3 2328 5660 6489
3 7762 6217 6102
3 6102 6217 5561
3 2181 5561 6217
3 2181 6217 3690
3 7726 2181 3690
3 3128 7726 4991
3 4991 7726 3690
3 7470 4581 7521
3 5648 7521 2296
3 2296 7521 4581
3 7700 2296 1610
3 2940 1610 4581
3 1610 2296 4581
3 2744 1610 2940
3 7700 1610 2744
3 7700 2744 1108
3 2744 2940 4967
3 4967 2940 6379
3 931 1108 2744
3 931 2744 4967
3 931 4967 15
3 15 4967 6193
3 6193 4967 6379
3 1651 15 6193
3 2464 3185 6193
3 7274 6941 6930
3 7274 6930 811
3 811 6930 6179
3 4686 7516 7119
3 2206 7516 4686
3 4686 7119 861
3 6969 861 7119
3 6969 6578 861
3 7298 6578 6969
3 7298 6969 5276
3 5276 6969 5748
3 928 4177 2662
3 4514 928 5666
3 4514 5666 6468
3 2662 7376 5666
3 2662 5666 928
3 6468 5666 3623
3 3623 5666 7376
3 5724 3623 6774
3 6774 3623 7376
3 2609 5724 6774
3 2609 6774 7662
3 7662 6774 7376
3 7689 7662 5464
3 5464 7662 5763
3 5464 5763 3572
3 3337 6033 5464
3 3337 5464 2954
3 2954 5464 3572
3 7689 5464 6033
3 1194 6033 3656
3 3656 6033 3337
3 1970 7689 1194
3 1970 1194 2793
3 1970 2793 6586
3 3551 6586 2793
3 7088 5745 1488
3 4947 1488 2063
3 2063 1488 5745
3 5758 5465 7620
3 3964 5174 5758
3 3964 5758 2320
3 3964 2320 3451
3 4552 2320 5758
3 5036 539 4666
3 5604 2139 317
3 4666 317 2139
3 7350 3215 6995
3 3091 5761 7108
3 3091 7108 7122
3 3883 5304 2190
3 5304 3883 7122
3 2466 3883 3601
3 2466 3601 7326
3 6051 7326 3601
3 7522 2866 6051
3 7522 6051 2472
3 2472 6051 3601
3 980 1953 2866
3 980 4643 7165
3 4643 980 2866
3 4811 2086 2850
3 4698 473 2850
3 6498 2850 473
3 6498 473 5344
3 5344 473 2145
3 6355 5344 2145
3 6917 5694 3865
3 3865 5694 3589
3 1940 2528 1932
3 1940 1932 5037
3 1932 2528 2487
3 3812 5323 3459
3 2515 6965 1272
3 1272 6965 720
3 1272 720 6630
3 5509 720 6965
3 5509 241 720
3 6180 5509 1713
3 460 1713 5509
3 7752 6630 241
3 4866 1078 4589
3 2469 4589 7546
3 2458 5718 2469
3 2886 2458 2469
3 2469 7546 2886
3 4645 6150 6889
3 6460 6911 1303
3 5354 3746 7444
3 7444 3746 7045
3 5717 3383 7708
3 5717 1853 5311
3 7322 6612 4636
3 6473 2016 7442
3 643 7442 2016
3 1021 7442 643
3 7782 6942 780
3 7782 780 6063
3 6063 780 2094
3 7573 5583 6063
3 1165 3710 6007
3 6007 3710 7681
3 7681 3710 7573
3 7129 963 6007
3 872 7129 7681
3 7681 7129 6007
3 11 7129 872
3 11 872 7754
3 11 7754 5603
3 2907 7129 11
3 5580 2907 11
3 5580 11 5603
3 7129 1926 449
3 6239 1926 7129
3 6239 7129 2907
3 6239 2907 5938
3 2571 5638 7827
3 5638 2571 5373
3 5373 2571 6928
3 1500 1084 7515
3 1500 7515 7827
3 741 3758 7481
3 741 7481 7644
3 4684 7644 7481
3 7644 4684 1971
3 6685 7551 5391
3 5391 7551 3339
3 6685 4913 7551
3 3339 7551 6080
3 3049 5391 7145
3 7145 5391 3339
3 7145 3339 6080
3 1601 3049 7145
3 2843 1601 7145
3 2981 2843 6316
3 2981 6316 4900
3 7145 6316 2843
3 3255 1841 333
3 3255 333 5153
3 5153 333 4587
3 7262 5153 5260
3 2229 3497 165
3 2597 6976 869
3 2597 869 6520
3 869 6976 5911
3 5052 6520 869
3 5052 869 5995
3 5995 869 5911
3 5911 3406 5995
3 2281 7595 3406
3 2281 3406 402
3 402 3406 7198
3 6217 7762 5660
3 6217 5660 2328
3 7521 6102 180
3 5615 180 5006
3 180 6102 5006
3 5615 7826 7521
3 5615 7521 180
3 5561 5006 6102
3 3122 7361 5615
3 3122 5615 5006
3 3122 5006 5297
3 5561 5297 5006
3 7726 5297 2181
3 5561 2181 5297
3 3128 7361 7726
3 7361 3122 7726
3 3122 5297 7726
3 5648 5161 7521
3 2003 136 1557
3 4573 2003 1557
3 5909 7700 1800
3 1800 7700 5009
3 5009 7700 6059
3 2133 4785 2730
3 772 2133 2102
3 772 2102 530
3 772 530 6992
3 2730 2102 2133
3 1705 6992 530
3 1705 530 931
3 931 530 2102
3 931 2102 1108
3 4785 2133 6700
3 6700 2133 4824
3 4824 2133 772
3 1978 6700 4824
3 1968 4258 7274
3 4683 1968 7274
3 3958 7557 7516
3 7516 7557 119
3 7640 3958 7851
3 5187 7715 246
3 5204 6669 6895
3 5204 4686 2454
3 2454 4686 2919
3 5204 6895 2206
3 861 2919 4686
3 4686 5204 2206
3 2309 2454 5663
3 5663 2454 5055
3 3866 5366 6037
3 353 6037 5366
3 6694 5079 6037
3 6694 6037 4873
3 6694 4873 4134
3 6037 5079 3866
3 5724 2045 3842
3 2045 5724 2609
3 2045 2609 5854
3 5854 2609 8
3 3252 5531 7777
3 6285 949 5825
3 949 6285 5531
3 7052 6926 671
3 7052 6620 463
3 6620 7052 671
3 2790 6620 6023
3 6023 6620 7625
3 6023 7625 2017
3 4497 6131 1488
3 1488 6131 7088
3 7625 7088 6131
3 7088 7625 1994
3 5250 7038 2326
3 7038 5250 168
3 1717 2115 5036
3 2139 3393 3050
3 3393 2139 5604
3 857 3393 7134
3 2475 7134 5604
3 5604 7134 3393
3 1448 6679 7760
3 7333 1565 1192
3 7333 1192 5451
3 5451 1192 7023
3 7023 1192 1448
3 4862 7023 3091
3 4862 3091 3883
3 7326 4862 2466
3 2466 4862 3883
3 5952 4071 5768
3 4071 5952 6477
3 5768 4071 4637
3 4298 6284 4811
3 4298 4811 6498
3 6096 6498 667
3 5344 667 6498
3 3188 1109 6355
3 6981 6968 3841
3 6968 605 1876
3 605 6968 7203
3 6836 3812 4839
3 1538 7811 2171
3 6163 6313 4839
3 6215 6163 3459
3 3459 6163 4839
3 7487 6163 6215
3 3340 743 2651
3 743 3340 5473
3 3364 2651 743
3 3364 743 1272
3 1272 743 2515
3 2515 743 5473
3 6630 3364 1272
3 2458 1744 5718
3 6741 2458 2886
3 6741 2886 6150
3 6741 6150 6911
3 5621 4265 3557
3 6394 4265 6911
3 5848 2471 6851
3 6851 2471 4840
3 7010 5848 6851
3 2789 7010 6851
3 6430 2789 2465
3 6430 2465 6159
3 2465 2789 6851
3 2465 6851 3584
3 6352 7549 6430
3 6352 6430 6159
3 7444 2712 5782
3 6890 7444 5402
3 3823 7834 5311
3 3823 6612 7322
3 6612 3823 5311
3 6612 5311 1853
3 397 7834 3823
3 7322 397 3823
3 3148 6473 2386
3 2386 6473 3848
3 3848 6473 7442
3 1123 3148 2386
3 3848 1123 2386
3 1123 3848 4339
3 4339 3848 7054
3 7507 7054 4422
3 4422 6942 7507
3 6524 7507 1024
3 1207 1024 4870
3 4870 1024 7782
3 7140 4022 6449
3 6449 4022 4870
3 6449 4870 7782
3 6449 7782 7168
3 7168 7782 6063
3 5206 6459 4158
3 4158 6459 7168
3 4158 7168 4047
3 4047 7168 6063
3 4047 6063 5583
3 5102 4158 4047
3 7672 4158 5102
3 5102 4047 5583
3 7396 5102 7573
3 7573 5102 5583
3 7672 5102 7396
3 4158 7672 5206
3 7396 7140 7672
3 7672 7140 5788
3 7672 5788 5206
3 2880 6584 6674
3 2880 2617 2916
3 6674 2617 2880
3 3799 6707 6703
3 1165 3799 2641
3 2641 3799 6703
3 2641 6703 7396
3 1165 2641 3710
3 3710 2641 7573
3 7573 2641 7396
3 7129 4244 963
3 7644 7475 741
3 741 7475 7012
3 741 7012 3758
3 4886 7475 7644
3 4886 7644 1030
3 4886 1030 1972
3 4029 2197 1030
3 4029 1030 7644
3 4029 7644 1971
3 2197 4029 6685
3 5179 2197 6650
3 6479 2135 2843
3 6479 2843 2981
3 7599 2843 2135
3 2843 7599 7499
3 2597 6479 3530
3 2597 3530 6976
3 6976 3530 932
3 932 3530 664
3 7595 7525 5995
3 2281 2447 6573
3 2447 6663 6573
3 1170 2447 2281
3 1170 2281 75
3 6573 7595 2281
3 6696 2447 1170
3 6696 1170 6324
3 6324 2918 4573
3 7762 2918 6324
3 7762 6324 1170
3 10 6324 4573
3 2966 2913 3892
3 3892 2913 5845
3 3636 2966 2023
3 2023 2966 3892
3 5906 3636 2023
3 5611 5906 2023
3 5611 2023 3804
3 5611 3804 7221
3 5611 7221 5843
3 4478 7221 3804
3 4617 7221 4478
3 5909 1800 4478
3 5843 7221 2066
3 2066 7221 4617
3 5752 225 2066
3 6059 5752 4617
3 1539 225 5752
3 6535 1539 7408
3 5223 5247 1835
3 1978 6528 6700
3 1968 2926 4258
3 5827 7557 7640
3 5827 7640 3959
3 1738 5348 4184
3 7200 7715 5187
3 7200 4989 3889
3 3889 5366 7200
3 1154 7200 5366
3 7200 1154 5716
3 3866 1027 5366
3 1154 5366 1027
3 1154 1027 5716
3 582 5790 1510
3 582 1510 2706
3 3603 1164 2706
3 3603 2706 1433
3 3603 1433 6754
3 1510 1433 2706
3 1630 2520 4134
3 4134 2520 6694
3 7052 463 7005
3 7052 3024 6926
3 3024 7052 7005
3 6285 3024 2678
3 7617 3893 7360
3 2502 2650 3217
3 7223 2502 6410
3 6410 2502 3217
3 1246 2650 372
3 2650 1246 3217
3 6023 2017 2790
3 2852 2790 6410
3 6410 2790 2017
3 2351 5217 6451
3 1717 5221 2115
3 2115 5221 5217
3 2115 5217 2351
3 5036 2115 2351
3 5036 2351 902
3 5208 857 1920
3 1920 857 7134
3 1920 7134 5061
3 5061 7134 1672
3 3618 237 6679
3 5061 6679 237
3 6679 5061 1672
3 3588 4995 3608
3 3608 4995 5451
3 5451 4995 7333
3 2846 3588 3608
3 5588 2903 4692
3 4995 2207 4692
3 4995 4692 2903
3 2343 4914 2207
3 4914 4692 2207
3 4914 2343 2422
3 5040 3035 1721
3 3619 4469 5131
3 4469 3619 3035
3 2234 4469 4071
3 3151 2234 4071
3 4071 4469 4637
3 1541 4469 2234
3 2055 5653 7165
3 7577 7609 7056
3 1538 2171 4298
3 4298 2171 162
3 4298 6498 1538
3 5209 6163 7487
3 2364 5447 6408
3 6408 5447 7487
3 7487 5447 5209
3 3175 3179 6408
3 6408 3179 2364
3 2364 3179 4815
3 373 3179 3175
3 4851 3175 4434
3 6408 4434 3175
3 7073 2915 5733
3 4851 2915 7073
3 5925 5733 2915
3 5925 2915 5385
3 5385 2915 5214
3 5214 2915 4851
3 5214 4851 422
3 2682 5082 5385
3 2468 2682 5385
3 2468 5385 5214
3 6074 3324 5621
3 5504 3324 2468
3 2468 3324 6074
3 2468 6074 2682
3 6074 5621 3557
3 6209 6074 3557
3 3174 6209 1708
3 1708 6209 3557
3 511 3174 1708
3 3557 6394 1708
3 1708 6394 511
3 1413 6417 7010
3 7010 6417 5848
3 185 1413 7010
3 1873 6803 2595
3 2531 6803 7583
3 6803 2895 2595
3 2531 2895 6803
3 1123 4339 2895
3 1123 2895 2531
3 2895 4339 2595
3 1290 1365 370
3 1290 370 7027
3 2361 6524 2460
3 585 6524 862
3 585 862 3735
3 3735 4782 6322
3 5622 1207 6710
3 1207 5622 862
3 862 5622 4782
3 2974 7085 2374
3 2974 2374 6584
3 3609 6584 2880
3 4225 5066 3609
3 2761 4470 146
3 4470 2761 4225
3 3260 146 4470
3 5641 4847 3268
3 5641 3268 2183
3 665 5641 5751
3 665 5751 7707
3 2183 5751 5641
3 2183 286 5751
3 2183 2916 286
3 6707 7707 6703
3 6703 5751 286
3 5751 6703 7707
3 6907 5671 956
3 6907 956 2947
3 6907 2947 5942
3 7525 968 4406
3 5478 7525 4406
3 6650 7265 5179
3 5776 7265 6650
3 5052 7525 196
3 7740 7265 5776
3 6907 5942 7447
3 2276 5795 5068
3 2276 5068 4718
3 6139 4718 7447
3 6139 7447 5942
3 7447 4718 5068
3 2795 1925 7336
3 6980 2795 7336
3 2227 151 6663
3 6818 5906 5611
3 3585 6818 5611
3 3585 5611 5843
3 3585 5843 2910
3 6327 5027 1702
3 6327 1702 5086
3 5086 7497 1570
3 1570 7497 6983
3 6983 7497 5247
3 3990 6983 208
3 6797 3283 7032
3 2020 3832 7032
3 2688 2020 7772
3 7772 2020 7032
3 5136 6797 7032
3 3415 5136 7032
3 3415 7032 3832
3 3415 3832 4439
3 4439 3832 4335
3 4439 4335 5744
3 2887 2489 4439
3 2887 4439 1983
3 2887 1983 7306
3 1983 4439 5744
3 389 927 484
3 1738 6924 5348
3 582 5219 6444
3 582 6444 5338
3 582 5338 5790
3 3226 270 3603
3 3226 3603 6754
3 6709 5083 5020
3 5020 1612 6709
3 6709 1612 2520
3 1630 6709 2520
3 6694 2520 1612
3 2649 5083 5063
3 5063 5083 6709
3 2015 3645 836
3 1860 7690 5986
3 6839 7690 1860
3 6839 1860 6892
3 1860 2619 6892
3 2619 5936 6892
3 2619 1860 4316
3 4316 1860 5986
3 4316 2650 2891
3 2891 2650 2502
3 2650 5986 372
3 5986 2650 4316
3 2241 2891 504
3 3838 2241 504
3 4316 2891 2241
3 3067 2241 3838
3 7223 3838 2502
3 504 2502 3838
3 2502 504 2891
3 3628 7223 245
3 5217 6174 6451
3 5221 941 5217
3 1176 6174 2901
3 1176 2901 5087
3 7490 3342 673
3 7490 412 3342
3 3342 412 3839
3 5547 3839 412
3 7107 5547 412
3 7107 412 7490
3 7107 7490 7863
3 6437 7004 3317
3 6437 3317 3857
3 5061 237 1920
3 6437 7863 7004
3 7642 6437 5074
3 5074 6437 3857
3 6542 5588 4914
3 4692 4914 5588
3 4914 6756 1942
3 1942 6756 5251
3 6542 4914 1942
3 5251 6756 6199
3 6756 4914 2422
3 7711 7850 6756
3 52 5943 4407
3 52 4407 2862
3 7271 2862 6622
3 7271 6622 982
3 6622 2862 4407
3 2087 7206 4222
3 7609 4222 7206
3 4222 5209 5447
3 4222 5447 2087
3 373 7073 4628
3 373 4628 3723
3 4737 4182 5925
3 5307 5925 4182
3 3184 7244 6417
3 1413 4992 5676
3 1413 5676 6417
3 2860 5298 2216
3 2860 2216 5754
3 5754 2216 7862
3 5298 2860 7050
3 3778 2029 2216
3 3778 2216 5298
3 3778 5298 6628
3 7581 1873 6628
3 1873 7581 6803
3 3789 2029 3778
3 1636 2029 3789
3 1636 3789 1290
3 1636 1290 7027
3 585 1270 2460
3 2361 2460 6247
3 2361 6247 7027
3 6247 2460 1270
3 3735 1270 585
3 3987 584 6322
3 4115 2194 5830
3 2505 5066 4225
3 2505 4225 2761
3 2505 2761 6015
3 6015 2761 146
3 26 6015 5601
3 6124 26 5601
3 6124 5601 5838
3 5838 5601 3260
3 2057 6402 3260
3 2577 6773 5070
3 5671 4257 2577
3 2577 4257 6773
3 7707 5884 538
3 5884 7707 2701
3 665 7707 538
3 2577 665 538
3 2577 5641 665
3 2577 538 5671
3 5671 538 5884
3 5068 5795 89
3 5068 89 4257
3 5068 4257 7447
3 7447 4257 6907
3 6907 4257 5671
3 4257 89 6773
3 5795 6773 89
3 1691 6773 5099
3 5795 5099 6773
3 1691 5099 2704
3 7336 2276 4718
3 7336 4718 6139
3 2276 5099 5795
3 5099 2276 7336
3 6980 6663 2795
3 2795 6663 7284
3 2795 7284 1925
3 7770 1369 6672
3 6672 1369 3498
3 3498 1369 7284
3 7284 1369 6402
3 6654 3083 6575
3 6805 6654 6575
3 6654 6805 2439
3 6575 3083 7114
3 5058 3563 2297
3 2755 5058 2297
3 4066 2755 6575
3 6575 2755 2297
3 6575 2297 6805
3 3563 6805 2297
3 5953 5058 2755
3 2549 5953 6818
3 2755 6818 5953
3 6818 2755 4066
3 3585 2549 6818
3 2910 2434 2549
3 3585 2910 2549
3 4816 4113 186
3 1957 4816 186
3 1957 186 2117
3 6905 5027 6327
3 5878 6905 6327
3 5878 1570 6983
3 1570 5878 6327
3 5136 7534 6797
3 7534 5136 3415
3 7534 3415 2489
3 7534 2887 7306
3 2887 7534 2489
3 2247 3783 6092
3 4098 351 3226
3 5020 5083 1820
3 1820 5083 2649
3 7756 4098 7523
3 351 4098 7756
3 1681 7756 7523
3 7635 7756 1681
3 7635 1681 7390
3 7390 1681 4359
3 3312 4359 7523
3 7523 4359 1681
3 7390 4359 3638
3 7157 7690 5668
3 1846 5668 7690
3 4171 2352 7427
3 4171 7427 1736
3 4171 1736 7060
3 2603 7081 1736
3 2603 1736 7427
3 2603 7427 2453
3 2453 7427 3692
3 1818 2453 6977
3 1818 6977 380
3 6977 2453 3692
3 2495 5087 6977
3 2495 6977 5936
3 5936 6977 6892
3 6892 6977 6839
3 6839 6977 3692
3 1176 5087 2495
3 1176 2495 5936
3 2241 2619 4316
3 5936 2619 2241
3 5936 2241 3067
3 2603 2453 1818
3 2603 1818 619
3 2603 619 7081
3 619 1818 380
3 4409 6704 5760
3 4409 5760 4861
3 3410 7677 5547
3 1081 7677 3410
3 1081 3410 6946
3 6946 3410 3319
3 6189 6537 4644
3 5127 96 5043
3 5043 5541 1642
3 5541 5043 96
3 5541 96 3417
3 3417 96 6537
3 6537 96 5127
3 5251 1642 5541
3 1942 5251 5541
3 1942 5541 6542
3 6542 5541 193
3 1964 5074 6424
3 6472 1642 1339
3 1339 1642 5251
3 1339 5251 6199
3 6199 1639 1339
3 1339 1639 6472
3 5661 5419 2557
3 2806 5661 3511
3 38 3511 5661
3 38 5661 5943
3 3511 38 52
3 3511 52 7271
3 52 38 5943
3 982 2637 7271
3 7161 7271 2637
3 3511 7271 6090
3 7161 6090 7271
3 6021 2265 4628
3 4628 2265 4596
3 6349 6021 5405
3 3163 5405 6021
3 5112 4549 5405
3 6670 4260 5112
3 6670 5112 4182
3 5120 5540 2773
3 7244 5120 2773
3 2381 3184 6417
3 2381 6417 3375
3 3375 6417 5676
3 2381 3375 2195
3 2195 3375 5754
3 5754 3375 2860
3 2860 3375 5676
3 2381 1917 5540
3 7141 1917 2195
3 2195 1917 2381
3 1666 5780 6896
3 1666 6896 5865
3 7141 6896 1917
3 1917 6896 5780
3 1917 5780 5540
3 3380 6896 3223
3 3837 3380 1807
3 6286 1807 3380
3 5975 1807 4672
3 5523 7699 6247
3 4330 7315 3086
3 4330 3086 806
3 7540 806 3086
3 3086 7315 5441
3 5523 4330 7699
3 7699 4330 806
3 7646 7315 4330
3 7646 4330 3634
3 3634 4330 5523
3 1143 7646 3634
3 584 1143 3634
3 1143 584 3987
3 584 3634 5523
3 6164 3825 1143
3 4826 608 3825
3 4826 3825 1896
3 1896 3825 6164
3 1896 6164 1908
3 1908 6164 6243
3 7853 1896 4100
3 4100 1896 1908
3 5203 4100 4940
3 4940 4100 1908
3 4940 1908 6243
3 4115 6988 2194
3 2194 6988 7844
3 4115 5011 7491
3 4691 5011 4115
3 360 5011 4691
3 5011 360 5446
3 156 2168 7462
3 7303 7462 360
3 7303 360 4691
3 5446 360 7462
3 5446 7462 2168
3 6015 2421 7303
3 6015 7303 1987
3 7462 7303 2421
3 7462 2421 2839
3 4327 7462 2839
3 4327 2839 1206
3 1206 2839 1166
3 1166 2839 2421
3 26 6124 1166
3 1166 6124 1206
3 1206 6124 2140
3 1206 2140 4327
3 3121 4327 2140
3 3121 6654 3890
3 2140 6654 3121
3 6654 2140 7196
3 3083 6654 7196
3 4327 3121 4044
3 5516 4021 4044
3 4044 2058 5516
3 1471 7382 1962
3 6419 1962 7382
3 1739 336 4835
3 4046 3183 4101
3 3051 3183 4046
3 5712 4101 3183
3 7236 5712 3183
3 2920 7366 7478
3 111 3528 7514
3 7456 1886 112
3 7456 112 4300
3 7635 4300 112
3 7456 4300 5691
3 5691 4300 7282
3 2363 7282 4157
3 7157 5181 2363
3 7157 2363 4157
3 4738 3633 7157
3 4738 7157 5668
3 472 3633 3046
3 2801 2679 4715
3 4715 2679 5544
3 2679 4479 5544
3 5544 7584 4715
3 950 1998 4463
3 4283 5399 7060
3 7060 5399 4463
3 6824 4283 7060
3 4445 2805 7051
3 1573 7498 7677
3 2499 203 690
3 690 203 1421
3 2499 1492 4658
3 1722 3694 6946
3 3694 1081 6946
3 880 6798 6946
3 6189 880 6946
3 4821 6798 4644
3 6189 4644 880
3 880 4644 6798
3 4282 6798 4821
3 3150 4282 798
3 6747 798 4821
3 4821 798 4282
3 2868 1046 4789
3 4789 1046 7585
3 4789 7585 7226
3 1046 459 1010
3 1010 459 6747
3 459 1046 2868
3 7585 1046 7220
3 7220 1046 1010
3 1642 6472 5043
3 5043 6472 7220
3 5043 7220 5127
3 676 4569 1639
3 1639 4569 6472
3 6472 4569 7220
3 676 7226 4569
3 7226 7585 4569
3 7220 4569 7585
3 1062 6288 7226
3 446 6288 7084
3 2417 7084 5994
3 5994 7084 1487
3 5994 5144 3096
3 5144 5994 3055
3 3055 5994 42
3 5419 3055 42
3 6349 5405 3850
3 3387 6275 3420
3 4260 1666 6275
3 4260 6275 3387
3 1666 4260 5780
3 5780 4260 6670
3 5975 6564 1807
3 1807 6564 3837
3 3913 3837 6564
3 4395 6564 5975
3 6846 6564 4395
3 6846 4395 5685
3 3086 5441 7540
3 7540 7699 806
3 599 5685 5441
3 599 5441 7646
3 7315 7646 5441
3 599 7646 2321
3 3134 2321 7646
3 599 2321 5685
3 7588 2321 3715
3 5387 7649 7588
3 5387 7588 5456
3 5456 7588 2414
3 2414 7588 3715
3 6356 5456 2414
3 6356 2414 6317
3 6463 447 4100
3 6463 4100 5203
3 7024 6463 5203
3 7024 5203 6363
3 7024 6363 6988
3 4378 6463 7024
3 7491 5386 7024
3 4378 7024 5386
3 3196 5446 2168
3 5446 3196 5011
3 5011 3196 7491
3 410 5386 3196
3 410 3196 2763
3 410 2763 7018
3 2168 2763 3196
3 7864 3946 5557
3 2763 3946 7864
3 5557 3946 5273
3 7469 5273 3946
3 5516 7469 4021
3 5667 2245 7435
3 5667 3231 2245
3 2245 3231 4173
3 7034 3231 818
3 818 1083 3423
3 1083 818 6419
3 5141 1083 7382
3 7382 1083 6419
3 2656 3423 7154
3 3104 2980 7154
3 3104 7154 2616
3 2980 3104 4101
3 4101 3104 4046
3 2643 2818 2980
3 7355 4974 7627
3 7355 7627 5691
3 6903 7456 5691
3 6903 5691 7627
3 1886 7456 6903
3 5712 6903 7627
3 7841 2656 6318
3 2363 7355 7282
3 7355 2363 3570
3 2363 5181 3570
3 4186 5056 2583
3 7034 5056 4186
3 2679 2801 4186
3 4186 2801 6042
3 6042 1286 7377
3 295 7449 4289
3 2091 295 6440
3 295 4289 6440
3 2091 6440 5899
3 6440 4289 7584
3 3094 295 2091
3 5899 6440 4981
3 5899 4981 5106
3 5106 4981 4103
3 4981 6440 7584
3 6763 5399 7797
3 6224 2130 5399
3 6224 5399 6763
3 2499 690 6224
3 2499 6224 6763
3 746 2591 4532
3 2591 746 916
3 5024 4532 2591
3 2591 6686 5024
3 6686 2591 3222
3 6686 3222 6798
3 6798 4282 6686
3 6686 4282 3150
3 6362 2868 4789
3 4789 5633 6362
3 5591 6362 5254
3 5254 6362 5633
3 5254 5633 5455
3 4140 6999 4865
3 5144 4865 3096
3 1076 6372 1823
3 6508 1236 7685
3 7685 1236 2380
3 2106 7685 2380
3 7685 7649 3965
3 7685 1231 7649
3 7588 3586 6846
3 6846 3586 4455
3 2410 1015 3965
3 2410 3965 7649
3 2410 7649 5452
3 5452 7649 5387
3 6362 5591 4923
3 6362 4923 2973
3 6183 4923 5591
3 2191 3864 5456
3 2191 5456 6356
3 1249 2191 2831
3 2831 2191 7781
3 7781 2191 6356
3 4231 7781 1317
3 4231 1317 201
3 1317 7781 6356
3 7170 7781 5787
3 2933 5787 7781
3 7781 4231 2933
3 6133 108 4231
3 108 2933 4231
3 2220 5787 2933
3 2220 2933 108
3 2220 108 507
3 507 108 6133
3 6133 4231 201
3 3822 4013 1575
3 7018 3822 4378
3 4378 3822 1575
3 5386 410 7018
3 5386 7018 4378
3 2103 5557 5273
3 1274 2103 4173
3 5557 2103 2593
3 5164 7170 5183
3 5183 7170 5787
3 5183 5787 5899
3 2991 5164 5106
3 5899 5106 5183
3 5183 5106 5164
3 4923 1668 5024
3 4532 5024 1668
3 3541 5056 7034
3 4327 4044 7462
3 5070 6773 1691
3 4022 7140 6674
3 7168 6459 6449
3 7140 6449 5788
3 5788 6449 6459
3 5788 6459 5206
3 5161 5648 6717
3 3399 2129 2035
3 2107 7450 4280
3 6181 6465 2107
3 6181 2107 2740
3 2740 2107 4280
3 2740 2647 3144
3 3144 2647 6018
3 3144 6018 839
3 2647 2740 4280
3 4064 6018 2647
3 5821 4064 2647
3 7016 3144 5940
3 3075 7016 1119
3 3075 1119 3018
3 3075 3018 5598
3 7512 1119 5940
3 5940 1119 7016
3 5598 3018 7575
3 7575 3018 5521
3 5521 3018 7512
3 1119 7512 3018
3 7679 7575 5521
3 1576 7679 5521
3 896 1576 7512
3 7512 1576 5521
3 2350 4760 419
3 7606 3095 1199
3 7606 7637 2125
3 7637 7606 5535
3 5535 7606 1199
3 6487 7637 5535
3 6487 5535 859
3 859 5535 7259
3 7290 4966 161
3 7637 161 4966
3 6538 6678 7138
3 6070 5365 7545
3 3095 7606 3408
3 6847 3095 3408
3 2125 1041 4611
3 2125 4611 7606
3 878 6128 7371
3 2627 367 6439
3 6426 367 2627
3 7787 6439 3580
3 6772 6439 7787
3 2882 6439 6772
3 2882 1033 6439
3 6439 1033 2627
3 7575 7679 5627
3 5598 429 3937
3 5598 3937 6757
3 5627 429 7575
3 7575 429 5598
3 3937 238 6757
3 238 425 6757
3 5989 6757 425
3 238 3937 7820
3 7820 3937 429
3 7820 429 5627
3 7820 6813 238
3 6813 6181 3013
3 2155 3013 6181
3 5989 3075 6757
3 3075 5598 6757
3 7016 3075 5989
3 5085 5799 1743
3 213 6294 3455
3 3815 213 789
3 3815 789 6879
3 789 213 3455
3 6664 6000 3639
3 6664 3639 5931
3 5931 3639 5317
3 4860 6360 7680
3 6360 5931 6869
3 5931 6360 4860
3 3358 6888 181
3 181 6888 2065
3 181 2065 3888
3 3888 2065 7866
3 5793 6888 3358
3 7680 6888 5793
3 4860 7680 3922
3 4860 3922 6804
3 3922 7680 5793
3 6888 7680 6869
3 6888 6869 2065
3 2065 6869 7866
3 6360 6869 7680
3 5962 7101 2853
3 2853 7101 3270
3 3270 7101 4844
3 3010 1089 5727
3 3010 5727 5553
3 3010 5553 6409
3 3010 6409 2322
3 4825 6409 5553
3 5727 3537 3186
3 3186 3537 3257
3 3257 6454 3425
3 3425 6454 6008
3 3537 6454 3257
3 6454 2606 2357
3 7428 6454 3465
3 7428 3465 6005
3 3465 6454 2357
3 6454 7428 6008
3 3465 6386 6005
3 7428 6005 1420
3 7428 1420 157
3 1420 6005 3311
3 1356 1420 3436
3 1689 876 2213
3 1689 2213 5867
3 5867 2213 6984
3 2213 876 4427
3 4351 2116 178
3 5818 178 6565
3 5818 1483 4351
3 5818 4351 178
3 2116 6565 178
3 6346 3976 6565
3 6346 6565 750
3 437 3687 616
3 6346 5213 2618
3 1939 5792 260
3 3087 6333 1939
3 1939 260 6108
3 6333 5792 1939
3 6108 260 4899
3 4899 260 4734
3 7041 6108 7422
3 7041 7422 7779
3 6637 7779 7422
3 7041 7779 7090
3 4849 6559 5211
3 6559 991 4139
3 4139 5767 6559
3 4510 4139 991
3 4510 991 2286
3 4510 6775 4139
3 4139 6775 5767
3 4350 6775 327
3 4510 200 327
3 200 6325 327
3 6325 7204 327
3 7204 4350 327
3 2286 200 4510
3 4510 327 6775
3 6325 200 3979
3 3979 200 2286
3 453 6325 3979
3 2878 4765 5962
3 6325 453 1929
3 6325 1929 3186
3 6325 3186 7204
3 3257 3425 7204
3 7204 3425 4350
3 4350 3425 509
3 5684 7328 3367
3 6122 3367 7328
3 7439 5669 5818
3 3976 6346 2618
3 6333 7439 5792
3 5792 7439 3591
3 5792 3591 4734
3 2462 7439 4805
3 7041 1939 6108
3 1939 7041 3087
3 3087 7041 7090
3 7468 5226 7766
3 5226 7468 4614
3 7374 7526 2392
3 7374 2392 7824
3 5869 7279 1965
3 5869 1965 1847
3 7808 1965 7279
3 5197 7202 6307
3 464 3574 2136
3 464 2136 5244
3 5244 2136 7638
3 7324 5244 7638
3 7212 3574 464
3 2272 7212 1881
3 1881 7212 464
3 2068 1804 1715
3 1804 2272 1881
3 2760 2366 7485
3 2760 7485 1877
3 2760 1877 5315
3 4453 6767 7578
3 4453 7578 5128
3 7578 6767 5282
3 1677 4453 2723
3 5128 2723 4453
3 3403 3011 2960
3 3011 3403 7567
3 3403 2142 7567
3 5844 7567 2142
3 5844 2142 4477
3 6680 6077 3293
3 3293 6077 4477
3 4477 6077 5844
3 1670 6680 3293
3 7668 7567 6723
3 6723 7567 5844
3 7668 2960 3011
3 7668 3011 7567
3 2000 5442 5629
3 1054 5629 5442
3 1054 5442 7731
3 7731 5442 6016
3 6016 5442 2132
3 6016 2132 7870
3 5487 2081 3793
3 3793 2081 1645
3 5109 3793 1645
3 6309 5196 268
3 5743 5109 1645
3 5109 5743 5196
3 5196 5743 268
3 6518 6182 5196
3 5417 6182 6518
3 6309 6518 5196
3 5417 6908 7069
3 6908 5417 6518
3 6309 6908 6518
3 1801 5417 7057
3 1801 7057 7622
3 7622 3160 2521
3 2521 3160 502
3 3160 838 5681
3 5681 838 7057
3 7057 838 7622
3 7622 838 3160
3 6652 7622 2075
3 6652 2075 3793
3 6652 3793 5109
3 5487 3793 2075
3 6652 5109 5196
3 7622 6652 357
3 7622 357 6182
3 6652 6182 357
3 1801 7622 6182
3 1801 6182 5417
3 3038 6027 5246
3 5014 6501 3180
3 3180 6501 7786
3 5034 7357 4494
3 5477 4679 4747
3 1470 4747 5371
3 1470 5371 5977
3 5371 4747 4679
3 4679 5477 7273
3 3643 1650 6391
3 3486 1870 2043
3 1870 7416 2043
3 7818 7300 7383
3 5957 4996 7802
3 6436 6975 6129
3 6436 1523 6975
3 6975 5480 1450
3 6975 1450 6129
3 640 4284 3970
3 6492 640 3970
3 632 640 6492
3 640 632 4284
3 7616 3970 4284
3 2511 359 5431
3 2122 6469 685
3 685 6469 3021
3 3021 6469 5873
3 2122 685 2210
3 2122 5431 6469
3 5431 3036 6469
3 6469 3036 5873
3 5873 1450 305
3 2745 305 5480
3 5480 305 1450
3 2745 5753 1064
3 5753 5549 1064
3 5480 6378 5753
3 109 39 2230
3 109 957 39
3 39 957 207
3 6478 2230 39
3 2230 3205 109
3 4696 29 6140
3 7719 6140 2262
3 2262 29 1799
3 7719 1515 901
3 2306 6495 7742
3 6107 2306 7742
3 5549 28 6495
3 6495 28 7742
3 5549 1954 28
3 6478 30 6083
3 6083 30 5916
3 4399 5916 30
3 4399 30 6478
3 1969 7509 534
3 957 534 7509
3 1969 3264 7509
3 7719 5001 7667
3 5230 1481 5959
3 5959 1481 5984
3 3666 5015 5597
3 5015 3666 6435
3 4326 4561 6206
3 7608 5361 7339
3 7632 2443 47
3 3118 47 2443
3 5429 47 3118
3 4375 199 4384
3 4384 199 3118
3 1377 3559 4009
3 1377 4009 6157
3 5737 6157 3435
3 4009 3435 6157
3 1377 6157 5990
3 5990 6157 5888
3 6162 7007 7556
3 3463 3360 620
3 3463 620 4344
3 620 3360 7661
3 4538 5454 3548
3 3360 4538 3548
3 3360 3548 7661
3 152 3450 310
3 310 3450 5916
3 1158 3371 4926
3 1158 4624 3371
3 1158 4926 275
3 1158 275 6935
3 1158 23 4624
3 3246 3371 4624
3 3246 4624 7621
3 7667 7372 7621
3 5230 7480 1481
3 1481 6960 5984
3 7276 642 7239
3 7720 642 7276
3 6435 2423 5015
3 7394 5015 2423
3 6589 6435 1239
3 1239 2263 6589
3 2263 1239 7648
3 4561 4326 962
3 4561 962 1043
3 1048 962 7433
3 1048 7433 2240
3 2109 4159 1985
3 1495 2522 4080
3 4080 2522 4649
3 4080 6216 1495
3 2522 247 4649
3 5429 4649 247
3 4080 4649 6635
3 4149 4649 5429
3 4649 4149 6635
3 3446 6056 826
3 552 6920 4338
3 5491 4634 4176
3 4176 4634 4218
3 4218 4634 2759
3 7448 4634 5491
3 4702 7733 7448
3 4702 1725 7733
3 3022 1056 7175
3 4362 3022 7175
3 7565 7175 5424
3 7175 1056 5424
3 924 6605 2648
3 4926 924 275
3 275 924 2648
3 848 1514 4020
3 4020 4709 7411
3 4020 7411 848
3 848 7411 6605
3 848 6605 1514
3 3246 7621 5148
3 1481 7480 6960
3 5636 6956 5507
3 3109 6956 5636
3 3109 335 6956
3 6583 99 7239
3 6583 1396 7250
3 1147 2377 6737
3 1147 6737 3764
3 1147 5511 2377
3 996 347 1091
3 347 996 3487
3 5834 347 3487
3 1091 347 5834
3 2258 1048 2240
3 2240 711 2258
3 2258 711 1043
3 313 4323 6718
3 4717 5137 4073
3 1985 5165 2109
3 7433 1956 2861
3 6634 5165 1985
3 5092 6634 1985
3 1187 6634 5460
3 6135 457 2360
3 2360 457 3908
3 1038 7379 3325
3 2579 1038 3325
3 3307 6587 481
3 7778 481 6587
3 481 7778 2579
3 6635 5610 7686
3 6635 7686 3307
3 5252 4187 4836
3 5252 4836 4780
3 543 4780 4836
3 4836 6646 3519
3 543 4836 3519
3 4780 543 2582
3 2582 5252 4780
3 4836 4187 6646
3 2728 2582 500
3 500 6100 2728
3 500 5640 6100
3 2344 4723 1878
3 2622 2123 660
3 2622 660 2036
3 2036 7156 2622
3 5100 5525 5893
3 5690 6517 1373
3 5690 1373 6854
3 7733 5690 6854
3 6555 4273 4591
3 4591 4273 7733
3 159 4753 7142
3 4910 1101 5569
3 3607 2883 7565
3 3607 7565 4595
3 2883 3607 6744
3 5796 5805 3155
3 6484 3334 7717
3 6484 5781 4414
3 6596 7500 7717
3 7263 5877 3643
3 828 5877 6491
3 5023 6491 3349
3 6491 5023 4053
3 828 6491 4053
3 7621 7372 7500
3 918 7621 7500
3 2377 5511 3863
3 2377 3863 4957
3 2377 4957 6737
3 6737 4957 4053
3 3303 1294 6602
3 1294 7720 6602
3 1294 3303 5511
3 2316 4622 6856
3 2316 5704 1465
3 7225 1136 778
3 4216 7225 778
3 778 1136 5529
3 4216 778 5529
3 5529 1218 4216
3 7225 2884 1136
3 5529 1136 6512
3 1311 5618 448
3 1008 7149 452
3 1008 2752 7149
3 3232 369 874
3 874 369 2750
3 2750 2951 1990
3 2750 1990 4239
3 197 2912 634
3 634 2912 6156
3 634 6156 5791
3 630 4800 1956
3 630 1956 7433
3 630 7433 2109
3 630 2109 5165
3 5165 4800 630
3 1187 5460 3730
3 2367 1187 3730
3 1187 2367 209
3 2367 3730 491
3 4346 3730 5460
3 4346 491 3730
3 211 7313 1621
3 211 1621 5460
3 731 2885 1621
3 731 1621 7313
3 7273 4420 4687
3 1047 3765 4468
3 4937 1047 4468
3 3765 4420 4468
3 4937 6357 7181
3 4937 7181 1047
3 1558 6506 6223
3 3486 6506 7082
3 6506 3486 7633
3 7633 3486 2043
3 1038 2579 7082
3 1038 7082 7379
3 4623 7082 7778
3 7778 5785 4623
3 7082 4623 1870
3 4187 48 2214
3 4187 2214 7812
3 4187 7812 7845
3 4625 961 3969
3 4625 2728 3785
3 4625 3785 1150
3 4625 1150 961
3 961 1150 2214
3 961 2214 3969
3 4625 3969 2728
3 2693 1780 5080
3 5080 6268 2693
3 2693 6268 7568
3 6959 4092 5749
3 6148 6517 442
3 6148 442 6504
3 6555 6517 4273
3 4273 6517 5690
3 340 7142 3014
3 3014 7142 7791
3 6649 5803 4668
3 4668 5803 7457
3 3986 725 1496
3 3986 5012 725
3 725 5569 1496
3 3607 4595 591
3 591 4595 6168
3 591 6168 6744
3 591 6744 3607
3 4277 1267 4517
3 4277 2658 1267
3 4517 1267 1513
3 1513 5796 4517
3 6852 4731 1774
3 5817 1774 4731
3 5817 4731 5337
3 1650 5877 6768
3 6768 5877 7639
3 4053 4957 1854
3 4957 7639 1854
3 4957 2242 7639
3 4957 3863 2242
3 5552 4584 3863
3 3863 4584 2368
3 3303 6856 5552
3 5552 6856 2005
3 3443 3587 1384
3 7593 5846 5704
3 909 4219 5291
3 909 5291 3877
3 4592 387 4061
3 4061 4219 2997
3 909 2997 4219
3 6722 1999 5349
3 1008 452 5242
3 1008 5242 3008
3 2004 935 5439
3 874 935 2004
3 935 874 2750
3 935 2750 4239
3 935 4239 5439
3 4965 4239 4985
3 4985 4239 1990
3 5439 4239 4965
3 2080 560 2070
3 2080 2070 974
3 974 2070 4985
3 974 4985 6241
3 974 6241 2080
3 3931 560 2080
3 4303 2070 560
3 2070 4303 4985
3 5207 5791 6156
3 5207 1505 5791
3 4800 2367 4448
3 7159 1289 4448
3 4448 1289 4800
3 4800 209 2367
3 7187 2332 5207
3 3284 7297 4747
3 7854 5503 4655
3 7854 4655 2714
3 2714 4655 4687
3 7181 3328 6242
3 7181 4877 3069
3 7181 3069 3328
3 4877 7181 6357
3 7633 5538 3001
3 7799 3578 4004
3 1319 7148 393
3 393 7148 7231
3 7231 5438 393
3 3208 393 5438
3 393 3208 1319
3 1595 6195 3805
3 6913 3805 4553
3 5118 4880 6125
3 6125 4880 4322
3 6125 4322 6345
3 4322 4880 5080
3 5637 1690 6118
3 6118 7671 5637
3 6416 1796 937
3 3760 5038 20
3 7713 3760 20
3 362 2014 2217
3 5288 4333 1400
3 5941 3097 2011
3 265 2011 7201
3 265 7201 1629
3 1053 5941 265
3 265 1629 1053
3 1053 1629 7791
3 320 2989 3737
3 2989 320 2362
3 6964 769 7591
3 7591 769 5803
3 7591 1435 6964
3 6964 7457 769
3 769 7457 5803
3 1408 4898 1168
3 1168 4898 5665
3 1168 7591 1408
3 6649 1408 7591
3 6649 2738 1408
3 717 3503 3470
3 717 3470 2362
3 717 2362 320
3 717 320 5665
3 717 5665 3503
3 6136 1126 228
3 228 1980 6110
3 1980 228 2841
3 2841 228 1126
3 5682 7446 2555
3 2555 7195 5682
3 6488 7446 5682
3 114 5682 2365
3 5682 114 6488
3 6488 114 3916
3 3916 114 4312
3 4312 114 2365
3 558 3354 6476
3 6476 3354 3496
3 6053 3496 3354
3 6476 3496 7392
3 6476 7392 558
3 7214 6412 2644
3 7214 2644 6289
3 6412 1519 2644
3 2863 586 4358
3 586 2588 4358
3 2665 4358 2588
3 2588 586 6529
3 6529 586 2863
3 6788 6817 6873
3 3587 5923 1384
3 1384 5923 5839
3 6550 4769 4221
3 4221 4769 1930
3 4207 6882 243
3 4207 243 5291
3 4207 1321 6425
3 6692 4061 387
3 1999 6765 6494
3 1999 6494 1291
3 1291 6494 7619
3 5242 5439 3560
3 3560 5587 5242
3 3560 4554 5587
3 5587 4554 5577
3 4965 1235 3560
3 4965 3560 5439
3 3560 1235 4554
3 6690 4116 4554
3 4554 1235 6690
3 2175 342 4736
3 342 622 563
3 563 622 5634
3 563 5634 4116
3 342 2175 622
3 2494 1505 2923
3 2494 2923 4503
3 6644 4574 2510
3 2510 4574 1186
3 6644 4473 4574
3 1186 3135 2510
3 2510 3135 3140
3 1288 5318 494
3 1288 494 7395
3 5722 494 7788
3 7788 494 5318
3 827 1338 282
3 1338 82 5590
3 1338 827 82
3 1338 4703 282
3 2767 6617 6806
3 3394 641 4004
3 641 6702 4004
3 6702 641 4651
3 7714 4651 3394
3 3394 4651 641
3 7568 5118 4336
3 6291 4336 6949
3 6949 5118 6125
3 6188 5637 2587
3 6188 2587 6544
3 2172 1638 244
3 2172 244 3702
3 1152 2985 2621
3 1152 2621 2218
3 1152 2218 3457
3 2621 2985 1747
3 3457 2804 3657
3 3457 3657 1152
3 1152 3657 2985
3 7713 3113 5411
3 4984 3116 5400
3 5400 3116 4254
3 4744 1604 7604
3 4990 4744 7604
3 7604 4921 2372
3 7460 5993 3097
3 1148 2011 3097
3 1148 3097 5993
3 7548 4550 7460
3 7460 4550 2986
3 1392 6166 6151
3 3660 2659 5097
3 3660 5097 7205
3 5630 7446 3660
3 2659 426 3827
3 2659 3660 426
3 3660 7446 426
3 3827 426 7446
3 7392 6919 3722
3 6919 2284 1411
3 1411 2284 2419
3 6919 1411 3722
3 2284 6919 851
3 3722 1411 5097
3 7670 1001 4325
3 4062 4533 6788
3 6788 4533 6752
3 4788 4062 4890
3 4788 7527 4062
3 1050 4223 1806
3 4223 1050 3543
3 6873 5160 3212
3 6873 3212 5145
3 1958 6376 7768
3 4980 1363 628
3 134 628 1363
3 628 3593 4980
3 959 4199 4704
3 5619 5698 7029
3 379 3819 5731
3 379 5731 7362
3 3819 6882 5731
3 7362 541 4855
3 4855 541 6826
3 6826 2725 4855
3 6405 4675 2596
3 4675 6405 3985
3 4003 6001 7403
3 6925 4003 7403
3 4003 6925 7619
3 7619 2236 4003
3 4003 2236 6001
3 6494 6765 3759
3 6494 3759 567
3 567 7619 6494
3 3759 6765 1703
3 3168 1902 723
3 6001 3168 723
3 6001 723 521
3 521 723 2007
3 521 7403 6001
3 2236 3168 6001
3 2007 7403 521
3 3058 5575 7696
3 3058 6091 5575
3 6091 7403 5575
3 881 7696 6511
3 6841 2613 4423
3 6500 4423 2613
3 4703 5139 3564
3 5590 564 3114
3 2932 5590 3549
3 3233 62 797
3 493 3233 797
3 493 797 551
3 2809 493 551
3 1608 2809 551
3 2046 2809 1608
3 551 797 3059
3 1608 551 3059
3 2046 1608 3294
3 1463 2046 3294
3 2046 1463 2809
3 5700 5423 3233
3 62 3233 5423
3 62 3059 797
3 4609 3052 7162
3 4465 3052 5680
3 3052 4609 5680
3 4808 6470 3972
3 7822 4808 2187
3 5034 6291 6949
3 6827 5034 1528
3 1528 6949 6125
3 1528 6125 6827
3 7765 3939 4756
3 4756 3939 6544
3 3939 6345 6544
3 64 6771 4770
3 64 4770 5714
3 5714 6523 64
3 6771 3499 4191
3 7189 2621 1747
3 2218 7189 1429
3 7189 2218 2621
3 3994 6735 7017
3 1605 5393 312
3 5393 1605 2501
3 2110 2501 1605
3 6832 4647 4254
3 2372 3141 7604
3 3772 7691 6962
3 7691 5115 6962
3 6962 5115 2642
3 6962 2642 4309
3 5558 2389 6339
3 6151 2389 5558
3 1368 6151 5275
3 1368 6691 2389
3 4065 1368 5275
3 2812 6691 4065
3 4065 6691 1368
3 3616 2399 3310
3 3616 3310 5607
3 1937 267 3296
3 3296 267 850
3 850 267 7670
3 7547 6117 5073
3 4735 1761 6902
3 4735 6902 4533
3 4852 6458 6608
3 4852 3836 7527
3 7527 3836 7463
3 6527 7463 3836
3 6527 3836 6608
3 4852 6608 3836
3 7477 4295 6427
3 2822 4745 2857
3 2692 6712 2857
3 2857 6712 971
3 2743 971 6712
3 2743 4034 3331
3 3331 4034 7477
3 4745 2822 1806
3 4015 736 2822
3 4015 2822 2857
3 2857 971 4015
3 4015 971 2743
3 4015 2743 3331
3 4015 3331 736
3 7692 5476 6343
3 4963 6343 5476
3 1901 1322 5505
3 4690 5341 7813
3 4307 4690 7813
3 4307 6501 4690
3 5341 7275 7860
3 4779 6632 7211
3 3405 4275 2313
3 4912 4275 7342
3 4912 2313 4275
3 4912 7342 6944
3 7312 2012 4397
3 6058 2108 1821
3 4855 12 205
3 205 7362 4855
3 1660 5021 4758
3 5945 4758 5021
3 7859 6593 6522
3 6593 7859 5945
3 6593 5945 4251
3 6593 4251 487
3 487 6475 6593
3 487 4456 7794
3 7794 4456 5410
3 5887 3536 5016
3 7590 5568 5233
3 5762 3957 4
3 7528 4 3957
3 1498 3957 5762
3 5249 6373 5762
3 5762 4385 1498
3 3275 7266 1464
3 1464 7266 6373
3 4288 468 7080
3 468 1770 7080
3 7278 7009 5700
3 1773 5700 7009
3 7009 7278 5506
3 3233 7278 5700
3 3794 6886 3164
3 3794 7278 6886
3 6621 3164 1463
3 6615 3648 2411
3 4320 7095 2287
3 6842 2287 7095
3 2335 2943 4454
3 2335 4454 759
3 2794 2335 759
3 759 4454 4512
3 6842 4512 4454
3 759 4512 2794
3 2794 4512 571
3 2943 2287 4454
3 4454 2287 6842
3 7665 4775 3972
3 5370 4775 7665
3 4775 5370 1732
3 7537 6291 5034
3 4191 7294 2691
3 4191 2691 6482
3 4191 3499 7294
3 3919 3835 3811
3 3326 3811 5158
3 3076 1530 5474
3 1530 2400 5474
3 5474 396 3076
3 1530 3076 3835
3 1530 3835 3919
3 1530 3919 2400
3 5592 2729 5269
3 7653 7629 6814
3 6814 7629 3994
3 5393 2501 4136
3 4970 2574 6835
3 4970 3020 2574
3 1792 1138 3936
3 2427 3936 1138
3 3936 1568 1792
3 6730 5710 1792
3 1138 1792 5710
3 5710 2427 1138
3 7242 4309 2642
3 5115 7242 2642
3 7541 2772 1632
3 7541 1632 4000
3 6161 1472 405
3 405 1472 6020
3 2624 6020 1472
3 4764 3809 6380
3 6821 6117 7743
3 2904 7463 1104
3 2904 1104 760
3 760 1104 4285
3 760 4285 6332
3 760 6332 1296
3 760 1296 2904
3 2904 670 2184
3 7463 2904 2184
3 6527 1104 7463
3 2476 93 6527
3 6527 93 4285
3 7736 2667 2758
3 7736 2758 4174
3 4174 2758 4033
3 2758 2667 860
3 1031 2131 7803
3 1031 7803 502
3 4485 7801 4174
3 4997 4446 6966
3 6126 6966 4446
3 6126 6212 6966
3 7579 1386 5017
3 1386 7579 5896
3 5728 381 1752
3 2634 7786 7228
3 6483 7813 7623
3 5329 7623 5124
3 7813 5124 7623
3 3790 5124 7358
3 3790 5329 5124
3 5628 2930 6601
3 6601 2930 3984
3 748 3862 4094
3 4094 6039 1590
3 4094 1590 748
3 748 1590 5628
3 748 5628 3862
3 4912 6944 2313
3 3862 2313 4094
3 6944 4094 2313
3 6455 3751 6328
3 3751 6455 6039
3 316 6039 6455
3 3590 4504 6653
3 4667 5999 7319
3 6815 6581 7100
3 6581 6815 6282
3 6282 6815 384
3 131 5517 7317
3 5517 5420 7317
3 7317 2612 131
3 6547 7502 4833
3 4833 4337 6624
3 118 4833 6624
3 34 6624 4337
3 118 6547 4833
3 1079 4126 2486
3 6392 6736 3704
3 6392 3704 5410
3 5813 3704 6736
3 5410 3468 6392
3 6392 3468 3419
3 6736 6392 283
3 5813 6736 7501
3 283 6392 933
3 6392 3419 933
3 933 3419 5991
3 4659 7528 235
3 7383 883 4385
3 7703 883 4498
3 883 7703 4385
3 7383 4385 5353
3 883 7383 4498
3 4498 7383 7484
3 7300 7484 7383
3 4575 4385 5762
3 4575 5762 6373
3 1759 6658 3999
3 1490 5713 2948
3 1490 2948 6658
3 5713 1490 1768
3 1768 1490 7796
3 3304 4786 6947
3 5362 516 4276
3 5362 4276 865
3 5362 865 5000
3 5000 4320 5362
3 516 1314 4276
3 5000 865 3041
3 5000 3041 7095
3 5000 7095 4320
3 1314 1427 5794
3 5253 406 5335
3 5253 2929 406
3 2929 5253 4127
3 4127 5253 2288
3 3278 2288 2243
3 116 3811 3835
3 116 2193 3811
3 4746 3811 2193
3 3835 3076 2193
3 5130 1927 7143
3 3281 7143 1927
3 7143 3281 7870
3 6738 4136 2501
3 4136 6738 7653
3 7653 6738 7409
3 1423 7003 623
3 6142 1219 1225
3 611 6142 1225
3 6142 4616 1219
3 894 4200 6689
3 894 6689 6003
3 1592 6689 4200
3 3855 2680 4970
3 6835 3855 4970
3 6403 7166 3927
3 2620 1568 444
3 1848 444 1568
3 1113 6556 6403
3 1113 6403 3927
3 1113 3640 6556
3 2493 7643 5589
3 5589 7643 7285
3 1949 2575 4425
3 1949 4425 7285
3 7285 4425 5281
3 3577 6486 2575
3 6515 7332 2483
3 6185 1023 2709
3 2709 4857 501
3 501 4857 6258
3 6258 1819 501
3 4857 2709 1023
3 6076 5966 3997
3 3997 5966 1097
3 1097 5966 2474
3 2833 1936 6076
3 1031 5681 2131
3 5283 2075 2521
3 5283 2521 502
3 1268 1385 3844
3 1268 2186 629
3 3991 2758 860
3 3991 860 2279
3 2758 3991 1269
3 2758 1269 4033
3 3991 2279 6407
3 7693 3239 6232
3 5274 4933 3606
3 7657 5786 3173
3 3099 3173 4170
3 882 7615 2048
3 7684 5053 7723
3 2105 5917 2295
3 1327 4240 3098
3 1479 5650 1634
3 1479 1634 3768
3 4742 1479 3768
3 1479 809 5650
3 3768 1634 5623
3 6790 3726 4958
3 4983 3590 6745
3 3726 3590 4983
3 4983 6745 1700
3 4145 1006 1997
3 1997 6245 4145
3 4145 6471 1006
3 1006 1220 1997
3 1997 1220 1765
3 1765 2331 1997
3 6282 384 1142
3 7100 6581 2990
3 384 6785 1142
3 1142 6785 5910
3 1301 5350 2324
3 1301 2324 6785
3 1624 4412 4766
3 1624 4766 4585
3 4585 4766 3806
3 2615 3806 4766
3 6547 2252 7502
3 1260 2747 6825
3 6825 6784 1260
3 1260 6784 3631
3 6784 2252 3631
3 3631 2252 6547
3 1260 3631 2747
3 6547 2747 3631
3 2747 1567 6825
3 34 2006 2747
3 4302 283 933
3 4302 7501 6736
3 4302 6736 283
3 7710 774 32
3 32 774 7614
3 7614 774 5765
3 7614 6606 802
3 7614 802 32
3 32 802 540
3 32 540 7710
3 5979 2432 5290
3 1318 2792 6761
3 3230 2948 4457
3 5713 864 618
3 618 864 4999
3 618 4999 7388
3 4999 864 7817
3 4999 7817 7388
3 5469 1809 5231
3 66 5469 5231
3 5469 66 6577
3 6577 66 4988
3 5534 1746 7283
3 2705 3538 3224
3 5674 5798 1299
3 4353 3626 3218
3 3626 4353 2261
3 3626 2261 188
3 2261 1517 3047
3 2261 4353 1517
3 1517 4353 6812
3 2137 3062 2517
3 1453 2137 5444
3 2137 1453 3062
3 2517 5629 2137
3 5289 3561 2074
3 5289 2074 1577
3 5289 1577 7668
3 6998 4812 4356
3 4356 4616 6998
3 7695 6998 6142
3 3924 7695 3980
3 4200 6403 1592
3 1282 399 1486
3 1486 399 1592
3 1486 6556 1282
3 972 4930 5589
3 4930 972 6310
3 4319 5589 5281
3 3167 4319 5281
3 7459 4124 345
3 4124 7459 4677
3 4124 4677 6486
3 730 6486 4677
3 1680 345 4124
3 3221 2876 4925
3 3221 4925 7789
3 3221 7789 2174
3 5155 6035 492
3 5155 492 2876
3 4925 2876 4803
3 4803 492 2420
3 6035 5059 2420
3 5059 4259 2420
3 4259 4803 2420
3 7423 4803 4259
3 492 6035 2420
3 3292 4680 3485
3 6370 7344 4680
3 7344 3485 4680
3 3598 4793 6640
3 4519 6548 2305
3 4519 2305 1718
3 2815 6874 4507
3 4507 2305 6548
3 2815 6548 1335
3 1335 2431 2815
3 1335 6548 5308
3 1484 1310 5401
3 1111 3374 5401
3 2965 5401 3374
3 3213 4755 5652
3 2936 3213 5652
3 2770 4755 3213
3 2396 1153 3447
3 3875 2396 3447
3 6263 3447 1153
3 7240 4417 1362
3 7240 2413 3211
3 7240 1362 2413
3 3239 2798 1292
3 1292 2798 3074
3 1292 5243 3239
3 1292 3074 2672
3 1358 2672 3333
3 6304 3669 868
3 1240 3669 6304
3 3669 2848 868
3 2848 4025 868
3 868 4025 5617
3 868 5617 6304
3 5617 4025 3912
3 6086 4087 3606
3 5396 45 3606
3 5396 3606 4087
3 45 5396 2301
3 6676 5495 1787
3 1787 4597 2300
3 2300 4597 6065
3 2300 6065 6810
3 4597 1787 7489
3 1787 5495 7489
3 5078 490 2105
3 2105 490 3044
3 568 4154 5270
3 568 5270 4272
3 568 4272 3044
3 568 3044 490
3 490 5078 568
3 568 5078 4154
3 5659 6665 4467
3 4502 4924 5659
3 4467 4502 5659
3 5659 1459 6665
3 4119 4502 4467
3 4502 4119 4924
3 309 4908 6534
3 309 6958 4908
3 2433 5904 1361
3 1237 7461 27
3 4958 4983 3803
3 3803 4983 7345
3 4958 3803 7461
3 6745 2674 724
3 6745 724 1700
3 1700 724 1449
3 315 3082 7678
3 7678 3082 1020
3 1447 5687 3023
3 1352 3630 1627
3 1352 1627 7348
3 1352 7348 236
3 1352 6471 3630
3 1352 6012 6471
3 3780 7436 1627
3 3780 1627 3630
3 3780 3630 6245
3 7651 7436 3780
3 4109 1029 4521
3 7651 1029 4109
3 1029 3797 4893
3 4893 4521 1029
3 1555 6581 3968
3 3968 6581 6282
3 1555 2990 6581
3 3968 6282 1142
3 4238 3951 6054
3 6137 1944 3170
3 6740 133 2391
3 2391 133 7452
3 4784 6137 1397
3 4784 1397 704
3 6567 431 5191
3 431 6567 2686
3 431 2686 5191
3 3124 5331 7744
3 2375 7744 5331
3 5331 3124 6496
3 6567 5191 2375
3 2375 5191 1891
3 849 3610 6863
3 6904 240 6262
3 6904 6262 3745
3 7001 7037 1656
3 4361 1656 2225
3 3517 7697 6014
3 7610 6331 662
3 802 6606 4205
3 802 4205 540
3 4314 7467 68
3 68 7302 4314
3 7302 68 6687
3 5596 7380 3016
3 2539 7773 3576
3 3576 7773 4271
3 348 2539 3576
3 618 7388 4457
3 7817 3514 7388
3 3344 5980 4193
3 3344 7112 5980
3 3263 1063 4193
3 4193 1063 3344
3 1641 6145 3977
3 6577 1641 3977
3 1641 6577 4471
3 6145 1641 4471
3 6145 4471 1184
3 6577 3977 7492
3 1184 4471 7757
3 7727 4135 7757
3 7055 5849 6024
3 5548 5849 7055
3 6046 5849 5548
3 2721 3219 143
3 2721 143 3398
3 143 999 3398
3 143 5240 999
3 4663 3575 6434
3 7252 1489 2314
3 7252 2314 5600
3 7367 1489 7252
3 3779 7596 7075
3 5314 954 7455
3 4506 954 5314
3 954 4506 2764
3 2764 4506 1865
3 1865 4506 3565
3 765 1329 6934
3 765 6934 3240
3 765 3240 5333
3 765 5333 1329
3 6934 1329 7802
3 3062 3240 7067
3 3089 3592 5444
3 314 1577 2074
3 6044 2960 314
3 314 2960 1577
3 5537 1680 3403
3 7789 903 6208
3 1890 6208 903
3 4954 7423 3040
3 4954 4925 7423
3 4259 2084 7423
3 7423 2084 3040
3 6867 1904 2084
3 6867 2084 4259
3 1904 6867 5783
3 6603 5157 7712
3 3777 5996 3882
3 13 3777 3882
3 2594 2348 5389
3 2348 1741 5389
3 3978 2337 2551
3 4640 2551 2337
3 7721 5861 2551
3 7721 1723 5861
3 7721 2551 4640
3 2551 5861 3978
3 2021 6874 7815
3 2049 2431 7454
3 5902 2239 5815
3 5902 7454 2239
3 4537 3253 3651
3 4755 2412 5652
3 1431 6234 3926
3 1431 4751 6234
3 3926 4755 1431
3 2840 1431 4755
3 6263 1153 2783
3 2783 1153 3
3 2783 3 4255
3 4255 4001 6505
3 4001 4255 4582
3 4582 4255 3
3 3 2396 4582
3 4582 3875 5404
3 3 1153 2396
3 232 3048 3786
3 4610 3333 2672
3 4610 2672 3074
3 4610 3074 2798
3 2798 6009 4610
3 1637 4822 4054
3 817 1637 4054
3 4806 4054 4822
3 4054 4806 3733
3 4054 3733 3439
3 7128 3925 6845
3 3925 3594 6845
3 3912 4025 3210
3 3210 4025 1297
3 7356 374 4527
3 7821 4527 5351
3 7489 6123 4597
3 6123 6065 4597
3 4562 5007 1894
3 3471 1894 7106
3 6017 3471 5835
3 7106 1894 5007
3 7106 5007 2906
3 7592 7296 2776
3 2776 7296 4562
3 4562 7296 5007
3 3442 929 4117
3 7296 929 3442
3 7553 7458 2498
3 6534 2498 5270
3 4924 4119 594
3 6534 594 4119
3 4154 4924 594
3 3054 6381 6178
3 6428 777 4850
3 6428 4850 2299
3 1309 1265 6794
3 1309 6794 3017
3 1309 6214 1265
3 1265 6868 6794
3 4809 5582 7645
3 3480 4809 7645
3 7645 7508 1559
3 7407 5614 4576
3 1020 5019 5501
3 1020 5501 6098
3 5149 1497 7519
3 2164 1380 5471
3 7436 4548 7517
3 7517 4548 4615
3 4109 1461 3202
3 4109 3202 7651
3 4521 5910 1461
3 4521 1461 4109
3 6054 6681 3953
3 788 6681 6054
3 6137 625 5418
3 3172 6808 1387
3 6808 3172 7086
3 7086 6991 6808
3 5879 3080 647
3 647 3080 7019
3 7702 1124 248
3 4229 5397 1543
3 1543 2158 4229
3 6588 4229 6567
3 6588 6567 1830
3 4229 6588 5397
3 5574 240 6904
3 4941 3512 7387
3 4941 4342 3512
3 4941 5065 4342
3 7320 4941 7387
3 4941 6197 5065
3 7610 2824 2333
3 2333 2824 7320
3 7320 2824 4941
3 684 5239 7033
3 7033 6197 684
3 6331 2047 662
3 2232 662 2047
3 2581 662 6580
3 6580 662 2232
3 6687 2144 7302
3 3769 4979 7380
3 3769 7380 2121
3 3653 2963 747
3 3653 747 3769
3 2539 4885 7773
3 3479 7773 4885
3 7393 4885 2539
3 7074 462 6982
3 7074 6982 4613
3 462 7074 5321
3 7485 7334 1813
3 6089 3344 1063
3 6089 1063 4413
3 4413 7510 6089
3 3531 1850 6312
3 1428 3558 4544
3 1428 4544 346
3 3558 1428 2354
3 1428 346 6302
3 1184 7757 4135
3 1184 4135 3428
3 1184 3428 6145
3 3977 6145 518
3 3977 518 341
3 3977 341 7492
3 7218 341 518
3 221 6273 5436
3 5436 6273 2512
3 7055 6024 5462
3 1482 5462 6024
3 7055 5462 3887
3 7367 7188 1647
3 707 1295 6290
3 6290 1295 4464
3 6290 4464 7596
3 2345 1295 707
3 6721 6290 7596
3 7806 7505 2607
3 7505 7806 7146
3 5105 7831 3712
3 7398 6934 7802
3 3712 7831 844
3 3712 844 7397
3 5333 2957 1329
3 1329 2957 6138
3 5957 1329 6138
3 7419 1890 5784
3 1890 7419 6208
3 5784 7741 7419
3 3475 7213 6270
3 7564 7213 5360
3 5360 2330 7564
3 3475 6270 5833
3 1682 3475 5833
3 7586 7258 6659
3 7705 6659 7258
3 441 4408 2426
3 441 2426 7299
3 7299 2426 1253
3 7098 3761 4290
3 4290 2269 7098
3 694 4804 7739
3 6876 7739 4804
3 6876 4804 3178
3 2523 7843 4011
3 4011 7843 3928
3 4011 3928 5489
3 5489 332 4011
3 4011 332 5218
3 4011 5218 2523
3 1596 5184 6207
3 3928 1596 6207
3 3928 6207 5489
3 1607 5184 1596
3 1607 5815 4537
3 5815 1607 5902
3 4537 3651 7354
3 4537 7354 915
3 4894 2397 5639
3 298 6802 4894
3 6802 853 4894
3 4894 853 2397
3 2840 3542 1431
3 1431 3542 7291
3 1816 2976 6359
3 7227 4248 6728
3 4418 7227 2477
3 726 3998 4248
3 7227 726 4248
3 4418 726 7227
3 675 590 6348
3 675 6348 6762
3 675 7128 590
3 6348 4211 6762
3 2256 3330 1155
3 3330 2256 6210
3 3330 1040 1155
3 4513 761 762
3 4513 762 3736
3 762 761 3830
3 3736 762 3830
3 3736 3830 6429
3 4513 7293 761
3 761 7293 7078
3 761 7078 609
3 761 609 3830
3 6429 6829 480
3 374 595 7293
3 7280 3808 2310
3 2310 3808 1118
3 1118 3808 6445
3 7638 6445 3808
3 4872 5532 2604
3 3471 6017 3019
3 3019 4562 1894
3 3019 1894 3471
3 7106 970 5835
3 5835 970 7115
3 5890 7235 6030
3 7235 5890 4459
3 4459 5890 7659
3 7458 7553 6149
3 44 6149 1553
3 6149 44 1494
3 6149 1494 7277
3 1494 44 3632
3 547 889 6406
3 547 1334 889
3 3234 4132 1334
3 1334 547 3234
3 5808 2854 1315
3 1315 7094 5808
3 2226 5808 5033
3 5808 3265 5033
3 3265 5808 239
3 6957 787 400
3 400 787 3146
3 4394 3132 7508
3 338 3843 4394
3 4394 3843 3940
3 5272 6280 7237
3 6025 7759 6369
3 5266 1598 2278
3 1511 2278 5501
3 5501 2278 1598
3 7426 5198 3385
3 3176 6134 7243
3 7031 7243 1313
3 1313 7243 6134
3 3034 2039 2835
3 7281 7036 3250
3 4615 2576 5376
3 2576 7267 5376
3 5376 7267 1250
3 5376 6648 4615
3 4441 1731 6540
3 1731 4441 6978
3 6978 4441 2270
3 489 4045 4714
3 788 5418 6300
3 788 6300 5840
3 788 5840 6681
3 5840 6300 368
3 6697 4208 5313
3 6697 3932 4208
3 5134 3072 3771
3 3072 4018 3771
3 7086 4348 231
3 7086 231 1979
3 1979 231 5872
3 231 4348 5774
3 3172 5879 7086
3 4348 7086 5879
3 354 2802 273
3 2250 1398 2290
3 4727 4859 5486
3 4727 6034 4859
3 6034 4727 7314
3 7249 2652 3662
3 7249 3662 7405
3 960 7405 4291
3 2581 3187 6543
3 3945 6543 3187
3 3724 1436 512
3 6307 5967 4773
3 2961 1300 5967
3 1300 2961 4810
3 1532 2963 6066
3 2963 1532 747
3 747 1532 2925
3 3382 1532 6066
3 7871 1849 1686
3 7871 5412 1849
3 2098 3673 2560
3 2614 2560 3673
3 3479 4885 3629
3 7393 7135 7137
3 4918 6414 4662
3 7135 4918 1963
3 4918 2255 6414
3 1390 7176 4567
3 2655 6401 4194
3 4183 2097 6401
3 6145 3428 7218
3 6145 7218 518
3 6073 1614 2977
3 6073 2977 610
3 610 1551 6073
3 1551 3744 6073
3 415 1618 3884
3 2512 430 329
3 5646 6989 5416
3 5646 5416 1864
3 6267 6989 3691
3 7769 3685 6071
3 7049 6816 6071
3 3625 418 7104
3 7104 5678 3625
3 7188 1898 3625
3 7188 3625 1647
3 485 1898 7188
3 3490 2962 277
3 277 2962 1407
3 3490 277 4095
3 4095 277 1407
3 2607 7855 3424
3 5997 4075 5167
3 4075 5997 6727
3 1409 4382 7217
3 4382 1409 5167
3 5770 1409 7217
3 6342 2803 3400
3 7831 734 7391
3 6509 734 5105
3 5105 734 7831
3 2490 1918 6050
3 1331 6050 1918
3 2490 6050 2537
3 1918 1874 1331
3 5903 7598 1189
3 1751 2114 829
3 1751 829 6726
3 829 2114 7364
3 4661 3674 1655
3 1655 7098 4661
3 4661 7098 5703
3 7098 2269 5703
3 3761 7098 1655
3 2285 7739 7529
3 5489 6940 3703
3 6207 6940 5489
3 7504 1781 7354
3 5944 5111 6095
3 5002 6095 5111
3 4639 1808 6582
3 4639 6582 7323
3 5576 1808 4639
3 7676 1271 4891
3 6833 5804 7318
3 1685 4096 6219
3 1816 6219 4096
3 6921 3846 2319
3 6921 2319 1828
3 7227 6921 2477
3 7227 6728 6921
3 6184 4343 2402
3 7248 5143 1264
3 7248 6119 5143
3 4722 6119 1093
3 4722 1093 2307
3 1179 2307 5554
3 1179 5554 2534
3 1179 2534 4652
3 1179 4652 4722
3 1179 4722 2307
3 5497 7207 7814
3 810 6445 2964
3 6445 810 1118
3 1118 810 3482
3 3482 2310 1118
3 1730 2310 3482
3 7015 2093 2964
3 6893 2821 2550
3 6783 2519 6341
3 269 7235 2338
3 7235 269 6030
3 1457 3910 636
3 636 3910 7235
3 4459 636 7235
3 2338 7235 3910
3 4531 636 749
3 3359 4531 749
3 749 2342 3359
3 3359 7483 4531
3 749 636 4459
3 749 4459 2342
3 5403 1445 934
3 934 3031 7026
3 934 7026 5403
3 934 1445 5407
3 934 5407 3031
3 7026 5775 5403
3 4603 5403 5775
3 6406 7465 6986
3 6986 7465 7434
3 7465 2854 7434
3 5033 7147 2226
3 7755 7410 7147
3 7755 7147 5033
3 2959 6861 2536
3 1430 1394 3285
3 7255 125 4475
3 4475 1512 7255
3 1512 4475 1112
3 6948 2956 2779
3 2956 5892 2779
3 1360 1578 1349
3 1360 1349 3093
3 3093 5647 5292
3 3093 5292 1360
3 5566 5292 5647
3 6963 5416 5103
3 2278 3194 6963
3 6715 6898 3194
3 6365 5166 6955
3 7793 1868 5293
3 4039 2199 4920
3 7031 3535 4545
3 7031 7368 3535
3 5895 4619 7068
3 7068 6134 5895
3 7068 4619 7368
3 6764 5924 5013
3 4903 1507 1616
3 1868 1616 1507
3 5426 2082 1167
3 5346 1833 5357
3 5346 5357 7839
3 6237 542 2724
3 1376 6681 5840
3 3885 4067 5313
3 71 3885 1324
3 1324 7386 71
3 71 5926 3885
3 3885 5313 1324
3 5440 3169 3932
3 3932 3169 4208
3 5313 4208 7774
3 1366 7774 3169
3 1366 3169 5440
3 1343 1366 5440
3 5134 1778 7046
3 5872 4476 7412
3 6036 3918 2632
3 6036 6259 3918
3 6036 1244 3880
3 6036 3880 1977
3 5125 0 6973
3 4558 6531 3876
3 4558 3876 5697
3 4558 7314 6531
3 5486 4292 4727
3 5500 3259 4292
3 4292 3259 4727
3 7405 2516 7249
3 7249 2516 4164
3 7249 4164 1560
3 7249 1560 5742
3 7249 5742 2652
3 2089 5742 1560
3 2089 1560 416
3 6688 4164 2516
3 6688 416 1560
3 6688 1560 4164
3 4291 5939 6441
3 6441 5939 1843
3 1843 5939 6287
3 6987 6287 1215
3 2893 5912 3207
3 2893 4699 5912
3 3207 5912 6777
3 1278 5559 3291
3 3301 1857 5862
3 796 2928 36
3 796 36 6211
3 796 6211 1300
3 796 1300 1197
3 796 1197 7647
3 1197 1300 4810
3 914 1622 799
3 914 1197 4810
3 914 4810 5855
3 914 5855 1622
3 5169 799 1622
3 914 799 7647
3 914 7647 1197
3 1622 2605 2188
3 2605 1622 5855
3 428 7594 6101
3 7594 428 6571
3 6371 7594 1190
3 6371 1342 7594
3 6371 154 1342
3 4366 1247 1036
3 1967 385 3166
3 732 1967 3166
3 6545 3166 385
3 3671 5175 385
3 5175 6545 385
3 1205 4916 5175
3 1205 5175 3671
3 4741 7126 5866
3 2481 2056 3741
3 2481 2614 2056
3 7103 6576 987
3 6600 1090 1
3 6400 5708 7132
3 7132 2163 1531
3 5077 1531 2163
3 2788 7215 4631
3 7215 6337 6789
3 7191 2238 2917
3 7191 2917 7179
3 7191 7179 7613
3 4977 3127 1522
3 4977 1522 5864
3 3308 7626 4834
3 6791 7429 3744
3 614 7808 7316
3 906 3372 1847
3 5309 6963 6898
3 6898 6963 3194
3 6816 7769 6071
3 2762 7538 3529
3 7538 3248 3529
3 7570 5067 5332
3 4075 6727 6109
3 1374 1131 6727
3 1374 7000 3245
3 1374 3245 1131
3 5997 4491 1374
3 5997 1374 6727
3 1374 4491 7000
3 6011 1139 3729
3 1139 6011 3254
3 1139 3254 3644
3 3644 4491 1409
3 3644 1409 1139
3 1139 1409 5770
3 1139 5770 3729
3 2051 60 6446
3 6446 3860 2051
3 2051 3860 6
3 4076 6613 5228
3 3290 5228 6613
3 4670 4252 2703
3 4670 2703 5773
3 4252 4670 5050
3 1826 101 2845
3 4252 2845 101
3 6844 3679 7776
3 6844 1826 3679
3 2803 6026 3400
3 7329 7776 4168
3 4168 6026 3477
3 7097 255 6361
3 1028 6361 255
3 1028 255 5571
3 126 4854 696
3 126 696 7079
3 126 7079 6840
3 6840 7079 1812
3 6840 5703 126
3 4854 126 5703
3 5296 1151 3280
3 3280 7133 5
3 5 7133 6943
3 6787 1216 2813
3 2813 1216 6019
3 6191 5483 905
3 6191 905 912
3 3706 6191 912
3 905 5483 912
3 6191 3706 4402
3 5483 6191 4846
3 912 5483 4032
3 7536 4014 1811
3 6971 1588 7722
3 1588 4185 5982
3 6384 6104 5159
3 6384 5159 3508
3 768 3988 981
3 981 3988 6872
3 981 6872 2369
3 981 2369 4648
3 981 4648 768
3 6068 7323 7729
3 6607 1174 3085
3 6607 3085 1141
3 6796 5949 1141
3 6796 1141 3085
3 4817 6553 4405
3 475 4405 7318
3 4405 6553 6079
3 4817 4405 475
3 4817 475 6143
3 4817 6143 6553
3 2319 81 191
3 261 1144 3802
3 794 261 3802
3 794 3802 2949
3 414 2949 3802
3 3802 4343 414
3 2949 103 6079
3 2949 6079 794
3 794 6079 6553
3 6553 261 794
3 261 6553 1144
3 4343 3802 1144
3 103 1337 6514
3 6167 6514 1337
3 103 6514 6079
3 7197 2832 5958
3 5279 5958 2832
3 6119 7197 5958
3 2832 7197 7375
3 7197 7116 7375
3 7207 1730 888
3 7207 888 7814
3 7035 3482 810
3 1763 2093 6099
3 2550 5965 7763
3 2550 3661 5965
3 4621 4474 1525
3 4621 1525 4043
3 4621 4043 6158
3 4621 6158 2821
3 1503 6636 392
3 2821 1503 392
3 2821 392 5461
3 3142 4594 2998
3 4594 4055 3910
3 4594 3910 2998
3 3142 6536 4594
3 4594 6536 4055
3 4932 6244 683
3 3286 683 124
3 683 6244 1068
3 683 1068 124
3 1068 3903 124
3 124 3903 510
3 124 510 3286
3 6244 1784 3903
3 6244 3903 1068
3 4603 3286 510
3 6986 3227 5775
3 6986 5775 4560
3 2708 7305 4931
3 2708 4931 2992
3 5730 2416 7305
3 7305 2416 153
3 4563 2536 6861
3 4563 6861 7560
3 3944 4129 7511
3 7511 4129 14
3 1344 3192 6526
3 1344 6526 1952
3 1952 6526 2589
3 1952 2589 7688
3 6526 4904 2589
3 7688 3009 5951
3 4010 3384 1251
3 4010 1251 4305
3 1014 4010 4305
3 3384 4010 1798
3 3384 6067 1251
3 1251 6067 7153
3 1251 7153 4305
3 816 1213 1330
3 816 1330 7153
3 1330 1213 5146
3 2956 1350 5892
3 5892 1350 1915
3 6204 544 4365
3 6320 3859 2715
3 4106 7178 2170
3 7178 2219 5869
3 7178 5869 2170
3 5755 5736 6753
3 6753 2844 5755
3 1116 2784 61
3 61 5755 1116
3 1116 5755 1665
3 2784 6970 6915
3 4233 5095 7650
3 5018 1160 825
3 2628 825 1160
3 6011 2561 4215
3 5316 6011 4215
3 1582 5316 4215
3 7554 4215 2561
3 6011 2756 2561
3 7152 3357 4210
3 5255 4210 3357
3 4210 5255 5515
3 1961 1245 6551
3 6551 604 1961
3 1245 1961 5255
3 5228 697 5381
3 3216 3290 6613
3 3216 718 3952
3 718 3216 5773
3 718 5773 7776
3 718 7776 6367
3 718 6367 3952
3 6883 6361 6396
3 1025 1812 79
3 4224 1151 7251
3 1151 4224 3280
3 1305 7173 4792
3 4907 7173 1305
3 7173 4907 6585
3 1305 4792 7482
3 3943 5823 6850
3 2169 6850 4682
3 4682 6850 2847
3 6850 2169 2153
3 4682 2847 3878
3 4682 3775 5974
3 1404 5546 2293
3 330 1404 2293
3 4014 7536 5832
3 767 7232 17
3 767 17 5982
3 7722 5982 17
3 606 1935 900
3 5982 606 767
3 767 606 900
3 767 900 7232
3 3596 2859 3520
3 606 3520 2859
3 4398 6481 7747
3 5159 1734 3508
3 5947 3508 1734
3 768 5632 5159
3 4281 4334 7729
3 4334 4281 5696
3 7323 6582 4370
3 4405 6079 5679
3 6514 5679 6079
3 7814 5306 3478
3 655 5306 3243
3 3107 6675 3243
3 2079 183 6675
3 6675 6453 2079
3 4863 6368 3277
3 3277 6368 3220
3 2268 1525 4474
3 1525 2268 3907
3 6885 3907 2268
3 2268 4474 5461
3 129 1866 7058
3 4998 7058 1866
3 2275 5766 4432
3 5766 2275 994
3 3227 7543 5766
3 3227 994 5775
3 2992 3152 2735
3 2735 3152 6897
3 2148 4234 4733
3 2148 4733 973
3 2148 973 6918
3 4733 4931 973
3 973 4931 5771
3 973 5771 6918
3 4234 2148 1057
3 4234 1285 4733
3 4129 3595 6861
3 6861 3595 7560
3 3438 7247 1810
3 6002 7652 2877
3 46 2952 1952
3 46 4160 2952
3 6002 2952 4160
3 6002 2877 2952
3 2952 1344 1952
3 1389 7688 5951
3 1052 1389 3441
3 1389 1052 7688
3 4845 922 4632
3 922 4845 1469
3 922 1469 4041
3 922 4041 259
3 922 259 1613
3 4632 922 1613
3 6103 1469 4845
3 1469 5372 4041
3 5585 1014 2685
3 1613 1014 4632
3 5585 4632 1014
3 4802 3725 6592
3 5324 5892 5746
3 5324 5746 7824
3 1092 4028 4547
3 4028 1092 4263
3 4263 7526 4028
3 4028 4365 4547
3 4547 4365 544
3 7582 3813 3782
3 3782 3813 2811
3 7185 2673 2717
3 6320 4935 4324
3 7021 2289 6004
3 6554 7867 2530
3 2819 5114 5595
3 5595 4490 2819
3 7732 2304 715
3 7363 715 4388
3 4388 715 2700
3 2700 715 2304
3 3796 4791 6321
3 7650 6870 486
3 6870 3791 486
3 7554 1208 4196
3 4196 1227 6094
3 1227 4196 1208
3 2283 5605 5937
3 7042 6551 1790
3 6551 7042 604
3 7042 4740 604
3 604 4740 1961
3 5255 1961 561
3 4089 4907 1305
3 4089 1305 1026
3 1026 1305 7482
3 4089 1026 7532
3 4089 7532 5664
3 7186 3869 421
3 421 3869 5692
3 1011 2777 3027
3 1011 3027 6340
3 2100 6340 2032
3 2100 2032 7193
3 1121 2100 659
3 1121 469 1011
3 1121 1011 6340
3 1121 6340 2100
3 659 2100 7193
3 1121 659 469
3 5974 5345 2169
3 2777 2169 5345
3 5974 2938 217
3 2984 1662 4031
3 4031 5334 2984
3 4027 5870 330
3 4027 6859 5870
3 773 6253 4357
3 6253 773 3311
3 773 4357 4427
3 5832 7536 4896
3 4778 526 4706
3 4778 4706 7232
3 7232 4706 1222
3 4706 526 3602
3 1222 4706 3602
3 6866 1935 3566
3 6866 3566 3432
3 6866 7232 900
3 6866 900 1935
3 766 6229 1946
3 766 1946 2329
3 3879 5278 1946
3 2329 1946 5278
3 6878 4392 2259
3 6878 2259 3306
3 3306 2259 4579
3 4392 1088 2259
3 3478 2259 1088
3 2259 3478 4579
3 3421 5632 7729
3 1157 4579 6675
3 3306 4579 1157
3 3306 1157 6878
3 183 212 1157
3 6393 65 3472
3 3472 65 7630
3 3491 910 7630
3 3491 7630 1284
3 4371 2958 6368
3 6368 2958 5422
3 4007 3861 6751
3 1034 6758 2639
3 6758 668 1966
3 2639 6758 1966
3 1293 2639 1966
3 2639 6880 1034
3 1966 668 4007
3 4694 2735 1417
3 1417 2735 6897
3 1285 7795 6897
3 6897 3152 1285
3 3649 3193 7795
3 3193 2508 6897
3 3193 6897 7795
3 1606 4153 3817
3 3829 3287 6834
3 4052 6834 3700
3 3700 5229 4052
3 4052 5229 1562
3 4052 1562 7810
3 4052 7810 6834
3 6834 3287 3700
3 678 7751 4541
3 6121 1107 1785
3 291 1839 7030
3 3613 2870 4249
3 5871 2870 7709
3 7709 2870 4823
3 6205 7471 5205
3 3868 6993 5946
3 1852 6228 5585
3 6228 358 5585
3 6228 67 358
3 969 5227 6979
3 2124 5195 2392
3 5900 6438 2507
3 5035 1242 3960
3 4522 1242 7561
3 5035 7561 1242
3 5194 6574 6000
3 6365 4201 840
3 6365 840 6574
3 6574 840 4367
3 7542 5778 1412
3 1412 5778 6985
3 7047 858 1422
3 1422 858 113
3 1422 2298 7047
3 7047 6383 858
3 1476 858 6383
3 858 1476 113
3 113 1476 6398
3 113 6398 1095
3 113 1095 1422
3 565 5312 7430
3 3356 4039 6938
3 3356 6938 7190
3 3356 7190 1073
3 3356 7307 4039
3 4619 6254 3873
3 3873 6254 764
3 764 4920 3873
3 3873 4920 7368
3 3873 7368 4619
3 4619 5895 6254
3 3347 6254 5895
3 4543 3347 4819
3 4543 4819 7190
3 6938 4543 7190
3 4543 6938 6254
3 4518 3983 758
3 3983 4767 758
3 758 4767 4483
3 758 4483 3774
3 3774 4618 758
3 4518 758 4618
3 4518 4618 2325
3 3983 296 4767
3 6623 4767 296
3 2724 4483 4767
3 7061 2754 4618
3 4618 2754 5772
3 4057 1701 6682
3 6682 5926 3683
3 920 3130 5132
3 3667 2638 6218
3 3667 7748 2638
3 6655 6858 6218
3 6656 2739 1724
3 7040 1724 2739
3 3876 3427 4440
3 3876 4440 5697
3 5500 6531 545
3 6531 4452 3876
3 5500 6052 6531
3 6531 6052 1371
3 6531 1371 4452
3 4212 6776 4869
3 4212 4869 2865
3 292 3177 2865
3 3316 4435 292
3 4748 292 4435
3 2159 9 3821
3 4415 646 5443
3 3207 4114 2893
3 2893 3728 2683
3 4114 3207 964
3 3717 2676 4037
3 4037 3297 3717
3 3717 3297 6560
3 6879 2676 3717
3 2676 2294 4037
3 3291 6335 6560
3 3301 1633 6335
3 6335 1018 5190
3 1018 6335 1633
3 5862 1633 3301
3 6828 1175 3341
3 3341 4122 6828
3 6828 5862 1175
3 6828 4122 5190
3 1181 5169 1193
3 1181 1193 4122
3 1181 4122 3341
3 3006 3341 1175
3 3006 2928 7647
3 2928 3006 1175
3 4122 1193 5190
3 1181 4577 1328
3 4577 1181 3341
3 4577 3341 3006
3 4577 3006 7647
3 1181 1328 5169
3 2188 337 1193
3 2188 1193 5169
3 1193 337 5190
3 6101 6560 6729
3 6729 6560 70
3 70 6560 6335
3 1342 6294 2211
3 4796 3871 3547
3 627 3345 2830
3 105 1675 4798
3 105 4798 5759
3 5759 4798 6732
3 6725 5057 4798
3 6725 4798 2653
3 2653 4798 6545
3 6545 4798 1675
3 2653 6545 4708
3 2653 4708 1058
3 1058 6725 2653
3 1203 2909 2246
3 6662 2246 2909
3 4430 6662 2909
3 4198 6387 2151
3 7506 6647 4287
3 3115 3971 7103
3 3115 3376 6945
3 1888 6945 3376
3 4557 3376 287
3 478 287 3376
3 756 2826 1060
3 1060 1887 756
3 6442 756 1887
3 756 6442 5907
3 2826 756 5907
3 350 7169 3935
3 350 5398 7169
3 7169 5398 3133
3 4431 6170 989
3 708 4431 7169
3 989 7169 4431
3 708 7169 3426
3 3133 2646 3426
3 5077 2646 3133
3 3935 7169 989
3 3426 2646 5049
3 3426 5049 4369
3 4369 4431 708
3 4369 708 3426
3 4971 6170 3495
3 989 6170 4971
3 989 4971 3935
3 4301 7256 5631
3 218 7256 6755
3 6755 7256 4301
3 6755 4701 3165
3 6638 3165 4701
3 3165 6638 6442
3 423 1529 7589
3 1529 423 3363
3 1529 3363 3413
3 3413 2542 1529
3 4331 1529 2542
3 1529 4331 7589
3 3363 5897 3413
3 3739 5897 1856
3 5897 3739 532
3 2902 7179 7618
3 2858 998 4834
3 998 2858 7421
3 440 975 4293
3 4293 975 383
3 975 2858 383
3 4293 383 7626
3 4293 7626 2500
3 4293 2500 4871
3 4871 440 4293
3 975 440 7421
3 975 7421 2858
3 6931 2500 7626
3 6961 3090 4614
3 6961 4614 7468
3 3697 2584 824
3 3697 824 488
3 7468 3697 488
3 2584 4246 824
3 488 824 4246
3 6651 6961 6004
3 3090 6961 2398
3 3090 2398 5876
3 2289 1884 1779
3 1884 4685 1779
3 1779 4685 1114
3 5595 1485 57
3 5595 5114 1485
3 4960 5526 977
3 5526 1501 977
3 4960 977 1520
3 977 1501 2944
3 977 2944 1520
3 1520 2944 5369
3 1520 5369 4960
3 4960 1263 5526
3 2944 1501 2982
3 3029 4264 587
3 3029 587 6539
3 4264 1161 587
3 587 1161 5114
3 7183 1824 3273
3 7183 3273 4264
3 6321 4876 7219
3 4508 4079 2967
3 1832 2967 5129
3 7238 5129 4079
3 2967 4079 5129
3 6094 1110 4270
3 1208 6411 1227
3 1227 6411 1232
3 1227 1232 1110
3 1227 1110 6094
3 1110 1232 4270
3 4270 3461 4539
3 4539 3461 7438
3 6411 1208 5215
3 7438 3461 6411
3 1478 6251 5821
3 1478 5821 6541
3 1478 6541 7110
3 1478 7110 867
3 1478 867 6251
3 5937 5605 90
3 5937 90 4568
3 3309 4332 7042
3 7042 4318 6742
3 7042 6742 3309
3 3309 6742 7706
3 3938 6742 4318
3 6742 5241 7706
3 1120 4907 4089
3 1120 4089 5664
3 5664 6766 1120
3 1120 6766 4907
3 1026 2208 7532
3 1169 3483 4697
3 3483 4844 2889
3 1320 2878 5962
3 1320 5962 6769
3 4536 1320 6769
3 1797 1591 2271
3 4536 1797 2271
3 1591 1797 5727
3 6175 6173 6409
3 2237 4142 2984
3 2237 2984 6173
3 2237 6173 6175
3 3027 4142 6340
3 2032 6340 2237
3 2237 6340 4142
3 4142 1662 2984
3 6173 2984 6933
3 5334 6933 2984
3 6173 6933 6409
3 6409 6933 2322
3 2606 1089 6837
3 2606 3537 1089
3 4427 3436 3311
3 4778 2828 6984
3 7747 2446 6388
3 6388 2446 3714
3 6565 2116 6864
3 5328 3687 437
3 2573 3687 5328
3 2329 6393 766
3 766 6393 5328
3 3491 5182 3204
3 3491 3204 3687
3 3491 3687 2573
3 160 2104 5213
3 5213 4608 2618
3 4608 5213 2104
3 4608 2104 2371
3 5422 6751 2104
3 4107 4899 1067
3 4107 1067 4143
3 4143 1924 4107
3 4107 6108 4899
3 1067 4899 5643
3 1067 5643 4143
3 6751 4143 5643
3 6751 3861 4143
3 2695 5022 1341
3 2695 1341 2508
3 6786 3948 7090
3 3948 6786 5933
3 3948 5933 3256
3 4849 3256 5933
3 6786 1196 5933
3 5933 7810 4849
3 6559 1562 5229
3 7810 1562 6559
3 1163 6121 1785
3 1163 4724 3979
3 7030 3000 4724
3 930 4724 3000
3 7269 3504 6809
3 7587 3504 1372
3 3676 2040 6629
3 3676 6629 1905
3 5871 3676 497
3 3676 5871 2040
3 497 3676 7269
3 3676 1905 7269
3 5871 2630 7820
3 5871 7820 2040
3 2040 3962 6629
3 6629 3962 482
3 1098 6467 264
3 264 18 1098
3 1098 18 1508
3 1098 1508 5205
3 1098 5205 6467
3 306 395 4349
3 5946 33 5593
3 6862 3915 7450
3 7450 3915 4237
3 3581 549 2478
3 1872 3581 871
3 2478 871 3581
3 4499 6308 7464
3 5195 2124 2010
3 6438 2660 7174
3 7174 2660 251
3 1183 7174 251
3 7287 5868 4118
3 1214 5616 2924
3 5616 1534 2924
3 1749 1534 5616
3 7866 5317 1771
3 5317 6985 1771
3 4860 6804 6664
3 6985 5778 5414
3 6985 5414 907
3 5414 280 3681
3 4472 3681 280
3 884 5094 698
3 4688 1933 6055
3 7241 4710 4688
3 1933 4688 4710
3 5514 4710 7241
3 4038 4976 4710
3 4038 4710 5514
3 3235 4496 54
3 3106 4038 4050
3 3106 4496 4038
3 4038 5514 4050
3 4496 3106 5367
3 6857 5701 2253
3 7352 3788 2325
3 5891 5285 2681
3 5285 5891 3762
3 3161 7071 6561
3 3762 3161 1569
3 6795 2327 1544
3 6795 1544 3989
3 1959 5025 1764
3 1959 1764 3713
3 6385 3667 1359
3 1359 3667 6218
3 4842 2177 6858
3 4842 6858 7304
3 2449 4656 4352
3 4656 4444 4352
3 7121 1687 6683
3 1687 7059 6683
3 515 2851 6910
3 6390 6776 3711
3 6390 2851 515
3 2851 6390 3711
3 4077 1346 2572
3 4077 2572 3488
3 4386 4077 3488
3 2572 6776 3488
3 4386 3488 3149
3 4077 1526 1346
3 1388 3149 4748
3 7063 1583 7014
3 7063 6114 1583
3 1583 294 7014
3 2785 7014 4748
3 4748 7014 1388
3 2751 1037 4700
3 2751 4700 4190
3 4897 4085 6116
3 4897 6116 4190
3 4190 6116 4081
3 5725 1879 4739
3 5725 4739 4085
3 1742 6563 2384
3 738 4112 4217
3 4217 4112 3621
3 3366 5512 2388
3 5512 3366 4112
3 4114 6879 1609
3 1609 6879 5090
3 4114 1609 3728
3 4114 964 6879
3 6294 3815 3064
3 6294 3064 3181
3 721 2830 3345
3 2830 721 6155
3 721 3345 7184
3 2444 4461 4528
3 4922 2444 4528
3 4922 6732 5057
3 4922 5057 3975
3 3975 6433 4922
3 2444 4922 6433
3 4922 4528 6732
3 6433 3975 6725
3 6725 3975 5057
3 2429 4975 76
3 76 4975 6579
3 76 5176 2429
3 6579 555 76
3 1203 4975 2429
3 2429 5176 4430
3 1203 2559 4975
3 4975 2559 3500
3 1862 1556 3195
3 2945 1556 297
3 1556 1185 297
3 1185 2292 297
3 1185 1556 3597
3 5819 377 7506
3 4287 7816 7506
3 4315 5388 5693
3 5919 5693 5388
3 5693 5919 2026
3 1867 6040 6299
3 6040 1867 1277
3 6040 1277 7431
3 1277 1867 7353
3 1277 7353 6945
3 1277 6945 7431
3 1628 2059 7431
3 6040 2059 3897
3 7431 2059 6040
3 6040 3897 6299
3 6299 3897 6638
3 7735 4676 7745
3 7745 7589 7735
3 4331 2542 184
3 5425 184 2542
3 5470 4433 753
3 5470 753 5425
3 532 5626 4433
3 4511 6358 5081
3 7618 4373 6088
3 4373 7618 4977
3 7421 2323 5864
3 7600 1889 4757
3 4678 4757 1889
3 6418 556 7420
3 5978 1493 5499
3 3867 2398 6651
3 5042 3867 6651
3 6521 6048 4642
3 2315 4642 6048
3 138 2315 6048
3 5453 5998 940
3 1077 5998 5453
3 5998 4377 940
3 4214 5453 940
3 2504 5072 4495
3 4768 2504 4495
3 7872 5072 2504
3 2982 319 2209
3 1263 3273 476
3 4768 1263 476
3 3950 7330 1733
3 3950 1733 4220
3 3950 4220 5234
3 5769 4876 5232
3 7330 4876 5769
3 6043 7151 2138
3 7828 5880 739
3 7151 739 3430
3 3430 293 7151
3 7828 6353 7533
3 7238 6353 5129
3 2955 3828 6144
3 1458 5715 3552
3 5715 1458 1750
3 256 2647 4280
3 6018 513 4760
3 6018 4760 839
3 839 4760 55
3 839 55 5940
3 55 7512 5940
3 7259 3261 2113
3 3198 7290 6010
3 4966 7290 3198
3 3881 5091 4607
3 658 3881 4607
3 4607 198 658
3 3580 1617 391
3 3580 3642 1617
3 1617 7424 391
3 6629 3351 1372
3 1372 3351 7587
3 3962 5627 482
3 306 5593 264
3 264 5593 6813
3 33 6465 1275
3 1275 6465 6181
3 4237 5715 7450
3 7641 1776 3734
3 520 3734 1776
3 520 1776 5133
3 4889 7464 5981
3 1183 2713 6375
3 2782 6532 5706
3 5706 6532 6389
3 6389 6532 1437
3 1895 1437 6532
3 2781 2660 4118
3 3156 1749 3622
3 3681 6283 144
3 2791 6283 3681
3 1402 6819 363
3 884 4892 5094
3 6819 5094 4892
3 6819 4892 3847
3 3139 4976 6082
3 6082 4976 1156
3 6082 1156 3235
3 1938 3369 1653
3 6800 7254 3299
3 7254 5822 3299
3 6875 7654 6857
3 6857 7654 5701
3 5285 3066 7022
3 763 1509 4411
3 4411 4626 763
3 4626 2025 763
3 6595 763 2025
3 763 6595 1509
3 4411 1509 1351
3 2817 770 5524
3 7819 5524 1679
3 7819 2814 5524
3 7748 5741 4266
3 7748 4266 5025
3 6385 5608 1125
3 6385 1125 5741
3 1597 6778 3672
3 1597 3672 3401
3 3401 3672 5913
3 3663 4705 710
3 710 4705 4381
3 953 710 4381
3 710 953 3663
3 3663 953 2934
3 3663 7216 4705
3 4705 7216 1094
3 4705 1094 4381
3 7373 195 3431
3 7373 1069 2968
3 2968 1069 3388
3 1182 6194 403
3 1182 403 2934
3 1013 403 6194
3 6194 691 1013
3 6910 43 1243
3 1243 43 7340
3 2711 7340 43
3 6114 807 1583
3 1583 807 1526
3 2751 4081 5719
3 2711 2751 7340
3 5719 7340 2751
3 5655 7476 6597
3 834 4633 5655
3 834 5655 6597
3 834 6597 4633
3 4633 6597 5342
3 6597 2273 5342
3 3366 3621 4112
3 4771 5368 6932
3 5368 4771 740
3 2896 4262 2633
3 2896 2633 35
3 465 4262 72
3 4262 465 3500
3 72 4262 2451
3 72 6433 465
3 3500 2559 4832
3 4848 4310 6147
3 4310 4848 1674
3 1185 7559 2292
3 5705 7087 6377
3 2037 5693 6811
3 4524 6811 5693
3 6811 4524 7418
3 7520 846 3906
3 3906 846 7495
3 7520 3906 6733
3 4274 784 4884
3 4884 6733 3906
3 4884 3906 4274
3 184 4730 4331
3 4331 4730 7735
3 5425 7669 4509
3 753 6069 7669
3 6177 5062 6069
3 5062 6177 3911
3 4070 6358 2897
3 2897 6358 5570
3 7496 5570 3352
3 5257 3314 4939
3 7011 4939 3314
3 3314 7072 7011
3 5518 7738 3053
3 6032 5089 5978
3 1669 6306 1871
3 1871 6306 2807
3 1438 2387 4123
3 1438 4123 6760
3 5606 6626 3635
3 6266 5606 2435
3 6266 1913 4152
3 5606 6266 4152
3 1733 455 4875
3 1733 4875 4220
3 4220 4875 3506
3 5234 4220 3506
3 3664 4049 5302
3 5769 3664 7330
3 3664 5769 4049
3 3241 5578 536
3 4421 3241 536
3 4421 536 7558
3 7558 536 5578
3 5578 3241 7852
3 3399 2035 5748
3 3412 2035 2713
3 6731 3955 2071
3 2027 3955 2874
3 2874 3955 7856
3 3955 5060 7856
3 7856 5060 6113
3 6113 5060 6731
3 1688 3125 6389
3 4286 908 2302
3 5008 4286 2302
3 5008 576 4286
3 6452 4005 550
3 4005 6950 550
3 550 6950 2341
3 2341 5905 7513
3 2341 7513 550
3 550 7513 3555
3 4195 4888 6819
3 1424 4892 7199
3 1424 3847 4892
3 1805 1938 1653
3 4328 5172 1415
3 4328 1415 5822
3 167 700 3624
3 4946 7308 6906
3 4946 6276 1367
3 4946 1367 7308
3 7308 5960 6906
3 6906 2028 4946
3 4946 2028 1410
3 4946 1410 6276
3 1410 2028 4279
3 1410 4279 5304
3 6906 435 2028
3 1984 6374 467
3 4466 6374 1984
3 6374 7022 467
3 467 7245 1984
3 1984 7245 2786
3 4105 242 1045
3 5572 1045 2856
3 242 2856 1045
3 2817 5524 6843
3 3942 6843 3440
3 6594 7698 1401
3 6594 1401 5983
3 4306 3355 3045
3 4306 3045 6720
3 4306 6720 3933
3 4306 3933 1545
3 1545 891 4306
3 4306 891 3370
3 3370 3355 4306
3 5913 7216 6927
3 5913 3672 7216
3 728 7216 145
3 2968 3388 4526
3 4526 3388 1182
3 4526 1182 2934
3 3032 304 7381
3 1262 3032 4583
3 3032 7381 4583
3 1211 7381 276
3 1211 276 1195
3 1195 276 5811
3 737 1195 7601
3 1195 737 1211
3 1211 737 3658
3 1211 3658 7381
3 7381 3658 311
3 7601 2816 326
3 7601 326 1198
3 1198 326 7164
3 7164 326 2816
3 7164 7378 5170
3 3003 6200 3954
3 3003 3954 3182
3 6235 1355 1599
3 1599 2274 6235
3 6235 3678 1355
3 2198 7310 2911
3 4060 4564 4752
3 4564 5729 4752
3 2896 35 4060
3 2896 4060 6570
3 5800 1880 7784
3 3073 4848 7708
3 3395 6377 7008
3 7708 3395 5717
3 7008 5717 3395
3 3395 7708 7559
3 3395 7559 6377
3 7754 2867 6431
3 4363 6733 1137
3 1137 7418 4363
3 4363 4524 7520
3 3409 1137 6733
3 7674 3409 6733
3 3604 4458 3409
3 3456 7612 6928
3 2753 7002 6604
3 3707 755 757
3 3707 757 6533
3 6533 757 2192
3 757 755 5921
3 2192 757 5921
3 3707 1055 755
3 755 1055 5921
3 474 3798 3362
3 3362 6080 1699
3 5853 631 2931
3 631 1699 2931
3 474 631 5853
3 3362 631 474
3 631 3362 1699
3 4232 1332 2459
3 2459 3917 4641
3 4641 3917 5430
3 5430 3917 2180
3 2180 3917 3753
3 7150 7572 3693
3 4953 976 7230
3 1085 4953 7230
3 1085 7230 1836
3 976 579 7230
3 4953 1085 7301
3 976 4953 579
3 7230 579 7150
3 3693 7230 7150
3 7230 3693 1836
3 2562 4108 4256
3 2562 4256 7120
3 4108 6616 3689
3 4256 3689 7301
3 7160 7301 3689
3 3690 2834 4991
3 4590 3546 7734
3 3546 2834 3690
3 7826 4120 5520
3 4120 7361 5613
3 6379 2940 5520
3 5520 2464 6379
3 669 4759 1254
3 669 4657 4759
3 1254 106 669
3 669 106 224
3 669 224 220
3 669 220 4657
3 4759 4657 3963
3 455 7070 4875
3 4875 7070 3506
3 6311 3506 7070
3 141 3533 4612
3 141 4612 4130
3 4299 4130 4612
3 5950 893 7516
3 2027 2874 6578
3 5126 1444 4269
3 5126 4269 6779
3 1444 5126 5663
3 1442 6779 6113
3 6779 1442 4177
3 4761 3568 7376
3 3568 4761 2894
3 3568 2894 222
3 3568 222 5763
3 908 5375 3572
3 908 3572 5763
3 2302 908 5763
3 4867 2793 3656
3 2793 4867 3551
3 7513 3909 4867
3 4867 3909 4987
3 4867 4987 3551
3 4883 3895 1667
3 1667 3895 4019
3 1667 4019 5224
3 4883 5745 3895
3 4552 5758 4947
3 4801 3451 3756
3 1549 104 6029
3 5250 1549 6029
3 4795 3677 1188
3 986 1188 3677
3 5970 4795 1188
3 5970 5670 4795
3 5395 6995 4419
3 1410 7122 6276
3 2472 3601 2190
3 78 4297 863
3 863 4297 4488
3 863 4643 78
3 4297 78 2866
3 4297 2866 7522
3 2850 1845 4698
3 3776 6843 4172
3 2487 6917 5545
3 5545 6917 3865
3 1758 460 5037
3 5037 460 5323
3 6180 7752 241
3 6720 1078 7752
3 7381 311 4583
3 4583 311 4589
3 737 6889 3658
3 7546 3658 6889
3 4645 2892 1303
3 1303 2892 6460
3 5170 6460 2892
3 6404 1261 5782
3 2590 2073 7310
3 1795 130 1117
3 352 1795 1117
3 1117 130 7655
3 6612 1853 7008
3 5421 4636 6612
3 7270 2016 4636
3 2094 780 364
3 2094 364 4438
3 7270 4438 364
3 7270 364 643
3 854 7573 6063
3 854 6063 2094
3 470 2094 4438
3 4438 7754 470
3 7754 7681 470
3 7681 854 470
3 1926 672 7827
3 4443 7827 1762
3 1500 6057 680
3 680 6057 2425
3 3709 3238 4684
3 2719 1971 3238
3 4684 3238 1971
3 3798 6316 6080
3 6080 3362 3798
3 7365 4650 3820
3 3820 4650 4900
3 3820 4900 6316
3 3820 6316 3298
3 3820 3298 3914
3 5039 483 3914
3 7365 3914 483
3 3914 7365 3820
3 5039 3914 3298
3 1909 2162 4587
3 2162 5260 4587
3 7734 165 6673
3 6278 6673 165
3 3689 4590 7160
3 3753 4111 2180
3 3902 1332 7150
3 7150 4016 3902
3 4016 3753 3917
3 4016 3917 2459
3 4016 2459 3902
3 6489 2229 7734
3 7470 7826 5520
3 2296 1981 1172
3 2296 1172 5648
3 5648 1172 6717
3 1172 1981 3720
3 1173 3720 1061
3 1173 1061 1557
3 5845 1557 1061
3 1108 7408 6059
3 2730 7408 1108
3 1705 1651 7555
3 6992 1729 772
3 4299 6179 1257
3 4299 1257 106
3 106 1257 224
3 6941 7274 4258
3 6528 1978 6941
3 5950 7516 119
3 246 1100 3365
3 3365 6895 246
3 3365 2206 6895
3 519 4964 5055
3 519 5055 2919
3 519 2919 6578
3 6578 4964 519
3 4177 4514 6779
3 6779 4514 5126
3 3842 4830 6468
3 4830 3842 4873
3 8 7662 3582
3 8 3582 5531
3 5825 6586 1281
3 4987 5224 4396
3 4987 4396 3551
3 7163 4396 4019
3 1994 7163 5110
3 1994 1266 7163
3 1266 1994 7625
3 1266 7625 671
3 7620 2326 4497
3 7620 4497 4947
3 4666 3050 5036
3 6780 3215 607
3 607 3215 450
3 4795 4419 3677
3 4419 6780 3677
3 7023 7350 5761
3 1448 7350 7023
3 7350 1448 7760
3 6051 1953 7326
3 2846 7326 1953
3 5030 2846 1953
3 5768 5030 1953
3 4488 1087 1304
3 7056 1304 1087
3 7056 1087 7577
3 6284 5498 4811
3 6160 2771 6823
3 6160 7065 3188
3 7065 6823 6643
3 6643 2765 4580
3 4580 2765 1772
3 6823 7065 6160
3 2771 3526 7091
3 6160 477 979
3 979 6105 3526
3 979 3526 6160
3 394 4580 1626
3 1626 1042 841
3 1626 841 495
3 495 841 7091
3 7091 2953 495
3 2953 6917 495
3 7203 495 6917
3 495 7203 1626
3 1626 7203 394
3 7203 6968 394
3 6981 4580 6968
3 394 6968 4580
3 1626 4580 1042
3 841 1042 7091
3 6917 2953 5694
3 7203 2528 4540
3 4721 135 5323
3 6215 135 4721
3 6215 4721 6848
3 6848 4721 5826
3 5473 4721 1572
3 4721 5323 1572
3 5473 1572 2515
3 5718 3364 983
3 983 3364 6630
3 4866 5718 983
3 6460 5299 3584
3 6404 2712 6159
3 6404 6159 5343
3 6352 6159 2712
3 3611 7045 352
3 3611 352 1117
3 3611 1117 7655
3 3611 3136 7045
3 5402 7045 3136
3 130 7583 892
3 130 892 7655
3 7442 4422 3848
3 6942 7782 7507
3 289 6674 7396
3 6674 289 2617
3 6007 7530 3799
3 5672 7530 963
3 963 7530 6007
3 449 7827 4244
3 963 4244 5672
3 5642 5915 1084
3 7515 1084 5915
3 6057 1146 2425
3 2349 2425 1146
3 2349 1146 7576
3 7481 3758 6057
3 6057 3758 1146
3 1146 3758 7576
3 517 3899 6974
3 3899 1601 7499
3 4650 6479 2981
3 4650 2981 4900
3 1452 2526 6278
3 1452 6278 664
3 1452 7365 1909
3 1452 1909 2526
3 1171 6976 3497
3 6997 7599 6520
3 6997 6520 5052
3 402 7762 75
3 6102 5161 6399
3 2918 6399 4167
3 2918 4167 4573
3 3614 6399 5161
3 3614 5161 6717
3 2003 3614 6717
3 2003 4167 3614
3 3614 4167 6399
3 4082 554 1172
3 4082 1173 136
3 4082 136 554
3 554 6717 1172
3 10 1557 2913
3 1557 10 4573
3 4478 3892 5845
3 3720 1981 5909
3 3720 5909 1061
3 5909 5845 1061
3 5009 4617 1800
3 6700 5223 6535
3 5223 6700 7772
3 4169 7715 4184
3 5177 2823 6669
3 4989 2823 5177
3 6669 6336 5177
3 4638 6891 4895
3 6891 2394 4895
3 4638 3889 6891
3 2394 6807 4895
3 6807 4830 4895
3 4895 4830 4638
3 4638 4830 353
3 4638 353 3889
3 4646 895 4180
3 4646 4180 943
3 4180 895 323
3 4180 427 943
3 895 1027 323
3 3866 427 323
3 427 4180 323
3 3252 1625 1255
3 3252 1255 4317
3 5854 3252 4317
3 3252 7777 1625
3 5428 2678 3024
3 4396 1248 1281
3 4396 1281 3551
3 1281 1248 5825
3 6926 6285 5825
3 7163 6926 1248
3 1248 6926 5825
3 3217 2950 2852
3 3217 7360 2950
3 2950 7360 3893
3 2950 3893 463
3 2950 463 2852
3 2790 2852 463
3 2339 793 1066
3 4253 2339 1066
3 1066 793 7038
3 1066 7038 4253
3 2339 6598 793
3 6598 6131 793
3 793 6131 7038
3 6029 902 3781
3 3781 902 2351
3 3781 2351 6451
3 7177 226 6366
3 7177 1455 226
3 1455 7177 3386
3 1455 5221 226
3 226 5221 1717
3 226 1717 3050
3 226 3050 6366
3 3050 857 6366
3 6366 857 5208
3 7760 1672 2475
3 805 1574 5658
3 805 5658 3418
3 805 3418 3618
3 3618 1565 805
3 1565 7333 805
3 1574 805 7333
3 3588 6272 5378
3 3035 6272 4637
3 6272 3035 5040
3 5653 3637 6477
3 6477 573 3151
3 573 6477 3637
3 7056 7165 4643
3 2055 7165 7056
3 7577 6284 4298
3 3841 6968 6096
3 3841 667 5344
3 3841 6096 667
3 1109 7065 6643
3 6981 1109 6643
3 1109 3188 7065
3 4529 7091 1772
3 1772 2765 4529
3 2765 6823 4529
3 6823 2771 4529
3 4529 2771 7091
3 6836 4540 2528
3 1876 4540 7811
3 7811 4540 6836
3 688 5214 422
3 688 422 4434
3 688 4434 5826
3 688 5826 1051
3 688 1051 5214
3 5826 5504 1051
3 1051 5504 5214
3 5214 5504 2468
3 4148 1744 6741
3 5621 4148 6741
3 4148 5621 2651
3 1744 2458 6741
3 6394 4840 2471
3 7010 6430 185
3 2712 6890 6352
3 5402 3136 1855
3 5402 1855 3379
3 823 820 1466
3 1466 820 7655
3 1466 1945 823
3 150 823 1945
3 823 150 1855
3 823 1855 3136
3 823 3136 820
3 7581 1620 7655
3 1620 1466 7655
3 1466 1620 1945
3 7054 1365 37
3 7054 37 4339
3 6710 451 6584
3 6710 4022 451
3 4022 6710 1207
3 4470 2916 3268
3 2183 3268 2916
3 289 286 2617
3 5258 6707 503
3 4949 5915 7125
3 7530 5672 4949
3 4949 5672 5915
3 5915 5642 7125
3 744 2349 7576
3 2349 744 3967
3 2349 3967 5642
3 1379 3996 4304
3 1379 4304 744
3 1379 744 7576
3 1405 7576 7012
3 1405 1379 7576
3 7012 2701 1405
3 1972 2197 4406
3 6974 3654 517
3 3654 3049 517
3 3654 6974 6650
3 4068 6525 990
3 4068 990 4393
3 4068 4393 2496
3 2496 4393 4948
3 4948 1354 2496
3 1354 1454 2496
3 2496 1454 4068
3 990 588 4393
3 1454 7499 6261
3 1454 6261 6154
3 7599 6261 7499
3 6154 6261 4986
3 6154 4986 1065
3 4202 6154 1065
3 6261 7599 4986
3 4986 7740 1065
3 1065 7740 4202
3 5052 196 6997
3 4002 968 7595
3 968 4002 2947
3 2947 4002 5942
3 2966 2227 6696
3 6696 2227 6663
3 2227 3636 151
3 249 225 5086
3 6535 1835 7497
3 7772 3283 6334
3 5827 4630 3832
3 879 4335 4630
3 4630 3959 5348
3 4630 5348 879
3 4335 879 5744
3 1738 5457 6924
3 4827 5716 1016
3 5716 4827 5457
3 1164 3603 733
3 3872 5219 1164
3 3872 1164 2592
3 2592 1164 733
3 837 5020 6754
3 5079 6694 1177
3 1177 6694 1612
3 1625 6558 1255
3 1255 6558 6709
3 1255 6709 4317
3 6709 6558 5063
3 5428 1625 7777
3 1625 5428 6558
3 1737 5809 7360
3 5193 1737 372
3 5986 5193 372
3 2901 941 2149
3 2901 2149 174
3 2901 174 5087
3 3386 1287 1455
3 1287 2149 1455
3 5221 1455 2149
3 2629 7004 7490
3 7490 7177 2629
3 2629 7177 5208
3 5074 3857 5658
3 1574 2903 6424
3 1574 6424 5658
3 751 6255 3619
3 6255 7711 6756
3 6756 2422 6255
3 6255 2422 1721
3 3619 6255 1721
3 4407 5131 1541
3 3269 4084 6572
3 3269 573 4084
3 4084 573 3637
3 3151 573 3269
3 804 7206 7109
3 804 7109 1955
3 804 1955 955
3 804 955 7206
3 162 6313 7609
3 2570 856 1383
3 2570 6572 856
3 856 3719 1383
3 3123 2570 1383
3 1536 2087 3600
3 3600 2087 5447
3 3123 1383 822
3 822 1383 3719
3 822 3719 3600
3 4815 822 3600
3 822 4815 3123
3 3179 3723 4815
3 5925 5082 6530
3 5925 6530 4737
3 6530 5082 4653
3 4653 5082 2682
3 6074 4653 2682
3 4653 6074 456
3 1391 4354 6209
3 4354 1391 7244
3 1413 185 4992
3 7549 4992 185
3 3379 735 7549
3 7549 735 4992
3 7050 3659 2726
3 2726 3659 735
3 1620 6628 7050
3 1365 1290 3789
3 2595 1365 3789
3 4782 1769 6322
3 5622 5889 4782
3 4782 5889 1769
3 2645 1395 5622
3 5622 1395 5889
3 5066 7848 3609
3 5066 5830 7848
3 2057 3260 4847
3 4847 5070 2057
3 4304 3996 7707
3 4304 7707 5258
3 503 689 5258
3 5884 4886 5671
3 5478 7265 7740
3 196 5478 7740
3 1201 5776 588
3 7740 5776 1201
3 7740 1201 4202
3 2922 3498 7837
3 151 2922 7837
3 2922 151 3636
3 2922 3636 7823
3 6672 3498 2922
3 4066 7114 7823
3 2434 2117 2549
3 7478 2540 3990
3 6983 3990 2540
3 6797 3396 3990
3 5673 7704 7306
3 5673 7306 1983
3 389 6444 5673
3 389 5673 1983
3 5338 484 6924
3 2592 4635 3872
3 3872 1858 5219
3 4635 2592 5031
3 4943 4955 6092
3 6092 4955 852
3 852 4955 3226
3 3312 4030 2015
3 2015 4030 3645
3 1550 5809 3638
3 5809 1550 7617
3 4157 3638 716
3 716 3638 5809
3 3692 7427 3002
3 3002 7427 284
3 3002 284 1846
3 3002 6839 3692
3 5087 5760 380
3 3386 4861 1287
3 1287 4861 5760
3 673 4861 3386
3 3839 7404 4409
3 5547 5448 3839
3 3410 5547 624
3 603 1375 3417
3 603 3417 6189
3 193 3417 1375
3 1375 7642 1964
3 1375 603 7642
3 5658 6424 5074
3 7850 6199 6756
3 6929 7711 1477
3 6929 1477 5943
3 3269 6572 982
3 4084 7109 6572
3 7609 6313 4222
3 4222 6313 5209
3 7161 4596 6090
3 1684 4815 3723
3 5733 3163 6021
3 3550 386 4182
3 4182 386 6670
3 6670 386 5540
3 5540 386 2773
3 7244 745 6203
3 745 4737 1654
3 1654 6203 745
3 4354 7244 6203
3 7244 3184 5120
3 4235 3223 7141
3 1636 4235 2029
3 2029 4235 7862
3 4672 7699 5975
3 6642 7192 5889
3 5889 7192 7846
3 6061 1518 4763
3 6061 4763 7117
3 4763 1518 3814
3 4763 40 7117
3 40 4763 1676
3 7085 3467 546
3 3467 7085 679
3 679 7117 3467
3 3467 7117 40
3 3467 40 546
3 2401 6363 843
3 285 2401 3831
3 2401 7844 6363
3 5830 1987 4691
3 2505 1987 5830
3 5838 7196 6124
3 257 7196 5838
3 7196 257 7770
3 6402 2704 7284
3 7284 2704 1925
3 2439 2921 3890
3 7435 3890 2921
3 7435 2058 3890
3 6805 1471 321
3 6805 321 2921
3 7435 2921 321
3 7435 321 1962
3 1962 321 1471
3 4113 6220 1474
3 4113 1474 5058
3 1474 6220 7382
3 4816 4835 6220
3 4794 3766 6905
3 3766 1957 6905
3 2540 7478 2836
3 2836 5878 2540
3 7478 7366 7236
3 4635 7704 1858
3 1858 3872 4635
3 4635 3137 7704
3 3783 7514 5031
3 3783 5031 6092
3 7756 7635 5586
3 5586 1132 2247
3 3783 1132 7514
3 1132 3783 2247
3 4762 7756 5586
3 4762 5586 2247
3 4040 7514 1132
3 4040 1132 5586
3 5586 7635 4040
3 2378 4738 5668
3 3801 4479 3046
3 3801 3046 4241
3 3801 4241 2352
3 2352 4171 3801
3 206 3801 4171
3 206 4479 3801
3 6824 1736 7081
3 7404 4445 2995
3 6704 2995 7081
3 2995 6704 7404
3 5448 7498 4445
3 4445 7498 2805
3 4658 7677 1081
3 5732 7107 7642
3 5732 3319 7107
3 6946 3319 5732
3 1010 6747 5127
3 1062 676 3336
3 6714 42 1487
3 6714 1487 6288
3 5661 7634 5419
3 214 7634 3850
3 3850 7634 2806
3 3850 2746 214
3 2265 6021 6090
3 4549 4695 2746
3 4549 2746 5405
3 3856 7634 214
3 1823 7634 3856
3 3856 2746 4695
3 4695 3420 5098
3 3184 2381 5120
3 5120 2381 5540
3 5472 1666 5865
3 5472 5865 2202
3 2202 5865 3380
3 3837 2202 3380
3 608 4826 3715
3 3134 608 3715
3 6317 4826 1896
3 7853 447 5739
3 1518 6061 4940
3 4940 6243 1518
3 1518 6243 3814
3 843 6061 2401
3 6061 843 4940
3 2763 2168 7469
3 7462 4044 4021
3 5667 6419 818
3 3481 336 4820
3 4820 1096 3481
3 3481 4835 336
3 2616 4820 336
3 1096 5141 3481
3 187 1739 4794
3 4046 2616 187
3 7627 2643 5712
3 3528 7366 911
3 1312 7514 911
3 1312 911 7366
3 7366 7306 1312
3 6318 4974 3570
3 472 2583 5171
3 472 2679 2583
3 92 4715 7449
3 92 1286 4715
3 1286 92 7377
3 2130 4103 4463
3 7797 4283 3901
3 3901 7051 7797
3 2805 3513 7051
3 7797 7051 3513
3 3513 2805 7498
3 3513 1573 1542
3 7797 3513 1542
3 1573 3513 7498
3 1542 1573 1492
3 1542 1492 2499
3 1542 2499 6763
3 6763 7797 1542
3 6798 3222 1421
3 916 1421 3222
3 203 1722 6798
3 7226 6288 4789
3 7084 5455 5633
3 1075 5968 790
3 790 5968 1336
3 790 1238 1075
3 1075 1238 2456
3 1238 790 1336
3 1238 1336 2417
3 803 4865 2456
3 803 2456 1238
3 803 1238 2417
3 803 2417 3096
3 803 3096 4865
3 3055 7634 775
3 3055 775 6372
3 6372 775 1823
3 3856 5922 1823
3 5922 3856 4695
3 5922 4695 5098
3 5098 6275 5579
3 3913 4455 4968
3 4968 4455 2106
3 2106 4455 1231
3 6564 4455 3913
3 3864 2473 5387
3 3864 6183 2473
3 1149 6317 5739
3 1149 1317 6356
3 1149 6356 6317
3 6657 6463 1575
3 6657 5739 447
3 6657 447 6463
3 7034 3423 3541
3 2656 7841 3541
3 3541 7841 5056
3 2980 6318 2656
3 6318 5171 2583
3 1007 2593 4489
3 4489 7377 1007
3 1007 7377 6708
3 1007 6708 3244
3 3244 2593 1007
3 6708 507 3244
3 2593 3244 331
3 5557 2593 331
3 7449 3094 6708
3 6708 3094 507
3 6224 916 4401
3 6686 2973 5024
3 2868 2973 6686
3 1336 5968 5254
3 1336 5254 5455
3 1347 1326 5452
3 1326 1015 2410
3 1015 1326 3249
3 3249 1326 1347
3 6264 6508 7685
3 925 1406 1347
3 5968 925 1347
3 1406 6999 4951
3 6999 1406 925
3 6999 925 2875
3 6372 5579 4140
3 5579 1236 6508
3 992 1015 3249
3 3249 6264 992
3 6264 3965 992
3 992 3965 1015
3 3858 1668 4923
3 6183 3858 4923
3 3699 1581 4410
3 3699 3524 709
3 3699 709 3492
3 3699 3492 1581
3 709 3858 3492
3 3874 1581 3492
3 1581 3874 3981
3 1581 3981 4410
3 4410 3524 3699
3 709 3524 3858
3 3874 1249 3981
3 3864 1249 3874
3 7170 5164 2831
3 2740 3144 2155
3 4905 2350 938
3 4905 938 4556
3 7172 4556 7787
3 4556 7172 4905
3 7138 7349 419
3 419 5365 7138
3 2532 1122 2741
3 2532 2741 6538
3 6538 6070 2532
3 1882 2532 6070
3 2532 1882 1122
3 3422 1882 1791
3 3422 1122 1882
3 1122 3422 812
3 1122 812 2741
3 6847 2741 812
3 1276 3615 3095
3 1276 3095 6847
3 6847 812 1276
3 1276 812 3422
3 3422 3615 1276
3 1103 4882 3162
3 1103 3162 2125
3 2125 7637 1103
3 1103 7637 4882
3 7224 4570 7039
3 7039 4570 3198
3 4966 3198 4882
3 4156 4882 3198
3 6364 7224 4559
3 4559 7424 6364
3 3642 6364 7424
3 7224 6364 7371
3 6426 878 6364
3 6426 6364 3642
3 878 7371 6364
3 3642 3580 6439
3 4534 6678 508
3 4534 3408 2882
3 2882 6772 4534
3 4534 6772 6678
3 2076 6128 4611
3 4611 6128 2627
3 2076 4611 1041
3 2076 1041 5814
3 2076 5814 6128
3 4570 7371 687
3 5814 687 7371
3 687 5814 4156
3 687 4156 4570
3 7101 5962 4729
3 7030 4729 3000
3 4729 5962 3000
3 1591 1234 2271
3 4765 1234 1929
3 1929 1234 3186
3 3186 1234 1591
3 3186 1591 5727
3 3367 702 795
3 795 702 3119
3 3119 702 5581
3 702 3367 3425
3 6008 702 3425
3 5581 702 6008
3 1356 1483 6972
3 157 1356 6972
3 3714 2446 2116
3 5818 6565 3976
3 5818 3976 7439
3 4734 3516 4608
3 3516 4734 3591
3 4608 3516 2618
3 4929 3718 4887
3 4887 128 4929
3 4929 128 3256
3 4887 4805 6333
3 4887 6333 7090
3 5211 5767 2749
3 4350 509 6122
3 4350 6122 6775
3 453 3979 930
3 3061 2462 5684
3 5684 2462 7328
3 31 2462 3061
3 5669 88 6972
3 819 88 5669
3 5669 7439 31
3 5669 31 3061
3 6791 7316 7832
3 6791 7832 7766
3 130 5311 7834
3 130 7834 7583
3 3703 5948 7833
3 3703 7833 1748
3 6267 1974 7835
3 6267 7835 5427
3 4699 3327 7836
3 4699 7836 3187
3 7354 2404 7840
3 7354 7840 7504
3 7284 6663 7837
3 7284 7837 3498
3 1351 6561 7838
3 1351 7838 5524
3 7157 5809 7842
3 7157 7842 7690
3 4978 5180 7839
3 4978 7839 5357
3 2583 5056 7841
3 2583 7841 6318
3 2433 6178 7847
3 2433 7847 4742
3 6265 7686 7845
3 6265 7845 7812
3 3430 5578 7852
3 3430 7852 6354
3 1607 3928 7843
3 1607 7843 5902
3 285 2194 7844
3 285 7844 2401
3 4075 7488 7861
3 4075 7861 5167
3 6243 3987 7846
3 6243 7846 7192
3 1228 5072 7872
3 6584 3609 7848
3 6584 7848 2974
3 6317 1896 7853
3 6317 7853 5739
3 6714 3336 7850
3 6714 7850 7711
3 7395 5503 7854
3 7395 7854 6242
3 4013 3822 7864
3 4013 7864 5557
3 1017 2757 7849
3 1017 7849 1318
3 2560 7871 7222
3 1440 3424 7855
3 1440 7855 4095
3 7642 7107 7863
3 7642 7863 6437
3 4964 2874 7856
3 4964 7856 4269
3 6915 4379 7857
3 6915 7857 2784
3 4758 5945 7859
3 4758 7859 6522
3 7141 5754 7862
3 7141 7862 4235
3 6549 7813 7860
3 6549 7860 7275
3 7516 1100 7851
3 7516 7851 3958
3 7087 4138 7869
3 7087 7869 5562
3 6375 2713 7868
3 6375 7868 4938
3 7857 7746 7867
3 7857 7867 6554
3 5931 5317 7866
3 5931 7866 6869
3 4985 4303 7865
3 4985 7865 4965
3 7311 4659 7858
3 7311 7858 6899
