ply
format ascii 1.0
comment Generated by PyMesh
element vertex 6606
property float x
property float y
property float z
property float charge
property float hbond
property float hphob
property float nx
property float ny
property float nz
element face 13224
property list uchar int vertex_indices
end_header
72.665 16.125 -22.068 -1.19566 -0.471358 -0.8 -0.835823 0.34086 0.430366
116.923 32.917 -27.724 -0.0608555 0 3.8 0.682431 -0.328872 -0.652787
77.645 7.443 -13.034 -0.706486 -0 -3.5 -0.826562 -0.559896 0.0575489
98.035 2.947 2.338 -0.334105 -0 -0.8 0.607953 -0.658881 -0.443022
107.872 22.517 -22.58 -0.406936 -0.848117 -0.8 -0.406152 0.907963 0.103165
120.642 17.297 -30.114 -0.694003 -0.596489 -0.4 0.737938 0.0609705 0.672109
88.007 29.284 -33.114 -0.547944 0 1.9 -0.222198 0.235965 -0.946017
126.06 16.688 -26.846 0.423061 0.434937 -4.5 -0.414739 -0.578408 0.70245
112.07 23.695 -9.6785 -0.154602 0 -3.5 -0.611078 0.791564 0.00317079
95.464 42.986 -25.795 -0.188094 0 -3.5 0.959491 0.0234107 0.280766
88.7445 16.964 -0.9385 2.2341 0.0349668 -0.822077 -0.678926 0.608591 -0.410702
85.941 39.089 -25.1525 -0.980548 0 -0.8 -0.0357511 0.908594 0.416147
109.219 19.095 0.986 -1.31631 -0.654518 -3.5 0.0290505 0.52163 0.852677
94.9065 26.774 -0.558 -1.1357 0 -3.5 -0.745278 0.649022 0.152743
85.8565 26.205 -30.9135 0.1568 -0.876552 -0.7 -0.196006 -0.255712 -0.946675
73.974 19.692 -23.715 0.18888 0 -0.8 -0.342404 0.869261 0.356574
125.074 26.64 -33.0455 0.0581403 0 4.2 0.779091 0.310252 0.544758
73.6105 14.3215 -21.889 -0.841387 -0.259651 -0.735273 -0.552973 -0.827544 0.0969146
96.728 7.087 8.234 0.44989 0 -3.51837 -0.0309709 -0.00384905 0.999513
101.507 16.3265 8.808 -1.03605 -0.913341 -0.8 0.429565 0.804638 0.409916
82.905 34.328 -19.295 0.709491 0.00495226 -0.4 -0.988347 0.106353 -0.108904
130.221 9.3125 -43.6025 -0.513601 0 -0.808753 0.547433 -0.76595 -0.337101
108.595 22.875 -19.1705 -0.666809 -0.700937 -0.8 -0.233522 0.519638 0.821854
125.502 29.7365 -39.0005 -0.0366217 0 2.8 0.55055 0.343639 -0.760793
99.9385 15.84 9.7235 -0.426874 -0.0619977 -0.8 -0.114146 0.834801 0.538588
128.751 20.1375 -46.306 -0.0710957 0 -4.31816 -0.346584 0.719982 -0.601253
90.8735 34.508 -34.6105 -0.334999 -0.31753 -3.5 0.508895 -0.343681 -0.789246
111.585 -0.6925 -5.567 -0.513723 0 -4.5 -0.570424 -0.803042 -0.172453
72.302 19.092 -19.692 0.0656187 0 -0.4 -0.610584 0.339628 -0.71543
118.03 28.8575 -28.793 -0.248855 0 -0.8 -0.00125472 0.846837 0.531851
101.52 2.0395 5.461 -0.102822 0 -0.4 0.234276 -0.67258 0.701962
73.8755 19.4275 -10.83 -0.0695892 0 4.5 -0.500761 0.111927 0.858318
79.748 36.124 -25.816 0.0674819 0 3.8 -0.368479 0.917106 0.152117
124.866 5.283 -49.9035 0.311626 0 -4.5 -0.710104 -0.704076 0.00546071
108.538 8.203 -16.0845 0.0528226 0 -4.5 0.776635 -0.456846 -0.43374
89.006 20.973 -31.5385 -0.615228 0 -0.7 -0.568219 0.542641 -0.618601
109.155 17.8395 -19.0155 0.221842 0.234936 -0.816137 0.960632 0.0530092 -0.272719
128.176 9.0405 -42.398 0.177818 -0.0143219 2.707 0.14457 -0.975299 -0.167009
91.0475 30.558 -34.6355 -0.908122 -0.189863 -3.5 -0.375392 0.216122 -0.901317
85.2125 5.3945 -8.455 0.407149 -0.00938087 -0.4 0.0700808 0.801654 0.593667
103.596 8.406 4.577 -0.0405091 0 -3.5 0.557492 -0.269766 0.78513
76.1055 11.0375 -22.4595 0.610303 0.621988 -0.7 -0.932295 -0.358704 -0.046445
102.054 43.3675 -37.953 -0.894746 -0.715921 -3.9 0.41392 0.72149 -0.555088
126.259 13.825 -18.371 -0.16698 0 4.5 0.0500729 -0.310662 -0.949201
127.151 16.845 -33.08 0.460099 0 -4.5 0.595677 0.732508 -0.329547
90.9535 8.423 3.6655 0.776752 0 -3.68214 0.00925615 -0.916233 -0.400538
85.887 8.833 4.219 -0.421888 0 -3.5 -0.0132383 -0.345712 0.938247
115.553 26.959 -44.0815 -0.750219 -0.0471788 1.65823 0.328784 0.750962 -0.572675
126.323 18.824 -35.578 -0.49034 0 3.8 0.923014 -0.326059 0.204281
111.537 8.8065 -39.8995 0.233975 0 -3.9 -0.550239 0.0970903 0.829343
124.057 30.6115 -39.467 -0.284128 0 2.8 0.177114 0.298968 -0.937683
121.034 23.766 -46.687 -0.39427 -0 -3.5 0.376459 0.657925 -0.652237
120.744 19.083 -7.065 -0.371676 -0.146182 -0.8 0.773031 0.320788 0.547283
99.238 9.013 9.626 0.290492 -0.150314 -3.30422 -0.0478091 -0.988209 0.145457
96.831 42.26 -37.339 0.16704 0 3.8 -0.211603 -0.12328 -0.96955
134.824 18.8475 -49.69 -0.0396894 0 1.8 0.426762 0.71715 -0.550972
123.677 31.467 -36.2855 -0.2391 0 2.8 0.243252 0.536708 0.807944
82.695 35.894 -16.086 -0.309458 -0.48915 -3.5 -0.766701 -0.383357 -0.514982
77.7695 16.452 -6.16325 -0.289255 0 -0.9 0.132733 0.98902 -0.064972
99.182 1.778 -8.1355 0.802827 0.753601 -3.9 0.125252 -0.00509874 -0.992112
98.579 30.805 -26.333 -0.600137 -0 3.8 0.703201 -0.230248 0.672677
108.543 13.8405 -37.174 -1.27376 -0.150616 -3.5 -0.941722 -0.222553 -0.252249
114.925 24.762 -6.2495 -0.0809309 0 -1.6 0.3631 0.212528 0.907188
114.359 27.623 -44.505 -1.24549 -0.266742 -0.8 0.187174 0.772841 -0.606368
95.07 42.956 -36.717 0.0140542 -0.49615 3.8 -0.716196 0.226802 -0.660019
136.168 22.427 -47.829 -0.434254 0.602916 -4.5 0.593968 0.165648 -0.78725
115.123 19.545 -27.098 -0.208879 0 -0.7 -0.477776 -0.629786 0.612454
86.37 29.014 -32.078 -0.0561675 0 1.9 -0.475164 -0.0648974 -0.877501
91.24 6.979 5.5765 1.52306 0.355333 -3.9 -0.596872 -0.764939 0.242101
74.998 24.047 -14.443 -0.364382 0 -0.7 -0.818206 0.411933 0.401062
76.354 15.284 -27.867 0.375275 0.0890259 -0.7 -0.0231231 0.568971 -0.822032
110.24 23.044 -25.838 -0.460393 -0.133738 -1.82489 -0.349825 -0.347478 -0.86999
87.4315 20.142 2.843 -0.909383 -0.219903 -3.5 -0.574011 0.672105 -0.467746
118.649 15.0895 -28.3605 -1.0876 -0.0458503 3.94124 0.102672 -0.884148 0.455786
129.192 18.396 -28.636 0.269236 0 -4.5 0.904329 -0.104149 0.413935
101.469 6.9885 -14.1405 -0.71078 0 4.5 0.0241317 -0.923679 -0.382408
77.101 28.1115 -22.123 -0.659749 -0.724477 -3.5 -0.972712 -0.211218 0.0960165
86.9033 4.8985 -19.2153 0.0596608 0 1.9 0.212647 -0.92939 0.301687
121.138 15.6375 -17.76 0.0811149 0 -1.6 -0.637239 0.475443 -0.606532
119.145 6.5295 -4.3755 -0.172792 0 4.5 0.708941 -0.70188 -0.0690412
110.091 12.795 -39.2395 -0.524464 0 -3.11394 -0.762213 -0.64139 0.0874617
110.078 12.0965 -44.0445 0.0962018 0 -0.9 -0.529907 -0.0979876 -0.842376
130.008 17.026 -18.8385 -0.0251858 0 4.5 0.0655509 0.476714 -0.876611
107.661 31.6545 -41.979 0.231033 -0.30511 -2.45106 0.464202 0.538662 -0.703107
116.814 23.729 -7.1955 -0.360206 0 -1.6 0.938339 0.180035 0.295139
111.941 9.354 1.126 -0.286569 0 3.8 0.0833492 -0.00718117 0.996495
108.21 2.935 4.386 -1.25482 -0.685956 -3.5 0.886889 -0.302778 0.348931
134.527 22.7565 -48.144 0.436007 0.220201 -4.5 0.0513011 -0.0904758 -0.994576
84.232 37.545 -23.996 0.629415 0.379873 -0.8 -0.141261 -0.37117 0.917757
96.742 26.4775 1.816 -0.275377 0 -3.5 0.0678859 0.585036 0.808161
96.805 26.158 -38.2765 0.209339 0 -0.7 -0.807832 -0.500071 0.311989
82.5925 20.147 -29.561 -0.686467 -0.0211809 -3.5 -0.645048 -0.749928 -0.146704
123.945 15.3125 -30.9735 0.529908 0 -4.5 -0.33228 -0.468677 0.818494
134.106 26.02 -44.752 0.131427 0.604931 -4.5 0.040293 0.994861 0.0928831
100.979 14.044 11.7155 -0.678209 -0.729867 -0.8 0.0134258 0.290408 0.956809
105.209 28.7945 -20.654 0.321778 0.551186 -3.5 -0.462864 -0.120559 0.878193
110.378 24.64 -15.1945 0.11359 0.618652 -3.5 -0.43377 0.617449 -0.656202
95.355 20.197 -28.288 -2.96185 0 -0.699237 -0.133327 -0.976603 -0.168731
98.891 43.866 -34.271 0.570334 0 -3.9 0.169325 0.504032 0.846924
90.712 38.233 -18.055 0.952548 0.588487 -0.8 -0.665481 0.239878 0.706819
129.693 8.4245 -47.6165 -0.0996598 0 -3.5 0.878686 -0.277596 -0.388395
126.791 16.7365 -48.945 -0.539251 -0.124193 -0.752395 0.400402 0.628566 -0.666771
87.1145 40.2745 -27.419 0.489926 -0.694454 1.55901 -0.403895 0.669976 0.622897
115.846 16.238 -29.081 -0.656884 0 4.2 -0.908434 -0.152784 0.389107
94.467 19.302 -31.11 0.117412 0 -3.9 -0.0483653 -0.711551 -0.700968
113.055 25.266 -4.123 0.469357 0.349072 -0.4 0.862121 0.415891 0.289451
112.35 16.464 -2.017 -0.34333 0 -0.8 0.800706 0.416517 0.430561
111.603 7.5035 -13.2975 -0.604105 -0.530857 -3.5 -0.753935 -0.366627 -0.54513
105.134 21.119 -13.6305 -0.0101536 0 -0.7 -0.624613 0.769128 -0.135279
80.073 20.7275 -12.7385 -0.506195 0 -0.8 -0.699021 -0.0984621 0.70829
99.526 40.2395 -30.7315 1.6461 0.183599 -1.36496 0.652294 0.224159 0.724062
129.511 9.6875 -37.7735 0.459179 -0.885566 -0.432653 -0.732263 -0.65023 0.202465
108.039 25.0145 -23.91 -0.25936 -0.330243 -2.54825 -0.678101 -0.383851 0.626767
97.854 28.649 -24.344 -0.392168 0 -2.30045 0.701683 0.694904 0.157321
95.218 43.998 -36.232 -0.725276 -0.976751 3.8 -0.908955 0.341798 -0.238693
95.484 21.631 -33.1485 0.6443 0.378451 -3.9 -0.098629 -0.252204 -0.962635
77.243 26.2345 -9.502 -1.25934 -0.0129329 -3.5 -0.885109 0.434113 0.167711
119.1 6.3805 -6.9615 -0.237332 -0.211309 -1.19637 0.377377 -0.669396 0.639919
99.139 25.414 4.43 -1.43887 -0.0156971 -3.5 -0.850185 -0.0796776 0.52042
92.114 6.483 -24.481 3.71709 0 -0.4 0.619971 -0.775815 -0.117247
116.937 23.128 -6.335 -1.13678 0 -1.6 0.847982 0.346898 0.400735
101.595 3.8875 -8.0385 -1.24085 0 1.9 -0.435133 -0.511838 -0.74073
109.157 12.7125 -36.7765 -1.80974 0 -3.5 -0.711424 -0.684053 -0.161082
109.505 11.2625 -32.7205 -0.794686 0 -3.2 -0.815684 -0.20395 0.541354
87.378 36.813 -35.4835 0.391101 0.0688058 -3.5 -0.501928 0.490151 -0.712615
117.325 2.5145 -7.466 0.375543 0 -4.33589 0.848584 -0.49609 0.183849
115.179 34.047 -23.793 -0.0806769 0 3.8 0.00295611 0.561465 0.827495
112.495 15.373 -34.143 -0.959414 -0.788788 -3.5 -0.263177 0.620971 0.738331
125.379 7.2465 -47.572 0.657109 0 -4.5 -0.678996 -0.319592 0.660928
101.691 23.2355 -41.696 0.400798 0.546211 -3.5 -0.758363 -0.251462 -0.601376
129.285 17.663 -39.221 -0.660642 0 -0.9 0.0369728 0.116316 0.992524
81.874 32.1475 -18.1175 -0.853815 -0.744606 -1.3 -0.534142 0.708583 0.461088
110.131 11.319 -43.4065 0.0537495 0 -0.851414 -0.647078 -0.512035 -0.564899
118.622 15.447 -27.0095 -0.978724 -0.853135 -0.465896 -0.230046 -0.79644 0.559251
138.922 10.2015 -18.433 0.0309514 0.177274 -3.5 0.467596 -0.844992 -0.259505
76.7845 13.262 -27.3115 0.19451 0.232717 -0.7 0.0436687 -0.370461 -0.927821
88.7015 34.043 -35.1995 -0.48539 0 -3.5 -0.112563 -0.958185 -0.26308
83.1315 2.2455 -21.2455 0.159069 0.662902 -3.5 0.603939 -0.779725 0.165186
117.633 31.595 -31.403 -0.0596456 0 3.8 0.267217 0.388357 0.881915
109.956 19.6705 -32.747 -1.24344 -0.424141 3.8 -0.642175 -0.279108 0.71394
139.036 11.1635 -16.884 0.323887 0.326066 -3.5 0.641093 -0.361944 0.676754
103.372 24.097 4.7275 -1.56358 -0.311393 -3.5 0.792267 -0.0624247 0.606973
117.969 1.526 -11.1035 -0.778529 0 -3.5 -0.0146211 -0.987392 0.157616
130.042 9.424 -47.5505 0.146901 0 -3.5 0.888346 -0.327381 -0.321966
97.7885 45.576 -38.2375 -0.000865966 0 -3.9 -0.591348 0.184892 -0.784934
106.564 7.513 -17.6915 0.278719 0.35801 -4.5 0.492312 -0.74997 -0.441785
97.616 43.851 -37.891 -0.246923 0 -3.9 -0.313325 -0.0670569 -0.947275
93.813 33.443 -39.577 0.61714 0 3.8 -0.940939 0.324666 -0.0960473
87.4945 20.3385 3.867 -1.21438 -0.0687362 -3.5 -0.658552 0.717839 0.225868
100.413 27.782 -23.055 0.111308 0.29297 1.33462 0.370024 0.92789 0.0458558
103.22 1.547 -8.673 -1.50924 -0.360616 -3.5 -0.401056 0.369102 -0.838402
136.901 19.4665 -43.0035 -0.532292 0 -3.5 0.527601 0.00823899 0.849452
104.053 29.236 -11.252 -1.36845 -0.458651 -1.6 0.282032 -0.544727 0.789766
95.3355 18.873 -30.6105 0.0615245 0 -3.9 -0.269356 -0.95802 0.0982116
86.7818 11.162 -8.70275 1.2541 0 -4.5 -0.614876 -0.742192 -0.266608
103.243 15.396 -21.526 0.134104 0 -3.9 -0.209206 -0.968579 0.134488
98.494 25.7295 2.1755 -0.377914 -0.485339 -3.5 -0.402765 0.805626 0.434449
108.935 11.855 2.6165 0.144865 0.599801 -1.3 0.781874 -0.603588 -0.156057
125.274 9.4 -39.221 -0.0517844 0 2.8 -0.365953 -0.721445 0.587874
128.084 9.4205 -49.7045 0.0288718 0 -4.5 0.804583 -0.362302 -0.470513
101.667 32.7996 -16.4891 0.348735 0 -1.6 -0.33962 0.904575 -0.257687
99.3053 38.3063 -37.934 -0.749353 -0.31817 -3.5 -0.481331 0.423717 -0.767322
97.4447 3.30625 0.606 0.0971957 0.030233 3.21223 0.479337 -0.781119 -0.400112
133.889 23.1367 -43.8428 -0.171578 0 -4.5 0.319386 -0.297072 0.899856
112.329 10.143 -36.6545 -0.483967 0 -3.5 -0.512258 -0.854758 0.0835536
118.447 13.988 -47.523 0.238307 0 -3.2 -0.36067 -0.377562 -0.852857
80.989 27.081 -15.346 -0.274011 0 -3.2 -0.9838 -0.167489 -0.0639125
104.257 22.383 -21.0715 0.669665 0.0419486 -0.4 -0.712751 0.436158 0.549319
126.044 8.899 -13.432 -1.32575 0 -3.5 -0.349092 -0.937077 -0.0047586
109.768 36.346 -36.658 -0.505182 0 -0.4 0.0564129 0.398885 -0.915264
76.4875 9.805 -22.8787 -0.315248 0 -0.7 -0.821304 -0.519939 -0.234781
106.45 3.592 5.11225 -1.43947 0.170945 -3.5 0.0696064 -0.168459 0.983248
101.119 39.1395 -47.9827 1.79455 0.23031 -3.9 -0.40931 0.467322 -0.78363
110.647 34.794 -41.008 -0.45649 0 -3.5 -0.759683 0.576288 -0.301287
87.703 34.6097 -34.131 0.196429 0 -3.5 -0.64468 -0.732634 -0.218255
109.59 26.3347 -28.7565 -0.0184997 0 3.8 -0.504092 -0.798931 -0.328025
87.716 20.2445 -31.6707 -0.362581 -0.966437 -0.7 -0.190665 0.454045 -0.870339
103.306 37.8672 -39.5202 -0.653704 -0.0604285 2.95342 -0.413004 0.50874 -0.755388
125.609 12.755 -10.3158 -0.279463 0 -1.6 0.937832 0.249179 -0.241621
90.9843 8.263 -20.1055 -0.813951 0 1.9 0.980014 0.197985 -0.0193677
127.249 16.0785 -17.477 -0.212375 0 4.5 -0.624185 0.750303 0.217805
111.326 37.384 -39.9512 -1.25704 -0.313122 -3.5 -0.717779 0.552032 0.424328
76.7523 24.8668 -11.9635 -0.783058 0 -0.984321 -0.785172 0.442981 0.43275
97.069 19.906 -26.967 -1.19192 0 -0.4 0.972475 -0.0808983 -0.218511
127.148 21.85 -42.7175 0.0126373 0 -0.9 0.0841326 0.996157 -0.0243497
74.0328 22.1893 -16.2845 -0.0310941 0 -0.557166 -0.552522 0.574415 -0.603959
110.539 19.7085 0.266 -1.04267 0 -3.5 0.694069 0.483997 0.532931
106.834 -0.745 -1.56275 -0.422541 0 -3.5 -0.161955 -0.491084 0.855925
96.3438 0.5455 1.86 0.279113 0 -0.8 0.65036 -0.755765 -0.0764928
116.536 32.138 -23.2 -0.122015 0 3.8 0.100178 -0.0575522 0.993304
135.949 13.42 -20.169 -0.104804 -0.0457222 -3.5 -0.212496 -0.159491 -0.964058
109.11 18.573 -19.7505 0.516741 0.00793394 -0.8 0.890027 -0.323257 -0.321492
76.4045 22.228 -24.663 0.276029 0 -0.8 -0.33763 -0.304625 -0.890623
115.624 15.896 -17.3318 -0.1504 0 -0.8 0.515524 0.288393 -0.806885
94.096 14.591 9.483 -0.159511 0 -4.5 -0.230895 -0.844801 -0.4827
107.644 7.107 5.1515 -0.673775 -0.178132 -3.5 0.0190387 0.517593 0.855415
104.506 14.0387 -23.7983 0.148851 0 -3.9 -0.535819 -0.720654 -0.43995
79.0853 27.1542 -12.7085 0.559767 0 -3.5 -0.75606 0.372396 -0.538232
114.89 12.946 -1.0825 -0.84669 -0.916761 -0.8 0.972689 0.158506 0.169564
79.2385 24.0678 -15.625 -0.343666 -0.937191 -0.7 0.164935 0.986023 -0.0235769
125.36 18.667 -31.432 0.521825 0 -4.5 0.107673 0.994184 0.0020483
79.5139 4.65863 -20.4325 -0.284436 0 -3.5 -0.933618 -0.0998833 0.344066
79.418 5.181 -15.968 -0.254334 0 1.8 -0.710907 0.051235 -0.701417
121.666 13.3892 -29.7407 0.065775 0 -0.4 0.748556 0.110222 0.653847
84.8928 35.0843 -21.5963 -0.836088 0 -0.4 -0.04608 0.819089 -0.571813
115.183 25.456 -45.1048 -0.343217 0 1.8 -0.00304481 -0.056817 -0.99838
103.199 19.9349 -32.2388 -1.40229 0 -3.5 0.0158732 -0.522344 0.852587
82.852 16.7297 -4.474 -0.516509 0 -0.798478 -0.639958 0.50552 0.578708
78.75 4.25962 -14.1514 -0.0757901 0 1.8 -0.663222 -0.675487 -0.322265
91.5303 3.33375 -2.858 -0.188705 0 -1.3 -0.980052 -0.195804 0.034042
75.0447 8.88813 -8.28463 -0.111287 0 3.8 -0.909968 -0.371534 0.184174
103.101 26.9142 -22.3458 0.257862 0.444678 -4.5 -0.324169 0.824244 0.464259
137.29 22.8232 -45.9436 -1.57037 -0.823882 -3.5 0.830185 0.445854 -0.334675
97.014 46.447 -35.244 -0.435275 -0.172538 -3.5 -0.662958 0.711471 -0.233013
97.3385 0.3145 -5.9075 1.30674 0.566423 -3.9 -0.494322 -0.869279 -0.000381408
126.081 21.029 -28.612 0.304329 0 -4.5 -0.508452 0.781367 0.36186
101.404 5.99388 -12.0561 -0.251516 -0.0717743 4.5 -0.401768 -0.790881 -0.461616
109.945 -1.3435 -4.17487 -1.06799 -0.0821986 -3.5 -0.0444105 -0.833149 -0.551262
96.534 24.5715 2.4855 -0.157551 0 -3.5 0.481028 0.152092 0.863412
98.035 20.215 -34.386 0.528895 0 -3.9 -0.53492 0.170447 -0.827531
87.5005 41.5962 -27.1507 -0.0423924 0 -0.7 -0.899211 0.101462 0.425589
97.529 1.19275 -4.735 1.98016 0 -3.9 -0.789229 -0.48157 0.381061
101.837 23.5265 -2.0555 0.14451 0 -3.5 0.0320538 0.97714 -0.210166
81.8595 36.9022 -28.8975 -1.20472 -0.051179 3.8 -0.681294 0.461576 -0.568143
100.275 20.0405 -30.8145 -0.11954 0 -3.9 0.716395 -0.0261517 0.697205
82.2682 7.7075 -25.8633 -0.565129 -0.451454 -3.5 -0.739408 -0.129384 -0.660709
103.429 19.5343 1.7075 -0.268295 0 -1.11642 0.979686 0.115263 0.164101
91.446 4.7475 -3.049 -0.184792 0 -1.3 -0.989335 0.138595 -0.0448046
96.661 37.2235 -44.3315 -1.14457 -0.0726418 1.8 -0.780558 -0.320098 -0.536905
128.436 7.483 -48.7217 0.674348 0.773971 -3.5 0.790405 0.014195 -0.61242
84.172 8.4665 -5.839 0.239577 0 -0.8 0.603031 -0.661604 0.445684
114.266 34.7482 -29.819 0.0248773 0 1.8 0.0779633 0.963962 0.25436
111.871 17.6205 -1.0855 0.114925 0.0466934 -3.5 0.902316 0.15323 0.402922
106.807 -2.36425 -4.5045 -1.16589 -0.289227 -3.5 0.00857585 -0.949062 0.314973
98.9135 19.3805 -29.6609 0.000262167 0 -3.9 0.601693 0.135241 0.787194
82.0543 4.74925 -18.018 -0.549431 0 -3.5 0.122436 -0.757496 0.641256
98.1935 13.511 -18.2245 -0.944298 -0.220689 -1.6 -0.349737 -0.588178 -0.729199
91.0482 33.3158 -17.6162 0.815103 0 -4.5 -0.355132 0.626111 0.694166
84.8235 13.705 0.3865 0.0562586 0 -0.7 -0.703385 -0.119482 0.700695
80.046 5.0575 -23.2975 -1.39463 -0.783352 -3.5 -0.248161 -0.157858 -0.95577
114.928 10.695 -30.2695 0.28864 0 -3.2 -0.093978 -0.455191 0.88542
76.8225 30.759 -23.797 0.282181 0 -3.5 -0.805561 0.585877 0.0884237
132.855 11.887 -35.26 0.44451 0 -0.8 0.926144 -0.0928633 0.365559
109.692 21.474 -43.7827 0.655917 0 -0.8 -0.638334 -0.169111 -0.750953
116.816 18.2728 -14.5365 0.0655132 0 4.2 0.372412 0.0117129 -0.927993
125.104 22.409 -43.291 0.0067727 0 1.65122 0.467185 0.713812 0.521738
74.3325 14.2362 -8.491 0.0268642 0 -0.9 -0.865299 0.025967 -0.500583
100.963 32.1805 -8.4795 -1.06655 -0.0216921 -0.4 0.00266052 0.727141 0.686483
98.0925 37.5915 -45.953 0.263311 0 0.320893 -0.731625 0.0517911 -0.679737
95.3972 19.6217 -29.772 -0.449768 0 -3.9 -0.142886 -0.858621 0.492294
95.1025 3.46525 4.5675 0.776553 0.103782 -2.8597 -0.587167 -0.42234 0.690553
112.916 26.7115 -6.82475 0.16547 0 -0.477996 -0.145834 0.984239 0.100029
100.819 51.073 -37.1205 1.7098 0.09666 -3.9 0.0849661 0.99475 -0.0570362
86.496 36.9025 -16.439 0.130439 0 -3.5 0.537625 0.699736 -0.470456
83.445 27.7125 -31.5725 0.182263 0 -0.7 -0.019795 0.150861 -0.988357
104.778 40.9595 -33.8765 0.326858 0.865199 -3.5 0.792342 0.0475361 0.608222
77.0267 7.3085 -14.9867 -0.894592 0 -3.27067 -0.479087 -0.877538 -0.0200682
100.612 0.11175 -3.02575 0.0761323 0 -3.9 -0.412964 -0.727924 0.547346
112.192 26.3668 -7.48975 0.0694139 0 -0.532036 -0.463883 0.817082 -0.34233
92.679 2.116 -1.1505 0.124912 0 -1.3 -0.401636 -0.895108 0.193573
91.95 15.0765 -28.662 0.43572 0 -3.23327 0.712019 -0.135164 -0.689028
103.789 32.4655 -12.265 -0.0787215 0 -0.440293 0.775767 0.610744 -0.158672
77.063 23.4067 -25.0497 0.367731 0 -0.8 -0.0592135 -0.0192172 -0.99806
102.01 22.2755 -29.6775 -0.228944 0 2.8 0.0746425 -0.780806 0.620299
105.476 30.1012 -24.2495 -0.280774 0.866444 -3.5 -0.168899 0.950321 0.261465
93.571 13.456 -26.253 -0.0620222 0 -1.6 0.640549 -0.633713 -0.433711
99.9105 1.4115 3.801 -0.0481966 0 -0.4 -0.322321 -0.934552 -0.150738
105.816 23.164 -30.793 -0.989291 -0.12321 4.2 -0.106442 -0.431432 0.895844
107.511 14.5345 -39.8657 -0.112245 0 -0.9 -0.823106 -0.185339 0.536793
99.712 34.087 -11.71 -0.542367 0 1.9 0.549693 0.834739 0.0323797
113.024 24.05 -1.72 0.0349787 0 -0.8 0.792586 0.447253 0.414455
126.152 10.686 -34.728 0.227732 0 4.2 -0.0548174 -0.693363 0.718501
122.343 32.1995 -38.4895 -0.0710147 0 2.8 -0.0153541 0.873917 -0.485833
92.4342 3.79975 2.09125 -0.855456 -0.600355 -1.3 -0.75221 -0.447919 0.483269
92.013 3.65525 -0.0525 -0.244424 -0.0317548 -1.3 -0.856258 -0.438984 0.272239
85.665 7.598 3.003 -0.524185 0 -3.5 -0.495685 -0.717051 0.490035
109.909 3.1915 -11.4855 0.833352 0.0226922 -4.5 -0.352246 0.313015 -0.882012
119.561 18.3115 -50.8745 -0.19662 0 -0.9 -0.879382 0.474776 -0.0357001
78.2747 7.92625 -16.2957 -0.772724 0 -3.5 -0.12548 -0.688801 -0.714008
86.0312 7.21375 -27.5535 -0.492743 0 -3.5 0.337405 0.179968 -0.923996
97.8815 7.07975 -13.6975 -0.0914212 0 3.8 0.240122 -0.801679 -0.547405
111.226 2.405 -2.419 0.0216279 0.912015 -0.7 0.870841 0.0108098 0.491446
121.152 27.3045 -29.5455 0.590658 0.675151 -0.8 0.779207 0.625711 -0.0363612
128.842 6.5485 -48.1693 0.329832 0.255848 -4.15017 0.917992 -0.143648 -0.36967
117.226 31.2192 -40.2015 -0.267312 0 1.8 -0.128864 0.986156 -0.104356
128.083 9.294 -43.373 0.245258 0.0294618 2.34256 0.113084 -0.98662 0.117446
115.572 28.3248 -26.1975 -0.92503 -0.794891 -3.5 -0.00868342 0.274097 0.961663
94.3512 5.2735 -11.0837 -0.45153 0 -3.5 0.398614 -0.89622 -0.194669
104.224 24.5212 -4.84425 -0.081969 0 1.8 0.784237 0.164479 0.598263
81.3465 14.896 -3.294 -1.26078 -0.766942 -3.5 -0.642865 0.691072 0.330371
105.094 14.7045 6.52375 -0.324906 0 -1.3 0.273702 0.120514 0.954234
134.065 12.914 -44.254 -0.466997 0 -3.5 0.657801 -0.658137 -0.366269
85.1277 2.235 -6.69375 0.152637 0 -0.4 -0.027712 -0.489398 0.87162
116.541 24.453 -25.2628 -1.13106 -0.0969349 -3.5 0.597975 -0.101931 0.795007
85.5823 36.8797 -33.3365 0.165654 0 -3.5 -0.699878 0.1441 -0.699575
104.924 27.15 -28.57 -1.39538 -0.384045 -3.5 0.521449 -0.810959 0.265399
88.9303 42.4442 -35.8457 1.39537 0 -3.9 -0.687619 -0.0829521 -0.721317
81.5969 31.0671 -14.4303 0.0813148 0 -1.6 -0.699442 0.6639 -0.264606
97.4033 17.8983 -34.0503 1.19057 0 -3.9 -0.613188 -0.337815 -0.71406
110.928 19.6365 -0.76025 -0.123235 0 -3.5 0.839127 0.40996 0.357489
72.029 16.842 -12.287 -0.0972612 0 4.5 -0.87357 0.0501394 0.484109
96.117 14.5895 -19.829 0.299934 0.0163317 2.49226 0.528536 -0.84793 -0.0407949
101.062 40.8385 -42.654 0.188549 0 1.8 0.850851 0.326107 0.411955
119.979 10.105 -40.043 0.256911 0 4.2 0.444816 -0.774869 0.44913
137.167 15.934 -19.906 -1.06044 0 -3.5 0.850239 0.152645 -0.503778
108.733 0.428 -0.784 -1.87707 -0.823022 -3.5 -0.219971 -0.0144843 0.975399
108.316 -1.40875 -2.05725 -0.914752 -0.107897 -3.5 -0.0678581 -0.89053 0.449836
126.595 8.8775 -15.86 -0.522222 0 -3.5 -0.06535 -0.873944 -0.481613
81.5153 30.5335 -28.3018 0.843604 0 -4.5 -0.13819 0.00705405 -0.990381
97.6862 47.2435 -35.1772 -0.0437354 0 -3.9 -0.66377 0.64998 0.370049
90.8885 16.0147 12.9529 0.595108 0 -4.5 -0.416722 -0.0438737 0.907975
123.754 23.4667 -44.9412 -0.0845799 0 1.8 0.516721 0.804791 -0.29208
134.205 9.6125 -40.597 -0.185827 0 -0.7 0.673384 0.372728 -0.638458
119.192 11.156 -36.806 0.411156 0 4.2 0.911347 -0.171866 0.374044
84.2026 28.4662 -8.552 -1.06743 -0.168422 -0.4 -0.270071 0.0820139 0.959341
102.104 39.5609 -48.2207 2.15098 0.0395122 -3.9 -0.205775 0.431478 -0.878341
138.305 16.4858 -43.2425 -1.4417 -0.627725 -3.5 0.732098 -0.297028 0.613031
120.471 17.6693 -28.1612 -0.185687 0 -0.8 0.993834 -0.0873544 -0.0682876
103.178 40.0978 -31.8555 0.175494 0 -3.5 0.636778 0.12081 0.761524
99.013 16.443 -22.7992 -0.17825 -0.0515523 -0.885107 0.672848 -0.445246 -0.590789
76.5961 30.0784 -27.1875 0.11024 0 -4.5 -0.789261 0.594023 0.155579
124.655 12.948 -19.1467 -0.0289795 0 -1.6 0.455617 -0.213562 -0.864178
92.8735 30.7335 -34.5605 -0.824522 -0.115249 -3.14107 0.17282 0.0299177 -0.984499
118.993 4.1985 -15.4675 -0.735554 0 -3.5 0.418885 -0.884236 -0.206549
95.6135 40.173 -43.6965 1.0761 0 1.8 -0.964772 -0.0666096 -0.254516
94.3696 8.20037 -17.5066 -0.195263 0 -1.3 0.501211 -0.381449 -0.776714
104.951 -1.0335 -1.9035 0.45898 0 -3.5 0.00131595 -0.867177 0.497998
88.6825 29.5275 -6.709 -0.0377924 0 -3.5 -0.36378 0.150856 0.919188
73.0872 12.9417 -18.9315 -0.140198 0 1.8 -0.583573 -0.798749 0.146437
124.579 13.1045 -31.4405 -0.732484 -0.320311 -4.5 -0.17727 -0.705685 0.685991
108.993 21.2092 -32.219 0.544944 0.53121 3.8 -0.0665542 -0.399488 0.91432
129.76 16.109 -50.7745 -0.0418151 0 -1.6 -0.0243419 0.978016 -0.207102
114.849 9.63525 -36.0054 0.181794 0 4.2 -0.119011 -0.976222 0.181184
111.43 26.3908 -44.9894 0.702006 0.47959 -0.8 -0.0578017 0.391444 -0.918385
102.095 15.6342 -21.568 0.166941 0 -3.72416 -0.0125374 -0.985986 -0.166358
123.015 10.5048 -7.9985 -0.291709 0 -0.552708 0.818371 -0.57469 0.000210522
123.389 10.8057 -51.378 0.0330064 0 -4.5 -0.836401 -0.163936 -0.523029
115.501 36.089 -40.8305 -1.27713 -0.060774 -3.5 0.974121 0.135505 0.180904
115.871 14.267 -18.395 -0.878129 -0.00109229 -1.6 0.247042 0.554587 -0.794609
136.223 11.1237 -18.916 -0.0185027 0 -3.5 -0.227021 -0.758869 -0.610393
127.22 11.8685 -51.434 0.2656 0 -4.36766 0.568392 0.0691107 -0.81985
85.166 8.6645 1.323 -0.338799 -0.188646 -3.5 -0.856662 -0.109561 -0.504109
97.573 25.12 -36.799 0.387174 0 -1.3 -0.978404 -0.141692 -0.150495
84.376 10 -2.466 0.273952 0 -3.5 -0.135014 -0.954801 0.264812
90.892 26.334 -33.916 0.412895 0.00418058 -3.5 -0.322544 -0.417609 -0.849452
123.442 11.8015 -51.079 -0.335254 0 -4.5 -0.649638 0.0303436 -0.759638
83.5263 10.4375 -2.076 0.248103 0 -3.5 -0.292842 -0.899345 0.324689
91.8735 4.0995 -9.52 -1.89121 -0.637365 -3.34784 0.0749328 -0.968458 -0.237641
113.657 9.0185 -37.946 -1.21091 -0.01882 -3.5 0.0670554 -0.993671 0.0901183
119.617 6.89475 -6.22275 -0.210204 -0.560354 0.246194 0.205617 -0.727132 0.654982
124.284 25.0697 -30.946 0.194698 0 4.2 0.782475 0.344249 0.51887
92.083 35.9385 -18.8993 0.538951 0.459322 -2.72283 -0.253232 -0.0732281 0.96463
118.035 24.037 -25.6715 -0.49411 0.172142 -4.33082 -0.434479 0.112423 0.893638
107.477 15.27 -42.197 -0.135445 0 -0.9 -0.720074 0.441241 -0.535538
102.487 11.3872 11.4502 -0.0489538 -0.715034 -1.38353 0.211332 -0.314909 0.925295
97.9758 27.1595 -43.0005 -0.529999 -0.674116 0.674694 -0.463843 -0.674409 -0.574476
94.479 36.174 -38.882 0.154469 0 3.8 -0.865773 0.293834 0.405092
94.6976 28.2875 -33.627 0.217397 0 -3.14186 0.173481 -0.140573 -0.974753
122.214 25.882 -28.123 0.469253 0 -4.5 0.747338 0.639794 0.179306
121.283 21.1895 -49.6198 -0.290034 0 -0.9 0.113671 0.904823 -0.410335
114.293 37.3835 -41.869 -1.5174 -0.767194 -3.5 0.462898 0.674841 -0.574731
103.938 22.801 -25.3915 -0.0807323 0.00775293 -4.5 -0.16664 -0.707775 -0.686502
116.285 0.3255 -7.2745 0.366023 0 -4.5 0.65542 -0.569797 -0.495737
106.09 24.8715 -46.109 0.0536408 0 4.5 0.0630634 0.453036 -0.889259
82.9665 2.9355 -20.2715 0.240662 0.666059 -3.5 0.456738 -0.728483 0.51059
118.119 27.6245 -42.5865 0.135013 0 1.8 0.330453 0.434506 -0.837857
125.624 14.525 -9.553 -0.272003 0 -1.6 0.851695 0.523784 0.0163232
95.9829 18.2721 8.15837 -0.333058 0 -3.5 0.391674 0.719874 0.573038
130.031 14.535 -34.198 -0.360672 0 -0.8 0.542668 0.566399 0.620244
135.396 16.5749 -20.6434 -0.939875 -0.344466 -3.33524 -0.10866 0.143225 -0.983707
85.985 5.139 -18.3685 -0.343904 -0.112728 1.9 0.224508 -0.883268 0.411623
99.4966 33.7776 -12.8126 -0.806241 0 1.9 0.527646 0.720354 -0.4502
126.418 24.3953 -37.2365 0.110226 0 2.8 0.908329 -0.0169472 0.417914
110.424 15.2385 4.14875 0.21417 0.740066 -3.5 0.574443 -0.44793 0.685109
122.004 21.5142 -48.7085 -0.127017 0 -0.9 0.0601108 0.943067 -0.327126
103.861 26.7925 -25.98 -0.336382 0 -4.42343 0.944039 0.0375394 -0.327691
76.203 17.209 -25.5273 0.0818316 0.0140715 -0.712602 0.862259 0.146173 -0.484915
101.251 25.5933 -16.6402 0.122133 0 -3.5 0.875764 0.274789 -0.396899
106.505 35.716 -25.741 -0.472506 0 -1.3 0.333065 0.90715 0.25719
109.998 35.677 -28.567 -0.390306 0 -1.3 0.137575 0.689079 0.711508
72.3757 16.8325 -23.2113 -0.475474 -0.552289 -0.8 -0.961796 0.123469 0.244345
103.418 20.2122 3.14675 -0.292866 0 -0.7 0.923794 0.375899 0.0728368
74.3625 24.128 -15.4478 -0.0877133 0 -0.7 -0.982274 0.14089 0.123643
100.402 25.811 0.887 -0.448589 0 -3.5 -0.165842 0.891131 -0.422353
126.132 20.1985 -27.755 0.353302 0.03605 -4.5 -0.423477 0.686928 0.59059
116.924 20.8875 -49.1903 -1.42047 -0.185005 -3.5 -0.911568 -0.197858 -0.360411
107.2 1.6215 2.35 -1.69421 -0.363894 -3.5 0.807299 -0.589064 -0.0356535
124.605 12.308 -6.5935 -0.177714 0 -1.6 0.501543 -0.331156 0.799243
99.5365 37.761 -28.035 -0.385726 -0.035186 -1.3 0.00240993 0.196274 0.980546
80.867 3.2865 -23.5765 0.242453 0.65736 -3.5 -0.409631 -0.197243 -0.890672
117.601 31.189 -26.523 -0.119708 0 3.8 0.600786 -0.407126 -0.687971
127.137 21.557 -39.331 -0.12524 0 3.8 0.562451 0.740499 -0.367846
88.111 21.869 -7.201 0.700111 0 -3.9 0.880375 0.324488 -0.345901
110.168 24.686 -30.125 -0.234668 0 3.8 -0.644276 -0.573887 0.505532
74.1937 16.5303 -26.168 -0.255467 -0.318112 -0.767631 -0.432981 -0.411237 -0.802129
81.4553 32.1107 -9.724 -0.298452 0 -3.5 0.668612 0.718315 0.192307
113.159 0.5 -4.485 -0.277462 0 -4.5 0.382977 0.102509 0.918053
118.462 11.1845 -28.6425 -1.06613 -0.21035 -0.8 -0.235668 -0.0582609 0.970086
85.5875 23.461 -30.7705 -0.0834397 0 -3.39945 0.192379 0.230607 -0.95384
125.67 10.0457 -52.3451 0.246785 0 -4.5 -0.0401207 -0.392032 -0.919076
89.548 12.126 4.968 0.479972 0 -0.4 -0.0935119 -0.87171 0.481017
76.5107 24.271 -25.0855 1.44494 0.219265 -0.8 0.118965 -0.0681986 -0.990554
102.544 -2.175 -7.274 -0.446788 0 -3.5 -0.631456 -0.773336 0.0566983
123.923 24.0585 -30.274 0.668725 0 3.04756 0.883615 0.222726 0.411846
93.4713 34.3268 -11.91 0.548294 0.111655 -4.5 -0.483321 0.854137 0.191965
118.614 5.916 -17.744 -1.41321 -0.293402 -3.5 0.16527 0.157271 -0.973628
83.7548 25.081 -31.2083 0.242612 -0.456115 -0.7 0.160132 0.0768598 -0.984099
132.518 24.1857 -43.438 0.668607 0.236103 -4.5 -0.477382 0.187082 0.858549
124.329 22.417 -31.8865 0.408642 0 -0.150629 0.966262 -0.169705 0.193748
82.815 34.716 -24.135 0.989826 0 3.8 -0.228385 0.469286 0.853001
70.981 17.9443 -17.7038 -0.129876 0 -0.4 -0.976983 -0.204235 0.0615738
79.135 24.8105 -7.5995 -1.45377 -0.542309 -3.5 -0.267217 0.272339 0.924352
135.542 15.688 -48.3635 -0.595451 -0.26313 1.8 0.746704 -0.532518 -0.398571
87.616 39.354 -22.7645 -0.0622847 0 1.8 -0.85072 0.34828 0.393669
93.2085 23.9042 -33.9215 0.493118 0 -1.6 0.323864 0.0368962 -0.945384
126.382 21.2215 -34.0525 -0.203399 0 3.8 0.774299 0.370645 0.512916
76.797 13.256 -13.708 -0.852463 -0.702106 4.2 -0.554223 -0.610206 0.566114
108.727 15.0345 -21.345 0.898454 0.277472 -2.35512 0.970969 0.170131 -0.168154
72.2266 18.7039 -23.976 -0.0484232 0 -0.8 -0.905813 0.361826 0.22042
136.769 21.3902 -47.968 -1.5052 -0.586405 -3.5 0.490987 0.238509 -0.837882
92.0052 22.5322 3.7345 1.11727 -0.515254 -2.27722 -0.588758 0.177178 0.788652
92.3367 44.1975 -25.1265 -0.481133 -0.0189176 -3.5 -0.878231 0.242551 0.412164
94.8518 38.8754 -18.9084 -0.0582479 0 -0.8 0.825586 0.394466 0.40349
84.1628 2.4985 -6.926 0.149896 0 -0.4 -0.527328 -0.484579 0.697931
92.2985 36.936 -18.244 0.489087 0 -0.8 -0.236252 -0.52793 0.815767
125.045 26.886 -34.103 0.0724399 0 4.2 0.759709 0.644151 0.0889513
102.272 47.1745 -37.2038 0.388793 0 -3.9 0.944253 -0.242497 0.222668
112.237 17.422 -2.314 -0.0238018 0 -3.5 0.894501 0.251838 0.369385
106.382 42.53 -36.639 -0.130929 0 2.8 0.58738 0.789571 0.177658
128.165 11.876 -13.418 -1.08779 0 -3.5 0.609304 0.557749 0.563617
131.098 22.4355 -47.1936 0.759007 0 -4.5 -0.484177 0.47711 -0.733443
106.482 36.0412 -27.5635 -0.389449 0 -1.3 0.2958 0.908354 0.295628
111.249 34.301 -42.379 -0.25265 0 -3.5 -0.33964 -0.0125475 -0.940472
110.878 22.6812 -32.095 -0.108572 0 3.8 -0.388955 -0.220706 0.894429
114.973 23.4179 -21.8603 0.385651 0 -1.6 0.796097 -0.21744 0.564756
112.936 30.6647 -24.4762 -0.219325 0 3.8 0.191461 -0.414083 0.889875
130.195 18.3895 -17.8715 -0.0751866 0 4.5 -0.347277 0.849649 -0.396857
99.1957 7.4925 -12.8965 0.36054 0 3.8 -0.0218551 -0.993981 -0.107352
101.604 34.079 -46.027 -0.809488 -0.616229 -3.9 0.557757 -0.533292 -0.636008
123.884 14.3201 -6.65688 0.268311 0 -1.6 0.47453 0.401219 0.783482
82.7809 1.86713 -11.0526 0.417626 0.019295 -0.4 -0.350876 -0.879305 0.322039
130.923 17.8725 -14.9445 -0.209314 0 4.5 0.0138142 0.381815 0.924135
89.7483 31.0429 -7.97713 -0.291932 0 -3.5 -0.0712456 0.843102 0.533013
111.625 -1.24825 -4.53975 -0.831143 -0.0406846 -3.5 -0.0497439 -0.988401 -0.143486
96.8115 45.4695 -31.3125 0.256151 0 -3.5 0.919087 -0.10535 0.379711
87.5872 12.5898 5.588 0.0896972 0 -0.4 -0.688541 -0.663716 0.292218
103.196 23.2318 -46.2627 0.0737438 0 4.5 -0.519787 -0.490455 -0.699482
80.7145 2.6775 -12.0775 -0.506459 0 1.45785 -0.464132 -0.79489 0.390809
100.605 23.7768 -28.8997 -0.595658 0 2.8 -0.163594 -0.803537 0.572333
107.217 29.036 -20.737 -0.780942 -0.194694 -3.5 0.152569 0.644131 0.749545
99.197 17.794 -24.081 -1.00859 0 -1.6 0.756312 -0.05305 -0.652057
90.0825 22.2358 -10.6565 0.677265 0 3.42138 0.099992 -0.171654 0.98007
75.2477 28.1612 -27.8452 0.647937 0.772015 -4.5 -0.816758 0.180803 -0.54792
118.968 9.988 -38.176 0.276451 0 4.2 0.704188 -0.694953 -0.145463
80.413 6.87725 -22.6015 -0.936516 0 -3.5 0.462156 -0.1441 -0.875013
76.0425 23.083 -20.514 0.132651 0 -0.8 -0.902717 0.100135 0.418419
107.332 10.582 4.1045 -0.013225 0 -1.3 0.734843 -0.425884 0.527853
135.125 20.39 -43.23 -0.474722 0 -3.5 -0.361248 0.345972 0.865912
102.962 31.348 -25.827 -2.07986 -0.69655 -3.5 -0.550717 0.173352 0.816492
111.945 30.7558 -24.307 -0.370842 0 3.8 0.0470811 -0.242109 0.969106
115.604 22.806 -24.208 -0.138409 0 -3.5 0.840341 -0.353942 0.410551
106.491 22.628 -20.0685 0.320325 0.0537503 -0.590614 -0.1144 0.878368 0.464093
110.119 11.768 -0.876 -0.283095 0 -0.8 -0.187647 0.289724 0.938536
127.076 8.6985 -41.4222 0.325056 0 2.8 0.295403 -0.949231 -0.108154
124.691 13.5095 -6.572 -0.144776 0 -1.6 0.554265 0.310214 0.772371
80.157 4.909 -18.4188 -0.289423 0 -3.5 -0.847818 -0.360443 0.388955
96.2305 36.5995 -43.2605 -0.458999 -0.169048 1.95796 -0.722689 -0.294276 -0.625398
98.9495 2.504 6.688 -1.28134 -0.165258 -3.5 0.205698 -0.652104 0.729691
87.8845 19.8115 4.7705 -1.42293 -0.0192569 -3.5 -0.220661 0.671966 0.706945
92.2042 10.9323 -20.9287 0.389537 0 4.2 0.706025 -0.701969 0.0936366
117.049 22.5935 -7.51675 -0.579909 0 -1.6 0.901846 0.377496 0.210168
97.77 35.396 -13.4115 0.0423345 0 1.9 0.434553 0.644582 -0.62903
101.508 7.87025 -18.7605 -1.55028 -0.0891035 -3.5 -0.535749 -0.62456 -0.568241
82.708 6.1805 -14.4425 0.456051 0 -1.6 -0.0466023 -0.863294 -0.502546
75.602 24.9627 -14.4825 -0.701713 0 -0.7 -0.649432 0.690922 0.317591
100.306 26.5475 3.142 -1.54136 -0.139076 -3.5 -0.211947 0.936208 -0.280344
111.401 8.67 -33.5122 0.484685 0.0420544 -3.2 -0.305362 -0.952166 -0.0115559
99.0375 48.885 -35.6445 1.74365 0.00115467 -3.9 -0.590208 0.301054 0.749014
92.9885 4.057 -9.347 -0.95397 -0.0928293 -2.99172 0.0829776 -0.871179 -0.483902
127.853 9.76475 -50.862 0.282216 0 -4.5 0.876329 -0.153171 -0.456712
131.802 9.85225 -35.6985 0.226556 0 -0.8 0.893778 -0.448079 0.0196638
102.03 6.925 5.59113 -1.40269 -0.0219514 3.8 0.714814 -0.452152 0.533479
108.43 23.9605 -0.9365 -1.07002 -0.160844 -2.92326 -0.306952 0.853179 0.421743
104.738 36.84 -40.8795 0.180268 0 -1.6 -0.167 0.576492 -0.799855
119.027 24.801 -46.19 0.248776 0.169662 -3.5 0.20291 0.917726 -0.341477
111.543 9.992 -19.151 -0.13703 0 -0.861405 -0.593462 -0.650516 -0.473953
85.6595 11.964 0.43475 -0.683273 0 -0.7 -0.748091 0.124077 0.651893
113.557 34.2685 -24.9025 0.287842 0 3.8 -0.228112 0.779632 0.583214
75.2915 10.4205 -10.193 -0.188539 0 3.8 -0.617259 0.168217 -0.768567
79.589 17.57 -26.089 0.0229696 0 -3.5 -0.745513 0.617937 -0.24973
78.5482 11.4765 -12.923 -0.301016 -0.169868 3.3887 -0.755526 0.0396219 0.653919
90.0807 39.5547 -34.8595 0.310344 0 -3.9 -0.271104 -0.186159 -0.944377
115.273 33.202 -38.394 -0.816206 -0.297273 -3.32876 0.939375 0.214783 -0.267288
81.5433 17.2635 -7.38875 -0.708561 -0.954241 -0.9 -0.680179 0.661911 0.315008
95.84 42.3775 -37.0322 0.0460459 0 3.8 -0.383363 -0.0951 -0.918689
97.3481 21.8684 -25.3573 0.169233 0 -0.4 0.963937 0.22936 -0.134978
103.553 20.5998 -25.413 -1.16773 -0.702542 -0.4 -0.131989 0.209536 -0.968852
133.426 11.2113 -18.7687 0.379155 0 -3.5 -0.0279774 0.0392776 -0.998837
76.224 29.2985 -25.887 0.183385 0 -4.5 -0.776627 0.613627 0.142519
89.438 24.959 1.264 2.75272 0 -3.9 -0.690067 0.708195 0.149222
102.017 1.5185 -8.19325 -2.49442 0 -3.5 -0.321577 0.522174 -0.789888
119.891 15.1385 -16.528 -1.0679 -0.500727 4.04527 -0.398433 0.700713 -0.591821
110.998 26.392 -5.4145 -0.299801 0 -0.4 -0.387908 0.911396 0.137419
117.672 21.9765 -10.3075 -0.376242 0 1.69608 0.256654 0.890661 -0.375302
107.265 25.6655 -23.7285 -0.0666985 0.00554068 -3.54973 -0.287467 -0.871077 0.398231
110.22 23.939 -7.1925 -0.636094 0 -0.4 -0.565896 0.36525 -0.739158
76.062 24.6145 -21.7625 -0.873005 -0.81037 -0.478472 -0.737426 0.576515 0.3519
101.794 40.352 -37.875 -0.693137 -0 -3.5 -0.146097 -0.0528139 -0.987859
112.844 9.8195 -35.62 0.014585 -0.0253496 -3.49606 -0.33079 -0.915222 -0.2301
94.2855 34.215 -39.067 0.450067 0 3.8 -0.925296 0.179966 0.333826
79.2425 6.2285 -21.7675 -1.28139 -0.798965 -3.5 -0.975116 0.153822 0.159651
72.016 16.038 -15.911 -1.09247 -0.18918 1.8 -0.922776 -0.286455 0.257736
96.688 37.799 -21.9007 -1.10426 -0.12859 -1.6 0.859311 0.20089 0.47035
88.4723 1.751 -11.1433 0.989763 0 -4.5 0.323026 -0.893426 0.31216
89.9573 12.421 5.85575 -0.167029 -0.355023 -1.89816 -0.140277 -0.955671 0.258874
75.8087 18.8675 -10.648 0.0234329 0 4.5 0.282609 0.306115 0.90908
99.604 4.76975 8.3205 -1.26098 -0.270616 -3.5 0.671177 -0.293312 0.680801
99.801 14.29 -20.027 -0.429637 -0.988967 -0.8 -0.0383498 -0.887934 -0.45837
77.4305 20.5055 -13.3205 0.276623 0 1.76975 0.505126 -0.0141099 0.86293
77.423 25.443 -23.3475 -0.189191 -0.87612 -0.8 0.653069 0.495164 -0.572987
94.0326 35.2229 -18.211 -0.2918 0.434025 -4.36361 0.105536 0.423671 0.899647
78.7038 4.06275 -10.9668 -0.834762 -0.826406 3.8 -0.236469 -0.934289 0.266807
124.901 19.6695 -29.27 0.263229 0 -4.5 -0.693922 -0.537531 0.479095
86.1872 5.27375 -7.854 0.655815 0 -0.4 -0.342659 0.775074 0.530891
78.5555 24.5382 -15.026 -0.0130031 -0.0651172 -0.7 0.430643 0.860542 -0.272054
86.678 7.50075 3.373 0.0265255 0 -3.5 -0.0810648 -0.629272 0.772946
106.933 3.8485 -10.73 -0.0779036 0 2.8 -0.304758 -0.432805 -0.848412
110.124 34.9712 -38.9577 -0.519651 -0.0880866 -3.27556 -0.243212 0.961391 -0.128745
100.942 24.9533 -5.4005 0.191287 0 1.8 -0.785323 0.406474 0.466955
107.228 15.041 5.879 -0.219212 0 -1.3 0.467275 0.209224 0.858999
73.8869 16.7426 -10.8566 -0.0947108 0 4.5 -0.340463 0.0973852 0.935201
97.8775 12.7655 -17.1803 -0.0821121 -0.368965 -2.77022 -0.60332 -0.567651 -0.560158
128.243 21.1042 -30.366 0.562626 0.66978 -4.5 0.27575 0.729289 -0.626179
109.715 17.5793 3.74575 0.0816871 0.00518572 -3.5 0.415781 0.758538 0.501743
80.2495 16.503 -5.59725 -0.140027 0 -0.9 -0.334087 0.882684 0.330537
84.747 22.3248 -31.8013 0.649037 0.157701 -3.5 0.371638 0.293838 -0.88065
102.77 3.82 -8.6975 -1.31229 0 1.9 -0.205268 -0.613485 -0.762562
113.398 23.4118 -2.645 0.214639 0 -0.8 0.918413 0.345597 -0.192564
113.061 25.8015 -45.2255 -0.403349 -0.0674523 -0.8 0.00926618 0.160686 -0.986962
93.4348 32.1893 -39.2505 0.547248 0 3.8 -0.977958 -0.0577356 0.200663
87.856 20.589 -10.2535 0.967349 0 3.8 0.752847 -0.0945816 0.651364
103.732 30.43 -25.2108 -2.00066 -0.489434 -3.5 -0.450742 0.294373 0.842719
108.681 -0.69925 -11.4235 0.0706512 0 -0.4 0.409161 -0.542782 -0.733468
133.177 20.1947 -16.8263 -0.138207 0 -1.6 -0.447542 0.838474 0.310914
86.813 20.9255 -31.289 0.0924161 0 -3.5 0.318681 0.393432 -0.862354
112.151 14.0977 -31.6275 -0.195578 0 -3.2 -0.106248 0.669852 0.734853
110.709 9.4925 -44.0795 -0.244067 -0.276326 -2.54423 -0.802607 -0.238973 -0.546547
118.126 8.8165 -46.4647 0.242029 0 -3.5 -0.0621029 -0.970718 -0.232055
134.559 14.1275 -44.448 -0.644466 0 -3.5 0.767424 -0.536499 -0.35104
89.891 31.7757 -16.2927 0.369666 0 -2.06828 0.160609 0.977753 0.134925
79.629 36.102 -26.822 0.0156311 0 3.8 -0.416033 0.861727 -0.290418
112.854 5.227 -15.7995 0.328311 0 -4.5 -0.0869801 -0.143704 -0.985791
109.423 20.21 0.3865 -0.630705 -0.693764 -3.5 0.34355 0.368447 0.863841
102.656 26.8757 -5.44675 -0.191324 0 1.8 0.0705028 0.902098 0.425733
102.734 26.0795 -4.65175 -0.109299 0 1.8 0.0900269 0.441727 0.892621
93.7333 25.2377 1.76525 0.296506 0 -3.5 -0.405181 0.749571 0.523423
94.5885 36.6305 -41.9842 0.0543036 0 3.8 -0.825724 0.194051 -0.529645
94.8215 34.095 -13.599 0.649459 0.221291 -4.5 -0.173138 0.787381 -0.591654
114.883 1.8325 -9.275 1.85871 0 -4.5 0.450259 -0.84264 -0.295338
95.4417 32.1968 -37.364 -0.156922 -0.0226934 3.576 -0.831567 0.0261602 0.554809
103.66 6.25625 -11.7072 -0.638654 -0.329918 4.5 0.219176 -0.731403 -0.645764
92.6875 18.4185 12.138 0.560327 0.235575 -4.5 -0.175693 0.980443 -0.088677
93.5715 29.6265 -7.634 -1.72901 -0.830133 -3.5 0.808354 0.15091 0.569026
84.2285 34.9885 -32.675 0.753478 0 -0.8 -0.283236 0.196776 -0.938646
93.127 14.179 12.642 -0.21776 0 -4.5 -0.00758337 -0.64156 0.767035
94.444 23.072 -11.2683 0.361867 0 2.86507 -0.64859 0.187296 0.737734
96.1615 32.0148 -42.3633 -0.00057052 0 4.16708 -0.809373 0.0445943 -0.585599
134.509 12.4775 -18.935 0.169669 0 -3.5 -0.518122 -0.239828 -0.820994
99.778 20.8575 -37.1973 0.491363 0.586245 -1.3 -0.617844 -0.59289 -0.516479
112.939 9.12025 -38.7025 -0.424009 -0.599283 -3.52337 -0.390811 -0.909898 0.139112
109.169 21.1712 -37.7105 -0.5132 -0.606042 -3.5 -0.759036 -0.64292 -0.10256
94.538 19.825 -29.162 -1.71566 -0.11677 -3.43326 0.645502 -0.735521 0.205756
125.582 16.8875 -28.5613 0.384568 0.0213418 -4.5 -0.95773 -0.115493 0.263468
96.6215 36.512 -31.882 0.454031 0 4.2 -0.56256 0.360263 -0.744135
109.015 11.5612 -0.55075 -0.612947 -0.288414 -0.8 0.562993 0.381614 0.733082
88.5415 11.8985 -29.2458 0.550998 0.536504 -0.7 -0.541487 -0.70982 -0.450497
113.676 20.784 -5.1645 -0.220996 0 3.8 0.546289 0.341089 0.765001
132.4 18.3962 -43.726 -0.342178 -0.233276 -2.17905 0.559109 0.538344 0.630542
115.278 9.1885 -46.876 -0.895679 -0.131344 -3.5 -0.222033 -0.930911 -0.290011
120.175 18.5655 -11.41 -0.23629 0 -0.29933 0.240013 0.76036 -0.603529
111.426 4.09375 -4.88825 -0.440748 0 -1.66635 0.493606 0.2636 0.828775
116.02 14.715 -45.356 0.602226 0.604784 -0.4 -0.600021 0.345918 -0.72133
88.108 20.8745 -30.9705 -0.676671 -0.888234 -0.7 -0.211166 0.600215 -0.77146
103.358 -0.3485 -5.4155 -0.916343 0 -3.5 -0.312572 -0.754256 0.577405
123.486 6.804 -10.6535 -0.562692 0 -0.4 0.797573 -0.573853 -0.18593
93.77 4.77875 3.7315 0.30744 0 -0.885878 -0.698458 -0.50265 0.50941
110.286 25.9897 -45.0127 0.28059 0.425745 0.835816 -0.106009 0.0825566 -0.990932
122.999 27.9205 -41.4805 -0.977525 -0.176281 4.2 0.290839 0.657088 -0.695448
117.881 31.196 -25.26 -0.126064 0 3.8 0.876029 -0.478234 0.0621668
110.934 11.2785 -38.4652 -0.0161963 0 -3.5 -0.699642 -0.712857 0.0483248
120.465 21.242 -27.0075 0.757136 0.461671 -4.5 0.52134 -0.48159 0.704469
95.0565 2.6065 -3.954 0.145298 0 -1.3 0.623106 -0.740067 0.253059
113.129 16.2585 -34.3565 -0.43588 0 1.28957 -0.523266 -0.0772464 0.848661
112.826 12.574 -31.0128 -0.087928 0 -3.2 -0.270527 0.423699 0.864462
93.613 45.0635 -23.129 -1.3661 -0.724256 -3.5 -0.267265 0.353656 0.89638
97.882 12.418 12.7745 -0.0826076 0 1.8 -0.101744 0.370676 0.923172
81.308 21.835 -6.8865 -1.01107 -0.0125726 -1.3 -0.00344638 -0.0535779 0.998558
74.09 13.2215 -24.625 -0.234653 0 -0.7 -0.981 -0.193923 -0.00567808
95.1833 23.5025 -2.574 -0.30483 -0.369267 -3.5 -0.491345 0.0783468 -0.867434
96.2915 38.2137 -43.6732 -1.01771 -0.340994 1.8 -0.912498 -0.0571971 -0.405062
95.027 2.686 -6.476 -0.235563 -0.000460669 -1.3 0.152209 -0.582988 -0.798096
116.616 14.661 -28.115 -1.21653 -0.118969 4.2 -0.384215 -0.559839 0.734139
98.4772 24.0155 -27.957 -0.337627 0 -4.20425 0.430948 -0.836684 0.338001
134.783 17.9562 -50.3592 -0.0542653 0 1.8 0.494763 0.33439 -0.802118
123.341 21.3503 -48.7463 0.0359585 0 -0.9 0.313419 0.919929 -0.235583
75.5965 9.4555 -16.7385 -1.33297 -0.195706 -3.5 -0.702644 0.375799 -0.604208
97.422 31.2638 -46.9077 0.0385467 0 4.2 -0.181266 -0.133216 -0.97437
107.91 17.7355 2.64875 0.30483 0.0206922 -3.5 -0.324908 0.888651 0.323628
116.031 4.43125 -13.743 -0.947191 0 -3.98006 -0.199642 -0.858154 -0.472985
113.601 21.1315 -26.818 -0.792446 -0.0570972 -0.7 -0.531073 -0.694 0.486133
109.157 25.2218 -4.2485 -0.114621 0 -0.8 -0.504907 0.857879 0.095462
129.622 12.802 -14.575 -0.428416 -0.393509 4.5 0.0258557 0.0300781 0.999213
82.724 35.15 -16.785 0.278803 0 -3.5 -0.987177 0.08411 0.13567
91.0652 4.91075 -19.3035 0.54477 0 1.9 0.588845 -0.805292 0.0690402
93.192 25.4153 -0.351 -0.572717 -0.271124 -3.7112 -0.258709 0.901457 -0.347053
114.01 13.103 0.463 -0.980039 -0.948568 -0.8 0.434806 0.0236074 0.900215
103.331 17.972 -24.379 -0.313264 -0.0507124 -3.63253 -0.505598 -0.336013 -0.794648
74.57 23.237 -14.9765 0.142278 0 -0.7 -0.932959 0.297132 0.203223
116.452 8.80175 -33.047 0.322957 -0.984698 -0.8 -0.619467 -0.784967 0.00934544
101.897 41.063 -46.747 2.92262 0 -3.9 -0.227432 0.969591 -0.0903788
116.754 34.5522 -36.954 0.527376 0.476887 -0.7 0.895961 0.0972242 -0.433361
127.078 19.4185 -26.29 0.559954 0.424176 -4.5 0.313326 0.293014 0.903311
118.382 17.3405 -49.1595 -0.60334 0 -3.02737 -0.472212 -0.00319289 -0.881479
121.643 9.62025 -41.353 0.252328 0 2.8 -0.465673 -0.836456 0.288945
82.994 4.9065 -27.0275 -1.46976 -0.792031 -3.5 -0.752675 -0.487168 -0.442886
88.3232 17.944 -32.6635 0.70861 0.554533 -0.7 -0.507518 -0.714036 -0.482264
82.9235 10.5153 -25.672 -1.10871 0 -3.5 0.297725 -0.338076 -0.892785
92.005 13.421 8.2025 -0.0613423 0 -4.5 0.614653 -0.776259 0.140086
96.789 49.271 -30.792 -1.06449 -0.515989 -3.5 0.624493 0.748266 -0.223845
105.743 -2.19175 -5.7435 -0.724756 -0.132599 -3.5 -0.274507 -0.961221 0.0264557
98.782 22.787 -30.111 -0.442264 0 -3.9 0.394957 -0.447541 0.802319
103.49 8.8815 10.371 0.141061 0 -3.5 0.227353 -0.875468 0.426458
94.1673 39.2687 -18.105 -0.0494264 0 -0.8 0.43634 0.409495 0.8012
74.8802 15.5215 -4.669 0.0805629 0 -0.9 -0.651004 0.384316 0.654595
87.751 37.328 -23.6548 0.215721 -0.458891 0.395886 -0.653593 -0.065966 0.753966
109.905 18.0643 -45.0908 0.255537 0 -4.5 -0.707566 -0.0618414 -0.703936
95.5295 43.957 -37.2845 -0.81996 -0.359517 3.8 -0.717155 0.173216 -0.675044
94.3125 40.1188 -37.6805 0.150126 0 3.8 -0.726418 0.30461 -0.61606
95.546 15.099 10.874 -0.0840309 0.135266 -4.5 0.660618 0.70565 0.256206
73.077 13.2855 -19.9042 -0.137219 0 1.8 -0.62399 -0.614283 -0.483005
109.545 12.7675 -0.6995 -1.22882 -0.314963 -2.16192 0.203725 -0.542966 0.814668
110.543 7.6545 -12.8435 -0.372849 -0.0132035 -0.935998 -0.154794 -0.556775 -0.816113
96.091 37.993 -31.6045 0.458088 0 3.8 -0.359719 -0.625006 -0.692799
101.229 29.5415 -27.4433 -0.562079 0 -3.2 -0.178457 0.476277 0.860995
116.527 17.513 -26.7445 -0.183547 0 -0.8 -0.530934 -0.311347 0.788145
111.59 29.8228 -43.8148 -0.010336 0 4.2 0.443307 0.59927 -0.666599
80.0577 25.324 -8.0305 -1.61978 -0.686837 -3.5 0.234218 0.579133 0.780863
110.483 10.9893 -36.1102 -0.262889 0 -3.36908 -0.507699 -0.600989 -0.617295
97.3043 22.5203 -24.4193 0.0947825 0 2.03202 0.955014 -0.112936 -0.274213
112.199 25.845 -3.7925 0.84037 0.104411 -0.4 0.330802 0.852541 0.404653
110.409 6.0555 -11.5735 -0.296314 0 -1.47489 -0.287867 -0.534637 -0.794541
89.7517 44.8237 -36.1575 2.40924 0.112716 -3.9 -0.273178 0.675776 -0.684617
110.15 13.733 -19.9678 -0.429917 0 -1.3 0.614214 0.102963 -0.782394
96.9202 21.0632 2.799 0.00448637 0 -2.406 0.684331 0.655698 0.318987
88.81 41.1575 -34.3908 1.13192 0 -3.9 -0.869363 -0.459491 -0.18187
88.126 13.465 7.093 0.0751696 0 -0.4 -0.66422 -0.180525 0.725412
128.737 9.6735 -38.559 1.39208 0 2.8 -0.324635 -0.78143 0.532896
86.7477 7.746 -27.0163 -0.194528 0 -3.5 0.642142 0.259484 -0.721333
93.9837 35.316 -39.359 0.156352 0 3.8 -0.978286 0.0387012 0.203615
108.732 15.769 -38.5965 -0.311053 0.0390773 -0.890948 -0.908509 -0.051676 0.414657
72.9025 14.9152 -11.9925 -0.126914 0 4.5 -0.301498 -0.803952 0.512601
133.402 11.478 -37.4953 0.530384 0 0.550352 0.559954 -0.506831 0.655419
110.071 8.824 -43.3042 0.173567 0 -3.9 -0.88752 0.151638 -0.435102
106.794 30.1545 -22.193 -0.566934 0 -3.5 0.297776 0.916197 0.268167
72.342 15.886 -11.691 -0.10672 0 4.5 -0.664405 -0.132056 0.735613
135.423 14.6845 -46.5325 -1.81521 -0.568977 1.8 0.308912 -0.951088 0.00196533
79.115 16.12 -6.367 -0.305318 0 -0.9 -0.0705823 0.994013 0.0834085
97.2083 36.5397 -33.0938 0.524017 0 4.2 -0.918835 0.332445 -0.212657
109.792 -0.7625 -0.445 -1.63879 -0.210542 -3.5 -0.0613048 -0.397118 0.915718
95.916 49.5605 -30.2 -1.30836 -0.214796 -3.5 0.0711379 0.965011 0.252375
96.292 28.4135 -1.642 -1.51302 -0.227677 -3.5 0.10536 0.963651 -0.245511
118.469 4.7395 -17.739 -1.43344 -0.327092 -3.5 -0.0124353 -0.457315 -0.889218
93.2585 25.5457 0.80725 0.0109955 0 -3.52487 -0.346775 0.910036 0.227116
80.9928 29.5215 -8.38675 0.511159 0.20437 -3.5 0.106515 -0.488117 0.866254
97.2517 25.336 1.929 -0.282738 0 -3.5 0.225582 0.195441 0.954419
137.805 19.642 -19.3867 -5.30931 0 -1.6 0.70014 0.392756 -0.596277
105.583 30.88 -44.681 -0.388958 0 -3.5 0.257009 0.150662 -0.954593
106.685 26.6425 -44.544 0.191798 0 4.5 -0.0989405 0.419687 -0.90226
108.989 6.69725 2.958 -0.782768 0 -3.5 0.87725 -0.240775 -0.415282
114.042 -2.3075 -6.852 0.0117628 0 -4.5 0.379431 -0.903047 -0.201343
108.808 5.351 3.475 -0.540495 0 -3.5 0.888295 -0.369319 -0.273013
116.294 35.5345 -36.241 0.563871 0.416433 -0.7 0.53468 0.842254 -0.0687464
74.79 11.3702 -25.6742 -0.263842 0 -0.7 -0.62324 -0.756839 -0.196893
96.4863 28.7755 -45.012 0.0616155 0 4.2 -0.807737 -0.45449 -0.375499
105.778 31.7367 -15.4395 -0.00728392 0 -1.6 0.920015 0.386995 -0.0617004
112.886 23.39 -45.967 0.0931392 0 -0.8 0.211715 0.170113 -0.962413
113.659 16.0015 -33.4725 -0.58801 0 4.2 -0.874444 0.275887 0.399041
94.767 33.675 -40.906 0.543544 0 3.8 -0.808564 0.106355 -0.578717
93.064 33.195 -34.808 -1.0115 -0 4.2 -0.143237 0.163114 -0.976154
127.096 10.235 -37.2692 0.454623 0 4.02757 0.0848322 -0.970605 0.225232
86.6275 36.7918 -13.4583 0.541648 0.227387 -3.5 0.990606 0.1303 0.0414828
75.1302 25.0865 -24.717 0.583633 0.466826 -0.8 -0.80441 0.430242 -0.409655
119.926 10.003 -47.3268 0.175291 0 -3.5 0.171369 -0.518432 -0.837771
78.7288 32.9615 -23.0395 0.174128 0 3.8 -0.184904 0.00457372 0.982746
82.4922 21.5912 -31.9193 0.0182161 0 -3.5 -0.403624 -0.409398 -0.818218
135.822 12.1318 -14.778 -1.79361 -0.120931 -3.5 0.243657 -0.122085 0.962147
113.374 14.985 -17.6045 -0.321663 -0.0649785 -0.8 0.0183011 -0.0886027 -0.995899
78.0225 8.653 -5.826 -0.0207088 0 3.8 -0.156264 -0.370758 0.915489
89.0745 22.5203 1.876 1.98923 0 -3.9 -0.985997 0.0092749 0.166504
83.173 37.849 -12.376 0.23705 0.401693 -3.5 -0.805967 0.202888 0.556106
124.973 16.6415 -50.2155 -0.365183 0 -0.9 0.417661 0.352345 -0.837504
97.1992 28.015 -44.7175 0.0559433 0 4.2 -0.305911 -0.877338 -0.369724
82.9115 33.262 -17.0925 -0.259432 0 -1.65368 -0.981107 0.172645 0.0873102
116.705 2.1245 -13.0005 -1.49045 -0.530553 -3.5 -0.498675 -0.615923 -0.609887
91.135 22.312 -5.417 0.290811 0 -3.5 0.0402529 0.810921 -0.58377
118.771 7.08275 -34.3092 0.806793 0.750413 -0.8 0.230141 -0.886506 -0.401426
138.874 10.2507 -17.3978 0.0145727 0.676006 -3.5 0.431188 -0.786578 0.442009
125.461 17.501 -27.321 0.356705 0 -4.5 -0.931672 -0.251872 0.261817
112.252 31.885 -42.157 -0.0430392 0 -3.5 0.0900911 0.131426 -0.987224
101.452 3.958 5.878 -0.234533 0 -0.4 0.417272 0.368368 0.830776
94.7075 47.2588 -25.495 -1.46751 -0.413256 -3.5 0.398741 0.896104 0.194944
96.5 35.7007 -11.3175 0.497856 0 1.9 -0.352493 0.903561 0.24357
83.9473 11.0275 -25.6192 -0.946457 0 -3.14122 0.0221342 -0.352925 -0.93539
125.297 12.6768 -32.0238 -1.16158 -0.472797 -4.5 0.114402 -0.895262 0.430602
119.938 21.0942 -10.6327 0.113438 0 -0.8 0.58728 0.258854 -0.766875
106.906 21.5575 -31.8263 -0.261469 0 -3.5 0.196364 -0.547719 0.813293
86.024 8.5445 -27.1085 -0.218322 0 -3.5 0.231777 0.646109 -0.727202
110.627 25.313 -26.4925 -0.259084 0 -1.72209 -0.465779 -0.546183 -0.696229
91.011 16.5753 -32.7557 0.0309474 0 -0.7 0.148234 -0.870371 -0.469554
95.872 5.2225 9.218 0.566335 0.697714 -3.5 -0.30001 0.0221633 0.953679
103.503 27.887 -14.421 -0.0642007 0 -1.6 0.144521 -0.973194 0.178906
111.212 34.65 -25.8382 0.0381559 0 3.8 -0.300733 0.874192 0.381246
118.975 9.67625 -47.4432 0.30885 0 -3.5 0.150174 -0.485523 -0.861229
117.614 34.093 -35.3645 -0.109569 0 -0.7 0.747548 0.452399 -0.486319
99.5703 36.393 -27.89 -0.156127 0 -0.981439 0.0763957 0.394741 0.915611
98.5934 17.3967 7.10575 -0.387955 0 -3.5 0.302524 0.902696 0.305974
75.866 25.8515 -15.596 -0.175684 0 -0.7 -0.35516 0.919035 0.170984
101.692 4.698 -8.9445 -0.909848 0 1.9 -0.385943 -0.782906 -0.487961
85.368 18.758 -3.926 0.71262 0.635374 -3.9 -0.478814 0.519803 0.70749
82.8 6.1695 -27.221 -1.59755 -0.0292524 -3.5 -0.853544 0.230763 -0.46713
133.978 20.2932 -19.9305 -0.162698 0 -1.6 -0.220596 0.832622 -0.508014
83.2477 33.3942 -13.9298 0.305455 0 -1.6 -0.876898 0.475726 0.0688097
138.132 14.1745 -19.2305 -0.115244 0 -3.5 0.860839 0.327488 -0.389498
134.648 7.37075 -38.561 -0.00261285 0 -0.7 0.798384 -0.47146 0.374578
89.552 41.4147 -36.2265 0.434321 0 -3.9 -0.254522 -0.403711 -0.87877
101.407 17.8815 -33.4453 0.796048 0.639713 -3.9 0.627106 -0.772341 -0.10113
93.949 6.417 -16.5725 -0.292147 0 -1.3 0.397785 -0.613308 -0.682364
134.417 15.8462 -50.3615 -0.130179 0 1.8 0.335439 -0.615495 -0.713195
111.792 37.737 -34.2248 -0.0361487 0 -0.4 0.504018 0.813677 0.289645
80.318 27.2085 -13.6635 0.112929 0 -3.5 -0.715078 0.153459 -0.681992
85.8767 1.041 -15.3065 -0.127958 0 -4.5 0.363228 0.077731 -0.928452
89.0775 39.2562 -21.3522 0.157794 0 1.8 -0.543585 0.378613 0.749111
134.181 25.6537 -43.8167 0.441163 0.734453 -4.5 0.37777 0.537892 0.753632
91.4853 3.214 -4.06125 -0.246094 0 -1.3 -0.997399 -0.0695636 -0.0188585
94.6195 7.6595 7.612 0.949004 0 -3.9 -0.481517 -0.370332 0.794352
127.131 10.9045 -11.2715 -1.94303 -0.710465 -3.5 0.405974 0.0594084 0.911952
97.763 19.552 -28.797 -0.236293 0 -3.9 0.578386 0.0781591 0.81201
102.268 7.76275 -16.303 -1.27057 -0.0512841 -3.23429 0.0346708 -0.99443 0.0995317
81.796 26.252 -27.1955 0.43692 0 -2.6 -0.804445 -0.515443 -0.295275
78.5072 28.634 -29.1418 0.291497 0 -4.5 0.304682 -0.472943 -0.826737
100.258 14.7505 11.643 -0.263777 0 -0.8 0.132079 0.45502 0.880631
103.575 30.066 -10.9185 -0.713856 -0.899432 -1.54196 0.40535 -0.475946 0.780491
105.046 24.0105 -8.4545 -0.527067 -0.355761 0.700241 0.535665 0.714407 -0.450206
110.402 9.655 -32.725 -0.207062 0 -3.2 -0.559857 -0.553399 0.616693
125.138 22.8625 -39.265 -0.235267 0 3.39987 0.24102 -0.0841409 -0.966866
105.834 -1.207 -2.478 0.0459223 0 -3.5 -0.149004 -0.897397 0.415303
101.933 39.3807 -38.0745 -0.739804 0 -3.5 -0.185728 0.355524 -0.916028
102.925 21.9737 -10.6908 -0.0836787 0 3.8 -0.28545 0.753816 -0.591844
91.2708 20.2805 5.8825 0.124013 -0.0495901 -1.91246 -0.494447 0.792283 0.357506
95.7945 30.9075 -9.477 0.434022 0 0.639078 -0.226477 0.0854466 0.970261
109.256 15.2535 -24.1605 1.44583 0.417016 -3.9 0.91394 0.316162 -0.25447
137.132 22.8805 -44.1585 -1.4774 -0.449732 -3.5 0.534848 0.506895 0.676014
80.8 24.1955 -15.5538 0.441239 -0.298763 -2.46107 -0.686953 0.711112 -0.149717
102.628 26.9772 -6.73875 -0.21209 0 1.8 -0.0871796 0.969868 -0.227498
117.283 7.3795 -33.1945 -0.123262 -0.83143 -0.8 -0.670819 -0.73787 0.074498
110.429 18.9182 0.9105 -1.38447 -0.171928 -3.5 0.606552 0.258365 0.751892
110.143 25.6935 -4.61625 -0.18858 0 -0.606329 -0.413086 0.889236 0.196516
89.238 19.6855 4.99775 -0.339572 0 -3.5 -0.307112 0.690943 0.654431
120.84 9.84437 -46.733 -0.0373009 0 -3.5 0.377916 -0.697226 -0.609143
96.1383 12.852 -16.1057 0.466664 0.669268 2.8 0.257914 -0.852063 -0.455488
102.92 27.302 -23.7555 0.225281 0 -4.5 -0.12822 0.92348 0.361585
87.5185 32.6835 -10.705 -0.51654 0 4.2 -0.129862 0.949586 0.285347
76.154 25.687 -22.738 -0.661799 -0.86023 -0.8 -0.645859 0.668733 0.368323
96.8845 29.327 -42.0115 0.726963 0 4.2 -0.836111 -0.497685 0.230712
84.2925 16.0445 -2.3005 -0.335777 -0.418789 -3.00694 -0.350799 0.837193 0.419581
111.468 18.8045 -2.895 0.206826 0 -3.5 0.861481 0.390777 0.324258
95.2175 38.367 -32.0298 0.426911 0 3.8 0.371823 -0.628655 -0.683038
122.56 21.3002 -28.1227 1.29981 0 -4.5 0.450475 -0.351122 0.820845
116.368 13.2595 -46.8005 0.798643 0 -3.49298 -0.351432 0.363655 -0.862699
95.517 37.1478 -31.428 0.302631 0 3.8 0.183329 0.167283 -0.968714
111.722 5.1825 -14.7247 0.0457596 0 -4.5 -0.962417 -0.0745984 -0.261129
92.9372 12.998 5.76175 0.241626 -0.229165 -3.77856 0.583526 -0.343949 0.73566
128.038 16.1065 -33.4035 0.0565931 -0.0490521 -3.47824 0.657019 0.750799 -0.0680173
117.838 8.378 -17.8347 -0.0908053 0 -2.55075 -0.0355116 -0.360957 -0.931906
119.777 14.1525 -51.7595 0.157254 0 -0.9 -0.704879 -0.65119 -0.281243
71.9755 15.1545 -12.4045 -0.139784 0 4.5 -0.811587 -0.493811 0.312213
109.391 9.7515 -34.9115 0.0709298 0 -3.2 -0.757758 -0.503099 -0.415564
75.2545 27.1935 -27.5065 0.611062 0.67099 -4.5 -0.819856 -0.502802 -0.273908
113.602 22.5667 -45.7098 0.373777 0 -0.8 0.289051 0.486282 -0.824609
121.548 28.6885 -34.9005 -0.257897 0 3.8 0.735375 -0.0693713 0.6741
88.2917 23.2903 -30.6553 -0.140301 -0.0246836 -1.52608 -0.408715 -0.144563 -0.90114
78.9747 30.794 -9.11775 -0.383539 0 -3.5 -0.87262 -0.238739 0.426073
85.9628 38.1725 -12.944 0.283387 0 -3.5 0.66795 0.734916 0.117226
135.206 12.505 -42.2625 -1.06851 -0.21383 -3.5 0.396937 -0.778064 -0.486886
84.5052 4.04375 -21.3705 0.0759495 0 1.9 0.371266 -0.926929 -0.0544414
84.895 16.612 -27.3605 -0.447447 0 1.8 0.11329 0.16121 -0.980396
118.643 19.3662 -5.99325 0.132771 0.0163332 -0.8 0.433243 0.429678 0.792261
103.345 9.46375 11.25 0.484185 0.633695 -3.5 0.294945 -0.453265 0.841165
99.485 16.8697 -34.893 1.59073 0.691545 -3.9 0.139172 -0.539325 -0.830517
95.15 1.21375 4.186 0.0347005 0 -0.8 -0.12655 -0.524276 0.842093
103.103 33.6032 -43.853 -0.655805 -0.0286457 -2.24836 0.60918 0.439132 -0.660351
94.7065 17.327 10.78 -0.391877 0 -3.96226 0.61956 0.777876 0.105142
122.264 14.498 -52.007 -0.176715 0 -0.9 0.284573 -0.44613 -0.84852
96.077 7.4035 -15.168 -0.00330863 0 -1.3 0.671235 -0.532535 -0.515606
104.624 38.434 -30.372 -0.104053 0 -1.3 0.544185 0.833874 0.092283
109.061 18.4275 -38.597 0.0272058 0 -0.8 -0.933585 0.358338 0.00372158
119.429 25.2775 -26.102 0.146438 0.548526 -4.5 0.0650179 0.560032 0.825916
96.8125 7.4345 -14.431 -0.0520634 0 3.8 0.313209 -0.625766 -0.714365
109.188 4.73125 -10.884 -0.0147184 0.10723 -2.57156 -0.0391784 -0.161676 -0.986066
94.1322 33.5475 -16.0425 0.363781 0.264496 -4.5 -0.313553 0.900251 0.302048
80.871 13.263 -4.1145 -0.488082 0 -0.9 -0.728883 -0.521722 0.443323
82.4975 35.425 -17.7978 0.804001 0.818139 -0.4 -0.925453 0.377001 -0.0375133
106.169 20.07 -23.7545 -0.654556 -0.948189 -0.8 0.352201 -0.188027 -0.916843
132.359 7.52775 -14.595 -0.80444 0 -3.5 -0.157842 -0.902524 0.400669
109.309 29.4252 -44.1857 0.0661092 0 4.2 -0.0812858 0.447375 -0.890645
75.622 25.672 -24.009 0.565459 0 -0.8 -0.588337 0.808207 -0.0256886
100.293 28.5665 -44.3565 -0.61195 -0.00285542 -0.7 0.0395948 -0.323599 -0.945365
130.954 18.712 -48.418 0.825797 0 1.49 -0.189684 0.120949 -0.974367
130.704 17.848 -18.645 -0.0440643 0 4.5 -0.196295 0.471407 -0.859793
104.119 27.7235 -27.3925 -0.994811 0 -3.5 0.815213 -0.41287 0.406161
88.3194 17.4142 5.65788 -1.63586 0.0821347 -3.15669 -0.522666 0.178357 0.833672
107.159 21.4813 -10.5278 -0.197452 0 -0.7 0.117093 0.991175 0.0621421
78.4538 16.9522 -23.7775 -0.159582 -0.225635 -3.5 -0.165688 0.696445 -0.69822
104.515 29.545 -24.331 -0.358709 0.286014 -3.5 -0.674133 0.588967 0.445716
112.733 16.7092 -2.95725 -0.157945 0 -1.75315 0.664809 0.285409 0.690341
133.997 14.1065 -45.367 -0.71957 0 -2.91542 0.717093 -0.575092 -0.393759
113.665 24.3665 -12.718 -0.973173 -0.029935 -3.5 0.80892 0.473715 -0.348199
111.139 30.642 -42.8645 -0.0145913 0 4.2 0.0664373 0.791839 -0.607106
98.3627 28.6995 -25.231 -0.0345967 -0.0553691 -3.74072 0.600217 0.56156 0.569553
82.2122 36.3848 -15.3542 -0.784614 -0.104333 -3.5 -0.957637 -0.287295 -0.0198355
83.3105 17.989 -26.8425 -0.284754 0 -3.5 -0.0815185 -0.221822 -0.971674
72.9115 20.5595 -13.8825 -0.111031 0 4.5 -0.743058 0.497595 0.447508
104.317 30.9083 -11.0203 -0.367395 -0.367352 -1.02515 0.854668 0.0573126 0.516001
131.465 8.958 -35.189 1.10758 0.199842 -0.8 0.760412 -0.586184 0.279573
79.0005 5.109 -22.5995 -1.29763 -0.109693 -3.5 -0.920515 -0.141556 -0.364163
119.111 19.464 -26.1961 -0.0993439 0 -0.8 0.271896 0.475477 0.836657
79.2487 7.083 -7.48375 0.0749202 0 3.8 0.135284 -0.886304 0.442904
108.589 12.734 -40.5509 -0.312878 0 -0.9 -0.337894 -0.808851 0.481235
87.5055 42.566 -27.439 -0.0819733 0 -0.7 -0.805388 0.592708 -0.00689888
129.76 13.7828 -19.3775 0.083211 0 4.5 0.0798371 -0.236815 -0.968269
84.5553 10.898 -8.1195 0.550985 -0.487939 -0.8 0.475142 -0.480587 -0.737073
85.066 4.2695 -22.2125 -0.346626 -0.031091 1.71461 0.204896 -0.966372 -0.155377
109.122 17.345 -35.988 -0.237017 0 -0.8 -0.926341 -0.0286335 0.375595
97.1385 4.6875 8.85975 0.172161 0.172991 -3.5 0.170309 -0.449263 0.877016
120.791 18.2738 -6.3085 -1.29526 -0.0439414 -0.8 0.736422 0.288672 0.611843
90.2205 10.3993 -27.7385 -0.0104049 0 -0.7 -0.652971 -0.755913 -0.0471593
91.6285 13.8923 12.037 0.500098 0 -4.5 -0.0836345 -0.674352 0.733658
85.2467 37.909 -32.3963 -0.041778 0 -2.25428 -0.562478 0.351415 -0.748415
90.72 21.1645 -6.3735 0.0497496 -0.000295154 -0.02168 -0.160928 0.904277 -0.395455
101.012 45.2345 -37.953 0.195968 0 -3.9 0.803862 -0.0952452 -0.58714
132.576 13.1468 -18.6483 0.973829 0.16184 -3.5 0.0845575 -0.0555761 -0.994868
97.1143 33.0783 -18.2908 -0.880639 0.124549 -3.82804 0.591428 0.799094 -0.107992
116.02 16.1208 -45.305 0.486014 0.0524518 -3.79139 -0.581476 -0.518994 -0.626523
111.666 -1.16 -2.77275 -1.56913 -0.622861 -3.5 0.611436 -0.681655 0.40186
118.973 9.85025 -3.10775 0.00231259 0 4.5 0.586427 0.42237 0.691164
75.9847 19.2577 -25.2938 -0.0525192 0.0190968 -0.8 0.725598 0.603368 -0.330839
108.352 5.83575 6.11725 0.210143 0.706175 -3.5 0.331101 0.120046 0.935928
79.4725 14.0455 -28.2345 -1.33582 -0.175131 -3.5 -0.435068 -0.524052 -0.732179
111.896 20.1605 -4.13575 0.104158 -0.786383 -0.171854 0.553852 -0.324195 0.766907
95.5505 12.13 -15.6023 0.431303 0.329854 2.2398 0.613005 -0.3545 -0.706084
111.23 31.739 -24.2825 -0.647708 0 3.8 -0.220792 0.185365 0.957544
102.133 43.1725 -31.9708 0.11834 -0.169076 -3.5 -0.0166441 0.737825 0.674787
135.079 25.7292 -46.98 0.305601 0.0219712 -4.5 -0.0410091 0.872995 -0.486002
133.613 14.1565 -46.3055 -0.868303 -0.597454 -0.648731 0.653002 -0.659854 -0.371727
103.417 17.8905 3.624 -0.932752 0 -0.730981 0.980564 0.172365 -0.0937315
98.4395 35.5107 -26.3645 0.120512 0 -0.7 0.52466 0.849149 0.0606431
115.693 20.5993 -15.1047 -0.112761 0 4.2 0.146947 0.307993 -0.939972
103.331 33.2552 -11.579 -0.0268304 0 -0.4 0.605103 0.795536 -0.0312012
87.6025 9.65525 -9.3445 1.14232 0 -1.86722 -0.976469 -0.0263507 0.214043
116.265 2.081 -9.355 0.252638 0 -3.5 -0.0155931 -0.97927 -0.201959
113.39 35.3522 -32.3418 0.0632877 0.47692 0.699474 0.267877 0.945473 0.185262
115.418 34.5305 -31.124 -0.00799795 0 1.8 0.772158 0.631926 0.0666427
119.068 14.4295 -4.5935 -0.300225 0 4.2 0.196428 -0.109601 0.974374
78.7055 18.0985 -23.3197 -0.246777 0 -4.00141 -0.331864 0.163878 -0.928983
134.984 24.593 -48.0872 0.0588816 0 -4.5 -0.0450742 0.56138 -0.82633
89.214 24.373 0.422 1.53565 0 -3.9 -0.665859 0.560654 -0.492238
130.381 10.365 -47.335 0.0971975 0 -3.5 0.835211 -0.521601 -0.174226
93.5782 46.559 -27.658 -0.708184 -0.738705 -3.5 -0.512269 0.855764 0.0724489
87.543 16.0802 3.54675 -0.9091 -0.0505959 -3.5 -0.984825 0.000431191 0.173552
96.827 28.006 -0.52675 -1.45465 -0.778217 -3.5 0.332413 0.816325 0.47235
76.7725 16.4485 -5.92925 -0.344567 0 -0.9 -0.0476666 0.99878 -0.0128887
114.476 35.3797 -37.1615 -0.750171 -0.950183 -0.7 -0.114712 0.96097 -0.251748
97.408 21.1025 -26.2885 -0.577576 0 -0.4 0.965534 0.0803158 -0.247575
85.7738 39.8447 -31.687 0.439965 0 -0.4 -0.0776063 0.604287 -0.792978
125.365 17.6845 -14.1438 0.816826 0.130399 -0.7 0.909865 0.380331 -0.165816
116.537 21.8757 -5.65425 -0.881258 0 1.30618 0.43288 0.144177 0.889847
99.5648 32.6507 -14.0612 -0.071241 0 -2.53355 0.342601 0.824586 -0.450203
85.1075 7.3055 1.5115 -1.0578 -0.915923 -3.5 -0.90354 -0.369742 -0.216577
113.758 16.8487 -32.5207 -0.425997 0 4.2 -0.969983 -0.0861685 0.227395
88.1445 19.3305 -8.64575 1.10998 0.166318 3.8 0.399789 0.87713 -0.266105
96.537 41.628 -27.796 0.487672 0 -0.7 0.638759 0.280654 0.716394
103.827 40.339 -45.6145 2.93747 0 -3.9 0.686136 0.490931 0.536847
73.1855 16.0487 -11.0695 -0.0966801 0 4.5 -0.465114 -0.192191 0.864136
82.1752 1.958 -12.1683 0.162646 0 -2.61567 -0.457545 -0.841131 0.28836
109.217 18.716 -44.2352 0.572465 0.442979 -4.5 -0.666212 0.0461047 -0.744336
98.347 1.26 -7.793 2.72334 0.0381379 -3.9 -0.371501 -0.325769 -0.869403
108.422 22.5255 -24.5025 -0.872572 -0.664427 -1.6 -0.335288 -0.705606 -0.624261
79.5648 29.3002 -13.1947 -0.0795882 0 -3.5 -0.806913 0.0576063 -0.587854
110.765 31.521 -41.923 -0.704594 -0.417824 1.59929 0.0716977 0.374157 -0.92459
121.608 22.926 -47.0967 -0.143998 0 -0.849039 0.439463 0.594082 -0.673749
98.4952 20.2698 4.8245 -0.36762 0 -0.962418 -0.00903501 0.844023 0.536231
98.2015 19.622 5.673 -0.993779 0 -1.3 0.382019 0.443697 0.810675
121.371 20.0327 -51.6625 0.168524 0 -0.9 0.0578694 0.442434 -0.894932
116.193 16.6525 -27.6597 -0.379178 -0.382353 1.79876 -0.739411 -0.403648 0.538831
108.297 22.336 -32.0667 0.251598 0.417441 3.8 0.226208 -0.228727 0.946844
77.9875 4.3035 -11.987 -0.35034 -0.415351 2.84333 -0.80157 -0.585463 -0.121319
89.2535 32.3555 -15.027 0.0924154 -0.0112039 4.2 0.358362 0.869795 -0.339166
93.67 37.248 -17.5987 0.119064 0 -0.8 0.321016 -0.248483 0.913895
106.187 25.4897 -23.3965 -0.0592842 0.208072 -4.5 0.505905 -0.660021 0.555367
96.7715 34.7728 -21.291 -0.376288 0 -0.7 0.534727 0.566636 0.626889
78.3757 13.0933 -26.5285 -0.254392 -0.0332556 -2.95794 0.0891603 -0.288012 -0.953467
107.144 20.5888 -40.4417 0.0905354 0 -3.5 -0.464075 -0.549188 0.695001
121.718 26.264 -29.2835 0.559852 0.492668 -4.5 0.740824 0.671494 0.0165836
85.8095 6.45025 1.418 -1.0177 -0.292402 -3.5 -0.435654 -0.898121 -0.0598696
100.294 48.5525 -39.2158 0.771133 0 -3.9 -0.0568697 0.204111 -0.977295
123.478 10.1908 -9.737 -0.481449 0 -2.52012 0.634416 -0.410343 0.655084
100.584 -0.4195 -8.49025 -1.36307 -0.199213 -3.5 -0.594721 -0.294648 -0.74799
121.49 26.325 -30.361 0.236066 0 1.88768 0.632484 0.746485 -0.206699
113.531 37.7542 -41.0116 -1.89918 -0.342031 -3.5 0.330269 0.931138 -0.154609
96.886 19.9188 6.146 -0.921942 0 -1.3 0.482805 0.518893 0.705442
110.359 13.7386 0.893875 -1.18346 -0.439584 -3.5 0.640002 -0.589653 0.492652
102.643 7.2435 -18.7525 -1.65754 -0.141695 -3.5 0.0633559 -0.810273 -0.582617
101.525 5.0365 -9.9605 -0.939084 -0.488536 4.32021 -0.384423 -0.909878 -0.156015
135.029 23.617 -48.4535 0.58976 0.477044 -4.5 -0.0578115 0.0243102 -0.998031
132.6 9.76025 -37.2557 0.503929 -0.572546 -0.7 0.498043 -0.19786 0.844277
130.884 10.9578 -32.7293 0.0369395 0 -0.8 0.197526 -0.0736322 0.977529
97.1815 27.812 -43.4925 0.096375 0 4.2 -0.59705 -0.792503 -0.124381
133.792 18.3145 -43.872 -0.515874 -0.477925 -3.5 -0.194398 0.332128 0.922985
107.739 36.5757 -30.5103 -0.473538 0 -1.3 -0.207849 0.958108 0.197047
137.764 12.4185 -15.3112 -1.71405 -0.327952 -3.5 0.307579 -0.39274 0.866689
77.4005 11.225 -26.678 -1.16505 0 -0.7 -0.00786289 -0.253579 -0.967283
92.9635 6.26075 3.55425 0.874867 0 -3.9 -0.884306 -0.344052 -0.315645
115.325 9.7445 -35.033 0.82614 0 4.2 -0.116696 -0.99107 -0.0645143
93.683 21.2125 6.764 -0.158299 0 -0.8 -0.0981289 0.362743 0.926708
87.2005 21.3885 -4.42275 0.423943 0 -3.9 -0.00866502 0.278145 0.9605
111.343 15.235 -0.81725 -0.386392 0.561853 -2.55867 0.567422 0.355451 0.742756
95.8225 22.562 -2.9115 -0.0847495 -0.388866 -2.53621 -0.608636 0.463752 -0.643814
124.917 18.6615 -30.1705 0.366592 0 -4.5 -0.51321 -0.262708 0.817068
90.3055 2.93775 -11.5483 0.0369373 0 -4.5 0.787211 -0.554392 -0.270089
101.406 25.8433 0.627 -0.35363 0 -3.5 0.293988 0.792723 -0.534004
124.488 19.5912 -32.6818 2.79677 0 3.8 0.696121 0.402134 0.59473
110.891 34.9935 -37.958 -0.692141 0 -3.5 -0.347138 0.926469 -0.145431
107.743 21.9897 -11.4932 -0.0875228 0 -0.7 -0.0200949 0.933576 0.357817
134.197 7.4915 -40.7188 -0.0675604 0 -0.7 0.371019 -0.612981 -0.697567
134.7 9.54325 -18.287 -0.0369656 0 -3.5 0.590378 -0.598213 -0.541844
77.9115 26.432 -8.7335 -1.30934 -0.531878 -3.5 -0.417342 0.500842 0.758277
138.348 18.139 -18.317 -1.36489 -0.0062633 -1.6 0.886463 -0.362414 -0.287818
103.89 8.79875 9.36975 -0.100832 0 -3.5 0.667045 -0.744901 0.0131493
105.636 18.4233 -0.179 -0.838471 0 -3.5 -0.0123821 0.651075 0.758912
122.549 9.723 -9.042 0.424888 0 1.8 0.880199 -0.33722 0.333964
82.0435 33.274 -32.6903 0.445769 -0.195987 -0.8 -0.268723 -0.384441 -0.883172
120.184 17.035 -52.6895 0.0579037 0 -0.9 -0.228013 0.160629 -0.960317
86.903 19.1715 2.909 -1.22943 -0.233507 -3.5 -0.937215 0.150019 -0.314838
95.025 14.0945 11.894 0.319835 0.735874 -4.5 0.257171 -0.430543 0.865156
139.099 12.364 -17.0605 -0.651597 -0.318333 -3.5 0.951516 0.0350663 0.305594
122.385 28.3738 -40.558 -0.80982 0 4.2 0.408498 0.773678 -0.484306
101.166 31.096 -8.1215 -1.49141 -0.49539 -0.4 0.0319438 0.0684686 0.997142
112.173 13.1058 -18.6642 -1.2797 -0.496293 -0.843666 0.0928784 0.436544 -0.894876
134.379 12.1425 -37.083 0.139483 0 1.8 0.58353 -0.501026 0.639113
124.62 16.5525 -15.6205 -0.732909 -0.804297 -0.7 0.719594 0.591448 -0.363832
127.736 7.82725 -12.295 -1.61428 -0.0677324 -3.5 -0.00351653 -0.938661 0.344823
95.916 48.9772 -29.363 -1.64057 -0.830576 -3.5 0.01489 0.197781 0.980133
104.656 26.648 -29.8745 -0.0842588 0.508895 4.2 0.343551 -0.759427 0.552488
106.477 7.3865 -16.5195 0.178825 0.283808 -4.5 0.111604 -0.992526 -0.0493569
73.9185 21.547 -14.02 0.289811 0 4.5 -0.732134 0.548049 0.404502
103.396 38.3795 -28.3218 0.0234965 0 -1.3 0.422688 0.697098 0.579128
113.287 27.7132 -44.2615 -0.771807 -0.524351 -0.8 0.0119816 0.812186 -0.583275
91.8385 25.4205 -0.147 -0.640857 -0.0199625 -3.9 -0.230947 0.96676 -0.109723
106.828 19.5487 -41.0093 -0.422556 0 -3.5 -0.554823 -0.378846 0.740707
75.9275 18.5685 -26.677 0.475377 -0.0509358 -0.8 0.824362 0.186895 -0.53432
108.733 6.49575 -42.6107 0.45794 0 -3.9 -0.936677 0.00816807 -0.350099
116.373 0.4655 -5.3615 0.364321 0 -4.5 0.699648 -0.462264 0.544798
101.646 24.667 -16.1835 0.138927 0 -3.5 0.943551 0.307937 -0.122008
92.7195 42.5322 -23.5993 0.0106297 -0.0264654 -1.66591 -0.420079 0.387029 0.820818
106.327 8.3185 -18.3463 0.297671 0 -4.5 0.358108 -0.44048 -0.823247
82.2978 27.4415 -31.3205 0.199785 0 -0.7 -0.403812 0.165353 -0.899775
85.3955 4.271 -27.695 -1.54061 -0.493809 -3.5 -0.0195293 -0.568619 -0.822369
117.294 4.72675 -3.971 -0.138953 0 4.5 0.652982 -0.71633 0.24594
127.727 16.5697 -18.8665 -0.0855698 0 4.5 -0.649267 0.628358 -0.428508
133.508 7.69075 -17.623 -0.114567 0 -3.5 0.513455 -0.757607 -0.402983
76.1588 10.0068 -13.0428 -1.72577 -0.0160084 -3.5 -0.837446 0.492449 0.237019
86.3118 13.6685 1.92525 -0.148664 0 -0.7 -0.674766 -0.136527 0.725294
85.0543 38.4308 -14.3667 -0.18437 0 -3.5 0.356454 0.891759 -0.278757
123.025 6.9395 -16.1252 -1.81305 0 -3.5 0.502018 -0.849497 0.162276
97.4693 27.4912 -37.633 0.561741 0 -0.7 -0.783847 -0.0496865 0.618963
103.478 18.5163 -33.9555 -1.49869 -0.0244512 -3.5 0.181266 -0.943322 0.278003
100.438 40.261 -38.0645 -0.933012 -0.516147 -3.56656 -0.118952 0.124165 -0.985106
84.618 18.0705 -3.8045 0.319955 0.0231832 -2.44102 -0.313713 0.664847 0.67791
71.5545 16.7455 -17.1435 -0.460071 -0.499346 1.8 -0.957247 -0.281415 0.06696
138.013 10.1578 -17.9555 -0.00986436 0 -3.5 -0.167376 -0.981678 0.0910695
80.84 27.341 -17.63 -0.327275 0 -3.2 -0.965189 0.135713 0.223588
104.782 -2.37625 -7.31925 -0.22874 0 -3.5 0.175525 -0.984463 -0.00486201
105.854 27.7565 -20.9885 -0.533067 -0.32047 -3.5 -0.511986 -0.371569 0.774472
92.013 6.807 -23.3615 2.92671 0 -0.4 0.656332 -0.711341 0.251439
101.312 37.744 -27.774 -0.64957 -0.415915 -1.3 -0.0751804 0.201848 0.976527
112.564 34.5832 -27.3363 -0.0512561 -0.00321696 3.8 -0.0291856 0.934477 -0.354826
126.45 6.0475 -51.4403 0.309588 0 -4.5 0.275638 -0.218887 -0.936009
137.46 16.9678 -18.0185 -1.07993 -0.141674 -2.10869 0.84399 -0.523749 0.11562
117.219 5.27925 -17.337 -0.758332 -0.696988 -3.5 -0.313369 -0.191504 -0.930122
100.676 -0.99 -7.295 -1.24418 -0.293221 -3.5 -0.518145 -0.853758 -0.0512103
86.2345 6.7615 -10.1698 0.181122 0 -4.3492 -0.459691 0.480583 0.746809
83.7594 14.0869 -0.403125 -1.1647 -0.271474 -3.5 -0.457651 0.147263 0.876852
128.046 14.4715 -19.9867 -0.0660562 0 4.5 -0.279867 -0.255199 -0.925499
91.464 25.3895 1.0445 1.01585 0 -3.9 -0.0251653 0.998361 -0.0513959
76.2122 16.2295 -6.92925 -0.397802 0 -0.9 -0.198231 0.972058 -0.12573
102.049 30.6343 -8.387 -1.35257 -0.0267341 -0.4 0.514643 -0.342127 0.786188
106.56 31.545 -25.6768 -0.540545 0 -1.3 -0.234449 -0.068275 0.969728
85.9498 29.9925 -32.071 -0.0729302 0 1.9 -0.359997 -0.177103 -0.915989
95.6085 3.14825 -2.981 0.559659 0.37188 -1.3 0.214984 -0.969445 0.118145
77.749 27.0082 -27.461 0.240856 0 -4.5 0.286257 -0.864538 -0.413075
129.762 8.017 -15.9725 -0.0739536 0 -3.5 -0.445194 -0.852594 -0.273652
109.595 16.9475 -18.6805 0.0534054 0 -1.3 0.735635 0.475829 -0.482108
80.1125 30.6597 -19.5505 -0.497265 -0.826603 -1.50604 -0.764342 0.460638 0.451214
125.834 5.8685 -47.719 0.0368607 0 -4.5 -0.551067 -0.435825 0.711605
104.863 20.216 -16.7625 0.0971447 0 -3.5 0.106333 0.986293 -0.126172
72.8447 14.9432 -21.5572 -0.71023 0 -0.414477 -0.877786 -0.412872 0.242959
114.543 24.03 -20.981 0.0422885 0 -1.6 0.725352 0.168388 0.667465
88.159 33.789 -33.1085 0.033304 0 -3.4841 -0.50216 -0.509695 -0.698603
75.5403 19.4492 -26.3193 0.369838 -0.405714 -0.8 0.479893 0.79254 -0.376275
121.223 23.48 -25.9905 -0.151831 0 -4.5 0.574606 -0.0886173 0.813619
116.008 22.2585 -13.822 -0.122058 0 4.2 0.124305 0.950735 -0.28399
83.5485 26.2745 -8.436 0.238961 0.123859 -3.7168 -0.414585 0.373942 0.82963
138.831 13.703 -16.7447 -1.42227 0 -3.5 0.793526 0.588165 0.156136
82.413 32.0065 -17.2635 -0.968594 -0.166462 -1.54227 -0.810854 0.51086 0.285548
83.513 25.3025 -7.8985 1.53162 0.498607 -3.9 -0.704978 0.418852 0.572336
133.281 10.3235 -41.4615 -0.235622 0 -0.7 0.715048 -0.199435 -0.670024
133.239 17.5408 -20.413 -0.0347409 0 -1.6 -0.488572 -0.197841 -0.849798
108.774 14.802 -36.5283 -1.85216 -0.311013 -3.5 -0.929805 0.29965 0.213712
124.524 29.4789 -39.3449 -0.427168 0 2.8 0.391003 0.205832 -0.897079
128.093 6.584 -49.728 -0.0700224 0 -4.5 0.841102 0.0566284 -0.537903
98.9372 14.7105 11.7945 -0.965404 -0.268083 0.380313 -0.0621509 0.713205 0.698194
132.617 10.868 -34.562 0.138816 0 -0.8 0.905835 -0.191381 0.377938
76.9867 25.5795 -18.6278 -0.397016 0 1.71675 -0.427328 0.900058 0.0853571
102.049 32.7195 -44.5327 -0.342004 -0.728082 -3.72182 0.0710919 -0.141724 -0.98735
82.31 37.271 -15.8245 -1.17282 -0.142013 -3.5 -0.846732 0.283579 -0.450142
97.2213 27.9487 -9.30775 -1.09134 -0.0849585 1.9 -0.531195 -0.014872 0.847119
97.1085 27.125 0.8885 -0.461982 0 -3.5 0.143748 0.920863 0.36242
102.279 18.7693 -24.1455 -0.413787 -0.492655 -2.09525 -0.626473 -0.148847 -0.765099
104.079 1.77725 4.2025 -0.548824 0 -3.5 0.0332066 -0.604969 0.795556
75.7968 22.3372 -21.1405 0.683588 0.0114883 -0.918792 -0.916903 0.149113 0.370209
91.618 2.0775 -5.1115 -0.166818 0 -1.3 -0.844541 -0.53119 -0.0677262
117.831 33.9205 -24.5643 -0.0845403 0 3.8 0.630126 0.705278 0.324844
108.025 7.55075 -0.4505 -0.254101 0 3.32056 0.802772 -0.557939 0.210384
127.202 9.13175 -51.7845 0.193645 0 -4.5 0.618506 -0.273302 -0.73672
127.661 20.0425 -46.4895 -0.76715 0 -0.9 0.131927 0.796439 -0.590153
112.791 24.9 -10.6357 -0.327976 -0.142257 -2.44735 -0.345231 0.927635 -0.14251
108.083 26.9867 -44.6005 -0.307199 -0.13069 4.44532 -0.198027 0.382781 -0.902366
78.4705 31.78 -11.2612 -1.00199 -0.61987 -3.5 -0.827839 0.555771 -0.0761672
99.8053 9.73175 12.5575 0.014584 0 1.8 0.699694 -0.395334 0.595096
105.847 30.2725 -21.7835 -0.10314 0 -3.5 -0.0589043 0.946525 0.317209
107.711 29.5105 -21.6623 -0.180676 0 -3.5 0.50153 0.819531 0.277194
94.771 25.8835 1.907 -0.0320931 0 -3.5 -0.270843 0.719257 0.639776
89.8432 23.7197 -2.08225 0.66218 0.231761 -3.5 -0.466209 0.88461 -0.010713
125.802 11.4082 -10.7712 -0.712084 -0.355613 -2.5356 0.607832 -0.217381 0.763732
105.163 4.79425 4.71875 -1.41674 -0.194783 -3.5 -0.454037 0.378533 0.806575
101.89 36.863 -27.882 -0.228713 0 -1.3 -0.192174 -0.148988 0.969985
94.5165 30.4832 -40.941 -0.894806 -0.798521 3.8 -0.691038 -0.610919 -0.386321
110.46 10.27 -19.2415 -0.214181 0 -1.3 -0.0286312 -0.771168 -0.635988
78.8337 4.634 -15.348 -0.200178 0 1.8 -0.717441 -0.460687 -0.522537
93.9417 43.978 -23.0975 -1.86547 -0.0724961 -3.5 0.320883 -0.0755516 0.944101
105.811 21.015 -32.1413 -0.346161 0 -3.5 0.247912 -0.570636 0.782888
93.419 46.764 -24.8745 -1.53766 -0.515333 -3.5 -0.448129 0.765607 0.461547
122.903 12.6473 -34.526 0.225919 0 4.2 -0.376215 -0.892899 0.247374
82.5013 11.824 -0.72775 -0.196564 0 -3.5 -0.67532 -0.232034 0.700074
87.555 18.021 4.95625 -1.31738 -0.372973 -3.5 -0.762758 0.0653034 0.643378
102.975 23.4578 -25.2965 -0.623992 0 -4.5 -0.633499 -0.766127 -0.108301
86.5015 6.1635 -9.2655 0.604172 0 -4.5 -0.482285 0.709778 0.513436
79.4685 6.5065 -8.4175 0.184947 0 3.8 0.153229 -0.724855 0.671644
82.2905 21.6345 -7.323 -0.531992 0 -1.3 0.152812 -0.453748 0.87793
124.198 27.512 -33.6717 0.00238373 0 4.2 0.175313 0.96558 0.192148
78.6148 27.8118 -19.8295 0.787999 0 4.2 -0.525285 0.223922 0.820935
86.6452 34.9863 -23.5125 -0.191462 -0.21104 -3.5 -0.543009 0.649392 0.532384
106.561 21.7008 -15.4255 -0.0273791 0 -0.7 -0.149044 0.740989 -0.654768
104.407 41.6842 -40.6485 0.117967 0 2.8 -0.325201 0.41117 -0.851577
132.135 21.834 -43.7375 0.362121 0 -4.5 -0.0331647 0.0743039 0.996684
127.867 15.6255 -50.7265 -0.168579 -0.356534 -1.6 -0.073191 0.788685 -0.610425
134.756 18.8107 -43.3112 -1.3007 -0.688571 -3.5 -0.446793 0.31053 0.839016
128.211 19.4015 -47.037 -0.392161 0 -2.72485 -0.0982288 0.69954 -0.70781
127.013 15.911 -18.474 -0.135876 0 4.5 -0.6223 0.677701 -0.391744
86.7503 32.0252 -9.065 -0.890021 -0.153548 -3.5 -0.493313 0.618578 0.611559
105.496 7.52325 4.3585 -0.105343 0 -3.5 -0.170034 0.325207 0.93023
136.215 11.9447 -19.835 0.115555 0.126105 -3.5 -0.296271 -0.428263 -0.853706
76.0902 27.7157 -28.383 0.687202 0.188608 -4.5 -0.453175 -0.474097 -0.754894
133.143 9.619 -13.4525 -1.49482 -0.0628019 -3.5 0.378399 0.267385 0.886182
136.85 19.5322 -47.3325 -1.29377 -0.066483 -3.5 0.563649 -0.26264 -0.783147
86.0127 21.4755 -4.62275 0.414072 0 -3.9 -0.391612 0.018738 0.919939
114.942 34.165 -39.29 -0.432434 0 -3.5 0.992382 0.121999 -0.017159
104.32 9.7375 8.01875 0.337816 0.478228 -3.5 0.88512 -0.406911 -0.225801
102.198 3.12275 5.839 -0.184082 0 -0.4 0.462019 -0.102148 0.880968
86.205 28.077 -31.758 0.362849 0 1.9 -0.510384 -0.249514 -0.822953
99.797 29.5438 -8.45225 -0.21698 0 1.9 0.221618 -0.204581 0.953432
108.051 20.3622 -17.8358 0.11352 0 -0.77348 0.492244 0.656392 0.571703
101.873 23.5035 -3.521 0.348467 0.885661 1.4714 -0.0353149 0.919529 0.391432
98.9877 32.401 -22.5653 -0.301929 0 -0.7 0.931569 -0.174016 0.319214
108.326 21.125 0.602 -0.321375 0 -3.5 -0.292073 0.0890626 0.95224
125.905 12.6263 -13.5835 -0.81296 -0.500017 -2.55479 -0.0166882 0.726362 0.687109
124.129 8.086 -50.529 0.541558 0.516766 -4.5 -0.886901 -0.181191 -0.424944
118.099 21.4015 -12.6237 -0.126198 0 4.2 0.521826 0.778781 -0.348134
94.35 32.966 -38.067 0.709624 0 3.8 -0.787024 0.197514 0.58445
114.847 15.7465 -44.955 0.595691 0.217556 -3.31703 0.067207 -0.212924 -0.974755
114.244 20.1845 -27.3188 -0.548387 -0.00925015 -0.7 -0.601485 -0.701338 0.382546
90.686 24.02 -1.242 0.223435 0.766221 -3.5 -0.512331 0.848184 -0.134541
98.5713 26.0325 -9.836 -0.461936 -0.339546 0.429801 -0.357008 -0.494792 0.792292
89.2128 17.6278 -3.01625 1.56618 -0.234901 -3.9 -0.802147 0.376059 0.463832
117.761 34.0947 -34.3165 -0.097786 0 -0.7 0.809528 0.568431 0.146803
99.1105 17.0685 8.01 -0.449203 -0.0550872 -1.90667 0.123713 0.949571 0.288116
114.786 34.6045 -28.788 0.013897 0 2.73585 0.160052 0.964201 -0.211424
96.961 18.8477 -26.7153 -0.24644 0 -1.00132 0.956726 0.162563 -0.241348
103.601 41.0698 -40.0418 0.0870238 0 2.8 -0.80214 0.117786 -0.585404
110.075 0.30425 -0.46825 -1.87954 -0.13501 -3.5 0.419368 0.202027 0.885051
82.642 33.079 -23.7428 0.325519 0 3.8 -0.577174 0.348879 0.738345
100.985 32.5973 -15.6648 0.0790611 0 -2.55059 -0.428299 0.903521 -0.0144932
96.6565 33.6875 -9.97275 0.443319 0 1.9 -0.376145 0.400398 0.835581
110.864 16.692 -17.9325 -0.589932 -0.192137 -0.962206 0.343189 0.726218 -0.595675
119.698 15.2905 -26.9775 -0.106125 -0.135551 -0.8 0.230613 -0.887168 0.399687
109.571 36.988 -31.4303 4.55584 0 -1.3 0.130447 0.965169 -0.226785
77.1435 28.5683 -20.8665 -1.07446 -0.364156 -3.5 -0.869692 -0.0557167 0.49044
118.495 31.6665 -35.625 -0.169877 0 3.8 0.137582 0.656979 -0.741249
111.038 21.6815 -31.9972 -0.188626 0.250924 2.15985 -0.62255 -0.0540718 0.78071
117.98 2.639 -13.742 -2.21146 -0.787724 -3.5 0.0670801 -0.480761 -0.874282
91.627 2.185 -3.739 -0.135885 0 -1.3 -0.91295 -0.389678 0.121135
122.939 6.8615 -17.1187 -1.69732 -0.0678184 -3.5 0.33793 -0.859638 -0.383178
102.288 47.845 -37.9482 0.590175 0 -3.9 0.89251 -0.12566 -0.43317
122.709 26.6215 -41.9338 -1.62101 -0.186241 4.2 0.193234 0.20169 -0.960199
99.8002 9.97775 -19.2698 -0.0647547 0 -3.5 -0.605371 -0.169391 -0.77771
136.828 18.995 -20.036 -1.1278 0 -1.6 0.29444 0.332403 -0.895999
128.47 6.736 -46.4448 0.704404 0.890911 -4.43755 0.265042 -0.714776 0.647185
114.56 35.0195 -32.8065 0.0420525 0 0.55 0.391883 0.894342 0.215824
118.386 21.2087 -7.4735 -0.0164676 0.0347259 -0.8 0.39691 0.703427 0.589622
97.2042 17.5352 7.8775 -0.0400354 0 -3.5 0.50675 0.624372 0.594444
108.755 8.12275 0.03375 -0.255731 0 3.8 0.175079 -0.890336 0.420297
130.807 10.3897 -18.1635 0.200789 0.00714778 -3.5 -0.347932 -0.245081 -0.904919
84.664 32.9755 -12.204 0.781416 0 -1.6 -0.00224899 0.846751 0.531985
89.0595 19.9585 -10.571 0.976628 0 -1.3 0.168379 0.487478 0.856746
133.524 13.124 -45.269 -0.78964 -0.577097 -3.5 0.741386 -0.562847 -0.365445
83.0335 38.0312 -13.3763 -6.72718e-05 0.174052 -3.5 -0.790697 0.565875 0.233632
116.607 16.204 -48.278 0.639668 0.0611149 -3.2 -0.682643 -0.371054 -0.629538
87.5533 15.992 -3.43075 1.21002 0.939114 -0.7 0.0406998 0.866114 0.498188
118.647 6.65325 -5.80025 -0.17658 0 4.5 0.621763 -0.771215 0.136521
89.4737 10.832 -25.9007 -0.136161 -0.0496074 -0.538299 -0.60698 -0.451409 -0.654069
80.2172 22.3955 -7.102 0.186818 -0.0882493 -1.3 -0.303585 -0.0429794 0.951834
95.6005 44.9295 -35.9528 -0.674179 -0.281876 0.678259 -0.759682 0.532919 -0.372667
92.4095 11.8275 6.341 0.252985 -0.00998224 -4.31062 0.19282 -0.170719 0.966269
101.287 40.176 -47.7827 1.926 0.72657 -3.9 -0.454885 0.592181 -0.665132
104.811 29.9552 -11.5778 -1.18798 -0.271761 -1.6 0.7796 -0.151773 0.607609
117.204 18.2265 -48.8898 -0.56755 0 -3.2 -0.321921 -0.0189829 -0.946576
126.019 21.9325 -42.9145 0.0133885 0 -0.9 0.0594356 0.9405 0.334554
81.2982 15.73 -28.8855 -1.37322 0 -3.5 -0.0982945 0.399389 -0.911497
76.2045 14.1585 -10.5305 -0.171042 0 1.65 -0.550908 -0.665518 -0.503574
98.2073 22.9858 -37.3167 0.361011 0 -1.3 -0.772308 -0.287257 -0.56659
123.455 10.824 -8.9605 -0.272947 0 -1.6 0.63243 -0.711211 0.306939
96.6042 27.096 -38.5793 0.242585 0 -0.7 -0.9327 -0.140275 0.332255
98.9047 28.985 -21.2393 0.0198507 0 2.27859 0.971181 0.233411 0.0482425
77.2575 34.3112 -24.2362 0.0789322 0 3.8 -0.892199 0.316452 0.32224
115.84 12.531 -3.504 -0.110527 -0.176403 1.83849 0.41322 0.504174 0.758325
138.373 15.951 -44.22 -1.38649 -0.22626 -3.5 0.770189 -0.637483 -0.0205825
120.452 2.276 -11.318 -1.48576 -0.0464694 -3.5 0.767201 -0.640915 0.0250877
114.173 18.565 -29.1449 0.116402 0.294946 -0.7 -0.480848 -0.684889 0.54746
92.9675 22.124 -3.682 0.219706 0 -3.5 0.290611 0.933939 -0.208092
122.724 10.7773 -5.865 -0.172969 0 1.8 0.690047 -0.0455021 0.722333
122.123 29.167 -39.6193 -0.382578 0 3.15492 0.455966 0.439298 -0.774023
95.0182 4.70425 6.798 0.652511 0.0166466 -3.5 -0.811711 -0.566365 0.142674
117.824 15.1055 -27.698 -1.20149 -0.157282 4.2 -0.059569 -0.694106 0.717404
103.725 13.508 10.0782 0.333914 0.096377 -0.8 0.936866 0.316907 -0.147825
107.702 -2.1265 -5.3635 -1.26193 -0.000298218 -3.5 0.486056 -0.873643 -0.0223131
114.671 12.6388 -19.824 -0.141903 0 -0.8 0.167331 0.55492 -0.814901
119.963 9.8965 -3.9075 0.689152 0 4.5 0.600086 0.1755 0.780446
93.1275 41.3715 -22.9295 0.361077 0 -1.6 -0.269998 0.517428 0.812016
92.6245 44.8215 -23.9775 -1.301 -0.00779086 -3.5 -0.853309 0.252466 0.456208
104.338 20.7285 -40.0605 -0.903329 -0.0064142 -3.5 0.231327 -0.970632 -0.0660345
120.769 14.0007 -48.3947 0.363073 -0.0232649 -3.017 -0.630419 -0.619113 -0.468263
74.796 18.9757 -10.4878 -0.0391142 0 4.5 -0.141489 0.05147 0.988601
115.077 19.4123 -15.4038 -0.144169 0 4.2 -0.0476235 0.146714 -0.988032
104.684 10.0755 4.15125 0.048287 0 -1.3 0.2112 -0.585649 0.782566
125.945 17.055 -49.6285 -0.31576 -0.109653 -1.0295 0.545235 0.372599 -0.750925
107.772 32.6802 -41.578 0.0999511 0 -1.6 0.515215 0.132877 -0.846698
123.613 26.0565 -31.137 0.11597 0 4.2 0.399317 0.811692 0.426264
97.85 33.6292 -45.4535 0.24773 0 4.2 -0.602468 0.522375 -0.603453
131.363 18.28 -39.8317 -0.245064 0 -0.9 0.656448 0.364499 0.660467
110.763 -1.64925 -3.39125 -1.48614 -0.0104552 -3.5 0.244977 -0.964941 -0.0942062
100.489 26.9102 -16.9382 0.0930782 0 -3.5 0.838077 0.0774489 -0.540027
85.6598 4.165 -23.887 -1.43522 -0.0786638 -3.5 0.305359 -0.945543 -0.112714
89.578 17.7765 -30.5455 -0.514253 0 -0.7 -0.702041 -0.693801 0.160559
94.5665 4.328 4.295 0.79959 0.0483709 -2.15487 -0.735087 -0.354952 0.57763
117.723 24.0938 -48.3485 -1.12985 0 -3.5 -0.500489 0.852756 -0.149396
134.111 12.4298 -42.3228 -0.923735 0 -3.5 0.401428 -0.801592 -0.443064
82.6517 39.9055 -25.7022 -0.866134 -0.397047 -0.8 -0.529459 0.82902 0.179997
109.679 34.856 -27.709 -0.413775 0 -1.3 0.133037 0.869151 0.476317
101.012 15.9125 -22.247 0.420698 0 -0.838872 0.0164689 -0.788373 -0.614978
111.635 25.4363 -45.3138 0.912916 0.609027 -0.8 -0.152645 0.178096 -0.972101
92.392 43.0622 -24.49 -0.146042 -0.169318 -2.4877 -0.764086 0.41115 0.49712
95.056 23.2425 -10.023 0.0679694 0 3.33863 -0.406569 0.28162 0.869133
107.117 14.2625 -42.4917 0.116533 0 -0.9 -0.780638 0.119957 -0.613364
93.8842 31.11 -39.63 -0.137061 -0.0993228 3.8 -0.832696 -0.550363 0.0609758
110.877 10.311 -45.3278 -1.12408 -0.46227 -0.4 -0.688125 -0.302749 -0.659414
95.983 44.913 -37.13 -0.88313 -0.175043 3.8 -0.599358 0.653393 -0.462437
117.863 3.97075 -15.9368 -0.479133 0 -3.5 -0.0942129 -0.973181 -0.209862
110.336 37.1818 -36.4738 -0.369923 0 -0.4 0.00163208 0.688837 -0.724915
109.08 22.352 -13.1538 0.12593 0 -2.09597 -0.550496 0.828232 0.104814
121.638 16.9463 -30.6933 -0.359654 0.0472946 -1.88679 0.404838 0.0325333 0.91381
79.2588 16.0042 -5.356 -0.094965 0 -0.9 -0.0703168 0.870651 0.486849
100.572 7.131 7.24025 -0.18754 -0.269025 -1.37891 0.438423 -0.573418 0.692082
93.1513 17.298 9.6385 -0.605785 -0.49118 -3.80701 -0.154056 0.983495 0.0948936
81.4372 7.94 -5.67225 0.694478 0.145269 -0.8 -0.101872 -0.878325 0.467084
103.324 31.9306 -18.2076 0.0817168 0 -1.6 0.122792 0.265556 -0.956244
136.71 12.2015 -15.254 -1.38058 -0.0378465 -3.5 0.286061 -0.144782 0.94721
131.106 23.4685 -44.9915 0.252946 0.23144 -4.5 -0.781631 0.590589 0.200642
78.5048 7.5995 -6.33375 0.0247724 0 3.8 -0.0356742 -0.729016 0.683566
88.1505 18.9053 5.18325 -1.41379 -0.0232864 -3.5 -0.405341 0.294848 0.865311
89.6953 37.7982 -35.0868 0.356449 0 -3.5 0.144356 0.614569 -0.775542
109.439 5.5115 -42.9697 0.548344 0 -3.9 -0.561142 -0.573977 -0.596381
122.614 21.6082 -49.6915 0.0258544 0 -0.9 0.0524605 0.963477 -0.262602
113.341 12.7793 -19.1635 -0.169209 -0.230019 -0.8 -0.211635 0.631982 -0.745526
134.472 25.6905 -45.628 0.247741 0.104081 -4.5 -0.0336305 0.990999 -0.129578
100.291 50.5872 -37.8315 2.60634 0 -3.9 -0.224446 0.714439 -0.662722
106.512 22.3565 -24.1998 -0.267952 0 -0.4 0.304311 -0.149505 -0.940767
116.13 23.321 -5.6165 -1.5982 0 -1.6 0.342273 0.373707 0.862086
99.1383 17.6373 -30.4237 0.210129 0.00378405 -3.9 0.0465121 -0.820832 0.569273
132.553 13.1532 -14.666 -1.08157 -0.7173 3.69997 0.406022 0.322271 0.855154
119.106 6.809 -17.055 -0.950647 0 -3.5 0.309424 -0.0211446 -0.950689
105.818 2.78475 -9.80825 -0.761261 -0.70919 -3.5 -0.519989 0.19742 -0.831046
101.131 25.1688 -9.0495 -0.245135 0 1.8 0.422868 0.860007 -0.285607
108.793 28.0785 -44.379 0.088297 0 4.2 0.00793268 0.231657 -0.972765
127.797 9.8805 -38.255 0.877857 0 2.8 0.0676809 -0.816027 0.574037
98.4313 34.9502 -11.3617 -0.0667965 0 1.9 0.597373 0.726409 0.339815
108.567 13.4645 -36.1982 -1.54029 -0.589775 -3.5 -0.954974 -0.146705 0.257881
112.897 9.1065 0.79775 -0.270167 0 3.8 0.292813 0.123656 0.94814
96.2195 2.9485 4.7705 0.521457 0 -3.27076 -0.393386 -0.6945 0.602426
107.033 27.4195 -28.9813 -0.12663 0 -1.6 -0.258132 -0.928548 0.266769
76.0245 7.52575 -10.6187 -0.157454 0 3.8 -0.843678 -0.345619 -0.410798
96.851 2.14775 -5.155 1.35179 0 -3.9 -0.617739 -0.636522 0.461777
102.438 5.784 -12.0825 -0.95431 -0.641392 4.5 0.147126 -0.811667 -0.565287
111.962 18.4215 -13.4043 -0.754093 0 3.91506 0.0668875 0.544755 -0.835924
129.144 10.458 -13.532 -0.806728 0 -3.5 0.690915 0.416983 0.59056
102.196 29.3295 -17.8645 0.0522293 0 -1.6 0.0434743 -0.843685 -0.535075
106.58 42.0625 -35.7275 0.114961 0 2.8 0.736486 0.4916 0.46467
107.785 26.9967 -20.0595 -1.12401 -0.084739 -3.5 0.0151561 -0.422292 0.906333
77.012 12.724 -10.0005 0.0199957 0 -0.9 -0.388598 -0.189331 -0.901746
110.427 28.215 -44.5127 0.0862812 0 4.2 0.0244393 0.0778824 -0.996663
112.287 9.688 -16.1835 -0.856287 -0.365095 -3.19559 -0.725451 -0.630288 -0.276511
114.143 9.215 0.3785 -0.248543 0 3.8 0.569203 0.25521 0.781585
112.129 -1.9945 -8.4845 0.116916 0.608774 -4.5 -0.0749155 -0.927127 -0.367183
92.839 27.069 -8.19 -1.2097 -0.967334 -3.5 0.671403 -0.502508 0.544705
134.229 8.5655 -41.1942 -0.138508 0 -0.7 0.446134 -0.012454 -0.89488
90.9595 43.524 -29.644 -0.218027 -0.177313 -1.23195 -0.587817 0.804195 -0.0879852
110.104 37.051 -30.529 0.126669 0 -1.3 0.417384 0.898606 0.135267
89.4577 18.2845 -33.227 0.455783 0 -0.7 -0.403276 -0.420854 -0.812558
99.026 19.9945 -34.7725 0.265931 0 -3.73397 -0.368931 -0.164476 -0.914788
120.814 3.655 -10.9563 -1.84481 -0.423125 -3.5 0.91974 -0.245294 0.306447
86.7067 12.792 2.24875 -0.29296 0 -0.477856 -0.885583 0.108826 0.451553
87.079 3.2445 -6.1405 -1.25886 -0.709751 -0.4 0.0548909 -0.403361 0.913393
108.858 18.031 3.147 0.277121 0.316747 -3.5 0.0717221 0.976091 0.205186
131.337 15.155 -38.0807 -0.0500107 0 1.8 -0.131309 0.832544 0.538172
89.2665 38.7192 -34.4165 0.338885 0 -3.76809 -0.384531 0.369737 -0.845831
108.817 19.9895 -22.156 -0.788847 0 -0.8 0.627898 -0.542372 -0.558191
119.178 9.21925 -30.0952 0.111744 -0.0273543 -0.8 0.233879 -0.697616 0.677224
78.395 12.3875 -12.4675 -0.870674 -0.124497 4.2 -0.718868 -0.56073 0.410866
136.257 20.5065 -48.1975 -1.11096 -0.209458 -3.5 0.266435 -0.187942 -0.945352
110.22 17.3535 2.1935 -0.370533 0 -3.5 0.726833 0.686498 0.0208201
110.469 9.19725 -33.6787 0.161806 0 -3.2 -0.46282 -0.88645 0.00209836
111.788 24.356 -45.4927 0.111362 0.0167369 -0.8 -0.357311 0.130677 -0.924799
77.738 34.6517 -26.827 0.0821809 0 3.8 -0.725397 0.657079 -0.205052
136.639 15.4937 -46.1102 -1.3341 -0.622424 1.8 0.68935 -0.722827 -0.0481351
94.1488 13.5915 5.7815 0.121692 -0.459846 -2.25614 -0.0981267 -0.606302 0.789157
99.5157 21.2173 -8.9805 -0.0814988 -0.476669 0.0183377 -0.270761 0.603834 -0.749715
117.338 32.3433 -26.9075 -0.0709289 0 3.8 0.777086 -0.0938553 -0.622357
101.566 0.69225 -8.806 -2.05283 0 -3.5 -0.29571 0.378916 -0.876914
84.689 6.64 -10.084 0.356301 0 -0.41674 0.35026 0.746696 0.565477
110.798 32.543 -24.871 -0.423383 -0.851097 -1.40068 -0.296799 0.385033 0.873876
86.942 4.4395 -6.19175 -1.07566 -0.129911 -0.4 -0.262147 0.420175 0.868753
113.521 37.1842 -39.7562 -1.29969 0 -3.5 0.465678 0.589237 0.66026
106.751 -2.42175 -5.57275 -1.71507 -0.390456 -3.5 0.173304 -0.952584 -0.250098
77.1127 11.8035 -15.7695 -0.325077 0 -2.74373 -0.868203 -0.219972 -0.444788
125.749 13.4885 -9.5005 -0.235719 0 -1.6 0.99905 0.0161262 -0.0404916
101.063 21.0802 -20.3315 -0.523736 0 -2.50454 0.39633 0.817753 -0.417376
119.244 23.8575 -49.814 -1.59953 -0.103976 -3.5 0.56944 0.628355 -0.530008
123.992 7.95175 -16.088 -1.64776 0 -3.5 0.724908 -0.688664 0.0158179
90.145 19.963 5.703 0.115078 0 -3.5 -0.458482 0.759412 0.461613
103.744 9.29625 6.743 0.0155523 0 -3.5 0.854143 -0.505752 -0.121057
101.675 0.07275 -2.5575 0.0512271 0 -3.9 -0.280098 -0.93428 0.220605
96.4228 27.5998 -2.55775 -2.00023 -0.758859 -3.5 -0.00979187 0.60982 -0.792479
108.628 -1.2225 -8.26675 -0.262868 -0.823667 -0.4 0.371836 -0.905254 0.205555
97.3415 19.013 -34.2293 1.25686 0 -3.9 -0.647444 -0.0175459 -0.761911
75.4143 21.9408 -23.8445 0.249833 0 -0.8 -0.789564 -0.125277 -0.600744
104.086 0.861 -9.4135 -1.2924 -0.0230957 -3.5 -0.48587 0.168827 -0.857571
121.771 15.3818 -52.4967 -0.323414 0 -0.9 0.251824 -0.135201 -0.958283
111.544 21.39 -30.6682 -0.0383541 0.833513 -0.7 -0.983046 -0.118916 0.139572
98.0975 23.094 -5.936 -0.737108 -0.165091 2.8 -0.173435 0.91165 -0.372578
86.3655 22.7215 -4.5335 0.449867 0 -3.9 0.047203 0.382287 0.922837
93.8595 48.251 -29.7975 -1.59614 -0.388502 -3.5 -0.487096 0.71246 0.505111
97.377 36.3835 -22.3685 -0.224384 0 -0.7 0.688744 0.438114 0.577656
101.513 12.8042 -19.2437 -0.104349 0 -3.5 0.311081 0.0736131 -0.947528
92.801 11.5433 -23.8765 0.120676 -0.478286 4.2 0.886625 -0.442947 -0.13302
108.484 21.7712 -10.4315 -0.111784 0 -3.5 -0.482437 0.8758 0.0151472
109.472 7.3955 -40.1717 0.359542 0 -3.9 -0.674328 0.393158 0.625067
92.803 46.555 -25.7235 -1.03535 -0.00435988 -3.5 -0.774367 0.631814 0.0341411
91.653 20.768 -8.723 0.115526 -0 3.8 -0.233765 0.96861 -0.0845552
95.4565 15.5715 -27.944 0.294681 0 -1.6 0.0843208 -0.297051 -0.951131
79.0338 5.0685 -21.3545 -1.54821 -0.0674855 -3.5 -0.952074 0.047269 0.302193
117.963 6.76575 -1.59625 -0.189449 0 4.5 0.340782 -0.297531 0.89182
96.0677 32.0545 -44.209 0.0477729 0 4.2 -0.959438 0.279531 -0.0366174
130.117 20.19 -47.811 0.196227 0 -4.5 -0.560438 0.440731 -0.701189
119.564 1.8755 -10.994 -0.887125 -0.00742621 -3.5 0.369437 -0.918206 0.142876
103.265 7.794 -15.5985 -0.451537 0 3.89593 0.0661866 -0.983547 -0.168093
113.845 19.766 -28.3195 -0.27205 0.0378318 -0.7 -0.520344 -0.669121 0.530584
113.724 27.1085 -8.01 0.312251 0 -1.6 -0.0264311 0.999587 0.0112902
111.103 23.554 -0.10575 -0.356853 0 -0.8 0.24155 0.336004 0.91036
122.291 12.3772 -50.595 -0.84044 -0.470992 -3.9705 -0.576132 -0.430382 -0.694869
121.459 16.4498 -52.6077 -0.326395 0 -0.9 0.27816 0.0476092 -0.959354
99.4402 29.0273 -25.9147 -0.400625 0 -4.5 0.345895 0.708875 0.614698
96.7015 22.9065 -5.973 -1.02794 -0.251607 2.8 -0.167649 0.94229 -0.289797
92.843 6.49375 1.50325 -0.337554 -0.0239088 -1.41137 -0.859398 -0.0186428 0.510967
96.5965 36.3065 -36.4325 0.295938 0 4.1795 -0.741217 -0.36141 0.565667
100.178 23.7665 -7.924 -0.351723 -0.360664 -0.149805 -0.848548 0.416906 -0.325816
85.7035 11.107 3.6965 0.260762 0.504482 -3.5 -0.59164 0.727073 0.34832
116.096 24.0735 -6.358 -1.05142 0 -1.6 0.487896 0.433708 0.757532
98.2485 34.609 -45.4975 0.279824 0 -3.9 -0.917932 -0.127552 -0.375674
104.214 33.676 -43.2055 -0.568934 -0.020633 -1.65575 0.169614 0.580238 -0.79659
100.428 -0.377 -4.0075 0.0237372 0 -3.9 -0.23686 -0.903704 0.356674
118.092 25.0415 -45.9067 0.284629 0.0677206 -3.5 -0.0977552 0.86486 -0.492404
97.57 28.9045 -9.13 -0.487598 -0.416709 1.9 -0.355143 -0.0974054 0.929724
86.3958 3.6875 -13.9235 0.706767 0 -4.5 0.0185155 -0.0838796 -0.996304
105.347 14.4865 -20.157 0.341196 0 -1.3 -0.958172 -0.263172 0.112456
92.9665 12.055 -22.541 0.25738 0 4.2 0.932386 -0.349059 -0.0938862
88.3187 3.191 -6.85375 -1.09758 -0.00858042 -0.547766 0.368798 -0.659279 0.65524
107.661 19.1798 -40.58 -0.0718016 0 -3.5 -0.679301 -0.267342 0.683431
125.88 8.851 -43.5083 0.428277 0.0242539 -0.463142 0.0269877 -0.956358 -0.29095
118.385 15.1702 -48.2567 0.288206 0 -3.2 -0.402392 -0.5517 -0.730553
94.5825 5.3965 5.9275 0.95924 0.705519 -3.51355 -0.705345 -0.67696 0.210271
99.5405 -0.533 -4.6065 0.149674 0 -3.9 -0.231321 -0.940632 0.248399
75.2345 15.769 -7.456 -0.380296 0 -0.9 -0.52008 0.833858 -0.184925
75.1488 28.3722 -26.7805 0.620685 0.12837 -4.5 -0.9431 0.294998 0.153426
99.9455 46.4997 -34.527 0.144921 0 -3.9 0.311953 0.200601 0.928679
119.563 29.095 -32.1353 -0.171138 0 3.8 0.792056 -0.0526469 0.608174
138.318 13.7163 -15.6245 -1.45417 -0.126356 -3.5 0.4173 0.432138 0.799448
93.662 12.372 5.333 0.354622 -0.887061 -1.3 0.0174503 0.124246 0.992098
97.3515 37.5462 -25.8245 -0.107085 -0.48721 3.63615 0.947269 0.305946 0.0952809
86.3025 37.367 -12.2765 0.585234 0.703626 -3.5 0.797161 0.219376 0.562502
106.997 41.5416 -36.7103 -0.342829 0 2.8 0.930565 0.360422 -0.0643805
117.57 1.414 -12.1955 -1.02625 -0.00831253 -3.5 -0.220016 -0.973662 -0.0597863
111.185 22.4667 -26.3325 -1.0273 -0.723556 -3.5 -0.617569 -0.716514 -0.32437
93.2203 22.7757 6.032 0.0752693 0 -0.8 -0.671525 0.520563 0.527322
112.59 8.5315 -33.6558 0.880098 0.882782 -3.2 0.213645 -0.968765 -0.125896
80.9003 13.664 -3.102 -1.63013 -0.0631225 -3.5 -0.923038 -0.153475 0.352769
105.966 25.9137 -44.9762 0.437818 0.245664 4.5 -0.0113448 0.607595 -0.794166
119.337 22 -10.735 0.178477 0 -0.8 0.259085 0.747908 -0.611153
100.088 9.108 -18.5697 -0.340875 0 -3.5 -0.735093 -0.620724 -0.272653
118.976 12.6525 -47.391 -0.0365812 -0.400215 -3.5 -0.19445 -0.0330046 -0.980357
96.104 44.7915 -29.3563 0.532372 0.0571096 -3.5 0.929006 0.298039 0.219364
78.991 11.0205 -11.8562 0.0964295 0.754036 3.8 -0.927363 0.373453 -0.0230331
101.908 23.429 -15 -0.978385 0 -3.5 0.928988 0.278844 0.243366
133.712 6.658 -38.266 0.0690743 0 -0.7 0.334663 -0.837597 0.431778
95.247 44.283 -24.0907 -1.53185 0 -3.5 0.858607 -0.0546917 0.509709
94.7685 30.3335 -39.742 -1.04149 -0.237921 3.8 -0.498394 -0.848991 0.175549
103.896 34.417 -25.0995 0.126539 0 -1.3 -0.798504 0.00165561 0.601987
110.179 31.3048 -24.1345 -1.96012 -0.195225 -1.6 -0.120037 0.204047 0.971574
97.0218 33.225 -17.2113 -1.31532 0 -3.5 0.325494 0.92721 0.185298
95.964 41.1645 -43.998 -0.177643 0 1.8 -0.742049 0.619118 -0.257014
94.231 1.4845 -3.457 0.173382 0 -1.3 0.591081 -0.740606 0.319572
134.221 9.3325 -37.781 0.067113 0 -0.7 0.500904 0.0162696 0.86535
137.32 15.8935 -41.5482 -0.193461 0.255012 -3.5 0.994633 -0.0872441 0.0556258
98.148 33.319 -20.3125 -1.41505 0 -0.7 0.784062 0.400973 0.473781
96.8065 44.5858 -37.7575 -0.810126 -0.371443 0.955479 -0.417699 0.181695 -0.890233
126.256 8.2355 -51.796 0.25848 0 -4.5 0.179914 -0.248045 -0.951895
82.4498 9.005 -4.766 -0.239631 -0.550406 -0.8 -0.0733564 -0.660906 0.746875
83.014 32.075 -21.947 0.109037 0 -0.460577 -0.828193 0.559778 -0.0272905
77.6608 13.679 -26.9947 -0.0822804 0.163874 -0.7 0.376365 -0.388476 -0.841092
111.491 20.3515 -3.142 0.115595 -0.975649 -0.8 0.803381 -0.491875 0.335617
79.7955 3.273 -12.173 0.060329 -0.0175836 1.8 -0.604787 -0.747936 0.27354
96.257 11.205 12.119 0.160599 0 1.8 -0.668529 -0.0118403 0.743592
127.052 21.5112 -28.2362 0.790454 0.552159 -4.5 -0.272193 0.888503 0.369424
92.9705 43.7077 -23.524 -1.15103 -0.277755 -3.5 -0.595831 -0.0136268 0.802995
94.341 36.5355 -40.0255 0.123317 0 3.8 -0.922739 0.381 0.0582302
89.6865 5.483 -21.2467 0.333226 0 1.9 0.278821 -0.759817 -0.587314
88.744 41.376 -32.9207 0.280061 0 -3.9 -0.988417 0.016394 -0.150876
96.0945 14.7303 -21.9955 0.0662745 0.171912 -0.480333 0.326603 -0.920907 -0.212746
131.206 19.7493 -48.3563 0.65462 0 -3.97893 -0.201829 0.131506 -0.970552
90.245 20.393 -8.0965 -0.193807 -0.842763 3.8 -0.468908 0.784523 -0.40577
111.353 23.416 -45.3278 -0.0202198 0 -0.8 -0.445102 0.13224 -0.885662
99.4449 37.5225 -40.2685 0.207126 0 -1.6 -0.468114 0.845883 0.255638
108.529 2.80713 -0.04325 -0.531587 0 -0.7 0.353956 -0.471546 0.807687
98.3852 23.7605 -10.6999 0.179461 0.913768 3.8 0.619263 -0.492974 0.611138
78.3152 6.918 -8.18525 0.146525 0 3.8 -0.0911968 -0.842214 0.531374
120.178 9.014 -33.6995 0.305948 0 -0.8 0.818539 -0.157173 -0.552531
106.372 12.4645 -20.8452 0.18483 0 -1.3 -0.451416 -0.607837 -0.653267
118.265 9.27575 -37.3317 0.253693 0 4.2 0.422593 -0.905715 -0.0331022
112.96 18.375 -13.8215 -1.66327 0 4.2 -0.416905 0.578653 -0.700965
92.9427 32.5023 -13.514 0.417201 0 -4.5 -0.617666 0.622125 -0.481091
131.542 9.93 -13.9135 -0.732611 -0.154584 -3.5 0.0256708 0.314433 0.948933
127.905 14.5779 -51.326 0.431975 0 -1.6 -0.193713 0.250388 -0.948568
91.189 5.772 -16.236 0.0669276 0 -1.3 -0.123237 -0.96093 -0.247845
108.144 14.807 -39.0817 -0.286541 0 -0.9 -0.690408 -0.21971 0.689249
123.11 12.882 -50.9306 -0.302833 0 -0.9 -0.215678 -0.259833 -0.94126
108.096 5.58825 2.02288 -0.145088 0 -3.5 0.923135 -0.184057 -0.337557
114.91 19.0347 -3.4745 -0.0726568 0 3.8 -0.144044 0.698762 0.700702
106.778 40.9379 -37.833 -0.85073 0 2.8 0.940843 0.261593 -0.21537
86.0963 0.73975 -12.0795 1.06256 0 -4.5 0.0285852 -0.847936 0.529327
77.803 5.4465 -12.1285 -0.629244 -0.0457546 2.11069 -0.927348 -0.109378 -0.357858
100.819 26.396 -10.547 -0.236598 0 -0.4 0.88898 0.251576 0.382653
96.02 10.359 10.0948 0.333152 0 1.8 -0.821796 -0.358077 0.443207
102.356 25.4301 1.7585 -0.675905 0 -3.5 0.651099 0.71139 -0.264563
83.7974 24.385 -6.51713 2.02595 0 -3.9 -0.732853 0.363238 0.575313
87.4245 7.625 -7.919 0.785218 0 -1.6 -0.865282 -0.220978 0.449952
77.723 31.4444 -28.3094 0.633164 0.0002128 -3.57911 -0.636643 0.590611 -0.495848
99.074 23.517 2.273 -0.388353 0 -3.5 -0.687774 -0.372024 0.62335
115.427 2.71513 -4.67725 0.547336 0 -4.5 0.153848 -0.0234949 0.987815
81.0212 8.46113 -24.0114 -1.01934 0 -3.5 0.203924 -0.978779 0.0201596
101.156 19.7319 -21.9334 -0.125002 0 -3.9 -0.441628 0.727862 -0.524577
85.2659 21.0946 -5.23812 0.500072 0 -3.9 -0.630469 -0.132456 0.764829
103.047 36.002 -42.0622 0.288054 0 -1.6 0.588735 0.53811 -0.603182
92.7712 39.9726 -19.7845 -0.273646 0 -0.8 -0.173768 0.981788 -0.0767978
97.2562 20.6992 4.06575 0.364801 0 -1.3 0.57544 0.801482 0.162774
83.0195 35.0059 -20.1439 0.406266 0 -0.4 -0.925026 0.209544 -0.316889
80.479 23.5301 -25.9011 0.55609 0 -1.6 -0.517516 0.792022 -0.323849
90.4597 13.2321 -29.7914 0.0760325 0 -0.7 -0.0680153 0.0631021 -0.995687
78.3684 8.65525 -20.2767 -0.329883 0 -0.7 -0.153489 -0.776496 0.611142
91.265 4.9 -12.9368 -0.120843 0.241415 -3.40692 0.204531 -0.978544 -0.0248619
121.174 16.6057 -8.61775 -0.218471 0 1.2568 0.842949 0.537404 0.0251942
76.758 9.283 -19.9025 -0.228394 0 -0.7 -0.617391 -0.685638 0.385654
96.7074 37.8425 -39.6362 0.0232754 0 3.8 0.386058 0.919429 -0.0748999
93.8901 35.6266 -32.9524 0.519395 0 3.8 0.398044 0.453547 -0.797406
105.155 26.8464 -21.9711 -0.0296405 0 -3.59702 -0.369403 -0.35947 0.856926
135.475 18.0086 -48.2241 0.282526 0 1.0005 0.855505 0.215254 -0.470931
110.436 5.71812 -43.2817 1.33164 0 -3.9 -0.134454 -0.527017 -0.839151
80.4847 7.56325 -8.04887 0.144398 0 3.8 0.317097 -0.800975 0.507827
99.427 22.9272 -22.4045 -0.126947 0 4.2 0.642542 -0.479863 -0.597387
99.1517 32.8685 -15.8575 -0.234146 0 -3.5 0.125881 0.981029 -0.14743
98.1059 27.6774 -43.8714 -0.0583167 0 4.2 -0.117151 -0.903319 -0.412662
106.934 2.75725 -10.5548 -0.0144531 0 -0.4 -0.463427 0.178559 -0.867958
92.1817 36.4619 -33.7151 0.0734834 0 -3.56111 0.519113 -0.0282059 -0.85424
109.415 26.0221 -21.6724 -0.0613168 0 -3.5 0.422871 -0.0117756 0.906113
100.808 40.3834 -31.2542 0.377948 0 -3.3319 0.250391 0.327696 0.910999
96.4264 30.0858 -33.6964 0.946098 0 4.2 0.150851 -0.76168 -0.630149
100.336 6.414 -11.29 0.306764 0 4.5 -0.567349 -0.768929 -0.294726
90.7962 29.9848 -6.79087 -0.885625 -0.0546552 -3.5 -0.0142317 0.47525 0.879736
131.33 11.2406 -46.8069 -0.265004 -0.0443093 -3.5 0.77211 -0.631816 -0.068221
126.763 21.2862 -35.5576 -0.222403 0 3.8 0.889711 0.209111 0.405816
98.046 32.7595 -16.108 -1.10426 0 -3.5 0.0396561 0.994629 0.0956111
94.3454 1.08544 3.33406 -0.160912 0 -0.8 -0.650176 -0.428094 0.627699
103.44 22.0699 -42.628 0.0607151 0 4.5 -0.776595 -0.532569 -0.336557
136.031 18.3215 -47.44 -0.739525 0 -3.5 0.552477 0.0205814 -0.833274
89.695 18.8249 -2.47062 2.3178 -0.00937984 -3.9 -0.989943 0.141425 -0.00352717
77.0953 10.6709 -16.0583 -0.737073 0 -3.5 -0.676069 0.535088 -0.506568
88.216 12.266 -27.767 -0.373333 -0.9613 -0.7 -0.540334 -0.839196 -0.0615614
103.557 13.924 -17.1015 -1.07385 -0.0196989 -4.5 0.19325 -0.273253 -0.942331
99.1039 20.0956 -21.7809 -0.265211 0 2.8 0.482804 0.411127 -0.773224
110.093 9.0595 -42.3005 0.320186 0 -3.9 -0.830583 0.472301 0.295066
92.2653 20.4142 -32.8994 0.330123 0 -1.6 0.288339 -0.201706 -0.936042
96.9016 21.9417 2.04187 -1.08894 0 -3.5 0.658013 0.355581 0.663763
132.575 19.2943 -18.8235 -0.031474 0 -1.6 -0.721038 0.576072 -0.385026
120.762 19.3405 -10.8884 -0.171803 0 -0.8 0.66915 0.491561 -0.55732
102.689 36.1987 -27.9949 0.00447994 0 -1.3 -0.177321 -0.634747 0.752099
90.8568 14.9359 12.7359 0.610151 0 -4.5 -0.232401 -0.278001 0.932044
116.706 4.2775 -15.7222 0.0666855 0 -3.5 -0.243419 -0.927587 -0.283423
85.1365 5.706 -16.72 0.123581 0 -3.2 -0.132573 -0.96065 0.244081
114.57 8.29 -40.7363 0.168899 0 -3.9 0.627892 -0.408025 0.662772
72.1935 17.6893 -24.0103 -0.0589827 0 -0.8 -0.989653 -0.120362 0.0781055
95.1445 33.5182 -37.445 0.268571 0 3.8 -0.747223 0.0409143 0.663313
74.7958 10.942 -9.0565 -0.136435 0 3.8 -0.938901 0.17091 -0.298754
105.962 25.3172 -30.6838 -0.158163 0.330675 4.2 0.121429 -0.0706028 0.990086
118.913 11.6916 -34.2294 1.05178 0.646175 0.985916 0.834584 -0.193065 -0.515942
88.9153 22.8039 -4.36375 0.529092 0.790991 -3.5 -0.423272 0.87262 -0.24367
81.6721 17.827 -27.2467 -0.328972 0 -3.5 -0.172583 0.465603 -0.868003
111.1 23.3452 -9.68375 -0.0254466 0 -3.5 -0.332174 0.935012 0.124149
96.6407 31.0443 -46.049 0.0560328 0 4.2 -0.779849 -0.253651 -0.572273
89.1934 17.3496 -1.81913 3.77829 0.396267 -3.9 -0.913128 0.397319 -0.0912922
121.475 26.3277 -32.6795 0.061508 0 4.2 0.0420938 0.940096 0.3383
88.589 5.785 -22.284 0.725382 0 1.9 0.262645 -0.698442 -0.665729
99.6087 17.1039 5.9415 -1.55488 0 -3.5 0.22898 0.828367 0.51125
120.163 14.9221 -52.4184 0.165579 0 -0.9 -0.395113 -0.29579 -0.869709
123.563 8.5355 -13.24 -1.1713 0 -3.5 0.710699 -0.684413 -0.162747
99.053 37.912 -41.367 0.472896 0 -1.6 -0.306813 0.674477 0.671525
82.661 39.4669 -27.8841 -0.196627 0 -0.8 -0.56565 0.599187 -0.566582
121.781 16.854 -16.156 -0.0181852 0 -1.6 -0.40171 0.858726 -0.318149
116.905 8.832 -34.27 0.269589 -0.919847 -0.8 -0.623335 -0.677651 -0.390182
96.9942 27.3119 -40.6589 0.116098 -0.699981 -0.7 -0.939894 0.12679 -0.317056
107.053 17.8258 -23.7747 0.249015 0 -3.44116 0.461794 0.567092 -0.682022
124.02 9.11887 -13.944 -1.47606 0 -3.5 0.548675 -0.828129 0.114709
123.457 9.776 -17.6555 -2.47145 -0.626527 -3.5 0.27373 -0.0180679 -0.961637
105.965 22.2541 -3.38488 0.226113 0 -3.5 0.170188 0.673696 -0.719145
97.4425 41.5412 -44.7028 -0.467152 0 1.8 -0.258002 0.840483 -0.476469
109.637 8.26737 -41.8553 0.927494 0 -3.9 -0.825905 0.56065 0.0596034
120.745 16.0928 -16.612 -0.150383 0 -1.6 -0.640342 0.656358 -0.398944
129.456 17.9198 -30.42 0.984945 0 -4.5 0.970069 0.0552406 -0.236463
98.554 32.0908 -24.0713 -0.567988 0 -0.7 0.725923 -0.683437 0.077142
133.637 10.8201 -40.5794 -0.265006 0 -0.078758 0.954088 -0.11063 -0.278349
133.592 12.3987 -43.2119 -0.43959 0 -3.5 0.48277 -0.822471 -0.300789
105.453 22.8314 -24.7325 -0.1246 0.271073 -1.57129 0.50627 -0.30771 -0.805609
91.2075 23.9086 -10.7834 0.624576 0 3.29734 0.431549 -0.190046 0.881844
114.003 23.1007 -20.8143 0.0692723 0 -1.6 0.495409 -0.473439 0.728303
125.479 28.2213 -38.847 -0.0437608 0 2.8 0.752928 0.098664 -0.650665
115.146 9.85888 -31.008 0.716862 0 -3.2 0.0364527 -0.750473 0.659895
89.2794 34.5021 -18.6865 0.643682 0 -3.5 0.288175 0.302306 0.908607
91.402 44.943 -35.263 2.72806 0 -3.9 0.329117 0.892103 -0.309572
128.363 10.1254 -35.2556 0.239596 -0.985139 -0.8 -0.539761 -0.811688 0.223205
120.222 13.9505 -5.39138 -0.230679 0 4.2 0.555214 -0.142517 0.819406
86.866 34.7285 -14.846 0.510802 0 -3.5 0.995229 0.0876808 0.0428041
108.958 14.0925 -22.4193 2.70706 0.160982 -3.9 0.963761 -0.244189 0.107411
94.41 2.24575 -2.74688 0.214095 0 -1.3 0.415969 -0.834594 0.361141
88.8308 42.8846 -28.5594 -0.039701 0 -0.7 -0.436535 0.86836 -0.235348
81.2832 27.5818 -9.22087 -0.631881 -0.03292 -3.5 -0.13393 0.0800358 0.987753
97.1847 34.0022 -20.2083 -1.59658 0 -0.7 0.475935 0.721782 0.50251
104.291 37.4729 -28.6039 0.0129857 0 -1.3 0.556522 0.575562 0.599176
103.641 25.125 -21.8134 0.296208 0 -4.5 -0.047813 -0.21991 0.974348
89.858 43.6466 -27.8197 -0.0667527 0 -0.7 -0.223373 0.952002 -0.209276
112.988 15.6616 -1.97763 -1.31331 0 -0.8 0.73965 0.534862 0.40846
104.957 20.5105 -19.166 0.0199407 0.225733 -1.68456 -0.499052 0.721202 0.480432
95.2481 33.6177 -34.9412 0.171872 0 4.2 -0.592078 0.321251 -0.739082
96.1097 13.78 11.6858 -0.181428 0.0857422 -1.25067 -0.126122 -0.133419 0.983002
98.2795 35.3221 -46.5791 0.149288 0 -3.9 -0.859254 -0.388437 -0.332864
97.0732 11.4812 12.7038 0.165756 0 1.8 -0.554473 0.262507 0.789715
102.59 17.0424 -23.4209 0.0757341 0 -3.9 -0.531679 -0.293276 -0.794548
83.9005 8.184 -10.735 0.975735 0 -0.4 0.548135 -0.00704646 0.83636
133.609 16.3018 -15.4005 0.0992287 0 -1.6 -0.026842 -0.277143 0.960454
88.7783 32.8392 -33.3166 -0.053091 0 3.8 -0.576717 -0.352028 -0.737207
91.258 7.11975 -0.33 -1.51325 0 -3.5 -0.723802 -0.688063 -0.0517666
113.789 17.9067 -46.4507 1.0604 0 -4.5 -0.312343 -0.37661 -0.872128
120.43 27.445 -30.468 0.441724 0 -0.8 0.545628 0.704993 -0.453073
104.935 30.5033 -25.0532 -1.43295 0 -3.5 -0.102375 0.674954 0.730723
104.242 7.35375 -14.475 -0.166018 0 4.5 0.030919 -0.933033 -0.35846
97.2075 16.39 8.775 0.156405 0 -3.5 0.358261 0.463268 0.810575
115.377 26.6682 -9.4975 -0.0247373 0 -1.6 0.138347 0.805606 -0.576072
91.9494 17.5719 9.44775 0.123061 0 -4.5 0.0379895 0.945961 0.322049
136.414 15.136 -15.944 -0.430172 0 -3.5 0.448359 0.348884 0.822954
121.149 13.957 -51.9135 0.0673961 0 -0.9 -0.0734269 -0.782108 -0.618802
103.637 18.5158 4.6305 -0.232475 -0.570251 -0.7 0.982306 0.185318 0.0270502
87.8972 7.89225 3.60875 0.34932 0 -3.5 -0.0640187 -0.427002 0.901982
123.958 20.5333 -40.0349 -0.18553 0 3.8 0.334297 0.722981 -0.604603
96.511 39.5853 -24.139 0.0161706 0 -1.6 0.988508 0.0492012 0.14294
130.952 10.3995 -43.5558 -1.12774 -0.0864337 -0.7 0.755809 -0.41861 -0.503507
125.478 25.817 -33.7136 0.140534 0 4.2 0.910382 0.101131 0.401219
124.873 23.6625 -33.0703 0.295592 0 4.2 0.949074 -0.193498 0.248629
122.422 6.23488 -9.05925 -0.222343 0 -0.4 0.693387 -0.679865 0.238745
80.3775 5.0055 -17.3285 -0.345612 -0.210683 -1.55404 -0.649107 -0.720391 -0.244332
88.6529 41.6751 -35.2644 0.941156 0 -3.9 -0.823997 -0.41099 -0.39002
92.43 7.911 1.784 -0.393236 -0.636871 -3.5 -0.591844 -0.63726 0.49358
80.2343 7.0755 -20.1 -0.0747483 0 -3.5 -0.941083 0.0353619 0.336322
98.1895 0.862875 -3.66038 0.759815 0 -3.9 -0.570539 -0.511819 0.642283
115.687 21.4926 -14.6426 -0.107891 0 4.2 0.055856 0.625866 -0.777928
96.547 38.286 -40.758 -0.0460296 0 3.8 0.364457 0.868666 0.335545
116.095 8.347 -1.057 -0.199846 0 4.5 0.400818 -0.155832 0.902807
131.854 16.8265 -49.9863 -0.0724472 0 1.8 -0.610705 0.51206 -0.604015
131.311 14.55 -36.8635 -0.137804 0 1.59766 0.00907269 0.929947 0.36758
119.815 13.1173 -35.6043 0.476511 0 3.88373 0.554547 -0.809907 -0.191123
111.034 35.5595 -28.9673 -0.0495472 0 -1.3 0.458248 0.779245 0.427534
79.308 23.103 -25.4985 0.452486 0 -1.6 -0.399607 0.67309 -0.622305
127.888 21.4094 -37.9849 -0.0706845 0 3.8 0.899567 0.435871 0.0282141
117.49 3.053 -6.054 0.169924 0 -4.5 0.930171 -0.27211 0.24645
75.1201 12.9151 -20.6187 -0.0770752 0 1.8 -0.684702 -0.654201 -0.321254
104.088 32.7491 -14.9237 0.297232 0 -1.6 0.320986 0.901687 0.289705
98.506 32.737 -21.5455 -0.876452 0 -0.70773 0.943506 0.128557 0.305401
79.612 9.3285 -26.6127 -0.957424 0 -3.5 -0.0430477 -0.229676 -0.972315
114.017 9.93312 -35.0335 0.255897 0 4.2 0.0780995 -0.996283 -0.0363326
122.713 11.9491 -6.29987 -0.0346025 0 0.248296 0.499785 0.119653 0.857845
100.948 32.2018 -26.4924 -0.465566 -0.167673 -1.34482 0.227626 -0.342992 0.911341
113.998 20.6426 -14.0361 -0.0741225 0 4.2 -0.587497 0.228299 -0.776355
98.1018 20.3335 -23.4508 -0.511445 0 -0.4 0.847898 0.500719 -0.174209
90.3623 15.842 -28.695 0.358464 0 -0.7 -0.838054 -0.146885 -0.525442
91.7015 25.5553 -9.948 0.890758 0.582361 2.82935 0.234438 -0.620827 0.748073
90.7878 30.84 -7.73325 -0.827764 -0.399861 -3.5 0.105137 0.861851 0.496144
99.4329 9.817 -17.4581 0.0542965 0 -3.5 -0.775723 -0.574537 -0.261078
87.7195 7.4085 0.4015 -0.267391 0 -3.5 0.121103 -0.774064 -0.621417
118.29 20.8601 -50.0929 -2.82354 -0.691762 -3.5 -0.247536 -0.317222 -0.915476
120.481 5.7145 -14.5631 -0.428057 0.340617 -3.5 0.893381 -0.438519 -0.0978396
114.781 1.93625 -4.3745 0.12837 0 -4.5 0.0699708 -0.0105129 0.997494
119.01 24.2908 -48.3677 -0.881866 0 -3.5 0.216574 0.940765 -0.260878
99.061 47.481 -34.872 0.351634 0 -3.9 -0.166644 0.568215 0.80583
117.879 5.59706 -4.13544 -0.136987 0 4.5 0.703367 -0.706368 0.0794954
76.496 23.7104 -19.5847 -0.0775223 0 -0.782524 -0.999902 -0.0113234 -0.00824439
96.03 25.6772 2.16575 -0.16277 0 -3.5 0.0561869 0.521286 0.85153
121.348 13.5186 -50.6037 -0.0202995 0 -0.9 -0.574334 -0.78548 -0.23057
95.7982 32.5154 -35.3246 0.147291 0 4.2 -0.882536 -0.0786237 -0.463626
123.184 10.0645 -46.316 0.398708 0 -3.5 -0.0126723 -0.870577 -0.49187
93.539 13.1552 -23.2787 -0.426421 -0.513524 2.21251 0.784844 -0.61968 0.00406514
113.836 15.7913 -45.3846 1.00998 0 -4.5 0.306431 -0.284262 -0.908458
124.982 12.4001 -52.055 0.0558767 0 -4.5 -0.216564 0.523216 -0.824224
102.332 31.3382 -44.256 -0.649486 -0.63984 -3.5 -0.127311 0.10675 -0.986102
134.389 8.53813 -17.0543 -0.130396 0 -3.5 0.723218 -0.660503 -0.201721
91.5052 9.81675 5.679 3.62285 0.0450354 -3.9 -0.816205 0.377339 0.437522
134.098 18.6071 -15.421 0.145002 0 -1.6 -0.15046 0.364655 0.918906
100.394 50.0185 -35.2075 2.25249 0.034714 -3.9 -0.166222 0.44604 0.879442
98.856 3.494 -1.15175 0.197156 0 4.5 -0.168124 -0.966725 0.192816
120.235 8.30587 -17.3896 -0.511353 0 -2.06599 -0.00306421 -0.411692 -0.911318
99.1259 25.4848 3.27763 -1.67294 -0.848843 -3.5 -0.952176 0.242572 0.185793
125.474 13.5856 -8.52975 -0.143234 0 -1.6 0.941397 0.182674 0.28355
105.133 31.4422 -17.0186 0.0569328 0 -1.6 0.805946 0.255161 -0.534177
114.106 33.9885 -24.075 -0.0316943 0 3.8 -0.330093 0.523256 0.785647
92.8303 31.9025 -15.2689 1.24777 0 -4.5 -0.582431 0.770677 0.258515
117.338 9.15837 -44.7527 0.212657 0 -3.5 -0.302381 -0.907462 0.291681
121.175 18.5362 -11.671 -0.143772 0 -0.781719 0.189827 0.955667 -0.22509
101.224 27.194 -11.5889 0.0560216 0 -0.4 0.895759 -0.189138 0.402296
118.612 8.07963 -31.0149 -0.100408 0 -0.8 -0.0328873 -0.814191 0.579665
100.436 31.1308 -17.8493 -0.0957107 0 -1.6 -0.0480384 0.341754 -0.938561
106.551 22.4936 -9.0355 -0.348003 0 -0.4 0.269266 0.671101 -0.690738
127.285 20.42 -27.0802 0.342629 0.414168 -4.5 0.0065307 0.628919 0.777443
102.514 38.3442 -38.9919 -1.01104 0 4.2 -0.199755 0.58327 -0.787333
127.825 9.801 -17.5725 -1.19541 -0.774874 -3.5 -0.270084 -0.775677 -0.57042
97.8721 8.25712 8.73238 0.458061 0.601116 1.8 0.233742 -0.655878 0.717767
71.938 17.5532 -16.5305 -0.425902 -0.950087 1.8 -0.926279 -0.0864604 0.366785
84.8006 33.802 -13.1826 1.58073 0.297108 -3.5 -0.0627253 0.408226 0.910723
119.993 4.3385 -14.469 -0.133642 0.560688 -3.5 0.762398 -0.623828 -0.172012
101.198 22.4189 -38.6999 0.236715 0 -3.5 -0.840544 -0.21871 -0.495632
98.8405 10.0629 -16.6625 0.715401 0.00827848 3.8 -0.720608 -0.544431 -0.429324
95.3005 1.684 -5.95 0.115596 0.153821 -2.59954 -0.00999562 -0.977278 -0.211726
117.366 21.4655 -49.919 -1.50459 -0.393233 -3.5 -0.621893 -0.19965 -0.757225
79.6459 20.3289 -26.3014 0.421201 0 -1.6 -0.625724 -0.570124 -0.532379
117.281 14.21 -47.265 0.32369 0 -3.5 -0.359099 -0.20458 -0.910601
110.739 26.0193 -27.8792 -0.218852 0 3.8 -0.463361 -0.885778 -0.0263389
118.613 10.5705 -36.1151 0.551097 0 4.2 0.93334 -0.315437 0.171393
112.211 21.4184 -23.5737 0.234003 0 -1.6 0.197483 -0.972754 -0.121447
79.4465 26.0805 -8.661 -1.41659 -0.420235 -3.5 0.10229 0.650174 0.752868
118.485 21.9245 -50.413 -1.29745 -0.332088 -3.5 -0.126758 -0.172067 -0.976896
78.7347 27.2693 -22.5802 0.718566 0 -2.21917 -0.0401832 -0.636676 -0.770084
100.007 2.2865 5.77575 -0.929261 0 -0.4 0.186667 -0.73243 0.654753
113.98 23.321 -44.9985 0.487005 0 -0.8 0.417327 0.236557 -0.877428
129.388 8.83825 -12.8453 -0.763438 0.868076 -3.5 0.552971 -0.363037 0.749951
80.4404 7.42681 -19.0319 0.111026 0 -3.5 -0.991736 -0.0554524 0.11569
83.1044 5.21075 -17.7222 -0.516632 -0.375966 -1.1075 0.0810789 -0.734935 0.673273
127.88 11.1307 -50.6963 0.614813 0 -4.5 0.707168 -0.164844 -0.687561
96.8759 4.99438 -8.7005 -0.562219 0 -0.8 0.242518 -0.576315 -0.780414
93.0394 12.677 -26.7952 -0.0122748 0 -0.781934 0.90512 -0.39305 -0.162077
125.285 10.1695 -38.4564 0.248442 0 3.40402 -0.372313 -0.700474 0.608868
111.747 13.2509 -44.5877 0.528515 0 -0.4 -0.674615 0.285578 -0.680691
90.4449 43.1044 -32.4521 0.809584 0 -3.9 -0.531069 0.576015 0.621428
119.741 11.2604 -47.8232 -1.03761 -0.349554 -3.5 -0.161623 -0.131575 -0.978042
98.3272 31.472 -22.7764 -0.289051 0 -0.784972 0.875497 -0.455134 -0.162353
77.6915 30.7365 -21.8465 0.0350822 0 -3.5 -0.590785 0.688937 0.419927
103.755 19.0075 0.683125 -0.183083 -0.236506 -1.08977 0.85676 0.168105 0.487547
123.878 22.394 -42.4712 -0.0012393 0 1.8 0.624967 0.333248 0.705948
72.0891 20.6221 -17.7891 -0.609813 -0.297481 -0.4 -0.543058 0.675715 -0.498496
98.8828 39.125 -28.8673 0.190866 0.0669411 -1.27646 0.35833 0.616675 0.700936
125.857 15.1982 -14.605 -0.924858 0 -1.6 0.604473 0.401709 0.687926
109.16 20.81 -18.2665 0.111416 0.00564675 -0.8 0.255046 0.265289 0.929824
112.716 7.368 -15.4135 -0.343777 0.6673 -4.39252 -0.770425 -0.237997 -0.591441
81.5285 32.6915 -30.331 0.380653 0.00279988 -0.8 -0.688655 -0.683724 -0.241404
104.659 19.9985 -24.974 -1.17698 -0.0424202 -0.4 0.525965 -0.0733714 -0.847335
92.7022 35.222 -18.4405 0.394065 0.39461 -3.88503 -0.217097 0.377 0.900411
98.4126 20.4549 3.82475 -0.0675245 0 -0.899312 -0.0493021 0.987306 0.150983
83.7201 33.9002 -13.1543 0.18223 0 -1.6 -0.369205 0.655894 0.6584
92.579 5.7585 -16.29 -0.235442 0 -1.3 0.136184 -0.732416 -0.667099
114.014 3.80825 -14.1395 0.0771117 0 -4.5 0.375511 -0.742467 -0.554739
110.225 10.3466 -17.2691 -0.130801 -0.0802386 -1.3 0.192699 -0.973316 0.124588
137.165 20.4853 -43.2697 -0.419719 0 -3.5 0.669242 0.240401 0.70308
99.7206 18.2296 -34.8336 1.63208 0.00088538 -3.9 0.126874 -0.0375163 -0.991209
99.014 12.3466 -18.0406 0.00241861 0 -3.5 -0.574332 -0.18596 -0.797221
84.618 23.548 -31.0457 0.0482769 -0.0227792 -3.3534 0.323904 0.305494 -0.89541
111.077 3.841 -40.976 2.41231 0 -3.9 0.162198 -0.966184 0.200448
98.112 38.6048 -41.9445 -0.400695 0 2.26084 -0.141522 0.354637 0.924232
110.242 34.8919 -39.9874 -0.400944 0 -3.5 -0.561112 0.756009 -0.337053
101.109 7.85825 -16.1671 -0.889347 -0.155222 2.36198 -0.314351 -0.926176 -0.208284
87.8796 42.2269 -28.8866 -0.072026 0 -0.7 -0.60182 0.796507 -0.0582204
110.149 23.4149 -15.2972 0.227977 0 -3.5 -0.499283 0.109616 -0.859477
82.564 2.18725 -22.1903 0.0735682 0 -3.5 0.470735 -0.836488 -0.280528
120.276 32.329 -35.0947 -0.123803 0 3.8 0.358823 0.886676 -0.291635
121.15 24.564 -46.086 -1.09335 0 -3.5 0.306624 0.76725 -0.563301
137.6 18.0855 -16.123 -1.7624 -0.538499 -1.6 0.578741 -0.290333 0.76208
106.989 19.478 -43.6795 0.361882 0 -3.5 -0.166226 -0.100662 -0.980936
129.433 16.7136 -29.9911 0.828501 0 -4.5 0.995009 0.00754754 -0.0994984
76.0665 20.4885 -20.0305 0.307137 0 -4.5 -0.634856 0.57747 0.513309
96.0844 44.8671 -28.1631 0.000555673 0 -3.5 0.940717 0.267837 0.208124
97.8319 22.4085 -29.3617 -0.569819 0 -3.9 0.774775 -0.267565 0.572829
92.026 44.173 -28.5744 0.036772 0 -3.5 -0.767881 0.635714 0.0789026
106.566 20.5915 -35.8322 -0.726734 -0.142766 -3.5 0.070476 -0.898821 -0.432613
109.882 21.146 -22.416 -0.246858 0 -0.837261 0.12441 -0.757323 -0.641081
85.9603 35.0189 -32.8224 0.629307 0 -1.93864 -0.348523 -0.274066 -0.896336
97.5661 46.8054 -36.424 -0.00208124 0 -3.9 -0.89161 0.378954 -0.247842
95.4571 19.2776 -31.5715 0.208642 0 -3.9 -0.606103 -0.527531 -0.595273
88.3536 12.0811 5.16519 0.0189526 -0.136248 -0.4 -0.157624 -0.911449 0.38002
97.5133 2.3915 5.344 -1.06727 -0.549884 -3.5 -0.538861 -0.76084 0.361596
128.37 8.96412 -39.2185 0.511921 0 2.8 0.0831877 -0.822173 0.563126
102.846 15.616 -19.0077 -0.22826 0.155453 -0.904791 0.295247 -0.912896 -0.28187
121.183 11.5914 -18.7704 -0.197452 0 -1.6 0.0873827 -0.22732 -0.969892
113.974 22.496 -1.98213 0.709447 0.784123 -0.8 0.993377 0.0892112 0.0724123
133.747 23.6176 -47.8115 0.542956 0 -4.5 -0.374784 0.284577 -0.882356
72.0566 15.988 -18.0514 -0.561343 0 1.8 -0.910194 -0.291615 -0.294122
76.0312 10.191 -16.092 -1.36652 0 -3.5 -0.518489 0.770142 -0.371552
104.424 11.4285 6.7965 -0.0128602 0 -1.3 0.676487 -0.269326 0.68544
75.685 22.5089 -12.7721 -0.176865 0 -0.7 -0.718403 -0.0245537 0.695194
126.033 17.6916 -26.5082 0.387142 0 -4.5 -0.389746 -0.235694 0.890251
111.685 6.009 -13.557 -0.246946 0 -4.5 -0.954976 -0.0655696 -0.289345
122.044 13.8254 -37.1391 0.311399 0 3.95111 -0.416504 -0.903365 -0.102256
90.7395 22.9281 -32.8474 0.288259 0 -1.6 -0.609799 -0.170058 -0.774096
129.462 16.4478 -48.72 -1.32707 -0.711783 -0.4 0.0459416 0.641873 -0.765434
92.1478 21.1855 4.202 1.20196 0 -0.8 -0.741203 0.457056 0.491648
134.796 14.7215 -45.4793 -1.00885 0 1.8 0.512968 -0.848208 -0.131933
105.801 20.9679 -39.0107 -0.115766 0 -3.5 0.245433 -0.969374 -0.00875785
100.322 41.8124 -44.2363 0.244275 0 1.8 0.381756 0.812925 -0.439789
113.74 4.055 -15.123 0.154903 0 -4.5 0.303142 -0.65536 -0.691816
104.01 29.4615 -44.9479 0.393084 0 -3.5 0.172582 -0.163133 -0.971392
107.801 11.5101 4.39313 -0.181013 0 -1.3 0.651517 -0.612913 0.447061
104.643 22.6178 -10.4817 -0.108127 -0.106837 -0.276481 0.111907 0.76312 -0.636495
135.729 16.8715 -48.449 -0.133944 0 1.8 0.954905 0.0263223 -0.295744
133.862 14.8585 -16.0182 0.0250115 0 -1.81272 0.046667 0.029363 0.998479
133.578 19.1933 -48.9415 0.484259 0.0389959 1.8 -0.0629764 0.772089 -0.632387
121.38 16.2135 -30.0445 -0.943445 -0.0991492 -0.4 0.590911 0.296802 0.750155
89.8521 7.35213 -4.605 0.375076 0 -1.6 -0.468277 -0.352119 0.810388
80.0508 7.24312 -16.7155 -0.625955 0 -3.5 -0.828786 -0.248438 -0.501391
91.9335 26.7125 -34.328 0.480143 0.0184679 -3.5 0.301562 -0.377919 -0.87535
129.875 15.975 -19.3403 0.018434 0 4.5 0.210818 0.37969 -0.900773
97.4733 36.9077 -45.073 -0.288634 -0.0495367 1.66859 -0.860943 -0.251992 -0.441902
94.0576 25.56 -9.72287 -0.732199 -0.638904 2.08333 -0.112797 -0.381272 0.917556
128.727 16.0182 -28.3575 0.83292 0 -4.5 0.695755 -0.200263 0.689797
122.287 13.3037 -19.0519 -0.0105906 0 -1.6 -0.33527 -0.18734 -0.923308
103.785 29.7205 -17.243 0.193664 0 -1.6 0.376053 -0.645161 -0.665095
88.2745 7.68575 -6.08675 0.683114 0 -1.6 -0.89153 -0.209023 0.401851
113.775 9.495 -30.9 0.240753 0 -3.2 -0.0873927 -0.740388 0.666475
105.35 13.4815 -20.6455 0.294996 0 -1.3 -0.958894 -0.260651 -0.112177
100.676 7.08675 -14.981 -1.61226 0 3.8 -0.219616 -0.871555 -0.438361
96.7367 35.4411 -13.3975 0.221388 0 1.9 -0.22472 0.756546 -0.614116
86.0294 14.5046 -28.4831 -0.239439 0 1.8 0.123646 0.393496 -0.910973
102.643 24.2426 -45.927 0.0742098 0 4.5 -0.848318 0.100001 -0.519958
132.495 17.016 -40.763 -0.0875899 0 -0.9 0.60503 0.538815 0.586188
87.1103 35.732 -20.3624 -0.122163 0 -0.79493 -0.274657 0.954101 -0.119394
91.7226 39.7793 -19.6152 -0.980815 -0.850199 -0.8 -0.315852 0.94509 0.0839186
88.3275 42.71 -30.15 -0.841275 0 -0.7 -0.452729 0.882918 -0.124467
75.3539 21.1375 -23.1436 0.623643 0 -2.02449 -0.966121 0.258061 0.00387036
94.2418 31.1593 -34.3117 0.62229 -0.13912 4.2 -0.11166 -0.245019 -0.963067
131.465 7.5445 -16.3494 0.149247 0 -3.5 -0.245843 -0.969181 -0.0157993
105.111 42.1941 -39.998 0.0806185 0 2.8 0.284891 0.661232 -0.693981
107.412 5.03675 5.93888 -0.168523 0 -3.5 -0.0286716 -0.32202 0.946299
116.98 1.954 -11.2712 -1.47107 -0.284864 -3.5 -0.330977 -0.934976 0.127572
99.4977 3.72425 -0.3625 0.0481784 0 4.5 -0.017953 -0.930182 0.366661
102.816 29.1946 -17.0609 0.0122287 0 -1.6 0.237644 -0.851013 -0.468297
108.623 24.454 -3.858 -0.300458 -0.00204029 -0.8 -0.847551 0.526252 0.0686665
100.633 46.693 -38.7425 0.773324 0 -3.9 0.498318 -0.194145 -0.844978
124.336 21.2245 -32.5471 0.585205 0 2.88861 0.85374 0.0229432 0.520194
98.6495 30.1006 -20.2766 -0.321414 0 -0.8 0.958742 0.244408 0.145184
108.39 36.4188 -31.8394 -0.187537 0 0.967474 -0.166015 0.959309 -0.228396
99.2132 19.0068 -23.405 -0.873318 0 -1.6 0.695848 0.628416 -0.34769
87.2535 15.364 2.8725 -0.233361 0 -0.686431 -0.893803 0.0896127 0.439415
127.798 15.8162 -35.5983 -0.39553 -0.617361 4.2 0.143289 0.845164 -0.514942
77.707 11.9301 -13.4171 -0.695273 -0.387255 1.56734 -0.672373 -0.119116 0.730565
116.744 9.389 -38.3177 0.13328 0 4.2 -0.278614 -0.891405 -0.357452
95.491 30.097 -40.773 -0.954992 -0 3.8 -0.363725 -0.9209 -0.140172
110.994 10.6468 -41.6867 0.425534 0 -3.9 -0.856617 -0.373101 0.356376
103.07 21.4665 -24.4944 -0.93003 -0.267443 -0.4 -0.765166 0.383706 -0.517001
91.2542 12.5754 -29.7299 0.0382532 0 -0.7 0.284884 -0.0142171 -0.958457
98.3439 14.3551 -18.9883 -0.34526 0 -1.5289 -0.240659 -0.849381 -0.469718
82.7625 35.4304 -18.866 0.61109 0.190868 -0.4 -0.930248 0.314916 -0.188324
93.557 21.3535 -9.1545 0.374504 0 2.8 -0.440708 0.869158 0.224369
89.7755 33.8064 -34.7865 -0.0527027 0 -3.5 0.0218049 -0.79506 -0.606139
118.819 31.7996 -40.0989 -0.190494 0 1.8 -0.0689678 0.996054 -0.0558556
102.54 18.9475 -32.894 -1.37529 0 -3.5 0.337209 -0.714882 0.612564
73.1647 15.9172 -20.9487 -0.411933 0 1.8 -0.962589 0.20937 0.172007
116.796 11.961 -19.0595 0.661262 0 -1.6 0.0199404 0.0914893 -0.995606
76.864 20.152 -12.15 0.22053 0 4.5 0.71434 0.0704304 0.696246
92.559 11.303 -27.051 0.103248 0 -0.7 0.808569 -0.499547 0.310916
98.1281 20.6992 -22.4856 -0.452646 0 1.57608 0.806767 0.153937 -0.570465
101.687 32.9575 -13.566 0.424017 0.450358 -0.4 -0.164679 0.95412 -0.250072
86.1302 18.4246 -28.4223 0.255668 0 0.173076 0.133769 -0.88534 -0.445285
117.257 25.546 -25.391 -1.12284 0 -3.5 0.553423 -0.0403206 0.831924
121.009 11.4998 -30.0338 -0.335378 -0.315327 -0.8 0.783321 -0.49195 0.379992
90.0957 28.0325 -7.0465 -0.635194 -0.0358004 -3.5 -0.227242 -0.503708 0.83345
89.0635 5.04513 -20.1208 0.41566 0 1.9 -0.0338412 -0.995232 -0.0914768
116.788 24.847 -7.1095 -0.146313 0 -1.6 0.832954 0.242595 0.497328
91.886 22.9618 -11.1082 0.517247 0 -1.3 0.274738 0.176548 0.945172
107.225 22.8638 -21.3805 -0.224704 -0.487156 -0.60345 -0.333832 0.925701 -0.177858
130.076 7.9055 -14.3455 -0.308252 0.00507884 -3.5 -0.129855 -0.970118 0.204958
113.467 17.9655 -14.7087 -0.683543 0 1.69714 -0.408931 0.812528 -0.415419
84.1216 8.02888 -6.741 0.290762 0 -0.8 0.567194 -0.766818 0.300468
117.683 16.0281 -48.7243 0.397539 0 -3.2 -0.319527 -0.387652 -0.864655
75.5525 11.797 -26.906 -0.273185 0 -0.7 -0.374124 -0.390796 -0.841017
77.064 10.4891 -13.1783 -1.93738 -0.0356001 -3.5 -0.527684 0.627798 0.572205
103.989 19.4196 -32.7062 -0.984357 0 -3.5 0.122436 -0.788513 0.602708
124.834 14.1915 -51.2225 -0.23015 -0.0697538 -4.22278 0.00586759 0.150908 -0.98853
87.0681 35.3916 -34.2201 0.4799 0 -3.5 -0.838941 -0.495002 -0.226167
111.532 5.50775 -39.5827 2.48276 0.0872632 -3.9 0.0769765 -0.0965438 0.992348
85.8572 12.8042 1.0195 -0.055222 0 -0.7 -0.758723 -0.20641 0.617846
94.811 18.9025 8.0895 0.3535 0.265514 -3.5 0.17517 0.694058 0.698282
111.701 23.7638 -28.3436 -0.658176 -0.279124 0.0635623 -0.988453 -0.151153 0.0106919
98.0061 15.4913 9.05387 0.00820041 0 -1.43569 -0.0125266 0.673598 0.738991
77.6889 31.4909 -25.752 0.597416 0 3.8 -0.98842 0.111456 -0.102976
104.663 23.5055 -1.463 -0.202875 0 -3.5 -0.010765 0.984041 0.177614
111.373 33.799 -24.752 0.20692 0 3.8 -0.365806 0.451047 0.81409
132.137 16.0163 -18.774 0.139734 0 2.87957 -0.018953 -0.0462076 -0.998752
113.654 7.63681 -40.2233 0.351586 0 -3.9 0.542235 -0.320786 0.776581
104.037 19.978 -19.3971 -0.035581 0.342701 -3.67545 -0.15266 0.961242 0.229585
137.206 17.0002 -19.3519 -0.713729 -0.0923692 -2.69305 0.899859 -0.155024 -0.407703
90.41 43.6175 -28.669 -0.123326 0 -0.7 -0.223185 0.942854 -0.247418
110.695 13.307 0.025 -0.486065 -0.0236549 -1.32323 0.196814 -0.667506 0.718122
97.0724 14.685 -25.1786 0.450223 0 -1.6 0.268278 -0.942631 0.198678
117.042 28.5381 -29.0076 -0.215593 0 -0.8 -0.0413962 0.904146 0.425213
113.853 35.474 -33.3755 0.404194 0.289919 -0.550606 0.391327 0.860269 0.326803
125.181 21.3892 -42.5435 0.0175195 0 -0.402079 0.00352676 0.643237 0.765659
87.927 42.6776 -26.4716 -0.0976605 0 -0.7 -0.787606 0.371014 0.491961
94.9919 4.92475 7.983 0.511696 0 -3.5 -0.855811 -0.344653 0.385749
120.598 7.1115 -6.3585 -0.442686 0 1.8 0.270674 -0.571996 0.77431
77.381 16.0572 -7.7475 -0.505446 0 -0.9 -0.0171021 0.998337 -0.0550553
124.257 11.3249 -35.8134 0.240584 0 4.2 -0.589175 -0.79145 0.162725
88.7105 19.7384 -7.7975 1.29216 0 -0.255866 0.253991 0.5396 -0.802696
127.431 16.1261 -34.3563 0.19181 -0.911259 4.2 0.398387 0.890795 -0.21857
116.167 15.5514 -3.98075 -0.138905 0 3.8 0.243533 -0.481878 0.841716
128.332 10.4334 -50.019 0.0118034 0 -4.5 0.762078 -0.267483 -0.589652
124.299 24.496 -40.039 0.362862 0 2.8 0.448367 -0.213899 -0.867879
99.527 26.422 4.2 -1.18909 -0.12281 -3.5 -0.530886 0.748499 0.397378
83.4719 31.9069 -31.0077 0.134157 -0.0196085 -0.8 -0.45138 -0.6806 -0.577097
103.941 20.5135 -16.077 0.491766 0 -3.5 0.426588 0.893763 -0.138602
136.242 17.077 -47.559 -0.653437 0 1.8 0.770816 -0.0117801 -0.636948
130.476 20.541 -42.037 0.0227126 0 -0.9 0.469562 0.827555 0.307676
74.3095 12.9964 -7.581 -0.0495012 0 -0.9 -0.780429 -0.613995 0.118066
96.597 14.745 11.78 -0.207961 -0.180526 1.8 0.00429457 0.76366 0.645605
97.0311 14.7975 -19.4069 0.0448975 0 0.573819 -0.0083053 -0.990537 -0.136994
132.426 16.2291 -50.6619 -0.0775146 0 1.8 -0.126465 0.0402598 -0.991154
112.659 24.6011 -9.27188 -0.283883 0 -1.81889 -0.791283 0.554857 -0.256916
97.7278 26.3324 -37.2014 0.334738 0 -1.15613 -0.846169 -0.117209 0.519866
90.267 30.8161 -33.5477 -0.558724 0 -1.4136 -0.601741 -0.0908581 -0.793506
107.446 17.1432 -24.5275 0.794013 0 -3.9 0.364171 0.70037 -0.61389
89.1121 18.7066 5.59275 -0.38346 0 -3.5 -0.530058 0.390883 0.752495
97.258 28.2663 -41.1465 0.795854 0.693824 -0.7 -0.984724 -0.113518 -0.13203
88.0788 39.6555 -24.4932 -0.49981 -0.131068 1.8 -0.643892 0.744258 0.177437
104.246 23.5665 -9.85987 -1.29614 -0.760038 1.8 0.419236 0.402401 -0.813827
76.886 11.953 -27.1896 -0.326704 0 -0.7 0.19629 -0.306374 -0.931453
90.9205 5.914 -21.103 0.255749 0 1.9 0.527674 -0.579793 -0.620806
80.8434 9.20575 -26.598 -0.578541 0 -3.5 0.32942 -0.355134 -0.87485
102.955 36.4533 -45.2031 0.571624 0 -3.9 0.78865 -0.347594 0.507159
88.9715 14.099 9.086 0.300573 0 -4.5 -0.95369 -0.292412 0.070504
108.873 36.7155 -29.439 -0.644127 0 -1.3 -0.126499 0.790856 0.598785
76.5683 20.076 -23.7874 0.723251 0.473358 -0.8 0.224493 0.18527 -0.956702
101.409 21.8897 -30.6143 -0.450375 0 2.8 0.177558 -0.807018 0.563201
76.6954 28.7243 -23.3827 0.389675 0.206663 -3.5 -0.893389 -0.353874 0.27682
111.958 10.6496 -38.453 -0.325287 -0.402049 -3.5 -0.731223 -0.672287 0.115509
100.397 43.198 -38.251 0.0275544 -0.533193 -3.9 0.141579 0.0776807 -0.986874
104.297 31.511 -12.14 -0.269352 -0.0178403 -1.6 0.885928 0.460907 0.0519345
82.5445 20.6845 -30.89 -0.290273 0 -3.5 -0.617214 -0.692141 -0.37415
79.4208 23.1728 -7.52225 -0.408283 0 -2.36941 -0.599955 -0.176236 0.780381
131.767 9.49737 -36.7299 0.280114 -0.991911 -0.7 0.764115 -0.332661 0.552688
86.0135 12.1042 -26.4368 0.208377 0 1.8 0.112114 -0.877556 -0.466183
132.063 10.5428 -18.7192 0.617912 0.324591 -3.5 -0.175979 -0.211657 -0.96137
86.089 15.2896 1.81763 -0.164891 0 -0.7 -0.724812 0.114252 0.679407
110.505 2.60675 -1.6895 0.227711 0.503682 -0.7 0.800526 -0.0363308 0.598195
117.762 1.7195 -13.2455 -1.84388 -0.169135 -3.5 0.00471202 -0.784854 -0.619662
124.314 17.6208 -30.3825 0.421904 0 -4.5 -0.484551 0.147798 0.862187
88.616 9 -4.279 0.772778 0 -0.8 -0.871257 -0.46209 0.165483
122.148 16.296 -9.9565 -0.382567 0 1.75 0.362561 0.753922 0.54786
95.5807 12.6804 6.925 -0.423686 -0.434529 -3.36272 -0.977663 0.0603345 0.201334
93.812 40.252 -18.796 -0.0571902 0 -0.8 0.28887 0.921892 0.258204
99.6725 45.489 -34.346 0.0760484 0 -3.9 0.265208 0.0662617 0.961912
98.5178 25.267 -40.0295 0.404033 0 -0.7 -0.0743013 -0.994435 0.0746842
124.543 20.5625 -49.4915 -0.0201133 0 -0.9 0.469966 0.704368 -0.531975
75.6285 9.3715 -10.4375 -0.198834 0 3.8 -0.739552 -0.0437202 -0.671678
86.7144 10.956 -5.29 0.676578 0.1983 -3.83349 -0.0336669 -0.995445 0.0891895
85.228 10.4015 1.1625 -0.191147 0 -3.5 -0.986146 0.157243 -0.0528306
92.4187 17.3845 -30.3486 -0.482401 0 -2.2803 0.676062 -0.729246 -0.105547
97.9359 25.349 -42.1601 0.699965 -0.114859 -0.7 -0.184372 -0.71772 -0.67148
98.3245 28.2862 -45.21 0.0115987 0 4.2 0.230803 -0.712902 -0.662193
86.3025 19.43 -3.926 0.906946 0.691216 -3.9 -0.19512 0.286519 0.937995
74.5151 13.6769 -21.3417 -0.113378 0 -0.0844997 -0.612899 -0.773473 -0.161541
86.6618 26.9066 -31.5206 0.28145 0 0.735273 -0.446266 -0.351595 -0.822938
100.359 33.1569 -10.8042 -0.0872857 0 1.28906 0.269557 0.860044 0.433201
118.112 8.8025 -45.3683 0.338835 0 -3.5 -0.242977 -0.964393 0.104443
86.0902 4.7575 -6.92825 -0.201079 -0.027469 -0.4 -0.199494 0.741081 0.641093
86.4951 -0.39575 -13.9669 0.415343 0 -4.5 0.528496 -0.826707 -0.192994
127.954 19.3768 -38.1493 -0.177419 0 3.8 0.805132 -0.322792 0.497562
110.446 21.0632 -44.7826 1.08564 0.72492 -1.88063 -0.693693 -0.151473 -0.704164
82.0443 25.9762 -30.9517 0.417187 0.13393 -0.7 -0.570587 -0.252366 -0.781499
101.528 -0.38125 -3.46025 -0.0523965 0 -3.9 0.0480286 -0.961922 0.269071
110.616 1.547 -1.85538 -0.827927 0.118915 -2.8311 0.759548 0.153071 0.632183
136.226 13.6466 -15.5221 -1.29363 -0.545013 -3.5 0.114877 0.288554 0.950547
124.394 14.2554 -11.3857 -0.0881695 0 -1.13828 0.867142 0.117958 -0.483892
137.006 20.354 -19.2295 -15.8432 0 -1.6 0.176507 0.877378 -0.446154
82.7201 36.1359 -29.8521 -1.40346 -0.0871263 3.43227 -0.492816 0.47178 -0.731134
93.3779 32.18 -34.5604 -1.69112 -0.876077 4.2 -0.0903159 -0.128341 -0.987609
95.6431 38.1802 -39.9464 0.0717557 0 3.8 -0.307863 0.944921 0.111107
105.537 20.2875 -42.2769 0.374895 0 4.30324 -0.554235 -0.830842 -0.0502505
98.048 32.2197 -46.642 0.072518 0 4.2 0.0610657 0.386878 -0.920107
89.299 8.567 -1.323 0.190184 0 -3.5 -0.410863 -0.748172 -0.52099
99.5471 25.1496 -19.189 0.259854 0 -1.18167 0.957612 0.265844 -0.110933
78.7849 22.9905 -8.65888 -1.34429 0.229438 -2.14003 -0.725608 -0.511645 0.460123
74.6087 11.8188 -24.653 -0.176946 0 -0.7 -0.756727 -0.557818 0.340886
98.7432 20.6143 -9.54825 0.551 0 3.05016 0.303053 0.828351 -0.471162
83.8029 9.84962 -25.4805 -1.8798 -0.0814052 -3.5 -0.0790191 0.0282653 -0.996472
106.555 1.6695 -11.079 -0.167293 0 -0.4 -0.484611 0.256978 -0.836131
125.597 20.6322 -41.7061 -0.282742 0 -0.9 -0.412579 0.852754 0.320295
102.563 38.0185 -27.77 0.0227479 0 -1.3 -0.00595194 0.519441 0.854486
111.157 29.5658 -24.3668 -0.521825 0 -2.55048 0.246677 0.196683 0.948929
71.5938 19.382 -18.88 0.0463383 0 -0.4 -0.78322 0.43785 -0.441423
73.1198 17.9956 -21.2489 -0.436242 0 -0.8 -0.98655 0.0307895 0.160532
82.4635 23.9755 -28.6036 0.172517 0 -0.7 -0.991522 0.112078 0.0657473
111.081 12.3177 -44.3714 -0.0469253 0 -0.4 -0.634799 0.298289 -0.712779
107.201 22.161 -0.09775 -0.624044 -0.209406 -3.5 -0.299121 0.194937 0.934091
118.94 26.173 -26.9156 -0.391362 0.693318 -4.5 0.0875913 0.683355 0.724813
131.988 22.2195 -47.6925 0.974839 0 -4.5 -0.310458 0.394405 -0.864905
107.756 20.44 -35.6295 -0.659078 0 -3.5 -0.0104116 -0.972464 -0.23282
79.7998 3.89062 -22.6003 -0.970835 -0.321368 -3.5 -0.696264 -0.44438 -0.563688
114.646 9.40725 -37.3973 -0.537685 -0.392866 -1.10745 0.0990907 -0.995077 0.00182874
73.099 19.3773 -26.1215 0.130332 0 -0.8 -0.40543 0.724841 -0.556985
105.816 14.627 -24.7763 1.24279 0 -3.9 -0.496351 -0.548127 -0.673195
80.2718 34.7943 -28.2191 0.0246852 -0.100142 3.8 -0.320818 0.533715 -0.782447
100.421 25.7985 -9.36625 -0.274442 0 0.00661894 0.872002 0.467906 0.143794
90.0575 18.5625 6.7065 0.327374 0.124565 -4.5 -0.608172 0.541067 0.580838
79.1665 5.50575 -9.228 -0.313331 0 3.8 0.179693 -0.571947 0.800367
123.054 15.7198 -9.15175 -0.341107 0 -1.6 0.263605 0.93069 0.25363
124.878 15.4564 -50.8592 -0.475088 -0.384574 -1.2402 0.158715 0.360065 -0.919327
109.96 22.914 -9.18725 0.451717 0.351372 -3.5 -0.404908 0.913188 0.0462263
114.391 26.8426 -8.76637 0.351163 0 -1.6 0.0184344 0.943276 -0.331497
109.061 15.62 -20.578 -0.0209438 0 -1.3 0.799501 0.230241 -0.554786
103.394 23.4079 -26.3398 0.0567488 0 -4.5 -0.124692 -0.876782 -0.464441
104.014 14.5188 6.75275 -0.173707 0 -1.3 0.363956 0.269242 0.891653
116.034 10.498 -30.116 -0.177449 0 -3.2 -0.274345 -0.555537 0.784929
109.997 9.93919 -18.1625 -0.737723 -0.0933068 -1.3 0.115608 -0.993066 -0.0213048
111.012 7.896 -40.122 0.683124 0 -3.9 -0.342103 0.123803 0.931471
76.3005 10.729 -23.4961 -0.0531925 0 -0.7 -0.879382 -0.469056 -0.0816911
91.1489 8.17212 -1.88787 -0.551798 -0.144934 -2.30816 -0.439807 -0.828796 -0.345929
77.4299 20.4433 -23.2974 0.411885 0 -0.8 0.114854 -0.0639556 -0.991322
100.448 13.183 11.8146 -0.452372 -0.775277 -0.8 0.0636149 0.136378 0.988612
104.072 31.853 -44.8273 -0.734287 0 -3.5 0.158018 0.318338 -0.934714
120.607 16.6355 -27.983 0.193258 0 -0.8 0.994307 0.00499487 -0.10644
112.951 24.778 -3.004 0.355485 0.410137 -0.6 0.812248 0.546351 0.204339
118.693 29.6361 -30.9656 -0.0969469 0 1.03874 0.60139 0.630315 0.490951
132.881 21.2151 -48.0251 1.05865 0.0559746 -4.5 0.0493127 0.119881 -0.991563
102.825 7.35463 4.521 0.028871 0 -0.381304 0.662483 -0.426733 0.615642
104.029 22.2375 -45.0186 0.125567 0 4.5 -0.486101 -0.79652 -0.359529
95.7503 36.5969 -37.048 0.224024 0 3.8 -0.804523 -0.234089 0.545844
85.5371 11.7766 -8.52038 0.785582 -0.0827057 -3.07561 0.0555709 -0.885689 -0.460941
93.8313 8.6505 7.7445 1.04152 0.404794 -3.9 -0.425044 -0.180792 0.886934
88.0211 18.9636 -29.0963 0.00412891 0.251581 -2.32672 -0.241562 -0.961182 -0.133331
101.856 21.6046 -9.94837 0.0838394 0 3.8 -0.479998 0.689777 -0.542043
122.149 30.4172 -39.4695 -0.413601 0 2.26881 0.286412 0.301679 -0.909372
104.507 38.365 -32.8175 0.503051 0 -1.3 0.600226 0.656003 0.45759
88.8619 22.0387 -3.47875 0.683483 0 -3.5 -0.883728 0.141612 0.446062
124.993 16.9718 -37.3385 -0.394204 0 3.8 0.811952 -0.559735 -0.165622
123.122 13.8086 -51.3421 0.0560847 0 -0.9 0.074042 -0.354177 -0.932243
134.938 19.277 -48.5185 0.11114 -0.405596 -0.971227 0.588911 0.59097 -0.551306
96.248 23.9699 -33.1119 0.764568 0 2.8 0.0292607 -0.238036 -0.970815
135.85 15.3694 -45.371 -1.57112 -0.0302673 0.630069 0.435951 -0.889667 0.135789
102.579 21.7906 3.172 -0.545182 0 -2.11519 0.974853 -0.0886027 0.204478
91.8774 11.0553 5.88363 0.465376 0.595053 -3.9 -0.703986 -0.075361 0.706205
94.0068 29.606 -8.8645 -0.25963 -0.0633967 -4.23829 0.623116 0.155777 0.766459
112.913 16.915 -17.2026 -0.388375 -0.0131772 -0.8 -0.142489 0.752385 -0.643128
104.188 24.185 -26.9014 0.386903 0 -4.5 0.632924 -0.340298 -0.695417
91.927 6.08825 -16.984 -0.128191 0 -1.3 0.278213 -0.891307 -0.358007
113.408 21.6772 -46.6265 0.315033 0 -4.5 -0.103488 0.462984 -0.880305
84.8282 8.72762 3.8495 0.276672 0.0307487 -3.5 -0.462133 -0.542951 0.701168
91.0501 20.6695 3.74088 1.31394 0 -3.5 -0.349344 0.668308 0.656752
99.322 23.5158 -3.01325 -1.50638 -0.189454 4.2 -0.00931588 0.889933 -0.455995
136.535 16.6262 -20.5575 -0.739741 -0.213805 -2.82066 0.474327 0.0786183 -0.876831
86.9753 36.6235 -23.8773 -0.125802 -0.360498 -0.8 -0.361806 0.145707 0.920796
133.585 13.2479 -35.9916 0.737263 0.383965 1.8 0.384552 0.201468 0.90085
101.234 2.8925 6.02975 -0.246655 0 -0.4 0.138712 -0.353797 0.924979
80.374 2.82975 -21.231 -0.297135 0 -3.5 -0.639976 -0.735275 0.223163
105.734 38.478 -34.1623 0.212447 0 1.63245 0.602301 0.44449 0.66307
117.579 7.40725 -34.1694 0.532034 0.000893864 -0.8 -0.383336 -0.696155 -0.606977
99.2614 23.0291 -4.23975 -0.176546 0 -0.4 -0.280293 0.958957 -0.0428508
122.194 13.2738 -36.2658 0.328519 0 4.14406 -0.561067 -0.788232 -0.252771
94.5544 11.6665 5.901 0.45996 -0.442815 -2.38936 -0.579553 0.446991 0.681408
87.0938 35.7325 -14.9633 0.383404 0 -3.5 0.982722 0.0719907 0.170512
112.895 16.2365 -45.9098 0.976328 0 -4.5 -0.168895 -0.422735 -0.890376
108.889 29.5039 -23.7321 -0.195499 0 -3.5 0.178772 0.717599 0.673122
133.548 21.8446 -44.1179 0.0976676 0 -4.5 0.18005 -0.0520103 0.982282
99.5232 24.1682 3.34375 -1.24904 0 -3.5 -0.823951 -0.317768 0.469178
104.291 -0.48 -4.18675 0.227349 0 -3.5 -0.560913 -0.826318 0.0507488
74.7245 12.6468 -23.626 -0.0104706 0 -0.7 -0.73519 -0.564981 0.374557
92.9835 32.79 -16.1947 0.728753 0 -4.5 -0.477831 0.64906 0.591945
124.485 9.6605 -45.3563 0.862135 0.694164 -3.5 -0.278095 -0.927835 -0.248565
89.0929 8.8535 3.79975 0.245741 0 -3.5 -0.0451818 0.0121737 0.998905
90.1823 21.5317 -5.58425 0.493265 0 -3.5 -0.08038 0.736593 -0.671543
127.714 7.532 -45.612 0.723592 0 -3.5 -0.367172 -0.654818 0.660604
124.956 15.816 -16.382 -0.477417 -0.479441 -1.6 0.523712 0.817836 -0.238473
93.5167 48.0655 -30.9597 -1.44987 0 -3.5 -0.772546 0.613033 -0.165416
74.6592 25.0401 -15.9757 -0.119358 0 -0.7 -0.722126 0.690702 0.0382788
110.482 30.1539 -43.7094 -0.00116595 0 4.2 -0.0205966 0.800732 -0.598668
108.559 18.9235 -20.7908 0.0198373 -0.127465 -0.8 0.742921 -0.52381 -0.416762
103.148 5.39956 -11.3346 -1.56382 -0.913386 4.5 0.218327 -0.791224 -0.571225
95.1687 24.823 2.76662 0.132901 0 -3.5 0.101813 0.60787 0.787482
104.24 9.768 10.3554 0.458819 0 -3.5 0.845664 -0.23408 0.479645
105.962 16.2677 5.26837 -0.107469 0 -1.3 0.312335 0.817084 0.484583
119.659 26.9425 -32.368 -0.413826 -0.0213743 2.5 0.77193 0.589954 0.23681
77.3785 25.0665 -9.19 -1.35668 0 -3.5 -0.883252 -0.0218875 0.468388
97.728 35.324 -21.877 -0.249844 0 -0.7 0.501046 0.415326 0.759248
110.077 21.4865 -18.626 0.0373514 0 -0.8 0.624983 0.210694 0.751668
122.747 31.5485 -39.145 -0.244286 0 2.8 0.0418945 0.456764 -0.888601
113.613 17.0531 -33.5136 -0.499466 0 3.27467 -0.881346 -0.226732 0.414515
73.9494 19.2395 -20.7183 -0.140009 0 -4.5 -0.685598 0.673906 -0.275328
86.177 9.01125 -25.9123 -0.0229895 0 -3.5 0.295116 0.633428 -0.715315
76.4027 10.5208 -24.8105 -1.36453 -0.0501838 -0.875504 -0.822197 -0.569082 0.0117186
120.282 17.602 -29.1499 -0.0835007 0 -0.8 0.958596 -0.227214 0.171659
94.6365 24.2057 -2.1125 -0.810958 0 -3.5 -0.597212 0.113066 -0.794074
123.743 26.993 -41.4463 -1.20322 -0.292703 4.2 0.669126 0.281004 -0.687973
85.4409 41.3101 -29.4135 0.0415999 0 -0.4 -0.593742 0.804416 0.0196258
84.7688 4.08262 -20.1261 -0.282527 0 1.9 0.270577 -0.961667 0.0445409
113.026 9.46113 -34.6376 0.257855 0.0469729 -3.2 0.155644 -0.9019 -0.402928
91.5829 35.3036 -34.5141 -0.714274 -0.825921 -3.5 0.585329 -0.0109041 -0.810723
105.805 12.7745 -18.0654 0.453923 0.278203 -2.54406 -0.94136 0.227205 -0.249438
113.3 13.6849 -31.8162 -0.271872 0 -3.2 -0.0490608 0.486766 0.872154
85.5307 6.0755 -9.53162 0.5074 0 -1.38001 0.0871933 0.78884 0.608381
79.1516 7.24475 -15.9163 -0.414923 0 -0.42564 -0.448316 -0.388072 -0.805241
88.1217 5.89625 -15.9145 -0.154349 0.350003 -3.2 0.249379 -0.967603 0.0394286
126.1 22.0185 -34.6555 -0.0481328 0 3.8 0.85601 0.453292 0.248543
90.1527 39.0062 -20.6741 0.11892 -0.136886 0.59781 -0.628198 0.503882 0.59285
89.203 25.491 -9.6555 0.946156 0 3.8 0.32987 -0.427388 0.841739
124.932 14.9114 -10.316 -0.216884 0 -1.6 0.787571 0.539754 -0.297316
126.692 10.3212 -16.9112 -0.619889 -0.543553 -3.5 -0.347185 -0.599893 -0.720826
89.7952 10.943 -27.0037 -0.0758713 0 -0.7 -0.772729 -0.632019 -0.0586708
97.8849 24.0018 -36.5358 0.228223 0 -1.3 -0.9733 -0.168478 -0.155895
89.6373 35.7701 -18.9496 0.602726 0 -3.5 -0.161452 0.424184 0.891067
95.995 39.3015 -43.084 6.03751 0 1.8 -0.989453 -0.119275 -0.0821909
106.813 22.345 -44.8905 0.255683 0 4.5 0.624783 -0.58226 -0.520211
133.288 8.03537 -13.7555 -1.47489 -0.00548988 -3.5 0.514534 -0.646183 0.563651
90.8019 17.6252 9.3045 0.370674 0 -4.5 -0.228842 0.925346 0.302267
101.828 5.9555 5.10475 -0.811741 -0.255041 3.8 0.742106 -0.300616 0.59909
105.822 0.5715 -10.39 -0.554802 0 -0.4 -0.637779 -0.0584753 -0.767997
103.167 23.645 -0.291625 0.263663 0 -3.5 0.539459 0.835549 -0.104124
106.08 20.2603 -43.3406 0.353099 0 0.632625 -0.513552 -0.471263 -0.71706
118.683 22.5084 -9.61187 -0.140392 0 -0.8 -0.0360698 0.97998 -0.195802
100.88 0.74675 -2.2495 0.113224 0 -3.9 -0.58459 -0.637454 0.501903
116.223 23.773 -45.1941 0.68602 0 1.8 -0.522125 0.139069 -0.841454
110.857 21.1755 -1.34525 0.0298679 -0.225016 -2.64289 0.555685 -0.387484 0.735575
99.8236 38.8725 -28.4958 0.404101 0 -1.3 0.0327353 0.735057 0.677215
76.8213 16.4048 -25.1852 0.545455 0.21986 -0.7 0.585125 0.60635 -0.538486
122.049 10.2075 -17.7199 -0.891802 0 -2.05901 0.15043 -0.109009 -0.982592
97.0368 21.4182 -27.2812 -1.28037 0 -0.4 0.999591 -0.0190276 -0.0213682
96.771 10.3783 -15.7136 0.348737 0.769288 3.8 0.0328954 -0.160895 -0.986423
107.746 10.7454 -20.3125 0.0998778 0 -1.3 0.0174959 -0.714366 -0.699553
106.377 10.0802 4.49575 0.0106644 0 -1.3 0.0828045 -0.637071 0.766344
97.5583 8.08844 -14.8648 0.00837687 0 3.8 0.0351867 -0.624231 -0.780447
132.53 18.4515 -49.3283 0.577046 0 1.8 -0.536258 0.559144 -0.632286
113.315 -1.02725 -9.18375 -0.140158 0 -4.5 0.426049 -0.589231 -0.686505
115.651 32.2174 -39.1577 -1.59724 0 -3.5 0.816971 0.551859 -0.167364
84.5182 0.79925 -15.344 0.419094 0.220035 -4.5 -0.101462 -0.207095 -0.973045
87.8727 10.5457 -4.264 0.729262 0.193874 -2.49635 -0.530936 -0.843939 -0.0766348
129.242 17.5557 -18.221 -0.0709956 0 4.5 -0.406261 0.760498 -0.506553
97.9286 7.12787 8.2325 0.325848 0 -3.5 0.156611 -0.0286393 0.987245
100.603 1.60625 -1.26425 0.0726484 0 -3.9 -0.629274 -0.447642 0.63532
110.668 20.704 -20.872 -0.104178 0 -0.8 0.678122 -0.715035 0.169927
98.7244 19.5615 -22.5909 -0.494329 0 0.575133 0.694799 0.629363 -0.348076
75.9837 16.6361 -10.0214 -0.0441087 0 4.2 -0.524917 0.3512 0.77532
102.812 0.643125 -8.97812 -1.2368 0 -3.5 -0.237071 0.20263 -0.950126
109.862 25.6571 -5.69513 -0.435082 0 -0.531519 -0.593357 0.793241 -0.136736
79.13 28.2348 -9.60262 -0.0958219 0 -3.5 -0.689042 0.0161761 0.724541
93.25 34.3715 -17.9575 0.632753 0 -4.5 -0.125157 0.66207 0.738917
121.593 18.021 -30.4481 0.201975 -0.198764 -2.37723 0.434037 -0.485943 0.758598
94.168 11.7163 -18.335 0.492903 0 0.576516 0.78797 -0.43896 -0.431761
116.175 24.0826 -10.3622 0.0531832 0 -1.6 0.603548 0.273845 -0.748825
91.7747 8.836 -25.1124 4.03652 0 -0.4 0.803276 0.141216 -0.578624
112.824 2.13825 -12.6535 0.775876 0.481025 -4.5 0.0273606 -0.709799 -0.703873
98.275 35.686 -22.832 -0.185534 0 -0.7 0.721385 0.579022 0.379917
90.7801 32.6725 -13.4698 0.394946 0 4.2 0.281415 0.871249 -0.402157
104.493 20.803 -41.1948 -0.29688 0 1.1928 -0.13004 -0.988058 -0.0826466
115.551 9.426 -43.069 -0.0120589 0 -3.9 0.6585 -0.740452 -0.134569
132.012 9.39025 -41.8615 -0.419967 -0.423643 -0.7 0.540549 -0.370516 -0.755331
72.8831 15.6088 -14.5673 -0.233964 0 4.5 -0.578239 -0.779402 -0.24119
91.6933 37.7482 -17.8706 0.527236 0.223458 -0.8 -0.262934 -0.229946 0.937012
123.855 10.749 -38.518 0.166533 0 2.8 -0.434937 -0.614 0.658661
110.967 9.47462 -41.6605 0.480761 0 -3.9 -0.843124 0.339324 0.417134
74.5371 23.1451 -16.3269 -0.0263707 0 -0.7 -0.89988 0.138532 -0.413551
92.2639 44.3304 -34.9237 1.21413 0.050642 -3.9 0.496881 0.68208 -0.536541
109.815 4.60162 -0.58325 -0.342673 0 -0.7 0.735342 0.13239 0.664639
114.146 -0.109 -4.692 0.112954 0.366149 -4.5 0.182753 -0.245854 0.951923
85.3418 24.474 -30.6817 -0.875285 -0.119299 -0.7 0.073065 -0.0443112 -0.996342
114.369 9.4335 -40.1059 0.0419546 0 -3.9 0.619153 -0.623387 0.477533
93.2548 3.9805 2.931 -0.144727 0 -0.8 -0.740845 -0.189185 0.644483
116.872 29.0116 -29.9876 -0.182929 0 1.43977 0.0930613 0.869329 0.485393
94.0803 40.1987 -36.089 0.39023 0 3.8 -0.896016 0.163093 -0.412985
95.1735 2.20925 -5.10362 0.0683824 0 -1.3 0.415199 -0.841962 0.344544
104.126 13.212 11.215 0.657077 0.675856 -0.8 0.935791 0.232663 0.264883
81.8235 11.5765 -2.102 -0.203343 0 -3.5 -0.86762 -0.392119 0.305741
110.565 1.02638 -10.9452 0.246715 0 -2.42239 0.202252 -0.649545 -0.73293
130.403 10.1777 -46.2246 0.319799 0 -3.5 0.827166 -0.561953 -0.00214931
128.788 15.8837 -50.1275 0.209043 0 -1.6 -0.093884 0.928165 -0.360134
75.7245 23.7325 -12.1285 -1.22481 0 -0.7 -0.745316 0.0686016 0.663173
119.486 26.9928 -27.8472 0.0121408 0.440567 -3.4926 0.237117 0.709697 0.663405
77.7815 11.4104 -16.7636 -0.158084 0 -0.7 -0.989188 0.0941563 -0.112433
89.399 16.698 9.922 0.480399 0 -4.5 -0.731979 0.67978 -0.0458851
86.6735 10.7773 -4.05025 0.650586 0 -3.5 0.177005 -0.975467 -0.130894
86.7008 37.5978 -23.8307 -0.811877 -0.47313 -0.8 -0.293798 -0.160493 0.942297
125.414 18.8577 -28.7773 0.151702 0 -4.5 -0.971455 -0.209658 0.110986
101.599 28.4282 -44.3744 -0.253 -0.160017 -2.00745 -0.133609 -0.206648 -0.96925
82.5677 5.50975 -22.7138 -0.427572 0 -3.5 -0.387422 0.384911 -0.837704
121.876 9.20675 -42.9304 0.374545 0 2.8 -0.341635 -0.902414 0.262553
117.846 21.9975 -7.989 -0.304867 -0.993658 -0.8 0.433936 0.644151 0.629896
98.3073 8.90187 12.8486 0.0659388 0 1.8 0.0843939 -0.784808 0.613966
85.1868 10.7335 -10.7881 1.22925 0.427421 -2.48591 0.0489871 -0.330854 0.94241
92.2129 10.5811 -27.8894 0.0959762 0 -0.7 0.646132 -0.748188 -0.150758
113.218 27.861 -25.0065 -1.11173 -0.107608 -3.5 0.741073 0.249085 0.623513
94.7493 35.593 -42.17 0.0582452 0 3.8 -0.776395 -0.352017 -0.522776
104.109 4.85475 -9.19413 -0.594248 0 2.28682 -0.113044 -0.691561 -0.713417
111.943 4.987 -13.1426 0.0475221 0 -4.5 -0.957556 -0.196327 -0.211051
73.338 15.2556 -24.6115 -1.08336 0 -0.8 -0.59806 -0.537217 -0.594745
99.6059 21.5556 1.959 0.464093 0 -0.7 -0.661061 0.411777 0.627246
111.439 24.9466 -12.8885 -0.785086 -0.268283 -3.5 -0.308371 0.940038 0.145723
79.5121 29.6943 -19.6689 -0.062993 0 -3.5 -0.678003 0.221101 0.701018
126.292 12.4229 -51.965 0.0354103 0 -4.5 0.328287 0.46552 -0.821899
81.645 3.95625 -14.5011 -0.791449 0 1.8 0.503908 -0.0304398 -0.863221
116.682 12.9146 -4.08938 -0.943824 -0.737367 4.5 0.204895 0.528692 0.823713
94.4597 17.4994 13.1074 0.397541 0 -4.5 0.593838 0.637042 0.491461
102.338 37.576 -39.7876 -1.33253 -0.171306 2.6543 0.19471 0.866557 -0.459529
123.175 22.1861 -41.6985 0.015715 0 3.11477 0.959999 0.0309285 0.278288
107.144 26.284 -21.341 -0.967462 0 -3.5 -0.457784 -0.793737 0.400519
112.616 26.3825 -23.2062 0.417336 0 -1.6 0.492261 0.71789 0.492253
105.899 27.3197 -44.2878 0.739905 0 -2.13886 0.0969828 0.248509 -0.963762
124.217 8.31487 -43.3498 0.438098 0 2.8 0.00878766 -0.892011 -0.451929
89.1619 16.1565 7.54225 0.545794 0 -2.10585 -0.898597 0.311001 0.309518
137.339 20.7325 -47.395 -1.9038 -0.0103333 -3.5 0.822308 -0.0766841 -0.563851
110.401 -1.6195 -2.3725 -1.30347 0 -3.5 0.325295 -0.888481 0.323703
93.8057 1.13 -4.7615 0.0950976 0 -1.3 0.319534 -0.943204 0.0909126
96.734 39.6884 -37.7041 0.189635 0 3.8 0.348792 0.235967 -0.907008
115.332 13.5579 -3.75887 0.355503 0 0.950855 0.6215 0.368825 0.691163
91.7385 31.5609 -15.3509 1.13363 0 -3.01068 0.00980753 0.986323 0.164533
109.877 2.9165 -0.4365 -0.403209 0 -0.7 0.651722 -0.177179 0.737472
138.253 13.179 -19.3105 0.0573858 0 -3.5 0.750674 0.285096 -0.595994
116.651 9.77125 -41.4024 -0.0877829 0 4.2 0.160661 -0.975327 0.151413
101.749 22.0623 5.10375 -0.411337 0 -0.7 0.130223 0.435629 0.890657
115.109 16.7834 -30.0939 0.0369366 0 4.2 -0.787859 -0.283553 0.546695
96.3074 15.1925 -27.492 0.283433 0 -1.6 0.304532 -0.507934 -0.805769
82.7259 32.3614 -14.315 0.598949 0 -1.6 -0.8728 0.484816 -0.0563342
102.706 33.2665 -10.5824 0.0148656 0 -0.4 0.199727 0.82807 0.523841
113.394 5.80137 -4.08925 -0.23169 0 2.93221 -0.156315 -0.855541 0.493575
105.183 22.1999 -5.17 0.591316 0 -3.5 0.58189 0.718486 0.381026
103.374 21.4599 -41.8161 -0.41045 -0.367832 1.00507 -0.576102 -0.668804 -0.469902
105.178 29.4172 -12.6228 -1.0058 -0.291106 -1.6 0.941394 -0.337013 0.0141524
92.1194 23.4111 -2.13562 -0.204225 0 -3.73668 0.338467 0.621283 -0.706716
110.401 23.354 -19.49 0.45563 0.835152 -0.8 0.451257 0.409896 0.792687
84.4522 40.2466 -28.7071 -0.000695946 0 -0.4 -0.685279 0.718652 -0.118031
112.438 33.915 -24.617 0.734565 0 3.8 -0.0949423 0.642233 0.760607
115.646 28.3059 -28.1171 -0.228562 -0.0402124 0.199604 0.307073 0.945771 0.105939
125.231 9.34175 -14.0089 -1.19198 0 -3.5 -0.116824 -0.985776 0.120825
103.341 38.6678 -49.1082 0.567174 0 -3.9 0.226149 0.12224 -0.966392
135.182 19.5368 -16.4965 -0.389856 0 -1.6 0.230166 0.662947 0.712408
88.3615 8.8735 -25.1565 0.0489504 -0.681521 -0.4 0.0180498 0.103385 -0.994478
100.587 23.4726 -13.6628 -0.889154 -0.968711 -3.5 0.463245 -0.04407 0.885134
86.0328 35.9325 -18.4648 -0.330427 -0.00474505 -0.499361 0.205228 0.975455 -0.0798018
113.208 22.6169 -13.7931 0.0913239 0 -3.5 0.643782 0.0486407 -0.763661
107.245 33.284 -42.222 0.107966 0 -1.6 0.647478 0.0939645 -0.756269
99.9634 19.4049 -34.8261 0.0566548 0 -1.69304 -0.128904 -0.473276 -0.871432
130.081 10.4853 -48.3438 -0.31975 0 -3.21079 0.666465 -0.567292 -0.483741
115.711 1.66163 -8.59325 1.13579 0 -4.05022 0.363624 -0.731668 -0.576575
94.709 23.2498 5.96187 -0.0245726 0 -0.8 0.16242 0.724161 0.670231
106.783 -1.42181 -10.0243 0.0967042 0 -0.4 -0.247115 -0.882915 -0.399244
119.879 18.6903 -6.0165 -1.12895 -0.845135 -0.8 0.382255 0.504929 0.773905
97.1074 6.12988 -11.9425 -0.144541 0 3.8 0.295549 -0.949623 0.104243
121.923 20.9888 -50.4092 -0.223436 0 -0.9 -0.0455051 0.861497 -0.50572
80.8656 32.4995 -29.0684 0.257161 0 3.68864 -0.521009 -0.447844 -0.726626
79.8398 21.6649 -12.159 -0.42953 0 -2.50574 -0.750901 -0.651039 0.110883
119.148 10.2161 -37.205 0.311482 0 4.2 0.8561 -0.456437 0.242399
106.234 4.58875 5.369 -0.143944 0.0260567 -3.5 -0.246575 -0.0648243 0.966953
86.8201 10.6233 -2.82787 0.319956 0 -3.5 0.03418 -0.987326 -0.154982
101.047 3.36713 -7.35838 -0.689285 0 1.9 -0.275095 -0.316353 -0.907879
97.6754 21.095 -10.2963 0.0481849 0 3.41298 0.867271 0.495289 0.0503041
102.838 8.48538 6.36713 -0.0222513 0 -3.5 0.607085 -0.788647 0.0973806
125.793 8.20725 -41.2749 0.162566 0 2.8 0.0401426 -0.991382 0.124697
96.789 3.47525 -1.99225 0.949887 0.343164 1.6031 0.18613 -0.959499 0.211466
126.82 20.4556 -34.5743 -0.702466 0 3.8 0.937896 0.118978 0.325876
135.945 18.865 -42.9287 -1.30144 0 -3.5 0.0238222 0.240636 0.970323
74.3195 15.0098 -15.3457 0.287537 0 1.8 -0.61054 -0.778372 0.146209
91.1841 8.38188 -21.1141 0.732745 0 0.618921 0.863431 0.100712 0.494312
105.971 27.4421 -28.9596 -0.931262 -0.00916186 -3.5 0.113602 -0.899511 0.42187
105.506 35.9075 -26.518 -0.152954 0 -1.3 0.107539 0.95549 0.274726
111.999 30.9035 -42.2961 0.183788 0 -0.0233026 0.304397 0.455263 -0.836707
87.9782 4.97375 -20.3645 0.498259 0 1.9 0.156252 -0.980241 0.121295
86.6343 24.3054 -30.7416 -1.28484 -0.10738 -0.7 -0.0611391 -0.190563 -0.979769
77.19 10.6815 -17.972 0.48851 0.153211 -0.7 -0.970609 -0.0277361 0.239059
87.653 1.52731 -13.6657 0.711754 0.00221178 -4.5 0.757104 -0.362018 -0.543817
99.9854 8.94963 10.2961 -0.539031 -0.00303651 -3.5 0.0160066 -0.940735 0.338765
138.299 11.6298 -16.238 -0.834237 -0.672805 -3.5 0.491134 -0.530675 0.690776
124.444 15.5869 -10.9674 -0.252694 0 -0.762208 0.978271 0.159856 0.132029
127.313 15.1943 -28.39 0.762028 0 -4.5 -0.0528957 -0.832655 0.551259
75.3895 27.4433 -26.21 0.747214 0 -4.5 -0.876092 -0.374905 0.303164
82.7569 38.1937 -14.8542 -0.859437 -0.68083 -3.5 -0.483921 0.866656 -0.121358
109.445 -0.473125 -10.6575 0.31126 0 -0.4 0.477484 -0.650557 -0.590579
114.778 21.8801 -13.6914 -0.096165 0 4.2 -0.166433 0.773097 -0.612063
114.078 19.7083 -47.0662 0.955339 0 -4.5 -0.205526 0.0394084 -0.977858
93.56 24.963 -10.59 -0.158602 0 -4.5 -0.283038 -0.679361 0.677022
99.7274 27.2402 -20.316 -0.00387099 0 2.11082 0.887959 0.309619 0.340096
89.8186 5.53125 -14.27 -0.080476 0 -1.3 0.0142794 -0.705121 -0.708943
88.0915 17.6653 -27.538 -0.365268 0 -3.5 -0.288972 -0.482281 -0.826983
72.1562 19.0155 -13.692 -0.102122 0 4.5 -0.879135 0.470387 0.0765345
94.2223 17.8464 -27.8805 -0.221192 -0.245023 -2.42204 0.662412 0.0320665 -0.748453
77.2998 8.60025 -16.8415 -1.28523 -0.0250485 -3.5 -0.139066 -0.655287 -0.742468
105.038 15.21 -19.466 0.649655 0.642392 -1.3 -0.721759 -0.691792 0.0220871
109.706 12.7065 -40.35 -0.371575 0 -0.9 -0.497854 -0.789166 0.359664
98.4724 23.0806 1.5025 -0.169501 0 -3.5 -0.300154 -0.273938 0.91371
99.6398 32.1134 -45.5844 0.331243 0 4.2 0.552491 -0.11048 -0.826165
130.927 16.4317 -48.9053 -0.418946 0 -1.6 -0.405159 0.667494 -0.624738
88.7696 39.1575 -33.557 0.286248 0 -3.51676 -0.692543 0.589571 -0.41568
97.4965 46.8365 -32.762 -0.111075 0 -3.5 0.902727 0.389808 0.182027
81.3549 31.771 -21.6833 0.148309 0 -2.56867 0.00317609 0.999179 0.0403839
115.053 29.7829 -26.672 -0.0420884 0 3.8 0.663675 0.00651058 -0.747992
110.676 16.8404 3.3005 0.0207439 0 -3.5 0.876585 0.426156 0.223585
106.342 39.0602 -40.0865 -0.0687317 0 2.8 0.693797 -0.015357 -0.720007
128.418 17.08 -39.208 -0.51927 0 -0.9 0.148576 0.20274 0.967895
135.016 8.29675 -40.081 -0.0992445 0 -0.7 0.937143 -0.0613274 -0.343513
112.01 14.2808 -44.4385 0.385726 0.338178 -1.97711 -0.671462 0.171918 -0.720821
83.6403 28.8986 -30.4 0.461781 0 -0.7 -0.344617 0.703889 -0.621111
99.8923 15.4733 10.8518 -0.195729 0 -0.8 -0.0277364 0.890121 0.45488
113.826 25.0257 -45.1855 0.354433 0 -0.8 0.19284 0.00373185 -0.981223
117.519 9.91813 -43.3706 0.139819 0 -0.901538 -0.13279 -0.978359 0.158682
128.111 16.906 -27.83 0.757148 0 -4.5 0.725671 -0.150655 0.671346
123.841 16.3841 -30.3165 0.316051 0.0838458 -4.5 -0.473074 -0.112037 0.87387
96.0584 29.7612 -39.9449 -0.173603 0 3.8 -0.638822 -0.768549 -0.0351874
94.2647 2.57125 -7.11325 -0.752497 -0.121498 -1.3 0.491973 -0.643159 -0.586779
103.482 21.9284 1.23787 -0.0410684 0 -3.5 0.868254 -0.135755 0.477185
109.285 18.8771 -18.4859 0.71718 0.918253 -0.8 0.978575 -0.157352 0.132786
80.0826 5.84263 -16.5146 -0.655487 -0.00272281 -2.0797 -0.808301 -0.0252188 -0.588229
96.6842 45.632 -35.8027 -1.05692 0 -0.89879 -0.559712 0.717932 -0.41388
76.5271 21.217 -24.0193 0.487261 0 -0.8 0.0681432 -0.383966 -0.920829
89.942 37.701 -20.7033 0.468626 0 1.16522 -0.828498 0.300797 0.472347
96.6519 28.6384 -39.8438 0.301735 0 -0.7 -0.952643 -0.181458 -0.244016
98.5768 32.6968 -17.0478 -1.3851 -0.370094 -3.5 0.36511 0.880563 -0.302165
79.4544 31.4902 -8.27075 -0.0213439 0 -3.5 -0.649031 0.154408 0.744927
126.388 8.95325 -38.819 0.314258 0 2.8 -0.32425 -0.723719 0.609174
115.089 8.08387 -18.4906 -0.245264 -0.553508 -0.8 0.451952 -0.650775 -0.610107
94.7631 32.108 -34.6266 0.113692 -0.643314 4.2 -0.315201 -0.114435 -0.9421
121.813 15.3682 -6.7065 0.000687843 0 4.2 -0.0602144 0.523252 0.850048
107.068 34.6305 -42.312 -0.0271678 0 -1.6 0.560302 0.550453 -0.618921
81.398 36.633 -27.8088 -0.432348 0 3.8 -0.841922 0.466868 -0.270557
110.286 -0.66575 -4.894 -1.13799 -0.114895 -3.5 0.0244191 -0.832729 -0.553142
116.185 10.7644 -2.22244 -0.101578 0 4.5 0.426919 0.560493 0.709639
74.0024 12.4045 -25.6844 -0.206359 0 -0.7 -0.956222 -0.202615 -0.211157
92.7146 45.6926 -27.3106 -0.56269 -0.0747576 -3.5 -0.836721 0.54288 -0.0719696
101.215 24.1395 -14.37 -0.595926 -0.375732 -3.5 0.766089 0.269979 0.583284
82.3111 7.94925 -7.12362 0.443731 0.0851328 -0.8 -0.0270411 -0.985448 0.167811
88.0579 7.23912 2.84488 0.154319 0 -3.5 0.204663 -0.905514 0.371696
94.2195 22.5329 -2.30725 -0.143657 0 -3.5 -0.189517 0.572004 -0.798057
129.424 12.436 -19.1931 -0.0479113 0 4.5 -0.0661359 -0.305992 -0.949734
74.9835 23.5435 -13.4712 -0.782249 0 -0.7 -0.843959 0.305918 0.440621
92.9725 11.0127 -22.994 0.713387 0 4.2 0.974072 -0.152494 -0.167118
107.028 16.7481 3.58037 0.0356232 0 -1.3 -0.252651 0.836138 0.486869
89.465 15.8026 12.1901 1.10755 0 -4.5 -0.687216 0.168663 0.706602
73.9364 18.0159 -10.9925 -0.0365147 0 4.5 -0.485995 0.0332686 0.873328
100.183 44.577 -38.525 0.0820878 0 -3.9 0.276306 -0.228291 -0.933562
83.407 6.2005 -16.398 0.0653811 0 -3.22628 0.0188213 -0.909501 0.415276
100.353 20.1676 -36.636 0.422432 0.0580223 -1.3 -0.271429 -0.851082 -0.449429
131.378 11.474 -43.854 -0.0719289 0 -3.5 0.708358 -0.680331 -0.188093
85.17 37.9851 -11.9889 0.203937 0 -3.5 0.25296 0.473208 0.843852
107.234 39.48 -35.534 -0.0496355 0 2.8 0.691379 0.280121 0.665978
98.3191 28.1165 -33.516 1.11809 0.644089 -2.66983 -0.804527 0.404003 -0.435337
98.7245 19.1268 -24.7675 -1.24041 0 -1.6 0.787632 0.310063 -0.532445
89.932 24.4995 3.297 2.22185 0 -3.9 -0.278941 0.437904 0.854653
103.291 22.6544 -24.6405 -0.160027 -0.0667606 -3.78936 -0.856536 -0.267575 -0.441305
97.8675 42.7944 -37.8666 0.0307165 0 -3.9 -0.290952 -0.331499 -0.897472
111.017 11.4551 -0.167375 -0.38122 0 1.32982 -0.376199 0.430175 0.820624
119.753 18.2869 -25.9159 -0.00561542 0 -0.8 0.533307 0.210255 0.819376
105.911 22.7474 -6.06862 -1.16997 0 -0.4 0.230899 0.518149 0.823533
114.922 30.6548 -27.2302 0.288188 0 3.8 0.855737 -0.293282 -0.426262
109.025 22.6574 -8.32613 0.172773 0.288621 -1.91735 -0.239016 0.925789 -0.292892
125.12 24.924 -33.0131 0.199402 0 4.2 0.919228 -0.00594309 0.39368
110.336 24.0334 -20.4305 0.45796 0.213515 -1.22836 0.236171 0.805044 0.544177
83.826 0.4385 -13.5825 0.11722 0 -4.5 -0.474201 -0.85674 0.202802
84.8865 7.951 2.4255 -0.0134879 -0.541856 -3.5 -0.859121 -0.509358 -0.0496514
93.5567 47.0908 -28.8347 -1.33538 -0.743437 -3.5 -0.50854 0.742317 0.436294
116.135 20.809 -5.1035 -0.154796 0 3.8 0.239858 0.438918 0.865921
124.738 24.4002 -31.6565 0.219049 0 4.2 0.933643 0.0580036 0.353478
121.865 26.6873 -33.5568 0.105002 0 4.2 -0.0966518 0.891743 0.4421
128.468 15.1221 -28.7401 0.658874 0 -4.5 0.432291 -0.71652 0.54747
91.547 32.9688 -34.123 -0.373484 0 3.8 -0.0938613 -0.149556 -0.984288
127.845 21.2319 -40.9823 -0.278562 0 -0.9 0.0726708 0.907525 0.413664
89.703 2.04588 -11.1418 0.0936341 0 -4.5 0.578859 -0.804834 0.131012
100.257 40.8325 -41.821 0.0514491 0 1.8 0.494325 0.369164 0.786994
84.641 18.0119 -27.4282 -0.0932006 0 -3.5 -0.365132 -0.406326 -0.837602
96.887 44.4787 -31.4543 0.870121 0.282464 -3.5 0.932063 0.171342 0.319218
101.901 38.6289 -48.698 1.03478 0 -3.9 -0.194114 0.44373 -0.874885
114.63 -1.88225 -5.9245 0.232657 0 -4.5 0.671354 -0.71609 0.191047
72.0364 18.2196 -25.2674 -0.0759979 0 -0.8 -0.976804 0.0464081 -0.209047
92.3444 8.10213 -22.1115 1.35975 0 -0.4 0.708471 -0.323326 0.627319
115.743 34.1905 -28.6915 -0.0120991 0 3.8 0.566681 0.633391 -0.526961
77.3942 31.1464 -27.162 0.457099 0 1.81826 -0.963327 0.264252 0.0465973
120.629 10.723 -47.6705 -0.613843 -0.00207636 -3.5 0.214348 -0.575328 -0.789337
80.0231 18.3376 -25.4457 0.24853 0 -3.14501 -0.9301 0.136139 -0.341146
109.928 6.748 -12.701 -0.225825 0 2.8 0.265918 -0.620586 -0.737672
110.399 11.3052 -31.9704 -0.596352 0 -3.2 -0.577007 -0.221644 0.78609
135.493 10.571 -18.3909 -0.0461344 0 -3.5 0.326914 -0.652471 -0.683674
100.849 4.84113 5.706 -0.237143 -0.0741203 0.424255 0.650537 0.0617705 0.756958
128.095 8.53725 -49.0918 0.567245 -0.451338 -3.9981 0.775094 -0.131789 -0.61795
117.333 21.9138 -11.5134 -0.151242 0 4.2 0.270258 0.910539 -0.312856
79.3412 29.511 -29.0006 1.02838 0.126025 -4.5 0.459973 -0.0298972 -0.887429
98.6536 38.3264 -28.1623 -0.0498026 -0.130827 -1.3 0.331961 0.396367 0.855976
102.441 2.13625 4.89625 0.156625 0 -2.41408 0.301268 -0.586067 0.752172
103.43 42.3327 -36.4272 -0.235451 -0.0632849 -0.457378 0.0774728 0.895899 0.43745
102.065 -0.11 -1.49625 -0.0737298 0 -3.9 -0.562366 -0.798646 0.214264
118.468 27.8824 -28.0338 -0.589355 0 -0.8 0.285062 0.637293 0.715959
92.9164 20.827 -8.43312 0.289646 -0.0424721 2.97423 -0.280361 0.955365 0.0931408
95.4258 42.1001 -25.3096 0.00735032 0 -2.62904 0.954913 0.294084 0.0406784
134.923 24.0187 -44.1435 -0.290807 0 -4.5 0.509401 0.0977761 0.854956
109.236 22.4058 -44.0405 0.337183 0 2.03521 -0.45072 -0.329012 -0.829821
117.962 16.334 -4.70988 -0.305554 0 4.08429 0.631012 0.0504051 0.774134
126.565 19.2074 -47.8511 0.0377391 0 -0.9 0.613187 0.493165 -0.617082
79.9446 3.74137 -20.1361 0.0799172 0 -3.5 -0.682636 -0.646511 0.340633
98.6315 1.79675 5.74525 -1.19985 -0.261352 -3.5 -0.166218 -0.927302 0.335383
95.0246 36.1829 -32.0556 0.289984 0 3.8 0.251155 0.490362 -0.834546
125.855 13.7738 -31.0559 -0.670242 -0.114608 -4.5 -0.0564183 -0.730404 0.680681
104.388 9.13237 -18.9836 -0.818663 -0.247338 -4.06946 0.314134 -0.448619 -0.836697
96.022 4.12125 8.647 0.500337 0.508323 -3.5 -0.247098 -0.816724 0.521445
127.478 18.6029 -47.5349 -0.350943 0 -3.26001 0.0668933 0.507924 -0.858801
133.841 19.6752 -43.8214 -0.245567 0 -3.5 -0.240257 0.135038 0.961271
97.1363 32.628 -15.195 -0.676418 0 -3.54092 0.0892499 0.991341 -0.0963164
101.339 39.0878 -29.5513 -0.156451 0 -1.3 0.120476 0.945419 0.302769
135.145 12.726 -19.7985 0.0437931 0 -3.5 -0.528438 -0.23911 -0.814604
87.7897 26.1701 -8.33912 0.726942 0 -3.5 0.490346 -0.189141 0.850756
103.265 10.7122 11.3166 0.271666 0.488499 -3.5 0.378792 0.0394613 0.92464
110.391 23.2695 -8.00775 -0.370679 0.760028 -2.83725 -0.494055 0.782634 -0.378673
117.045 32.0558 -35.7907 -0.203737 0 -0.7 0.421112 0.344802 -0.838914
97.2139 4.04887 -7.879 0.076659 0 -0.8 -0.025782 -0.565586 -0.824286
118.883 15.6201 -4.79112 -0.330486 0 4.2 0.155576 0.231218 0.960382
104.293 38.5579 -48.2815 1.19288 0 -3.9 0.74592 0.107976 -0.657225
113.805 34.3439 -28.3438 0.0394393 0 3.57683 -0.194369 0.969388 -0.150022
94.2845 33.1496 -34.7251 -0.356367 0 4.2 -0.0937164 0.194399 -0.976436
95.6695 38.7016 -38.7229 0.0864678 0 3.8 -0.205167 0.735874 -0.645287
117.355 12.7913 -47.55 0.310148 0 -3.5 -0.120989 0.160528 -0.979588
96.5265 43.3205 -37.7145 -1.24727 -0.0511757 3.8 -0.297089 -0.174074 -0.938848
103.022 1.02075 4.0645 0.824255 0.63921 -3.5 0.0892972 -0.710946 0.697554
103.679 15.6185 6.44325 -0.175373 0 -1.3 0.418275 0.539676 0.730613
116.922 0.73075 -6.22125 0.238406 0 -4.5 0.909876 -0.414562 -0.0162522
89.2517 23.1406 -2.85013 0.538245 0 -3.5 -0.850928 0.518423 0.0846131
105.58 32.1136 -25.7633 -0.937818 0 -2.36504 -0.15638 -0.133263 0.978666
111.701 10.241 -35.8584 -0.159393 0 -3.35013 -0.241827 -0.852351 -0.4637
91.093 4.286 -1.988 0.0480442 0 -1.3 -0.996447 -0.0815381 -0.0210727
106.625 13.6155 -41.818 0.0624554 0 -0.9 -0.966501 -0.229633 -0.114647
97.165 45.3942 -32.3973 0.00909873 0 -3.5 0.937844 -0.0749555 0.338868
130.429 22.6925 -46.3235 0.374841 0 -4.5 -0.723694 0.638264 -0.262462
125.97 20.854 -40.7875 -0.227083 0 0.597182 -0.477175 0.815073 -0.328574
83.1781 7.28813 -23.2855 -0.207634 0.0532346 -3.5 -0.886739 -0.286134 -0.363073
129.023 8.9485 -41.5085 0.0768753 -0.0217358 -0.481131 -0.111008 -0.969426 -0.218839
119.369 17.9907 -49.7402 -0.507196 0 -0.9 -0.878743 0.213826 -0.426719
98.4075 3.65263 0.1295 -0.0481794 -0.107793 3.41535 0.267435 -0.96252 -0.0451019
97.1581 2.679 -7.12187 2.52676 0 -3.59601 -0.365062 -0.25901 -0.894228
90.1332 31.8441 -9.57812 -0.154588 0 0.137915 0.211255 0.749718 0.627132
89.1268 31.5841 -33.0545 -0.107171 0 3.8 -0.520049 -0.261077 -0.813258
95.866 29.2913 -33.419 0.843 0 -3.5 0.467697 -0.346174 -0.813279
95.451 27.3295 -2.415 -1.68902 -0.705791 -3.5 -0.487221 0.469968 -0.736034
104.58 22.287 0.0675 -0.167466 0 -3.5 0.645195 0.315324 0.695913
109.79 26.154 -27.4655 -0.103373 0 -1.6 -0.221406 -0.869728 -0.441081
99.3119 9.29975 -15.9419 0.0638411 0 -3.5 -0.509537 -0.630038 -0.586024
132.774 14.5769 -48.5636 -0.439108 0 -0.53454 0.78369 -0.613505 -0.0971675
123.505 10.242 -48.9043 0.640935 0 -4.5 -0.872104 -0.464673 0.153343
114.184 9.45862 -38.7624 -0.836987 0 -3.5 0.493748 -0.865749 -0.081802
99.8735 48.594 -35.1792 1.71465 0 -3.9 -0.147058 0.275318 0.950039
95.6765 6.05325 -11.1497 -0.185509 0 3.53672 0.449316 -0.890064 -0.0768216
118.581 30.7466 -37.5363 -0.258613 0 2.66762 -0.132457 0.990849 -0.0259569
109.051 11.9017 -43.494 0.198762 0 -0.9 -0.600637 -0.556365 -0.574189
116.32 27.2512 -43.431 -0.228906 0 3.01456 0.179568 0.699125 -0.692084
92.5443 24.364 2.7565 1.37741 0.228867 -2.46572 0.0720383 0.870028 0.48771
108.169 -0.39025 -1.2075 -1.72695 -0.831368 -3.5 -0.25013 -0.502975 0.827315
128.146 20.35 -38.6151 -0.171456 0 3.8 0.951811 0.161515 0.260709
128.564 5.63375 -47.6216 0.65064 0 -4.5 0.741833 -0.591638 0.31567
72.0454 15.5785 -22.8229 -0.97708 -0.820754 -0.8 -0.977357 -0.0231907 0.21032
125.539 28.495 -36.5145 -0.0443814 0 2.8 0.716462 0.340892 0.608666
86.797 1.519 -10.187 0.77568 0 -4.5 0.203096 -0.879009 0.431387
113.369 -1.6385 -8.0545 -0.0670432 0 -4.5 0.339266 -0.788505 -0.51299
89.3249 35.7951 -36.8898 0.136941 0 -3.5 0.252169 0.262426 -0.93142
135.518 10.1628 -17.3883 -0.195595 0 -3.5 0.654628 -0.752156 -0.0756505
97.3801 14.7231 -22.3411 0.559484 0.849691 -0.8 0.014982 -0.945875 -0.324184
109.868 16.3166 -43.8699 0.2364 0.521222 -4.5 -0.713056 -0.291561 -0.637607
92.337 8.4435 7.601 1.93756 0.655381 -3.9 -0.33665 -0.0095228 0.941582
89.218 33.3691 -18.3477 0.189221 0 -1.36279 0.281367 0.514686 0.809896
80.1955 32.2305 -10.781 -0.328246 -0.0105577 -3.5 -0.138415 0.979351 -0.147351
128.841 9.65294 -49.0938 -1.267 -0.732187 -3.5 0.644757 -0.388989 -0.658009
98.867 16.2746 -31.8736 1.02787 0.844196 -3.9 -0.264662 -0.86781 0.420548
109.408 7.33375 -1.10525 -0.238119 0 3.8 -0.238706 -0.510538 0.826057
106.314 31.4697 -44.3133 0.489002 0.00557623 -3.5 0.478009 0.36263 -0.800004
86.1752 3.88775 -25.6203 -1.57058 0 -3.5 0.469165 -0.814036 0.342389
86.7182 14.8165 5.46975 -0.0390603 0 -0.4 -0.972048 0.172518 0.159249
101.53 8.68675 9.9325 -0.452474 -0.0529818 -3.5 0.119478 -0.879255 0.461124
84.455 39.852 -29.862 -0.418754 0 -0.4 -0.793091 0.562007 -0.234851
107.853 18.1408 -23.0217 -0.282484 -0.26531 -2.38198 0.842989 0.208704 -0.495794
113.139 24.4029 -4.89612 0.19761 0 -0.4 0.903574 0.0522042 0.42524
89.0314 5.43663 -5.54712 0.187453 0 -1.6 -0.507025 -0.352221 0.78668
81.9987 29.2799 -28.8433 0.517828 0 -4.16624 -0.433705 0.47689 -0.76451
76.0872 14.1424 -27.8254 0.996563 0.5324 -0.7 -0.396382 -0.190547 -0.898094
103.448 39.1474 -39.1874 -0.323276 0 2.8 -0.623324 0.110501 -0.774117
90.295 37.2882 -18.7572 0.665615 0.592532 -0.8 -0.724459 -0.207998 0.657188
104.495 25.45 -5.87125 -0.140908 0 1.8 0.887984 0.359869 0.286321
127.301 7.96325 -13.315 -1.67546 -0.379528 -3.5 -0.332854 -0.92487 -0.183914
100.641 33.488 -11.9427 -0.109656 0 0.694043 0.147595 0.986298 -0.0737014
77.7158 18.6467 -23.339 0.345456 0 -4.5 0.201156 -0.244731 -0.948495
115.972 14.6949 -29.4769 -0.754062 -0.189177 4.2 -0.870909 -0.250495 0.422812
95.6655 30.2847 -38.7221 -0.434362 -0.038841 0.328026 -0.669829 -0.72836 0.144293
93.255 17.192 13.762 0.376066 0 -4.5 0.0197653 0.159707 0.986967
87.0413 8.56713 -9.72287 0.787397 0 -1.6 -0.867487 0.175201 0.465587
92.2315 28.5928 -34.5757 -0.228368 -0.325986 -3.5 0.344663 -0.187047 -0.919903
110.191 4.13425 -41.5518 2.48686 0.0820361 -3.9 -0.51793 -0.840094 -0.161215
95.508 13.6628 -19.0805 0.385446 -0.118649 2.8 0.702894 -0.656349 -0.274129
86.9252 6.78562 0.70025 -1.28615 -0.722034 -3.5 0.212459 -0.87826 -0.428394
87.692 17.5478 1.20775 0.0813687 0 -0.7 -0.571301 0.754616 -0.322754
117.643 31.3479 -36.2103 -0.221801 0 3.8 0.0940315 0.774427 -0.625636
111.86 16.4515 -1.0885 0.0547644 0.786421 -3.0398 0.738064 0.165595 0.654094
114.935 14.8483 -3.66812 -0.0180547 0 0.591537 0.550706 0.0251156 0.834321
79.3027 4.09375 -21.5011 -0.846634 0 -3.5 -0.881664 -0.466108 0.0735683
81.1908 4.64 -23.12 -0.635959 -0.00853558 -3.5 -0.0485095 0.283239 -0.957822
99.731 22.671 2.25362 -0.31673 0 -3.5 -0.760468 -0.239051 0.603774
77.5389 12.8309 -12.9969 -1.77766 -0.330725 4.2 -0.721561 -0.488676 0.490455
80.4327 34.1516 -23.6612 0.159883 0 3.8 0.458185 0.291476 0.839707
115.748 26.3765 -45.0573 -0.300938 0 1.8 0.199374 0.596575 -0.777398
114.793 10.147 -39.2183 -0.758627 0 -3.67586 0.428689 -0.903452 -0.00110549
103.329 3.054 5.069 -0.519806 -0.035145 -1.91629 0.166631 -0.0908923 0.981821
114.938 17.8805 -29.5783 0.134692 0.319528 1.82078 -0.605982 -0.623154 0.494434
93.6214 8.96556 -18.1018 -0.147307 0 -1.3 0.420453 -0.319626 -0.849151
122.874 7.65562 -12.9263 -0.658706 0 -3.5 0.560995 -0.814327 -0.14885
91.6084 32.8447 -16.8976 0.626669 0 -4.5 -0.347601 0.566139 0.747436
84.9445 38.787 -12.9985 0.102423 0 -3.5 0.230351 0.967284 0.106304
90.5648 28.9575 -6.507 -0.388985 0 -3.5 -0.133621 -0.0784052 0.987926
114.455 6.342 -2.049 -0.222508 0 4.40223 0.0233622 -0.905207 0.424328
102.059 37.359 -43.846 0.448769 0 -2.75006 0.929581 0.0751821 0.360869
101.316 27.062 -44.2265 -0.859339 -0.390446 -2.17513 -0.164343 -0.316216 -0.934344
105.665 6.25588 4.49638 -0.138185 0 -3.5 -0.419976 0.180067 0.889492
89.7767 24.919 -32.5955 0.504985 0 0.673071 -0.478513 -0.452015 -0.7528
104.104 38.4285 -29.439 -0.187371 0 -1.3 0.482859 0.805756 0.342936
100.764 25.8204 -14.1678 0.0947175 0 -1.32696 0.981455 -0.190626 0.0202116
95.121 8.46525 8.49825 0.636431 0 -3.9 -0.404377 -0.409554 0.817768
103.672 4.84212 3.85212 -0.733344 0.265117 -0.0204008 0.0143577 0.315853 0.9487
89.8678 7.92975 2.41675 0.120953 0 -3.5 0.319769 -0.939346 0.124006
73.7706 14.995 -14.0323 -0.0202997 0 4.5 -0.36675 -0.848085 -0.382423
87.6184 23.0771 -8.22888 1.03474 0 -3.9 0.986982 0.0917671 0.132081
120.939 12.627 -18.5158 -0.119511 0 -1.6 0.0240526 0.186685 -0.982125
111.28 22.4443 -20.5475 0.449794 0 -1.55193 0.490093 -0.225338 0.84204
77.5164 23.7031 -9.49662 -0.60242 0 -3.5 -0.812776 -0.373068 0.447455
84.86 10.4489 3.21112 0.322908 0 -3.5 -0.78991 0.571961 0.221143
90.3435 6.93675 -25.6677 3.69403 0 -0.4 -0.050373 -0.375927 -0.925279
98.581 41.1577 -45.7902 0.21848 0 1.8 -0.0904843 0.610298 -0.786987
88.7709 21.7227 1.20037 0.532816 0 -3.9 -0.994996 0.0962831 -0.026687
112.982 24.523 -45.5025 0.0845722 0 -0.8 0.21408 0.160723 -0.963503
128.702 17.2205 -31.481 0.721129 0.0571161 -4.5 0.756868 0.143779 -0.637556
132.011 8.171 -18.2125 0.049778 0 -3.5 -0.0829339 -0.600475 -0.795331
121.493 6.7085 -6.6495 -0.957322 -0.137619 0.876047 0.485733 -0.478017 0.731822
93.609 4.796 -10.5895 -1.01636 0 -3.5 0.439131 -0.850189 -0.290417
79.1205 8.8465 -17.396 -0.260049 0 -3.5 -0.299595 -0.775031 -0.55639
87.1117 13.4773 3.71075 -0.931459 -0.13567 -0.4 -0.989496 0.102758 0.101677
82.4286 18.0518 -6.9165 -0.70549 -0.0953161 -0.9 -0.388935 0.836259 0.386523
108.2 21.8154 -23.4591 -0.413845 -0.315257 -1.2238 0.102691 -0.519032 -0.848564
108.823 14.5505 -38.0766 -0.772339 -0.144527 -2.82021 -0.986597 -0.118617 0.112055
105.668 9.60425 3.96525 0.00793306 0 -1.3 -0.123475 -0.355211 0.926596
127.991 11.9449 -18.4006 -0.728298 -0.0741821 -2.44887 -0.440305 -0.176873 -0.880254
103.183 23.2073 3.37725 -1.37595 -0.459227 -3.5 0.896745 -0.37083 0.241522
111.525 9.4045 -15.5258 -1.25358 -0.67335 -3.5 -0.507037 -0.452709 -0.733463
120.75 15.1691 -5.9905 -0.265149 0 4.2 0.734255 0.192651 0.650965
133.989 9.00825 -14.182 -1.36276 -0.648097 -3.5 0.851586 0.0732045 0.519078
124.336 22.7838 -45.4248 0.131684 0 1.8 0.592626 0.700614 -0.39741
133.607 10.7174 -39.3399 -4.01627e-05 0 1.8 0.931029 0.263791 -0.25219
92.5625 33.2474 -11.581 0.256443 0 -4.5 -0.377525 0.802634 0.461795
124.52 8.73525 -15.2076 -1.48477 0 -3.5 0.458406 -0.859087 0.22767
86.5052 35.3409 -21.1963 -0.591145 -0.0791256 -2.08511 -0.166403 0.87687 -0.451008
103.863 16.913 2.829 -0.428804 0 2.49065 0.555272 0.765085 0.326065
72.9571 18.6103 -20.41 -0.0321984 0 -0.52197 -0.80525 0.272596 -0.526559
122.587 15.9596 -30.6795 0.310228 -0.0271242 -3.52269 0.235522 -0.0444215 0.970853
85.6666 37.6144 -15.6257 0.246958 0 -3.5 0.399851 0.831481 -0.385693
118.828 13.1584 -4.86863 -0.701034 0 4.36628 0.469538 0.0595396 0.880902
121.229 29.1291 -40.6446 -0.129913 0 2.05689 0.596609 0.388181 -0.702405
103.396 -2.51437 -7.73787 -0.319727 0 -3.5 -0.141651 -0.966549 -0.213817
127.229 16.1451 -49.6317 -0.821138 -0.850223 -1.6 0.219649 0.843409 -0.490321
128.977 19.4282 -28.1275 -0.10979 0 -4.5 0.892634 0.122401 0.433846
99.0639 23.6779 -12.9154 0.130145 0 3.8 0.672315 -0.450547 0.587368
75.3395 24.118 -24.9635 0.839879 0.563071 -0.8 -0.693927 -0.194126 -0.693383
74.0896 14.4431 -24.7001 -0.512621 0 -0.8 -0.859114 -0.225932 -0.459215
88.12 9.653 -6.37887 1.11794 0 -2.88194 -0.779215 -0.431133 0.454916
133.733 24.8412 -47.2943 -0.256286 0 -4.5 -0.349267 0.658336 -0.666788
121.646 12.2925 -29.7938 -0.0642761 0 -0.4 0.787103 -0.355927 0.50377
127.279 6.81325 -46.5443 0.735906 0.279163 -4.5 -0.354504 -0.510588 0.783343
113.695 34.7682 -25.8027 0.388965 0 3.8 -0.193454 0.924041 0.329734
131.752 23.9445 -45.6758 0.448377 0 -4.5 -0.689968 0.674258 -0.263286
134.37 6.97412 -39.7868 -0.025437 0 -0.7 0.68549 -0.707025 -0.173836
111.277 10.4254 -16.3407 -0.393241 -0.169034 -1.58354 -0.239515 -0.940493 -0.24105
115.459 28.8022 -26.8916 -0.469678 -0.867589 -3.5 0.418365 0.69886 -0.580143
104.5 12.7359 -16.784 0.45541 0.611316 -4.5 -0.0420616 0.235509 -0.970962
84.9415 25.7463 -30.7985 -0.281152 -0.762593 -0.7 0.104879 -0.0610852 -0.992607
118.069 19.3967 -26.1989 -0.091386 0 -0.8 -0.106158 0.39734 0.91151
100.741 21.2146 -37.8946 0.315757 0.679102 -1.3 -0.503616 -0.501662 -0.703353
98.2258 22.458 -36.0415 0.296826 0 -1.3 -0.913405 -0.405648 -0.0337808
84.4841 4.4645 -24.9772 -1.65653 0 -3.5 -0.174591 -0.98392 -0.0376764
88.5586 43.4815 -27.1801 -0.0926614 0 -0.7 -0.477767 0.876715 -0.0557621
121.105 18.9622 -8.04037 -0.152686 0 -0.8 0.987523 -0.088562 0.13021
102.522 39.2155 -30.886 -0.0330357 0 -2.45445 0.326212 0.839341 0.434847
130.969 13.8228 -33.8092 0.0577345 0 -0.8 0.487673 0.625607 0.608926
104.736 23.411 -21.6286 0.147082 0 -0.4 -0.273176 0.716157 0.642257
77.0318 7.586 -13.894 -1.54885 0 -3.5 -0.575692 -0.779851 0.245786
106.471 2.19175 4.98275 -1.43344 -0.00883819 -3.5 0.145117 -0.405284 0.902599
89.073 16.4885 -27.8037 -0.61188 0 -1.53913 -0.546392 -0.0673961 -0.834813
100.139 29.275 -26.9552 -0.533767 0.105756 -3.91341 0.367725 0.55696 0.744697
99.226 28.0655 -20.8783 0.139282 0 4.2 0.820251 0.569874 0.0493113
108.172 18.5449 1.202 -0.246999 0 -3.5 -0.22348 0.610412 0.759904
96.9656 20.5159 5.18062 -0.506334 0 -1.3 0.515065 0.74335 0.426776
106.511 0.988437 3.23288 -1.08514 -0.202001 -3.5 0.665545 -0.740923 0.0899042
95.8981 3.07387 -0.967 0.984483 0.167336 -0.9354 0.379502 -0.902986 -0.201482
107.836 23.7202 -31.5985 -0.798763 -0.031077 4.2 0.480613 -0.229051 0.846491
110.314 3.8945 -1.33825 -0.230664 0 -0.7 0.85615 0.123704 0.501702
105.078 4.75375 -9.993 -0.294377 0 2.8 -0.552658 -0.645864 -0.526716
116.106 31.2547 -40.2205 -0.261017 0 -3.5 0.440803 0.845908 -0.300221
134.861 16.7091 -15.1704 0.00136062 0 -1.6 0.180187 -0.184801 0.966117
133.76 24.2003 -43.4216 -0.149221 0 -4.5 0.198793 -0.0366772 0.979355
79.1722 28.2057 -11.9143 0.475615 0.337944 -3.5 -0.932059 0.197128 -0.303984
110.385 36.8573 -32.5973 0.295099 0 -0.4 0.0692857 0.968476 0.239277
83.1779 36.3476 -16.8851 0.0446706 -0.406851 -1.90506 -0.743838 0.463529 -0.481504
83.7073 16.9237 -27.2962 -0.568954 -0.744823 -3.5 0.173386 0.411853 -0.894603
73.0358 18.7537 -11.7753 -0.0372335 0 4.5 -0.726519 0.181787 0.662664
74.363 15.811 -10.61 -0.113487 0 4.5 -0.485159 -0.137859 0.863491
99.7747 43.0252 -32.9658 -0.190526 0 -3.5 -0.0558579 0.873314 0.483945
97.0126 32.3121 -46.3159 0.0756139 0 4.2 -0.581358 0.412729 -0.701197
72.6735 14.8069 -13.2697 -0.151175 0 4.5 -0.4329 -0.851816 -0.29497
95.4349 11.6233 7.60275 0.300144 -0.150638 -3.9 -0.92663 0.343782 0.152221
117.854 8.57525 -30.2068 -0.0329763 0 -0.8 -0.280213 -0.716883 0.638404
83.1973 12.9482 -0.470937 -0.402075 0 -3.5 -0.347125 0.0718995 0.935059
94.1255 25.7003 -0.644875 -0.442547 0 -3.5 -0.60723 0.74608 -0.273197
76.1916 13.3454 -5.23938 -0.446989 0 -0.9 -0.15086 -0.633094 0.759232
95.854 23.5111 3.3075 -0.0329635 0 -2.30725 0.739909 0.419182 0.526138
137.639 14.8912 -19.8132 -0.33096 0 -3.5 0.834433 0.286766 -0.470624
125.418 26.2054 -35.5747 0.283391 0 3.41838 0.955323 0.167955 0.243206
134.133 10.1967 -14.9076 -0.540702 -0.551646 -3.5 0.6999 -0.0440137 0.712884
78.2588 12.029 -26.518 -0.495162 0 -2.10011 0.0519783 -0.0877212 -0.994788
96.9106 35.883 -43.0326 -0.361827 0 0.42364 -0.337742 -0.544549 -0.767722
93.0071 28.3956 -7.523 -1.78911 -0.378758 -3.5 0.695378 -0.319783 0.643574
120.743 31.8148 -36.9744 -0.0585597 0 2.8 -0.429671 0.902332 0.0343563
102.788 27.8729 -24.9559 -0.0919268 -0.246427 -3.99327 -0.226743 0.818056 0.528556
136.296 14.1965 -40.6245 -0.38204 -0.470434 -3.5 0.863012 -0.419942 0.280818
129.429 18.1367 -48.3117 -0.325563 -0.323418 -2.37036 -0.0524842 0.177784 -0.982669
114.106 17.609 -17.0965 -0.193913 0 -0.8 -0.0818845 0.771653 -0.630751
100.55 1.32775 4.65338 -0.0826078 0 -0.4 -0.107276 -0.925784 0.362513
78.2458 23.2179 -25.1176 0.356253 0 -0.8 -0.0825786 0.32856 -0.940866
108.141 14.1847 5.0885 -0.851795 -0.146028 -1.3 0.633048 0.239515 0.736126
98.4747 2.2925 -3.0945 0.456437 0 -3.9 -0.476061 -0.50046 0.723122
105.484 35.791 -25.1157 -0.464967 0 -1.3 0.0233668 0.894934 0.445587
123.504 15.7697 -7.934 -0.0984397 0 -1.6 0.426406 0.904345 0.0183966
121.615 8.75113 -17.7689 -1.38976 0 -3.5 -0.0138999 -0.168626 -0.985582
122.01 29.5359 -35.3059 -0.310027 0 3.07064 0.748322 0.0236547 0.662913
126.676 14.9619 -36.5452 0.169058 0.00371698 4.2 0.296315 0.828702 -0.474817
88.0686 18.5928 -30.446 -0.561262 -0.920558 -0.7 -0.347 -0.923863 0.161456
93.8835 22.3474 6.67637 -0.0241872 0 -0.8 -0.195876 0.340708 0.919538
116.354 9.61175 -35.0677 1.02304 -0.498772 1.6865 -0.308829 -0.950684 -0.0287134
109.871 23.5483 -11.108 -0.0872271 0 -3.5 -0.556358 0.830646 0.0221836
102.735 0.52825 3.213 0.279829 0.703745 -3.5 -0.316701 -0.898906 0.302768
80.3923 20.13 -11.8304 0.0429922 0 -1.05656 -0.972589 0.171614 0.156905
135.733 10.7198 -15.7557 -0.949911 -0.262499 -3.5 0.546016 -0.61024 0.573998
116.169 15.5857 -28.0865 -1.46717 -0.332225 4.2 -0.822184 -0.234176 0.518821
122.716 17.2682 -31.0362 0.785483 0.06999 -4.5 -0.0976837 -0.0534516 0.993781
97.1472 28.0014 -42.4029 0.271774 -0.700027 0.747051 -0.909539 -0.410203 0.0668746
125.397 18.6828 -27.224 0.617065 0 -4.5 -0.92643 -0.0731655 0.369289
112.537 6.17413 -15.5498 0.456513 0.0793633 -4.5 -0.606629 0.0764874 -0.791297
78.4394 28.9217 -20.2116 -0.653363 -0.416351 -1.09299 -0.501945 0.19628 0.842333
116.117 33.1894 -28.5926 -0.0295786 0 3.8 0.758722 -0.203716 -0.618741
96.2921 34.7868 -36.2946 0.239915 0 3.8 -0.869472 0.291303 0.39895
83.8216 36.5284 -30.5215 -0.598245 0 -0.4 -0.819497 0.233751 -0.523245
123.812 17.285 -16.2315 -0.251034 -0.547923 -1.08886 0.427455 0.79627 -0.428061
103.195 14.033 11.5098 0.0804133 -0.441415 -0.8 0.521367 0.668096 0.530871
78.5111 16.4451 -24.7065 0.103238 0.0128214 -2.97409 -0.315366 0.898254 -0.30608
98.8753 40.3029 -29.476 0.115286 0.163728 -0.975852 0.74689 0.236443 0.62149
85.5437 15.5352 0.90375 -0.32191 0 -0.7 -0.777193 0.240377 0.581541
131.693 18.8139 -17.9769 -0.0290892 0 -1.6 -0.509013 0.744199 -0.43252
83.5062 34.0938 -32.6657 -0.441975 -0.433788 -0.8 -0.134334 0.145415 -0.980209
78.391 25.5945 -8.32975 -2.10372 -0.364122 -3.5 -0.35188 0.384647 0.853362
118.125 32.1213 -25.8808 -0.0872693 0 3.8 0.932087 -0.00383542 -0.362215
80.7305 2.298 -22.3085 -0.157814 0.00810296 -3.5 -0.550276 -0.809908 -0.203089
102.738 16.6077 5.96438 -0.385141 0 -1.3 0.563531 0.227491 0.794154
129.328 19.9594 -47.1399 0.0405244 0 -4.5 -0.546306 0.649579 -0.52877
92.6054 21.5466 5.07937 0.586249 0 -0.8 -0.85414 0.447109 0.265589
105.63 8.4515 3.8115 -0.0730105 0 -3.5 0.00280188 0.147736 0.989023
82.69 15.388 -1.914 -1.12382 -0.707336 -3.5 -0.497895 0.798317 0.338807
127.464 13.1917 -18.066 -0.14617 0 -1.37385 -0.299657 -0.328314 -0.895776
105.562 1.57487 -10.3079 -1.04334 -0.190477 -1.80096 -0.517008 0.145868 -0.84346
110.478 17.4583 -16.9259 -0.297521 0 1.8 0.37303 0.831327 -0.412
79.839 7.72862 -24.6649 -1.90617 -0.378486 -3.5 0.396029 -0.898838 -0.187756
93.7244 17.9444 11.6329 -0.166108 0 -4.5 0.21296 0.962308 -0.16915
99.4935 19.716 5.315 -0.358805 0 -0.7 -0.117012 0.178918 0.976881
93.863 40.028 -19.793 -0.0610321 0 -0.8 0.392141 0.909511 -0.137898
100.072 16.303 -32.386 1.98497 0.257203 -3.9 0.487023 -0.823836 0.290005
81.766 34.7569 -31.2624 0.362747 -0.142538 -0.8 -0.638901 0.740938 -0.206921
83.0394 8.34775 -9.65788 0.119019 -0.714374 -0.4 0.952015 -0.20889 0.22368
118.327 25.8202 -44.5354 0.500115 0.287159 -1.3409 0.23034 0.870432 -0.435076
80.4739 31.756 -12.1865 -0.739822 0 -3.5 -0.182459 0.82927 -0.528224
136.428 18.2981 -15.8527 -0.883335 -0.154174 -1.6 0.303463 0.205502 0.930419
115.743 17.2641 -29.1217 0.0706425 0 -0.248169 -0.876891 -0.331547 0.348051
97.0346 24.5804 -33.2718 0.592221 0 2.8 -0.333888 -0.243288 -0.910676
76.1497 28.5535 -24.9599 0.337854 0.216383 -4.19375 -0.926927 0.0380036 0.373311
132.559 19.714 -17.6561 -0.0529199 0 -1.6 -0.658117 0.74626 -0.0998898
109.799 20.0413 -21.717 -0.202649 0 -0.8 0.480257 -0.711401 -0.513091
88.1793 42.0015 -33.8585 0.367555 0 -3.9 -0.987755 -0.113692 0.106836
99.4601 4.17987 1.03513 -0.292119 -0.0132361 4.02274 0.111139 -0.99057 -0.0801217
84.3979 36.6079 -24.4765 0.536393 -0.0165067 -0.8 -0.1518 -0.129545 0.979885
117.699 20.583 -6.01175 0.336045 0.51272 -0.8 0.502618 0.508384 0.699228
116.722 22.133 -48.9525 -1.15107 0 -3.5 -0.986028 0.0339869 -0.163078
89.313 27.1672 -33.2575 0.148099 0 1.58627 -0.35137 -0.101098 -0.930762
82.0675 20.9845 -29.731 -0.325449 -0.0187749 -3.5 -0.819283 -0.566726 -0.0871578
97.8915 48.0967 -35.8773 0.104901 0 -3.9 -0.75413 0.51005 0.413687
97.0378 14.8663 10.2215 -0.401329 0 0.755596 0.156804 0.906995 0.390862
107.808 4.53662 -11.2942 -0.12831 0 2.8 0.087653 -0.597077 -0.797381
96.3867 19.095 -32.9625 0.742211 0 -3.9 -0.857988 -0.207332 -0.469968
121.25 22.0312 -48.0874 -0.217297 0 -2.28776 0.445644 0.67566 -0.587269
131.957 9.964 -34.4841 0.166607 0 -0.8 0.773309 -0.56723 0.283273
94.4379 25.7738 -33.5967 -0.800054 0 2.8 -0.0766124 -0.0497819 -0.995817
96.8402 9.12675 12.2378 0.147261 0 1.8 -0.677914 -0.694049 0.242341
85.108 35.077 -24.1817 0.0874082 0.463841 -0.735448 -0.106868 0.644873 0.756781
83.1855 33.7887 -14.8678 0.119897 0 -3.10776 -0.955139 0.12547 0.268266
106.265 21.3315 -44.1216 0.284584 0 4.5 0.264295 -0.674098 -0.689739
88.279 2.828 -8.487 -0.00287922 0 -4.5 0.355396 -0.908051 0.221667
95.2937 33.0993 -41.601 0.113617 0 3.8 -0.707035 0.0492499 -0.705461
81.8496 5.37663 -14.1935 0.5788 0 1.41998 0.560476 -0.424933 -0.710843
116.893 1.73787 -5.60719 0.564186 0 -4.5 0.945295 -0.224984 0.236219
88.3539 42.7412 -34.6799 1.51661 0 -3.9 -0.972432 0.0626679 -0.224608
127.108 14.9319 -38.0866 -0.0771043 0 1.28384 -0.171681 0.868123 0.465712
111.882 27.4373 -23.4912 -0.712754 -0.725414 -3.5 0.568487 0.480606 0.667713
97.668 28.7202 -32.5918 2.37748 0.371582 -3.2 -0.402818 0.00492792 -0.915267
96.4959 43.3839 -28.4021 0.627966 0.516945 -3.5 0.823182 0.383505 0.418682
118.974 12.9124 -19.249 0.0496654 0 -1.6 0.0760767 0.395597 -0.915268
83.3386 33.7848 -23.068 0.0304699 0 1.75584 -0.723991 0.424861 0.543443
78.6403 34.3742 -28.608 0.0868245 0 3.8 -0.287728 0.43179 -0.854851
94.9525 29.3344 -33.842 0.673033 0 0.981387 0.224698 -0.332489 -0.915949
114.881 26.8004 -7.39537 0.46576 0 -1.6 0.398907 0.8945 0.201851
102.831 23.118 -10.0979 -1.26326 -0.203485 1.8 -0.407534 0.154244 -0.900069
126.08 21.9893 -39.5531 -0.0780758 0 3.8 0.201214 0.597414 -0.77628
102.817 29.5604 -26.0356 -1.59752 -0.672072 -3.5 -0.662207 0.211478 0.718859
108.011 18.1986 -21.4826 -0.107823 -0.639679 -0.89259 0.969296 -0.027667 -0.244334
76.4305 24.8333 -20.7992 -0.940485 -0.897456 4.2 -0.916565 0.365355 0.162558
125.788 19.1755 -30.0408 0.387266 0 -4.5 -0.0177905 0.631166 -0.775444
94.42 40.1819 -21.8263 0.575327 0 -0.905935 0.430254 0.687754 0.584701
128.333 13.4156 -51.5452 0.379038 0 -1.6 -0.236835 -0.147708 -0.960256
112.284 21.9839 -26.5807 -1.9204 0 -3.5 -0.370577 -0.888444 0.270814
89.7376 32.9066 -34.0288 -0.0955306 0 3.8 -0.365465 -0.407484 -0.836894
82.5091 32.3869 -11.6 0.222415 0 -1.6 -0.358853 0.798525 0.483304
99.8717 16.7278 6.95888 -0.876947 -0.477249 -2.13429 0.166071 0.967889 0.188707
130.785 9.812 -33.5537 0.139332 0 -0.8 0.264669 -0.634048 0.72659
99.3535 24.3915 -11.7212 0.784537 0.0022337 3.8 0.653349 -0.733171 0.188671
87.0596 19.2375 4.36938 -1.5676 -0.697527 -3.5 -0.842988 0.181794 0.506283
131.846 7.46025 -41.1227 0.00462669 0 -0.7 -0.0412477 -0.646911 -0.761449
93.518 14.0995 -27.404 0.225443 0 -1.6 0.613192 -0.504555 -0.607799
131.355 13.1125 -14.0972 -1.74277 -0.198629 4.5 0.0333877 0.123543 0.991777
100.482 3.805 1.52875 -0.220209 0 -0.4 -0.446698 -0.752974 -0.48321
115.963 9.56775 -1.22375 -0.176026 0 4.5 0.373223 0.377401 0.84751
115.135 33.0416 -39.7086 -0.433322 -0.0850149 -3.5 0.970265 0.224613 -0.0901909
94.8795 11.523 -16.9702 0.466646 0.172123 0.904845 0.869461 -0.198339 -0.452437
98.6012 28.8358 -34.351 0.504926 0.306937 -1.35405 -0.988727 -0.10784 -0.103876
120.372 16.0678 -25.99 0.569283 0.593758 -0.8 0.426879 -0.484337 0.76367
87.0985 38.8431 -23.9021 -0.24542 -0.0313129 0.524058 -0.559956 0.613411 0.556935
109.496 19.2036 -35.4684 -0.312974 0 -0.8 -0.890215 -0.361815 0.27678
73.2284 16.1781 -25.337 -0.103861 0 -0.8 -0.525102 -0.579817 -0.622961
123.199 7.00675 -9.2825 -0.243941 0 -0.4 0.868249 -0.300945 0.39443
83.776 3.73125 -20.2113 -0.0567196 0.0572161 1.2343 0.471421 -0.866364 0.164848
115.86 35.4726 -37.412 0.305024 0.255067 -0.7 0.404565 0.745021 -0.530349
113.746 6.27325 -3.11162 -0.207934 0 4.16538 -0.247447 -0.882175 0.400671
112.991 14.8728 -45.5346 0.4455 0.263062 -2.4502 -0.251448 0.0203322 -0.967657
94.3688 37.8698 -18.1243 0.0320438 0 -0.8 0.669623 0.0193323 0.74245
105.778 3.873 -9.96988 -0.307812 0 2.8 -0.592083 -0.382365 -0.70939
77.9873 25.2756 -14.4276 -0.053534 0 -1.52613 0.409387 0.878304 -0.24695
117.089 30.6313 -31.3135 -0.100129 0 3.8 0.0918363 0.227126 0.969525
91.548 5.61737 -3.611 -0.125197 0 -1.3 -0.939047 0.0275971 0.342678
94.003 13.1045 -25.215 -0.416692 0 -1.6 0.707159 -0.701416 -0.0891194
80.3672 32.001 -22.0347 0.147982 0 -3.5 0.034489 0.914334 0.403489
114.034 9.587 -33.9076 0.351682 0 -3.2 0.227675 -0.920064 -0.31882
124.936 11.8459 -34.3926 0.146781 0 4.2 -0.37251 -0.698827 0.610636
112.697 3.4715 -14.553 0.675305 0.456932 -4.5 -0.218387 -0.787881 -0.575804
91.5929 24.8875 -1.04912 -1.14939 -0.341585 -3.9 -0.3202 0.795867 -0.513875
99.366 24.6215 0.04725 -0.520373 0 0.365093 0.193991 0.856163 -0.478907
76.218 29.6739 -23.8269 0.533633 0.818202 -3.5 -0.977462 0.161205 0.136314
79.6925 27.9659 -13.1093 0.162 0 -3.5 -0.820182 0.0015842 -0.5721
97.7288 20.2388 -24.8804 -0.239943 0 -0.60539 0.906783 0.299315 -0.296911
95.4909 34.7492 -12.8566 0.599884 0.0653587 1.02915 -0.443174 0.830448 -0.337568
128.855 15.1885 -51.753 0.06564 0 -1.6 -0.328173 0.469306 -0.819789
122.751 6.06938 -10.0504 -0.373105 0 -0.4 0.633921 -0.770556 0.0662413
105.729 39.8534 -34.5439 0.183206 0 2.8 0.497208 0.078567 0.864067
99.9745 18.3155 -23.566 -0.268319 0 -2.86426 0.474435 0.304489 -0.825953
132.389 17.7299 -42.4533 -0.33244 0 -0.9 0.617583 0.735818 0.277782
114.448 13.268 -18.9285 -0.212133 -0.204622 -1.00217 -0.134615 0.653795 -0.744601
105.73 30.2642 -23.1749 0.119148 0.0719644 -3.5 -0.180133 0.982234 -0.0526103
97.4691 36.0531 -44.0344 -0.371071 -0.0495622 -3.53948 -0.758001 -0.527351 -0.383844
115.172 35.632 -41.925 -1.71251 -0.397467 -3.5 0.664043 0.0392139 -0.746665
109.127 15.815 -36.9943 -0.620729 0.165715 -2.12887 -0.971993 0.0542318 0.228667
124.898 13.9122 -18.8954 0.0468328 0 -1.6 0.415653 -1.26569e-06 -0.909523
72.8538 15.3748 -15.6731 -0.854811 -0.435993 1.8 -0.540874 -0.755978 0.368717
90.5335 38.1935 -34.6134 0.161769 0 -3.73553 0.192622 0.12348 -0.973473
131.037 16.622 -18.7795 0.031371 0 4.5 0.0868528 0.231728 -0.968896
95.9557 30.3433 -36.1133 -0.466243 -0.20262 -0.4 -0.825147 -0.488691 0.283398
94.365 48.4927 -32.045 -0.52036 0 -3.5 -0.489352 0.81757 -0.303502
80.1414 26.8086 -9.369 -0.845078 -0.129668 -3.5 -0.109864 0.230243 0.966912
129.438 8.73025 -39.2875 0.408933 -0.409178 -0.7 -0.485301 -0.835996 0.256113
108.477 16.7134 -38.8506 -0.0845025 0.307308 -0.849888 -0.912301 0.216351 0.347705
95.8621 34.1316 -13.8555 0.337281 0.103815 -1.29873 0.00929146 0.767631 -0.640825
132.935 15.3608 -38.0272 -0.00703905 0 1.8 -0.0917609 0.923939 0.371372
97.5075 36.3978 -23.6373 0.425706 0.00630518 -0.7 0.710813 0.70329 0.0113141
106.761 34.911 -24.9468 -0.759479 -0.0104532 -1.3 0.363104 0.593616 0.718175
103.486 -2.44475 -6.3335 -0.233676 0 -3.5 -0.173442 -0.859738 0.480383
106.595 5.82475 -13.2119 0.144153 0 2.8 -0.151281 -0.696251 -0.701675
98.522 18.7197 -34.6073 1.89875 0 -3.9 -0.311547 0.0196793 -0.950027
90.1616 17.1696 -33.4324 0.0683796 0 -0.7 -0.236385 -0.583009 -0.777318
101.106 22.7029 4.6315 -0.773835 0 -1.95091 -0.338881 0.184225 0.922616
96.2055 38.5452 -24.199 0.133646 -0.356942 -1.46837 0.995963 0.0876841 -0.0192214
102.611 23.4466 -42.8156 0.178719 0.425386 0.95406 -0.91487 -0.29278 -0.278016
85.3526 28.915 -31.597 0.381225 0 1.9 -0.423671 -0.117553 -0.898156
106.304 41.835 -39.311 -0.253376 0 2.8 0.736491 0.471844 -0.48471
130.444 17.2411 -48.2734 -0.379099 0 -2.9782 -0.189992 0.248283 -0.949873
78.2105 18.3895 -11.3975 0.607294 0.18383 4.2 0.00192372 0.859083 0.511832
91.3301 9.71775 -21.1873 1.1322 0 -0.0841254 0.891608 -0.350799 0.286315
130.493 6.897 -38.04 0.755086 0.122488 -0.7 -0.595268 -0.801532 0.0565827
91.9043 21.4665 -6.37612 0.170226 -0.223948 -1.27348 -0.0325872 0.853234 -0.52051
87.8122 34.3305 -35.7135 0.267434 0.00375087 -3.5 -0.612967 -0.754583 -0.234256
107.922 13.079 5.568 -0.625539 0 -1.3 0.458086 -0.102046 0.883031
107.876 22.9959 -7.52362 -0.864722 -0.0289632 -0.687275 0.138538 0.882431 -0.449581
112.692 9.387 -37.5942 -0.84378 -0.0672821 -3.5 -0.575233 -0.796629 0.185713
99.7504 34.4651 -23.6624 -0.230726 0 -0.7 0.865092 0.386008 0.320335
83.767 4.394 -26.41 -1.88426 -0.703218 -3.5 -0.38913 -0.913837 -0.116105
122.347 17.3371 -51.9815 -0.461618 0 -0.9 0.439575 0.118515 -0.890352
110.943 24.3088 -44.8565 0.135261 0 -0.8 -0.395773 -0.0249466 -0.918009
121.366 31.0761 -33.0275 -0.0793959 0 3.8 0.883335 0.0249658 0.468078
113.507 10.2388 -20.6921 -0.147876 0 -0.8 -0.208205 0.121569 -0.970501
101.231 38.644 -38.5942 -1.18234 -0.049526 1.6258 0.0512948 0.643522 -0.763707
132.581 13.666 -35.505 1.28561 0.13441 1.8 0.429367 0.53576 0.727053
112.709 8.70875 -16.3929 -0.658682 -0.525318 -2.03595 -0.868055 -0.394157 -0.301862
124.207 27.1388 -32.653 0.0291595 0 4.2 0.298218 0.646307 0.702391
98.8869 42.1859 -29.4664 0.0461667 0 -0.7 0.689272 0.455419 0.56347
118.178 32.7349 -35.125 -0.143853 0 2.6856 0.631108 0.462299 -0.622883
74.787 14.0831 -15.1751 0.206347 0 -0.4 -0.770349 -0.600844 0.21342
117.744 9.29875 -38.2994 0.201078 0 4.2 0.182718 -0.952916 -0.242003
109.161 16.5088 -19.808 0.117299 0 -1.3 0.762424 0.411485 -0.499389
98.6083 14.4201 -20.0046 -0.396512 -0.697107 -0.8 -0.0693683 -0.997471 -0.0154526
93.4033 45.8097 -24.073 -1.75606 -0.369476 -3.5 -0.37817 0.654579 0.654609
88.8105 24.0989 1.50713 2.77756 0 -3.9 -0.986511 0.161074 0.0291582
79.7741 7.33862 -23.526 -1.00328 -0.719884 -3.5 0.430585 -0.685075 -0.587596
114.141 9.314 -20.7642 -0.142658 0 -0.8 0.0404297 -0.222067 -0.974193
82.5452 17.2593 -27.3436 -0.652882 0 -3.5 0.156982 0.443918 -0.88221
98.1265 13.9819 12.6562 -1.55322 -0.0531008 1.8 -0.0589792 0.499537 0.864282
82.9905 3.87675 -18.7425 -0.26741 0 -3.5 0.130148 -0.772487 0.62155
134.788 11.4415 -18.904 0.0838379 0 -3.5 -0.213987 -0.290829 -0.932539
100.707 17.3375 5.824 -1.22012 -0.0371022 -3.39472 -0.289385 0.689285 0.664186
96.0655 34.589 -20.1595 -0.38677 0 -0.75 0.723289 0.54997 0.417596
83.8284 34.9569 -21.4258 -0.105146 0 -0.4 -0.640728 0.535801 -0.549896
119.649 12.8079 -38.185 0.483252 0 4.2 0.778623 -0.46072 0.426009
114.024 22.5868 -13.1369 -0.106405 0 -0.158394 0.611796 0.362753 -0.702933
79.096 9.3835 -19.85 -0.395941 0 -0.7 -0.405205 -0.715059 0.56965
122.87 12.0977 -18.932 -0.138156 0 -1.6 -0.0185861 -0.517886 -0.855248
116.078 10.2981 -39.3831 -0.319458 0 4.2 -0.136463 -0.980249 -0.143145
94.0235 9.81325 7.9685 0.539347 0 -3.9 -0.696317 0.202544 0.688563
92.4539 31.7267 -14.2829 1.00456 0 -0.895529 -0.314748 0.896827 -0.310862
90.3765 11.0285 -29.7291 0.0213008 0 -0.7 -0.219432 -0.432316 -0.874616
117.48 19.653 -5.3695 0.00319119 0.0665383 1.91938 0.535662 0.505945 0.676081
116.157 29.9555 -31.059 0.118903 0 3.8 0.295147 0.604456 0.739946
84.0707 12.4242 -27.404 -0.462676 0 1.8 -0.235944 -0.74256 -0.626845
102.529 14.8044 -17.812 -0.0356627 -0.691055 -2.31803 0.585011 -0.462475 -0.666243
76.7219 22.7243 -19.4235 0.223545 0 -0.8 -0.986599 -0.104877 0.124993
102.925 8.42638 -19.383 -1.40211 -0.0410303 -3.5 0.0750328 -0.420227 -0.904311
108.929 7.28813 -41.963 0.964707 0 -3.9 -0.948513 0.3115 0.0573701
87.4837 7.35025 -26.319 0.0197686 0 -3.5 0.791513 0.168018 -0.587603
111.984 16.5693 -34.5806 -1.02127 0 -1.31905 -0.0251149 -0.000504166 0.999684
86.7105 33.6738 -32.7487 -0.291452 0 -2.10385 -0.163445 -0.172721 -0.971315
124.277 6.49487 -50.5853 0.327147 0.00555501 -4.5 -0.943861 -0.275224 -0.182699
95.7945 19.4368 6.94325 -0.0828828 0 -3.5 0.404273 0.530528 0.745053
132.005 18.0279 -41.0174 -0.19057 0 -0.9 0.806926 0.47906 0.345503
109.518 24.5169 -21.1316 0.072735 0 -0.8 0.170332 0.69543 0.698115
100.24 2.5075 -7.3335 0.409784 0.238649 -3.9 0.0101438 0.164451 -0.986333
107.716 23.9609 -2.13475 -0.58045 0 -1.70687 -0.447 0.889327 -0.0963727
101.283 39.4519 -30.6807 0.239418 0 -1.46011 0.22845 0.753677 0.616264
129.309 12.0504 -50.3834 0.224466 0 -1.6 0.164878 -0.812461 -0.559216
112.669 3.603 -4.786 -0.343683 0 -4.5 -0.0110669 0.0291394 0.999514
123.996 18.055 -12.1556 -0.0145659 0 -0.7 0.422386 0.837576 0.346492
111.087 23.7932 -30.268 -0.232721 0 3.8 -0.777338 -0.532211 0.335405
97.2225 45.8511 -36.966 -0.246858 0 -3.9 -0.729257 0.559631 -0.393697
120.141 2.81225 -10.2583 -1.85484 -0.521774 -3.5 0.643466 -0.45731 0.613855
92.6504 24.9999 1.59725 0.709659 0 -3.87558 0.00379071 0.917432 0.397874
117.834 3.77325 -6.99237 0.470676 0 -4.01628 0.873079 -0.336981 0.352387
111.006 18.3067 -14.0118 -0.268427 0 1.8 0.487382 0.727448 -0.48299
91.1758 43.3035 -31.5158 -0.383812 -0.110867 -3.54528 -0.802473 0.555007 0.219097
105.364 33.0265 -43.4825 -0.13322 0 -1.79183 0.279216 0.493674 -0.823605
117.34 29.5607 -30.789 -0.177912 0 1.53139 0.0145905 0.719671 0.694162
102.551 3.9985 5.004 -0.108069 0 -0.4 0.459061 0.502843 0.732402
119.94 18.105 -12.5583 -0.207148 0 3.01707 0.197319 0.796826 -0.571081
122.373 12.9306 -33.1431 0.173658 0 -0.4 0.170587 -0.984756 -0.0340081
98.4212 8.81287 -15.283 0.150262 0 3.8 -0.0975281 -0.462327 -0.88133
116.429 16.679 -16.361 -0.513563 -0.842876 -0.8 0.687268 0.561072 -0.461369
120.172 14.5919 -17.4767 -0.273341 0 -1.6 -0.432371 0.705275 -0.561821
90.5695 4.81175 -20.2393 0.298665 0 1.9 0.294196 -0.878279 -0.376929
138.635 11.8232 -19.7801 0.259957 0.00716252 -3.5 0.572258 -0.0527645 -0.818375
90.8958 13.0155 8.41 -0.390429 0 -4.5 0.086735 -0.946229 0.311653
118.141 9.308 -1.938 -0.14189 0 4.5 0.529729 0.266357 0.805258
98.4788 4.609 8.772 -1.22548 -0.841393 -3.5 0.165145 -0.352709 0.921045
79.586 7.69 -6.5035 0.112503 0 3.8 0.279763 -0.677852 0.679889
102.793 33.8015 -26.98 -0.139894 0.0610094 -1.81058 -0.497393 0.437924 0.748881
116.838 22.0203 -47.444 -0.960482 0 -3.5 -0.982253 0.184652 -0.0329036
94.2087 42.7303 -23.2535 -0.258129 -0.348507 -2.53613 0.0708677 0.335868 0.939239
98.6105 24.6749 2.1765 -0.425511 0 -3.5 -0.593386 -0.14178 0.792333
105.819 20.4478 -16.0426 -0.129462 0 -0.940714 -0.314435 0.871449 -0.37644
126.546 23.6876 -38.0093 0.0226221 0 2.8 0.998359 -0.0410522 0.0399302
92.5789 44.992 -33.6241 0.29483 0 -3.5 -0.265585 0.854065 -0.447255
116.399 33.8799 -24.0277 -0.0744017 0 3.8 0.154466 0.535986 0.829976
83.7004 40.3089 -26.0756 -0.510039 0 -0.8 -0.00801524 0.983412 0.181206
110.383 25.7049 -22.0724 0.274142 0 -3.28226 0.135284 0.311516 0.940561
88.168 10.254 -3.33625 0.468497 -0.287432 -0.8 -0.656821 -0.752114 0.0539587
122.512 31.7383 -36.3812 -0.235019 0 2.8 0.326966 0.67113 0.66534
109.719 7.74687 -43.1186 0.893539 0 -3.9 -0.763994 0.365757 -0.53154
113.871 1.36419 -4.59613 0.0187603 0 -4.5 -0.112414 0.0367607 0.992981
126.122 15.0087 -18.6096 -0.167755 0 4.5 -0.160381 0.42827 -0.889305
78.0035 30.7222 -29.276 0.752909 0.236493 -4.5 0.0566908 0.447204 -0.892633
137.642 18.028 -19.442 -0.70276 0 -1.6 0.749288 -0.127566 -0.649842
87.489 25.0868 -8.44125 1.6376 0.941686 -3.9 0.833675 -0.182262 0.521313
94.1482 20.5065 -31.536 0.41421 0 -3.9 0.302103 -0.463053 -0.833256
100.317 22.6005 3.892 -0.672938 0 -2.12409 -0.898695 -0.0153901 0.438305
100.39 16.6161 8.88838 -1.59779 -0.070625 -0.8 0.0817595 0.901625 0.42472
116.73 9.40575 -36.1325 0.352329 0 4.2 -0.303028 -0.95298 -0.00160313
127.526 8.38675 -50.085 0.554687 0 -4.5 0.896237 -0.24131 -0.372193
102.936 -0.4215 -0.63375 -0.595077 -0.898634 -3.5 -0.398052 -0.917139 0.0202337
88.977 32.5238 -10.0367 -0.387084 0 4.2 0.0113673 0.841835 0.539615
119.415 26.4363 -42.6205 0.592506 0.83983 4.2 0.371473 0.455645 -0.808947
87.97 24.464 -9.25975 1.17516 0 3.8 0.7155 -0.059406 0.696082
118.939 8.87025 -18.571 -0.0766358 0 -1.6 0.0543801 -0.483251 -0.873791
87.8187 32.4845 -9.1405 -1.12983 -0.0368441 -3.5 0.018118 0.809025 0.587495
112.595 4.5635 -41.62 2.51127 0.0756501 -3.9 0.753563 -0.645525 -0.124258
101.247 30.027 -44.7887 -0.094312 0 0.350305 0.114169 -0.0265468 -0.993107
102.293 20.3576 -40.5325 -1.06712 -0.174912 -3.5 -0.524182 -0.772565 -0.358297
94.6813 48.0454 -33.487 -0.135867 0 -3.5 -0.39293 0.64856 -0.651902
80.587 31.5238 -20.7374 -0.0665426 -0.0866705 -2.50085 -0.475242 0.863382 0.169457
101.588 6.372 -13.1815 -0.199667 0 4.5 -0.132657 -0.888314 -0.43966
113.384 16.08 -17.993 -0.321815 -0.358369 -0.8 -0.0705179 0.253983 -0.964635
81.0403 4.56563 -18.0842 -0.3254 -0.508677 -3.5 -0.119804 -0.800058 0.587839
80.4362 16.4955 -7.17125 -0.282248 0 -0.9 -0.41104 0.898561 0.153732
128.879 7.245 -45.4873 0.897763 0.243012 -3.5 0.347668 -0.792448 0.501152
102.804 21.4457 -11.798 -0.0111939 0 3.8 -0.0627934 0.936997 -0.343649
90.089 22.7081 -4.77238 1.06888 0.613127 -3.5 0.0123569 0.761831 -0.647658
123.91 19.5243 -29.8832 0.359627 0 -4.5 -0.0717102 -0.718869 0.691437
132.82 16.9552 -19.4768 0.018357 0 -1.6 -0.527627 -0.39917 -0.749849
83.8275 38.4215 -14.346 -0.21191 -0.0192112 -3.5 -0.176695 0.968651 -0.174626
136.055 13.4699 -42.2809 -1.36051 -0.0225241 -3.5 0.800414 -0.414807 -0.43275
109.21 19.8846 -43.6384 0.664448 0.482227 -3.99452 -0.39899 0.159664 -0.902947
112.812 19.1569 -31.398 -0.34222 0 -0.7 -0.683363 -0.683938 0.255428
130.994 15.8711 -38.909 -0.0271564 0 0.608601 0.0682183 0.515492 0.854175
133.161 25.3135 -43.7762 0.456924 0.00681465 -4.5 -0.331564 0.655357 0.678655
122.618 14.635 -31.3555 0.272275 -0.255405 -2.24449 0.223148 -0.223777 0.948751
122.082 12.371 -31.7341 0.164656 0 -0.4 0.758191 -0.651877 0.0142324
113.332 7.63013 -17.0278 -0.153851 -0.433103 -0.8 -0.737561 -0.643837 -0.20366
76.1413 24.7045 -18.5794 -0.106565 0 -0.7 -0.844087 0.28588 -0.45364
86.0006 11.0551 -7.971 0.918737 0 -2.36562 -0.267046 -0.777399 -0.569507
121.716 16.573 -17.5002 0.268043 0 -1.6 -0.420275 0.813707 -0.401559
118.497 21.7806 -26.31 0.0279179 0.297183 -4.5 -0.192 -0.39086 0.900202
86.623 20.5655 -4.142 0.419822 0 -3.9 -0.306677 0.26957 0.912843
118.088 15.3243 -15.8635 -0.483309 -0.12344 4.2 0.00357066 0.763006 -0.646382
124.892 12.76 -11.256 0.000577555 0 -1.67398 0.627042 0.652724 -0.42517
102.542 20.2584 -24.8266 -1.35188 -0.032399 -0.4 -0.786751 0.146812 -0.599558
78.8489 12.0534 -11.5106 -0.00601842 0.661812 -0.115963 -0.887861 -0.426597 -0.172387
117.013 23.2511 -48.2286 -0.882347 0 -3.5 -0.883998 0.467154 -0.0177442
134.168 20.4006 -16.7812 -0.232976 0 -1.6 0.0614192 0.883454 0.464475
72.2231 20.5755 -14.9286 -1.16247 -0.178082 1.84597 -0.683864 0.416086 0.599335
75.729 7.9815 -14.702 -1.6491 -0.334417 -3.5 -0.685766 -0.689386 0.233394
89.0565 43.6274 -36.1725 2.22873 0.312285 -3.9 -0.506346 0.0151265 -0.862198
100.577 32.38 -16.842 -0.0475751 0 -1.6 -0.182442 0.902892 -0.389232
87.9648 10.4233 -1.84425 0.236461 -0.4671 -1.4214 -0.40519 -0.8458 -0.347049
100.243 24.2395 -0.87075 -0.836948 -0.30674 2.24361 0.129595 0.932806 -0.336271
118.545 4.01725 -16.7693 -1.68521 0 -3.5 0.264045 -0.914114 -0.307696
126.667 8.40375 -40.4705 0.221505 0 2.8 0.121681 -0.990182 0.0687925
81.561 1.95 -13.1034 -0.339885 -0.019913 -1.4827 -0.489163 -0.848975 0.199902
107.874 21.6366 -38.0195 0.13117 -0.267742 -3.5 -0.12633 -0.98551 -0.113184
107.751 12.1565 5.211 -0.595541 -0.0024471 -1.3 0.510139 -0.403249 0.759703
108.228 23.1436 0.394125 -1.74571 -0.259062 -3.5 -0.251367 0.490095 0.834639
119.212 28.0705 -42.1895 0.217024 0.148698 3.07971 0.303935 0.235664 -0.923085
106.498 28.5802 -44.024 0.826819 0 0.351571 0.0707494 -0.00206329 -0.997492
75.4402 22.3083 -22.1857 0.653468 0.017793 -0.877282 -0.967855 0.0717361 0.241061
107.263 23.4753 -6.44025 -0.87893 -0.45089 -0.4 -0.0726446 0.948994 0.306812
83.1357 35.3713 -30.6947 -0.755281 0 -0.8 -0.529947 0.708824 -0.465537
126.564 19.3196 -34.2954 -0.381317 0 3.8 0.962924 -0.187762 0.193708
99.9238 30.5975 -45.5498 0.0502121 0 4.2 0.547202 -0.0798171 -0.833186
124.553 12.741 -13.4047 -0.562406 -0.279994 -0.960497 0.590301 0.49652 0.636407
102.898 23.5601 -3.011 0.365162 0 -3.5 -0.0108911 0.994232 0.106693
119.329 9.72175 -40.8715 0.270983 0 4.2 0.135259 -0.984798 0.108989
82.8227 28.4373 -30.9517 0.208413 0 -0.7 -0.290191 0.708295 -0.643512
119.719 19.6919 -6.81687 -0.138353 -0.488068 -0.8 0.417111 0.457418 0.785358
111.403 9.10987 -32.606 0.116874 0 -3.2 -0.252423 -0.784754 0.566078
114.413 26.58 -6.14425 0.0414067 0 -1.6 0.346828 0.730108 0.588772
110.214 36.3181 -29.3489 -0.570274 0 -1.3 0.492484 0.764499 0.415935
87.5295 9.9 -0.871 -0.43533 0 -3.5 -0.275567 -0.818215 -0.504566
77.149 29.6955 -21.0818 -0.747809 -0.0322332 -3.5 -0.690836 0.398589 0.603218
113.751 24.5767 -11.483 -0.610136 0 -1.6 0.596833 0.740971 -0.307819
92.3453 13.2446 11.3375 0.973702 0.137523 -4.5 -0.0681238 -0.945697 0.31783
126.146 23.5469 -39.1517 0.218836 0 2.8 0.68615 -0.0187321 -0.727218
81.7493 16.7581 -28.1579 -0.893511 0 -3.5 0.0872052 0.60515 -0.791321
134.939 15.4585 -15.7753 -0.218534 0 -3.5 0.0658952 -0.0976563 0.993036
79.79 4.3315 -19.3293 -0.119043 0 -3.5 -0.902568 -0.215887 0.372509
108.676 37.218 -30.529 -0.253601 0 -1.3 -0.242322 0.969825 -0.0268272
83.9791 37.494 -11.8766 0.389575 0.0262402 -3.5 -0.363403 -0.0327708 0.931055
84.64 3.31962 -6.57088 0.185539 0 -0.4 -0.238726 0.0459672 0.969998
126.326 20.385 -46.9335 -0.497208 -0.508132 -0.9 0.549664 0.77006 -0.323846
120.636 20.1278 -27.6055 0.388198 0.489338 -2.64962 0.701507 -0.113729 0.703529
127.965 21.4736 -29.0238 0.443888 0 -4.5 0.0960066 0.979716 -0.175896
94.8705 9.1245 -17.4988 0.19693 0 -1.3 0.701699 -0.0608968 -0.709866
99.4891 22.8757 -13.5364 -0.183692 -0.201563 -0.443117 0.526392 0.14851 0.837172
106.448 16.3803 -25.5823 0.291543 0 -3.9 -0.00464384 0.351952 -0.936006
105.44 29.9792 -16.9167 -0.0530064 0 -1.6 0.643825 -0.410154 -0.645958
91.6957 6.00975 -0.940625 -0.165101 0 -1.3 -0.997738 -0.0404598 -0.0536804
114.6 20.3822 -14.9645 -0.10689 0 4.2 -0.523222 0.367459 -0.768904
82.121 12.9277 -1.0575 -0.472643 0 -3.5 -0.727389 0.0267914 0.685702
122.034 13.062 -35.1985 0.332209 0 3.84553 -0.308738 -0.950301 -0.0401059
74.9025 17.6379 -10.6216 -0.0490884 0 4.5 -0.225925 0.0887557 0.970093
76.7479 30.0489 -25.0627 0.650802 0.188348 -3.71415 -0.865283 0.470931 -0.171782
76.4005 18.1169 -24.7126 0.403984 0.140546 -0.788299 0.852051 0.214995 -0.47727
75.6813 8.43575 -16.751 -1.48696 -0.313802 -3.5 -0.470181 -0.45028 -0.759064
125.818 8.81425 -14.899 -0.735757 0 -3.5 -0.197629 -0.980227 -0.00986668
88.1326 33.5018 -17.5764 -0.110061 -0.0592323 -2.035 0.590831 0.586005 0.554542
92.5482 20.521 7.20325 -0.854305 -0.0162356 -0.8 -0.257096 0.579765 0.773159
75.0139 24.9221 -23.6049 0.400212 -0.388814 -0.8 -0.946764 0.277695 0.162858
125.256 13.743 -10.5396 -0.13643 0 -1.6 0.806301 0.214858 -0.551103
95.2842 0.80675 0.49075 0.0591564 -0.714456 -0.8 0.212932 -0.479433 -0.851354
97.4621 24.084 1.7825 -0.209607 0 -3.5 0.17688 -0.211627 0.961212
113.155 28.1989 -42.9176 -0.140116 0 1.64904 0.225717 0.628861 -0.744033
122.326 20.178 -51.3353 -0.448045 0 -0.9 0.23342 0.356291 -0.904749
97.0026 37.2576 -23.0745 -0.453247 -0.356382 -1.31173 0.881153 0.470842 -0.043322
133.842 15.6803 -40.0965 -0.0898514 0 -2.45662 0.0821255 0.834092 0.545478
97.8165 26.2087 -1.77525 -1.01097 0 -3.5 0.876905 0.294018 -0.380253
100.506 32.7704 -13.2531 0.296788 0.428717 -0.169901 0.119316 0.895452 -0.42887
71.9013 15.4515 -16.7625 -1.25185 -0.113329 1.8 -0.817224 -0.549676 0.173211
108.98 12.4677 -33.6046 -0.495746 0.354063 -3.2 -0.954048 0.162193 0.251964
88.4307 19.5375 1.93125 -0.729323 -0.286605 -3.5 -0.695494 0.347418 -0.628958
102.563 15.6798 -20.3641 -0.0719101 -0.459136 -1.55643 0.274327 -0.961402 0.021252
85.7234 5.54563 -27.8765 -1.50108 0 -3.5 0.214564 0.00490949 -0.976698
123.228 15.5155 -6.815 -0.00691224 0 -1.6 0.396888 0.621451 0.675484
108.891 8.6235 -15.1755 0.162093 0 -4.5 0.697248 -0.605456 -0.383756
126.283 29.4724 -38.0069 0.267925 0 2.8 0.98391 0.0978498 -0.149488
104.841 42.6896 -39.1167 0.0740584 0 2.8 0.0125827 0.885788 -0.46392
88.6849 5.80925 -17.2045 -0.0743906 0.004228 1.14867 0.0041908 -0.94544 0.325769
104.213 -0.869 -5.14975 -0.274235 0 -3.5 -0.490082 -0.608875 0.623771
108.721 35.7434 -37.4934 -0.966601 -0.00725412 -0.998231 0.615023 0.538241 -0.576232
117.172 24.1094 -46.0081 0.0926856 0 -0.92757 -0.72515 0.418061 -0.547158
80.1842 19.5121 -25.9539 0.616115 0 -1.6 -0.756983 -0.31157 -0.574369
114.842 8.918 -43.9276 0.0895105 0 -3.9 0.48755 -0.747812 -0.450636
111.234 23.1225 -27.2535 -1.54537 -0.324735 -3.5 -0.911952 -0.121083 -0.392023
78.0581 6.14062 -8.99438 -0.385967 -0.654631 3.8 -0.26758 -0.632748 0.726658
131.428 8.56338 -41.6905 -0.194453 0 -0.7 0.15418 -0.654869 -0.739848
95.2235 4.28613 5.65188 0.771491 0.74732 -3.5 -0.69341 -0.647758 0.315581
123.391 29.1405 -39.4841 -0.553234 0 3.44806 0.125405 0.230453 -0.964969
94.8509 37.6206 -41.4217 0.0564731 0 3.8 -0.84752 0.513991 -0.132375
122.513 7.24638 -15.1572 -1.51808 0 -3.5 0.377914 -0.898123 0.224846
122.924 23.5935 -45.741 -0.267434 0 1.8 0.483037 0.756247 -0.441323
80.7199 12.107 -6.19575 -0.0931984 0 -0.9 -0.543242 -0.439701 0.715228
122.294 23.3835 -46.5 -0.234151 -8.36311e-05 1.31188 0.327262 0.636117 -0.698752
93.3635 26.5325 -33.3857 -0.0547679 0 1.98638 0.167828 -0.137179 -0.976225
101.409 47.7803 -38.7458 1.17108 0 -3.9 0.578061 -0.111002 -0.808409
102.201 22.1706 -15.2654 -0.457111 0 -3.5 0.861355 0.492278 0.125416
98.2721 29.7444 -25.7733 -0.447641 -0.0178681 -0.520215 0.772382 0.226871 0.593259
106.901 20.8 -16.347 -0.0627566 0 -0.7 0.19624 0.908499 -0.368943
80.9605 5.0055 -15.6675 -0.202863 0 0.979621 0.595289 -0.700437 -0.393725
107.116 24.9835 -24.437 -0.190883 -0.21604 -3.18834 -0.12245 -0.991652 0.0403991
119.728 11.121 -33.587 0.676633 0.240453 -0.4 0.631662 -0.0378696 -0.774318
103.996 9.18275 4.086 -0.00506251 0 -3.17775 0.631977 -0.142862 0.761706
118.324 31.3993 -41.447 -0.214454 0 1.8 -0.198794 0.849369 -0.488931
115.631 9.27938 -32.2961 0.428269 -0.475664 -1.47257 -0.102454 -0.97028 0.219227
102.139 23.9571 5.13462 -2.53367 -0.461635 -3.5 0.0917957 -0.162645 0.982405
114.616 30.1548 -25.029 -0.21615 0 3.8 0.0718547 -0.580024 0.811424
115.46 26.6338 -24.9879 -0.672883 -0.0325177 -3.5 0.160344 0.545484 0.82264
116.586 32.0269 -31.4862 -0.0169547 0 2.80055 0.472941 0.251303 0.844496
120.965 10.5017 -40.2305 0.279906 0 3.86168 -0.0582805 -0.755214 0.652882
108.632 33.334 -41.2191 -0.368391 0 -1.6 0.255342 0.226881 -0.939854
72.4469 15.054 -18.2775 -0.161031 0 1.8 -0.919106 -0.369845 -0.135866
114.674 16.7749 -17.7611 -0.227437 0 -0.8 0.293402 0.411775 -0.862761
93.47 5.4485 -15.8895 -0.636059 -0.00446068 -1.3 0.317724 -0.79213 -0.521134
124.011 9.8185 -39.227 -0.138724 0 2.8 -0.295173 -0.704071 0.645877
101.525 2.48137 -0.344875 0.0599308 0 -3.11256 -0.780742 -0.396542 0.482904
98.7862 29.9131 -21.5969 -0.0603875 0 -0.8 0.965813 0.219499 -0.137931
94.488 21.9813 -3.2525 -0.0982483 0 -3.5 -0.125767 0.946331 -0.297725
109.262 19.9914 -33.644 -0.444065 -0.0786576 3.8 -0.677263 -0.602504 0.42226
86.562 11.8392 3.14925 -0.211074 0.0549039 -1.8843 -0.853349 0.413331 0.317732
134.998 8.41975 -38.7149 -0.0428066 0 -0.7 0.952917 -0.0624013 0.296742
120.571 16.2358 -29.2272 -0.352585 0 -0.439491 0.903499 0.0207618 0.428086
82.3603 25.3848 -8.86913 -0.901908 -0.205224 -2.34337 -0.284969 0.216394 0.933791
129.779 10.5843 -33.1447 0.00807468 0 -0.8 -0.436155 -0.30703 0.845873
81.3399 26.9809 -30.7621 0.248418 0 -0.7 -0.828799 0.0750071 -0.554496
72.4445 16.4974 -24.3213 -0.247179 0 -0.8 -0.939447 -0.249603 -0.234814
103.571 25.4492 -8.32225 -0.384284 -0.218539 1.8 0.393189 0.705011 -0.590222
120.682 13.7101 -38.2731 0.442364 0 3.92305 0.136805 -0.786947 0.601664
98.5399 16.5345 -34.0561 2.77414 0.107799 -3.9 -0.497268 -0.754177 -0.428883
119.428 11.582 -4.82 -0.286349 -0.42785 3.25386 0.452945 0.412496 0.790372
114.651 20.0502 -26.23 -1.31715 -0.30516 -0.7 -0.406504 -0.8069 0.428563
110.305 25.736 -29.1219 -0.166037 0 3.8 -0.677609 -0.681471 0.276486
125.9 11.2139 -52.8251 0.0564403 0 -4.5 0.0787815 0.0884593 -0.992959
89.9595 42.4405 -31.6378 -0.0916 -0.459633 -2.30205 -0.328179 0.90511 0.270324
104.369 -0.065 1.858 -0.672102 0 -3.5 0.163219 -0.965002 0.205258
119.774 22.7536 -9.43875 0.23556 0.393402 -0.8 0.336212 0.93669 0.0978433
73.3587 20.1238 -11.4102 -0.0920658 0 4.5 -0.672881 0.510958 0.534933
81.1815 28.34 -29.197 0.426515 0 -3.07116 -0.586519 0.415199 -0.695418
88.8189 33.7924 -34.087 -0.01271 0 0.499133 -0.496402 -0.771893 -0.397197
108.669 20.8932 -22.808 -0.441022 0 -0.8 0.434767 -0.430631 -0.790907
91.2562 22.1399 -10.5439 0.778211 0 -1.3 0.00407409 0.23131 0.972872
108.051 17.4701 -40.5685 -0.320017 0 -2.32898 -0.869978 0.221558 0.440512
99.1253 30.4587 -17.9797 -0.723248 0 -3.5 0.40089 0.34295 -0.849513
127.129 8.15325 -51.0955 0.268761 0 -4.5 0.78275 -0.275676 -0.557947
111.302 1.57413 -3.00725 -0.625654 0.138551 -2.13161 0.880507 0.164664 0.444515
125.834 12.2824 -11.4165 -0.868758 -0.0916745 -3.5 0.688681 0.717941 0.101383
80.7172 7.9205 -6.8405 0.27873 0.941468 -0.8 -0.0298485 -0.923639 0.3821
78.1094 29.6733 -29.6723 0.881913 0 -4.5 0.137854 0.0746669 -0.987634
80.932 10.676 -5.94025 -0.560152 -0.95754 -0.8 -0.568733 0.284689 0.771683
133.723 25.324 -46.247 -0.0447685 0 -4.5 -0.300122 0.922393 -0.243144
110.858 14.6516 0.67025 -0.757912 -0.15355 -3.5 0.874146 0.136729 0.466019
91.4955 4.422 -4.39813 -0.408386 0 -1.3 -0.968371 -0.191357 0.160123
97.7395 26.3328 1.45425 -0.364697 0 -3.5 0.35698 0.663294 0.657728
112.666 26.883 -44.8055 -0.468235 -0.848354 -0.8 -0.0790457 0.432129 -0.898341
93.8865 4.5695 -9.51388 -0.845387 0.0440951 -2.26095 0.432844 -0.731914 -0.526259
109.416 9.79225 -33.8862 0.0844675 0 -3.2 -0.715471 -0.673393 0.186126
92.1768 7.7125 -25.385 9.49078 0 -0.4 0.634516 -0.197322 -0.747298
86.5069 37.0944 -34.5723 0.195357 0 -3.5 -0.768573 0.25915 -0.584925
135.421 15.7915 -49.5245 -0.230677 0 1.8 0.723354 -0.595352 -0.349735
98.549 15.3696 -22.8759 0.252265 -0.481709 -0.8673 0.471029 -0.695816 -0.542192
75.84 7.6245 -15.8195 -1.67683 0 -3.5 -0.569326 -0.793102 -0.216464
100.703 36.715 -27.9885 -0.957141 -0.295565 -1.3 0.116837 0.0502548 0.991879
109.965 20.7897 -32.5475 -0.207253 -0.785442 3.8 -0.334348 -0.365901 0.86852
98.9474 45.7147 -38.791 0.175873 0 -3.9 -0.310613 -0.103703 -0.944863
136.202 20.172 -42.8435 -0.41392 0 -3.5 -0.0141773 0.195206 0.98066
93.6762 0.85925 2.38925 -0.378073 -0.87687 -0.8 -0.845464 -0.400508 0.353246
95.6048 38.4292 -34.4139 0.448646 0 3.8 -0.115947 -0.911167 0.395386
86.2887 7.972 -10.3792 0.715272 0 -1.6 -0.528173 0.131848 0.838838
102.805 30.0233 -45.1618 0.0721621 0 -3.5 -0.0996659 0.049569 -0.993786
90.2006 23.6696 -3.52888 0.28587 0 -3.5 -0.13919 0.92204 -0.361205
71.752 15.867 -13.1606 -0.14348 0 4.5 -0.931532 -0.313423 -0.184429
105.191 0.3875 0.8945 -0.795761 0 -3.5 0.451466 -0.87336 -0.182813
96.9234 6.04513 -9.54625 -1.1398 -0.854814 -0.8 0.270673 -0.750159 -0.603321
108.886 35.2216 -38.7842 -1.87276 -0.297507 -1.6 0.371159 0.859883 -0.350489
110.548 6.79563 -39.9464 1.62018 0 -3.9 -0.248578 0.164173 0.954597
79.9232 30.4034 -28.6906 0.789798 0 -4.5 0.286961 0.0684454 -0.955494
112.837 19.77 -46.708 1.05329 0 -4.5 -0.404941 -0.0244828 -0.914015
121.074 18.787 -9.69425 -0.133976 0 -0.8 0.990913 0.121461 0.057778
98.7093 14.1576 -21.5767 0.614515 -0.00686339 -0.8 0.191902 -0.92016 -0.341291
96.336 33.0495 -14.4265 0.0774396 0 -4.5 0.278107 0.766727 -0.578606
135.568 14.641 -39.3662 -0.251194 0 -0.928269 0.762537 0.162487 0.626207
111.065 22.5049 -15.4045 0.246787 0 -3.5 0.159285 -0.36522 -0.917193
114.896 8.32925 -0.3755 -0.218209 0 4.11958 0.608002 -0.0402443 0.792915
136.01 23.248 -44.2988 -1.07975 -0.111099 -3.5 0.14849 0.42315 0.893809
91.728 10.3743 -20.1378 0.423766 0 -0.785877 0.650253 -0.668244 -0.361415
103.991 37.4651 -40.3177 -0.0259184 0 2.20143 -0.248884 0.52854 -0.811604
121.082 20.1339 -7.54475 -0.187069 0 -0.8 0.731359 0.316464 0.604124
115.694 31.0173 -31.2054 0.38961 0 3.14133 0.519917 0.105053 0.847732
133.577 8.71887 -18.2453 0.00763148 0 -3.5 0.333274 -0.521896 -0.785209
77.8877 12.1295 -6.43875 -0.285396 0 0.34028 -0.0249593 -0.434469 0.900341
81.2903 26.1353 -24.608 0.733294 0 -4.5 -0.921119 -0.375502 -0.102655
83.4786 30.2255 -10.1599 0.101149 -0.0684215 -1.33377 0.0964506 0.643802 0.759089
112.389 29.7666 -24.6766 -0.324789 -0.0107015 3.26718 0.278904 -0.0254182 0.959983
113.576 22.407 -4.9595 -0.252816 -0.290448 -1.09026 0.781376 0.17232 0.599797
96.373 45.768 -30.347 -0.0770467 0.0421197 -3.5 0.919383 0.00357845 0.393347
113.888 15.634 -32.386 -0.502899 0 4.2 -0.855639 0.0303439 0.516683
89.9239 4.72612 -18.8218 0.543214 0 1.9 0.0258135 -0.981437 0.190041
97.2952 28.7139 -45.8034 0.0320175 0 4.2 -0.268591 -0.445343 -0.854124
97.8655 21.0942 -33.6343 0.39336 0 -3.9 -0.688009 0.248241 -0.681924
104.589 21.2092 -20.1742 0.394606 0.188649 -2.05825 -0.610412 0.473734 0.634802
95.2901 30.3231 -34.2808 0.78792 0 4.2 -0.00666329 -0.515506 -0.85686
102.894 39.7354 -44.6292 2.24821 0.478349 -3.9 0.521707 0.28343 0.804667
122.506 9.6385 -7.96825 -0.0464659 0 1.8 0.977683 -0.208759 0.0235756
111.086 6.604 -12.751 -0.259336 -0.0549186 -2.38414 -0.609075 -0.348672 -0.712359
102.044 35.286 -47.3597 0.108129 0 -3.9 0.347818 -0.802252 -0.485195
82.0266 32.5876 -19.0691 -0.424225 -0.304437 -1.3 -0.64702 0.761175 0.0444807
118.408 29.2804 -29.7827 -0.139756 0 -0.8 -0.010494 0.917035 0.398668
100.16 24.2493 4.69637 -1.88941 -0.044451 -3.5 -0.650358 -0.398498 0.64671
81.8755 28.6275 -29.905 0.286178 0 -0.7 -0.550108 0.659476 -0.51232
87.1935 23.0166 -30.5098 0.12447 -0.125122 -3.0475 0.114571 0.012147 -0.993341
76.0806 8.8545 -12.6326 -1.62571 -0.75079 -3.5 -0.935328 -0.0478976 0.350523
101.264 31.0895 -44.2994 -0.172523 -0.461958 -0.146999 0.362388 0.129992 -0.922918
137.661 20.2771 -17.9942 -5.04443 0 -1.6 0.485726 0.870719 0.0769361
82.7258 13.3147 -27.012 -1.39042 -0.0115733 -2.33535 -0.172446 -0.634427 -0.753501
118.161 16.1388 -14.7405 0.0771658 0 4.2 0.103963 0.708385 -0.698128
109.458 22.1984 -14.9319 0.476824 0.645538 -3.5 -0.341379 0.147001 -0.928359
95.9486 27.1448 0.20675 -1.67853 -0.0116126 -3.5 -0.22764 0.84927 0.476361
116.983 10.2725 -29.8121 -0.239911 0 -0.8 -0.451332 -0.47385 0.756151
88.3795 12.3641 6.60663 0.0788532 0 -0.4 -0.374576 -0.820783 0.431286
91.4427 42.0703 -23.6865 0.148247 0 -1.6 -0.397683 0.653121 0.644423
120.078 14.1186 -50.5544 0.109565 0 -0.9 -0.4862 -0.858314 0.164036
93.5311 13.5221 11.9561 0.111316 0 -4.5 0.165365 -0.769906 0.616359
106.404 37.7186 -39.5245 -0.0550471 0 2.8 0.708645 0.111299 -0.696731
89.3526 8.293 -3.94575 0.619425 -0.628322 -0.8 -0.560672 -0.687331 0.46176
120.266 9.242 -18.0742 0.0556738 0 -1.6 0.261455 -0.463659 -0.846559
108.794 20.9746 -43.2764 0.590337 0 -3.11074 -0.108267 -0.14624 -0.983307
120.076 17.5518 -5.59025 -1.90663 -0.3353 -0.8 0.490395 0.0563921 0.869674
91.1872 9.07975 -19.3745 -0.0749689 0 1.9 0.872986 -0.228359 -0.430984
94.5898 20.0125 7.10225 -0.233414 0.158939 -1.49116 0.223203 0.463886 0.857316
95.8678 33.9695 -17.711 0.278067 0 -4.5 0.529 0.808554 0.257679
78.176 26.6618 -11.1175 -0.638589 0.337185 -3.5 -0.803553 0.566852 -0.181607
93.4125 18.3491 12.996 0.711197 0.356023 -4.5 0.142088 0.885836 0.441708
132.551 13.9069 -50.8503 -0.0873449 0 -1.6 0.694386 -0.28957 -0.658769
104.411 18.8565 -35.532 -1.55178 -0.398329 -3.5 0.460925 -0.800158 -0.383791
101.37 18.5951 -32.567 0.315141 0.292138 -3.63032 0.618904 -0.409751 0.67012
116.471 9.73413 -44.2021 0.0574541 0 -3.5 0.0461527 -0.982006 0.183125
100.475 33.1989 -45.6139 -0.588451 0 -3.9 0.418651 -0.599956 -0.681751
126.092 28.2805 -37.821 0.0623319 0 2.8 0.985329 0.106897 -0.13304
86.1415 29.4583 -8.1665 -0.086348 0 -3.5 -0.39456 0.287609 0.872699
91.618 42.764 -35.8613 1.65533 0.213995 -3.9 0.461603 -0.177282 -0.869191
98.875 3.628 7.559 -0.842291 0 -3.5 0.17137 -0.69962 0.69366
112.911 23.1528 -4.4265 -0.257607 -0.218563 -0.497173 0.924806 0.223584 0.307805
79.6894 18.2789 -23.982 -0.650588 0 -3.5 -0.830413 0.0450514 -0.555323
113.286 13.8833 0.23925 -0.0104228 -0.655496 -0.8 0.0825523 0.452158 0.888109
86.9973 13.332 4.87925 0.0248888 -0.183335 -0.4 -0.980733 -0.195172 0.00835923
103.462 30.832 -44.9435 0.179878 -0.0312031 -3.5 -0.16886 0.206908 -0.963678
88.8191 21.3563 -10.5155 0.836156 0 3.14665 0.3327 -0.184457 0.924817
108.051 16.3237 4.548 -0.00284644 0 -1.3 0.0143433 0.474601 0.880084
83.4187 37.977 -15.9172 -1.11198 0 -3.5 -0.174471 0.748771 -0.639454
128.29 21.8216 -42.4549 0.0195377 0 -0.9 0.0653841 0.996307 0.0556446
120.925 6.71938 -15.1348 -0.766113 -0.408238 -3.5 0.600864 -0.791675 -0.11051
106.897 22.6794 -31.377 -0.928814 -0.200779 -1.49124 0.268213 -0.395246 0.878546
101.792 7.59675 6.35625 -0.576519 -0.366463 3.8 0.647866 -0.623741 0.437283
113.496 7.6975 -43.841 0.153639 0 -3.9 0.399726 -0.545663 -0.736526
83.6321 35.4627 -24.3818 0.414315 0.685429 -0.8 -0.167794 0.385661 0.907255
88.9629 43.4038 -25.9757 -0.101001 0 -0.7 -0.423627 0.648043 0.632914
79.1461 21.6139 -26.8094 0.238489 0 -1.6 -0.784917 -0.128373 -0.606157
114.369 13.0127 -46.8847 0.180142 0 -0.678707 0.0140313 0.562909 -0.8264
103.23 12.8266 12.2051 0.747739 -0.0172098 -0.8 0.528352 -0.140601 0.837302
108.313 3.98375 4.5045 -0.51492 -0.138159 -3.5 0.96416 -0.254547 0.0748439
106.22 19.1115 -41.8792 0.126609 0 -3.5 -0.836892 -0.489336 0.245279
84.0468 19.5445 -29.7705 -0.00997987 -0.0174272 -3.5 -0.517935 -0.824422 -0.22819
120.872 20.5427 -10.1425 -0.143503 0 -0.8 0.771003 0.306594 -0.558171
125.365 10.545 -16.785 -0.0951773 -0.109684 -3.5 0.0669784 -0.512316 -0.856181
100.694 32.4041 -14.6741 0.267668 0.52216 -1.8211 -0.115604 0.991419 -0.0610322
136.148 19.593 -16.768 -1.20616 0 -1.6 -0.018693 0.663827 0.747652
99.9557 34.5735 -47.542 0.0274972 0 -3.9 -0.0406907 -0.695643 -0.717234
93.638 7.459 7.1105 1.83868 0 -3.9 -0.236101 -0.565996 0.789877
110.272 17.4589 0.960375 -0.543596 -0.82572 -3.5 0.913112 0.201045 0.354693
133.739 18.3336 -50.3877 0.0295243 0 1.8 -0.0923212 0.549065 -0.830665
116.595 9.97975 -42.486 -0.310938 0 4.2 0.239694 -0.966347 -0.0933787
118.17 19.7598 -14.153 -0.106881 0 4.2 0.705188 0.32882 -0.628162
123.888 12.8941 -33.5848 -0.054551 -0.0124816 3.38621 -0.231824 -0.899325 0.370773
134.947 13.9905 -15.6255 -0.649708 -0.013964 -3.5 -0.0579131 0.297213 0.953053
83.4405 27.669 -9.02575 -0.401586 -0.38166 -1.95023 -0.25417 0.118864 0.959828
131.222 13.3538 -18.9664 0.396751 0 3.82287 0.190518 -0.104607 -0.976094
91.7545 7.20475 -1.32975 -1.07386 -0.434197 -3.5 -0.866107 -0.374889 -0.33063
138.529 13.9487 -17.9858 -0.13716 0 -3.5 0.793843 0.597036 -0.115589
98.3504 22.9749 -34.911 0.175755 0 -1.3 -0.97616 -0.21705 -0.000141606
112.955 23.7135 -3.54125 0.126467 -0.139715 -0.494406 0.987318 0.102754 -0.121013
135.182 25.1602 -44.7837 0.285485 0.205129 -4.5 0.614381 0.628923 0.476436
128.982 9.23512 -35.1958 0.100826 -0.919056 -0.8 -0.671219 -0.664538 0.328411
110.21 34.3109 -26.5096 -0.503011 -0.0756899 2.78213 -0.0676258 0.93056 0.35984
86.34 4.717 -14.0955 0.17671 0.0526721 -4.21673 -0.101515 -0.449935 -0.887273
92.0405 12.7861 7.05194 -0.996492 -0.675906 -4.5 0.444217 -0.72691 0.52371
123.43 28.2581 -40.0653 -0.73415 -0.163314 4.2 0.380095 0.643222 -0.664675
118.765 18.538 -25.4451 -0.103121 0 -0.8 -0.13822 0.145953 0.979588
90.753 24.6779 -0.05375 0.532537 -0.077707 -3.9 -0.446381 0.783857 -0.43164
93.888 0.9625 0.45775 -0.392606 -0.592849 -0.8 -0.658867 -0.503086 -0.559284
115.663 18.421 -15.0549 -0.304602 0 4.2 0.510004 0.0979226 -0.85458
80.5329 14.6292 -4.1425 -0.272082 0 -0.9 -0.548618 0.318157 0.773172
85.2793 40.9857 -28.4272 0.00471423 0 -0.4 -0.455352 0.856268 0.243843
82.518 7.42725 -22.379 0.0572975 0.548329 -3.5 -0.514433 -0.251848 -0.819714
127.227 4.285 -48.8491 0.876736 0.857325 -4.5 0.0601845 -0.997282 0.042498
121.656 27.6695 -41.5015 -0.632099 -0.712676 4.2 0.114352 0.536721 -0.835975
118.96 18.0578 -13.3016 -0.135139 0 4.2 0.59395 0.449779 -0.667025
88.8715 7.133 -5.4985 0.517698 0 -1.6 -0.748954 -0.30602 0.587724
101.001 35.1105 -27.9678 -0.0788889 0 -0.7 0.459741 0.393958 0.795887
87.1095 14.189 2.74275 -0.473658 0 -0.486459 -0.915803 0.0907004 0.391251
90.0168 23.3961 -10.2207 0.616811 0 3.8 0.27937 -0.204705 0.938109
92.5875 1.3535 -6.411 0.0738392 0 -1.3 -0.547361 -0.696171 -0.46448
79.2425 35.2576 -27.6108 0.0271066 0 3.8 -0.405212 0.727417 -0.553776
79.7524 9.36438 -18.6474 -0.371152 0 -0.791328 -0.429856 -0.883821 -0.184618
104.674 39.6743 -34.152 0.300127 0.475046 -0.375338 0.660428 0.243382 0.710352
109.104 20.3261 -39.202 0.11326 0 -3.5 -0.686973 -0.366397 0.627551
103.15 22.2689 2.22175 -0.39357 0 -3.5 0.878315 -0.295937 0.375479
112.283 31.7167 -23.7722 -0.181665 0 3.8 -0.152993 0.020819 0.988008
79.3835 34.1263 -22.9643 0.0754144 0 3.8 0.0837276 0.389347 0.917278
133.426 12.2106 -36.3176 0.636566 0.20588 1.8 0.702124 -0.33677 0.627381
108.623 19.2366 -17.6311 0.281254 0.131502 -0.8 0.802351 0.431704 0.412146
90.2637 35.1377 -36.603 0.692142 0.630636 -3.5 0.608703 -0.214645 -0.763812
112.117 11.1705 -46.2882 -0.337345 -0.0710159 -0.4 -0.646408 -0.15148 -0.747804
138.967 12.8772 -16.039 -1.39606 -0.591895 -3.5 0.847998 -0.0658552 0.525892
79.6503 3.37913 -13.7605 -0.611453 -0.435228 1.8 -0.581665 -0.764 -0.279231
99.0905 34.217 -10.898 -0.576784 0 1.9 0.5105 0.770082 0.382576
102.335 15.5854 7.34425 -0.430169 0 -1.18454 0.714064 0.583189 0.387302
90.2162 40.3785 -21.6938 0.0461929 0 1.8 -0.183742 0.764855 0.617442
114.461 -1.585 -7.511 -0.249895 0 -4.5 0.639453 -0.630508 -0.439955
108.128 17.1205 -22.5543 0.17701 0 -3.9 0.95205 0.30202 -0.0488331
77.9966 5.00744 -13.5377 -0.194048 0 1.8 -0.955307 -0.255279 -0.149065
117.399 14.7891 -16.59 0.183628 0.131456 -0.8 0.25796 0.754833 -0.603062
98.6495 45.4525 -34.3155 -0.142166 0 -3.89596 0.322353 0.0680012 0.944174
106.13 0.47225 1.79587 -0.48829 0 -3.5 0.535154 -0.829548 -0.15956
104.29 17.3969 -24.9783 -0.139271 0 -3.9 -0.214815 -0.116437 -0.969689
78.5352 20.2617 -13.4471 0.242883 0 -0.8 -0.125562 0.209377 0.96974
90.0738 7.7295 -0.25825 -0.0633303 0 -3.5 -0.26155 -0.945663 -0.193168
81.1529 22.198 -30.548 0.629953 0.611848 -3.5 -0.947088 -0.239156 -0.214076
103.02 32.4277 -44.5957 -1.40073 -0.203579 -3.5 0.119309 0.28765 -0.950275
107.211 13.4805 -40.6107 0.0240512 0 -0.9 -0.694761 -0.484077 0.531955
105.952 27.4118 -25.1094 -0.346876 0 -1.6 -0.295399 -0.21174 -0.931615
118.509 12.7218 -29.2938 -0.37028 0 -0.8 -0.0365355 0.182715 0.982487
107.999 8.827 4.02975 -1.03361 -0.0394672 -3.5 0.445492 0.65825 0.606831
78.571 3.84125 -13.0765 -0.0900514 0 1.8 -0.636002 -0.76784 -0.0769651
124.385 17.8544 -15.0129 0.17303 -0.711502 -0.7 0.450026 0.687276 -0.5702
103.994 40.5812 -47.3203 1.88306 0.511379 -3.9 0.585636 0.629943 -0.5101
87.5071 16.3074 5.14375 -0.578127 -0.644418 -3.24619 -0.894098 0.220208 0.389996
103.313 20.2224 -39.35 -1.65031 -0.967209 -3.5 0.00725105 -0.992428 0.122611
110.021 18.2792 -34.3135 -0.713855 0 -0.8 -0.59789 -0.599765 0.531798
73.1941 16.906 -21.6416 -0.442923 -0.0219117 -0.8 -0.932587 0.0271143 0.359925
121.044 20.9452 -8.6745 -0.154572 0 -0.8 0.805701 0.533074 0.25822
115.324 22.3962 -22.8396 -0.0197551 0 -1.6 0.824532 -0.455283 0.335954
91.4659 43.326 -25.6655 0.258325 -0.0120232 -1.68325 -0.443859 0.597812 0.667541
123.332 24.3585 -40.7783 0.0946084 0 4.2 0.828587 -0.0625079 -0.556359
79.393 32.1025 -11.902 -1.29623 -0.522845 -3.5 -0.227288 0.819663 -0.525826
96.4765 27.7215 -39.3875 0.212241 0 -0.7 -0.991631 0.0493283 -0.119312
76.5993 25.1655 -19.561 -0.854666 -0.295111 4.2 -0.943386 0.331509 -0.0111873
100.931 49.5402 -38.574 1.69499 0.0560782 -3.9 0.217831 0.43245 -0.874949
83.4115 32.647 -32.2882 -0.674599 -0.943497 -0.8 -0.197502 -0.575835 -0.793352
133.173 11.339 -41.6895 -0.432537 0 -0.7 0.636838 -0.53142 -0.558596
79.392 8.12875 -16.7362 -0.302388 0 -3.5 -0.39369 -0.640797 -0.65908
101.853 49.2085 -38.0667 1.65385 0.0560182 -3.9 0.772322 0.252348 -0.582957
100.987 43.9769 -37.9685 -0.0870835 -0.610247 -3.9 0.583189 0.300742 -0.754615
78.4798 7.04812 -24.7715 -2.24648 -0.205175 -3.5 -0.117742 -0.977375 -0.175711
98.8341 37.4956 -47.5369 0.305209 0 -3.9 -0.702687 0.436922 -0.561543
106.243 12.4323 6.00787 -0.39471 0 -1.3 0.385133 -0.0899023 0.918472
85.1435 35.8845 -32.8122 0.513723 0 -3.5 -0.464406 0.00463366 -0.88561
100.59 24.5389 -21.5439 0.0269023 0 4.2 0.893951 -0.367046 0.257154
117.282 16.086 -27.4025 -1.38872 -0.829953 3.58649 -0.379123 -0.426103 0.821403
111.027 15.563 3.36125 0.366125 0.740583 -3.5 0.92623 -0.0272274 0.375974
89.239 11.5286 -28.3507 0.0720821 0 -0.7 -0.661727 -0.731992 -0.162186
103.468 21.9096 -31.2127 -0.407391 0 -1.74113 0.261382 -0.48145 0.836591
114.263 3.09663 -4.59562 0.0358736 0 -4.5 -0.154322 -0.11886 0.980845
116.01 19.6015 -4.44 -0.0393376 0 3.8 0.173756 0.693739 0.698953
113.692 6.673 -0.650625 -0.240779 0 3.8 0.265412 -0.823419 0.501536
121.172 17.0564 -9.709 -0.152238 0 -0.482729 0.797443 0.425874 0.427453
75.5471 23.0034 -24.3259 0.475513 0 -0.8 -0.525352 -0.252605 -0.812525
112.631 21.2471 -27.4589 -1.21166 -0.954622 -0.7 -0.47989 -0.68814 0.544214
86.586 6.58663 2.284 -1.04033 0 -3.5 0.062032 -0.945757 0.318899
83.5665 17.688 -3.9625 -0.0334664 0 -0.4 -0.593635 0.633223 0.496614
78.0711 14.7292 -4.21175 0.0818654 0 -0.9 -0.00496468 -0.196569 0.980477
104.719 6.38325 -11.9651 -0.21563 0 2.8 -0.280777 -0.794712 -0.538143
135.239 15.558 -20.7125 -1.23973 -0.020195 -3.5 -0.278727 -0.166781 -0.945778
83.6687 22.7535 -5.89325 0.447706 0 -3.9 -0.649311 -0.0661586 0.75764
95.1589 0.522875 3.13788 0.328688 0 -0.8 -0.186806 -0.774659 0.604158
119.164 10.0916 -28.9134 -1.34173 -0.880112 -0.8 0.0881014 -0.614095 0.784299
101.302 25.8057 -41.875 0.330693 0 -0.796094 -0.440431 -0.763585 -0.472184
100.363 45.746 -38.9487 0.13623 0 -3.9 0.477905 -0.153497 -0.864896
106.275 23.8156 -6.86775 -1.88292 -0.369692 -0.4 0.304113 0.860098 0.409569
90.166 25.476 1.7285 2.19553 0 -3.9 -0.315416 0.936258 -0.154708
116.045 19.0639 -48.0202 -0.144255 0 -3.2 -0.628907 0.193327 -0.753061
129.249 7.1995 -47.379 0.741163 0.12656 -3.62381 0.848667 -0.513543 -0.12664
116.302 9.71737 -47.4712 -0.912811 -0.631243 -3.5 0.04464 -0.564422 -0.824278
131.322 6.93563 -40.3208 0.0819126 0 -0.7 -0.386058 -0.869183 -0.309
85.7216 4.42712 -19.5814 -0.413976 -0.267111 1.9 0.319812 -0.918261 0.233489
111.667 -1.51237 -7.37038 0.0342421 0.0814103 -4.5 -0.722528 -0.679865 0.125445
101.913 48.8866 -35.7588 2.39377 0.33739 -3.9 0.898842 -0.064833 0.433452
103.764 19.4603 -25.2498 -1.4415 0 -0.4 -0.0881663 -0.250238 -0.964162
105.041 37.6203 -29.395 0.0660583 0 -1.3 0.631614 0.651217 0.420689
100.541 8.42525 8.78913 -0.148078 -0.00280263 -3.5 -0.11535 -0.933929 0.338336
104.813 33.777 -24.5567 -0.994574 -0.213613 -1.3 -0.337516 -0.414818 0.84499
136.019 15.2091 -47.398 -1.78072 -0.249787 1.8 0.55978 -0.678859 -0.47518
126.105 18.0662 -49.461 -0.00527714 0 -0.9 0.599651 0.0470713 -0.798876
106.127 15.3529 -25.5186 0.480508 0 -3.9 -0.348789 -0.302518 -0.887034
91.0771 36.174 -18.9398 0.549633 0.419037 -1.95409 -0.235794 -0.174768 0.955959
104.422 28.4964 -14.9384 0.22115 0 -1.6 0.605661 -0.78181 -0.148149
106.366 18.5339 -43.1968 0.685287 0.602893 -3.5 -0.636672 -0.485067 -0.599465
100.243 24.878 -8.0945 -0.22555 0 1.8 -0.986364 -0.0865969 -0.139953
119.771 4.98562 -15.9567 -1.11326 -0.383194 -3.5 0.792667 -0.553842 -0.254829
89.632 6.22875 -4.74975 0.143427 0 -1.6 -0.567805 -0.231806 0.78985
80.0071 8.27156 -26.0365 -0.846028 0 -3.5 0.148008 -0.737011 -0.659475
120.841 13.2491 -35.5378 0.399945 0 3.8 -0.0228725 -0.93983 -0.340877
97.7698 16.7865 -27.0655 0.14432 0 -1.6 0.839847 -0.0450482 -0.540951
99.8986 20.2472 -35.6209 -0.349487 0 -1.3 -0.609703 -0.667242 -0.427843
104.613 5.77975 3.9645 -0.398396 0 -3.5 -0.385025 0.159431 0.909031
87.3317 1.0175 -11.3308 1.19476 0 -4.5 0.281825 -0.878718 0.385264
121.023 9.97275 -18.0675 -0.308751 0 -1.6 0.314154 -0.259288 -0.913278
98.416 42.084 -43.449 -0.0793118 0 1.8 -0.145073 0.983243 0.110391
134.161 14.8267 -46.8268 -0.917463 -0.540537 1.8 0.298684 -0.90001 -0.317442
136.859 16.595 -46.672 -1.41045 -0.299084 -0.51068 0.823021 -0.30093 -0.481745
100.604 20.948 5.49213 -0.324753 0 -0.7 -0.218509 0.331506 0.9178
124.511 15.5861 -30.069 0.1962 0 -4.5 -0.493685 -0.538632 0.682752
95.3469 -0.279375 1.41575 1.18765 0.69759 -0.8 0.345839 -0.868599 -0.354868
132.99 9.12175 -41.2723 -0.103692 0 -0.7 0.441565 -0.0910489 -0.892597
73.4447 13.5087 -17.6331 -0.0257761 0.037006 1.8 -0.661263 -0.533892 0.526963
85.924 41.6027 -30.4517 -0.013113 0 -0.4 -0.445906 0.851514 -0.275848
91.6598 5.92537 -19.9195 0.535908 0 1.9 0.896728 -0.356605 -0.262128
79.4005 13.1726 -26.8855 -0.484165 0 -3.5 -0.296293 -0.502299 -0.812346
108.853 8.02962 4.34025 -1.31262 -0.832934 -3.5 0.726924 0.463914 0.506324
110.537 11.0076 -44.3664 -0.842234 -0.0619438 -0.4 -0.902869 -0.0398455 -0.428066
100.505 17.3645 -34.193 2.74112 0 -3.9 0.636527 -0.512337 -0.576494
134.145 7.92487 -37.8268 0.0453508 0 -0.7 0.461062 -0.221612 0.859249
105.369 19.1903 -34.6562 -0.643512 0 -3.5 0.4205 -0.895939 -0.143081
76.257 10.7353 -25.9605 -0.998224 -0.535355 -2.81682 -0.539104 -0.714916 -0.445267
118.939 16.671 -5.44375 -0.767553 0 3.40346 0.374989 0.243886 0.894373
108.729 6.588 5.2175 -0.12282 -0.0648236 -3.5 0.640784 0.377681 0.668396
95.666 15.265 11.863 -0.0340401 0.543363 -4.5 0.755855 0.177855 0.630119
83.3857 18.1987 -6.637 -0.467585 -0.489078 -0.9 -0.543724 0.792373 0.276604
94.3298 5.18475 4.86625 0.662064 0.111342 -3.80157 -0.625712 -0.669663 0.400045
98.5821 24.7447 -0.981625 -0.718542 0 2.28231 0.593714 0.730908 -0.336566
113.041 18.894 -30.3285 -0.219686 0 -0.7 -0.704882 -0.648079 0.288332
134.085 20.3649 -47.8717 0.291982 0.307911 -4.2394 0.135098 0.267141 -0.95414
106.615 23.6679 -46.123 0.0668948 0 4.5 0.435609 -0.137419 -0.889584
86.6921 25.418 -31.1361 -1.10555 -0.477755 -0.157884 -0.288441 -0.269641 -0.918746
108.965 23.365 -25.7236 -1.63494 0 -1.6 -0.493369 -0.382671 -0.781121
88.0157 23.0445 -9.3825 1.00347 0 3.8 0.784383 -0.0477273 0.618438
131.872 7.45 -17.3175 -0.036653 0 -3.5 -0.406381 -0.811853 -0.419225
89.367 21.767 2.8805 0.593004 0 -3.9 -0.645386 0.192029 0.739325
90.9075 7.44975 -4.15562 0.291431 0 -1.54359 -0.485279 -0.381662 0.786663
76.11 12.64 -18.2686 -0.0472231 0.0232237 1.10095 -0.316262 -0.899005 0.302932
80.6322 13.7928 -28.4635 -2.17875 -0.759701 -3.5 -0.0781137 -0.73651 -0.671902
89.3034 23.3875 -31.8516 0.259317 0 -1.6 -0.640393 -0.255632 -0.724258
79.8712 30.248 -8.28125 -0.100204 0 -3.5 -0.511649 -0.385202 0.768007
97.0462 18.8897 6.59025 -0.899158 0 -2.44185 0.527884 0.498531 0.687609
94.6745 12.5 -19.431 -0.126912 -0.914716 2.8 0.708936 -0.691155 -0.140408
94.7507 24.1833 -10.3077 -0.76487 0 3.8 -0.479862 -0.37586 0.792756
108.561 24.8115 -4.9965 -0.992842 -0.00257851 -0.8 -0.762232 0.642512 -0.0786155
79.1643 30.442 -20.5236 0.00478317 0 -3.5 -0.51381 0.59405 0.618955
123.877 8.6785 -48.5503 1.04676 0 -4.5 -0.853303 -0.367003 0.370382
103.137 2.62775 -8.24737 -2.0761 -0.222769 -0.315836 -0.405973 -0.0250048 -0.913543
116.409 28.446 -27.17 -1.73532 -0.150533 -3.5 0.484875 0.866193 -0.120858
101.097 21.9573 -9.121 -0.417968 -0.435359 -0.4 -0.410676 0.600311 -0.686274
124.305 9.599 -47.3623 0.896727 0 -4.5 -0.720148 -0.637274 0.274352
122.191 11.2417 -49.6241 -1.17209 -0.0296088 -4.5 -0.726264 -0.632019 -0.270358
101.968 42.18 -31.4185 -0.18855 -0.201292 -3.5 0.0992299 0.20038 0.97468
125.842 16.051 -50.5566 -1.22607 -0.227753 -1.6 0.145288 0.656204 -0.740464
85.4378 14.1734 1.4465 -0.0883052 0 -0.7 -0.750463 -0.0357844 0.659943
96.1494 28.248 -9.87975 0.134876 0 -0.574178 -0.103229 -0.167173 0.980509
102.355 31.082 -18.4335 0.441987 0 -1.6 -0.0216242 0.0959857 -0.995148
91.1965 23.9451 -2.14337 0.196155 0.0134125 -3.53748 0.0538255 0.913259 -0.403808
134.691 13.235 -43.155 -0.860835 0 -3.5 0.60898 -0.617242 -0.498153
115.749 4.535 -15.9125 -0.0474108 0 -3.5 -0.343445 -0.871949 -0.348929
112.019 26.4089 -5.01388 -0.0945106 0 -0.4 0.132862 0.904631 0.404958
112.616 7.92925 -39.7962 0.402467 0 -3.9 0.0264201 -0.201427 0.979147
77.2364 13.5636 -10.6874 -0.150311 0.00378062 -0.615902 -0.624108 -0.540632 -0.564098
109.018 6.3465 4.071 -0.546398 -0.172516 -3.5 0.998477 -0.0184588 0.0519889
98.814 18.9555 5.2155 -0.586014 0 -1.22796 0.424978 0.0597707 0.903228
71.7322 17.4613 -13.1895 -0.101611 0 4.5 -0.999205 0.0396423 0.00423517
115.909 12.247 -29.3097 -1.63476 -0.247383 -3.2 -0.347904 -0.166213 0.922679
110.522 23.7629 -31.647 -0.154782 0.0350032 3.8 -0.464103 -0.536475 0.704843
105.819 22.2663 -46.1286 0.123121 0 4.5 0.298785 -0.585445 -0.753646
85.2117 3.56687 -14.1656 0.500879 0 -4.5 0.200004 0.22337 -0.953994
125.914 19.5991 -49.5044 0.0708614 0 -0.9 0.660968 0.395727 -0.63759
107.801 37.322 -38.6595 -0.323472 0 2.8 0.778732 0.244599 -0.577709
109.492 6.7495 -43.4185 0.534612 0 -3.9 -0.497425 -0.0721017 -0.864506
106.045 21.6045 -18.997 0.122836 0 -0.8 -0.410709 0.632476 0.656728
112.581 38.0334 -40.0638 -1.33014 -0.141477 -3.5 0.115829 0.824552 0.553803
121.413 32.3879 -38.0802 0.105407 0 2.8 -0.368236 0.914395 -0.168178
124.413 19.6395 -50.288 -0.38745 0 -0.9 0.461079 0.284532 -0.840505
103.635 19.435 5.50275 0.593902 0.538312 -0.7 0.8434 0.303814 0.44314
87.1795 28.618 -32.892 -0.652382 0 1.9 -0.565068 0.016032 -0.824889
88.4709 18.9881 -33.2487 1.4022 0.591692 -0.7 -0.493877 0.0603905 -0.867432
112.593 36.6975 -33.7918 0.264992 0 -0.4 0.617435 0.693546 0.371171
89.4575 5.2085 -17.683 0.130789 0 1.9 -0.0317495 -0.89431 0.44632
110.143 11.9742 -36.6631 -0.675692 0 -3.5 -0.687117 -0.610796 -0.393443
94.3057 35.7598 -40.7617 0.123883 0 3.8 -0.967419 -0.0315562 -0.251208
76.126 20.9977 -17.8417 0.194555 0 -0.901559 -0.569376 0.450428 -0.687696
91.6629 30.8606 -8.788 -1.18356 -0.520706 -3.5 0.222467 0.927711 0.299769
119.235 7.9985 -34.567 1.02433 0.59877 -0.8 0.444741 -0.271898 -0.853391
104.175 40.3473 -40.4632 0.0583609 0 2.8 -0.532003 -0.178695 -0.827672
79.0874 15.2986 -4.50537 -0.0430488 0 -0.9 0.0187628 0.424982 0.905008
108.594 12.4707 0.012 -2.25967 -0.812222 -1.05475 0.930659 -0.209476 0.299988
97.0417 37.696 -32.3162 0.53807 0 3.8 -0.868118 -0.293868 -0.400016
72.3083 16.8713 -25.6152 -0.117062 0 -0.8 -0.830009 -0.426734 -0.359143
97.2415 37.9035 -45.3425 0.122891 0 1.8 -0.752555 -0.141724 -0.643098
131.49 20.2445 -42.9295 -0.0345587 0.191395 -0.9 0.645106 0.59617 0.477932
108.965 34.6174 -39.7989 -1.25327 -0.00358463 -1.6 0.0973455 0.883377 -0.458441
75.9197 10.8666 -21.2515 -0.072221 0 -0.7 -0.942779 -0.318705 -0.0979523
117.034 24.097 -8.188 -0.0961648 0 -1.6 0.990968 0.133587 -0.0116928
108.221 19.454 -22.973 -1.37411 -0.284263 -0.8 0.758466 -0.269039 -0.593588
129.901 14.7778 -19.723 0.0356686 0 4.5 0.190643 -0.0809314 -0.978318
118.898 7.88538 -17.4439 -0.2075 0 -1.6 0.193689 -0.504155 -0.841613
119.953 15.1112 -4.763 -0.248728 0 4.2 0.519154 0.199784 0.831003
98.8108 35.1615 -47.595 0.107285 0 -3.9 -0.620371 -0.495601 -0.607881
78.2315 17.064 -9.16613 -0.165799 0 4.2 -0.288519 0.730749 0.618678
119.261 13.9115 -18.494 -0.0794769 0 -1.6 -0.0214181 0.704288 -0.709592
101.568 50.6756 -37.7106 1.73854 0.917342 -3.9 0.621194 0.634413 -0.460043
83.0185 22.976 -32.2806 0.987583 0.469555 -3.5 -0.315152 0.258451 -0.913172
94.5202 10.4196 -17.5666 0.383427 0 -1.3 0.785386 -0.0281853 -0.618364
82.6824 20.0431 -28.4151 -1.58357 -0.102524 -3.5 -0.634779 -0.727164 -0.26132
122.71 8.69075 -41.5901 -0.0264193 0 2.8 -0.477316 -0.838266 0.263589
75.7295 22.5072 -17.607 0.0736684 0 -0.7 -0.749255 -0.0473646 -0.660585
96.9092 26.0567 -2.843 -1.68223 -0.0547761 -3.5 0.426301 0.273693 -0.862183
105.66 31.0474 -14.4618 0.0802204 0 -1.6 0.911661 0.0494313 0.40796
98.1505 22.1882 -33.7357 0.30228 0 -2.75643 -0.761163 -0.0649824 -0.645297
95.5861 22.0615 -6.5365 0.330577 -0.154791 2.8 -0.332715 0.92009 -0.206726
131.421 8.23137 -13.9417 -0.833284 -0.350649 -3.5 -0.0769343 -0.694578 0.715292
93.6784 19.3926 7.75725 -0.821359 0.0985332 -2.14554 0.0171288 0.563827 0.825715
103.838 34.5158 -42.4726 0.242152 0 -1.6 0.267978 0.599518 -0.754166
107.415 -1.67975 -7.46938 0.111788 0.496398 -0.4 0.354105 -0.923957 0.144614
84.6665 18.5041 -5.10525 0.421043 0 -2.0277 -0.584566 0.692228 0.423206
97.5368 29.625 -23.7738 -0.782123 -0.0345575 -0.627503 0.989249 0.144058 0.0251639
98.1507 22.9678 -4.739 -1.17843 -0.648095 2.03074 -0.0398657 0.998728 0.0308771
123.457 25.239 -30.212 0.285993 0 0.491693 0.70375 0.509192 0.495439
97.809 29.9094 -33.3859 0.950938 0.163363 2.10414 -0.463381 -0.760052 -0.45563
111.199 18.5804 -0.33675 -0.820447 -0.246737 -3.5 0.832752 0.15149 0.532518
72.7732 14.3427 -22.8643 -1.31257 -0.503695 -0.8 -0.632079 -0.774846 -0.00946647
108.672 13.4695 -24.5235 2.59937 0.0738335 -3.9 0.508015 -0.673899 -0.536451
104.578 30.6308 -44.9155 0.370479 0 -3.5 0.215727 0.0635383 -0.974384
88.4747 35.2567 -18.6345 0.56343 0.015786 -3.5 0.161378 0.732099 0.661807
124.269 20.1007 -41.1502 -0.146757 0 3.60124 0.269231 0.933791 0.235689
78.5641 11.2596 -10.6888 0.303534 0.863704 0.883489 -0.729042 0.0790494 -0.679889
112.752 21.3389 -22.1606 -0.0207617 0 -1.6 0.341665 -0.921285 0.18574
107.066 -1.673 -2.29325 -0.350859 0 -3.5 -0.131766 -0.856104 0.499724
95.822 23.9646 -10.1286 -0.364626 -0.518631 3.8 0.114001 0.00130014 0.99348
88.6004 16.082 10.6095 0.315855 0 -4.5 -0.940791 0.333162 0.0625715
91.2818 44.641 -32.4642 -0.0696258 0.152629 -3.704 -0.525954 0.792544 0.308619
112.148 24.79 -1.2965 -0.128709 0 -0.8 0.414766 0.729976 0.543235
95.8295 13.1465 -17.8178 0.824662 0.716451 2.8 0.515403 -0.695781 -0.500249
115.047 25.4435 -23.2161 0.034278 0 -1.6 0.676464 0.651363 0.343689
81.473 24.9686 -24.8859 0.47851 0 -1.6 -0.953967 0.0871976 -0.286954
120.398 16.284 -5.9945 -0.664381 0 4.2 0.684882 0.157492 0.71143
105.042 13.6925 -17.1095 0.510733 0.377053 -3.84411 -0.62241 -0.192992 -0.758525
90.109 42.489 -30.632 -0.403898 -0.956342 -0.7 -0.34432 0.912326 -0.221598
97.2474 37.6548 -34.629 0.80598 0 3.95738 -0.706287 -0.578617 0.407874
101.294 22.9975 -39.7109 -0.11074 0 -3.5 -0.937548 -0.286803 -0.196844
96.547 38.68 -22.971 -0.516622 -0.151758 -1.6 0.914819 0.371265 0.158958
76.6947 6.10675 -10.264 -0.396983 -0.0789869 3.8 -0.891868 -0.450822 -0.0364749
105.86 1.05325 4.036 -0.747276 0 -3.5 0.0652842 -0.765203 0.640471
114.963 21.7985 -24.4565 -0.449318 -0.442748 -1.16144 0.313988 -0.81489 0.487202
97.2745 43.516 -31.5483 0.784202 0.054678 -1.31332 0.747764 0.622715 0.230381
129.154 15.4462 -33.9859 -0.876118 -0.0334899 4.2 0.680652 0.58487 0.44118
75.0157 22.0946 -16.8226 0.103096 0 -0.7 -0.611118 0.157686 -0.775674
103.518 4.07475 4.507 -1.10646 -0.630408 -3.5 -0.0858349 0.562981 0.822
72.3175 15.013 -23.7978 -1.2315 0 -0.8 -0.765811 -0.467361 -0.441709
126.565 8.77437 -11.9865 -2.01896 -0.0756009 -3.5 -0.396891 -0.744574 0.536737
123.149 10.641 -50.112 -0.251055 0 -4.5 -0.826199 -0.503864 -0.252024
102.943 29.9784 -18.3554 0.0143594 0 -1.6 0.299215 -0.489106 -0.819296
95.464 25.3407 -9.43131 -1.78687 -0.254693 3.8 0.0862727 -0.189664 0.978051
138.567 17.4562 -43.5905 -1.46795 -0.05671 -3.5 0.903991 0.216356 0.368769
99.4499 40.3639 -37.4435 -0.336379 -0.530751 -3.60197 -0.390554 0.0513961 -0.919144
126.072 19.9855 -48.519 0.0760223 0 -0.9 0.74522 0.59177 -0.307335
82.893 33.993 -20.581 0.519131 0 -0.4 -0.92835 0.235069 -0.287939
121.359 6.79688 -16.4246 -1.42582 -0.917668 -3.5 0.0640797 -0.995785 -0.0656248
112.134 0.713875 -3.81725 -1.24162 0 -3.5 0.79341 0.308694 0.524604
79.3183 32.5659 -8.99288 0.459766 0.647032 -3.5 -0.549579 0.747327 0.37345
72.8014 15.9969 -19.4305 0.33389 0 1.60226 -0.93665 0.0636873 -0.344428
79.9492 32.6226 -22.8709 0.201148 0 -0.181704 0.108473 0.469649 0.876164
96.0635 20.7725 6.306 -0.202745 0 -0.8 0.551907 0.407167 0.727746
98.6171 28.1879 -23.4429 -0.267096 0 3.91022 0.568963 0.744388 -0.349524
86.061 34.5716 -22.5033 -0.66848 0 -1.99853 -0.230194 0.967988 -0.100048
102.559 15.3062 9.09112 -0.27335 0 -0.8 0.656518 0.729206 0.192985
86.2924 0.057 -14.8829 0.458506 0 -4.5 0.332948 -0.588486 -0.73677
98.4912 11.3445 13.731 -0.0223738 0 1.8 -0.0184528 0.322652 0.946338
119.095 32.8476 -34.6431 -0.116866 0 3.8 0.137226 0.895281 -0.42384
107.598 23.0907 -19.93 -0.543761 -0.856959 -0.8 -0.502687 0.703665 0.502156
101.786 2.4385 -7.571 -1.73071 0 -1.76949 -0.352057 0.148359 -0.924146
101.205 49.4456 -34.9395 2.10125 0.771619 -3.9 0.443189 0.218312 0.869439
135.635 25.777 -46.0324 0.639845 0.793956 -4.5 0.362265 0.929092 0.0745094
119.407 5.28438 -7.7255 -0.322822 -0.00949963 -0.977084 0.446269 -0.673835 0.588888
103.916 23.2743 0.90325 -0.269728 0 -3.5 0.875311 0.44402 0.191514
130.965 9.12 -18.1895 0.0359211 0 -3.5 -0.472031 -0.379705 -0.79562
84.5432 10.4515 -1.38937 -0.0914166 0 -3.5 -0.275755 -0.901182 0.33441
102.752 23.0111 -45.2345 0.0896488 0 4.5 -0.659151 -0.684229 -0.31201
132.298 19.405 -43.716 -0.188276 0 -2.1478 0.517543 0.138798 0.844324
101.367 38.6538 -28.3915 -0.684709 -0.22253 -1.3 0.0476468 0.799167 0.599218
76.1695 26.6688 -27.147 0.954479 0 -4.5 -0.254508 -0.913833 -0.31644
118.101 24.3476 -49.4851 -2.16252 -0.853306 -3.5 -0.204451 0.934147 -0.292521
117.077 19.0923 -4.065 -0.107519 0 3.8 0.568306 0.595539 0.567769
114.332 -0.91575 -8.36575 -0.104572 0 -4.5 0.587412 -0.543591 -0.599547
111.257 24.4165 -7.8915 0.0160482 0 -0.4 -0.645543 0.332081 -0.687747
105.433 37.7803 -40.5154 0.0446769 0 2.75933 0.316749 0.226969 -0.920953
112.046 7.01662 -14.5833 -0.27732 -0.0946474 -4.35276 -0.902988 -0.0539992 -0.426259
116.115 31.0343 -37.969 -1.36691 -0.718472 -3.5 0.706151 0.706525 0.0466207
99.3798 10.8244 -18.3809 0.0455314 0 -3.5 -0.844256 -0.181615 -0.504229
72.8955 17.176 -11.5352 -0.0554851 0 4.5 -0.612705 0.162212 0.773485
87.9076 40.5715 -31.5009 -0.829606 -0.199299 -0.7 -0.327696 0.115298 -0.937722
121.075 17.2641 -6.89313 -1.27257 -0.157858 -0.8 0.934876 0.0937649 0.342366
95.5705 41.5695 -26.7377 0.295437 0 -3.08218 0.900139 0.315857 0.299972
86.3156 36.1859 -12.7199 0.457358 0.577766 -3.5 0.580212 -0.40637 0.705846
104.995 29.9018 -13.846 0.45494 -0.186357 -1.6 0.923823 -0.366605 0.110232
95.826 29.6825 -43.281 0.0762599 0 4.2 -0.973103 -0.224698 0.0508031
92.7149 45.6287 -32.1739 -0.737995 0 -3.5 -0.719092 0.668778 -0.188795
80.728 28.1655 -18.332 -0.635801 0 -3.2 -0.983558 -0.0283442 0.178353
119.384 9.73625 -42.6796 0.4427 0.368431 -2.13512 -0.031416 -0.965883 0.257065
115.596 25.6787 -6.74606 0.23212 0 -1.6 0.55662 0.457824 0.693233
91.0267 19.9643 -33.3418 0.117615 0 -0.7 -0.0130443 0.108642 -0.993995
109.506 37.7515 -35.3876 -0.929573 -0.45583 -0.4 0.146099 0.977223 -0.153916
125.902 8.614 -39.8195 0.119515 0 2.8 -0.262395 -0.893548 0.36431
100.377 21.7705 -13.2665 -0.104901 0 2.80424 0.240457 0.658388 0.713236
95.497 16.5697 10.0297 -1.9566 -0.199195 -3.5 0.807307 0.404589 0.429609
123.589 7.709 -10.122 -0.755229 0 -2.58778 0.917477 -0.222382 0.329822
100.91 24.8316 -17.2566 0.338425 0 -3.5 0.739353 0.412132 -0.532452
87.0521 34.6731 -33.3073 0.266445 0 -3.5 -0.549524 -0.510617 -0.661282
96.103 40.6143 -42.532 0.604262 0 1.8 -0.68738 0.39355 0.610433
105.943 28.4065 -26.3277 -0.786577 -0.490555 -2.54923 -0.420052 -0.895269 -0.148489
131.816 17.2804 -39.7404 0.141674 0 -0.9 0.689518 0.370642 0.622246
109.626 24.7652 -6.584 -0.698718 0 -0.4 -0.604689 0.488785 -0.62884
109.425 17.827 -17.7405 0.0435287 0.0635501 1.49158 0.801801 0.549541 -0.234777
93.6695 39.0728 -35.3069 0.274154 0 3.8 -0.79707 -0.287041 -0.531308
105.761 34.2349 -43.0004 0.100208 0 -1.6 0.21639 0.410988 -0.885587
128.701 14.8081 -15.2917 0.48438 0.68976 4.5 -0.214171 0.496802 0.841023
94.6135 33.806 -15.0192 0.866584 0.884026 -4.5 -0.105156 0.97415 -0.199934
105.112 32.3045 -14.607 0.0400203 0 -1.6 0.601399 0.718202 0.350006
74.5629 15.1571 -8.12719 -0.145854 0 -0.9 -0.706074 0.662866 -0.249136
93.2412 2.8235 1.99625 -0.473515 -0.459861 -1.06181 -0.852071 -0.407649 0.328326
84.234 35.9347 -32.0935 0.478763 0 -1.35466 -0.681353 0.492723 -0.541279
137.812 22.3075 -45.1558 -2.16046 -0.0248904 -3.5 0.956576 0.268897 0.112507
116.664 22.9048 -45.993 -0.244701 0 -2.12871 -0.78942 0.344654 -0.507966
101.38 21.3186 -18.8888 -0.360407 0.551371 -3.5 0.645823 0.679318 -0.348481
105.452 36.285 -41.4716 0.2994 0 -1.6 0.246739 0.620317 -0.744532
102.949 4.82412 -9.85325 -1.13613 -0.417231 4.5 0.0217362 -0.924935 -0.379504
102.754 38.8667 -29.173 -0.198102 0 -1.3 0.165185 0.926928 0.336924
127.696 21.1715 -36.694 -0.0357998 0 3.8 0.841742 0.399399 0.363251
127.275 13.968 -30.7695 0.118773 0 -4.5 0.249645 -0.914947 0.317097
128.19 10.3346 -36.8185 0.294247 -0.601266 1.18292 -0.229365 -0.971668 0.0570336
120.755 12.5343 -29.113 -0.269927 -0.334137 -0.539859 0.388605 -0.0232648 0.921111
77.3415 12.2163 -17.6506 -0.164306 0 -0.51163 -0.794592 -0.549579 0.258045
101.994 24.723 -41.7609 0.282277 0.128885 -3.5 -0.772253 -0.147131 -0.618044
119.705 27.282 -31.2127 -0.441863 -0.681851 -0.8 0.725985 0.600199 -0.335719
80.532 3.26638 -14.6041 -0.712153 -0.410538 1.8 -0.147772 -0.516949 -0.843165
83.5705 3.21513 -21.428 0.0192827 0.205719 -3.5 0.777434 -0.628842 -0.0124128
112.115 9.635 -39.4963 0.116933 -0.187594 -3.75877 -0.665054 -0.421295 0.616615
95.1428 38.7713 -33.0276 0.429561 0 3.8 0.219452 -0.963396 -0.153977
115.699 9.04263 -41.6536 0.0389716 0 -3.9 0.729116 -0.670959 0.134926
98.4218 36.3229 -47.9948 0.112566 0 -3.9 -0.735516 0.0271098 -0.676964
132.972 7.26213 -16.8932 -0.106642 0 -3.5 0.196969 -0.974101 -0.111042
122.313 14.2366 -19.5896 -0.0522439 0 -1.6 -0.320881 -0.114676 -0.940152
106.849 11.601 -20.5496 0.158591 0 -1.3 -0.376237 -0.505135 -0.776714
134.51 12.376 -14.8658 -0.76075 -0.0238288 -3.5 0.0430004 0.253009 0.966508
85.6913 23.6982 -5.0045 0.848076 0 -3.9 0.0642725 0.394026 0.916849
99.5125 31.9387 -17.3787 -0.562724 -0.361556 -2.53362 0.235905 0.636938 -0.733934
111.248 13.192 -19.167 -0.380121 0 -1.3 0.507799 0.21048 -0.835367
104.335 -2.206 -8.3915 -0.197836 0 -3.5 0.162201 -0.850641 -0.500101
84.4779 4.76188 -7.13363 0.181826 0 -0.4 -0.342617 0.478751 0.808339
76.0114 25.6785 -17.4988 -0.146656 0 -0.7 -0.364827 0.897708 -0.247026
113.117 26.868 -24.3067 -0.265184 -0.65509 -3.5 0.611831 0.455877 0.646405
103.36 43.4511 -32.1644 0.663611 0.871395 -3.5 0.369352 0.873415 0.317372
90.099 16.6685 -31.9945 -0.0186603 0 -0.7 -0.646882 -0.756095 -0.09932
111.281 24.9842 -14.6077 0.64575 0.733264 -3.5 0.240896 0.894521 -0.376566
74.432 22.318 -13.5865 0.450767 0 -0.7 -0.766451 0.435265 0.472331
77.437 17.508 -23.5495 0.319834 0.540102 -1.75478 0.464284 0.322882 -0.824735
90.1276 41.0146 -24.5695 0.302298 0 -0.676107 -0.435511 0.656991 0.61538
127.662 14.7896 -36.8006 -0.131719 0 4.2 -0.0324755 0.943579 -0.329552
127.337 12.6962 -13.2273 -0.738071 -0.264303 -3.5 0.22383 0.762491 0.607048
115.973 21.8045 -25.2903 -0.972391 -0.133947 -1.47784 0.624508 -0.298612 0.721679
84.0269 39.6701 -24.4613 0.111665 -0.943913 -0.8 0.141625 0.80807 0.571809
71.327 20.42 -15.803 -1.11942 -0.0355676 -0.4 -0.929998 0.181431 0.319667
89.7275 11.4622 4.09725 -0.306124 0 -0.864143 -0.175537 -0.737501 0.652134
113.281 8.9535 -32.9645 0.35522 0.153742 -3.2 0.129748 -0.985837 0.106263
108.987 28.1415 -21.3983 -0.417143 0 -3.5 0.557907 0.641445 0.526582
125.708 9.128 -51.937 0.382355 0 -4.5 -0.153969 -0.298003 -0.942066
129.18 21.5095 -41.6569 0.104681 0 -0.9 0.37158 0.826891 0.422114
94.3193 34.3548 -40.2055 0.36296 0 3.8 -0.940632 -0.0210824 -0.338773
131.156 12.282 -33.37 0.080631 0 -0.8 0.415945 0.311007 0.854555
118.315 14.3529 -17.0176 -0.18251 -0.00274524 -1.03925 -0.0812431 0.846882 -0.525539
89.8034 4.48294 -6.25588 0.397949 0 -1.6 -0.0325188 -0.731246 0.681338
76.9573 15.1167 -4.2815 -0.0863782 0 -0.9 -0.0300442 -0.134233 0.990494
135.857 16.203 -15.977 -0.628422 0 -2.36038 0.525823 -0.0658143 0.848044
89.564 13.19 8.06625 0.0591097 0 -4.5 -0.468944 -0.76064 0.448907
129.535 9.70575 -17.4834 -0.234281 0.346242 -3.5 -0.229238 -0.580837 -0.781075
94.1582 42.2406 -36.2355 0.268501 0 3.8 -0.681855 0.200838 -0.703376
96.2724 31.2232 -43.347 0.0909791 0 4.2 -0.983544 0.161146 -0.0816854
111.338 21.3178 -29.1847 0.486833 0.408053 -0.7 -0.948189 -0.314099 0.0477536
84.44 12.8442 -0.209125 -0.167328 0 -3.5 -0.474093 -0.10655 0.874004
118.226 11.7098 -19.5245 0.00031976 0 -1.6 -0.077737 -0.0655528 -0.994816
117.425 21.4807 -26.5534 -0.325179 0 -2.92034 0.278089 -0.252031 0.926902
88.993 20.1766 0.860625 0.618376 0 -3.9 -0.965148 0.165907 -0.202394
93.3018 26.6316 -9.28275 -0.242329 -0.383072 -3.20811 0.443728 -0.427914 0.787398
97.9415 36.4865 -46.5658 0.129533 0 -3.9 -0.934367 0.0507726 -0.352677
88.6045 1.71125 -12.3665 0.688347 0 -4.5 0.628727 -0.73994 -0.239145
138.516 16.8975 -45.0035 -1.70176 -0.653344 -3.5 0.880373 -0.117272 -0.459556
96.983 48.4339 -29.8295 -1.30325 -0.00203289 -3.5 0.838904 0.270163 0.472496
81.101 32.1665 -23.467 0.246546 0 -2.81614 0.324187 0.700884 0.635346
98.6896 32.915 -46.2005 0.164346 0 4.2 0.168334 0.176896 -0.969728
132.492 20.6707 -43.966 0.0923411 0 -4.5 0.25914 0.129625 0.957102
104.746 28.194 -21.5259 0.0615522 0.0221787 -3.5 -0.78907 -0.153644 0.594779
117.6 18.1031 -4.098 -0.168006 0 3.8 0.757114 0.160634 0.633226
75.872 8.387 -13.629 -1.63137 -0.706795 -3.5 -0.918466 -0.250086 0.306394
109.259 11.933 -20.4195 -0.326563 0 -1.3 0.449561 -0.341605 -0.825349
97.9889 8.57537 11.734 0.17155 0 1.8 -0.0278125 -0.998296 0.0512937
97.487 0.606 -7.112 1.84112 0.401447 -3.9 -0.38369 -0.731478 -0.563668
112.02 26.8037 -6.10975 -0.0912905 0 -0.4 -0.110435 0.993725 0.0177397
118.38 20.5837 -26.8415 -1.20957 0 -0.8 0.0151912 0.113211 0.993455
105.225 21.6124 -45.2461 0.130294 0 4.5 -0.0393558 -0.861569 -0.506113
93.1416 11.9762 -27.8897 0.0812075 0 -0.7 0.961138 -0.215699 -0.172301
126.365 25.7804 -37.4484 0.644286 0 2.8 0.966932 0.0173878 0.25444
129.844 7.80825 -46.393 0.00492409 0 -3.5 0.895514 -0.417976 0.152808
91.1166 8.55919 -25.8657 2.56376 0 -0.4 0.230718 -0.0816261 -0.969591
87.2609 0.737 -14.199 0.569957 0.340939 -4.5 0.830863 -0.323526 -0.452767
97.1265 14.127 -18.2647 -0.385676 -0.00620449 2.70863 0.136992 -0.808 -0.573035
104.362 20.4228 -31.7261 -0.472514 0 -3.5 0.150155 -0.512718 0.845324
94.4772 2.49806 3.77694 0.112735 0 -0.8 -0.532347 -0.121474 0.837765
122.712 8.422 -17.94 -1.57744 -0.734862 -3.5 0.203959 -0.108909 -0.972903
117.374 28.227 -28.0779 -0.919226 0 -0.8 0.164455 0.850383 0.499803
92.105 9.64825 6.67125 3.50154 0 -3.9 -0.522782 0.441698 0.72911
84.0993 32.7341 -11.3876 0.477693 0 -1.6 -0.141742 0.819368 0.555469
106.506 22.4592 -14.3558 -0.0284534 0 -0.7 -0.138453 0.950375 -0.2786
91.5307 8.51437 2.81013 0.279548 0 -3.5 -0.0950483 -0.993091 0.0688152
98.9534 6.978 7.82312 0.251717 -0.00298758 -3.5 0.421364 -0.202098 0.884086
129.949 14.9163 -35.276 -1.01591 -0.503358 2.12142 0.609472 0.792805 0.00186341
128.749 17.0893 -19.0658 -0.0641253 0 4.5 -0.162671 0.74603 -0.645738
117.332 21.572 -6.54287 -0.134904 0.0561896 -1.28761 0.749883 0.421845 0.509629
99.6135 13.7448 11.8853 -0.678241 -0.0797586 1.02057 0.251316 0.221568 0.942204
99.5686 20.5047 -10.1567 0.409502 0 3.8 -0.304809 0.931791 -0.19712
114.334 7.06581 -17.8349 0.0149587 0 -0.933603 -0.132385 -0.888278 -0.439814
99.54 40.2669 -46.0969 0.611788 0.016349 1.59479 -0.142553 0.561248 -0.815279
105.868 20.8374 -40.984 0.0658269 0 -3.5 -0.263096 -0.870794 0.415329
123.588 9.44175 -49.7415 0.689621 0 -4.5 -0.950424 -0.300074 -0.0815514
100.785 26.6147 4.04125 -2.07335 -0.0414272 -3.5 0.202495 0.95328 0.224173
75.1084 12.0299 -7.50838 -0.236471 0 0.0660889 -0.777089 -0.357686 0.517874
104.565 7.89262 -15.9716 -0.201961 0 -2.63891 -0.0737803 -0.990161 0.118902
111.578 22.6754 -31.375 -0.173878 0 3.8 -0.900048 -0.228046 0.371362
91.3964 4.14138 -5.51888 -0.344763 0 -1.3 -0.85665 -0.439656 0.269915
113.392 8.72013 -39.684 0.197959 0 -3.9 0.307993 -0.628831 0.713941
106.479 21.8825 -5.81 -0.262292 -0.04499 -0.531675 0.0259542 0.716534 0.697069
124.967 5.82075 -51.1154 0.654985 0 -4.5 -0.517304 -0.473812 -0.71267
105.084 21.2139 -44.0757 0.156712 0 4.5 -0.356407 -0.82921 -0.430562
90.6888 26.0619 -9.3175 0.35258 0.357746 1.7539 0.0253347 -0.769821 0.637757
83.128 37.3773 -24.4727 0.0845717 -0.955161 -0.8 -0.487542 -0.175835 0.85521
94.5383 46.5742 -24.5672 -1.71645 -0.681278 -3.5 0.280675 0.650843 0.705426
97.7185 23.6645 -24.166 -0.0483052 0 4.2 0.78981 -0.478498 -0.383719
115.541 12.8645 -19.0825 -0.280463 -0.118265 -1.57865 0.246823 0.435122 -0.865879
72.8333 19.723 -13.17 -0.0561654 0 4.5 -0.768991 0.562846 0.303079
91.0472 39.126 -18.621 0.543025 -0.324041 -0.8 -0.507313 0.622088 0.596355
122.196 22.8855 -27.0952 0.346213 0 -4.5 0.725949 -0.0975304 0.680798
119.285 9.09175 -46.5534 0.574121 0 -3.5 0.197922 -0.846353 -0.494483
113.971 28.2215 -26.0964 -0.4118 -0.0243029 -3.18205 0.441995 0.125311 0.888222
89.9534 14.5092 12.4875 0.795371 0 -4.5 -0.444929 -0.2856 0.848805
120.464 31.7092 -32.1927 -0.065855 0 3.8 0.421061 0.410156 0.808999
98.5423 31.598 -21.4781 -0.482925 0 -0.8 0.997241 0.0152885 0.0726434
93.0007 15.668 -28.1698 0.413661 0 -3.5 0.456769 -0.350393 -0.817671
115.119 32.2231 -40.636 -0.0487831 0 -3.5 0.75761 0.215434 -0.61613
111.399 23.9982 -15.4427 0.621897 0.125249 -3.5 0.32127 0.240803 -0.91586
130.719 16.411 -15.043 -0.223315 0 4.5 0.0205924 0.117973 0.992803
124.881 27.7954 -39.5675 -0.168166 0 2.8 0.506018 0.38801 -0.77032
90.6089 10.3554 -28.7846 0.0130034 0 -0.7 -0.159819 -0.912336 -0.376963
100.562 30.3353 -8.3815 -0.746215 -0.764012 -0.0208942 0.0934453 -0.39659 0.913228
137.294 14.2215 -15.7685 -1.06433 -0.902305 -3.5 0.335578 0.590399 0.734042
83.1096 17.7633 -5.27712 -0.744127 -0.254379 -0.605369 -0.525987 0.741059 0.417337
116.779 35.4987 -25.9371 -0.0729699 0 3.8 0.603386 0.742014 0.292131
89.7185 19.4885 -8.218 0.746613 -0.89141 3.8 -0.35855 0.814594 -0.455938
86.7295 5.8315 -24.4433 0.0513461 0 -3.5 0.791835 -0.605009 0.0834346
125.389 13.0985 -7.3455 -0.20757 0 -1.6 0.922572 0.0611952 0.380942
111.216 17.7375 -15.8745 -0.143053 0 -0.751691 0.269588 0.929914 -0.250164
104.327 37.2111 -47.6214 0.891294 0 -3.9 0.754725 -0.478682 -0.448613
76.2022 14.4648 -12.8282 -0.0640789 0 0.69223 -0.392518 -0.781372 0.485166
79.7166 4.11912 -15.3811 -0.184645 0 1.8 -0.233778 -0.846117 -0.478992
109.41 37.335 -34.1565 -0.00149044 0 -0.4 -0.214774 0.82251 0.52664
136.095 12.868 -41.3175 -1.568 -0.594118 -3.5 0.743719 -0.659063 0.111883
109.221 21.9915 -23.5469 -0.467829 -0.595081 -1.6 -0.0745066 -0.831919 -0.549872
91.15 20.8569 -9.88713 0.790913 0.518924 -0.706057 -0.352199 0.781425 0.515103
106.972 20.789 -17.543 0.00377548 0 -0.784018 -0.109493 0.920383 0.375376
130.077 14.6126 -36.4565 -0.0488797 0 -0.8 0.276053 0.960739 -0.0278507
80.3893 24.4403 -16.6268 0.23718 -0.681737 -0.957115 -0.307649 0.743454 0.593826
92.7405 45.8815 -28.4088 -0.401686 0 -3.5 -0.854024 0.515676 0.0687154
96.6608 3.58025 5.91825 0.290181 -0.26947 -3.5 -0.472191 -0.794955 0.380897
75.8146 8.203 -7.029 -0.0860689 0 3.8 -0.635622 -0.301818 0.710557
102.314 37.5563 -48.8927 0.687721 0 -3.9 0.180979 -0.247559 -0.95182
83.7716 38.4383 -23.6963 0.879748 0.029846 -0.8 -0.151529 0.0373778 0.987746
124.075 13.1305 -12.0177 0.225448 0 -0.918919 0.85895 0.415927 -0.298679
130.063 18.0101 -15.4834 -0.171613 0 4.5 -0.470028 0.471587 0.746109
114.649 28.951 -27.867 0.0391408 0 3.8 0.896006 0.420744 -0.141946
87.3292 0.5875 -12.3779 0.655962 0.0197449 -4.5 0.586577 -0.791641 0.170973
129.516 15.6625 -29.826 0.431198 0 -4.5 0.928868 -0.359154 0.0906202
120.007 4.24438 -12.9341 -0.865945 -0.0644752 -3.5 0.828383 -0.350882 -0.436651
110.132 28.2879 -22.2195 -0.164322 0 -3.5 0.541881 0.473774 0.694192
97.6673 15.6442 -26.9734 0.223732 0 -1.6 0.694832 -0.26497 -0.66858
130.943 8.9555 -42.7557 -1.20728 -0.274964 -0.7 0.474254 -0.655846 -0.587323
84.1375 6.31388 -27.7568 -1.75746 0 -3.5 -0.322759 0.225923 -0.919122
99.0215 8.79025 8.53775 0.725718 0.307124 1.55816 0.12976 -0.808954 0.573372
85.268 22.3165 -4.755 0.39679 0 -3.9 -0.492656 -0.0218852 0.869949
85.8008 10.051 -1.89775 -0.117895 -0.344902 -2.33439 0.0326258 -0.99747 -0.0631647
107.161 0.45675 -11.6285 0.0205802 0 -0.4 -0.305777 -0.0517556 -0.950696
100.14 8.5685 -16.124 -0.855904 0 -3.5 -0.637923 -0.686199 -0.34955
115.205 5.77738 -2.48062 -0.215649 0 4.5 -0.216007 -0.679066 0.701577
77.3031 25.7423 -12.4976 -0.305376 0 -3.5 -0.574867 0.817853 0.0253758
128.658 16.4042 -32.153 0.302216 0 -4.5 0.840044 0.30122 -0.451212
91.1977 39.6891 -21.0345 0.146624 -0.242153 0.547705 -0.0670665 0.912923 0.402585
135.051 16.7962 -50.43 -0.103993 0 1.8 0.495421 -0.035635 -0.867922
137.409 21.8573 -46.4702 -1.92952 0 -3.5 0.899293 0.233486 -0.369806
120.606 3.23813 -12.0772 -2.15664 -0.732811 -3.5 0.855875 -0.254033 -0.450494
110.993 25.85 -3.993 -0.028209 0 -0.4 -0.200681 0.917562 0.343231
77.0194 18.9535 -11.5846 0.299597 0 4.47312 0.491769 0.573607 0.655086
103.533 23.7515 -2.11875 0.665087 0 -3.5 0.110629 0.989833 -0.0894023
120.632 9.984 -33.051 0.318321 0 -0.8 0.890651 0.00727628 -0.454629
130.109 11.1969 -18.2634 0.0066497 -0.139643 -0.842554 -0.0522753 -0.495 -0.867319
109.686 22.3172 -24.9909 -0.775824 -0.560744 -1.6 -0.422997 -0.723279 -0.54584
82.189 37.1261 -14.4635 -1.15487 -0.515099 -3.5 -0.961427 0.123683 0.245685
85.9003 31.7845 -10.1605 -0.0326315 0 -3.21713 -0.675515 0.469976 0.568156
128.923 18.4013 -31.2453 1.16444 0.919223 -4.5 0.584383 0.351661 -0.731321
128.593 17.4998 -48.339 -1.42239 -0.0634576 -0.4 -0.053773 0.407894 -0.911444
97.4076 14.5715 -26.2625 0.147662 0 -1.6 0.591737 -0.771665 -0.233197
78.5349 7.39325 -23.5613 -1.73774 -0.254605 -3.5 -0.361217 -0.931229 -0.0483254
92.8615 21.439 6.1255 0.176043 0 -0.8 -0.654968 0.569827 0.4963
109.47 18.3027 -16.651 0.0990427 0 1.8 0.634408 0.720038 -0.281196
77.7404 34.105 -28.0709 0.114203 0 3.8 -0.840093 0.363733 -0.40242
116.867 30.695 -41.6914 -0.78985 0 2.88341 0.0943397 0.769047 -0.632192
120.58 22.0304 -9.74788 0.731954 0.71802 -0.8 0.745325 0.504595 -0.435746
124.501 19.025 -30.9881 0.579041 0 -4.5 0.720711 0.693103 0.0135525
89.9013 33.4422 -10.6237 0.0183133 0 4.2 -0.00199072 0.886402 0.462911
113.425 12.1669 -47.4285 0.125146 0 -0.4 -0.202778 0.169552 -0.964434
71.3777 20.1285 -17.1168 -0.667827 -0.673574 -0.4 -0.884298 0.314988 -0.344674
104.752 -1.943 -6.02425 -0.403771 0 -3.5 -0.158407 -0.928344 0.33628
124.238 15.9893 -18.5995 0.0702735 0 -1.6 0.314021 0.720315 -0.618496
117.019 15.044 -47.7808 0.663064 0.954152 -3.2 -0.555296 -0.467146 -0.688056
107.63 16.0514 -25.3009 1.00485 0 -3.9 0.438514 0.262159 -0.859638
78.199 35.2578 -26.042 0.0514591 0 3.8 -0.611109 0.783671 -0.111381
99.8725 28.543 -8.832 -0.160182 -0.0802304 1.9 0.580214 -0.261823 0.771233
113.33 22.2768 -1.1565 1.06947 0.65976 -0.8 0.591894 -0.356423 0.722928
134.112 10.0749 -18.9005 0.0252084 0 -3.5 0.175295 -0.263518 -0.948594
106.512 -2.11225 -6.60525 -0.594241 0 -3.5 0.188659 -0.973427 -0.129795
104.135 23.2396 -0.601375 0.0555054 0 -3.5 0.350446 0.889322 0.293759
116.846 8.94625 -17.9433 0.369694 0.914241 -0.8 0.255497 -0.359491 -0.897489
100.836 24.7073 -0.10975 -0.397553 0 -3.5 0.00842322 0.728967 -0.684497
86.0563 4.59075 -24.8075 -1.67239 -0.0101485 -3.5 0.507637 -0.825798 0.245688
115.245 17.3254 -16.9484 -0.413892 0 -0.8 0.484454 0.578741 -0.65602
114.492 14.758 -31.816 -0.337106 0 4.2 -0.582038 0.212968 0.784778
99.989 26.646 -17.779 -0.347715 0 -3.5 0.900615 -0.0471464 -0.432054
78.3238 34.0962 -23.1667 0.0706652 0 3.8 -0.485318 0.220317 0.846125
96.846 24.8137 -10.4452 -0.216058 -0.0405934 3.8 0.271531 -0.123378 0.954489
97.7676 35.2562 -44.6779 0.113277 0 -3.9 -0.95593 -0.184434 -0.228435
104.109 15.8475 -19.3958 0.583246 0.831811 -1.3 -0.316851 -0.914528 -0.251485
116.811 20.8887 -14.5111 -0.110361 0 4.2 0.501548 0.439173 -0.74537
86.1505 5.5085 -17.059 -0.204033 0 -3.2 0.0643417 -0.984392 0.163804
102.617 15.8115 -22.8172 0.0846335 0 -3.9 -0.384707 -0.781029 -0.491929
86.2028 16.728 -0.4925 -0.368203 -0.674824 -0.7 -0.306223 0.937358 -0.166095
95.6015 13.7327 -20.4574 -0.107893 0 2.8 0.71399 -0.696436 -0.07208
79.278 16.3272 -26.786 -0.336578 0 -3.5 -0.652315 0.564297 -0.506018
118.168 9.95337 -29.3978 -0.274887 0 -0.8 -0.280816 -0.493026 0.823449
119.519 2.01325 -12.03 -1.59519 -0.0339556 -3.5 0.530376 -0.665186 -0.525574
115.56 34.0415 -29.7355 0.0194752 0 1.8 0.832762 0.553599 0.00594219
94.4185 14.468 7.07562 0.210661 0 -3.5 -0.287242 -0.874054 0.391819
80.8645 8.734 -5.34137 0.492546 0 -0.8 -0.473392 -0.386747 0.791408
103.64 23.3472 2.30175 -0.517543 -0.0998344 -3.5 0.972436 -0.0910686 0.214652
88.289 5.1725 -19.4225 0.321958 0 1.9 -0.0191108 -0.97954 0.20034
110.038 23.314 -10.126 -0.0231921 0 -3.5 -0.377713 0.874469 0.304363
106.234 33.9702 -24.3745 -0.550295 -0.708191 -1.3 0.0313131 -0.130137 0.991001
126.404 27.3232 -36.9989 0.117699 0 2.8 0.965737 0.175192 0.19147
122.375 9.73438 -40.2368 -0.0729249 0 2.8 -0.410163 -0.664481 0.624686
81.2425 25.8752 -29.5753 0.338753 0 -0.7 -0.889482 -0.444563 -0.105767
93.4829 36.2874 -18.2179 0.136056 -0.00957669 -0.8 0.000330077 -0.265063 0.964231
82.624 33.0537 -19.9923 0.146604 0 -0.4 -0.902432 0.3914 -0.180064
131.152 14.4689 -14.7184 -1.05882 -0.359829 4.5 0.176998 0.307648 0.934893
98.8446 17.7539 5.466 -0.598055 0 -2.91149 0.388326 0.488892 0.781145
99.44 16.175 -33.521 2.82902 0 -3.9 0.15855 -0.963973 -0.213585
77.0321 25.4205 -14.144 -0.328129 0 -0.841562 -0.17814 0.983412 0.0341662
117.261 16.1724 -15.2215 0.0981561 -0.643247 -0.231219 0.515304 0.579888 -0.631024
132.646 7.47919 -15.753 -0.0312404 0 -3.5 0.199945 -0.966993 0.157943
97.309 2.26975 -4.07125 0.458976 0 -3.9 -0.651863 -0.585734 0.481655
95.5181 49.1584 -31.3735 -1.54409 -0.0479689 -3.5 -0.0510081 0.903652 -0.425218
129.12 8.879 -48.3485 -0.158178 -0.299238 -3.5 0.704889 -0.275293 -0.653717
93.5005 24.1772 -11.3378 0.445761 0 -3.37312 -0.161775 -0.346135 0.924132
99.1182 10.2779 13.4326 0.0286244 0 1.8 0.442093 -0.347843 0.826776
97.6656 41.9165 -28.5354 0.212368 0 -0.7 0.542735 0.475731 0.692184
105.62 13.8286 -21.8781 0.648384 0 -2.48043 -0.596306 -0.789141 -0.147224
90.9382 5.79175 -4.42175 0.00883361 0 -1.46503 -0.665182 -0.255454 0.701624
83.1734 37.8656 -29.208 -0.481542 -0.333663 1.15193 -0.729769 0.359011 -0.581849
103.596 28.5136 -25.1336 -0.66527 -0.439929 -3.5 -0.609296 0.382486 0.694595
92.05 29.8161 -35.0345 -1.65243 -0.643999 -3.5 0.0663461 0.024726 -0.99749
114.864 8.05225 -42.8273 0.173564 0 -3.9 0.717793 -0.624404 -0.308047
83.7555 3.77787 -7.01337 0.121587 0 -0.4 -0.741442 0.0579851 0.668507
109.516 22.4508 -18.9195 0.203473 0 -0.8 0.229455 0.388094 0.8926
122.151 13.0956 -30.7945 0.182299 0 -0.4 0.858691 -0.182588 0.478864
117.23 11.7107 -29.1723 -0.65982 -0.848168 -3.2 -0.249426 -0.0846011 0.964691
104.534 1.9135 -9.6155 -2.13552 -0.0494856 -3.5 -0.525967 0.262591 -0.808953
127.043 18.6206 -37.5335 -0.187201 0 3.8 0.830723 -0.406957 0.379849
113.711 18.2341 -32.0182 -0.296162 0 3.01799 -0.787832 -0.552038 0.273084
88.852 36.61 -36.523 -0.109681 0 -3.5 -0.280379 0.565329 -0.775752
107.54 37.2095 -34.4943 -0.614132 0 -0.4 0.112269 0.729114 0.675121
108.41 1.697 -0.8915 -0.937619 -0.0314391 -0.836172 0.195595 -0.388242 0.900561
103.138 9.94425 -19.8471 -1.90729 0 -3.5 0.124965 0.0188729 -0.991982
131.513 21.0434 -48.3989 0.32635 0 -4.5 -0.19769 0.316766 -0.927673
79.9837 9.9945 -6.0925 0.0227789 -0.862406 -0.506102 -0.252353 0.329489 0.90981
88.2724 10.2706 -5.32288 1.05225 0.466926 -2.95134 -0.766984 -0.607199 0.207471
103.933 28.4627 -13.6655 -0.0255143 0 -1.6 0.449585 -0.872059 0.193355
101.997 43.815 -36.5374 -0.109343 0 -3.9 0.75039 0.66088 -0.0123167
91.4135 44.013 -26.4799 0.141323 0 -2.31444 -0.580885 0.78687 0.208347
120.578 17.0995 -26.2202 0.86424 0.509768 -0.8 0.721822 0.0846977 0.686876
98.614 49.4991 -36.9543 1.71771 0.416999 -3.9 -0.866041 0.483337 -0.127898
106.815 -1.7175 -3.6235 -0.955035 -0.700675 -3.5 0.00600256 -0.952909 0.303196
95.2128 17.9785 9.08113 -0.91923 -0.309938 -3.5 0.282173 0.74906 0.599406
80.7404 14.7815 -28.9711 -2.67811 -0.402536 -3.5 -0.214453 -0.132737 -0.967673
90.2571 40.552 -35.3121 0.73442 0 -3.9 -0.191624 -0.578443 -0.792896
121.14 25.0154 -43.6654 -0.476631 -0.00365048 -3.5 0.379297 0.857875 -0.346677
120.168 12.5328 -5.61662 -0.221068 0 1.8 0.365905 0.204479 0.907911
123.298 10.6881 -47.1258 0.329118 0 -3.5 -0.425221 -0.867816 -0.257066
129.996 9.54463 -13.266 -0.124021 0.721789 -3.5 0.442523 0.308514 0.842017
101.209 26.1413 2.11894 -0.829347 -0.0400238 -3.5 0.121006 0.960413 -0.250928
116.849 34.9419 -35.2575 -0.00260729 0 -0.7 0.758534 0.650552 -0.0375221
96.9395 41.8172 -43.2907 -0.525965 0 1.8 -0.372016 0.897608 0.236439
100.809 43.0739 -31.8722 -1.45306 -0.826223 -3.5 -0.0439255 0.902069 0.42935
118.766 31.458 -39.054 -0.203557 0 1.8 -0.163326 0.958386 0.234138
111.261 24.7309 -28.9845 -0.343809 0 3.8 -0.840572 -0.453789 0.295829
85.1852 9.427 -10.7616 1.27668 0.787342 -0.452251 0.149135 -0.0619558 0.986874
77.446 30.541 -26.184 0.705873 0 -4.47713 -0.845623 0.523237 0.105563
113.46 11.7264 -30.0344 -0.075321 0 -3.2 -0.265374 0.404756 0.875071
112.817 5.1845 -5.034 -0.193885 0 -3.93985 0.000553189 -0.413506 0.910501
92.3615 4.3285 -10.779 -1.84492 -0.00836193 -3.5 0.276129 -0.918003 -0.284647
72.057 21.5411 -16.1896 -1.61829 -0.231286 -0.4 -0.580078 0.814292 0.0209151
91.5102 17.8905 11.9815 1.01945 0.264769 -4.5 -0.37224 0.928049 0.0127561
135.665 20.2085 -17.475 -0.804745 0 -1.6 0.0442688 0.956021 0.28994
91.1235 43.6204 -27.8801 0.540611 0 -0.7 -0.255203 0.961926 -0.0978209
97.6524 39.3515 -28.1475 -0.449804 -0.346455 1.25363 0.679899 0.309282 0.664892
132.053 11.719 -43.0368 -0.226357 0 -3.5 0.579144 -0.673405 -0.459475
104.005 26.4788 -6.42163 -0.177975 0 1.8 0.669113 0.739316 0.0754987
119.511 7.53463 -31.6531 0.00653226 0 -0.8 0.345221 -0.845116 0.408168
115.317 20.6425 -25.191 -1.51598 -0.23922 -0.7 0.0597892 -0.603687 0.794976
117.244 30.6839 -36.8989 -0.467937 0 3.8 0.17122 0.939936 -0.295305
110.91 4.76475 -4.1335 -0.446372 0 -0.7 0.903477 -0.158492 0.398258
122.604 25.4568 -29.5896 0.49999 0.903369 -4.36758 0.58746 0.772314 0.241707
93.333 21.6919 -10.5879 0.353445 0 -0.451491 -0.346865 0.76529 0.542232
108.326 17.5595 3.90862 0.602988 0.931692 -3.5 -0.232498 0.719059 0.654904
95.654 21.8126 -8.29537 0.196331 0.065632 2.8 -0.1219 0.987766 0.0972603
73.6824 13.8621 -23.5826 -0.512622 -0.75638 -0.789143 -0.749439 -0.658282 -0.0707458
103.132 34.8192 -28.0754 0.0551524 0.246055 -1.22206 -0.563831 0.305785 0.767196
87.8715 38.3454 -34.2967 0.397233 0 -3.5 -0.362355 0.744606 -0.560589
110.841 13.6874 -32.0756 -0.369191 0 -3.2 -0.541235 0.618286 0.569901
131.266 6.935 -37.2188 0.949351 0.67563 -0.7 -0.0704572 -0.823985 0.562214
91.9095 8.09725 3.6495 1.91477 0 -3.82505 -0.476083 -0.643974 -0.598868
113.584 9.69825 -36.3721 -0.53851 -0.450008 -2.48632 -0.148665 -0.979693 0.134537
135.136 14.5538 -37.8354 -0.0624078 0 1.8 0.865211 0.358469 0.350584
130.05 15.9836 -49.4995 -0.151772 0 -1.6 0.0121021 0.964264 -0.264667
122.12 6.01325 -7.9355 -1.58419 -0.115266 -0.4 0.728435 -0.594384 0.34072
91.4121 45.0374 -34.1171 2.05468 0.00367766 -3.9 0.185431 0.980753 -0.0611395
74.7073 12.5315 -26.5381 -0.216504 0 -0.7 -0.718537 -0.120768 -0.684923
80.1106 3.72837 -11.2102 0.408075 0 1.8 -0.405058 -0.734995 0.543792
98.1223 26.3263 -35.6662 0.340215 0 -1.3 -0.990533 0.13713 -0.00630023
107.762 38.454 -35.5446 -0.289674 -0.04679 2.28711 0.546118 0.688555 0.477125
81.5954 14.3807 -2.00325 -1.27984 -0.0679341 -3.5 -0.809715 0.297974 0.505542
90.436 6.1755 -24.7895 4.33823 0 -0.4 -0.0390374 -0.952374 -0.302422
95.4017 45.9414 -25.1825 -1.4879 -0.0556556 -3.5 0.922511 0.353657 0.154599
100.414 10.0661 11.7469 -0.0785154 0 1.8 0.529961 -0.491616 0.690982
119.951 12.7928 -34.1185 0.772466 0.46251 0.972364 0.463338 -0.788041 -0.405351
136.857 15.0201 -40.3419 0.46476 0.64122 -3.5 0.785263 -0.238769 0.571272
93.096 5.657 4.69725 0.45516 0 -3.9 -0.64854 -0.72474 0.232696
95.9475 38.2593 -20.958 -0.317056 -0.258806 -1.35943 0.860094 0.35048 0.370678
124.336 17.3582 -11.0714 -0.185145 0 -0.7 0.60957 0.519041 0.599184
126.472 25.2985 -39.144 0.718176 0 2.8 0.899814 0.0982086 -0.425076
85.7979 8.68775 0.5305 -0.343538 0 -3.5 -0.665156 -0.145115 -0.732467
83.4145 1.92775 -15.3077 0.548786 0.0661757 -4.5 -0.232175 0.0346005 -0.972058
93.0351 8.10688 -22.999 0.857991 0 -0.4 0.966415 -0.211657 0.14575
118.254 32.8159 -24.915 -0.0851885 0 3.8 0.985795 0.0685624 0.153321
106.407 13.354 -24.4587 1.6283 0.485892 -3.9 -0.442019 -0.68014 -0.584832
79.0999 30.5131 -12.621 -1.29082 -0.838757 -3.5 -0.671582 0.182851 -0.718014
97.8577 6.16775 -8.88625 -0.910279 0 0.476008 0.208544 -0.726514 -0.654742
123.527 7.70625 -17.2108 -2.1152 -0.564166 -3.5 0.673023 -0.503678 -0.541617
110.156 12.6409 -19.9106 -0.375685 0 -1.3 0.566925 -0.0536745 -0.822019
112.356 -1.3475 -9.34775 0.364504 0.0390131 -4.5 0.0233571 -0.607876 -0.793688
133.716 13.2134 -15.2641 -0.0388044 0 -3.5 0.205439 0.388398 0.898299
115.767 1.50262 -4.66531 0.789704 0 -4.5 0.261628 -0.189605 0.946362
99.2913 30.205 -26.7687 -0.539266 0.0512135 -4.29595 0.513443 0.201945 0.834023
96.7811 29.4384 -32.8231 1.41185 0.0394549 -3.42912 0.264421 -0.434701 -0.860881
116.016 11.6046 -3.09525 -0.145104 0 4.5 0.436298 0.541572 0.71857
101.725 23.7115 -17.157 -0.238293 0 -3.5 0.894151 0.303066 -0.329614
103.424 18.4688 -35.6665 -1.68451 -0.345707 -3.5 -0.0736209 -0.854316 -0.514513
106.206 29.0487 -20.595 -0.154875 -0.176503 -3.5 0.00375465 0.423936 0.905684
120.576 8.797 -4.9885 0.530769 0 1.98245 0.593505 -0.343264 0.727957
98.478 17.5351 -34.7625 1.96168 0.537332 -3.9 -0.486016 -0.236676 -0.841292
125.91 15.6864 -15.5262 -1.11166 -0.546059 -1.6 0.532441 0.843219 0.0740796
87.5163 36.0335 -23.2717 -0.153424 -0.0459285 -3.5 -0.679588 0.418811 0.602294
110.2 11.9575 -41.0051 0.167809 0.32873 -1.84393 -0.712029 -0.643651 0.280586
102.109 32.0638 -8.65038 -1.21483 -0.766023 -0.4 0.456778 0.499502 0.736106
84.0606 9.04375 2.73962 0.317699 0.899422 -3.5 -0.982117 0.0125287 0.187854
107.043 5.0425 -12.2177 -0.275574 0 2.8 0.101917 -0.827684 -0.551863
87.7846 31.1395 -8.36075 -1.37498 -0.901685 -3.5 -0.221965 0.487848 0.844237
96.4875 0.8005 3.0125 0.0236533 0 -0.8 0.428418 -0.789623 0.439264
92.2455 24.7412 -11.0085 0.958098 0 -0.178392 0.179805 -0.522705 0.833337
96.7113 26.232 -40.5428 0.703581 0 -0.7 -0.973627 -0.203766 -0.102618
105.021 38.0894 -47.1384 0.626776 0 -3.9 0.99218 -0.123762 -0.0162096
82.9833 33.2417 -12.6263 0.160462 0 -1.6 -0.447231 0.835855 0.318324
131.314 21.159 -43.6779 0.111415 0 -4.5 0.217723 0.542361 0.811444
83.816 13.4688 -28.0457 -0.827422 -0.0411322 1.28592 -0.240567 -0.575716 -0.781459
90.932 18.1723 -33.715 0.0877791 0 -0.7 0.0946792 0.0719918 -0.992901
73.2471 20.7787 -17.8729 0.125407 0 -0.4 0.101992 0.839184 -0.534198
86.2527 36.1227 -17.347 -0.106677 0 -3.5 0.420075 0.863401 -0.279422
99.3999 5.77 8.21362 -1.64697 -0.097332 -3.5 0.605347 0.2555 0.75384
113.347 6.18025 -40.4313 0.635684 0.612531 -3.9 0.62713 -0.411975 0.661048
102.986 33.0279 -17.5221 0.0839103 0 -1.6 -0.0686403 0.818631 -0.570203
86.3923 4.24575 -21.7675 -0.049893 0 1.9 0.319468 -0.935682 -0.149796
131.178 15.7122 -19.1784 0.064394 0 4.5 0.260484 0.276521 -0.925032
104.414 33.032 -16.708 0.0220767 0 -1.6 0.550904 0.807064 -0.21249
78.2442 22.1666 -11.8302 -0.0653008 0 -2.02189 0.0118973 -0.994478 0.10427
123.351 16.4569 -10.251 -0.223345 0 -0.7 0.345409 0.604849 0.717531
85.0916 19.9021 -31.7201 0.095445 0 -3.5 -0.117007 -0.523099 -0.844202
129.928 15.6111 -51.6805 -0.0234592 0 -1.6 0.055545 0.641688 -0.764952
116.847 25.4428 -8.06775 -0.0240516 0 -1.6 0.85237 0.492323 0.176306
132.851 22.727 -43.7885 0.4801 0.136403 -4.5 0.0363923 -0.209549 0.977121
118.348 18.4902 -48.861 -0.870495 0 -3.23674 -0.353104 -0.0770698 -0.932404
87.0368 5.349 -25.7795 -1.15262 -0.771993 -3.5 0.875783 -0.467472 0.120306
93.4945 28.0215 -33.6258 0.165413 0 -3.5 0.230373 -0.189607 -0.954452
109.42 -0.548625 -7.14012 -1.48698 -0.283079 -0.4 0.193855 -0.919372 0.342309
81.2913 23.9147 -26.6125 0.497351 0 -1.6 -0.705535 0.564596 -0.428312
104.983 23.7544 -6.21037 -0.154425 -0.123409 0.398988 0.72714 0.437394 0.529107
101.199 40.9254 -43.9347 0.545969 0 1.8 0.846258 0.523394 0.0995275
131.12 20.1734 -41.1094 0.933367 0.517838 -0.9 0.562345 0.758771 0.328685
92.6677 14.4775 -27.9224 0.541302 0 -0.909521 0.519663 -0.138428 -0.843082
105.449 22.967 -0.42375 -0.693277 0 -3.5 0.0236891 0.568151 0.822583
111.695 4.031 -42.2236 2.50362 0.377513 -3.9 0.113305 -0.849106 -0.515927
133.066 19.1956 -19.9322 -0.0474609 0 -1.6 -0.730556 0.335304 -0.59486
111.881 9.07675 -34.623 0.474798 0.0517775 -3.2 -0.0604067 -0.83553 -0.546115
99.1988 27.7364 -44.0774 -0.735286 -0.453421 1.20983 -0.0301233 -0.65663 -0.753611
102.945 0.05575 1.8615 -0.531081 -0.237606 -3.5 -0.380399 -0.850944 0.362203
109.585 4.78575 -40.6216 2.21393 0.651184 -3.9 -0.822342 -0.475384 0.312672
116.486 17.336 -14.9606 -0.134976 -0.933272 -0.8 0.570146 0.461876 -0.679415
102.599 30.3512 -9.694 -0.579206 0 -0.4 0.540972 -0.669674 0.508809
78.167 25.6717 -18.717 -0.629893 -0.18285 4.2 -0.261065 0.853212 0.451526
116.15 18.8195 -26.9743 0.286488 0 -0.8 -0.525772 -0.23123 0.818595
92.3818 45.8433 -30.8682 -1.18979 -0.500705 -3.5 -0.867731 0.488639 -0.090962
119.171 16.091 -26.1112 -0.147463 -0.457374 -0.8 -0.204513 -0.455971 0.866178
114.607 11.902 -47.3615 -0.0984104 -0.016791 -3.5 -0.109942 0.232286 -0.966414
123.894 14.8925 -19.5799 0.021492 0 -1.6 0.318345 0.206161 -0.925286
110.833 -1.12713 -9.086 -0.0513913 0.193175 -4.5 -0.2292 -0.922512 -0.310547
90.862 14.232 -29.877 0.0450406 0 -0.7 -0.173525 0.199644 -0.964381
112.463 4.30113 -15.5789 0.835938 0.652357 -4.5 -0.532347 -0.417169 -0.736598
82.2941 35.7436 -24.6239 0.531164 0.00301187 2.96377 -0.045502 0.469037 0.882005
90.2081 12.1506 -29.7482 0.131889 0 -0.7 -0.162778 -0.316208 -0.934621
82.8015 29.2555 -29.4832 0.308544 0 -0.7 -0.437014 0.624085 -0.647716
91.9781 23.9019 3.45275 1.38672 0.0686647 -1.57076 -0.13252 0.485786 0.863974
99.5145 21.0319 4.39825 -0.289322 0 -0.7 -0.640764 0.658378 0.394917
110.628 29.4509 -44.4881 -0.0174109 0 4.2 0.113331 0.394674 -0.911805
115.785 -0.404875 -6.48838 0.282243 0 -4.5 0.716685 -0.692094 -0.0858384
84.2048 21.1807 -32.047 0.332934 0 -3.5 0.00350258 -0.256041 -0.96666
87.2964 17.9311 2.63462 -0.946875 -0.091827 -3.5 -0.842511 0.297005 -0.449404
137.506 18.4315 -43.2923 -1.09101 0 -3.5 0.599945 0.347873 0.720451
116.819 23.1795 -9.77962 -0.0109275 0 -1.6 0.82374 0.348762 -0.447009
96.1224 35.4889 -12.3486 0.701449 0 1.9 -0.490688 0.866259 -0.0939229
110.854 10.152 -15.367 -0.412557 -0.961731 -3.5 -0.1332 -0.706566 -0.694998
128.806 19.9594 -30.5096 0.668608 0.521045 -4.5 0.579286 0.320271 -0.749569
93.1021 22.7191 -11.3774 0.393906 0 -1.3 -0.0674908 0.444295 0.893335
92.9863 22.3965 -2.591 -0.305687 0 -3.5 0.281965 0.816374 -0.504012
115.045 10.1851 -47.6855 -1.22096 -0.0803205 -3.5 -0.410217 -0.370025 -0.833549
80.504 8.1155 -23.094 -0.920965 0 -3.5 0.526778 -0.669696 -0.523462
107.005 23.484 -0.656 -1.16451 0 -3.5 -0.214386 0.765124 0.607144
114.394 14.0016 -1.764 0.286454 -0.465731 -0.8 0.839531 0.54327 0.00677544
88.2395 18.7399 -4.05675 -0.0121168 -0.809863 -3.9 -0.140827 0.164498 0.976273
125.484 12.3911 -33.1201 -0.322166 0 4.2 -0.0832794 -0.865494 0.493949
137.622 20.159 -46.4128 -0.937219 0 -3.5 0.954191 -0.0160199 -0.29877
94.6882 45.1027 -23.5426 -2.05257 -0.533674 -3.5 0.501837 0.389051 0.772527
103.89 36.0714 -41.4338 0.420267 0 -1.6 0.131025 0.615261 -0.777358
110.809 -0.78625 -1.0855 -1.64228 -0.7782 -3.5 0.616284 -0.510889 0.599322
96.2103 3.08375 -3.94275 0.31242 0.0692747 -1.73272 -0.0942429 -0.919546 0.381515
82.1245 38.0783 -28.0815 -0.224001 0 -0.8 -0.785591 0.388335 -0.481709
120.586 30.2188 -32.5578 -0.0883032 0 3.8 0.651929 -0.299478 0.696636
99.0604 50.0935 -35.8732 2.21108 0.544483 -3.9 -0.702963 0.485013 0.520198
105.625 21.9325 -13.2595 0.34703 0.0488083 -0.7 -0.5237 0.829922 -0.192269
107.436 -1.25575 -11.086 -0.0412491 0 -0.4 -0.15233 -0.632617 -0.759336
120.542 20.4134 -51.2118 0.640347 0.44659 -0.9 -0.194527 0.641406 -0.74213
102.173 33.7644 -11.6217 -0.0140949 0 -0.4 0.125151 0.989667 -0.0699757
114.956 35.5597 -26.9562 -0.02053 0 3.8 -0.183156 0.965385 -0.185704
104.405 3.6735 -8.75062 -0.845047 -0.24896 -1.04417 -0.515882 -0.119268 -0.848317
108.514 14.3359 -25.0392 3.02395 0.221792 -3.9 0.486498 -0.161106 -0.858699
139.139 12.9082 -18.2161 -0.338004 0 -3.5 0.9119 0.367194 -0.183324
109.879 -0.093 -5.9085 -0.643477 -0.0104247 -3.23378 0.0818944 -0.991744 -0.0986728
115.372 22.5064 -45.0186 0.0140356 0 1.03681 -0.131224 0.470014 -0.87285
85.577 33.9265 -32.5745 -0.0543705 0 -0.8 -0.12656 -0.0046877 -0.991948
112.74 -2.53475 -6.83337 0.454452 0.853339 -4.5 -0.197662 -0.979721 -0.0328161
93.416 28.1087 -8.57525 -1.02115 -0.480333 -3.73794 0.739722 -0.278054 0.612779
89.9157 27.8423 -33.7316 0.058779 0.0175881 -3.5 -0.637135 -0.085165 -0.766033
104.198 10.265 -19.5868 -1.71201 -0.249 -3.5 0.198729 -0.00562909 -0.980038
88.8044 34.4191 -36.5444 0.505527 0 -3.5 -0.0748481 -0.680544 -0.728874
115.943 31.9794 -27.4132 -0.0095232 0 3.8 0.507656 -0.546924 -0.665702
85.1525 3.70075 -26.637 -1.81651 -0.73017 -3.5 -0.220056 -0.974134 -0.0513692
100.494 33.953 -46.335 -0.647136 0 -3.9 0.27561 -0.701911 -0.65678
89.393 42.942 -29.39 -0.228782 0 -0.7 -0.202312 0.944248 -0.25974
125.999 4.90462 -50.9689 0.987447 0.856063 -4.5 0.0669032 -0.798495 -0.598272
114.247 26.8654 -45.2607 -1.86264 -0.0272947 -0.8 0.152126 0.493488 -0.856345
122.787 11.0411 -48.4801 -0.744483 0 -4.42695 -0.570341 -0.820597 0.0364866
82.1105 31.5562 -22.765 -0.0253137 0 -3.5 -0.208561 0.92037 0.33079
106.794 17.5639 2.24425 0.212599 0 -3.5 -0.348312 0.804529 0.481054
92.1152 21.2038 -9.86375 0.562592 0 -1.3 -0.0838708 0.753295 0.652313
90.654 4.8665 -13.7625 -0.0316491 0.836869 -1.3 0.0652319 -0.916966 -0.393597
112.923 2.63375 -5.238 -0.297821 0 -4.5 0.0837644 -0.0698611 0.994034
103.41 35.604 -47.0085 0.126759 0 -3.9 0.594274 -0.73304 -0.330894
103.213 41.2479 -46.6183 2.83237 0.349324 -3.9 0.37753 0.925859 0.0159886
125.274 10.4009 -35.1739 0.180671 0 4.2 -0.358363 -0.818616 0.448824
81.7462 8.53975 -23.0695 -0.666486 0 -3.5 -0.165994 -0.876202 -0.452456
109.654 -1.12363 -8.26313 -1.61506 -0.536367 -0.4 0.136565 -0.983077 0.122103
98.927 43.157 -38.5475 0.0711028 0 -3.9 -0.201232 -0.147842 -0.968323
120.396 30.09 -41.4386 -0.0828126 0 1.8 0.555946 0.246898 -0.793703
92.643 19.1632 7.771 -0.950588 -0.196908 -0.8 -0.250783 0.47681 0.842473
99.2936 41.3915 -30.0805 0.1479 0 -0.7 0.787385 0.102401 0.607897
126.088 19.2981 -26.3885 1.05257 0.888632 -4.5 -0.432527 0.360462 0.826431
127.368 10.7139 -18.0436 -2.02552 -0.364739 -3.5 -0.441318 -0.362053 -0.82107
129.732 14.0068 -14.7545 -0.054236 -0.528415 4.5 -0.115539 0.237219 0.964561
109.153 23.82 -19.5949 0.536 0.0292278 -0.8 -0.0511042 0.721245 0.690793
115.619 35.6684 -26.1405 -0.0479483 0 3.8 -0.0537837 0.988834 0.138979
127.358 8.68013 -39.032 0.326387 0 2.8 0.100471 -0.86544 0.490836
129.308 18.3031 -16.6553 -0.131238 0 4.5 -0.555686 0.815354 0.162514
79.4317 17.0317 -24.7132 -0.164142 0 -3.5 -0.743361 0.597481 -0.300719
107.267 15.9601 5.10738 0.180662 0 -1.3 0.343388 0.664223 0.663997
96.8025 6.1515 -13.4125 -0.148312 0 3.8 0.272729 -0.874271 -0.401583
94.1255 5.1285 -14.132 -0.820183 -0.582118 -1.3 0.576352 -0.81704 0.0162636
129.952 15.5398 -14.8969 -0.229058 0 4.5 -0.310009 0.21742 0.925539
97.2561 25.6545 -39.4394 0.325044 0.152303 -0.7 -0.672995 -0.734432 0.0876751
94.7569 26.3215 -1.754 -1.2185 0 -3.5 -0.842132 0.42002 -0.338225
90.2309 38.1833 -19.6338 0.65438 0 -0.8 -0.925318 0.278291 0.257569
117.075 21.5956 -13.6042 -0.11371 0 4.2 0.547083 0.714825 -0.435574
127.947 18.2226 -39.1135 -0.474317 0 1.7968 0.425797 -0.156805 0.891128
111.021 24.7418 -1.1935 -0.239612 0 -0.8 0.0278982 0.770038 0.637388
128.173 8.584 -11.662 -2.11728 -0.638193 -3.5 0.363013 -0.489057 0.793123
81.3366 17.1685 -6.04012 -0.857593 -0.0904104 -0.9 -0.50023 0.822992 0.269173
98.2565 21.8961 1.24375 0.0526211 -0.1988 -2.83807 -0.0326468 0.153576 0.987597
115.022 11.4688 -1.769 -0.258659 0 4.22415 0.836263 0.266316 0.479311
109.154 6.60988 -40.7062 1.13925 0 -3.9 -0.803581 -0.0878478 0.588676
108.849 19.0142 -15.7845 0.166332 0 1.42139 0.698317 0.603884 -0.384289
109.745 13.7872 -33.7646 -0.915955 0.502587 -3.2 -0.754358 0.510604 0.412586
104.013 -0.74975 0.668 -1.69009 -0.234837 -3.5 0.216166 -0.970846 0.10359
110.812 27.1475 -44.5719 0.430778 0 0.0482314 0.0410764 0.294473 -0.954777
105.416 0.06625 2.77525 -0.323212 0 -3.5 0.218399 -0.922402 0.318554
96.7189 8.15137 8.61613 0.666128 0 -3.84733 -0.144367 -0.541737 0.828057
112.863 26.7341 -8.64538 0.0196384 0 -1.6 -0.487592 0.769864 -0.411782
111.91 20.5527 -28.501 -0.216669 -0.67291 -0.7 -0.594819 -0.643901 0.48123
102.346 23.4776 -44.391 0.0969481 0 4.5 -0.949976 -0.310849 -0.030299
85.2656 12.3876 -27.8574 -0.240959 0 1.8 -0.0673629 -0.803417 -0.591594
113.098 34.4976 -29.7409 0.133289 0 1.8 0.0686847 0.941011 0.331331
113.048 33.053 -24.1695 0.271515 0 3.8 -0.150591 0.282834 0.947273
112.023 10.6726 -19.9147 -0.142427 0 -0.8 -0.511723 0.128634 -0.849466
132.783 10.6861 -14.4056 -0.721341 0 -3.5 0.204177 0.3582 0.911046
102.726 8.5145 8.926 -0.107015 0 -3.5 0.197355 -0.958059 0.207785
115.249 9.41475 -33.2724 0.969832 0.400826 -3.2 -0.0841293 -0.973591 -0.212232
97.4309 2.23787 1.39188 0.0618126 -0.016845 -0.8 0.707188 -0.569028 -0.419634
105.164 29.7885 -21.0071 0.33722 0.721871 -3.5 -0.573213 0.550587 0.606861
119.049 20.5886 -6.90075 0.389619 0.420359 -0.8 0.372833 0.564457 0.736468
102.141 7.09762 -17.8365 -2.52571 -0.207271 -3.5 -0.165826 -0.985331 0.0403034
82.6725 14.886 -28.91 -2.93577 -0.562477 -3.5 0.140401 0.00499462 -0.990082
109.05 9.90487 -17.243 -0.35974 -0.18643 -1.3 0.424931 -0.899276 -0.103615
109.425 16.0742 -42.994 -0.184763 0.507665 -4.5 -0.689716 0.0366239 -0.723153
89.645 16.9182 11.3573 0.86154 0.001495 -4.5 -0.606851 0.772214 0.188193
100.413 23.5783 -3.3175 -0.196695 0.260343 2.28834 -0.139398 0.990221 -0.00549209
120.227 9.96125 -29.904 -0.570307 0 -0.8 0.70071 -0.547347 0.45762
92.9133 11.8294 -21.2048 0.161771 0 3.91437 0.805906 -0.576141 -0.136296
89.306 30.0963 -32.8633 -0.238697 0 3.16366 -0.377745 0.20444 -0.903058
74.8681 20.0866 -10.8272 -0.0443892 0 4.5 -0.0428136 0.573162 0.818323
112.107 38.3509 -41.108 -1.83085 -0.669982 -3.5 -0.266138 0.950848 -0.158298
97.8439 30.2681 -46.2363 0.0572388 0 4.2 -0.139455 -0.453863 -0.880091
96.1254 35.8359 -32.5464 0.452808 0 4.2 -0.308297 0.717225 -0.624933
138.508 19.2155 -18.004 -1.62341 -0.389824 -1.6 0.959558 0.268886 -0.0833647
116.265 30.9692 -23.6084 -0.166356 0 3.8 -0.0863774 -0.628486 0.77301
102.898 21.2515 -16.99 0.12676 0 -3.5 0.605816 0.759074 -0.238316
97.914 17.9568 6.52838 -0.465828 0 -2.44237 0.54245 0.670303 0.506401
123.617 8.0945 -42.2855 0.140617 0 2.8 -0.205711 -0.976613 0.062522
101.64 16.9307 -22.8365 0.530017 0 -3.46965 -0.27809 -0.406995 -0.87007
90.6357 36.0389 -35.5064 -0.8001 -0.348849 -3.5 0.709902 0.134367 -0.691364
136.03 23.8019 -48.0638 0.768814 0.492014 -4.5 0.537833 0.0573164 -0.841101
115.578 30.5665 -24.657 -0.195134 0 3.8 -0.00570675 -0.767615 0.640886
76.982 26.2952 -20.1007 -1.46355 -0.297227 4.2 -0.732022 0.610785 0.301804
121.655 25.6654 -42.1922 -0.0230309 -0.16616 4.2 0.371475 0.440105 -0.817505
91.888 26.741 -7.34525 -2.10515 -0.0680221 -3.5 0.194233 -0.780687 0.593971
95.1055 13.4875 6.397 -0.399364 -0.350801 -1.32994 -0.733485 -0.386155 0.55936
90.6513 20.2498 -9.15512 0.680407 -0.188747 2.25545 -0.52504 0.839726 0.138538
115.054 18.1954 -2.8455 -0.0991741 0 3.8 -0.0791308 0.127983 0.988614
84.6458 32.8577 -32.5415 -0.623485 0 -0.8 -0.16514 -0.11591 -0.979435
114.574 27.2465 -25.5589 -0.6898 0 -3.5 0.255013 0.612403 0.748285
110.681 36.2666 -31.3883 1.54295 -0.229216 -1.3 0.562527 0.812924 0.150726
88.3743 18.3775 1.4835 0.0131756 0 -3.9 -0.850546 0.38607 -0.357102
123.826 13.0702 -32.5223 -0.506712 0 -4.5 -0.223796 -0.946921 0.230772
112.593 28.491 -24.1685 -1.22139 -0.0329228 -3.5 0.520156 0.297598 0.800546
135.637 19.5769 -47.8374 -0.74266 -0.774821 -3.5 0.360778 -0.00587808 -0.932633
106.633 35.4403 -41.2921 0.203787 0 -1.6 0.550084 0.692906 -0.466143
125.908 4.74312 -49.7439 0.445072 0.274203 -4.5 -0.273266 -0.961909 0.00756778
124.995 17.2331 -12.8392 0.343973 0.0888491 -0.7 0.939043 0.168031 0.29994
109.813 22.2849 -32.1833 0.51273 0.460462 3.8 -0.0389898 -0.132642 0.990397
88.8388 33.1732 -11.4792 0.0516811 0 4.2 -0.187197 0.960245 0.207093
108.938 32.2954 -24.9509 -0.489068 0 -1.4414 -0.0578452 0.161767 0.985132
82.5614 14.5211 -0.97375 -1.3546 -0.0221709 -3.5 -0.534315 0.351743 0.768625
129.739 12.6145 -51.526 0.0726832 0 -1.6 0.120192 -0.633996 -0.763939
131.98 12.1272 -49.1654 0.248848 0 -1.6 0.737747 -0.625824 -0.253126
106.784 27.4487 -20.1257 -1.70528 -0.726743 -3.5 -0.347866 -0.172972 0.92145
72.1789 16.537 -14.5164 -0.202424 0 4.5 -0.925228 -0.372774 -0.0706602
84.3508 14.3035 -28.5489 -0.661964 0 1.8 0.0259473 -0.0789136 -0.996544
82.762 39.4538 -24.3606 -0.674832 -0.89424 -0.8 -0.617581 0.393269 0.681126
112.8 35.2007 -31.2787 -0.135864 0 1.8 0.262005 0.921477 0.286763
105.273 11.7415 6.2425 -0.24696 0 -1.3 0.390995 -0.289668 0.873622
94.9252 17.4293 12.1873 0.477835 0.126269 -4.5 0.789182 0.599108 0.135132
112.01 17.4368 -46.113 0.145416 0 -4.5 -0.272264 -0.208829 -0.939288
114.274 9.022 -31.7588 0.237617 0 -3.2 0.0717025 -0.965946 0.248612
80.334 32.8444 -9.61487 0.650875 0.47143 -3.5 0.0249562 0.991163 -0.130282
98.3785 11.3492 -16.7975 0.50471 0 -3.5 -0.766609 -0.28071 -0.577505
81.2497 3.63225 -18.8404 0.0327236 0 -3.5 -0.307082 -0.761796 0.57041
90.367 26.7992 -7.91875 -1.13802 -0.736348 -3.5 -0.216875 -0.710712 0.669219
108.494 12.2222 -41.8204 -0.038159 0 -0.9 -0.472018 -0.872612 0.125487
129.734 8.73025 -38.0635 -0.0927926 -0.970688 -0.7 -0.81147 -0.519372 0.267899
102.272 30.012 -26.9085 -1.05251 -0.302737 -3.5 -0.661786 0.145038 0.73553
96.8245 22.9788 -32.8638 0.915318 0 2.8 -0.241302 -0.0939667 -0.96589
80.4102 28.7644 -16.3414 -0.301192 0 -3.2 -0.999886 -0.00346903 -0.0146998
119.746 4.21663 -9.47688 -0.862054 0 -3.5 0.700902 -0.394921 0.593947
83.3215 0.522875 -14.6018 0.386888 0.476946 -4.5 -0.536165 -0.702537 -0.467941
73.575 13.991 -7.41 0.145374 0 -0.9 -0.986162 -0.147756 -0.0751855
109.773 23.204 -12.1287 0.0636254 0 -3.5 -0.670367 0.740412 0.0489682
95.1474 13.7765 -21.6187 -0.203318 -0.388825 2.8 0.627834 -0.720548 -0.294338
81.8541 6.69987 -9.1435 -0.674096 -0.505599 -0.4 -0.218799 -0.512334 0.830446
96.7176 17.7409 -32.9741 0.672546 0 -3.9 -0.799322 -0.548248 -0.245985
118.624 10.8605 -3.76875 -0.205427 -0.0876279 4.5 0.538012 0.458779 0.707152
88.149 38.8413 -22.0833 0.0702962 0 1.8 -0.810836 0.075611 0.580368
95.0841 13.696 -25.6028 0.355828 0 -1.6 0.461568 -0.873839 -0.152842
83.6736 1.60438 -9.53575 1.20565 0.125212 -0.4 -0.389037 -0.914301 0.112714
108.785 18.361 -39.6512 -0.162355 0 -1.58572 -0.811518 0.0668824 0.580487
108.084 28.351 -20.3611 -1.53968 -0.032946 -3.5 0.528832 0.281428 0.800709
114.998 20.1956 -4.97875 -0.0990955 0 3.8 -0.0196502 0.53063 0.847376
106.828 19.8459 -34.6875 -0.26877 0 -3.5 0.302233 -0.942187 -0.144702
112.468 11.8324 -19.296 -0.58078 -0.714298 -0.8 -0.158262 0.450755 -0.878506
112.852 35.9159 -42.5309 -1.06711 0 -3.5 -0.0324182 -0.0617836 -0.997563
105.788 30.5303 -15.9446 0.0461523 0 -1.6 0.956744 -0.273069 -0.100371
122.67 6.986 -8.2965 -0.166447 0 -0.4 0.893721 -0.223621 0.388918
84.7718 9.04775 -26.071 -0.412564 0 -3.5 -0.315458 0.507293 -0.80196
108.091 11.1788 3.09525 0.040076 -0.139051 -1.21732 0.795892 -0.544766 0.26417
103.424 17.9479 5.61287 -0.0619586 0 -0.7 0.794476 -0.0150739 0.607108
100.09 26.7055 -43.86 -1.32471 -0.037841 -0.7 -0.187587 -0.704708 -0.68425
116.587 4.65531 -16.6581 -0.183733 -0.148989 -3.5 -0.348183 -0.728864 -0.589513
102.659 22.733 4.37738 -0.87631 -0.0309136 -3.3495 0.75529 -0.0835552 0.650043
100.852 25.9678 4.968 -1.85831 -0.84591 -3.5 0.0687566 0.591922 0.803057
110.643 4.24113 -40.1255 2.09345 0.445621 -3.9 -0.221201 -0.676555 0.702384
104.221 32.7696 -17.723 -0.070222 0 -1.6 0.496378 0.438803 -0.74904
87.0209 30.3876 -32.2009 -0.265689 0 -0.326857 -0.221754 0.133046 -0.965984
124.771 14.736 -30.862 -0.052072 -0.692005 -4.5 -0.293691 -0.447742 0.844555
120.794 15.933 -27.1185 0.819936 0.354555 -0.8 0.899444 -0.433529 0.0552573
90.2934 44.0154 -32.8898 1.67404 0.302914 -3.9 -0.564206 0.417415 0.712346
98.1929 27.2271 -8.542 -1.91179 -0.293698 1.9 -0.365541 -0.240512 0.899185
112.077 28.2379 -44.0624 -0.0327707 -0.0928208 3.58155 0.338556 0.426752 -0.838608
107.16 17.6859 -42.6208 0.149499 0.457769 -3.5 -0.644106 -0.714908 -0.272091
95.9185 3.99638 7.33325 -0.0762657 0 -3.5 -0.447446 -0.884284 0.133542
94.1079 38.7621 -36.852 0.202461 0 3.8 -0.898795 -0.344656 -0.270886
95.5355 35.8465 -42.8115 -0.00786459 0 3.8 -0.468966 -0.146311 -0.871013
127.541 5.72013 -46.8691 1.09195 0.0619441 -4.5 -0.133705 -0.510944 0.849152
100.716 43.3761 -33.5364 0.0554164 -0.0148948 -3.5 0.179837 0.919439 0.3497
115.535 23.9905 -22.7175 0.427729 0 -1.6 0.916663 0.134355 0.376401
95.7698 37.8302 -19.6073 -0.0806065 0 -0.8 0.898217 0.123041 0.42198
91.6319 28.0044 -6.70225 -1.60727 0 -3.5 0.180944 -0.397635 0.899525
86.6263 24.3598 -5.86338 2.35187 0.00172117 -3.9 0.590516 0.517253 0.619467
91.512 8.485 7.021 2.7401 0 -3.9 -0.739776 0.143811 0.657305
105.439 24.153 -25.5613 0.521892 0.488744 -4.5 0.723953 -0.155822 -0.67202
102.456 21.1491 5.16025 -0.261522 0 -0.7 0.572785 0.291556 0.766102
104.522 5.44187 -10.9391 -0.34938 -0.0476392 2.9367 -0.131863 -0.829814 -0.542237
120.033 17.0378 -13.9356 -0.17289 0 -0.7 -0.151488 0.755725 -0.637127
97.3144 42.949 -29.42 0.573992 0 -0.7 0.625652 0.707697 0.328215
118.01 9.61825 -41.7936 0.200742 0 4.2 -0.0696838 -0.997484 -0.0130526
137.352 10.9839 -19.9389 0.657499 0.732044 -3.5 -0.153455 -0.620382 -0.769141
95.0391 21.7124 6.50525 -0.0416523 0 -0.8 0.401041 0.306898 0.863122
104.409 28.5672 -12.3687 -1.7911 -0.583731 -1.6 0.485357 -0.80718 0.335989
103.574 15.3053 -22.9268 0.175386 0 -3.9 -0.642048 -0.749215 -0.162636
88.247 30.7735 -32.2707 -0.205255 0 3.66461 -0.334486 -0.0412103 -0.941499
109.85 15.0975 -43.564 -0.108284 0.0414409 -1.12337 -0.457812 0.056799 -0.887233
76.391 11.8225 -18.9655 -0.304322 0 -0.7 -0.691179 -0.448501 0.566673
117.526 29.193 -42.407 -1.15179 -0.245308 2.48284 0.296392 0.3173 -0.900818
100.983 37.1774 -49.2604 0.16946 0 -3.9 -0.083545 -0.035656 -0.995866
104.09 -0.568625 -1.37987 0.124243 -0.0235055 -3.5 0.0151829 -0.972568 0.232122
87.3795 35.5865 -19.1594 0.0455623 0 -0.899825 0.133589 0.976538 0.168898
101.986 -0.277312 -9.02612 -1.50238 0 -3.5 -0.30405 -0.17563 -0.936327
74.7862 20.498 -21.762 0.388524 0.523464 -4.5 -0.782485 0.621754 -0.0337532
99.1209 31.9934 -8.71638 -0.0803845 0 1.9 -0.143728 0.357117 0.922935
82.912 33.471 -16.101 -0.181952 0 -3.3215 -0.994689 0.0392715 0.0951423
109.679 35.352 -37.1874 -0.551785 -0.124121 -0.617124 0.101507 0.74643 -0.657677
76.5445 12.8201 -16.5082 -0.0381218 0.0138748 1.8 -0.538716 -0.83824 -0.0844909
98.1911 41.0039 -28.6755 -0.0148061 0 -0.7 0.687412 0.111281 0.717692
116.234 9.23962 -37.2489 0.152448 0 4.2 -0.119425 -0.990379 -0.0699029
110.825 17.3935 -0.19 -0.278978 -0.0256571 -3.5 0.795871 -0.0756099 0.600727
75.6178 7.58475 -7.80875 -0.103444 0 3.8 -0.68881 -0.661033 0.297617
89.9108 36.733 -19.5023 0.468726 0.0306777 -3.01779 -0.748955 0.316655 0.582062
81.6056 34.143 -32.3587 1.23709 0 -0.8 -0.501764 0.502594 -0.704012
103.934 24.1472 -46.8307 0.0760872 0 4.5 -0.165234 0.122267 -0.978646
77.2541 4.8185 -10.8219 -1.77904 -0.0988058 3.8 -0.785604 -0.618243 -0.0245371
78.2989 7.84912 -25.8673 -2.56181 -0.0137575 -3.5 -0.131891 -0.683885 -0.71757
137.168 14.0422 -20.2071 -0.218443 0 -3.5 0.471933 -0.00709614 -0.881606
96.7246 26.9934 -33.4062 0.554239 0 2.8 -0.18199 0.306013 -0.934471
130.467 8.545 -13.4305 -0.135801 0.492592 -3.5 0.298401 -0.523978 0.797749
104.343 21.5567 -11.5243 0.0265166 0 0.980721 -0.317711 0.832369 -0.454117
95.4617 13.6523 8.40975 -0.551175 -0.017239 -3.86003 -0.925514 -0.371521 -0.0734543
109.192 12.1453 3.7355 -0.136264 -0.288034 -1.3 0.757688 -0.583792 0.291711
96.7312 39.1727 -44.7323 0.266528 0 1.8 -0.818231 -0.132592 -0.559391
72.351 19.4519 -25.3579 0.00989969 0 -0.8 -0.80332 0.510507 -0.306691
92.0839 29.369 -6.56938 -1.55456 0 -3.5 0.399332 0.132909 0.907121
112.901 25.0912 -12.6684 -1.44295 -0.667951 -3.5 0.171322 0.974126 -0.147406
137.291 15.8731 -18.3555 -0.190298 0 -3.5 0.989986 0.127144 0.0613329
77.728 5.128 -9.3365 -1.70157 -0.873087 3.8 -0.480027 -0.467118 0.742546
84.5387 -0.332375 -14.8035 0.904447 0.83591 -4.5 -0.323159 -0.832516 -0.449983
129.188 19.2057 -47.9961 -0.119606 0 -4.5 -0.336489 0.450731 -0.826811
125.053 20.4252 -40.2386 -0.186195 0 3.8 -0.336869 0.82511 -0.453555
127.541 15.2409 -15.9967 -0.433338 -0.105209 0.76222 -0.0325566 0.81376 0.580289
118.645 1.84137 -12.7095 -1.9134 -0.336643 -3.5 0.417546 -0.81777 -0.396114
104.418 14.2393 -22.7932 0.287877 0 -3.9 -0.641568 -0.753618 0.143006
112.564 6.63287 -43.6841 0.367258 0 -3.9 0.341534 -0.491831 -0.80091
104.985 35.0887 -24.4266 -0.646914 -0.162985 -1.3 -0.224528 0.407538 0.885156
109.654 -1.40225 -1.29475 -1.92964 0 -3.5 -0.0544869 -0.896273 0.440143
114.399 13.9115 -0.343 -0.397349 -0.523763 -0.8 0.746587 0.470504 0.470355
97.6192 35.1845 -42.8683 -0.0736021 0 -2.22851 -0.825101 -0.103799 -0.555368
88.7838 12.8894 -29.8546 0.685533 0.574258 -0.7 -0.295856 0.0421277 -0.954303
102.325 33.154 -14.7474 0.161633 0.214702 -0.938149 -0.0457116 0.989604 0.136365
89.1745 19.1921 -3.90875 0.0791724 -0.134459 -3.9 -0.720955 0.0838591 0.687889
81.733 7.79238 -8.16425 0.0025922 0 -0.4 -0.00866629 -0.895335 0.445309
105.55 7.31175 -17.7477 0.242252 0.673355 -4.5 -0.0242015 -0.922775 -0.384578
111.23 11.5645 -45.4738 -0.871817 -0.398001 -0.4 -0.755785 0.15605 -0.635954
122.008 7.297 -17.6851 -2.48147 -0.300994 -3.5 -0.0156844 -0.52068 -0.853608
100.94 22.682 -29.538 -0.537068 0 2.8 -0.133824 -0.579674 0.803785
99.561 47.181 -39.0677 0.409256 0 -3.9 -0.266299 0.0464559 -0.96277
104.789 23.7299 -26.2173 0.446578 0.116493 -4.5 0.558672 -0.41005 -0.720933
118.437 26.9696 -27.3659 -0.927218 -0.00648349 -1.51 0.442849 0.60949 0.657576
101.046 18.7969 -34.4108 -0.577624 -0.268179 -3.69179 0.11798 -0.556733 -0.822271
88.948 31.3822 -8.67113 -0.56399 0 -3.5 0.0938564 0.730173 0.676785
129.098 15.8962 -35.098 -0.936457 -0.289372 4.2 0.413202 0.898002 -0.151185
105.744 13.7718 -23.6152 1.33258 0 -3.9 -0.460872 -0.865874 -0.194575
131.067 11.2714 -47.8391 0.0198818 0 -1.6 0.697415 -0.704579 -0.131076
93.9824 0.103625 0.98825 0.745085 -0.00618614 -0.8 -0.50521 -0.752551 -0.42241
125.256 6.786 -51.5915 0.942755 0.0177386 -4.5 -0.310214 -0.0730259 -0.947858
101.76 20.9879 -39.1564 -0.371352 -0.0165317 -3.5 -0.658592 -0.743156 -0.118216
103.311 14.4423 9.002 -0.156894 0 -0.8 0.919221 0.389102 -0.0602736
87.9301 25.3318 -31.8039 0.525953 0 1.9 -0.564014 -0.514768 -0.64568
85.6484 32.5266 -32.935 -1.79604 0 -0.8 -0.10712 -0.0703046 -0.991757
105.842 20.3412 -18.0379 0.00587494 0 -1.453 -0.350111 0.903665 0.246602
94.4729 -0.142625 2.353 1.13962 0.235569 -0.8 -0.0980656 -0.908665 0.405846
89.2152 4.0515 -13.671 0.056825 0 -4.5 0.462941 -0.517432 -0.719687
109.146 10.9556 -34.2034 -0.174206 0 -3.2 -0.98846 -0.137585 -0.0633859
125.077 12.0328 -7.56675 -0.229321 0 -1.6 0.719629 -0.630115 0.291701
99.7145 17.0072 -31.4153 1.30405 0.313483 -3.9 0.449053 -0.555707 0.699672
78.2702 24.4508 -8.16212 -1.40344 -0.0216071 -3.5 -0.700324 -0.136213 0.700709
96.3525 32.2081 -45.3228 0.0849433 0 4.2 -0.88017 0.357692 -0.31202
106.184 15.0372 6.129 -0.454105 0 -1.3 0.297224 0.342608 0.891223
110.436 28.6383 -23.441 -0.119577 0 -3.5 0.326016 0.681783 0.654894
91.4798 13.3065 10.733 1.071 0.798281 -4.5 -0.0744018 -0.980783 0.180357
100.826 17.083 -32.816 2.45506 0 -3.9 0.794363 -0.570248 0.209295
97.4658 3.7075 -0.83425 0.40334 0 4.5 0.158572 -0.983753 -0.0841665
91.4583 4.72425 -0.49 -0.0817929 -0.311063 -1.3 -0.987908 -0.00204042 0.155025
77.8814 9.47112 -26.4893 -1.71995 -0.0372865 -3.5 -0.407343 -0.315641 -0.856996
81.7764 22.1908 -31.4356 0.39384 0 -3.5 -0.770642 0.04328 -0.635797
94.0326 34.4894 -12.8395 0.989534 0.775684 -4.5 -0.317777 0.9344 -0.160981
138.461 18.0744 -17.0653 -2.06838 -0.00484751 -1.6 0.916888 -0.214143 0.336837
137.003 18.1064 -47.0762 -0.656537 0 -3.5 0.658422 -0.0956721 -0.746543
117.408 9.35637 -47.3225 0.0319407 0 -3.5 -0.145205 -0.717664 -0.681083
89.533 26.2773 -9.09437 0.394595 0 -3.5 0.0978489 -0.72221 0.684717
83.5905 40.1188 -27.559 -0.161865 0 -0.8 -0.385047 0.888449 -0.249795
80.8832 30.826 -7.70425 1.10895 0.322585 -3.5 0.0737547 -0.0414858 0.996413
94.6365 16.5214 13.3562 0.800974 0.100248 -4.5 0.682579 -0.0293458 0.730223
126.468 21.5247 -42.0213 0.0185756 0 -0.9 -0.239475 0.887504 0.393686
102.663 22.3172 -41.72 0.0947064 0.336262 -3.5 -0.636075 -0.533668 -0.557321
103.617 6.85638 3.96587 0.165368 0 -0.892517 0.0864049 -0.239005 0.967166
119.524 5.02488 -17.1733 -1.81307 -0.375114 -3.5 0.680088 -0.286959 -0.674636
97.4802 36.5074 -26.6165 0.249709 -0.0822042 0.342066 0.87202 0.422406 0.247294
127.038 14.6967 -19.0476 -0.116704 0 4.5 -0.558034 -0.0814135 -0.825815
100.106 14.7528 -21.0244 -0.895032 -0.88924 -0.8 0.295518 -0.871235 -0.391941
124.153 11.698 -18.6164 -0.140629 0 -1.6 0.24548 -0.607507 -0.75543
100.997 24.2791 -27.4064 0.0209409 0 -4.5 -0.16013 -0.971052 0.177247
122.799 14.4237 -6.23625 0.513741 0 -1.6 0.170296 0.264676 0.949181
107.378 15.7829 -39.5529 -0.00241908 0 -0.9 -0.873257 0.154613 0.462079
107.814 35.996 -29.281 -0.664491 0 -1.3 0.0900892 0.919474 0.382691
122.132 11.2165 -18.1185 -0.425417 0 -1.6 0.247264 -0.512625 -0.822238
78.3804 27.1264 -9.73063 -2.19131 -0.245336 -3.5 -0.597648 0.724366 0.343672
125.558 24.725 -34.07 0.185234 0 4.2 0.982946 -0.11415 0.144178
103.773 7.73125 -16.8581 -0.680044 -0.110232 -3.74596 0.0393772 -0.99186 0.121091
95.289 16.376 11.841 0.276346 0.722449 -4.5 0.914695 0.286318 0.285229
92.1591 30.4254 -6.88025 -1.95256 -0.203301 -3.5 0.247495 0.764316 0.595456
108.39 6.948 -1.267 -0.304738 0 -0.7 0.588118 -0.150991 0.794556
108.039 7.328 1.806 -0.8969 0 -3.5 0.867812 -0.36115 -0.341282
109.675 25.1225 -44.7916 0.11928 -0.130834 0.836388 0.0852407 -0.181144 -0.979755
126.902 12.0379 -11.7145 -1.98815 -0.165173 -3.5 0.362105 0.740718 0.565877
94.6869 6.16381 7.43344 0.885647 0.0518166 -3.5 -0.776933 -0.105141 0.620742
78.7753 26.634 -19.3703 -0.0643474 -0.165066 4.2 -0.47976 0.522191 0.705086
132.194 8.77312 -13.3311 -2.07684 -0.916773 -3.5 -0.199126 -0.110362 0.97374
88.1984 25.8199 -32.7627 0.339021 0 1.9 -0.40657 -0.404927 -0.818984
120.461 5.04962 -9.417 -0.556391 -0.787086 -0.4 0.478603 -0.80567 0.349049
104.084 10.6041 7.41412 0.159298 0.312443 -3.5 0.990862 0.134604 -0.00859064
80.3735 2.4145 -13.3282 -1.00455 -0.128347 1.8 -0.59514 -0.801396 -0.0597695
92.6091 45.5527 -29.5426 -0.668735 -0.0489875 -3.5 -0.878816 0.438224 0.188792
89.7484 30.2046 -6.80438 -0.267666 0 -3.5 -0.102634 0.486579 0.867587
77.5287 27.3504 -20.749 -0.172794 -0.199544 0.205525 -0.827301 0.142424 0.543404
93.6255 11.7865 -19.53 0.111659 -0.364311 0.785653 0.672116 -0.64565 -0.362487
85.2596 -0.640375 -13.9482 0.621704 0 -4.5 -0.115188 -0.990673 0.0727923
82.0598 39.4699 -27.0794 -0.219618 0 -0.8 -0.826428 0.535338 -0.174442
116.978 23.0079 -49.8329 -2.43012 -0.070389 -3.5 -0.804753 0.188941 -0.562738
74.857 12.8577 -6.44863 -0.247724 0 -0.9 -0.608388 -0.605267 0.513338
83.1646 11.8449 -26.3967 -0.547618 0 1.31178 0.0743287 -0.538556 -0.839305
135.202 9.46787 -16.2004 -0.30063 0 -3.5 0.753838 -0.531508 0.386299
112.387 4.91412 -40.2812 3.2618 0.117361 -3.9 0.617548 -0.528181 0.582803
73.5571 21.6747 -15.1844 -0.0637725 -0.507815 -0.499997 -0.689977 0.695405 0.200858
127.522 5.0075 -49.8954 0.437802 0.25697 -4.5 0.475801 -0.683747 -0.553267
103.922 24.8139 -9.423 -1.66925 -0.0565967 1.8 0.525357 0.701056 -0.482204
124.832 26.7792 -40.3935 -0.143129 0 2.8 0.607932 0.195969 -0.769425
109.872 9.063 -14.8687 -0.224093 -0.264238 -3.6381 0.0974434 -0.681701 -0.725113
75.8305 10.8471 -6.88938 -0.151243 0 3.8 -0.469276 -0.00225489 0.883049
90.0437 12.443 7.0305 -0.415844 -0.518954 -4.5 -0.0464395 -0.947104 0.317548
75.9242 29.1112 -29.066 1.08865 0.88014 -4.5 -0.825457 0.0969341 -0.55608
135.597 20.2396 -19.2745 -1.49625 0 -1.6 0.108357 0.822643 -0.558137
121.326 14.2393 -6.10975 -0.0444072 0 -1.6 0.280863 0.248001 0.927152
83.2722 16.337 -28.0705 -1.31409 -0.141798 -3.5 0.250004 0.590082 -0.767659
101.958 40.1917 -31.3342 0.362563 0 -3.5 0.217003 0.26811 0.93863
89.2805 11.799 -26.5371 -0.00927259 0 -0.506156 -0.679808 -0.698566 -0.223309
112.198 34.9907 -26.404 0.367394 0 3.8 -0.0814354 0.98644 0.142497
106.542 37.7294 -34.5246 0.0432995 -0.0175577 1.8984 0.557031 0.49275 0.668516
96.9779 48.2975 -31.3155 -1.5271 -0.763766 -3.5 0.879563 0.385965 -0.278209
84.3832 38.0793 -15.4855 -0.193856 0 -3.5 0.10239 0.889373 -0.44557
100.793 40.6929 -45.663 1.54312 0 -2.58823 -0.0236018 0.940213 -0.339768
128.118 21.0771 -27.7374 0.733987 0.173603 -4.5 0.53792 0.605672 0.586347
88.5642 44.2915 -35.5281 1.67341 0.74732 -3.9 -0.873198 0.42017 -0.246946
100.904 25.3101 -12.8684 0.0613853 0 -0.4 0.758818 -0.614974 -0.214481
83.151 18.7511 -8.02063 -0.240133 0 -0.962957 -0.485499 0.511194 0.709205
119.754 7.6175 -33.2194 0.440504 0.0221751 -0.8 0.664895 -0.722724 -0.188641
115.22 10.0399 -20.4769 -0.111315 0 -0.8 0.613365 -0.103255 -0.783021
102.069 20.5986 -21.5311 -0.369184 -0.129963 -1.28346 -0.31945 0.921564 -0.220617
109.125 21.884 0.61025 -1.15634 -0.500939 -3.5 0.309286 0.000396794 0.950969
86.0199 32.5662 -10.8215 0.0865689 -0.0708813 -1.9382 -0.253709 0.798087 0.546525
86.6469 37.0095 -15.1512 0.385517 0 -3.5 0.835787 0.544386 0.0714403
88.53 8.44038 -5.28788 0.652587 0 -1.6 -0.911211 -0.216168 0.350666
113.495 29.5451 -25.1523 -0.227641 0 3.8 0.465839 -0.288557 0.836498
99.5821 35.1885 -25.1276 -0.116084 0 -0.7 0.614972 0.779692 0.117856
112.813 18.209 -33.4818 -0.585199 -0.0702428 0.677199 -0.452996 -0.646387 0.613986
108.939 26.6149 -44.9997 -0.0669419 0 4.2 0.0188872 0.250803 -0.967854
84.4525 28.5737 -31.1763 0.496929 0 0.331591 -0.301229 0.246538 -0.92113
101.581 26.1461 -4.89725 -0.190273 0 1.8 -0.526908 0.522398 0.670425
110.971 21.0499 -22.1038 -0.0708985 0 -1.48181 0.300184 -0.925983 -0.229008
104.474 39.6356 -46.8024 1.72215 0.0631567 -3.9 0.924187 0.379953 0.0389055
113.532 11.7091 -20.1127 -0.104714 0 -0.8 -0.254397 0.458986 -0.851243
78.1451 4.3165 -9.92562 -1.76878 -0.0802108 3.8 -0.111949 -0.845047 0.522841
95.4457 27.9953 -1.134 -2.0894 -0.0390874 -3.5 -0.647412 0.76044 0.0508808
72.0928 17.5736 -15.1128 -0.149492 0 4.5 -0.997532 -0.0696947 -0.00850217
85.8095 7.25375 0.423 -1.22571 -0.0566546 -3.5 -0.40729 -0.414798 -0.813669
126.897 8.704 -42.6849 0.356812 0 2.8 0.287369 -0.95041 -0.11891
114.949 21.188 -5.481 -0.338434 0 2.89332 0.100841 0.214899 0.971416
104.225 0.6095 3.1915 -0.141268 0 -3.5 -0.0311119 -0.827758 0.560221
115.453 17.8739 -27.8375 -0.0251605 0.0610014 -0.711666 -0.734283 -0.475491 0.484496
100.023 22.9072 -21.3825 -0.0788234 0 4.2 0.885933 -0.304868 -0.349541
102.908 20.7236 -38.4994 -0.626988 -0.587172 -3.5 -0.0974946 -0.986681 0.130214
98.2985 22.9775 -3.45 -0.57493 -0.697974 4.2 0.12598 0.899286 -0.418825
100.385 27.8113 -21.8853 -0.0645638 0 4.2 0.561342 0.767358 0.309931
113.419 24.3276 -20.34 0.0411192 0 -1.6 0.089126 0.252868 0.963387
108.898 4.9005 5.05375 0.161555 0.0481232 -3.5 0.868386 -0.404386 0.287016
83.1565 34.9855 -31.8848 -0.433127 -0.208711 -0.8 -0.435438 0.701992 -0.563561
110.133 20.421 -18.8153 0.055389 0 -0.8 0.835468 -0.222147 0.502637
101.987 -1.31813 -8.16875 -1.92265 -0.0852866 -3.5 -0.519794 -0.777635 -0.353693
97.8447 2.98837 6.70962 -0.861447 -0.520268 -3.5 -0.422289 -0.701367 0.574245
103.493 24.7248 3.75113 -1.94941 -0.0694611 -3.5 0.935632 0.344856 0.0752785
109.76 7.99619 -0.0645625 -0.274257 0 3.8 -0.319473 -0.82847 0.459971
75.8085 20.6185 -11.5375 0.0633039 0 4.5 0.15076 0.510785 0.846387
110.463 7.04525 -0.162 -0.291197 0 3.8 -0.393457 -0.59793 0.698334
104.138 38.5657 -40.0741 0.0466343 0 2.8 -0.645169 0.268275 -0.715392
96.1681 35.1721 -33.5148 0.462589 0 4.2 -0.53751 0.774615 -0.33325
88.2164 37.8611 -22.619 0.210272 0 1.8 -0.830827 -0.232567 0.505607
78.5186 22.0522 -10.5197 -0.294366 0 -3.5 -0.230565 -0.932107 0.279314
98.126 16.0391 -25.1266 0.729686 0 -1.6 0.961402 -0.226045 -0.156875
126.609 17.6974 -32.4929 0.486023 0 -4.5 0.668358 0.544133 -0.507166
120.009 21.0537 -7.70925 -0.387035 0 -0.8 0.333111 0.656504 0.676786
101.632 47.5424 -36.2081 1.43259 0 -3.9 0.848946 -0.264892 0.4573
106.773 7.40737 4.72087 -0.428059 0 -3.5 -0.237811 0.412661 0.879293
97.9884 37.2352 -39.5129 0.0364422 0 3.8 0.30088 0.950887 -0.0727046
129.59 9.73238 -34.0149 -0.124076 -0.361212 -0.8 -0.482268 -0.589728 0.647795
76.7343 10.7443 -10.4268 -0.0490909 0 3.8 -0.291186 0.518439 -0.80401
125.473 17.8259 -29.2166 0.382412 0 -4.5 -0.887263 0.0111115 0.46113
84.6259 9.74537 1.835 0.0778972 0 -3.5 -0.85842 0.337103 -0.386623
102.738 35.2579 -42.675 0.566743 0 -1.6 0.730209 0.420204 -0.538723
84.6225 14.9106 -0.08475 0.694021 0 -0.7 -0.723669 0.210364 0.657305
108.846 28.899 -22.703 0.178425 0 -3.5 0.308562 0.825927 0.471842
75.383 12.842 -16.7118 0.438374 0.746984 1.8 -0.399699 -0.894986 0.19809
94.7614 10.8568 7.41475 0.672541 0 -3.9 -0.586796 0.683555 0.434076
104.822 38.043 -31.596 -0.0224505 0 -1.3 0.547963 0.836189 0.0228842
83.3204 31.7362 -10.8693 0.497216 0 -1.6 -0.0501944 0.625797 0.778369
77.4961 24.5815 -24.3946 0.40931 -0.0973591 -0.8 0.54269 0.5023 -0.673188
96.5255 18.9568 -29.6805 -0.0237892 0 -3.9 -0.548848 -0.76723 0.331849
81.8685 20.6589 -27.4714 -0.379396 0 -1.6 -0.648618 -0.529198 -0.547033
110.314 4.42481 -11.2265 0.336772 0 -4.5 -0.425449 0.0097558 -0.90493
120.94 14.008 -49.791 -0.118177 0 -0.9 -0.679357 -0.725676 0.108946
118.701 17.2378 -25.752 -0.39609 0 -0.8 -0.0460432 -0.247998 0.967666
88.0293 22.6514 -4.98544 0.406076 0.75932 -3.5 0.027964 0.798712 0.601063
92.2471 11.7057 -26.0299 0.0579212 0 3.00509 0.818267 -0.574673 0.0137469
106.554 30.0131 -23.9081 -0.193602 0.21469 -3.5 0.157867 0.975866 0.150875
122.845 18.402 -12.7152 -0.162057 0 -0.7 0.0439359 0.991297 0.124097
112.426 9.47363 -31.9894 -0.0672939 0 -3.2 -0.337968 -0.741203 0.579997
100.666 8.49312 -17.5055 -1.01292 -0.506663 -3.5 -0.676001 -0.714744 -0.179343
84.8993 19.12 -30.3956 0.0305396 0 -3.5 -0.284925 -0.840046 -0.461671
108.387 19.7938 0.6935 -0.375235 -0.246585 -3.5 -0.153653 0.191234 0.969443
114.749 24.7499 -21.9408 0.478241 0 -1.6 0.721793 0.506296 0.471888
86.7477 6.022 -27.0457 -1.19221 -0.0404018 -3.5 0.744568 -0.0856545 -0.662029
98.1674 27.7855 -34.7696 0.460733 0 -1.3 -0.976277 0.215067 -0.0250804
122.131 16.1059 -18.2821 0.425188 0 -1.6 -0.44813 0.624239 -0.639926
88.2286 20.9864 -7.66025 0.809409 0 -2.16843 0.708274 0.413306 -0.572299
90.0969 22.4901 -32.0099 -0.295964 0 -1.6 -0.678124 -0.0720711 -0.731406
122.539 16.3062 -51.7902 -0.76576 0 -0.9 0.52903 0.0423219 -0.847547
88.9883 10.0677 -25.364 -1.64295 -0.065346 -0.4 -0.363773 -0.131311 -0.922186
78.2676 17.8662 -10.193 0.175147 0 4.2 -0.345718 0.828825 0.439918
95.1656 17.1665 -27.6248 0.534333 0 -1.6 0.216261 0.176453 -0.960258
86.0794 37.5395 -14.3633 0.327527 0 -3.5 0.826774 0.549723 -0.119368
108.223 3.63419 -11.0095 0.236294 0.662408 -4.5 -0.197239 0.0423691 -0.979439
114.731 1.75462 -10.7813 0.522242 0 -4.5 0.492945 -0.83048 -0.25944
111.728 1.225 -10.9205 0.626243 0 -4.5 0.0104804 -0.842717 -0.538255
84.8262 9.5485 -5.85831 0.323342 0 -0.8 0.706703 -0.662767 0.247609
81.679 11.4951 -5.35975 0.149214 -0.292566 -0.867188 -0.864674 -0.0324034 0.501287
107.824 6.386 1.0615 -0.248436 0 -3.5 0.991474 -0.11357 0.0638882
117.065 8.8055 -31.0101 -0.041735 0 -0.8 -0.639611 -0.64881 0.412241
77.0768 7.73163 -16.0274 -1.49417 -0.0250807 -3.5 -0.124826 -0.788504 -0.602229
100.801 35.248 -47.9039 0.123753 0 -3.9 0.178954 -0.652397 -0.736447
73.1667 19.2948 -23.0933 -0.0088912 0 -0.8 -0.537695 0.764259 0.356078
99.918 24.687 -26.25 0.491994 0 -4.5 -0.293621 -0.936184 0.193253
95.6719 26.5584 1.13691 -0.379581 0 -3.5 -0.247379 0.809681 0.532184
115.949 33.5724 -37.3372 -0.218757 -0.707828 -0.7 0.807691 -0.0942226 -0.582029
106.835 1.16981 -0.4455 -0.48021 0 -3.5 0.450375 -0.653061 0.60883
109.684 15.791 -35.5688 -1.49401 0 -2.15439 -0.878095 0.0084253 0.478413
109.111 22.6135 -10.234 -0.0384738 0 -3.5 -0.67231 0.739066 0.0421998
105.031 29.4108 -14.9602 0.599529 0 -1.6 0.842355 -0.530345 0.0957719
131.979 23.356 -47.0288 0.467083 0 -4.5 -0.504843 0.542546 -0.6714
94.5645 46.6405 -27.847 -0.741776 -0.960912 -3.5 0.37169 0.886076 0.276975
110.39 13.2277 -43.9676 0.16285 0 -0.9 -0.340451 0.104789 -0.934405
84.1215 9.70519 -8.26731 0.69248 0 -0.8 0.855045 -0.295492 -0.426125
98.3347 21.7502 -30.0012 -0.111424 0 -3.9 0.566567 0.0447151 0.822801
96.7535 36.9495 -35.654 0.390645 0 4.05693 -0.662524 -0.471325 0.582164
97.2415 2.8545 -3.10925 0.33997 0.437561 -1.74577 -0.219637 -0.853445 0.472642
107.214 18.221 1.329 0.0995761 0 -3.5 -0.24015 0.822871 0.514987
85.73 9.882 -7.21 0.71439 0 -0.8 0.461395 -0.791571 -0.400662
99.8672 22.8283 -8.57875 -0.706356 -0.222942 -0.4 -0.511004 0.405348 -0.758003
113.824 5.48737 -15.8461 0.124487 0 -4.5 -0.118715 -0.414757 -0.902155
92.5857 41.1046 -35.1715 0.575728 0 -3.9 -0.0533671 -0.372602 -0.926455
108.504 15.3195 4.56394 -0.262398 0 -2.40471 0.361483 0.0494192 0.931068
121.281 30.2256 -40.3061 -0.194611 0 1.8 0.665031 0.418267 -0.618697
90.4398 5.83419 -16.9691 0.171558 0 0.187117 0.0721146 -0.976054 0.205226
101.913 -1.01 -6.42475 -1.33 0 -3.5 -0.444314 -0.816734 0.368145
119.739 13.1667 -29.3942 -0.0315537 -0.100338 -0.46521 -0.0478306 0.0850485 0.995228
77.2976 16.8442 -24.3446 0.504626 0.900079 -0.7 0.375415 0.735069 -0.564568
81.3475 5.67675 -22.7132 -0.852066 0 -3.5 0.197063 0.368215 -0.908616
117.791 8.20506 -1.80944 -0.154026 0 4.5 0.469686 -0.0108651 0.882767
104.963 18.9148 -24.2716 -0.537555 0 -1.11331 0.502274 -0.00650597 -0.864684
112.61 36.2231 -35.9181 -0.226802 0 -0.4 0.635093 0.639137 -0.433775
109.15 30.3013 -43.235 0.10436 0 4.2 0.0768219 0.770763 -0.632473
108.821 26.2362 -28.1009 0.0773174 0 -1.6 -0.270696 -0.912128 -0.307809
129.82 20.3135 -40.9285 -0.327129 0 -0.9 0.353953 0.725314 0.590455
94.8469 38.6087 -37.9926 0.144266 0 3.8 -0.852053 -0.0635476 -0.519584
99.0719 39.1997 -41.6349 0.107375 0 1.8 -0.413017 0.13208 0.901095
126.601 11.8365 -17.7721 -0.247901 0 -3.0906 -0.281737 -0.322764 -0.903575
108.586 35.0105 -26.712 -0.489411 0 -1.3 0.361848 0.853974 0.373892
89.4072 14.1294 -29.3091 -0.114517 -0.45596 -0.7 -0.331161 0.541689 -0.772596
98.2432 42.7537 -32.7625 0.589603 -0.0471359 -1.21765 0.367585 0.878367 0.305537
120.147 14.5245 -29.1952 0.022209 0 -0.4 0.42405 -0.36074 0.830691
102.403 23.9196 -28.5131 -0.12484 0.532255 -1.486 0.435012 -0.785657 0.439895
119.619 19.7924 -11.156 -0.440153 0 0.744467 0.576804 0.325742 -0.749126
103.517 36.4195 -27.144 -0.0329534 0.482202 -1.3 -0.0585691 0.382813 0.921967
94.3617 34.2313 -34.0779 0.195956 0 4.2 -0.0262481 0.644404 -0.764234
100.581 6.78144 -12.1973 0.441956 0 4.5 -0.490822 -0.814956 -0.308125
100.578 22.441 -19.1354 0.107245 0 -0.826636 0.817852 0.279126 -0.503196
111.286 10.0749 -40.8314 0.38927 0.0163685 -3.57043 -0.926765 -0.0502977 0.37226
99.0256 37.2076 -39.4077 -0.0784136 0 2.76248 -0.255125 0.962448 -0.0927672
106.225 26.7663 -21.2801 -0.392705 0 -3.5 -0.438794 -0.691019 0.574415
115.367 0.276688 -7.855 0.476837 0 -4.5 0.629201 -0.485567 -0.606902
125.733 14.97 -30.1431 0.374777 0 -4.5 -0.461544 -0.632737 0.621788
89.3821 21.0751 -3.16575 0.508864 0 -3.5 -0.845245 -0.232944 0.480935
88.929 41.771 -25.3125 -0.140314 0 -0.7 -0.495418 0.335345 0.801314
100.213 38.4408 -40.8525 0.116058 0 -0.849064 -0.252641 0.68989 0.678398
87.1328 18.5138 -28.1875 0.219019 0 -3.5 0.00639102 -0.839632 -0.543119
78.0551 22.6624 -9.80437 -0.498232 0 -3.5 -0.584615 -0.636226 0.50343
98.4134 23.331 -29.1938 -1.045 0 -3.9 0.566475 -0.667338 0.483493
112.04 3.9995 -13.6678 0.567497 0 -4.5 -0.93742 -0.202937 -0.282949
76.3396 10.3575 -19.8461 -0.165598 0 -0.7 -0.811382 -0.413681 0.412949
91.9066 6.78788 -3.32862 0.30038 0 -1.3 -0.94383 -0.0270347 0.329325
95.837 34.77 -34.471 0.289125 0 4.2 -0.675402 0.681218 -0.282443
79.515 18.0105 -9.0765 -0.127921 0 4.2 -0.516558 0.549357 0.656791
98.5414 0.28675 -6.52625 2.64118 0 -3.9 -0.190562 -0.913508 -0.359431
115.292 29.973 -30.2887 0.485834 0 3.8 0.753113 0.370934 0.543349
115.764 23.8215 -24.1146 0.00324065 0 -3.5 0.941522 0.0225716 0.336195
122.999 27.1554 -33.4378 0.0416584 0 4.2 -0.292698 0.894736 0.337308
79.4052 6.45875 -22.9487 -0.83996 -0.268054 -3.5 -0.495063 -0.212332 -0.842513
110.254 4.75663 -42.3719 2.67534 0 -3.9 -0.44732 -0.696504 -0.561059
124.938 8.105 -42.366 0.180092 0 2.8 0.112398 -0.98221 -0.150436
75.7978 16.2789 -5.20013 -0.0156246 0 -0.9 -0.222961 0.899792 0.375051
120.486 18.4514 -26.9132 0.124117 0 -0.8 0.893106 0.155828 0.421994
103.856 15.462 -23.9391 0.138578 0 -3.9 -0.740889 -0.406305 -0.53479
89.0104 23.0295 0.559937 1.56331 0 -3.9 -0.967403 0.092788 -0.235631
78.1344 7.21163 -15.5681 -0.656061 0 0.72199 -0.360454 -0.585041 -0.726499
94.8755 34.8962 -33.2086 0.824627 0 4.11959 -0.116585 0.765616 -0.632646
107.108 32.4492 -24.9575 -0.373755 0 -1.3 -0.187884 -0.354511 0.915981
101.317 24.8655 -15.2544 0.146416 0 -3.5 0.906348 0.286866 0.310228
111.779 21.4112 -21.1408 0.00361593 0 -1.6 0.511167 -0.65624 0.55503
124.597 16.1057 -13.0016 -0.62162 0 -0.7 0.928534 -0.275588 0.248748
84.9959 7.29913 -27.5081 -0.702645 0 -3.5 -0.30197 0.437758 -0.846866
112.162 21.8515 -1.18425 -0.377488 -0.425924 -0.8 0.236058 -0.538856 0.808647
97.9668 16.8527 -33.1932 2.47177 0 -3.9 -0.618432 -0.771049 -0.151741
97.844 1.96 2.699 0.0253016 0 -0.8 0.650585 -0.754497 -0.0864468
80.9819 29.4159 -28.6182 0.932387 0 -4.5 -0.163117 0.229174 -0.959621
112.844 19.7948 -29.2083 -0.510623 0 -0.7 -0.644121 -0.729772 0.229217
81.7131 5.27825 -9.75425 0.600783 0.199888 -0.4 -0.44785 -0.182218 0.875344
91.4482 36.9969 -34.4977 -0.67455 0 -3.5 0.554957 -0.0168567 -0.831708
84.9095 30.6157 -10.0778 0.187818 -0.0926957 -0.860393 -0.351916 0.596439 0.721399
117.38 18.4109 -26.2324 -0.0688632 0 -0.8 -0.411369 -0.0754819 0.908338
122.937 8.7435 -9.47937 -0.358314 0 -2.71685 0.853957 0.0662903 0.516104
118.526 3.60419 -14.098 -0.911583 -0.0376355 -3.5 0.382713 -0.763213 -0.520611
84.1581 11.2664 -9.11019 0.257277 -0.972042 -0.8 0.782264 -0.610793 -0.122453
76.8778 8.88638 -6.37394 -0.0577183 0 3.8 -0.458286 -0.264076 0.848668
81.0861 35.6687 -28.5193 -0.858677 -0.494812 3.8 -0.693615 0.461454 -0.553135
106.435 27.814 -27.4199 -0.29797 -0.671957 -3.11808 -0.46444 -0.881239 0.0878286
92.3873 6.59163 5.75194 2.03701 0 -3.9 -0.408702 -0.821432 0.397758
89.1212 28.3354 -7.16594 -0.112587 0 -3.5 -0.254218 -0.412487 0.874773
110.489 5.74622 -39.8514 2.78032 0 -3.9 -0.42525 -0.0609499 0.903021
135.049 15.6211 -39.5515 -0.27634 0 -3.5 0.218553 0.705268 0.674412
86.4303 20.0439 -31.6628 0.0516771 0 -3.5 -0.0159241 -0.314443 -0.949143
76.8382 26.2859 -23.874 0.364819 -0.0150701 -2.57826 0.250879 0.966454 -0.0550041
78.1263 21.3924 -23.8302 0.49883 0 -0.902751 -0.299844 -0.567948 -0.766504
93.6214 40.3608 -35.1985 0.567813 0 -2.93921 -0.562641 -0.157246 -0.811608
123.456 7.94906 -14.4314 -1.05586 0 -3.5 0.650862 -0.732344 0.200128
113.845 18.1386 -30.4578 -0.151058 0 -0.7 -0.675205 -0.703241 0.222598
95.2094 37.4302 -36.5832 0.224971 0 3.8 -0.728752 -0.678886 0.0896371
126.008 17.9814 -34.6704 -0.271311 0.253159 4.03348 0.999881 0.0153 0.00195272
126.248 9.84225 -38.1057 0.455509 0 2.95699 -0.165176 -0.844227 0.5099
116.728 28.0489 -42.8555 -0.597506 -0.0403226 3.92412 0.241263 0.333151 -0.911484
79.9786 23.9984 -23.5501 0.615145 -0.229749 -1.461 -0.334986 0.670322 -0.662158
112.751 21.7899 -25.2971 -0.465714 -0.0577466 -2.32131 -0.0653013 -0.991866 -0.109256
103.258 39.6332 -48.3042 1.79708 0 -3.9 0.280957 0.535957 -0.796124
114.465 13.8229 -46.0784 0.686409 0 -0.4 -0.0476352 0.718166 -0.69424
96.3717 33.6312 -19.308 -0.407043 0 -1.49259 0.617103 0.701986 0.355528
82.1355 37.1952 -25.2236 0.00903482 -0.801849 -0.8 -0.615082 0.344988 0.708984
75.7026 21.4491 -12.4801 0.199007 0 4.5 -0.487504 0.429907 0.759947
88.3721 36.9301 -22.2849 0.320777 0 -3.5 -0.91211 0.181717 0.367469
92.7534 22.6386 4.88719 0.168144 -0.399813 -0.8 -0.849417 0.349918 0.39503
101.911 8.16887 7.45825 0.247777 0 -3.5 0.344198 -0.887383 0.306722
78.431 24.6364 -23.2184 0.179231 0 1.9504 0.347774 0.634687 -0.690091
119.038 16.7559 -50.0124 -0.219367 0 -0.9 -0.94618 -0.0666365 -0.316708
104.861 10.6974 5.1965 0.0450223 0 -1.3 0.253535 -0.785964 0.563898
80.7454 25.9969 -8.98744 -1.17419 -0.675012 -3.5 0.0551216 0.429227 0.901513
103.721 42.719 -38.4684 -0.0149284 0 2.8 -0.200492 0.844948 -0.495849
117.041 12.9161 -18.7819 0.528182 0 -1.6 -0.0658102 0.432498 -0.89923
85.1904 35.5159 -13.0376 0.444362 0 -3.5 0.0913356 -0.411516 0.906814
99.1729 20.6863 2.83713 -0.632661 0 -0.7 -0.534906 0.821413 0.197881
122.133 13.5822 -51.2624 0.0579988 0 -0.9 -0.0756922 -0.63864 -0.765774
124.931 8.06675 -51.3732 0.680047 0.860748 -4.5 -0.49852 -0.160346 -0.85192
77.2675 26.498 -22.7265 0.261124 -0.574161 -1.93852 -0.843436 0.372831 -0.386797
76.67 11.6965 -14.766 -0.41512 0 -3.5 -0.969911 -0.108198 0.218096
84.4359 8.09806 -26.3966 -0.753269 0 -3.5 -0.540258 0.510286 -0.669126
108.716 24.3525 -44.8553 -0.536436 0 4.5 0.272948 -0.375698 -0.885636
105.381 20.347 -24.3445 -0.363357 0 -0.4 0.546377 -0.149381 -0.82411
113.073 17.6235 -3.2505 -0.0340033 0 2.26801 0.254977 0.380557 0.888911
79.6777 21.5023 -10.4529 -0.399402 0 -1.61181 -0.726672 -0.684083 0.0630808
88.9678 18.4331 -29.6402 0.179525 -0.438629 -0.7 -0.608732 -0.792245 0.0423382
85.4799 11.9085 -9.77312 1.14664 -0.376439 -2.12326 -0.021916 -0.941101 0.337413
91.9799 11.0599 -24.7165 0.610876 0 4.2 0.856433 -0.360342 -0.369698
132.893 8.12853 -41.1254 -0.0701549 0 -0.7 0.155607 -0.425434 -0.891511
93.576 2.08037 -1.67675 0.221427 0 -1.3 0.193462 -0.979543 -0.0553818
133.927 8.29237 -16.2014 -0.155933 0 -3.5 0.641747 -0.744006 0.186055
130.461 21.5409 -47.2274 0.55354 0 -4.5 -0.636373 0.460133 -0.619119
97.7237 17.949 -30.8538 0.683347 0 -3.9 -0.333035 -0.878514 0.342491
110.257 10.5048 -42.8058 0.0739888 0 -3.9 -0.976298 -0.21235 0.0418363
73.287 21.623 -16.6924 -0.712658 0 -0.4 -0.167982 0.882128 -0.440037
106.768 18.9067 -23.5498 -1.15485 -0.240566 -0.8 0.380705 0.0890674 -0.920397
85.1635 27.3342 -8.31588 0.941245 0.0268844 -0.924179 -0.237617 0.362624 0.901134
126.105 26.8786 -38.2888 0.463638 0 2.8 0.933224 0.207466 -0.293344
103.569 38.9213 -31.4634 -0.0267022 0 -1.3 0.660762 0.691602 0.291684
95.7548 39.7326 -22.5854 0.641689 0 -1.6 0.734306 0.407348 0.543012
105.064 23.2323 -9.13225 -0.420789 -0.197978 0.269569 0.519168 0.59619 -0.612391
115.127 7.38644 -1.25969 -0.199833 0 4.18992 0.380863 -0.583295 0.717433
104.418 7.7085 4.32175 -0.0638066 0 -3.5 0.0288646 0.0516984 0.998246
111.067 22.1368 -0.669688 -0.540507 0 -1.39964 0.472625 -0.35703 0.805702
104.197 21.554 -24.9406 -0.500004 -0.865269 -0.4 0.108495 -0.0037486 -0.99409
79.7501 29.3503 -9.05469 0.231971 0 -3.5 -0.674946 -0.328509 0.660704
95.1465 10.7004 8.88587 0.415986 0 -3.9 -0.889954 0.162796 0.426003
103.337 8.87225 8.108 0.124197 0 -3.5 0.530068 -0.843261 -0.0890947
137.707 19.3612 -45.31 -0.980142 0 -3.5 0.986092 0.0971194 -0.134874
138.05 18.3929 -44.4607 -1.82264 -0.228395 -3.5 0.941684 0.332584 -0.0511847
116.226 23.3625 -24.874 -0.313872 0 -3.5 0.760369 -0.0839145 0.644047
122.03 17.2865 -10.5849 -0.22367 0 -0.7 0.414616 0.434957 0.799316
101.691 43.4478 -35.1278 0.393639 0 -3.9 0.715516 0.625441 0.311226
107.482 24.0055 -45.2677 -0.547015 -0.472316 4.5 0.59067 -0.37194 -0.716079
89.4381 17.5352 6.33994 0.331616 0.315972 -2.40594 -0.761099 0.361298 0.538694
83.9569 5.483 -8.1225 -0.454124 -0.14984 -0.4 -0.185512 0.409135 0.893417
102.222 20.2882 -22.8827 -0.273643 0 -0.4 -0.810319 0.5633 -0.161483
96.8875 25.8185 -33.6305 0.335752 0 2.8 -0.420747 -0.0445202 -0.906085
98.4116 37.7756 -37.9924 -0.12368 0 3.8 -0.0547019 0.775024 -0.629559
125.038 16.4301 -29.3355 0.290719 0 -4.5 -0.704369 -0.132611 0.697337
87.8231 7.05837 1.52262 -0.533332 -0.31044 -3.5 0.393163 -0.913041 -0.108533
117.024 9.35837 -1.63625 -0.136521 0 4.5 0.355843 0.346435 0.867962
121.887 31.0018 -35.2976 -0.195627 0 3.8 0.752059 0.468009 0.464084
100.441 25.084 5.2175 -2.19016 -0.576189 -3.5 -0.192903 0.0824459 0.977748
124.126 21.2118 -31.3898 0.695603 0 -4.5 0.991255 -0.0596501 -0.11771
74.4119 13.7306 -25.5994 -0.391861 -0.157009 -0.7 -0.871439 0.136097 -0.471244
106.97 36.6904 -33.4232 -0.0277917 -0.00716537 -1.07143 0.485572 0.823406 0.293636
124.411 27.4755 -35.0416 0.0765432 0 4.00528 0.546028 0.742001 0.388957
81.0026 19.8697 -26.5366 0.395043 0 -1.6 -0.449807 -0.349174 -0.822041
97.8301 24.915 -35.724 0.338122 0 -1.3 -0.988656 -0.0562787 0.139255
120.141 15.5061 -28.2459 -0.227743 0 -0.759251 0.898281 -0.436106 0.0538767
96.3706 1.16613 0.997187 -0.0498343 0 -0.8 0.618026 -0.51342 -0.595352
108.032 26.7906 -29.856 0.0329177 0 1.17363 -0.249482 -0.82102 0.513502
81.8906 24.9344 -29.924 0.883864 0.225877 -0.7 -0.960537 -0.249021 -0.123926
95.6014 44.111 -26 -0.51184 0 -3.5 0.979414 -0.0275154 0.199977
84.7712 8.9775 -7.24025 0.527219 0 -0.8 0.811083 -0.562133 -0.161714
98.4304 28.5554 -35.8587 0.644395 0 -1.3 -0.992847 -0.0769005 0.0913333
137.193 14.8644 -16.8751 -0.4325 -0.498917 -3.5 0.717371 0.609898 0.336755
82.6012 4.65662 -13.7963 0.576692 0 -0.0966058 0.183208 0.0789748 -0.979897
120.863 9.64312 -42.7991 0.439219 0 -0.0849323 -0.207654 -0.879232 0.428755
119.331 14.2219 -48.1331 0.204124 0 -3.2 -0.392943 -0.534265 -0.748436
113.421 22.1987 -21.4866 0.119057 0 -1.6 0.34373 -0.711819 0.612505
102.958 24.0269 -27.3461 0.324971 0.728236 -4.5 0.163424 -0.905093 -0.392554
97.071 26.5501 -42.0252 -0.115526 -0.734863 -0.7 -0.857519 -0.179615 -0.482078
110.458 4.66787 -2.10769 -0.288105 0 -0.7 0.794876 -0.137901 0.590893
120.52 21.7714 -49.092 -0.47833 0 -1.8794 0.524234 0.625799 -0.577542
118.643 16.2317 -49.1079 -0.160851 0 -1.64513 -0.628239 -0.323531 -0.707562
130.067 12.4238 -33.3126 -0.00674455 0 -0.8 -0.152526 0.169128 0.97372
104.647 25.5854 -30.5333 0.265256 0.375139 4.2 0.217258 -0.309884 0.925619
99.3625 1.8355 4.6 -0.47824 0 -0.4 -0.239409 -0.966213 0.0954733
88.326 37.1985 -35.4585 0.46973 0 -3.5 -0.262598 0.734078 -0.626237
85.5146 34.5217 -13.2727 1.05657 0.0566368 -3.5 0.230227 0.159268 0.960015
94.8764 34.9351 -41.2624 0.159106 0 3.8 -0.812122 -0.260297 -0.52221
87.5146 21.7249 -30.6106 0.0832706 0 -2.83888 0.132774 0.221246 -0.966137
84.0721 29.8104 -30.0696 0.88168 0 1.9 -0.688416 0.207035 -0.69514
119.311 8.81425 -45.2598 0.663596 0 -3.5 -0.0365183 -0.998868 0.0304929
101.202 24.2151 -9.0375 -0.205926 0 1.8 -0.66996 -0.435285 -0.601399
100.085 7.93219 7.9545 0.35637 -0.0220904 -3.5 0.163236 -0.648008 0.743935
120.096 19.1818 -51.6389 0.14888 0.269407 -0.9 -0.582862 0.278836 -0.763232
89.7799 20.1139 -2.414 0.990207 0 -3.9 -0.999958 0.0060919 0.00686012
104.966 15.1318 -24.6006 0.622262 0 -3.9 -0.462308 -0.44711 -0.765744
87.1194 7.14175 -9.14275 0.148467 -0.0618464 -4.5 -0.88635 0.0935936 0.453457
83.4882 8.37237 -25.4769 -0.787039 0 -3.5 -0.262281 0.377819 -0.887954
91.7577 5.69294 -2.09656 0.0286889 0 -1.3 -0.975 0.220161 -0.0300734
89.2449 40.1321 -34.119 0.567818 0 -3.9 -0.889359 -0.217696 -0.402056
78.0337 6.06056 -13.0343 -0.232283 0 1.8 -0.99056 -0.123749 -0.0589607
82.481 4.096 -23.6405 -0.432669 0 -3.5 -0.0547132 -0.0460151 -0.997441
95.4378 7.43675 -16.1532 0.111579 0 -1.3 0.68661 -0.457111 -0.565346
96.9316 38.1517 -38.4603 0.036837 0 3.8 0.406777 0.655712 -0.636062
97.9029 20.8778 1.99375 -0.504553 -0.259933 -1.99514 0.17699 0.831019 0.527334
105.479 21.6274 -14.6573 -0.0227289 0 -0.7 -0.593561 0.738129 -0.320703
104.54 22.8077 -46.2344 0.104816 0 4.5 -0.130988 -0.550833 -0.824273
93.3054 33.7665 -17.0416 0.338646 0 -4.5 -0.254487 0.771602 0.582981
129.668 20.906 -46.6163 0.273605 0 -4.5 -0.688221 0.541802 -0.482496
87.2567 15.0336 4.13363 -0.0651726 0 -0.4 -0.979545 0.179115 -0.0917056
80.4922 28.3455 -9.117 0.0854876 0 -3.5 -0.0848295 -0.24138 0.966716
118.574 9.91838 -39.2386 0.268047 0 4.2 0.3958 -0.918099 0.0208854
99.9666 24.2435 -22.6893 0.0465908 0 4.2 0.636051 -0.581288 -0.507487
97.9965 46.722 -34.2545 -0.163469 0 -3.8247 0.232266 0.648461 0.724949
93.0257 5.43862 2.72856 -0.0403573 -0.14816 -1.3 -0.949885 -0.0928322 0.298496
112.931 6.42381 -1.60044 -0.231448 0 3.8 0.157616 -0.972071 0.173882
100.77 23.9345 -18.62 0.536662 0.0374115 -3.5 0.770548 0.386273 -0.506999
105.021 7.053 -13.5535 -0.0921131 0 3.65 -0.178548 -0.869327 -0.46086
80.7929 10.2948 -26.6765 -0.631109 0 -3.5 0.224731 -0.129018 -0.965842
92.3041 40.3726 -22.376 0.307807 0.225925 -1.17567 -0.175024 0.734163 0.656027
94.6676 46.5161 -33.9649 -0.00347143 0 -3.5 -0.554038 0.283546 -0.782715
133.866 15.2409 -49.2698 -0.218974 0 1.8 0.403374 -0.89648 -0.18334
101.706 24.5104 -23.7554 0.18342 0 -4.5 -0.417783 -0.896037 0.150252
78.5402 15.9931 -26.0811 0.00540025 0 -3.5 -0.514298 0.738372 -0.436239
123.475 13.3785 -6.29537 0.255235 0 -1.6 0.220919 -0.0293968 0.974849
95.6107 30.9828 -35.0529 0.227352 0 0.90178 -0.653495 -0.51378 -0.555855
91.743 31.5415 -34.263 -0.981229 -0.245629 0.0918632 -0.124997 0.243587 -0.96179
80.2639 12.1692 -26.9011 -0.488459 0 -3.5 -0.0642768 -0.162511 -0.984611
118.79 9.3625 -43.7375 0.540127 0.53111 -3.5 -0.207516 -0.890318 0.405303
128.277 20.341 -39.8345 -0.357779 0 1.61074 0.646016 0.703094 0.29719
97.5094 34.0779 -13.7864 0.0200396 0 1.9 0.180658 0.420737 -0.889012
101.748 17.504 6.417 -0.54583 -0.68692 -0.716445 0.210535 0.576945 0.789183
81.3765 34.259 -29.6232 -0.246192 0 -0.8 -0.710492 0.589923 -0.383655
101.326 18.086 -23.43 -0.0367066 0 -3.9 -0.337854 -0.136254 -0.931284
97.5829 40.0988 -42.1442 -0.384154 0 1.8 -0.165708 0.207341 0.964132
101.204 19.4304 5.64962 -0.391834 -0.669997 -0.7 -0.244674 0.037448 0.968882
92.3753 43.4092 -35.3664 0.930077 0.536233 -3.9 0.469692 0.209658 -0.857574
114.477 14.6449 -45.2023 0.738494 0.140707 -0.4 0.0907481 0.508985 -0.855978
114.668 22.511 -5.3695 -0.327349 0 -1.6 0.196295 0.121797 0.972951
103.933 15.096 -17.7346 0.37036 0.109833 -1.86767 -0.145841 -0.750916 -0.644093
76.8662 19.1181 -24.0059 0.935054 0.477846 -0.8 0.543231 0.11543 -0.83161
98.653 44.4393 -38.3579 0.0365081 0 -3.9 -0.212855 -0.121188 -0.969539
103.288 37.6411 -45.2063 1.3577 0 -3.9 0.703466 -0.118547 0.700772
79.0154 28.292 -10.8624 0.281577 0 -3.5 -0.979463 0.165414 -0.115282
91.73 4.40688 1.258 -1.51324 -0.512861 -1.3 -0.886085 -0.11442 0.449178
101.552 28.9799 -16.8279 -0.0733448 0 -3.11816 0.191154 -0.830687 -0.522895
132.771 14.0857 -47.4079 -1.07096 0 -1.45056 0.753448 -0.553365 -0.355111
104.746 19.1281 -0.4175 -0.171109 0 -1.03617 0.320904 0.235763 0.917298
82.9036 8.28088 -5.68731 0.0721909 -0.205856 -0.8 0.139351 -0.865005 0.482025
107.475 26.0096 -22.3563 -0.0404003 0 -3.5 -0.351911 -0.887642 0.297069
101.735 24.1396 -25.9492 0.189628 0 -4.5 -0.372808 -0.927785 0.0151545
109.077 23.1065 -6.99931 -0.59831 -0.5954 -0.8 -0.281726 0.71702 -0.637584
83.9794 5.072 -27.6362 -1.49742 -0.422542 -3.5 -0.338137 -0.478296 -0.810491
87.9895 6.6145 -25.6645 0.0928829 0 -3.5 0.814776 -0.385305 -0.433221
102.982 14.6871 10.4222 -0.226306 0 -0.8 0.599884 0.75343 0.269225
124.741 9.10413 -12.7751 -1.42167 0 -3.5 0.162413 -0.975653 -0.147388
92.8016 10.4785 -19.4975 0.289941 0 -1.3 0.540393 -0.62492 -0.563427
95.6607 7.43056 8.16375 0.641645 0 -3.81723 -0.325723 -0.0937231 0.940808
103.582 15.9336 -20.5296 0.234267 0 -3.9 -0.139755 -0.970728 0.195337
123.181 18.2696 -30.5128 0.401233 0 -4.5 0.0414932 -0.405579 0.913118
88.2575 12.3648 -26.3738 -0.45463 -0.146451 1.42917 -0.169429 -0.908579 -0.381808
101.7 21.8153 -40.4383 -0.422815 -0.0750138 -3.5 -0.831421 -0.349748 -0.431758
104.021 26.372 -27.172 -0.295467 0 -4.19145 0.985445 -0.163992 -0.0447675
80.7661 36.5331 -26.4942 0.12895 0 3.8 -0.551242 0.825818 -0.118985
97.5122 19.4301 -25.5899 -0.252136 0 -1.44623 0.849846 0.123746 -0.512297
125.944 23.341 -36.6442 -0.474659 0 3.58654 0.925566 0.139898 0.351789
77.0231 6.85256 -8.34644 -0.0226174 0 3.8 -0.211146 -0.865653 0.453941
77.3221 15.6477 -26.519 0.0227201 -0.62447 -0.7 0.154579 0.877561 -0.453863
111.407 12.6049 -0.117688 -0.282694 0 -0.8 -0.302954 -0.0733731 0.950177
123.273 23.2094 -41.7263 -0.0114897 0 4.2 0.985043 0.161513 0.0600294
87.445 8.40081 -25.5729 0.637006 -0.0885883 -3.07675 0.567819 0.452911 -0.687353
99.4711 9.10425 11.3795 0.105637 0 1.8 0.34727 -0.910611 0.224033
81.7729 15.3968 -4.27419 -0.26364 -0.404319 -2.12033 -0.472218 0.694073 0.543391
95.4154 31.3734 -41.8581 -0.650675 0 3.8 -0.613038 -0.0219252 -0.789749
122.816 24.3935 -28.0839 0.517161 0 -4.5 0.77548 0.34761 0.527065
81.6667 20.4575 -7.9905 -0.74273 0 -1.3 -0.107275 -0.467962 0.877213
117.83 9.20781 -35.8795 0.341626 0 0.563316 0.38166 -0.918245 -0.105654
74.486 15.111 -11.346 -0.109285 0 4.5 -0.239204 -0.868044 0.435064
95.514 39.9771 -38.0853 0.125 0 3.8 -0.0320076 0.381588 -0.923778
79.7755 6.00794 -20.7418 -1.01285 -0.412564 -3.5 -0.888877 0.141265 0.435824
123.104 27.4419 -34.4986 0.0139815 0 4.2 -0.0730645 0.903431 0.422463
121.39 22.0454 -26.8356 0.932045 0 -4.5 0.540658 -0.457515 0.705953
109.711 11.6244 -42.2431 0.125989 0 -0.9 -0.577213 -0.726779 0.372314
96.3907 18.3069 -31.3745 0.30699 0 -3.9 -0.637329 -0.765716 0.0865462
129.239 18.8528 -29.673 0.521118 0 -4.5 0.986752 0.156201 -0.0438428
134.616 21.3662 -44.1475 -0.704454 0 -3.5 -0.140478 0.253517 0.957076
109.603 19.6864 -38.5848 -0.282868 -0.856427 -0.8 -0.990638 0.0606578 0.122295
120.797 18.7962 -27.963 0.188339 0 -0.8 0.910962 -0.289105 0.294221
97.6263 26.8887 -34.0024 0.411228 0 -1.3 -0.786385 0.254314 -0.562959
74.7511 15.7951 -6.07275 -0.0618482 0 -0.9 -0.700199 0.712191 0.0500565
105.882 13.399 5.987 -0.672514 0 -1.3 0.30997 -0.0752032 0.947767
75.277 13.6704 -26.9444 -0.158624 -0.138907 -0.7 -0.633815 -0.0488372 -0.771941
88.4994 6.34669 -6.50413 0.464263 0 -1.6 -0.848291 0.0236797 0.529
98.6543 22.0474 -8.26681 -0.148282 0 1.3005 -0.0726233 0.837296 -0.541905
90.0378 8.50587 -2.1975 -0.380772 -0.854646 -0.8 -0.430612 -0.878177 -0.208276
77.858 11.02 -6.472 -0.172687 0 3.8 -0.123485 0.205679 0.970797
91.6946 22.6283 -4.15875 0.318279 0 -3.5 0.387114 0.844464 -0.370166
89.903 17.3291 -29.0696 0.444926 0 -3.02081 -0.780621 -0.510524 -0.36055
137.592 14.8983 -18.0085 -0.0903178 0 -3.5 0.855813 0.500404 0.131073
99.5803 50.8286 -36.7649 2.72606 0.188365 -3.9 -0.428793 0.902851 0.0315696
109.052 5.71962 -41.7961 1.12884 0 -3.9 -0.908678 -0.415404 0.0417714
134.612 22.5636 -44.2627 -0.711214 0 -4.3331 0.104281 -0.0541259 0.993074
128.622 15.2898 -36.319 -0.590887 0 4.2 0.204145 0.873033 -0.442876
95.111 12.3179 -17.6819 0.986569 0.587239 2.8 0.687037 -0.655144 -0.31427
122.765 22.0058 -47.4622 0.152361 0 1.8 0.229754 0.771886 -0.592794
113.27 35.4049 -36.4878 -0.257843 -0.482015 -0.7 0.196831 0.923956 -0.327967
95.8211 31.6518 -36.1702 -0.488715 0 0.151039 -0.989597 0.0123021 0.143342
99.948 26.0271 -41.9105 -0.247599 0 -0.7 -0.0048934 -0.855657 -0.51752
96.998 30.3339 -34.6983 0.285835 0 4.2 -0.382564 -0.920972 0.0738558
87.3692 9.8175 3.891 0.507965 0 -3.5 0.0821453 -0.095784 0.992007
116.437 6.87559 -1.839 -0.187077 0 4.5 0.0565521 -0.421832 0.904908
93.4794 32.8831 -15.0775 0.852492 0 -4.5 -0.740878 0.671088 -0.0271968
81.4943 12.805 -2.38575 -1.29523 -0.0216459 -3.5 -0.939458 -0.228698 0.255178
106.998 26.747 -26.435 0.0110735 0 -1.6 -0.788625 -0.383079 -0.480959
85.5735 19.8901 -4.90644 0.597295 0 -3.9 -0.688248 0.279708 0.669386
101.822 32.7645 -9.96275 -0.157196 -0.165931 -0.4 0.161088 0.855076 0.492844
92.0203 34.0722 -34.1816 -0.267927 -0.722838 2.33367 0.171553 0.11808 -0.978073
106.432 40.5575 -35.0028 0.00693912 0 2.8 0.652783 0.261237 0.711076
105.641 33.0099 -25.1938 -1.06631 -0.0730355 -1.3 -0.247326 -0.586586 0.771198
98.1614 25.0562 -10.447 0.420271 0 2.70471 -0.0331974 -0.383139 0.923094
94.547 34.5033 -17.46 0.41384 0 -4.5 0.0800458 0.81203 0.5781
97.5756 2.15081 4.29825 -0.143021 0 -2.96633 -0.129587 -0.974936 0.180851
116.899 19.4051 -14.7727 -0.0952892 0 4.2 0.361146 -0.0214476 -0.932263
125.79 27.1485 -36.0793 0.245713 0 2.8 0.720965 0.205368 0.661841
130.478 21.8952 -44.4239 0.281772 0 -4.5 -0.469175 0.72747 0.500661
109.62 16.524 4.38037 -0.0956398 0 -3.5 0.366979 0.286131 0.88513
129.266 8.3045 -14.7972 -0.166473 0 -3.5 -0.356571 -0.907275 -0.222954
108.751 35.3761 -28.4421 -0.747913 0 -1.3 0.0817525 0.841847 0.533488
114.146 19.4466 -4.3075 -0.0453758 0 3.8 0.136652 0.620775 0.771987
76.5379 9.66425 -11.7394 -0.487655 -0.0596082 -3.5 -0.818215 0.573643 0.0381834
101.205 26.634 -15.679 -0.030318 0 -3.5 0.998964 -0.0141551 -0.0432399
113.342 22.3745 -3.7355 -0.176117 -0.99205 -0.8 0.94746 0.27926 -0.155992
79.2369 22.2402 -9.42537 -0.571464 0 -2.80344 -0.683974 -0.69408 0.224573
128.116 8.809 -15.5541 -0.429019 0 -3.5 -0.0655659 -0.93175 -0.357133
79.2958 25.1392 -22.7747 1.26556 0 4.2 -0.134723 0.366082 -0.920779
103.329 16.471 -23.8989 0.0280468 0 -3.9 -0.604007 -0.348186 -0.716897
98.5434 20.477 -29.6816 -0.107004 0 -3.9 0.644887 0.230393 0.728725
121.142 31.8196 -35.8484 -0.132857 0 3.37266 0.0964053 0.975819 0.196172
120.517 10.0859 -41.4415 0.384451 0 3.42118 0.0437351 -0.974519 0.220001
126.606 11.4591 -34.0662 0.376779 0.0045633 2.83584 -0.12744 -0.704498 0.69817
135.469 18.9559 -20.2399 -0.0401913 0 -1.6 0.0745543 0.312132 -0.947109
124.484 25.7306 -32.2098 0.1478 0 4.2 0.732973 0.449947 0.510195
100.202 21.579 -20.9347 -0.0136685 0 2.8 0.728206 0.270851 -0.629568
85.7315 33.11 -12.3653 0.475069 0 -1.6 -0.0256675 0.846904 0.531126
129.286 9.17787 -42.8817 -0.225078 -0.391994 -0.153108 -0.0604862 -0.991745 -0.113064
93.3435 23.2516 -1.78762 -0.255985 0 -3.5 -0.102366 0.395889 -0.912575
101.049 8.836 -19.0689 -0.830158 -0.0726577 -3.5 -0.422553 -0.554051 -0.71727
119.367 22.6903 -50.1669 -1.65856 0 -3.5 0.640313 0.182657 -0.74608
132.555 13.3083 -49.5978 -0.00432364 0 -1.6 0.883281 -0.439137 -0.164234
100.571 3.96475 0.339625 -0.156669 0 3.70152 -0.45149 -0.859312 0.240291
115.506 10.0578 -38.4524 -0.244206 0 0.786871 0.0243193 -0.917494 -0.397005
114.48 35.2147 -30.7616 -0.0264978 0 1.8 0.283633 0.940221 0.188511
108.049 34.268 -41.0335 -0.29138 0 -1.6 0.474596 0.590418 -0.652813
99.0492 35.6538 -27.29 0.0243698 0 -0.7 0.319707 0.765257 0.55872
95.0117 27.2177 -9.83887 -0.379595 -0.00782696 -4.1639 0.236194 -0.0867017 0.96783
109.314 13.3505 1.11863 -1.8092 0 -3.5 0.580306 -0.792841 0.186141
75.4853 8.2485 -9.23894 -0.112613 0 3.8 -0.886307 -0.381405 -0.262659
113.69 25.7305 -22.6473 0.337868 0 -1.6 0.33534 0.876583 0.34518
77.5945 7.03 -12.0625 0.0269769 0 3.8 -0.874736 -0.308196 -0.373968
92.0957 6.85894 -18.3759 0.140881 0 1.9 0.91672 -0.228003 -0.328085
96.6606 43.8148 -29.7564 0.761447 0.640438 -3.5 0.860234 0.426711 0.279132
116.878 10.6987 -18.8345 0.456488 0 -0.8 0.160973 -0.283992 -0.945218
97.183 22.7846 -27.888 -1.13271 0 -3.9 0.848439 -0.419095 0.32328
83.3248 7.21856 -9.52506 -0.131488 -0.722958 -0.4 0.854883 0.459358 0.241175
111.097 24.5026 -21.3033 0.450795 0 -1.6 -0.0558797 0.621959 0.781053
110.021 8.35219 -13.5751 -0.291848 0 -1.26621 0.230067 -0.736267 -0.636381
93.5521 24.9199 -1.30387 -0.582584 -0.719947 -3.79522 -0.330871 0.57812 -0.745856
116.003 33.2299 -30.7447 0.0182434 0 1.8 0.914705 0.139417 0.379312
98.2772 41.539 -37.3744 0.485985 0 -0.727327 -0.112058 -0.175963 -0.977998
76.7438 23.837 -11.5191 -0.74732 0 -1.59323 -0.78984 0.171351 0.58889
123.366 20.9445 -50.4091 -0.0778977 0 -0.9 0.399346 0.694908 -0.598018
83.5021 5.187 -13.9496 0.442888 0 -1.6 -0.209885 -0.590797 -0.779042
109.486 14.6648 -35.2267 -2.0367 -0.263879 -3.5 -0.828197 0.277313 0.487019
86.389 35.934 -33.4625 0.439993 0 -3.5 -0.619621 -0.397637 -0.676723
87.7196 14.8778 -27.4644 -0.251322 0 0.61639 -0.100405 0.479167 -0.871962
98.0417 6.76681 -12.4853 -0.0430575 0 3.8 0.455344 -0.872429 -0.177564
92.0648 16.7296 -29.2601 0.115678 -0.0288159 -3.5 0.680055 -0.534504 -0.501828
81.2042 36.2557 -25.0783 0.230461 0 3.8 -0.267341 0.787223 0.555706
103.519 25.1412 -30.3467 -0.168388 0 3.46243 0.741428 -0.233119 0.629238
103.98 -0.280375 -9.50163 -0.40449 0 -3.5 -0.333267 -0.0264874 -0.94246
93.003 35.9384 -33.4671 0.543973 0 3.8 0.517981 0.10445 -0.848991
105.293 35.2243 -42.2534 0.462292 0 -1.6 0.0885079 0.630558 -0.771079
99.7185 18.692 -30.0928 0.0680666 0 -3.9 0.687299 -0.14049 0.712659
101.233 26.5219 -21.7038 0.222501 0 4.2 0.654961 0.171946 0.73584
80.3252 6.097 -17.8377 -1.33636 -0.0993699 -3.5 -0.999123 0.0119932 -0.0401112
72.8955 17.9552 -26.451 0.033661 0 -0.8 -0.54676 -0.149441 -0.823845
103.521 12.0424 7.13125 0.0913086 0 -1.3 0.814324 0.15431 0.559522
98.037 33.6095 -9.63406 0.152811 0 1.9 0.188404 0.574005 0.796883
93.6272 1.97706 -0.148937 0.0142941 -0.730371 -0.918074 -0.382738 -0.914533 -0.130924
105.331 22.042 -4.1345 0.605277 0 -3.5 0.596745 0.754263 -0.273828
100.241 24.4993 -13.1065 0.13401 -0.105685 -0.749744 0.803803 -0.432567 0.408395
75.505 21.173 -20.7651 1.45992 0 -4.5 -0.82783 0.430724 0.35941
102.381 24.0461 -0.932875 0.082599 0 -3.5 0.240839 0.928169 -0.283723
77.1399 21.4656 -12.5697 0.25874 0 -0.7 0.747128 -0.433021 0.504275
95.2048 36.0387 -19.0605 -0.856272 -0.888537 -0.8 0.72952 0.165566 0.663618
107.885 21.043 -32.7886 0.55295 0 3.8 -0.0336992 -0.754557 0.655369
76.311 12.766 -14.652 -0.328418 0 -0.4 -0.671713 -0.676021 0.30298
79.3268 24.6435 -16.9293 -0.331796 -0.947939 -0.7 0.106016 0.788886 0.605326
78.2676 5.58488 -15.154 -0.265584 0 1.8 -0.755634 -0.311488 -0.576188
100.315 18.3505 -31.6285 1.98479 0 -3.9 0.785047 -0.258592 0.562878
111.925 12.7816 -45.4608 0.467367 0 -0.4 -0.784397 0.390058 -0.482261
97.5055 5.779 8.6735 -0.00922794 -0.0162956 -3.5 0.0982145 0.290126 0.951935
108.877 0.51875 -11.3602 0.672311 0 -0.944059 0.173362 -0.169987 -0.970077
88.0953 21.7418 -9.625 0.825502 0 3.8 0.793561 -0.234225 0.561605
78.6395 22.1178 -25.2969 0.374415 0 -1.6 -0.741615 -0.12033 -0.659945
74.534 20.1935 -20.29 0.195945 0 -4.29077 -0.425795 0.893069 0.14535
124.35 11.0661 -52.1843 0.147159 0 -4.5 -0.523844 -0.0551396 -0.850028
107.917 12.2572 -21.1413 -0.052288 0 -1.3 0.147135 -0.485638 -0.861688
105.721 26.0436 -22.3301 6.81403e-05 0 -4.5 0.149032 -0.605386 0.781855
96.3695 40.4341 -25.4527 -0.0325064 0 -1.6 0.937112 0.344517 -0.0559419
87.145 12.638 -27.6709 -0.249855 0 1.8 -0.0132125 -0.903192 -0.429034
116.252 34.5945 -24.7983 -0.0565517 0 3.8 0.328493 0.793779 0.511865
116.002 2.15769 -10.4241 -0.0982482 0 -3.5 0.0590916 -0.993592 -0.0963467
91.8814 7.40013 6.68625 3.44222 0 -3.9 -0.486119 -0.588811 0.645748
117.411 10.0191 -40.0591 0.160251 0 4.2 -0.0865911 -0.99558 -0.0363627
114.937 24.165 -44.8375 0.209115 0 -0.132527 0.00919709 -0.0563704 -0.998368
99.9962 22.3328 -30.3474 -0.611966 0 2.8 0.0221204 -0.519148 0.854398
113.657 15.6372 -3.14263 -0.308648 0 -0.8 0.585679 0.309236 0.749235
90.6664 4.33875 -12.1234 -0.207399 0 -4.5 0.536585 -0.739843 -0.405844
73.0755 19.9702 -24.3695 0.0663928 0 -0.8 -0.400946 0.906144 0.134702
74.357 21.1219 -17.0308 0.182162 0 -0.449635 -0.100655 0.643341 -0.758934
115.997 29.6845 -43.0163 -1.88346 -0.432732 4.2 0.0199109 0.416187 -0.909061
92.419 21.004 -7.335 -0.12743 0 -3.5 -0.127561 0.955983 -0.264244
113.933 18.8361 -14.3406 -0.500508 0 4.2 -0.667161 0.289824 -0.686221
91.2408 6.9365 -21.6746 0.72837 0 -0.4 0.768871 -0.632599 -0.093039
110.826 6.53425 -43.7731 0.96259 0 -3.9 -0.0877521 -0.379252 -0.921123
77.4794 32.4202 -26.6136 0.338127 0 3.8 -0.995166 -0.0267637 -0.0944863
86.9938 2.29119 -7.399 -0.120148 -0.0135975 -0.4 0.308879 -0.870287 0.38366
112.244 25.4967 -8.5255 -0.0570804 0 -1.6 -0.664183 0.350741 -0.660183
90.1707 43.0341 -36.3378 2.03846 0 -3.9 0.0231662 -0.103767 -0.994332
109.294 17.7494 -43.5844 0.016964 0 -4.5 -0.690392 -0.381747 -0.614514
90.6438 31.8474 -34.0018 -0.28364 0 3.8 -0.419054 0.0349628 -0.907288
121.69 12.8289 -6.02287 -0.0586709 0 -1.6 0.238752 0.214392 0.947119
112.768 24.3398 -13.7863 -1.0352 -0.320772 -3.5 0.566638 0.518315 -0.640524
99.9977 15.6675 -22.1313 -0.276014 -0.230729 -0.8 0.271963 -0.532833 -0.801327
123.59 13.2005 -19.4101 0.00314955 0 -1.6 0.0643016 -0.252622 -0.965426
96.1225 14.5417 -24.8617 0.550365 0 -1.6 0.378495 -0.910824 0.164744
110.196 20.7376 -0.473 -0.0477102 0 -3.5 0.771337 0.152949 0.617775
111.722 14.1281 0.0965625 -0.210666 -0.490585 -1.85115 0.246633 0.153635 0.956854
82.1015 25.4478 -28.378 0.268987 0 -0.7 -0.91945 -0.384212 0.0836285
110.929 10.4107 -32.0057 -0.603737 0 -3.2 -0.42517 -0.452218 0.784047
96.5465 37.6145 -24.346 -0.0451323 0.213593 -0.781446 0.861694 0.487963 0.139197
97.6953 45.8768 -33.5459 -0.787904 -0.0199342 -3.5 0.843233 0.0249967 0.536966
102.968 28.7306 -11.8754 -0.661587 0 -1.6 0.0807576 -0.84428 0.529782
107.33 14.292 -25.1632 2.34616 0 -3.9 0.0117504 -0.398214 -0.917217
89.7551 14.9677 -28.5529 -0.0121249 0 -0.7 -0.47778 0.441459 -0.7595
108.554 11.9195 1.45244 -0.945542 -0.98905 -0.8 0.948629 -0.311464 -0.0556223
100.28 39.3198 -38.4365 -0.959329 -0.000403398 -3.5 -0.315238 0.367833 -0.874828
117.234 23.5595 -47.0834 -0.427065 0 -3.5 -0.90005 0.409959 -0.147798
101.83 35.5759 -28.3137 -0.0997824 0 -1.19292 0.0844321 -0.0302017 0.995971
116.161 7.88456 -17.9761 -0.0428616 0 -3.5 0.226376 -0.429343 -0.87431
112.535 12.682 -46.7868 0.289659 0 -0.4 -0.672533 0.151311 -0.724434
104.098 20.726 -13.2154 0.108329 0.538111 -2.07688 -0.180007 0.939573 -0.291204
76.1111 25.5726 -25.048 0.634919 0.50485 -0.8 -0.173669 0.318721 -0.931803
125.387 24.9204 -35.8397 0.193457 0 3.73324 0.951853 -0.000740286 0.306555
112.662 29.6744 -42.3994 0.823757 0.657022 4.2 0.564456 0.385966 -0.729671
95.6133 45.9214 -28.3743 -0.354301 0 -3.5 0.847506 0.372597 0.378026
93.6519 23.6917 4.91713 0.671383 0.0548621 -0.8 -0.250263 0.856923 0.450613
114.821 12.5052 -2.35812 -0.0169205 -0.191426 -0.8 0.86852 0.383698 0.313767
131.178 12.0371 -19.0436 0.348216 0.362685 0.107461 -0.000394296 -0.160311 -0.987067
107.792 22.3875 -5.40312 -0.703168 -0.50658 -0.766491 -0.644134 0.581801 0.496588
94.7272 23.8136 4.16313 0.672195 0.0336703 -0.8 0.231483 0.863622 0.447854
84.3268 6.12569 -15.4535 0.16028 0 -2.98421 -0.116226 -0.992412 -0.0401245
102.241 25.3871 -8.39975 -0.201374 -0.567817 1.8 0.0760411 0.862986 -0.499472
97.6165 18.0605 -26.0693 0.234889 0 -1.6 0.849003 0.304036 -0.432153
82.3376 31.2265 -10.0752 0.126653 0 -3.23976 0.585278 0.650065 0.484629
116.209 11.7634 -47.6345 0.312296 0 -3.5 -0.0689658 0.1699 -0.983045
128.387 16.0029 -16.2394 -0.138008 0 4.5 -0.54202 0.482667 0.687929
111.697 23.8156 -8.7365 -0.330735 0 -0.4 -0.610032 0.626688 -0.484895
128.768 14.7942 -37.6589 -0.475831 0 -0.9 0.0821367 0.923112 0.375657
126.921 21.1982 -40.5116 -0.214567 0 2.88528 0.171978 0.983305 -0.059447
115.815 2.44613 -11.9563 -0.565965 -0.780707 -3.66394 -0.235419 -0.920097 -0.313048
139.564 11.3721 -18.3347 0.144836 0.0611722 -3.5 0.975268 -0.0952677 -0.199438
91.2425 20.382 4.85275 0.509247 0 -3.25939 -0.469894 0.864213 0.179823
115.669 32.0359 -37.7249 -1.23027 -0.0816674 -3.5 0.949077 0.305586 -0.0766081
84.6264 23.4836 -5.43181 1.223 0 -3.9 -0.543298 0.16022 0.82411
128.949 15.9343 -30.9792 0.913854 0 -4.5 0.898215 -0.243701 -0.365814
100.392 20.9708 -10.9634 0.118164 0 3.8 -0.257975 0.965874 0.0231568
115.972 21.9737 -12.364 -0.0999389 0 4.2 0.271101 0.945803 -0.178775
128.651 8.18494 -13.5116 -1.30978 -0.365579 -3.5 0.115857 -0.992734 0.0324933
105.022 11.9583 -19.4132 0.084471 -0.0170725 -1.40743 -0.674729 0.00965734 -0.738002
93.3008 9.88688 7.04913 1.20994 0 -3.9 -0.50339 0.36103 0.78502
121.282 18.8959 -29.3559 0.571092 0 -4.5 0.540727 -0.613499 0.575529
96.296 3.60906 -7.15137 0.153173 0 -0.8 -0.125903 -0.569396 -0.812365
96.497 12.5945 11.9451 -0.0270617 0 1.8 -0.456759 0.157462 0.875544
95.2336 2.33175 -0.03075 0.217757 -0.458922 -1.0098 0.312623 -0.728509 -0.609542
113.432 13.7472 -17.7508 -0.0670414 0 -0.8 -0.105142 0.506463 -0.855827
117.246 13.8918 -18.0487 -0.115769 -0.143178 -1.6 0.119924 0.724209 -0.679073
124.441 11.3561 -9.07356 -0.191769 0 -1.6 0.544225 -0.770138 0.332727
116.558 13.4661 -29.3524 -0.608685 -0.436573 -2.23189 -0.413731 -0.0741105 0.907378
98.3405 5.03619 -8.1315 0.403501 0 -0.8 0.0824888 -0.516497 -0.852306
105.051 43.1878 -37.0257 0.188924 0 2.8 0.0771731 0.990207 0.116336
109.086 37.4855 -36.43 -1.37319 -0.693573 -0.4 0.421924 0.590413 -0.688036
118.223 30.3083 -41.8286 -0.300945 0 1.8 0.169458 0.317394 -0.93303
102.746 40.8548 -45.5706 3.22812 0 -3.9 0.171967 0.840142 0.514383
107.84 20.0821 -16.3445 0.0248806 0 -0.7 0.744204 0.634781 -0.207877
90.9782 3.89694 -6.80263 -0.106504 0 -1.37246 -0.437831 -0.859619 0.263361
95.6188 25.441 -33.5085 -0.438271 0 2.8 0.0223586 -0.127945 -0.991529
111.61 25.4723 -2.79569 0.290581 0 -0.8 0.0928499 0.927425 0.3623
83.4369 6.10469 -23.4847 -0.294269 0 -3.5 -0.965671 -0.0821978 -0.24642
116.078 14.159 -46.3435 0.500649 0 -0.4 -0.475324 0.406249 -0.780403
92.1782 31.9606 -10.5098 0.400399 0 -1.36861 -0.0629301 0.635287 0.769708
121.561 26.0261 -27.1596 0.280087 0 -4.5 0.584725 0.559291 0.587614
102.15 36.5274 -42.828 0.293798 0 -1.6 0.91355 0.378426 -0.149062
115.748 26.6311 -8.28113 0.149487 0 -1.6 0.527459 0.8419 0.11398
78.0395 12.8947 -11.5037 -0.241918 -0.0258896 4.2 -0.764309 -0.630726 -0.134224
128.267 14.6833 -30.035 0.804614 0 -4.5 0.54114 -0.838199 0.0677422
111.062 5.34044 -2.63831 -0.286335 0 3.8 0.811683 -0.500163 0.301674
89.9538 6.591 -23.7177 4.37685 0 -0.4 -0.215257 -0.976427 0.0159709
94.6559 48.8204 -30.0471 -1.57738 -0.27164 -3.5 -0.402286 0.80354 0.438737
88.0375 4.65325 -6.246 -0.485464 -0.0472741 -0.455512 -0.202064 0.0255131 0.97904
105.423 16.5557 4.43625 -0.0533483 0 -1.3 0.166656 0.96864 0.18429
75.0997 23.4461 -23.3964 -0.133763 -0.305141 -0.8 -0.99435 -0.0987055 -0.0390645
123.729 8.05406 -12.1625 -2.17261 0 -3.5 0.652276 -0.718655 -0.24098
112.402 22.3617 -45.776 0.5643 0 -0.8 -0.29415 0.15175 -0.943635
133.45 17.4128 -15.3292 0.441977 0 -1.6 -0.130246 0.0788254 0.988343
104.193 27.5582 -22.2824 -0.0340636 0 -3.5 -0.612776 0.328214 0.718875
104.439 25.9774 -22.0556 0.26874 0 -4.5 0.198643 -0.066851 0.977789
82.1406 10.6725 -3.11238 0.109585 0 -3.5 -0.762736 -0.60294 0.233875
131.826 19.1495 -42.3344 -0.0656363 0.261776 -0.9 0.906837 0.341158 0.247504
81.3589 23.3407 -7.6965 -0.00181641 0 -1.55892 0.0650346 0.499315 0.863976
117.136 27.029 -25.6369 -1.66808 0 -3.5 0.521825 0.403138 0.751783
114.811 10.0723 -1.12719 -0.257468 0 1.59934 0.614154 0.309019 0.72617
111.309 11.0077 -37.0586 -0.228386 0 -3.5 -0.663811 -0.723479 -0.189562
117.38 15.2521 -4.57006 -0.253762 0 4.10394 0.274183 -0.250255 0.928545
114.42 8.30737 -19.7921 0.128559 0 -0.8 0.384658 -0.668957 -0.63603
112.151 -1.79925 -5.85862 0.00482972 0.173968 -4.5 -0.583915 -0.747611 0.31642
76.9481 25.9171 -16.0883 -0.183789 0 -0.7 0.0639515 0.996255 -0.0581966
107.417 35.2967 -39.8203 -0.909748 -0.650982 -1.6 0.552701 0.706268 -0.442387
79.3279 11.6952 -6.79012 -0.454646 0 -0.9 -0.117208 -0.105888 0.987446
105.046 39.3138 -40.5446 0.184881 0 2.8 -0.221613 0.00894644 -0.975094
77.324 13.106 -5.59 -0.475264 0 -0.9 -0.0252462 -0.650801 0.758828
117.198 4.24538 -5.534 0.1668 0 -4.5 0.848444 -0.249063 0.467022
126.567 22.583 -38.4318 -0.162386 0 3.8 0.863953 0.489092 -0.119891
96.5096 40.2122 -26.8166 -0.29129 -0.0770168 -0.316801 0.820908 0.370235 0.434782
127.269 10.3482 -35.5504 0.54768 0 4.2 -0.00291721 -0.94931 0.314329
93.7782 24.4708 2.6335 0.900414 0.582384 -0.894482 -0.174213 0.819067 0.546606
130.011 21.3358 -43.1191 0.0953258 0 -0.9 0.320766 0.907575 0.270954
114.721 11.8623 -30.0405 -0.334293 -0.404382 -3.2 -0.337908 0.135639 0.931354
98.2015 31.3503 -24.9471 -1.4958 -0.00208618 3.8 0.81038 -0.443682 0.382664
132.751 9.71813 -18.7541 0.130419 0 -3.5 -0.134205 -0.187306 -0.973091
77.0875 26.368 -25.6684 0.702002 0.36623 -4.5 0.391203 -0.914464 -0.103518
125.806 30.3863 -37.8993 0.206562 0 2.8 0.8037 0.593699 0.0398455
82.6533 0.889 -13.7125 0.381848 0.0784332 -4.5 -0.536115 -0.826872 0.169892
114.719 31.1451 -28.2011 -0.016394 0 3.8 0.930794 -0.272821 -0.243292
77.717 9.731 -5.703 -0.0864259 0 3.8 -0.225565 0.127455 0.965855
112.027 16.3517 -18.0312 -1.58602 -0.115785 -0.8 0.204164 0.448622 -0.870089
92.9621 4.50712 -14.2834 0.23374 0 -1.3 0.104514 -0.99338 -0.0476648
119.492 29.1639 -41.8631 0.101898 0 1.8 0.280477 0.211594 -0.936248
82.3774 6.28412 -15.6447 -0.184969 -0.473501 -3.1943 0.240301 -0.970319 -0.0271451
121.142 18.4605 -52.0151 -0.330991 0 -0.9 0.0800784 0.338418 -0.937582
99.691 49.7838 -38.1114 2.59131 0 -3.9 -0.495223 0.546615 -0.675253
96.9098 13.2561 -17.0373 0.184197 0.405632 0.068444 -0.0176742 -0.842537 -0.538349
98.0354 3.261 -7.46475 2.05372 0 -3.9 -0.0437715 -0.0858712 -0.995344
123.515 11.7524 -38.0467 0.35359 0 3.90451 -0.648799 -0.569164 0.505086
98.0491 47.5935 -37.3021 0.469754 0 -3.9 -0.893817 0.24586 -0.375025
108.285 36.2119 -33.266 -0.193516 0 0.823121 0.00584956 0.966423 0.256891
87.4071 5.41656 -7.35388 -0.433874 0 -0.4 -0.441206 0.635467 0.633656
100.034 22.0306 3.06825 -0.361364 0 -0.7 -0.932484 0.313888 0.178741
120.808 26.9569 -28.3608 0.877555 0.373719 -2.06324 0.499766 0.755008 0.424495
111.788 21.7415 -27.8831 -0.445387 -0.145066 -0.96964 -0.952416 -0.27076 0.139972
79.6494 18.909 -11.5754 0.395556 0 4.2 -0.6632 0.720106 0.203992
114.257 17.3756 -30.9984 -0.068137 0 4.2 -0.837854 -0.344537 0.423432
74.4266 15.2737 -25.6381 -0.60867 -0.849385 -0.703822 -0.659438 -0.328106 -0.676378
88.847 22.132 -30.91 -0.762966 0 -0.7 -0.553847 0.0901551 -0.827723
124.088 12.9829 -51.2825 0.13255 0 -4.5 -0.225403 0.186676 -0.956214
88.9811 44.0039 -33.8528 2.37528 0 -3.9 -0.764581 0.464626 0.446698
87.0856 13.556 6.05794 0.0883366 0 -0.4 -0.826838 -0.276278 0.489908
100.123 22.8334 -37.9715 0.0783377 0 -1.3 -0.522409 -0.218713 -0.824168
113.744 21.5228 -25.4213 -0.693779 -0.269863 -0.7 -0.450614 -0.826396 0.337665
100.027 34.1405 -25.3678 -0.236731 0 -0.7 0.924277 0.19243 0.329672
100.361 21.2426 -30.9352 -0.351077 0 -0.377146 0.423394 -0.336812 0.841009
80.9243 26.9416 -29.1554 0.345209 0 -0.7 -0.932388 -0.326774 -0.154506
125.188 16.4212 -14.2498 -0.525507 -0.140525 -0.7 0.981654 0.145981 0.122657
100.337 23.6656 -4.70388 0.798419 0 1.8 -0.590944 0.755885 0.28182
95.0556 3.93038 -7.85881 -0.097448 0 -1.22305 0.422165 -0.684352 -0.594508
109.591 1.73969 -0.890688 -0.848335 0 -2.10069 0.375343 -0.123231 0.918658
92.4666 17.418 10.6751 0.0834866 0 -4.5 -0.045844 0.964677 -0.259416
133.943 17.636 -42.846 -0.599194 -0.645846 -3.5 -0.169111 0.8436 0.509648
104.484 28.1572 -25.8972 -1.15794 -0.229102 -3.5 0.484519 -0.717076 -0.501043
94.1379 33.6315 -10.7576 0.666291 0 -4.5 -0.251197 0.658057 0.709832
94.388 37.4696 -32.2255 0.132695 0 3.8 0.689065 -0.210547 -0.69344
110.847 21.4016 -23.5565 0.120559 0 -1.6 -0.139269 -0.962872 -0.23126
85.4788 10.3728 -5.439 0.497796 0 -3.5 0.565451 -0.814634 0.128981
100.071 44.4441 -34.3302 0.30604 0 -3.9 0.333075 0.386826 0.859899
103.773 39.3335 -45.3903 3.02385 0 -3.9 0.74461 0.0409888 0.66624
71.8846 17.143 -18.4814 -0.193624 0 1.18504 -0.820882 -0.334933 -0.462572
94.8558 43.4939 -35.3959 0.248665 -0.170173 3.8 -0.694457 0.461169 -0.552316
106.964 6.15275 5.66375 -0.439696 0 -3.5 -0.340716 0.365575 0.86618
93.0374 1.06094 -3.83944 0.2198 0 -1.3 -0.114681 -0.943129 0.312017
103.298 24.142 -4.01912 0.112135 0 0.687459 0.277665 0.681031 0.677569
115.755 16.9014 -46.8679 0.565011 0 -3.2 -0.673823 -0.576073 -0.462712
78.3809 26.1159 -22.4479 0.660297 0 4.2 0.0978271 0.22638 -0.969114
95.1286 34.7334 -38.0905 0.349419 0 3.8 -0.803564 0.141822 0.578075
101.351 16.852 7.092 -0.576165 -0.365398 -0.8 0.256712 0.898672 0.355652
116.62 14.752 -17.242 0.040225 0.439159 -0.8 0.512084 0.545776 -0.663249
105.715 5.25075 -11.789 -0.157008 0 2.8 -0.445674 -0.708902 -0.546656
83.8501 36.3583 -18.5905 0.124321 0 -0.4 -0.266939 0.960319 -0.0808155
123.769 14.8643 -51.2995 -0.265857 0 -0.9 0.333707 0.0114962 -0.942607
120.043 24.4065 -46.4342 -0.272715 -0.00865471 -3.5 0.283728 0.858706 -0.426757
95.5052 6.47888 -13.9314 -0.21563 0 1.00495 0.425888 -0.851698 -0.305336
110.642 11.6754 -39.6049 0.534289 0.402643 -3.5 -0.835395 -0.542689 0.0871985
82.355 3.244 -14.4345 -0.0391598 0 -4.5 0.0112616 0.308393 -0.951192
95.81 30.2846 -42.0534 -0.0271198 -0.061945 4.00319 -0.819315 -0.480567 -0.312694
99.2258 41.856 -37.8141 0.598381 0 -3.9 -0.344774 -0.363418 -0.865481
87.3167 5.8275 -22.6081 0.830306 0 -0.701084 0.49921 -0.687077 -0.527935
88.5719 32.2576 -16.1672 0.00886399 -0.0585119 -0.462583 0.467268 0.866994 0.173155
114.175 2.27775 -12.0615 0.939057 0 -4.5 0.320062 -0.783796 -0.532188
100.315 24.871 -9.473 -0.186447 0 -0.4 -0.651575 -0.650345 0.390514
104.888 -0.7045 -9.58094 -0.00350633 0 -3.1109 -0.230909 -0.416364 -0.879387
120.907 29.4553 -33.7906 -0.189973 0 3.8 0.704082 -0.308498 0.639608
103.337 37.1894 -48.441 1.06342 0 -3.9 0.461526 -0.446777 -0.76641
87.1661 12.3123 4.21281 -0.906881 -0.773405 -0.4 -0.802604 -0.326598 0.49916
108.727 -1.18944 -10.0184 0.25697 0 -0.4 0.341821 -0.915951 -0.210217
112.612 8.23875 -18.1316 0.339183 -0.262169 -0.8 -0.829462 -0.558348 0.0155095
121.375 19.9226 -9.0335 -0.210163 0 -0.8 0.994672 0.0595602 -0.0841389
103.015 24.5966 1.86369 -0.721128 0 -3.5 0.803992 0.562304 -0.193419
113.273 8.75706 -44.3823 0.0271055 0 -3.9 0.0992379 -0.625967 -0.77351
77.6738 11.9633 -10.3525 0.159171 0.065926 3.22931 -0.487836 -0.118463 -0.86486
120.242 26.4077 -26.854 0.540857 0.823372 -4.5 0.112348 0.730393 0.673723
126.368 13.4543 -14.1742 -0.666062 0 -1.96121 0.170941 0.471358 0.865217
94.8746 2.85075 -1.81869 0.575036 0.150351 -1.3 0.505763 -0.862098 -0.0314836
81.8394 12.1529 -26.688 -0.590729 0 -3.5 0.163985 -0.252136 -0.953696
87.7565 4.85187 -21.3399 0.322208 0 1.9 0.291828 -0.921012 -0.258017
85.7516 36.2257 -24.2698 -0.0410662 0 -0.8 -0.265866 0.0155481 0.963884
114.8 25.7616 -10.0499 0.103551 0 -1.6 0.0388282 0.552465 -0.832631
111.54 24.7722 -27.558 -0.81381 0 2.70378 -0.889324 -0.378162 -0.257092
124.418 9.2485 -17.0875 -1.92986 -0.584573 -3.5 0.666725 -0.237649 -0.7064
82.2807 26.633 -8.81225 -2.02553 -0.0400021 -3.5 -0.108489 0.161329 0.980919
91.5612 3.21675 -1.32475 0.19366 0 -1.3 -0.810271 -0.507552 0.293004
132.756 25.0793 -45.9955 -0.130659 0 -4.5 -0.564797 0.744439 -0.356111
83.1804 7.034 -26.4101 -1.55253 -0.848006 -3.5 -0.562932 0.499834 -0.658235
96.4685 10.1482 11.8258 0.219504 0 1.8 -0.893094 -0.340233 0.294319
123.348 11.7815 -35.41 0.228983 0 4.2 -0.542744 -0.80676 0.233598
105.056 0.377875 -0.38175 -0.56075 0 -3.5 0.537741 -0.826825 0.164912
118.07 24.7205 -47.3064 -0.183897 0 -3.5 -0.367848 0.893365 -0.258045
115.578 19.7808 -47.0068 -0.00491087 0 -3.43352 -0.386795 0.411272 -0.825376
113.646 34.9991 -27.0534 0.0534586 0 3.8 -0.22811 0.948673 -0.219055
101.646 22.2538 -14.0693 -0.270296 -0.0149642 -3.5 0.662694 0.450501 0.598235
137.092 15.8457 -45.104 -1.88606 0 -3.5 0.538602 -0.79111 -0.289917
115.069 18.4105 -47.5349 0.349069 0 -3.2 -0.535193 -0.0975277 -0.839081
97.6569 32.6709 -19.3188 -0.975254 -0.0360636 -1.10258 0.797292 0.565972 0.209766
122.146 7.90625 -7.007 -0.349248 0 0.133283 0.888361 -0.270305 0.371147
111.326 14.4134 -32.9773 -0.754713 -0.000967487 -3.22236 -0.400937 0.741476 0.538017
105.217 22.8337 -20.3123 0.919713 0.815094 -0.4 -0.329707 0.721821 0.608496
75.8954 29.2772 -27.5896 0.321928 0 -4.5 -0.832652 0.550608 -0.0593481
116.594 1.3825 -7.5125 0.74803 0 -4.5 0.811074 -0.506256 -0.293027
81.9446 32.1123 -12.6109 0.1809 0 -1.6 -0.61008 0.783753 -0.116332
126.215 14.788 -37.65 -0.0681591 0 4.2 0.339709 0.92131 0.189173
107.499 12.8099 -42.1412 0.264028 0 -0.9 -0.683453 -0.678071 -0.270393
111.467 34.778 -27.2045 -0.782675 -0.742894 3.8 0.024315 0.997128 0.0717298
88.7614 2.65 -13.2384 0.616004 0 -4.5 0.56416 -0.389605 -0.727963
92.5824 9.73569 -23.8099 1.46948 0 3.76348 0.936367 0.0592269 -0.34599
73.9901 14.7064 -6.61281 0.11636 0 -0.9 -0.919827 0.336459 0.201776
92.7439 33.3158 -12.7706 0.275295 0 -4.5 -0.567467 0.744442 -0.351834
88.5576 17.8644 0.204938 0.923397 0 -3.9 -0.760732 0.473473 -0.44397
97.8109 33.9227 -44.4064 0.343789 0 -1.66835 -0.873814 0.409618 -0.262035
105.773 23.1838 -21.5284 0.170948 0 -0.4 0.274425 0.914893 0.296076
98.5174 14.981 10.2367 -0.314501 -0.415194 0.878922 -0.288188 0.876715 0.385121
91.1746 19.4436 6.84013 0.0996119 -0.142908 -2.92573 -0.462106 0.555095 0.691613
136.518 23.2434 -47.0554 -0.189996 -0.174646 -4.28064 0.87609 0.273213 -0.397266
124.815 17.7588 -50.2023 -0.32162 0 -0.9 0.560639 0.094406 -0.822661
96.231 21.6626 5.43644 -0.196505 0 -0.8 0.807798 0.423148 0.410377
92.166 21.9573 -33.4141 0.784781 0 -1.6 -0.0413445 -0.30306 -0.952074
104.679 20.6776 -38.7755 -0.204945 -0.309366 -3.5 0.162532 -0.986438 0.022858
124.074 25.6976 -40.4201 -0.151148 0 2.8 0.562639 -0.258394 -0.785283
108.246 25.5958 -21.1545 -0.136417 0 -3.04381 -0.138591 -0.32276 0.936279
104.381 31.3666 -25.5659 -1.76245 0 -3.5 -0.0846469 0.381264 0.920583
126.428 9.0875 -45.6879 0.651379 0.296618 -3.91972 -0.502759 -0.785426 0.361025
112.252 -0.74775 -3.61631 -1.46347 -0.0577165 -3.5 0.766252 -0.490749 0.414758
84.2574 16.9272 -3.08013 0.115796 0 -0.4 -0.278976 0.57044 0.77251
133.308 15.012 -18.6827 0.657571 0.213682 -3.5 -0.172184 -0.0550672 -0.983524
110.772 19.3436 -13.6409 -0.205035 0 0.0311015 0.477386 0.0675112 -0.876096
80.3282 20.3682 -8.50675 -0.565075 -0.0792621 -1.3 -0.765061 -0.468318 0.441995
88.9576 19.2647 -0.485625 0.935014 0 -3.9 -0.947558 0.131687 -0.291191
98.6794 28.6961 -8.52375 -0.933058 -0.736269 1.9 -0.158862 -0.0094988 0.987255
95.9576 14.3647 -26.3468 0.402532 0 -1.6 0.249034 -0.91669 -0.312508
96.4769 9.02825 9.22863 1.01125 0 1.48343 -0.431374 -0.633226 0.642605
99.0878 21.7466 -21.6166 -0.390553 0 3.35485 0.641791 -0.279082 -0.714295
102.671 26.5921 -44.4176 0.236759 0 -3.5 -0.467271 -0.028278 -0.883662
119.334 12.5948 -36.7767 0.478162 0 4.2 0.908449 -0.388735 0.153639
104.209 38.3008 -45.7759 1.49153 0 -3.9 0.780656 -0.0463471 0.62324
87.6517 29.1677 -7.4765 0.060594 0 -3.5 -0.442625 -0.10394 0.890662
112.508 18.6525 -4.2525 0.134528 0 1.62738 0.317576 0.40121 0.859172
103.72 18.9739 3.44206 -0.317716 0 -0.7 0.992744 0.0945434 0.0742996
133.418 22.2257 -48.309 0.523425 0.555438 -4.5 -0.140764 0.0997601 -0.985004
86.9132 11.1816 4.08981 0.0838237 0.927864 -3.5 -0.267114 0.180344 0.94664
112.201 23.5551 -0.579375 -0.229147 0 -0.8 0.408744 0.142975 0.90138
131.91 6.73331 -39.0587 0.371819 0 -0.7 -0.153667 -0.9878 0.0252567
99.2398 7.42106 -14.3412 -0.493228 0 3.8 -0.0964986 -0.883888 -0.457635
92.4379 1.21944 -5.20675 0.113312 0 -1.3 -0.344426 -0.937723 -0.0452359
103.501 20.6824 -37.2632 -0.560998 0 -3.5 0.0410053 -0.964054 -0.262522
80.2517 35.3121 -24.0894 0.110468 0 3.8 0.0904924 0.597437 0.796794
92.7186 39.7516 -18.4235 -0.17539 0 -0.8 -0.210602 0.797935 0.564754
81.0504 25.5572 -16.6725 0.196211 0 -3.2 -0.878564 0.208846 0.429544
94.2178 13.6903 -23.7908 0.0858943 -0.107482 0.175934 0.568187 -0.822725 0.016936
106.029 37.1264 -31.2169 -0.0522074 0 -1.3 0.639349 0.750788 0.165984
106.278 26.6507 -30.2839 0.0436321 0.574575 4.2 0.0460779 -0.636666 0.769762
89.5898 20.6812 -7.21381 0.412253 -0.194923 -0.0210169 0.0562931 0.806882 -0.588025
103.317 42.0332 -31.4465 0.0491447 0 -3.5 0.476945 0.199421 0.856011
91.6233 5.97862 -18.0555 0.403649 0 1.9 0.634886 -0.761481 0.130635
115.898 11.5568 -19.3007 -0.112178 0 -1.14361 0.525512 0.140992 -0.839022
98.2217 27.2089 -36.4815 0.57554 0 -0.864024 -0.954951 0.0804864 0.285642
95.4242 9.70169 9.28581 0.448574 0 -3.9 -0.588334 -0.262165 0.76494
113.277 13.8604 -46.3187 0.425621 0 -0.4 -0.269504 0.611984 -0.743534
108.145 14.2261 -43.2866 -0.095721 0 -0.9 -0.496028 0.196132 -0.845865
133.988 13.3994 -18.9694 0.315129 0 -3.5 -0.434625 -0.1511 -0.887846
130.993 11.4056 -49.5043 0.149872 0 -1.6 0.372506 -0.785059 -0.494895
128.872 19.2676 -39.5448 -0.37156 0 -0.9 0.516489 0.340203 0.785812
114.515 16.3761 -3.48069 -0.0996927 0 3.8 0.130715 -0.143798 0.980936
127.492 8.7625 -44.3415 0.375768 0.114716 -2.90709 -0.111852 -0.966969 0.229042
81.8121 31.5941 -13.4575 0.167495 0 -1.6 -0.6418 0.679015 -0.356415
113.241 14.634 -32.4005 -0.551839 0 -3.2 -0.316621 0.676753 0.664648
129.574 13.5159 -33.6017 -0.0634646 0 -0.8 0.223588 0.133055 0.965559
105.616 8.99025 -18.6345 0.18164 0 -4.5 0.176632 -0.433484 -0.883681
112.985 18.6602 -46.4115 0.808028 0 -4.5 -0.347098 -0.19658 -0.916995
97.7051 41.2146 -42.3734 -0.507359 0 1.8 -0.220002 0.628342 0.74618
98.5686 20.5659 -11.0359 0.204176 0 3.8 0.266615 0.907876 0.323538
106.116 17.3088 -24.4989 0.710624 0 -3.9 0.170487 0.490092 -0.854835
103.498 22.262 -43.6771 0.107489 0 4.5 -0.699908 -0.696825 -0.156729
126.196 15.9631 -27.9697 0.405783 0.240681 -4.5 -0.581117 -0.646384 0.49446
120.924 17.799 -8.52162 0.0763666 0 -0.8 0.990857 0.116791 0.0675377
91.2349 21.5505 3.29737 1.99033 0 -3.9 -0.387212 0.141316 0.911096
129.6 14.224 -52.0494 0.0882561 0 -1.6 0.0628662 -0.0266946 -0.997665
110.709 5.95138 -1.10469 -0.272272 0 3.8 0.212824 -0.692493 0.689318
90.9218 21.2856 -33.0346 0.196979 0 -0.776254 -0.409535 0.058739 -0.910401
98.897 31.3651 -46.2957 0.103149 0 4.2 0.466947 -0.108475 -0.877607
122.238 8.99281 -44.0401 0.461471 0.0107266 1.94735 -0.0673375 -0.974235 -0.21525
107.579 8.382 -16.999 0.0526305 0 -4.5 0.622973 -0.56905 -0.536737
121.724 12.7053 -49.6935 -0.746126 -0.0709287 -4.5 -0.84908 -0.422663 -0.316891
80.986 26.9692 -16.55 -0.555082 0 -3.2 -0.975898 -0.0585611 0.210221
106.405 29.7768 -44.2338 0.7731 0 -3.5 0.317998 -0.0321873 -0.947545
108.866 23.6261 -32.2637 -0.00811134 0 3.82044 0.0899364 -0.314566 0.944965
117.168 3.76631 -14.1179 -0.836361 0 -3.5 -0.33939 -0.807438 -0.482554
127.716 18.0879 -31.6405 0.981717 0.104132 -4.5 0.332925 0.513675 -0.790759
93.144 11.057 6.332 0.427013 0 -3.9 -0.266635 0.474822 0.838719
98.6819 29.8383 -45.7841 0.0796584 0 4.2 0.362373 -0.377582 -0.852125
117.309 26.7026 -43.8546 0.116043 0 1.8 0.330426 0.674562 -0.66014
132.332 12.6934 -34.868 0.860254 0 -0.475724 0.729595 0.32572 0.60133
95.5677 35.8881 -20.6449 0.0265044 0 -0.8 0.903753 0.15266 0.399907
88.3227 11.501 4.17225 -0.93262 -0.0171006 -0.4 -0.0661674 -0.458431 0.886263
108.457 24.4692 -20.8385 -0.128753 -0.045606 -0.8 -0.606402 0.690565 0.394203
93.73 29.628 -34.0239 0.168122 0 -3.5 0.261116 -0.239763 -0.935057
109.391 14.115 -23.738 2.30025 0.337097 -3.9 0.913636 -0.406503 -0.00497219
112.25 9.40494 -18.3293 -0.454094 -0.419373 -0.8 -0.816231 -0.577568 0.0134745
134.819 9.3265 -39.5575 -0.115688 0 -0.7 0.879978 0.43791 -0.184049
90.0045 9.20187 -25.5724 1.02655 -0.0484648 -0.4 -0.3427 -0.15631 -0.92635
77.1279 14.154 -12.0024 -0.155292 0 4.2 -0.665543 -0.741269 0.0870173
109.602 17.4274 -34.8591 -0.539738 0 -0.8 -0.731054 -0.135667 0.668697
87.191 8.6785 3.8215 0.448472 0 -3.5 0.0609579 -0.282876 0.957217
116.524 15.5963 -46.9334 0.637205 0.263528 -3.2 -0.938158 -0.196056 -0.285346
83.1156 15.8658 -3.35906 -0.501521 -0.247688 -1.58652 -0.579585 0.676635 0.454144
105.679 7.80756 -15.0509 -0.0169255 0 -4.5 -0.0933991 -0.971816 -0.216451
112.266 20.9877 -2.10831 -0.411344 -0.662637 -0.8 0.510894 -0.702982 0.494777
109.871 30.0149 -24.0624 -0.917172 -0.0250231 -1.6 0.0149881 0.386539 0.922151
115.27 13.7323 -30.8687 -0.267385 -0.0788251 -0.448525 -0.732486 0.14316 0.66556
102.589 25.0204 -42.7314 0.590372 0 -3.5 -0.870399 -0.397206 -0.290919
88.1921 24.3543 -31.0064 0.0934428 0 -1.6 -0.389151 -0.391378 -0.833897
92.1925 15.994 13.3305 0.185242 0 -4.5 -0.22976 -0.176241 0.957157
102.088 13.1811 12.3696 -1.24539 -0.785466 -0.8 -0.0260436 0.149955 0.98835
108.609 23.3742 -22.7154 -0.373328 0 -1.6 -0.935737 0.352615 0.00772632
90.8449 17.3333 10.3776 0.708861 0 -4.5 -0.263677 0.963473 0.0468425
103.698 18.2661 1.93719 0.180931 0 1.82669 0.908051 0.332857 0.254263
96.1161 22.2778 -9.78381 0.0143202 0 2.8 0.0510834 0.653486 0.755213
105 3.71338 5.38725 -1.98894 -0.47863 -3.5 -0.148528 0.168518 0.974444
131.617 17.295 -48.9574 -0.0752501 0 1.8 -0.603505 0.385826 -0.697796
123.966 16.781 -51.1022 -0.438866 0 -0.9 0.532109 0.106004 -0.840014
134.744 11.1614 -15.074 -0.88291 -0.760456 -3.5 0.309925 -0.233197 0.921719
131.706 23.3994 -44.155 0.77715 0.917346 -4.5 -0.586006 0.270301 0.763894
105.574 37.9374 -33.0446 0.34835 0 -1.3 0.619354 0.696716 0.361921
109.195 25.1017 -26.1939 -0.330266 0 -1.6 -0.231005 -0.48707 -0.842259
100.923 28.0044 -24.9081 0.528417 0 -4.5 0.155523 0.920189 0.359255
106.913 21.1907 -37.2119 -0.463012 -0.222441 -3.5 0.142933 -0.959592 -0.242389
118.518 1.88488 -9.87463 -0.560004 0 -3.5 0.249193 -0.877192 0.41041
77.8477 10.4231 -10.643 0.405956 0.529865 3.8 -0.359091 0.677435 -0.641978
81.8541 25.2969 -26.5849 0.439118 0 -2.91785 -0.923554 -0.0973158 -0.370916
127.419 18.0091 -26.4079 -0.0958386 0 -4.5 0.395068 -0.214514 0.893255
95.2421 30.9944 -37.2311 -0.980692 -0.59478 -0.4 -0.885583 -0.268022 0.379352
82.3771 32.3095 -21.1219 0.369473 0 -1.3 -0.561061 0.762831 -0.321403
136.08 24.9154 -47.2291 0.329163 0 -4.5 0.63122 0.592686 -0.500284
75.296 13.994 -9.958 -0.126521 0 -0.9 -0.60176 -0.280896 -0.747651
87.8576 27.3784 -32.9936 -0.36197 0 1.9 -0.481931 -0.218321 -0.848575
101.878 44.78 -36.071 0.133609 0 -3.9 0.978402 0.186426 0.0892982
113.08 10.6594 -30.2551 0.0599042 0 -3.2 -0.30083 -0.31883 0.898804
102.407 20.59 -19.878 -1.52427 -0.691431 -3.9 0.304278 0.952569 -0.00527212
93.0936 38.5471 -17.6183 0.0209546 0 -0.8 0.014616 0.280955 0.95961
103.32 20.4549 -40.8329 -1.67375 -0.14642 -3.5 -0.151933 -0.814526 -0.559878
108.56 16.0542 -21.6808 0.503013 0 -1.3 0.963581 0.241416 -0.115018
95.3773 33.3246 -16.2952 0.285499 0.0105499 -4.5 0.332211 0.898133 0.288085
83.5472 8.71 -8.29288 0.526539 0 -0.8 0.881141 -0.270763 -0.387656
129.191 17.3893 -29.1127 0.542298 0 -4.5 0.912197 -0.0268799 0.40887
95.5486 14.5603 -23.6884 -0.263186 0 -1.6 0.493998 -0.867699 0.055349
131.608 14.5516 -19.1604 0.195053 0 4.5 0.269613 -0.0767915 -0.959902
113.27 7.33287 -19.0706 0.770095 0.879942 -0.8 -0.397184 -0.816232 -0.419535
113.591 25.7899 -9.64694 0.163024 0 -1.6 -0.409464 0.626131 -0.663551
119.927 31.0781 -37.6432 -0.166133 0 2.21517 -0.48086 0.861197 -0.16466
102.715 33.0073 -13.1336 0.227837 0 -0.4 0.385142 0.899101 -0.208044
96.2146 22.1389 3.04938 -0.180084 0 -2.34541 0.904502 0.348189 0.246254
114.825 11.305 -20.1491 -0.123316 0 -0.8 0.258513 0.294563 -0.920002
108.984 22.4606 -11.7484 -0.0428767 0 -3.5 -0.560666 0.827085 0.0397938
115.632 3.85369 -4.38694 -0.000580649 0 -2.99529 0.166197 -0.503971 0.84758
126.825 19.7022 -35.8483 -0.36238 0 3.8 0.922431 -0.255393 0.289647
90.0606 43.8601 -26.2068 -0.107607 0 -0.7 -0.126015 0.941925 0.311283
112.056 24.2482 -10.8973 -1.1327 -0.138303 -3.5 -0.485874 0.828306 0.27899
109.733 24.1944 -0.786687 -0.679236 -0.276992 -1.60157 -0.122031 0.793804 0.595805
99.8361 18.8843 -22.4757 -0.338316 0 -3.15332 0.147249 0.775233 -0.614273
88.6376 7.61144 -0.22375 0.0198263 0 -3.5 -0.105539 -0.892971 -0.437567
133.703 16.1066 -19.0405 0.0881673 0 -2.77816 -0.392393 -0.380986 -0.837184
131.124 13.4315 -51.4485 0.0324063 0 -1.6 0.400755 -0.337004 -0.851953
103.151 25.112 -28.0068 0.00360193 0.474206 -1.6511 0.890684 -0.375842 -0.255783
101.141 24.775 -22.5089 0.119971 0 4.2 0.231773 -0.937181 0.260716
91.7245 7.14075 4.50075 1.87308 0.130087 -3.9 -0.522583 -0.765036 -0.376335
83.3217 26.0391 -31.121 0.326401 -0.0535385 -0.7 0.0608141 -0.0885772 -0.994211
100.96 46.1309 -35.246 0.26024 0 -3.9 0.73526 0.102457 0.669997
78.6398 31.2534 -10.2514 -0.563852 -0.0904767 -3.5 -0.93453 0.30875 0.176992
117.934 20.5918 -13.3873 -0.121242 0 4.2 0.760987 0.433018 -0.48311
118.342 17.8295 -5.2245 -0.403766 0 0.712705 0.565846 0.261287 0.782015
116.54 33.5568 -36.3206 -0.0665742 0 -0.7 0.759287 -0.0652469 -0.647477
132.543 7.13188 -37.739 0.611192 0.083116 -0.7 0.223888 -0.689411 0.688903
116.81 2.72425 -4.88375 0.0491068 0 -4.5 0.613376 -0.124227 0.77996
120.33 13.7414 -36.8047 0.39578 0 3.8 0.430678 -0.897767 -0.0923626
110.588 9.68981 -35.2606 0.258911 0 -3.2 -0.290749 -0.764385 -0.575483
98.208 42.9209 -30.2934 0.296779 0 -0.7 0.432348 0.863841 0.258562
84.2285 25.3711 -6.60437 3.63201 0 -3.9 -0.651729 0.566454 0.504361
119.823 16.0385 -52.3735 0.00766544 0 -0.9 -0.445717 -0.15585 -0.881503
91.5368 5.18488 -15.1615 0.281988 0.140406 -1.3 -0.197156 -0.879388 -0.433366
100.452 13.614 -19.2595 -0.273925 -0.199621 -1.96607 -0.0698945 -0.425317 -0.902341
124.817 16.0551 -37.7805 -0.178225 0 4.02202 0.956368 0.280622 0.08131
101.869 28.465 -11.9505 0.298645 0 -1.6 0.626902 -0.723398 0.289292
120.892 8.70975 -45.086 0.0676247 0 -3.5 0.233374 -0.929747 -0.284794
79.1062 29.1267 -11.5214 -0.0558858 -0.412052 -3.5 -0.933787 -0.162781 -0.318661
93.2924 20.7488 -32.5215 0.555659 0 -1.61508 0.445211 -0.419368 -0.79115
101.51 36.0606 -48.4152 0.311578 0 -3.9 0.177289 -0.579887 -0.795173
108.373 16.462 -24.1898 1.20404 0 -3.9 0.768184 0.512359 -0.383902
105.079 16.4053 5.73025 -0.0161561 0 -1.3 0.263633 0.658248 0.70513
128.193 16.3861 -49.0035 -1.17503 0 -0.942125 0.10081 0.715543 -0.691256
90.8447 5.02738 -5.13938 -0.0490423 0 -1.6 -0.527775 -0.639894 0.55856
111.952 10.7502 0.484 -0.333474 0 3.8 0.0637412 0.319965 0.945283
110.101 18.6826 -15.0433 0.472763 0 1.8 0.552944 0.692667 -0.463104
99.3625 29.1554 -45.0631 0.0194742 0 4.2 0.382717 -0.47054 -0.795059
120.076 8.95537 -30.8101 0.111295 0 -0.8 0.618799 -0.519129 0.58957
101.557 46.0539 -37.0863 0.348189 0 -3.9 0.951301 -0.252263 -0.177174
81.6996 23.5936 -30.1795 0.545364 0.257826 -2.90237 -0.918877 0.362364 -0.156065
84.3615 39.0081 -31.4468 -1.00065 0 -0.4 -0.639174 0.384666 -0.665949
99.9005 25.9072 2.38581 -1.34297 -0.521422 -3.5 -0.273474 0.948807 -0.158041
93.8405 47.5638 -32.2687 -0.720535 0 -3.5 -0.812406 0.385167 -0.437769
108.469 12.9429 -43.5084 0.159223 0 -0.9 -0.593873 -0.346312 -0.726211
90.2811 16.8121 -30.1454 -0.0258216 0 -0.7 -0.819289 -0.571859 -0.0417515
115.798 21.4422 -46.2574 -0.117896 0 -3.7041 -0.295428 0.566979 -0.768933
133.999 11.8485 -38.7855 0.389041 0 1.8 0.877969 -0.374623 -0.29804
124.811 31.3121 -38.8772 0.025823 0 2.8 0.603834 0.503903 -0.617629
98.6891 29.5549 -19.1456 -0.650135 0 -3.13298 0.880773 0.388525 -0.270716
106.918 22.7471 -3.14178 -0.771104 0 -3.5 -0.271438 0.705466 -0.654705
85.9421 16.4778 1.016 -0.149148 0 -0.7 -0.747366 0.539232 0.388165
108.376 20.367 -36.481 -0.434825 -0.0654207 -3.5 -0.442747 -0.841185 -0.310457
105.807 0.0793125 -1.33344 -0.034968 0 -3.5 0.106327 -0.705593 0.700595
126.791 10.4423 -52.1464 0.18323 0 -4.5 0.584487 -0.048004 -0.809981
132.001 17.7526 -18.9199 0.00517864 0 1.40504 -0.510932 0.168615 -0.842922
82.0938 31.3961 -28.8609 0.0596288 0 -1.35473 -0.434326 -0.514895 -0.739083
90.2676 19.2583 -33.3977 0.0947138 0 -0.7 -0.0138375 0.164433 -0.986291
109.146 5.6015 -11.5104 -0.511534 0 2.8 0.21713 -0.663334 -0.71613
119.345 28.2645 -31.5679 -0.241889 -0.100642 1.96478 0.960982 0.218469 0.16966
112.471 10.1935 -45.9036 -0.702942 0 -0.4 -0.303585 -0.600266 -0.739944
108.565 17.4519 -37.3266 0.435608 0.678323 -0.8 -0.963865 -0.0997789 0.246998
96.3597 17.4105 9.02563 -0.152027 0 -3.5 0.53182 0.523552 0.665628
80.2136 4.94256 -10.2069 0.395995 0 0.255259 -0.036012 -0.594939 0.802963
96.1826 28.9478 -43.8818 0.124099 0 4.2 -0.898553 -0.42705 -0.101149
94.7325 15.4945 12.713 0.33506 0.258876 -4.5 0.55703 -0.302367 0.773493
105.355 2.23375 5.03125 -1.50848 -0.0175111 -3.5 -0.0568499 -0.437664 0.89734
99.5872 36.4606 -48.4897 0.218611 0 -3.9 -0.319273 -0.218356 -0.922163
84.4307 32.0137 -10.6958 0.588373 0 -1.6 -0.17844 0.481921 0.857853
86.7366 -0.0965 -12.9876 0.720716 0.315177 -4.5 0.352622 -0.847208 0.397361
83.8714 1.87425 -8.16775 0.335791 0 -0.4 -0.664622 -0.654975 0.359563
99.733 39.8853 -41.3213 -0.00196049 0 1.8 0.207942 0.359351 0.90974
101.885 19.4469 -23.4149 -0.382193 -0.0770995 -3.19583 -0.733815 0.42054 -0.533536
114.868 5.42137 -16.3428 -0.0189417 0 -3.5 -0.435205 -0.60712 -0.664832
101.772 19.6154 -35.6321 -1.50011 -0.512711 -3.34206 -0.270583 -0.785816 -0.556127
108.965 13.7141 -39.3715 -0.610714 0 -0.9 -0.578583 -0.657053 0.483243
126.746 8.57056 -14.1482 -1.4751 -0.152723 -3.5 -0.250754 -0.954679 -0.160342
117.339 33.1332 -23.6157 -0.0971711 0 3.8 0.406189 0.299235 0.863406
120.583 11.835 -39.3259 0.375893 0 3.06005 0.389463 -0.460392 0.79772
100.307 39.7691 -46.9577 1.12259 0.614282 -3.9 -0.514113 0.604087 -0.608907
103.587 41.9126 -39.2643 -0.120958 0 2.8 -0.558109 0.570955 -0.6021
111.6 20.1413 -31.7527 -0.42823 -0.385116 3.02753 -0.613758 -0.401374 0.679853
86.102 16.7645 -2.7825 0.683725 -0.705629 -0.684306 0.09895 0.830519 0.54813
94.2255 31.5518 -38.3452 0.442756 0 3.8 -0.707106 -0.376234 0.598707
93.5851 16.8546 -28.4443 0.0232085 -0.629338 -3.37448 0.493638 -0.182641 -0.850273
103.251 14.0335 7.50619 0.164729 0 -1.3 0.796004 0.333436 0.505171
136.674 14.6375 -41.7142 -0.3744 -0.105563 -3.5 0.848537 -0.500906 -0.170524
80.7846 12.7919 -5.24788 0.179936 0 -0.9 -0.52339 -0.696035 0.491527
114.9 35.4409 -40.0634 -1.20453 0 -3.5 0.8447 0.292116 0.448498
102.679 20.2994 -18.7033 -0.688822 -0.000423637 -3.82891 0.395987 0.889214 -0.229113
97.3526 47.1119 -31.775 -0.256708 0 -3.5 0.936108 0.350659 -0.0271933
127.712 20.2256 -37.0228 -0.111542 0 3.8 0.891824 -0.182741 0.413831
88.1831 11.3158 -25.1824 -0.667717 0 1.8 -0.280493 -0.463273 -0.840655
97.6091 38.3709 -27.1665 -1.65094 -0.224298 4.2 0.847235 0.240327 0.473746
102.728 26.1141 -21.8036 0.999653 0.928483 -4.5 -0.0795177 0.166763 0.982785
83.8605 19.547 -28.5585 -0.501686 -0.402065 -3.5 -0.519951 -0.725693 -0.450578
101.973 14.526 11.3715 -0.962074 -0.631872 -0.8 0.204464 0.713109 0.670575
95.5188 6.04594 8.41138 0.518947 0 -3.5 -0.537343 0.302779 0.787139
86.8614 4.63569 -20.4894 0.261864 0 1.9 0.294677 -0.944808 0.14319
105.55 12.932 -19.2381 0.244354 0 -1.3 -0.965956 0.248192 0.0730095
113.619 20.6871 -46.9245 1.21365 0 -4.5 -0.119399 0.303491 -0.945324
76.1278 23.3949 -18.1251 0.00734934 0 -0.7 -0.856212 -0.150146 -0.494325
91.0024 44.4456 -36.2476 2.94209 0.166519 -3.9 0.344805 0.43875 -0.829824
121.655 13.2483 -33.828 0.411211 0 2.77038 -0.0119331 -0.971075 -0.238474
80.8126 20.9715 -7.29938 -1.5302 -0.651472 -1.3 -0.231324 -0.58577 0.776765
83.7644 9.27787 -4.81337 0.439291 0 -0.8 0.285509 -0.807867 0.515593
116.73 20.9277 -47.3736 -1.58159 -0.00359717 -3.5 -0.920533 0.175628 -0.348961
112.458 22.7129 -14.4476 -0.09141 0 -3.5 0.624752 -0.0565176 -0.778775
95.7872 48.3059 -32.808 -0.498426 0 -3.5 0.339647 0.804573 -0.487136
91.5928 32.7136 -12.8271 0.416675 0 4.2 0.0649558 0.879853 -0.470786
93.1101 12.0021 -24.9521 -0.853611 0 4.2 0.753455 -0.647704 -0.113072
104.293 23.2579 -4.9255 0.390251 0 -1.03406 0.807487 0.484537 0.336436
98.897 2.205 3.2665 -0.00578014 0 -0.4 -0.0830522 -0.862524 -0.499154
106.29 30.5591 -25.3745 -0.547604 0 -3.01473 -0.0162638 0.657503 0.753276
107.749 7.31425 -15.9534 0.929519 0.713925 -4.5 0.360076 -0.880743 -0.307632
111.415 12.7188 -31.0986 0.0248039 0 -3.2 -0.307864 0.235476 0.92183
90.1673 45.1846 -33.7221 2.50521 0.603738 -3.9 -0.360966 0.817794 0.448237
131.133 11.2353 -14.5691 -0.581668 -0.00424023 -0.27413 0.0331798 0.171233 0.984672
99.4754 23.4239 -5.87362 0.43469 0 -0.4 -0.505225 0.862981 -0.0034039
98.7175 22.5241 -6.99237 -0.0847884 0 -0.4 -0.428543 0.815495 -0.388997
123.678 11.3638 -6.97875 -0.161353 0 1.02647 0.653131 -0.561851 0.507684
87.2012 24.7242 -7.25609 3.56582 0.33606 -3.9 0.871803 0.306919 0.381785
111.867 6.00425 -2.3525 -0.220499 0 3.8 0.395101 -0.900364 0.18232
85.0201 7.53988 -10.7822 0.849702 0 -1.6 0.0328657 0.393435 0.918765
85.1113 26.829 -31.154 0.738493 0 -0.7 -0.136102 -0.260134 -0.955932
103.028 23.4911 -23.753 -0.118363 0 -4.5 -0.856223 -0.465592 0.223845
120.735 26.2868 -42.2381 0.228636 0.223669 4.2 0.232237 0.509782 -0.828365
84.0001 20.1778 -31.2504 0.337633 0 -3.5 -0.416518 -0.712064 -0.565223
111.6 8.19625 -44.2788 0.126446 0 -3.9 -0.256186 -0.213704 -0.942708
103 33.55 -16.0228 0.0650822 0 -1.6 -0.0510782 0.998143 -0.0331928
85.027 1.456 -8.7365 0.661225 0 -0.4 -0.000686705 -0.997981 0.0635154
78.9929 35.5889 -24.9454 0.0637847 0 3.8 -0.286622 0.91416 0.286636
102.129 49.0264 -36.9657 1.90692 0 -3.9 0.988942 0.12364 0.0818905
136.717 10.5257 -17.9105 -0.313066 0 -3.5 -0.0630323 -0.983689 -0.168469
110.574 16.2506 0.143562 -0.250496 0 -3.5 0.902799 0.0942478 0.419609
74.9732 13.0828 -22.5816 0.282074 0 -0.7 -0.703058 -0.668035 0.243802
118.158 32.888 -33.8894 -0.100399 0 3.8 0.465345 0.80076 0.377144
82.4922 18.9538 -27.3542 -0.18574 0 -3.5 -0.327572 -0.155554 -0.931933
92.9201 47.1538 -30.1141 -2.27252 -0.0148619 -3.5 -0.886231 0.452898 0.097359
119.601 20.505 -26.6973 0.0369786 0 -0.8 0.331988 -0.147109 0.931742
136.792 21.6841 -43.7764 -2.00824 -0.518713 -3.5 0.256183 0.362867 0.895934
137.453 12.2282 -20.1309 0.375529 0.419565 -3.5 0.162592 -0.0215232 -0.986459
109.643 13.6621 2.57888 -0.645799 -0.392306 -3.32415 0.897641 -0.429495 0.0988638
118.25 23.2114 -50.7936 -2.69102 -0.490357 -3.5 0.0118125 0.295933 -0.955136
106.647 36.1941 -39.7899 -0.220907 0 -1.11489 0.703087 0.390576 -0.594238
87.7459 2.23875 -9.8435 0.80656 0 -3.96788 0.339828 -0.844573 0.413778
114.093 0.699687 -9.38569 0.86327 0 -4.5 0.603208 -0.548785 -0.578771
84.3529 36.9412 -31.549 -0.209308 0 -0.849473 -0.784894 0.139538 -0.603714
117.38 10.5796 -2.68688 -0.100006 0 4.5 0.373298 0.554824 0.743518
99.0834 28.5331 -22.4293 -0.117671 0 3.83633 0.677784 0.721552 -0.141325
100.198 38.1151 -39.15 -0.508937 -0.0688182 -1.89396 -0.403083 0.83855 -0.366549
123.106 12.1335 -36.614 0.296521 0 4.2 -0.720594 -0.692025 -0.0429704
74.583 12.9987 -17.6241 0.504848 0.674651 1.8 -0.315977 -0.878047 0.359433
91.103 27.6056 -34.8806 1.14204 0.769015 -3.5 -0.23823 -0.195075 -0.951416
99.3248 42.4845 -31.2031 -0.238892 0 -1.98076 0.316328 0.851119 0.418966
91.0743 12.101 5.98737 -0.425377 -0.425259 -4.5 -0.309893 -0.802944 0.509164
87.824 38.729 -32.8341 0.407105 0 -3.5 -0.484674 0.760855 -0.431498
106.16 42.6939 -38.3627 -0.0829876 0 2.8 0.684382 0.686491 -0.245663
109.295 26.4393 -29.7167 0.0335692 0 -0.910976 -0.511544 -0.793037 0.330781
113.596 10.3934 -0.14975 -0.387264 0 0.204092 0.491435 0.195465 0.848696
98.9161 38.4027 -46.585 0.742496 0 -3.08137 -0.65678 0.389469 -0.64572
82.7186 22.9436 -6.9255 0.137426 0 -3.9 -0.425209 0.171586 0.888682
128.23 12.1869 -51.0446 0.377064 0 -1.6 0.227174 -0.483996 -0.845068
103.071 21.353 -15.1635 -0.160505 0 -3.5 0.612071 0.790515 0.0213578
84.5458 5.2745 -17.5479 -0.804281 0 1.9 0.00256038 -0.853067 0.521795
89.131 6.962 -25.216 1.60771 0 -0.4 -0.193468 -0.702773 -0.684602
84.5633 34.5915 -22.8676 -0.297121 0 -0.4 -0.329245 0.930985 0.157685
110.644 37.8553 -33.9575 0.0177373 0 -0.4 -0.0790902 0.921249 0.380847
98.3084 32.7762 -14.7176 -0.394854 0 -3.5 0.113674 0.932393 -0.343106
108.747 24.9093 -2.24012 -0.284707 0 -0.8 -0.584003 0.794461 0.166651
111.768 9.22594 -44.7268 -0.747126 -0.100233 -0.4 -0.285402 -0.581718 -0.761676
86.9866 41.4842 -28.1716 0.0481844 0 -0.668748 -0.677668 0.623405 0.390042
117.279 32.5347 -32.7248 -0.0899896 0 3.8 0.606404 0.582195 0.541593
128.184 19.306 -27.309 -0.067792 0 -4.5 0.710844 0.0127862 0.703234
104.993 19.7715 -35.5855 -1.46184 0 -3.5 0.492813 -0.670362 -0.554752
75.7517 14.8953 -4.36969 0.119655 0 -0.9 -0.220023 0.0416204 0.974606
89.3336 19.1433 -9.49575 1.07131 0.210434 2.30874 -0.308076 0.907696 0.284916
128.53 15.8119 -19.7861 -0.0355256 0 4.5 -0.17809 0.359422 -0.916024
108.312 20.2418 -34.3694 -0.0318795 0 -3.5 -0.169061 -0.970182 0.173683
118.961 8.3585 -2.87706 -0.068343 0 4.5 0.787046 -0.0560824 0.61434
101.672 5.05925 -11.0253 -1.19145 0 4.5 -0.342475 -0.860598 -0.376937
85.2063 10.0588 -25.6404 0.120111 0 -3.5 0.0804143 0.0673794 -0.994482
100.046 35.3676 -27.0576 -0.0840283 0 -0.7 0.485424 0.646617 0.588431
77.3574 31.2337 -24.7675 0.602299 0 -1.10526 -0.940201 0.337116 -0.048722
95.3438 20.5819 -32.0668 0.561021 0 -3.9 -0.406596 -0.515701 -0.754143
132.602 11.9163 -14.4765 -0.638363 0 -3.5 0.21263 0.082865 0.973613
118.557 7.27469 -32.6427 0.117684 -0.657452 -0.8 -0.103392 -0.964055 0.244763
91.6039 7.63969 -19.1269 0.163799 0 1.9 0.896303 0.186128 -0.40249
96.7591 29.0002 -38.0995 0.250495 -0.0464474 -0.541595 -0.879823 -0.380883 0.284323
133.388 20.1746 -18.4454 -0.126772 0 -1.6 -0.388671 0.912584 -0.126986
71.3519 18.4061 -18.8101 -0.053049 0 -0.4 -0.848006 -0.0539942 -0.527229
102.527 24.6464 -22.5432 0.0347971 0 -4.5 -0.336689 -0.659678 0.671911
109.606 23.4475 -44.3846 0.0283932 -0.295221 2.31668 -0.236393 -0.132293 -0.962609
110.931 -0.1445 -9.78275 0.086633 0 -0.4 0.187878 -0.567377 -0.801739
95.8467 41.1898 -22.9942 0.0935812 0 -1.6 0.618984 0.445923 0.646539
93.9457 21.523 -5.56663 0.595535 0 -3.5 -0.0904424 0.981252 -0.170189
107.47 16.4 -41.0168 -0.080107 0 -0.9 -0.942902 0.294652 -0.155296
117.065 34.3784 -27.3769 -0.0505915 0 3.8 0.864936 0.232818 -0.444615
112.089 37.4412 -42.1312 -1.968 -0.110415 -3.5 -0.213482 0.480366 -0.85069
83.8175 22.375 -32.3575 1.01505 0.713657 -3.5 0.254224 0.230048 -0.939387
92.3196 26.2486 -9.27437 -0.244915 -0.0110031 -3.78037 0.142959 -0.777707 0.612156
122.79 15.543 -19.4167 0.0482912 0 -1.6 -0.229614 0.588017 -0.775573
118.963 19.1143 -12.5121 -0.281007 0 4.2 0.787964 0.402664 -0.465805
105.173 24.4564 -46.3435 0.138966 0 4.5 0.125339 0.386928 -0.913552
99.9011 1.70162 -2.25156 0.234141 0 -3.9 -0.62084 -0.578583 0.52896
105.395 24.3056 -22.7518 0.305588 0.939877 -4.5 0.623864 0.264683 0.735348
103.289 20.6262 -20.5248 0.21519 -0.616964 -2.60096 -0.225239 0.86561 0.447199
104.708 29.6879 -22.4872 0.0144675 0 -3.5 -0.831277 0.537697 0.140923
91.1332 11.4775 4.7195 -0.812615 -0.439539 -0.8 -0.626179 -0.433375 0.648141
120.264 5.59206 -12.6486 -0.656596 0 -1.42581 0.836768 -0.5005 -0.22208
98.1696 8.81694 10.2847 0.697532 0.613237 1.8 -0.0714468 -0.985912 0.151236
119.911 25.233 -44.8921 -0.0503764 0.58106 -3.5 0.225474 0.928068 -0.296397
107.295 0.4115 -1.09569 -0.7791 0 -3.5 -0.0424163 -0.361993 0.931215
137.803 17.6159 -45.8714 -1.38209 0 -3.5 0.882593 -0.106872 -0.45783
101.454 28.8346 -26.4576 -0.459163 0 -4.5 -0.137591 0.773072 0.619216
82.847 36.635 -13.662 -0.629525 -0.0672555 -3.5 -0.792926 -0.330627 0.511815
136.924 16.286 -40.4946 0.210644 0.248499 -3.5 0.720762 0.412314 0.557225
112.168 34.3311 -28.5305 -0.169927 -0.000980977 3.8 0.35193 0.931945 0.0873163
135.474 17.4146 -49.7131 -0.0867027 0 1.8 0.915625 0.212232 -0.34145
74.6946 19.9959 -22.9546 0.538286 0 -0.8 -0.676733 0.735709 0.0276414
76.9418 9.72956 -17.2203 -0.572816 0.352339 -1.3481 -0.737518 0.103207 -0.667395
88.8625 14.9561 9.89544 0.873031 0 -4.5 -0.981688 -0.0808535 -0.172488
128.263 10.0641 -11.7854 -1.81953 -0.174282 -3.5 0.484283 0.0817705 0.871082
113.77 31.7024 -24.1549 -0.0112988 0 3.8 0.0950038 -0.310219 0.945906
111.779 0.052 -2.31 -1.71599 -0.699922 -3.5 0.839332 0.033303 0.542598
103.747 -0.615188 -3.03956 0.525568 0 -3.5 -0.359868 -0.922693 -0.13832
100.013 24.3709 -27.8097 -0.127499 0 -4.5 -0.0406998 -0.95505 0.293639
102.591 5.79844 3.94744 0.179938 0.552991 3.8 0.522924 -0.123847 0.843334
125.661 21.0171 -45.8714 -0.0290586 -0.504847 -0.9 0.604495 0.720795 -0.339177
125.747 10.0781 -36.6576 0.279733 0 4.2 -0.210557 -0.974508 0.0774614
93.6326 3.2365 -8.51606 -1.23234 -0.355634 -1.3 0.250024 -0.716546 -0.651191
109.843 23.3227 0.286 -1.43166 -0.22566 -2.9088 0.222189 0.306346 0.925626
106.562 10.787 5.24463 0.0587373 0 -1.3 0.416891 -0.57875 0.700893
114.855 31.9614 -28.9121 0.0741866 0 3.21119 0.931303 -0.350718 -0.0983461
104.986 32.505 -16.058 0.0778359 0 -1.6 0.638296 0.76922 -0.0296605
101.8 40.4291 -44.6319 1.77447 0.135533 -2.54211 0.341749 0.807738 0.480382
122.119 15.8505 -8.38375 -0.136677 0 4.2 0.426488 0.902918 0.053352
109.885 30.7381 -42.5243 -0.143326 0 4.2 0.107821 0.652479 -0.750097
98.02 31.4097 -19.9573 -0.789386 0 -0.8 0.963288 0.213269 0.163071
96.1417 32.8549 -15.6429 -0.133704 0 -3.59571 0.383074 0.923681 -0.00821629
97.8943 44.1692 -33.8105 0.0601536 0 -3.5 0.710264 0.349046 0.611303
106.197 24.1267 -30.5124 -2.98652 -0.224441 4.2 0.10429 -0.164759 0.980805
86.8624 17.0172 2.36981 -0.210088 0 -0.7 -0.892705 0.384509 0.235012
106.798 32.4731 -42.8683 0.48689 0.798723 -3.21187 0.684183 0.335266 -0.647681
125.083 22.8924 -44.168 -0.00937308 0 1.8 0.638026 0.760849 -0.118456
86.921 35.7738 -35.2842 0.666044 0.626056 -3.5 -0.861847 -0.0765197 -0.501363
88.916 21.6969 -5.81419 0.480494 0 -3.7217 0.452388 0.733987 -0.506564
117.41 5.54278 -2.61269 -0.179668 0 4.5 0.410217 -0.718886 0.561182
93.3381 42.2686 -35.6171 0.39714 0 3.8 -0.188513 0.156922 -0.969453
81.759 4.173 -9.92775 0.691531 0 -0.4 -0.603245 -0.331405 0.725442
106.626 21.1604 -23.9783 -0.39966 -0.171024 -0.515771 0.363798 -0.190079 -0.911878
108.365 22.2913 -14.1848 0.0324289 0.183895 -2.07649 -0.308765 0.89721 -0.315719
81.3791 2.744 -11.2697 0.099363 0 -0.4 -0.508779 -0.706972 0.491259
125.209 15.5746 -18.3197 -0.0897224 0 -1.6 0.442066 0.741251 -0.505098
86.5125 39.5194 -26.3962 -0.1758 -0.2616 1.8 -0.138108 0.892589 0.429198
112.01 20.455 -30.443 0.114385 0.131393 -0.7 -0.812808 -0.55705 0.170409
122.87 17.3183 -15.6233 -0.729333 -0.247714 -0.7 -0.18024 0.893614 -0.411056
117.505 31.4395 -23.9423 -0.127317 0 3.8 0.614232 -0.528933 0.585618
99.2985 20.7505 -30.4234 -0.048149 0 -3.9 0.524708 0.093676 0.846112
74.7524 10.147 -8.03788 -0.120661 0 3.8 -0.912634 -0.0611494 0.404179
115.79 14.3433 -4.617 -0.08333 0 1.8 0.394813 0.00961034 0.918711
93.7594 2.69375 3.03919 -0.171924 -0.147402 -0.8 -0.775841 -0.178775 0.605071
111.631 37.6804 -35.6743 -0.157766 0 -0.4 0.35979 0.855785 -0.37173
113.849 36.0933 -39.2991 -0.863059 0 -3.5 0.409136 0.655651 0.634609
78.6796 21.7509 -13.0049 0.346422 0 -0.7 -0.0899252 -0.647221 0.75698
94.2745 30.7389 -9.38787 0.955373 0 -4.5 0.147782 0.340546 0.928541
124.822 22.2084 -33.3341 0.470194 0 3.8 0.820917 0.148975 0.551273
101 29.7154 -17.9444 0.000276202 0 -1.6 0.0280959 -0.346 -0.937814
114.521 29.1516 -42.2204 -0.384301 -0.846773 4.2 -0.245947 0.47938 -0.84244
108.929 3.85631 0.192312 -0.431593 0 -0.7 0.604282 -0.0913361 0.791518
134.63 14.6356 -19.5268 -0.314867 -0.151137 -3.5 -0.581631 -0.188272 -0.791365
96.6765 29.6874 -41.0209 0.348821 0.612591 -0.7 -0.71595 -0.673195 -0.184998
90.4744 33.4029 -12.0816 0.192469 0 4.2 0.170329 0.974845 -0.143753
88.8239 14.1731 7.75875 0.242845 0 -2.76656 -0.888607 -0.0350361 0.457329
118.116 8.62656 -34.8773 0.6709 0 -0.8 0.0612862 -0.484863 -0.87244
89.4378 21.9401 -0.933 0.777791 0 -3.9 -0.997698 -0.0174125 -0.0655367
109.153 31.9917 -41.6968 -0.930484 -0.113024 -1.6 -0.0164433 0.504695 -0.863141
127.233 14.3615 -14.9085 -0.891116 0.212013 2.39827 0.244015 0.65295 0.717017
101.916 20.6658 -37.4673 -0.147239 0.00387666 -3.39805 -0.0946953 -0.916097 -0.389614
77.5665 22.4032 -24.8505 0.299679 0 -0.8 -0.203231 -0.359829 -0.910615
98.5871 22.8007 -12.2681 0.112617 0 3.8 0.839457 -0.156641 0.520361
104.89 16.1861 -24.8439 0.292652 0 -3.9 -0.436026 -0.0488599 -0.898607
86.6338 35.1753 -13.6463 0.442335 0 -3.5 0.864829 0.0309818 0.501109
94.0744 13.1978 -22.0174 -0.746525 -0.743964 2.10588 0.596703 -0.727955 -0.33768
87.3056 2.50494 -13.9126 0.942263 0 -4.5 0.393946 0.101942 -0.913463
102.479 40.5863 -47.7134 3.1003 0 -3.9 -0.0301814 0.701027 -0.712496
101.767 14.0099 -18.8277 -0.416602 -0.265193 -1.4412 0.68816 -0.144064 -0.711113
86.6097 11.3876 -25.5356 0.00107707 0 1.8 0.202074 -0.522319 -0.828462
131.191 8.3145 -36.3687 0.196319 0.119134 -0.757062 0.559472 -0.596313 0.575675
101.851 27.1286 -22.881 0.793149 0.619377 -4.5 0.256188 0.871549 0.418055
124 23.518 -29.0877 0.652893 0 -4.5 0.859408 0.331557 0.389214
92.1768 44.4308 -27.194 0.206085 0 -3.5 -0.785462 0.614762 -0.0715292
128.115 13.5561 -19.0911 -0.114351 0 4.5 -0.386705 -0.429189 -0.816245
77.7102 6.4945 -14.3469 -0.409678 0 1.8 -0.855163 -0.510042 -0.0924876
86.837 9.966 -7.506 0.857786 0 -1.6 -0.799817 -0.600242 -0.00175195
131.055 14.6147 -51.4518 0.0358323 0 -1.6 0.454722 0.255304 -0.853257
103.335 -1.66681 -9.2425 -0.285054 0 -3.5 -0.298636 -0.51606 -0.802807
121.573 7.21656 -13.1816 -0.699956 0 -3.5 0.50664 -0.858076 -0.0837946
79.5718 18.7596 -9.89881 0.0132897 0 1.92351 -0.761947 0.580784 0.286579
75.5658 11.5391 -23.865 0.23083 0 -0.7 -0.706905 -0.669699 0.227569
86.0649 17.7239 -3.57987 1.25779 0.300567 -2.06126 0.0488516 0.374141 0.926084
84.6745 0.308 -12.565 0.0376729 0 -4.5 -0.254634 -0.845019 0.470217
94.5929 19.2199 -27.4491 -1.47339 0 -1.0134 0.477913 -0.420687 -0.771117
109.772 24.0851 -14.2156 -0.0092127 0 -3.5 -0.771716 0.632334 -0.067876
98.1489 29.7973 -35.0476 0.0837811 0 0.320713 -0.781662 -0.59047 0.200871
124.988 9.202 -44.4827 0.572994 0.684989 -3.5 -0.0798851 -0.944446 -0.31881
76.906 29.6691 -22.2989 -0.321705 -0.33207 -3.5 -0.933508 0.226679 0.277813
103.968 33.0141 -25.8647 -0.681094 0 -2.93941 -0.544943 -0.154639 0.82409
118.879 6.62012 -2.89363 -0.163907 0 4.5 0.832207 -0.359124 0.422448
119.621 21.9276 -8.2925 0.588134 -0.592881 -0.8 0.293621 0.743858 0.600384
125.661 20.5523 -33.2116 1.29614 0 3.8 0.618064 0.2333 0.750712
93.812 24.6916 -33.4496 0.308932 0 -0.639393 0.147078 0.0284027 -0.988717
99.7609 31.2409 -26.8373 -0.451455 0.0433815 -0.810904 0.433823 -0.498151 0.750762
82.6223 2.611 -9.83062 1.00585 0 -0.4 -0.648287 -0.616056 0.447435
118.69 4.23163 -8.15162 0.00080513 0 -3.5 0.69563 -0.50293 0.512991
128.443 5.2875 -48.9567 0.482314 0 -4.5 0.827513 -0.488893 -0.276054
117.955 3.24025 -8.03625 0.113205 0 -3.5 0.722871 -0.519598 0.455495
90.403 25.0182 -9.98063 1.50314 0.851715 3.8 0.262975 -0.330206 0.906536
115.185 28.1849 -43.167 -0.426125 -0.0733695 4.2 0.154132 0.644867 -0.748592
93.8968 18.612 -28.6514 -2.54927 0 -3.5 0.863924 -0.391467 -0.316843
107.928 29.5824 -23.3845 -0.0867338 0 -3.5 0.320455 0.848629 0.420877
107.394 25.4275 -45.6735 -1.38498 -0.335353 4.5 0.190683 0.261993 -0.946044
109.546 19.4658 -20.0701 0.202101 0 -0.8 0.814784 -0.573743 -0.0833404
111.387 1.63637 -11.972 0.214018 0 -4.5 -0.123468 -0.756841 -0.641832
112.829 22.9414 -20.6312 0.136015 0 -1.6 0.217115 -0.446998 0.867787
119.438 28.5921 -29.3029 0.0237498 0 -0.8 0.536946 0.770531 0.34347
92.9269 7.43988 2.89963 1.33142 0 -3.9 -0.893164 -0.441268 -0.0868377
97.5189 26.9463 -0.3415 -1.54801 0 -3.5 0.74195 0.660481 0.115218
86.2669 9.41525 -10.5645 1.17174 0 -1.6 -0.494722 -0.0088336 0.869007
137.087 15.7036 -42.8133 -0.834734 -0.734521 -3.5 0.713323 -0.697983 0.0631754
97.1247 40.8753 -37.5682 0.268256 0 3.8 0.10072 0.148122 -0.983827
127.962 14.5133 -32.0585 0.309733 0 -4.29092 0.794815 -0.60627 0.0265696
100.598 41.7965 -31.1041 -1.93757 0 -3.5 0.291856 0.275727 0.915857
93.7325 33.583 -13.9058 0.594424 0.0356162 -4.5 -0.528191 0.74271 -0.411577
81.9346 2.15925 -20.8846 0.458222 0.0776986 -3.5 -0.0954021 -0.945723 0.310654
87.3814 33.174 -12.2009 0.277537 0 4.2 -0.0592557 0.949073 0.309434
84.627 15.5435 -28.0889 -0.675433 0 1.8 0.234884 0.487727 -0.840804
76.2766 10.6313 -15.0091 -1.01097 0 -3.5 -0.823046 0.567783 -0.0147799
135.245 12.9444 -38.0934 -0.0553869 0 1.8 0.914782 -0.394595 0.0864267
84.3839 4.02938 -18.6155 -1.5107 -0.115005 1.9 0.233346 -0.86506 0.444095
100.511 4.852 -8.36975 -0.0738892 0 1.9 -0.289469 -0.684806 -0.668766
74.6042 14.46 -5.308 0.00346797 0 -0.9 -0.762878 -0.244871 0.598377
109.023 10.2198 -19.1055 -0.619121 -0.851557 -1.3 0.132993 -0.753207 -0.644199
91.6509 2.97213 -5.851 -0.454847 0 -1.3 -0.934705 -0.319593 -0.155523
91.2395 31.4454 -9.87763 -0.00769276 0 4.2 0.205637 0.794361 0.57158
84.8476 26.2687 -7.38225 3.41781 0.000436978 -3.9 -0.343763 0.719978 0.602875
93.3285 15.3954 13.2615 -0.231874 0 -4.5 0.118683 -0.427088 0.896387
103.712 25.8951 -4.95806 -0.106835 0 1.8 0.498068 0.484924 0.718872
82.5825 13.949 -28.2745 -1.82148 -0.707303 -3.5 0.0177545 -0.736093 -0.676648
82.965 24.0237 -8.05781 0.594501 0 -2.39411 -0.476282 0.51354 0.713746
72.4112 14.1082 -19.0671 -0.114195 0 1.8 -0.964391 -0.255386 0.0687571
82.3199 32.1965 -31.1993 -0.0391988 -0.535995 -0.8 -0.348758 -0.829198 -0.436805
92.7897 17.4473 -32.1188 0.0655053 0 -0.7 0.70172 -0.673281 -0.232985
94.7115 6.182 -15.0057 -0.479608 0 -1.3 0.635626 -0.682168 -0.361422
113.915 7.81525 0.422375 -0.241908 0 3.8 0.428147 -0.371743 0.823709
76.7011 8.13762 -11.8325 -0.474596 0 2.37013 -0.868259 -0.457347 -0.192247
73.9851 14.3448 -16.375 0.0191857 0 1.8 -0.593277 -0.672078 0.443094
101.72 22.9181 -9.161 -0.220204 0 1.8 -0.514019 0.138473 -0.846528
105.082 32.1685 -44.2015 -0.440637 0 -3.5 0.226891 0.511248 -0.828943
91.1911 9.91069 4.71456 1.34975 0.128032 -3.9 -0.816733 0.215676 0.535193
111.073 3.83706 -2.76425 0.229374 0.1931 -0.7 0.900088 0.164269 0.403556
113.855 25.1964 -5.75075 0.116044 0 -1.17487 0.552211 0.108633 0.826597
92.0001 17.434 13.1767 0.637594 0.206461 -4.5 -0.407308 0.550314 0.728872
100.256 20.0131 -21.4281 -0.479876 0 -3.9 0.0968394 0.590779 -0.801001
126.318 21.6965 -43.9022 0.0127309 0 -0.9 0.433185 0.865044 -0.253082
85.4136 9.8995 4.13419 0.0903579 0 -3.5 -0.324419 0.171832 0.930175
95.0305 42.8488 -24.3756 -0.642587 -0.157376 -2.36617 0.894069 0.225359 0.387109
88.8686 18.1785 -28.5516 0.279589 0 -1.02567 -0.540268 -0.652636 -0.531204
81.6474 10.0787 -4.53956 -0.325047 -0.98285 -0.8 -0.757334 -0.101655 0.645068
90.9036 29.2383 -34.5064 -0.629423 -0.589338 -3.5 -0.579124 0.0289564 -0.814725
111.871 19.0234 -32.4759 -1.05763 -0.0379553 3.8 -0.285575 -0.790735 0.541466
101.2 30.5996 -27.5599 -0.632009 0 -3.2 0.00290515 -0.18438 0.982851
116.239 9.4735 -31.3027 0.434058 0 -0.8 -0.430404 -0.794988 0.427489
98.3719 16.5489 8.56913 -0.254914 0 -3.2572 -0.0701498 0.744182 0.664284
123.226 13.4973 -31.6069 -0.129911 -0.214158 -4.00842 0.317592 -0.620349 0.717149
113.702 -2.09512 -5.511 0.207438 0 -4.5 0.13448 -0.758071 0.638156
97.6409 30.7754 -23.8459 -0.402655 -0.488381 3.25236 0.94293 -0.306016 -0.131293
112.067 6.8595 -39.9154 1.61331 0.460944 -3.9 0.162375 0.000667907 0.986729
103.902 39.7663 -32.8801 0.474392 0.219069 -3.5 0.802617 0.113201 0.585655
113.604 25.3162 -21.1682 0.131584 0 -1.6 0.374988 0.746395 0.549799
101.438 26.1208 -7.07281 -0.119819 0 1.8 -0.408782 0.857349 -0.31281
101.707 1.22588 4.09412 0.336015 0.0291325 -3.16566 -0.157056 -0.933519 0.322297
94.783 14.5454 8.24656 0.0163032 0 -3.5 -0.450094 -0.892424 -0.031534
76.4214 9.36213 -21.8237 -0.280931 0 -0.7 -0.875785 -0.4769 -0.0746057
99.8669 32.5765 -25.498 -0.426574 0 -0.7 0.703066 -0.479318 0.525313
82.7848 35.1063 -15.1804 -0.0951738 0 -3.5 -0.947524 -0.295892 0.121022
108.12 2.00912 -11.3193 0.671453 0.137004 -3.76231 -0.226816 0.204111 -0.952309
98.2165 29.8184 -22.6971 0.122008 0 -0.8 0.869383 0.173801 -0.462566
104.546 26.4194 -44.8595 1.31151 0.449304 4.5 0.0315103 0.371819 -0.92777
101.029 47.4081 -35.2601 0.566821 0 -3.9 0.567671 -0.104783 0.81656
101.728 50.3047 -36.177 2.72125 0 -3.9 0.618678 0.666071 0.416637
126.109 15.4447 -17.0457 -0.867477 -0.134124 0.912888 -0.105223 0.993896 0.0331531
96.551 23.873 -3.6995 -0.418477 0 -3.5 -0.182213 0.296303 -0.937551
128.42 14.684 -32.9896 -0.112839 0 4.2 0.814713 -0.0216637 0.579459
90.91 15.272 -29.8955 0.0555292 0 -0.7 0.358658 -0.302606 -0.883059
87.06 35.7105 -16.3018 -0.00192579 0 -3.5 0.961991 0.27025 -0.0392159
90.9318 24.6186 -33.3042 0.429902 0 -1.6 -0.4888 -0.184041 -0.852762
114.545 11.6936 -0.716563 -0.738116 0 -0.8 0.763742 -0.120199 0.634232
96.3919 47.089 -34.1017 -0.489014 -0.153307 -3.5 0.0740289 0.769918 -0.633834
114.266 23.1672 -11.6015 -0.208132 -0.0312687 -1.77432 0.645329 0.579346 -0.497905
85.1427 36.3421 -20.2929 0.0364556 0 -0.4 0.140754 0.951788 -0.272557
80.6744 32.2127 -8.32712 0.685293 0 -3.5 0.271959 0.688534 0.672279
83.8786 38.7486 -12.5686 0.794514 0.738914 -3.5 -0.332896 0.83185 0.444079
123.447 16.7084 -17.7354 0.28008 0 -1.6 0.158993 0.898377 -0.409439
99.2178 21.6709 -36.9899 0.348343 0 -1.3 -0.658902 -0.476425 -0.582122
80.0984 24.8166 -14.4532 -0.0681359 0 -3.5 -0.257813 0.653065 -0.712066
102.719 40.4864 -38.3585 -0.418769 -0.102212 1.5558 -0.673211 0.0395254 -0.738393
133.688 15.2794 -36.9296 -0.007171 0 1.8 0.196122 0.781907 0.591741
73.5951 19.0489 -22.0089 -0.0129552 0 -3.81506 -0.741841 0.660611 0.115177
86.4344 1.92344 -9.074 0.979234 0 -0.4 0.335341 -0.928817 0.157623
80.2937 8.21006 -17.939 -0.239081 0 -3.5 -0.898826 -0.410066 -0.154785
109.191 12.9786 -35.2617 -1.21531 -0.140789 -3.4537 -0.986562 -0.16119 0.0267054
108.401 30.8861 -25.0784 -0.510057 -0.677398 -1.94769 -0.204941 0.417022 0.885489
97.1546 40.7557 -45.2704 -0.33517 0 1.8 -0.539425 0.360108 -0.761146
85.0494 9.94563 -3.43913 0.59272 0 -1.96706 0.314934 -0.948205 0.0415214
109.751 2.1545 -11.8108 0.496924 0.0940802 -4.5 -0.245904 -0.141258 -0.958946
82.1202 24.0087 -27.6542 0.294109 0 -1.6 -0.892392 0.212923 -0.39787
89.4605 2.85375 -12.5278 0.432417 0 -4.5 0.688124 -0.474094 -0.54929
97.7113 21.5985 -23.4624 -0.114068 0 -0.4 0.945628 0.112968 -0.305003
97.3515 27.5026 -1.88137 -2.22496 -0.0261082 -3.5 0.77467 0.532299 -0.341385
112.78 9.0815 -20.0648 -0.116364 0 -0.8 -0.61518 -0.475829 -0.628603
106.896 7.02319 -14.1935 0.0344212 0.140739 -0.512947 -0.111327 -0.808813 -0.577432
107.397 38.6567 -38.0325 -0.424236 0 2.8 0.917428 0.223077 -0.329488
107.505 -2.03312 -8.67237 1.07306 0.690297 -0.4 0.216874 -0.975057 -0.0472153
99.0546 33.9426 -46.325 0.0477764 0 -3.9 -0.336291 -0.481863 -0.809145
87.5753 32.6849 -15.5425 -0.355999 -0.0915071 3.09478 0.615756 0.775228 -0.140946
88.836 20.823 3.218 -0.115133 -0.907737 -3.5 -0.578174 0.787538 0.213305
97.3021 12.2265 -15.6946 0.444813 0 2.36271 -0.348261 -0.353135 -0.868337
121.629 11.8022 -39.3639 0.553105 0 2.8 -0.250783 -0.481872 0.839587
107.929 9.2465 2.10281 -0.437297 -0.0305601 -0.8 0.877348 0.243084 0.413728
125.096 9.26769 -16.2407 -1.15278 0 -3.5 0.36854 -0.668163 -0.646326
107.399 20.6619 -43.6177 0.740296 0 -3.5 0.0818805 -0.108786 -0.990687
119.616 11.5569 -19.1292 0.0390532 0 -1.6 0.22403 -0.106481 -0.968748
115.708 10.0394 -40.5138 -1.05849 0 -3.9 0.311087 -0.83169 0.45991
100.379 5.86094 6.50663 -0.487659 -0.459918 3.29689 0.709977 -0.257814 0.655335
81.7322 18.9778 -8.18262 -0.194632 0 -1.3 -0.417879 0.135067 0.898406
111.449 35.4883 -41.981 -0.731621 0 -3.5 -0.655506 0.234788 -0.717765
109.302 25.2323 -30.8877 -0.137896 0 4.14006 -0.407953 -0.67056 0.619615
99.6769 28.1516 -19.0393 -1.30494 0 -3.5 0.934349 0.185005 -0.304575
104.658 17.2385 1.98231 0.138418 0 -1.83436 0.35412 0.795734 0.491332
113.132 5.9625 -41.7654 1.32151 0 -3.9 0.806817 -0.56615 -0.168884
102.222 25.9425 2.98463 -1.09891 0 -3.5 0.548283 0.827901 -0.118175
92.9802 14.4394 8.69363 0.200694 0 -4.5 0.457003 -0.867986 -0.194292
99.2711 3.46556 2.26288 0.0869117 -0.0164756 -0.8 0.100101 -0.803458 -0.586886
112.518 17.6799 -14.5787 -0.319869 0 0.935924 -0.0471089 0.9385 -0.342049
85.0705 11.4999 -26.0256 -0.0502442 0 1.8 0.0683203 -0.614121 -0.786249
108.747 7.52612 -13.8181 0.146998 0 2.8 0.476726 -0.680876 -0.556004
132.797 12.3165 -46.3045 -1.92757 -0.153222 -3.5 0.765906 -0.606119 -0.214495
102.234 35.8654 -44.1322 0.231058 0 -2.64328 0.983671 -0.0126394 0.179532
96.3841 41.0934 -24.1265 0.0245798 0 -1.6 0.930019 0.344787 0.127224
117.692 13.9349 -4.62813 -0.514109 0 4.2 0.0945174 0.191884 0.976856
95.5601 8.60519 -16.2667 0.0865607 0 -1.3 0.761211 -0.138182 -0.633612
97.2134 3.9315 7.49813 -0.16433 0 -3.5 -0.114462 -0.886381 0.448583
116.434 9.419 -45.7654 -0.426852 -0.144537 -3.5 -0.170212 -0.984864 0.0327096
105.095 28.0775 -27.5919 -1.66886 -0.608137 -3.5 0.266753 -0.827022 0.494852
120.01 16.0392 -15.6138 -0.717937 -0.315797 3.98315 -0.402096 0.765603 -0.502165
127.328 16.2189 -27.4724 0.572453 0.299989 -4.5 0.260237 -0.53202 0.805749
106.934 14.7493 -41.1333 -0.0477949 0 -0.9 -0.980792 0.181042 0.0725934
97.192 22.1674 -7.2335 0.0838835 -0.01406 2.8 -0.132537 0.960239 -0.245714
111.868 5.91012 -3.91775 -0.338745 0 3.8 0.387001 -0.861982 0.327439
77.0884 33.1213 -24.5753 0.164159 0 3.8 -0.982327 -0.0664644 0.174977
129.963 9.17463 -45.9394 0.333638 0 -3.5 0.936311 -0.342262 0.0785994
101.979 4.89025 4.57987 -0.0721648 0 -0.4 0.563193 0.34439 0.751138
98.1313 34.0732 -21.6135 -0.846231 0 -0.7 0.744305 0.35765 0.564001
98.3884 31.754 -18.1374 -2.25994 -0.301344 -3.5 0.742135 0.481648 -0.466102
87.4895 20.1467 -9.359 1.00736 0.181558 3.8 0.8728 0.487443 0.0249009
78.3753 14.7845 -27.753 -0.234751 -0.829513 -3.5 -0.246562 0.0289444 -0.968695
91.9626 6.50894 0.806437 -0.41619 -0.387777 -1.47721 -0.841238 -0.206058 0.499858
102.494 20.0309 5.76263 0.576478 0.416622 -0.7 0.309304 0.446794 0.839468
103.984 24.0319 -22.1833 0.362758 0.00652718 -3.13218 -0.219638 -0.0303004 0.975111
116.031 17.36 -48.2353 0.262673 0 -3.2 -0.622976 -0.191115 -0.758536
111.387 35.614 -30.0823 0.324116 0 -1.3 0.53419 0.806204 0.254316
94.551 22.088 -9.4775 0.201308 0 2.8 -0.400365 0.789842 0.464605
97.479 22.9095 -10.408 0.00804582 0.322282 3.49313 0.537009 0.114452 0.835776
103.859 17.0516 5.23831 -0.227172 0 -1.3 0.579019 0.628594 0.519237
92.1643 33.8995 -17.299 0.358918 0 -4.5 -0.241611 0.646883 0.723303
96.695 38.7264 -25.5518 -0.659213 -0.158909 3.88702 0.92327 0.270623 0.272645
129.345 11.3274 -49.5199 -0.0344471 0 -2.44041 0.43886 -0.567433 -0.696722
75.4072 15.0544 -12.0889 0.00649419 0 4.26688 -0.292836 -0.949647 0.111432
119.054 30.6484 -31.7291 -0.0878278 0 3.8 0.356782 0.257822 0.897906
132.039 10.6419 -42.3125 -0.65686 -0.153963 -0.7 0.642741 -0.314047 -0.698755
81.8194 2.33725 -23.0854 0.472717 0.283272 -3.5 0.115609 -0.795838 -0.594371
102.975 31.5499 -9.40337 -0.53593 -0.160229 -0.4 0.714355 0.118188 0.68973
111.482 17.9434 -34.0794 -1.05537 0 -0.8 -0.193561 -0.472644 0.859734
132.982 14.8676 -49.9199 -0.160726 0 0.178546 0.637554 -0.378657 -0.670928
99.7588 17.295 -22.9691 -0.116083 0 -1.4715 0.452769 -0.511912 -0.730032
111.08 37.1181 -41.3785 -2.00402 -0.430601 -3.5 -0.897116 0.323034 -0.301383
94.4656 27.0955 -33.6183 -0.449536 0 2.8 0.0390467 0.00751293 -0.999209
102.17 31.8765 -26.3819 -1.64239 -0.793439 -3.5 -0.350347 0.0960968 0.931677
108.662 17.6801 -20.089 0.426782 0 -1.15716 0.901493 0.0829217 -0.424775
114.822 34.7352 -24.9125 0.00465361 0 3.8 -0.188149 0.848977 0.4938
96.0867 39.0028 -41.738 0.121465 0 2.02672 -0.412229 0.728518 0.547109
77.9556 25.3224 -17.6408 -0.316803 0 3.37519 0.128224 0.9608 0.245807
102.595 42.372 -35.1799 0.117705 0 -3.51732 0.453977 0.887654 0.077296
93.8955 1.18609 -6.09041 0.325915 0 -1.3 0.287031 -0.887854 -0.359623
97.5145 10.1411 13.3624 0.0871106 0 1.8 -0.508394 -0.192852 0.839252
105.488 17.791 0.69875 0.263601 0 -3.5 -0.21096 0.83788 0.503441
129.021 20.7271 -29.2107 0.732589 0.0299177 -4.5 0.872729 0.488188 -0.0040036
107.329 40.179 -36.5475 -0.449138 0 2.8 0.952933 0.295624 0.0672702
115.565 6.27112 -17.1562 -0.0245582 0 -3.5 -0.252269 -0.491897 -0.833305
98.7535 26.3822 -42.8242 -0.721667 -0.600488 -0.7 -0.166927 -0.678174 -0.715692
101.949 -0.278375 -5.30394 -0.741506 0 -3.68641 -0.0253283 -0.956994 0.288999
135.088 21.4583 -47.9284 -0.627044 0.0421199 -3.66629 0.0393003 -0.0413638 -0.998371
102.816 -1.48131 -6.073 -0.548808 0 -3.5 -0.436035 -0.563388 0.70176
104.63 10.4317 9.19662 1.06875 0.355753 -3.5 0.991016 0.127893 -0.0391181
114.696 21.6131 -46.0817 0.671263 0 -4.5 0.207762 0.627014 -0.750792
89.672 17.4656 8.46175 0.273302 0 -4.5 -0.742123 0.634812 0.215096
97.9393 17.2217 -31.9048 1.91338 0 -3.9 -0.457016 -0.771411 0.442788
109.102 18.0714 1.85012 -0.175781 0 -3.5 0.167996 0.828343 0.534439
116.046 31.7589 -36.5329 -0.32928 0 -0.7 0.733438 0.345207 -0.585577
110.502 24.1929 -26.1954 -0.235712 -0.0446632 -2.01796 -0.608008 -0.182653 -0.772635
134.353 11.9242 -41.1225 -0.604408 -0.640197 -3.5 0.556782 -0.814161 -0.164726
81.7259 37.6689 -26.8603 -0.125598 0 -0.8 -0.935543 0.353131 -0.00765806
96.3984 1.7145 3.98738 0.140286 0 -0.8 0.103336 -0.577725 0.809664
97.7718 39.4746 -45.8717 0.580167 0 1.8 -0.516299 0.0820836 -0.852466
115.705 9.56162 -19.4484 0.00287 0 -0.8 0.644074 -0.37355 -0.667555
99.1259 5.932 -8.89262 0.847376 0 1.9 -0.193379 -0.746375 -0.636811
125.801 26.4349 -39.4497 0.462742 0 2.8 0.744159 0.262757 -0.614155
109.437 14.4432 4.02775 -0.444959 -0.384241 -2.4718 0.751305 -0.253802 0.609201
117.128 16.6214 -3.51325 -0.181158 0 3.8 0.531401 -0.246331 0.810514
86.2961 15.5426 -27.3912 -0.38763 0 2.09563 0.240441 0.482744 -0.842109
93.9775 41.1012 -22.2875 0.153883 0 -1.6 0.0825599 0.588582 0.804211
91.5255 44.4371 -30.6273 -2.10491 -0.469182 -3.5 -0.837209 0.538207 0.0970309
111.429 10.1369 -17.9433 -0.13895 -0.0190345 -1.28034 -0.30605 -0.946461 0.102691
124.482 21.5168 -39.4098 -0.188726 0 3.8 0.0342179 0.276643 -0.960363
106.229 36.4365 -29.6684 -0.104044 0 -1.3 0.417455 0.85605 0.304812
106.795 36.8286 -32.1249 -0.172636 0 -1.3 0.401094 0.913731 0.0649517
99.4803 26.4016 -18.9355 -0.241058 0 -2.43546 0.997406 0.0109884 -0.0711392
115.724 3.51169 -13.0183 -0.585739 -0.0233577 -4.44823 -0.018243 -0.690926 -0.722695
100.127 3.71725 6.37469 -0.433442 -0.079364 -1.68889 0.630843 -0.191056 0.75202
85.9901 13.0066 -28.3757 -0.169184 0 1.8 -0.061485 -0.451404 -0.890199
99.6886 3.92969 -7.4105 0.279232 0.103184 0.207954 -0.0232546 -0.360779 -0.932362
119.423 23.6597 -25.2323 0.721928 0.0329094 -4.5 0.0433623 0.0891583 0.995073
92.8515 2.80938 0.767 -0.254254 -0.0681763 -1.26572 -0.792906 -0.583117 0.176846
120.542 8.79444 -43.7356 0.636953 0.189254 -3.5 -0.084201 -0.926895 0.365755
98.4505 46.9418 -38.1574 0.446728 0 -3.9 -0.746127 0.25047 -0.616894
130.428 8.66187 -17.1241 0.379236 0.00467944 -3.5 -0.486028 -0.67685 -0.552857
111.013 -0.529688 -7.13919 -0.469729 -0.19578 -2.63647 -0.41168 -0.866308 0.282895
98.7124 34.5551 -12.715 -0.463636 0 1.9 0.618484 0.695116 -0.366458
104.35 28.0639 -23.7544 -0.137929 0 -3.5 -0.724001 0.610358 0.32138
122.349 26.0151 -31.3241 0.16225 0 4.2 0.0804738 0.976135 0.201703
91.2481 33.0532 -11.0311 0.15722 0 4.2 0.217514 0.877067 0.428299
134.346 12.4548 -39.8973 -0.536749 0 -0.575697 0.703816 -0.695906 0.142679
99.992 25.2738 -17.899 0.598458 0.00962336 -3.5 0.803299 0.288945 -0.52079
104.059 32.2778 -10.809 -0.120339 0 -0.4 0.841237 0.459591 0.284773
134.444 15.3501 -38.5866 -0.0948044 0 1.8 0.351668 0.891033 0.287037
113.854 26.0337 -24.0439 -0.00237418 0 -3.5 0.380248 0.775286 0.504325
101.61 29.1187 -10.8806 0.183577 0 -0.4 0.615164 -0.58691 0.526411
87.5019 5.43363 -18.0023 -0.102864 0 1.26879 0.144485 -0.956581 0.253135
98.0102 36.227 -25.2838 0.369034 0.456304 -0.7 0.747921 0.663248 0.0267652
73.374 17.229 -20.2957 -0.336371 0 -0.331933 -0.946493 -0.131054 -0.294917
99.6523 33.0419 -23.4669 -0.314873 0 -0.7 0.886047 -0.335617 0.319816
107.568 1.60481 4.07069 -2.32498 0 -3.5 0.598162 -0.687434 0.411871
85.8508 10.0728 -0.220313 -1.04271 -0.477065 -0.7 -0.604715 -0.711859 -0.357179
74.8863 24.6229 -17.1986 -0.092898 0 -0.7 -0.841258 0.27271 -0.466812
100.505 5.862 -10.1538 -0.257883 -0.0196324 2.29948 -0.559117 -0.762516 -0.325511
115.156 -0.533938 -5.1825 0.682615 0.737384 -4.5 0.505365 -0.510718 0.695538
113.219 21.2244 -13.6564 0.145201 0 2.04673 0.138295 -0.0217743 -0.990152
123.963 14.2345 -12.6875 -0.980642 0 -0.7 0.990443 -0.04742 0.129517
111.215 32.8816 -41.8122 -0.323743 -0.186396 -2.99454 -0.0793332 0.0452107 -0.995822
123.131 21.6042 -40.0213 -0.0785033 0 4.2 0.901801 0.28715 -0.322957
97.3877 25.0196 -41.0994 1.43603 0.758272 -0.7 -0.473301 -0.875201 -0.100048
122.67 18.4455 -14.177 -0.340056 0 -0.7 -0.139388 0.92397 -0.35616
105.896 22.15 -9.98075 0.127818 0 -0.427954 0.348489 0.922151 -0.167907
122.151 32.3723 -37.1784 0.0462367 0 2.8 0.000335604 0.978256 0.207401
82.6802 33.6591 -18.2228 0.173219 0 -0.4 -0.994412 0.101729 0.0282205
100.458 32.0902 -44.8559 0.608143 0 -1.54106 0.475282 -0.207023 -0.855131
128.925 10.9868 -33.8221 0.446865 0 -0.8 -0.483543 -0.420217 0.767857
100.529 42.1822 -38.3726 -0.404892 -0.0343952 -3.9 -0.0585806 -0.147778 -0.987284
101.718 21.9886 -17.9487 0.0347542 0.114404 -3.5 0.778345 0.404892 -0.479835
92.0564 11.3348 -29.2914 0.0399766 0 -0.7 0.589423 -0.378281 -0.713781
119.642 11.2642 -38.5819 0.320671 0 4.2 0.882094 -0.357778 0.306439
111.611 22.5071 -29.8179 -0.0325296 0.336946 -0.7 -0.996453 -0.0276501 0.0794826
78.9806 13.0041 -5.7455 -0.458268 0 -0.9 -0.112358 -0.680897 0.723709
89.713 26.0325 -33.1215 0.28753 0 1.9 -0.389923 -0.30144 -0.870111
75.8985 19.9881 -18.776 0.269814 0 -4.5 -0.558328 0.8267 -0.0695409
95.521 10.4567 -16.0402 0.356096 0 -1.3 0.611786 0.0669799 -0.788183
86.2016 30.7043 -9.14225 -0.214109 -0.117258 -3.5 -0.509068 0.503407 0.698163
100.104 18.4242 5.12494 -0.661637 -0.125516 -2.55317 -0.153219 0.182784 0.97114
121.103 18.1214 -13.3886 -0.154653 0 -0.7 -0.274503 0.904619 -0.326056
96.0954 34.2696 -42.2238 0.0680856 0 3.8 -0.544997 -0.195756 -0.815265
81.7878 33.6699 -24.051 0.730489 0 3.8 -0.0766243 0.295448 0.952281
96.2365 35.9164 -21.6027 0.00285187 0 -0.7 0.627683 0.213023 0.748756
133.496 19.3771 -15.9902 0.00102985 0 -1.6 -0.132736 0.563318 0.815508
92.1128 17.8667 -33.1738 0.0825645 0 -0.7 0.549225 -0.25068 -0.79719
89.6973 23.2436 -0.75125 0.771991 0.794779 -3.53771 -0.801828 0.553098 -0.226174
85.9727 3.31225 -6.51425 -0.357352 -0.66601 -0.4 -0.0911568 -0.16132 0.982683
101.635 24.4184 -4.38581 0.847281 0.741485 1.8 -0.247856 0.537414 0.806073
108.058 36.3481 -38.2228 -0.64319 -0.0146022 2.61807 0.775075 0.425733 -0.466916
121.734 30.001 -34.3625 -0.143355 0 3.8 0.916466 -0.039231 0.398184
117.8 12.1772 -3.55262 -1.8792 -0.0794178 4.5 0.349108 0.449756 0.822097
128.143 11.2329 -12.1474 -1.83673 -0.0280998 -3.5 0.682086 0.469675 0.560503
87.0069 33.8756 -16.0456 -0.507619 -0.849225 -3.5 0.903987 0.339585 0.259787
75.6392 12.1426 -9.8125 -0.0375902 0 1.23608 -0.51879 0.151851 -0.841308
89.2659 6.60738 -22.6733 1.47272 0 1.14581 0.187482 -0.898294 -0.39739
126.488 17.2984 -33.7574 0.210168 0 -4.5 0.793321 0.560986 -0.236509
112.374 1.53594 -4.899 -0.424417 -0.0320928 -4.16843 0.411417 0.326247 0.851058
113.731 6.93044 -16.3769 -0.0444759 0.544543 -4.5 -0.56941 -0.490117 -0.659968
119.916 7.66394 -5.16369 0.0233495 0 2.02235 0.664447 -0.594924 0.452301
109.735 12.4747 -32.3849 -1.05698 0 -3.2 -0.723603 0.216091 0.655517
84.5886 36.5093 -12.0256 -0.202665 0 -3.5 -0.0916244 -0.441237 0.892701
96.5743 9.01287 -15.446 0.159907 0 3.8 0.346642 -0.310609 -0.885077
85.4258 1.48619 -7.65244 0.2501 0 -0.4 0.0814405 -0.906067 0.415222
98.1522 3.55231 -2.3955 0.312085 0 4.5 -0.193297 -0.877075 0.439745
105.003 23.1092 -3.10363 -0.108378 0 -3.5 0.314804 0.88532 -0.342209
107.547 3.80113 5.163 -0.37819 -0.706956 -3.5 0.314464 -0.394473 0.863426
130.598 8.58 -34.5843 1.44375 0.77387 -0.8 -0.0301929 -0.883104 0.468204
138.313 10.5594 -19.2708 0.310741 0 -3.5 0.230373 -0.777051 -0.585765
108.344 24.1597 -5.992 -1.48735 -0.0528219 -0.8 -0.66393 0.683124 -0.304202
110.754 27.064 -22.3169 0.0272713 0 -3.5 0.390141 0.233681 0.890608
120.602 8.36656 -32.0695 0.0791951 0 -0.8 0.922655 -0.379975 0.0657796
107.771 28.5694 -44.3046 0.192879 0 4.2 -0.0846774 0.222209 -0.971315
119.634 14.9476 -49.8357 -0.0318847 0 -0.9 -0.776338 -0.613101 -0.14631
90.1076 20.7696 -10.5361 0.988255 0.060606 -1.3 -0.325864 0.419158 0.847419
99.9668 39.4068 -29.9928 1.253 0.0693503 -1.3 0.336734 0.786378 0.517899
82.7933 28.4349 -9.14487 -0.181533 -0.0672586 -3.2561 -0.150634 0.060225 0.986753
106.925 9.00887 4.07294 -0.376893 0 -3.5 0.0839346 0.155021 0.984339
114.447 7.37584 -41.3642 0.248534 0 -3.9 0.783898 -0.591587 0.18849
87.9258 36.076 -22.0075 -0.19623 0 -3.5 -0.704467 0.708922 0.0340069
110.024 33.7863 -41.0913 -0.501111 0 -1.6 -0.426903 0.47813 -0.767558
124.454 18.4771 -13.6439 1.08793 0.540086 -0.7 0.408181 0.910765 0.0624183
99.4636 23.7676 -29.3034 -0.609233 0 2.8 0.0141718 -0.789789 0.613215
123.952 22.5098 -46.604 0.233659 0.0741714 0.882438 0.471607 0.726306 -0.500066
87.6488 6.9045 -23.9993 1.38645 0 -2.5501 0.327228 -0.938731 -0.108196
96.7845 47.0635 -30.3235 -1.43243 0 -3.5 0.797041 -0.0967128 0.596131
111.053 18.7284 -45.7309 0.37213 0 -4.5 -0.513037 0.0318056 -0.857777
99.3946 26.8272 -8.74125 -1.42333 -0.0430122 1.9 -0.0282229 -0.323816 0.945699
93.124 2.08006 -7.27156 -0.54149 -0.0881604 -1.3 -0.171356 -0.715775 -0.676981
103.034 20.9366 2.09262 -0.505136 -0.0205361 -2.919 0.922166 0.195709 0.333627
81.5928 6.66138 -22.1355 -0.385302 0 -3.5 -0.116279 0.010228 -0.993164
100.038 28.8818 -18.2011 -1.06155 0 -3.5 0.654823 0.067299 -0.75278
105.566 22.3104 -11.7447 0.689033 0.559535 -0.7 -0.14983 0.967588 -0.203284
82.2114 1.64988 -14.698 0.186696 0.372846 -4.5 -0.559893 -0.529549 -0.637258
83.4119 9.926 -3.43412 1.03792 0.514348 -0.8 -0.20037 -0.88126 0.428057
104.96 36.4761 -28.0935 0.0659664 0 -1.3 0.353868 0.845598 0.399678
85.0829 39.7241 -25.9591 -0.0620197 0 -0.8 0.305779 0.852827 0.423304
78.505 29.9544 -10.9335 -0.508255 -0.0305667 -3.5 -0.987577 -0.156367 0.015554
97.9997 15.336 -24.326 0.284708 0 -1.6 0.75562 -0.648974 -0.0887165
100.153 42.154 -42.9772 0.0931356 0 1.8 0.311735 0.901203 0.30109
122.903 17.955 -11.2634 -0.16346 0 -0.7 0.28101 0.79183 0.542253
109.739 5.59613 -1.00969 -0.303648 0 1.19897 0.523344 0.148099 0.839153
82.1264 31.1597 -15.72 -0.14927 0 -2.4259 -0.840389 0.537667 -0.0682655
87.5364 13.5063 -28.7549 -0.0347695 -0.0933892 -0.35357 -0.446367 0.032937 -0.894243
90.666 3.86069 -8.86438 -0.260469 0 -4.5 0.29262 -0.955833 0.0274921
93.6143 10.2292 -18.7733 0.304526 0 -1.3 0.649202 -0.362905 -0.668459
103.312 8.8255 5.492 -0.0441204 0 -3.5 0.813221 -0.512633 0.275463
90.0489 34.2057 -35.8576 0.413465 0.436469 -3.5 0.504942 -0.754623 -0.419019
84.9609 40.341 -27.3024 -0.0138614 0 -0.554764 -0.0833982 0.922538 0.376787
114.724 15.329 -17.9802 -0.166559 0 -0.8 0.0640357 0.267706 -0.96137
99.6872 0.8195 -3.314 0.887057 0 -3.9 -0.452886 -0.60025 0.659237
114.953 18.1101 -15.863 -0.360039 0 -0.8 0.153447 0.786396 -0.59836
89.1633 23.927 2.98525 2.59034 0 -3.9 -0.725598 0.397494 0.5617
77.2772 8.04931 -24.8956 -3.09675 -0.845328 -3.5 -0.835488 -0.535682 -0.122491
99.3468 25.2405 -39.4339 0.020462 0 -0.7 -0.330103 -0.904858 -0.268819
133.13 6.59928 -39.5769 0.0456823 0 -0.7 0.0459521 -0.955574 -0.291148
128.603 12.805 -14.2525 -0.0775257 0 -3.5 0.334388 0.372047 0.86589
89.2927 18.1084 -0.99825 3.24857 0.00125874 -3.9 -0.919687 0.186053 -0.345774
100.131 23.9055 -2.19438 -1.79984 -0.75598 4.2 0.131475 0.929717 -0.344007
72.0088 18.384 -12.437 -0.10013 0 4.5 -0.819062 0.319291 0.476646
121.515 10.7304 -4.94719 -0.0240505 0 1.8 0.561664 0.0504435 0.825826
83.3561 33.5361 -21.8389 -1.31779 0 -0.4 -0.865735 0.407687 -0.290335
106.585 -0.503375 -10.9805 -0.219088 0 -0.4 -0.576973 -0.449086 -0.68222
90.2889 16.995 12.5901 1.28685 0.399041 -4.5 -0.564553 0.468008 0.679889
81.5922 5.36519 -16.647 -1.47668 -0.0858277 -3.5 0.293572 -0.881533 0.369749
80.0986 26.1343 -17.7524 -0.0468041 0 4.2 -0.584607 0.565316 0.581939
109.976 33.6786 -25.5228 -0.264512 0 3.8 -0.0859847 0.613435 0.78505
79.8884 8.13316 -20.3405 -0.372865 0 -3.5 -0.746935 -0.414457 0.519916
89.7712 29.1332 -33.3387 -0.200035 0 -2.96417 -0.477301 0.126352 -0.869608
91.9178 23.7376 -34.0977 0.325276 0 -1.6 -0.173192 -0.0267659 -0.984524
89.1885 43.0047 -32.8802 0.968767 0 -3.9 -0.609414 0.560305 0.560957
95.246 21.723 -4.61412 -0.0549589 -0.639512 2.31407 -0.29127 0.940038 -0.177455
101.422 10.145 -19.5992 -0.618412 0 -3.5 -0.194071 -0.00606286 -0.980969
80.8601 23.9726 -24.7785 0.198096 -0.0399465 -1.6 -0.581311 0.758129 -0.295496
93.831 32.0929 -40.5891 0.0555824 0 3.8 -0.83627 0.0250089 -0.547747
108.535 16.3295 -42.2986 -0.333878 -0.349516 -1.83522 -0.66193 -0.14031 -0.736316
127.099 17.7387 -48.3193 -0.29651 0 -0.452387 0.587914 0.390351 -0.708507
104.435 29.1052 -16.2404 0.211158 0 -1.6 0.49277 -0.786637 -0.371996
111.508 23.4654 -20.4362 0.302707 0 -1.6 0.351678 0.22508 0.908659
81.3311 24.7577 -8.60075 -0.757232 0 -1.83439 0.226215 0.394044 0.890818
123.328 9.3995 -44.6592 0.467923 0 2.34171 -0.0333479 -0.873212 -0.486198
112.853 15.1334 -1.00428 0.0308794 0.745734 -0.8 0.470986 0.678657 0.563557
130.617 10.6888 -44.8081 -0.164527 0 -3.5 0.819229 -0.565472 -0.0954274
122.741 25.1115 -41.957 -0.109947 0 4.2 0.749568 0.225981 -0.622158
80.5788 30.5916 -13.0926 -0.0823491 -0.24469 -3.23565 -0.625461 0.498321 -0.600396
104.973 30.9465 -13.3293 0.18853 0 -1.6 0.907819 0.334765 0.252583
105.819 23.8614 -1.4835 -1.81356 0 -3.5 -0.144341 0.989317 0.0204313
113.219 12.1916 0.272625 -1.26855 -0.329221 -0.8 0.0883804 -0.0758811 0.993192
83.6917 39.1468 -28.9465 -0.347179 0 -0.45929 -0.711898 0.533302 -0.456935
95.2235 23.3676 -33.036 0.687841 0.0922614 1.50372 0.0806291 -0.109214 -0.990743
124.466 23.1508 -31.1416 0.420949 0 0.59018 0.989321 0.0837561 0.119283
109.023 9.77725 -16.0413 -0.153816 0 -4.03147 0.559593 -0.729145 -0.393959
128.141 9.50756 -16.6266 -0.774311 0 -3.5 -0.272249 -0.82075 -0.502245
107.986 33.8732 -24.6687 0.0476991 0 -1.3 0.281615 0.294362 0.91326
80.7574 18.5238 -26.3927 0.127054 0 -2.4199 -0.605055 0.33447 -0.722522
120.765 26.2262 -31.4958 0.117864 -0.0477842 3.9578 0.440716 0.876613 -0.193181
102.809 36.9208 -40.8891 -0.0456636 0 -1.6 0.438158 0.752253 -0.492071
107.823 25.9107 -26.9126 -0.0516806 0 -1.6 -0.350944 -0.748951 -0.562059
90.853 8.5605 5.91825 3.33177 0.125058 -3.9 -0.877507 0.0715935 0.47419
133.281 17.0182 -50.8153 -0.0423018 0 1.8 -0.158432 0.093788 -0.982906
99.9064 23.6191 -20.0116 0.0889463 0.578326 -2.81602 0.991443 0.116533 -0.0588336
104.509 20.1804 -18.1121 0.0276929 0 -3.5 0.0104246 0.995157 -0.0977418
114.122 34.1579 -41.9967 -0.577377 0 -3.5 0.417251 -0.229269 -0.879396
94.3736 26.3066 0.780688 -0.17485 0 -3.5 -0.53911 0.826929 0.159844
95.4989 6.03325 -12.2662 -0.228964 0 0.560822 0.207409 -0.976305 -0.061725
113.117 26.2574 -5.3525 -0.0285151 0 -0.541313 0.511398 0.660895 0.549262
85.288 40.4626 -30.9989 0.294163 0 -0.4 -0.559583 0.625207 -0.544044
92.295 2.12087 -2.29988 0.109904 0 -1.3 -0.547063 -0.814231 0.194293
97.4494 20.9649 -28.7697 -0.420204 0 -3.9 0.84076 0.0349169 0.540281
114.574 4.73413 -4.13975 -0.162171 0 -3.44892 -0.40071 -0.479914 0.780457
118.081 25.4767 -26.0287 -1.38387 0.100067 -3.63801 0.271977 0.306434 0.91221
126.414 22.4285 -36.336 -0.0412757 0 3.8 0.804955 0.536228 0.253983
120.614 25.1367 -26.1667 0.112577 0 -4.5 0.302078 0.419096 0.856217
87.5495 16.3831 -1.06275 0.56394 -0.38469 -0.7 -0.195597 0.902975 -0.382593
82.6464 30.0061 -9.15675 0.0158186 0.0922916 -3.5 0.430396 0.205213 0.879003
124.924 20.154 -28.3585 0.241994 0 -4.5 -0.639539 0.0994628 0.762297
95.3869 34.6963 -18.5557 0.302689 0 -4.5 0.654834 0.602943 0.455689
83.5607 1.5605 -11.6106 0.619051 0.0602115 -3.92662 -0.354234 -0.88056 0.314852
99.8035 13.2465 -18.3219 -0.184636 -0.107099 -2.52802 -0.41413 -0.451277 -0.790472
110.743 15.6559 -18.8374 -0.313339 -0.0974333 -1.05903 0.591656 0.354718 -0.72396
136.346 17.7447 -20.4875 -0.198133 0 -1.6 0.308791 0.105804 -0.945227
88.9388 40.5448 -24.6845 -0.289207 0 -0.322988 -0.556376 0.723882 0.407972
99.7986 3.04063 -1.37756 0.14311 0 -3.9 -0.509264 -0.637364 0.578288
88.6326 40.1927 -22.6046 0.00957912 0 1.8 -0.545408 0.757962 0.357803
85.2848 25.2399 -5.54994 3.62479 0.822225 -3.9 -0.178434 0.59149 0.786321
128.881 10.8603 -18.3758 -1.25132 -0.770006 -2.99521 -0.0452003 -0.457167 -0.888232
116.667 35.2935 -27.1596 -0.0587798 0 3.8 0.417413 0.808501 -0.414841
88.8704 14.4652 11.3586 0.998155 0 -4.5 -0.868719 -0.368583 0.33087
75.8147 25.0244 -12.9994 -1.56749 0 -0.7 -0.65347 0.65759 0.374903
124.103 15.3269 -9.58275 -0.143481 0 -1.6 0.562917 0.799116 0.211042
111.612 3.319 -4.093 -0.373403 0 -0.7 0.835713 0.227975 0.499612
96.009 29.713 -37.1315 -0.632366 -0.270688 -0.4 -0.607288 -0.751737 0.257086
101.143 38.037 -39.7906 -0.426986 -0.012423 -0.976379 0.179578 0.958018 -0.223501
118.268 10.0378 -18.673 0.183947 0 -1.6 -0.0893349 -0.365666 -0.926449
78.0194 25.0159 -16.4342 -0.605122 -0.0873785 -0.7 0.562001 0.82322 0.0803897
115.749 25.3499 -24.534 -0.393202 0 -2.46956 0.623269 0.27401 0.732431
131.951 19.0195 -16.6167 -0.0544546 0 -0.823027 -0.379478 0.869219 0.316948
97.1833 32.4874 -8.94519 0.584997 0 1.9 -0.198634 0.321998 0.925668
97.9774 22.0837 -11.7566 0.120656 0 3.8 0.794466 0.0739851 0.602785
110.885 21.7922 -45.3621 1.61252 0.535226 -1.02504 -0.509235 -0.00630037 -0.860605
113.597 10.5799 -46.7512 -0.0681265 -0.214609 -1.07349 -0.402611 -0.491263 -0.772376
89.0127 22.9509 -10.0254 0.785955 0 3.8 0.432976 -0.224609 0.872973
110.073 21.2015 -14.5768 0.205426 0.83931 -3.5 0.299921 -0.355484 -0.885256
89.2571 45.0182 -34.9475 3.11963 0.0661453 -3.9 -0.275656 0.959189 -0.063009
119.548 31.2244 -41.1867 -0.138781 0 1.8 0.371477 0.667986 -0.644825
115.186 34.1219 -40.9515 -0.447132 0 -3.5 0.986111 -0.107505 -0.1266
102.627 -0.468625 0.53825 -1.37349 -0.091217 -3.5 -0.554785 -0.801324 0.223815
93.3838 34.729 -33.726 -0.31673 0 3.8 0.141442 0.498207 -0.855444
80.1284 27.4474 -23.6119 1.18291 0.110874 1.8786 -0.560583 -0.789394 -0.250205
95.6465 45.176 -26.8545 -0.453622 0 -3.5 0.902709 0.401103 0.155671
119.326 15.4677 -51.4229 0.0158181 0 -0.9 -0.928943 -0.229013 -0.290892
124.199 20.039 -30.36 0.558203 0 -4.5 0.734736 0.155289 -0.660339
80.577 28.1149 -14.3804 0.308904 0 -3.30089 -0.930901 -0.0407602 -0.362989
83.7332 35.1592 -13.6322 0.29511 0 -3.5 -0.679516 -0.138892 0.720394
78.6537 23.8358 -24.2674 0.451918 0 -0.8 0.145443 0.846867 -0.51153
103.354 25.3803 -45.6259 0.228012 0 4.5 -0.396622 0.573628 -0.716689
72.8704 14.5641 -20.5654 -0.208753 0 1.8 -0.851263 -0.381593 -0.360193
95.9601 37.8643 -42.6266 -0.59142 -0.540341 2.22026 -0.849949 0.201414 -0.486846
87.9893 8.07347 -6.96697 1.27413 0 -1.6 -0.871955 -0.168705 0.459601
133.88 18.8776 -20.5056 -0.0444341 0 -1.6 -0.0439071 0.236707 -0.970589
117.271 19.8346 -49.1399 -1.21988 -0.0889426 -3.5 -0.611288 -0.156806 -0.775719
117.592 17.1922 -26.4998 -0.594787 -0.0493357 -0.8 -0.450385 -0.396951 0.79974
130.054 8.42256 -40.7728 0.492629 0 -0.7 -0.419371 -0.841517 -0.340554
86.7477 11.1702 -9.81612 1.4953 0 -4.5 -0.686842 -0.633136 0.356912
125.039 31.5156 -37.3721 0.0457738 0 2.8 0.690735 0.63402 0.347713
84.2763 29.6139 -8.91562 -1.40431 -0.227512 -0.4 -0.237307 0.505225 0.829719
136.254 14.9014 -20.5652 -1.14201 -0.806359 -3.5 0.163805 -0.14686 -0.9755
109.094 20.0744 -14.6866 0.111972 0 -0.7 0.612191 0.201573 -0.764585
135.505 13.2234 -39.9297 -0.982887 -0.171349 -3.5 0.847618 -0.421178 0.322727
110.351 18.6845 -33.0155 -1.38039 -0.0560859 3.8 -0.456765 -0.641824 0.615977
109.041 13.0829 4.77537 -1.46068 -0.0321384 -1.3 0.773764 -0.132505 0.619461
114.912 29.2685 -26.0644 -0.304449 -0.106633 2.8264 0.196999 -0.498955 0.84394
103.82 10.1812 5.44531 0.038901 0 -1.45028 0.825516 -0.52151 0.215756
104.32 16.632 3.72675 -0.20698 0 -1.3 0.530172 0.847279 -0.0321863
74.5352 19.1308 -27.227 1.69952 0.81068 -0.8 -0.0105456 0.503015 -0.864213
79.4617 31.5505 -28.6463 0.522847 0.0782645 3.11166 -0.0866162 0.0581377 -0.994544
102.625 36.2542 -48.1636 0.464507 0 -3.9 0.323541 -0.579326 -0.748133
108.628 24.3932 -23.0893 -0.375792 -0.0127313 -1.73282 -0.897914 -0.329727 0.291601
95.6916 32.5833 -9.92262 0.280361 0 1.9 -0.288419 0.387565 0.875562
84.0683 10.3647 -9.9925 1.26994 0.466054 -0.4 0.816819 -0.271887 0.508807
132.666 25.3566 -44.6459 0.168954 0 -4.5 -0.625194 0.779536 0.038171
114.965 35.1625 -38.4605 -0.32066 0 -0.7 0.630538 0.75151 -0.194046
104.311 20.9456 -42.9058 0.0596739 0 4.5 -0.588828 -0.762853 -0.26709
111.912 11.0245 -31.0672 -0.411631 0 -3.2 -0.457492 -0.238077 0.85675
84.1932 4.46088 -13.989 0.466679 0 -1.70136 -0.0607324 0.0549559 -0.99664
116.094 4.76613 -3.0225 -0.184514 0 4.5 -0.0330391 -0.720308 0.692868
77.6701 19.2754 -12.5829 0.450522 0.709147 4.25925 0.454826 0.5816 0.674444
111.12 21.5268 -24.8589 -0.0659578 0 -1.6 -0.153038 -0.936775 -0.314692
90.255 13.379 11.813 0.469925 0 -4.5 -0.192531 -0.808301 0.556401
107.938 23.1424 -4.07919 -0.367765 -0.894372 -0.8 -0.82671 0.531453 -0.184686
116.571 25.6067 -9.47163 -0.00618302 0 -1.6 0.726487 0.438942 -0.528722
80.7198 6.13031 -9.61506 0.278918 0.40174 1.18621 0.167026 -0.580206 0.797159
102.938 22.8913 -29.7048 0.0509375 0 2.8 0.47987 -0.557864 0.677135
111.183 8.23588 -14.2491 -1.26085 -0.228572 -3.5 -0.536729 -0.652941 -0.534407
87.926 40.6525 -26.1249 -0.889861 0 0.480212 -0.770338 0.407526 0.49041
92.5156 45.4027 -25.1959 -1.113 0 -3.5 -0.885153 0.409763 0.220451
117 34.1792 -33.5279 -0.0915658 0 -0.7 0.573081 0.630671 0.52329
101.921 38.7191 -43.9077 0.576264 0.784536 -3.3594 0.789498 0.212333 0.575854
107.776 10.1115 2.73388 -0.191964 -0.632724 -1.21162 0.876011 -0.0701801 0.477158
100.681 28.1976 -16.7477 -0.0066319 0 -3.5 0.701889 -0.415294 -0.578691
109.67 11.1989 -35.4621 -0.263467 0 -3.2 -0.74529 -0.290542 -0.600107
77.7181 32.5571 -28.0215 0.320506 0 3.8 -0.708868 0.0392548 -0.704248
104.957 22.5823 -31.4342 -0.491268 -0.04358 -2.25238 0.0230434 -0.373003 0.927544
92.673 7.92294 -24.2248 2.87946 0 -0.4 0.948982 -0.105803 -0.297051
125.304 12.181 -12.9047 -1.10007 -0.709451 -3.5 0.245339 0.958739 0.143622
120.258 6.79406 -16.7259 -0.630262 -0.719477 -3.5 0.38334 -0.61946 -0.685069
134.645 13.8888 -36.7056 0.0865955 0 1.8 0.721445 0.0166295 0.692272
81.0062 17.3331 -8.2305 -0.293372 -0.156121 3.26814 -0.472151 0.518328 0.713028
102.412 25.5659 4.52225 -1.62166 -0.424913 -3.5 0.492231 0.588396 0.641481
134.024 8.64013 -15.2489 -0.825888 -0.169701 -3.5 0.795221 -0.552713 0.249264
87.8476 35.3548 -36.6224 1.22813 0.0954671 -3.5 -0.535314 -0.0768817 -0.841147
97.9867 24.6632 -2.08256 -0.842348 -0.0997663 -1.41998 0.581396 0.480049 -0.656911
122.482 13.0057 -38.3613 0.369438 0 3.86003 -0.606455 -0.642665 0.468182
111.035 23.8791 -11.2373 -0.259633 0 -3.5 -0.405829 0.89674 0.176525
137.37 19.7204 -16.5648 -2.46542 -0.30158 -1.6 0.358005 0.600484 0.715018
77.1517 28.7999 -29.6315 0.96266 0.0423876 -4.5 -0.128726 -0.328211 -0.935792
114.936 37.1195 -40.7785 -1.48663 -0.413475 -3.5 0.797446 0.600538 0.0586055
82.7616 10.8267 -1.37413 -0.0442155 0 -3.5 -0.455924 -0.780735 0.4273
129.262 16.9104 -15.5658 -0.182389 0 4.5 -0.571698 0.307599 0.760621
93.665 44.1146 -34.419 0.583948 0 -2.88962 -0.0258072 0.549905 -0.834828
76.8307 30.3633 -29.0308 0.735605 0 -4.5 -0.596236 0.57121 -0.564111
101.371 26.4951 -5.86381 -0.21792 0 1.8 -0.69446 0.708499 0.125515
117.418 33.6334 -26.1564 -0.0503796 0 3.8 0.895366 0.400336 -0.195064
80.2159 23.8874 -7.32662 -0.756665 -0.435235 -3.28638 0.167181 0.296457 0.9403
108.207 21.0243 -15.4271 0.0613551 0 -0.7 0.398604 0.478902 -0.782156
81.8147 10.6547 -26.4156 -0.561928 0 -3.5 0.355914 -0.329479 -0.874511
74.6906 9.33375 -9.422 -0.165712 0 3.8 -0.931393 -0.232742 -0.27989
131.415 15.645 -50.6312 -0.0321454 0 -0.00606879 0.0953653 0.683869 -0.723346
125.404 12.1741 -9.00469 -0.250031 0 -1.6 0.941696 -0.277757 0.189895
97.0064 14.4501 -20.7676 0.185715 0.382243 -0.8 0.0561675 -0.996874 0.0555716
111.87 5.33712 -43.0434 2.24743 0.395915 -3.9 0.357285 -0.582353 -0.730214
91.0167 6.495 -23.2796 5.74761 0 -0.4 0.0891517 -0.976331 0.197053
80.6413 29.55 -18.341 -0.617734 0.357832 -3.2 -0.892071 0.159958 0.422639
111.034 11.5849 -19.28 0.190509 -0.22218 -1.1412 0.0882637 -0.0623056 -0.994147
96.9149 35.211 -10.2843 0.143785 0 1.9 -0.0410326 0.673783 0.73779
111.694 3.08938 -12.8827 0.403247 0.00427158 -4.5 -0.585907 -0.192606 -0.787157
81.0411 33.0579 -31.8144 1.03633 0.620067 -0.8 -0.876579 -0.329728 -0.350554
95.8655 42.9198 -27.2404 0.780421 0.243878 -3.5 0.928596 0.0556025 0.366903
107.992 26.7603 -28.4438 0.348699 0 -1.6 -0.485758 -0.842115 -0.23427
104.454 23.8564 -30.7784 -0.303674 0 4.2 0.349965 -0.222489 0.909958
131.882 17.5839 -15.377 -0.140143 0 4.5 0.178654 0.299139 0.937336
122.963 26.4737 -32.3713 0.0981996 0 4.2 -0.048774 0.864046 0.501044
77.4758 16.1782 -4.87813 0.0599764 0 -0.9 0.0642785 0.795791 0.60215
106.578 23.394 -8.48287 -1.88594 0 -0.4 0.369855 0.799173 -0.473846
94.567 12.4572 -20.832 -1.27648 -0.110926 2.8 0.605523 -0.732982 -0.309965
106.675 21.2562 -39.5256 -0.0684249 0 -3.5 0.032422 -0.971909 0.233113
71.2945 19.0637 -17.0435 0.12042 -0.121733 -0.4 -0.99817 0.0563057 0.022067
86.5926 4.15019 -27.1723 -2.19457 -0.0638278 -3.5 0.67409 -0.552441 -0.490318
99.9379 -0.33425 -5.99337 0.0324715 0 -3.9 -0.336279 -0.941331 -0.0284912
121.646 24.8425 -26.647 -0.247175 0 -4.5 0.629584 0.222979 0.744248
85.374 5.90863 -15.1864 -0.0380331 0 -2.86478 -0.247491 -0.85881 -0.448547
130.173 14.7416 -38.0101 -0.279195 0 0.234713 0.00354046 0.847961 0.530048
112.667 17.6282 -16.0049 -3.73267e-05 0 -0.8 -0.0753435 0.936681 -0.341983
95.9861 22.9332 5.26444 -0.171429 0 -0.8 0.67564 0.627326 0.387264
124.721 14.6318 -13.7727 -0.630107 0 -0.7 0.690727 0.0478211 0.721533
113.56 36.6917 -42.4618 -1.58102 -0.0237702 -3.5 0.301464 0.378731 -0.875033
99.1675 7.16638 -11.7082 0.286774 0 4.23416 0.0377168 -0.987451 -0.153358
101.391 26.3744 -12.401 -0.0234745 0 -0.4 0.994148 -0.100493 -0.0396317
134.469 16.9959 -20.2617 -0.216069 -0.0311298 -1.73589 -0.32373 -0.199053 -0.924974
77.2584 25.4466 -10.777 -0.826005 -0.656525 -3.5 -0.929563 0.362652 0.0663018
78.1292 10.2534 -12.4802 -0.2791 -0.821354 -3.5 -0.435823 0.873787 0.215765
101.705 9.81125 10.9719 -0.113583 -0.030558 -3.27585 0.0673825 -0.538143 0.840156
120.991 13.9485 -18.4851 -0.108405 0 -1.6 -0.47827 0.273809 -0.834438
124.647 10.5487 -10.7001 -0.765986 0 -2.84634 0.582482 -0.453 0.674912
91.7046 32.0314 -16.3005 0.912605 0 -4.5 -0.188312 0.812293 0.552014
105.235 14.5766 -18.5684 0.453386 0.307586 -1.3 -0.829524 -0.505278 -0.237873
101.642 15.0857 -20.0264 -1.26728 -0.838569 -0.8 0.463743 -0.785439 -0.409912
77.7022 8.56475 -22.9419 -1.27992 0 -2.20922 -0.737103 -0.674138 0.0470832
79.2477 7.446 -21.5648 -0.512507 -0.608251 -3.5 -0.774702 -0.525597 0.351545
98.7838 21.4202 -34.8689 0.168671 0 -1.3 -0.854543 -0.226533 -0.467375
131.167 19.5111 -40.3276 0.819619 0.0396511 -0.9 0.571995 0.546768 0.611446
101.077 27.3769 -13.6531 -0.126944 0 -3.13124 0.881495 -0.471117 -0.031861
119.549 31.4195 -36.1102 -0.170651 0 3.8 -0.160959 0.879396 -0.448056
113.697 1.063 -11.1554 0.259858 0 -4.5 0.226626 -0.835112 -0.501226
96.9317 23.0989 1.70219 -0.073553 0 -3.5 0.574942 -0.0451165 0.816949
83.6072 38.0671 -30.7193 -1.96727 0 -0.4 -0.898793 0.197646 -0.391289
88.4492 30.2754 -7.63413 -0.0824828 0 -3.5 -0.32124 0.615267 0.719897
125.087 25.2609 -40.0719 0.560741 0 2.8 0.416084 -0.154703 -0.89607
94.0045 5.68125 -12.7397 -0.51862 -0.135308 -2.42203 0.386121 -0.922167 -0.0227631
105.333 -1.36456 -3.64275 -0.129836 0 -3.5 -0.422486 -0.881113 0.212475
103.134 22.1274 -23.0606 0.131012 0 -0.4 -0.981962 0.187767 0.0222342
107.491 17.4433 -41.6759 -0.153505 0 -2.81938 -0.86333 -0.396899 0.311661
104.953 20.6166 -36.7546 -0.508284 0 -3.5 0.264556 -0.862682 -0.431033
129.003 8.5115 -44.5773 0.548 0.667966 -3.5 0.39473 -0.780138 0.485359
119.507 25.4918 -43.3839 0.155189 0.215067 -1.0337 0.347173 0.826955 -0.442286
112.778 35.1017 -38.0918 -0.501859 -0.104587 -0.909891 0.364315 0.897245 0.249452
126.498 15.4539 -51.1559 -1.90516 -0.0779352 -1.6 0.0147125 0.521477 -0.853138
81.8371 30.8078 -8.44137 1.11658 0.323098 -3.5 0.722518 0.26634 0.63799
102.089 43.2106 -33.6539 0.0845577 0 -3.5 0.205321 0.975235 -0.0822223
77.0559 9.447 -24.1667 -1.43572 -0.0636471 -3.5 -0.897547 -0.440729 -0.0129208
90.8907 25.299 2.50763 3.306 0 -3.9 -0.0924397 0.868673 0.486685
112.866 -1.02813 -4.798 -0.333703 0 -4.5 0.252599 -0.635543 0.729575
87.5338 18.8323 -31.7458 0.306854 0 -0.7 -0.733706 -0.45759 -0.502282
91.0784 4.01912 -10.6326 -1.16034 -0.0648001 -3.60422 0.533154 -0.842134 -0.0809734
107.051 20.59 0.1185 -0.204255 0 -3.5 -0.295404 0.0486494 0.954133
111.864 14.3669 -18.121 -0.75051 -0.490307 -0.8 0.376218 0.291921 -0.879342
97.6882 35.6934 -11.8306 0.446642 0 1.9 0.304183 0.951944 0.0357211
127.474 20.1992 -30.6127 0.63368 0.0115605 -4.5 -0.266994 0.448541 -0.852951
115.84 16.8055 -3.05087 -0.130906 0 3.8 0.110148 -0.305372 0.945841
121.083 5.38925 -7.62375 -1.90277 -0.256631 -0.4 0.30559 -0.800118 0.516164
118.84 21.2304 -11.4774 -0.250491 0 4.2 0.66782 0.436045 -0.603226
77.8667 35.2114 -24.3813 0.0461564 0 3.8 -0.48366 0.801387 0.351926
122.096 5.99456 -11.0968 -0.446649 0 -0.4 0.554974 -0.698314 -0.452063
102.644 19.9246 -36.4028 -1.17956 -0.00307337 -3.276 -0.0012772 -0.693587 -0.720372
114.219 14.4097 -2.94319 0.395993 0 -0.8 0.773745 0.438941 0.456782
86.5721 16.3106 -1.85863 0.203469 -0.995371 -0.7 -0.0366171 0.998887 0.0297426
86.1786 11.622 1.79869 -0.168592 0 -3.5 -0.864188 0.447928 0.229215
88.7399 42.3759 -31.7911 -0.600329 -0.418012 -0.7 -0.378972 0.905807 -0.189458
127.346 4.8055 -47.6995 0.705616 0 -4.5 0.0229763 -0.856853 0.515049
101.601 2.80713 0.98425 0.00285093 0 -0.533649 -0.788708 -0.513292 -0.338334
77.7822 27.7038 -28.3505 0.0975885 0 -4.5 0.174072 -0.77075 -0.612898
85.3645 31.0691 -32.2337 -0.79826 0 -0.8 -0.314616 -0.383603 -0.868254
102.579 7.482 -14.7047 -0.404764 0 4.5 0.109788 -0.928168 -0.355598
131.768 10.9704 -33.502 0.0439617 0 -0.8 0.71055 -0.135818 0.690414
118.999 19.594 -49.7751 -0.634462 -0.00257553 -3.23092 -0.575976 -0.241268 -0.781051
124.747 21.2162 -47.8859 0.994963 0.604053 -0.9 0.455664 0.814237 -0.359706
135.237 18.3417 -15.308 -0.167994 0 -1.6 0.224688 0.314114 0.922414
92.0839 3.43606 -8.10044 -0.978698 0 -1.3 -0.330373 -0.855666 -0.398359
120.468 28.0886 -41.5392 0.365348 0 4.2 0.393456 0.272906 -0.877903
80.405 19.2617 -8.85338 0.0550113 0 -1.3 -0.729063 0.161286 0.665172
110.854 7.882 0.5735 -0.302235 0 3.8 -0.0840567 -0.515405 0.852814
98.3734 17.3067 -24.9663 -0.153097 0 -1.6 0.889226 -0.119028 -0.441713
122.255 27.9847 -35.2096 -0.165594 0 2.92809 0.308496 0.494486 0.812597
99.8932 32.5926 -9.60413 -0.171389 0 0.980998 0.1581 0.790567 0.591615
72.9949 20.0975 -19.3562 0.187567 0 -0.4 -0.300427 0.781478 -0.546841
94.3345 38.1265 -34.3055 0.303896 0 3.8 -0.172945 -0.98396 -0.043736
81.2498 13.165 -27.1566 -1.28485 -0.0292581 -3.5 0.0532607 -0.640006 -0.766522
79.5845 13.976 -4.57275 -0.15472 0 -0.9 -0.269664 -0.437155 0.858007
100.657 1.17494 -8.02631 -1.17493 -0.71868 -3.5 -0.424198 0.395717 -0.814533
137.69 20.5095 -44.6029 -0.938314 0 -3.5 0.97005 0.125496 0.207974
126.373 15.7887 -39.1024 -0.140802 0 -0.9 0.175052 0.421152 0.889937
124.199 9.60181 -51.3312 0.346426 0 -4.5 -0.701907 -0.363832 -0.612334
87.7941 4.35938 -14.2647 0.137586 0 -4.5 0.134521 -0.461237 -0.877021
123.101 22.9251 -28.0178 1.12043 0 -4.5 0.657083 -0.0561395 0.751724
94.0437 22.0809 -33.1034 1.33112 0.195981 -2.86429 0.169264 -0.38822 -0.905889
118.416 14.1279 -29.1755 -0.408346 -0.211604 4.2 0.157224 -0.484816 0.860368
79.5921 21.5821 -8.19525 -0.586803 -0.136741 -1.3 -0.797023 -0.450787 0.401928
133.503 12.2191 -18.6061 0.8456 0 -3.5 -0.0869146 -0.0120149 -0.996143
98.0385 37.4485 -27.8668 -0.0316303 -0.0786401 1.93467 0.477236 0.224427 0.849635
117.493 6.72687 -17.4344 -0.32337 -0.384526 -3.5 0.0525585 -0.119758 -0.991411
99.1807 41.2929 -41.9232 0.00161068 0 1.8 -0.176015 0.440454 0.880352
77.3569 34.0114 -25.8722 0.156188 0 3.8 -0.939468 0.318604 -0.126058
79.123 16.4116 -7.919 -0.331132 0 3.42194 -0.245463 0.869825 0.427964
74.688 19.7788 -18.5292 0.789134 0 -2.26393 0.00833754 0.928395 -0.371501
130.272 18.1695 -39.299 -0.593251 0 -0.9 0.222181 0.281761 0.933406
89.7595 10.3144 3.61888 -0.345281 0 -1.99292 -0.21749 -0.0996524 0.970962
97.7565 10.6528 -15.9606 1.69436 0.681952 3.8 -0.498309 -0.334983 -0.799672
132.468 14.7589 -36.9589 0.0446683 0 1.8 -0.0715839 0.817878 0.570922
116.293 18.5496 -3.16738 -0.119735 0 3.8 0.335077 0.4008 0.852691
76.612 16.1209 -8.47987 -0.334689 0 1.70825 -0.396721 0.891511 0.218677
87.086 8.545 -8.159 0.811585 0 -1.6 -0.980157 -0.0624089 0.18814
90.4588 31.9939 -14.8302 0.416743 0 4.2 0.268872 0.921094 -0.281593
130.965 12.5632 -50.6022 0.280807 0 -1.6 0.447127 -0.695578 -0.562359
95.75 33.551 -36.3495 0.133068 0 3.97541 -0.982612 0.131923 0.130656
109.046 10.6018 0.9545 -0.47381 -0.318416 1.50728 0.813586 0.200437 0.545805
97.1516 30.6283 -9.00278 0.268373 0 1.9 -0.248372 -0.0487971 0.967435
102.341 24.6952 0.528875 -0.314953 0 -3.5 0.599612 0.683003 -0.417101
103.107 24.2241 -29.7497 -0.215069 0 2.8 0.824906 -0.186698 0.533548
95.4163 37.5665 -35.4393 0.298697 0 3.8 -0.253306 -0.820596 0.512306
101.311 24.6842 -24.8495 0.510787 0 -4.5 -0.452044 -0.880429 0.14318
106.819 40.1615 -38.881 -0.591645 0 2.8 0.868799 0.224608 -0.441293
132.696 8.47775 -37.5299 -0.129283 -0.111604 -0.7 0.405302 -0.132326 0.904555
126.536 14.9064 -29.4275 0.592867 0 -4.5 -0.347759 -0.774317 0.528675
86.1195 26.346 -7.663 3.15454 0 -3.9 0.310445 0.584689 0.749509
96.8196 14.9893 -23.8247 0.403929 0 -1.6 0.267036 -0.963375 0.0245208
81.6299 31.9266 -11.0844 0.0853217 0 -2.56761 0.120027 0.990101 0.0727507
83.331 4.8365 -24.246 -0.644344 -0.0158488 -3.5 -0.807142 -0.524886 -0.270216
108.134 18.3817 -43.4485 0.169077 0 -3.5 -0.303474 -0.367861 -0.878966
83.7815 7.419 -7.8 0.295419 -0.07796 -0.631588 0.638763 -0.729054 0.24589
103.14 0.0995 -4.05475 -0.0113402 0 -3.85904 -0.109819 -0.993122 0.040614
99.461 21.3699 -12.473 0.0299721 0 3.8 0.302846 0.719941 0.624475
123.589 23.0094 -40.2036 -0.00954966 0 4.2 0.775283 -0.168024 -0.608855
103.983 30.9145 -17.7605 0.225278 0 -1.6 0.484445 -0.129701 -0.865154
83.2237 4.07175 -8.1485 0.204414 0 -0.4 -0.79745 0.028758 0.602699
121.714 18.3465 -10.6755 -0.158087 0 -0.7 0.78976 0.495952 0.360986
80.3315 21.0487 -27.2262 0.181071 0 -1.6 -0.44994 -0.379977 -0.80819
121.863 8.70938 -5.67688 -0.0957897 0 1.8 0.594774 -0.387073 0.70457
101.742 26.1183 -43.4535 -0.109539 0 -3.5 -0.523744 -0.682571 -0.509694
109.565 13.2618 -38.1538 -1.4709 -0.828006 -3.5 -0.761582 -0.631664 -0.144888
97.464 22.205 -9.559 -0.0210988 0 2.8 0.398098 0.917278 -0.0109007
74.4958 14.4215 -13.4777 -0.0826487 0 2.31146 -0.349391 -0.915732 0.198394
88.8726 9.44681 -2.45203 -0.129498 -0.83326 -0.8 -0.728086 -0.681248 -0.0761112
75.1591 15.0347 -10.0577 -0.139223 0 -0.9 -0.989137 -0.139292 -0.0469593
120.707 27.0538 -33.7501 -0.876052 -0.165369 2.56812 0.515274 0.4865 0.705557
107.916 21.6953 -18.5992 -0.0977856 0 -0.8 -0.0756659 0.598108 0.797836
75.7745 16.2027 -26.9318 -0.276398 -0.178008 -0.7 -0.23928 0.321655 -0.916124
97.9464 25.3467 -38.2355 0.220397 0 -0.7 -0.672622 -0.73984 -0.014678
87.3953 9.97122 -24.8808 0.560325 -0.077077 -2.02375 0.130358 0.0997958 -0.986432
87.0638 41.842 -29.9345 -0.691726 -0.00794102 -0.407251 -0.384383 0.922176 0.0429063
112.096 20.7124 -45.9675 1.41705 0 -4.5 -0.555333 0.117579 -0.823274
107.905 38.0408 -36.6005 -0.521244 -0.267582 0.554992 0.749296 0.580923 -0.317937
74.3779 19.8425 -25.5813 -0.0735608 -0.351919 -0.8 0.0389844 0.944046 -0.327501
113.808 7.05434 -42.5008 0.389508 0 -3.9 0.655607 -0.663717 -0.360082
126.518 16.4765 -35.648 0.179953 0.368789 4.2 0.775892 0.43683 -0.455162
104.553 42.2412 -34.3237 0.122063 0 2.8 0.682717 0.70378 0.196447
106.232 23.9158 -24.3888 -0.134843 0.720831 -4.5 0.92899 -0.0417206 -0.367745
76.7705 17.9823 -10.4421 0.142647 0 4.23018 -0.0631453 0.667306 0.742102
87.7633 32.2581 -32.4993 -0.34267 0 3.8 -0.189732 -0.244351 -0.950944
103.52 6.95134 -13.1227 -0.100641 0 4.5 0.124355 -0.896388 -0.425469
101.732 33.791 -27.062 -0.122177 0 -0.7 0.330048 0.456019 0.826508
80.1192 6.09941 -19.4141 -0.0707018 0 -3.5 -0.964945 0.187477 0.183669
124.544 14.5105 -7.75863 0.0825135 0 -1.6 0.70955 0.605696 0.360098
95.46 41.2486 -37.1715 0.311221 0 3.8 -0.381059 0.340124 -0.859715
79.1235 31.1895 -21.5047 0.452702 0 -3.5 -0.370586 0.761688 0.531504
89.1197 7.55347 1.53969 0.115488 0 -3.5 0.29366 -0.955689 -0.0205223
119.164 10.0706 -34.4044 0.517361 0 -0.8 0.783886 -0.0101843 -0.620821
113.434 21.3807 -3.06181 -0.000615559 0 -0.8 0.831052 -0.505487 0.232026
72.2811 17.932 -22.7555 -0.0960247 0 -0.8 -0.941245 0.132853 0.310496
88.9913 20.3098 -32.5884 -0.0687706 -0.356067 -0.7 -0.451748 0.560743 -0.693896
137.146 11.2038 -16.6366 -0.686927 0 -3.5 0.160765 -0.796377 0.583042
83.858 6.519 -8.356 -0.00563904 -0.415964 -0.4 0.730764 0.584749 0.352212
125.292 23.4566 -34.8 0.976672 0 3.89916 0.932334 0.217572 0.288816
92.0271 40.0506 -34.6569 0.571613 0 -3.9 0.0483356 -0.331349 -0.942269
121.556 16.3581 -7.46562 -0.254085 -0.136296 2.91213 0.642894 0.649522 0.405966
87.8615 9.0275 -0.508 0.139359 0 -3.5 -0.478041 -0.454918 -0.751349
122.911 29.7555 -35.9797 -0.767844 0 2.8 0.375098 0.19996 0.905162
111.261 21.3827 -14.2015 0.387544 0 -3.5 0.317254 -0.439897 -0.840143
132.675 12.3394 -44.3005 -0.418209 -0.000756637 -3.5 0.5072 -0.851478 -0.13317
117.216 1.81581 -8.78675 -0.071453 0 -3.5 0.42845 -0.903506 0.0103615
98.4924 30.5357 -8.75719 0.139779 0 1.9 -0.207777 0.0251786 0.977852
99.3345 25.1141 -25.3725 0.474396 0 -4.5 0.0805392 -0.992579 0.0911101
131.304 14.0584 -35.2812 0.376157 0 1.65791 0.457839 0.829909 0.318802
98.2254 22.5688 -22.9999 -0.138093 0 4.2 0.688986 -0.347139 -0.636233
89.5195 3.59134 -7.602 0.0482462 0 -1.6 0.344355 -0.888799 0.302416
79.1732 10.7727 -26.5284 -1.50157 0 -3.5 -0.0498931 -0.0355671 -0.998121
116.288 29.5454 -26.1209 -0.264757 -0.14041 1.99442 0.832834 -0.550826 -0.0545766
75.2658 17.5301 -27.0325 0.0896322 0 -0.8 0.207227 -0.181872 -0.961239
101.712 1.03175 -0.747437 -0.138587 0 -3.9 -0.762274 -0.533736 0.366147
103.434 11.6561 8.59669 0.0733622 0 -3.5 0.902351 0.424864 -0.0724805
96.5068 15.8229 9.41725 -0.225164 0 -3.5 0.487325 0.485066 0.726103
106.038 25.9748 -25.6283 -0.264352 0 -3.23875 -0.167531 -0.394094 -0.903672
84.1048 15.6575 -0.862 -0.260862 -0.0761784 -3.08856 -0.518804 0.717957 0.464091
89.9061 21.4264 -32.1668 0.0850789 0 -0.7 -0.592937 0.3529 -0.723801
110.076 25.2465 -2.21122 -0.0777078 0 -0.8 -0.163602 0.933259 0.319783
99.1316 7.04681 -10.144 0.825012 0 1.9 -0.27816 -0.888797 -0.364236
75.6336 12.4999 -21.4675 0.108858 0 -0.7 -0.883292 -0.464474 -0.0637205
88.5484 33.2109 -14.022 0.196291 0 4.2 0.34494 0.852942 -0.391798
104.626 26.0349 -25.6235 -0.459075 0 -4.5 0.557624 0.182272 -0.809835
122.122 24.5216 -44.8797 -2.11266 -0.732024 -3.5 0.435507 0.875886 -0.207742
78.7591 27.557 -25.213 2.26763 0.817053 -4.5 0.0260401 -0.999635 0.00718584
98.1274 37.4453 -40.8059 -0.0550994 0 3.8 0.12546 0.895794 0.426395
86.1259 17.5676 -27.4306 0.179446 0 2.5 0.0269285 -0.568681 -0.822117
96.4533 30.2009 -44.914 0.109839 0 4.2 -0.908455 -0.10228 -0.405275
103.428 27.972 -44.6428 0.358222 0 -3.5 -0.0831597 -0.126553 -0.988468
102.155 1.11456 1.52538 0.0559607 -0.00297331 -3.5 -0.845705 -0.531949 0.042594
82.3208 8.17409 -24.6462 -0.744012 0 -3.5 -0.689779 -0.697423 0.194439
104.371 13.3868 6.68725 -0.340615 0 -1.3 0.539205 0.041571 0.841148
121.295 14.8097 -29.9252 -0.768156 -0.19833 -0.4 0.645203 0.0539582 0.762103
98.8919 48.5645 -38.2195 1.07392 0 -3.9 -0.698842 0.308085 -0.645525
104.198 36.8342 -46.4107 0.634875 0 -3.9 0.801144 -0.446816 0.39815
89.4005 2.74541 -9.54578 0.102144 0 -4.5 0.396 -0.846316 0.356277
78.1312 31.7923 -23.1881 0.315473 0 2.84848 -0.653386 0.430906 0.622421
116.59 25.2415 -45.375 0.179546 0 1.8 -0.154419 0.353116 -0.922748
87.12 17.93 3.74075 -1.43469 -0.153575 -3.5 -0.988883 -0.0785739 0.126238
119.734 10.5679 -18.8056 0.150163 0 -1.6 0.240577 -0.318106 -0.917023
84.6095 30.3193 -31.1467 0.236836 0 1.40468 -0.684841 -0.234712 -0.689857
114.229 22.2781 -22.1819 0.188022 0 -1.6 0.448454 -0.808089 0.381944
107.627 4.36062 2.65191 -0.869244 0 -3.5 0.939964 -0.280111 -0.194949
109.962 10.181 0.76 -0.359189 0 3.8 0.103649 0.477245 0.872636
114.313 12.695 -30.9512 0.0325211 0 -3.2 -0.28163 0.565588 0.775109
95.6421 4.90887 -8.62512 -0.253825 0 -0.8 0.22541 -0.689927 -0.687889
100.897 29.2993 -9.45544 -0.0887191 -0.0293481 1.18763 0.575881 -0.558553 0.596976
94.428 14.6885 -27.545 0.320444 0 -1.6 0.23327 -0.483365 -0.843767
76.988 9.54887 -25.4039 -3.02627 -0.742869 -3.5 -0.862029 -0.459901 -0.213068
96.9712 22.6692 -26.5631 -0.504402 0 -1.331 0.998664 -0.0454293 -0.0246194
102.429 42.2149 -38.4604 -0.905998 0 -3.9 -0.113264 0.298788 -0.947574
81.449 22.0785 -28.614 -0.00742057 0.0691319 -2.69766 -0.939424 0.122566 -0.320094
84.4824 21.6616 -5.73491 0.645434 0 -3.9 -0.66654 -0.182553 0.722772
90.6547 34.2349 -18.6379 0.705517 0.0108769 -3.62455 -0.194879 0.443511 0.874826
112.814 33.8971 -42.1543 -0.376545 0 -3.5 0.0349036 -0.154302 -0.987407
115.898 22.563 -11.1276 0.00891589 0 -1.6 0.483558 0.638768 -0.598454
98.055 39.2059 -37.3078 0.02999 0 -0.399188 0.0173331 0.228069 -0.973491
103.672 26.4143 -7.62488 -0.229917 0 1.8 0.280761 0.740067 -0.611125
130.062 8.48022 -36.7043 0.182637 -0.133892 -0.760583 -0.717682 -0.684672 0.127107
81.8857 12.2196 -3.97213 -0.0908932 0.377245 -2.12041 -0.88285 -0.410825 0.227591
94.6914 37.1127 -18.7421 0.0350667 0 -0.8 0.665324 -0.133328 0.734553
92.9389 21.9112 -4.84163 0.326438 0 -3.5 0.219981 0.931247 -0.290495
84.8067 36.4884 -17.0352 0.593396 0 -2.64952 0.0900833 0.848331 -0.521746
87.7816 23.1485 -6.08112 0.653331 0 -3.9 0.753592 0.604488 0.258252
123.602 10.8792 -17.7045 -0.953617 -0.234326 -3.2739 0.317507 -0.443071 -0.838378
95.5915 25.3001 -3.28638 -2.04731 -0.883079 -3.5 -0.483037 0.196376 -0.853295
80.74 29.7735 -15.0245 0.201917 0 -3.2 -0.877536 0.461659 -0.129619
95.4202 34.4373 -11.0625 0.694421 0 1.9 -0.529851 0.67497 0.513491
80.4805 26.7978 -25.663 0.802476 0 -4.5 -0.625732 -0.780037 0.0015021
80.2607 27.7682 -19.1642 0.0497531 0 0.101255 -0.674417 0.222906 0.703899
103.131 13.1375 8.46784 0.114076 0 -0.8 0.997168 0.0648342 0.0381236
84.7373 18.5385 -28.9105 -0.140409 0 -3.5 -0.367416 -0.856605 -0.362262
123.519 32.3581 -38.2042 0.0696616 0 2.8 0.250289 0.94834 -0.194954
104.344 20.8146 -14.9573 0.213128 0 -0.7 -0.0247659 0.986327 -0.162927
80.8232 31.8442 -18.8679 -1.25917 -0.162173 -1.3 -0.755144 0.561637 0.338115
95.6005 18.5537 -27.0134 -0.0421035 0 -0.498279 -0.165714 -0.0862695 -0.982393
104.387 17.794 1.1075 0.442482 0 2.5 0.432021 0.745471 0.507573
119.912 23.6103 -48.5054 -0.774281 0 -3.5 0.648191 0.631143 -0.426036
118.786 11.8614 -35.7216 0.675994 0 4.2 0.940677 -0.338698 0.0202459
131.173 11.1957 -45.7867 -0.341796 0 -3.5 0.692983 -0.720683 0.0197852
119.087 3.21991 -9.31791 -0.984842 -0.0164418 -3.5 0.622636 -0.422993 0.658332
136.728 16.3489 -16.8885 -0.865843 -0.611871 -1.77679 0.820482 -0.0307922 0.570843
96.432 2.91606 0.0805312 0.868257 0.216093 -0.8 0.462473 -0.694103 -0.55167
126.877 13.4664 -32.518 -0.186114 0 3.18425 0.451509 -0.722799 0.523164
111.995 0.524375 -10.1795 1.06855 0.368386 -4.5 0.133085 -0.627241 -0.76737
108.772 15.5401 -23.0101 2.53738 0 -3.9 0.938757 0.314428 0.14096
89.3187 20.6686 -0.336625 0.975594 0 -3.9 -0.964858 0.0795994 -0.250424
100.524 26.163 -8.26325 -0.293436 0 1.81292 -0.137507 0.985907 0.0952828
125.651 9.44881 -11.7077 -1.43883 -0.0113438 -3.5 0.336381 -0.613207 0.71472
89.035 33.3083 -12.9199 0.226664 0 4.2 0.152901 0.986202 -0.063459
129.647 16.5139 -39.0971 -0.292211 0 -0.9 0.114097 0.401843 0.908573
100.91 11.7201 11.7319 -0.152321 -0.15831 1.37667 0.233363 -0.194536 0.952732
102.476 25.1738 -44.1286 0.300755 0 4.5 -0.971988 0.00761062 -0.234906
127.124 20.5586 -45.0306 -0.521038 -0.0395178 -0.9 0.154706 0.913715 -0.375755
132.601 11.0566 -36.4225 0.388639 0.102714 0.474877 0.839958 -0.444282 0.311585
76.7828 21.6367 -18.9745 0.344159 0 -3.55541 -0.991511 0.124465 -0.0376093
93.1589 14.4188 7.10419 0.199021 0 -4.28131 0.426449 -0.838782 0.338506
80.0801 20.0681 -10.4307 -0.122039 0 -1.3 -0.998471 0.0460813 0.0305276
100.35 27.1261 -9.71775 -0.47864 0 0.969134 0.880385 0.0774784 0.467888
103.841 11.8325 10.4521 0.191841 0.456664 -0.8 0.968628 0.0551865 0.242312
106.815 22.5709 -22.9198 -0.244795 0 -0.4 0.368343 0.898079 0.24037
124.362 21.6938 -28.8476 0.427747 0 -4.5 0.602955 0.195718 0.773395
101.537 21.1803 -11.4029 0.0590855 0 3.8 -0.166451 0.98582 -0.0212797
100.35 24.6679 -6.44969 -0.141151 0 1.8 -0.869162 0.464477 0.169757
110.671 15.268 1.90838 -0.772577 -0.0742261 -3.5 0.97601 -0.200939 0.0838381
117.304 8.3415 -31.9105 -0.644159 -0.108462 -0.8 -0.545665 -0.767995 0.33531
82.869 5.9 -25.5715 -1.91482 -0.0865592 -3.5 -0.983846 -0.175335 0.036125
111.347 19.8409 -1.77744 0.1124 0 -3.5 0.931252 0.143377 0.334982
80.0675 16.0831 -28.1517 -1.81554 -0.0416889 -3.5 -0.426106 0.544251 -0.722651
93.4744 46.567 -32.3662 -0.608104 0 -3.5 -0.768794 0.499638 -0.399146
115.82 34.0688 -32.4385 -0.0488553 0 -0.7 0.641368 0.711707 0.286565
121.946 10.1292 -46.1507 0.486678 0 -3.5 0.206678 -0.803707 -0.557978
119.692 21.1058 -50.2627 -0.488337 0.432326 -1.42818 -0.039765 0.429154 -0.902355
128.005 8.71675 -40.2509 0.416145 0 2.8 0.062633 -0.997855 -0.0190333
110.638 21.7441 -19.9087 0.288451 0 -0.8 0.8112 -0.16778 0.560183
130.358 7.62603 -39.3065 -0.0864167 -0.359451 -0.7 -0.743088 -0.665193 -0.0730638
104.084 11.7404 -17.5926 0.114939 0 -3.5 -0.361091 0.821276 -0.441723
115.397 15.6076 -30.3111 -0.0999456 0 4.2 -0.829982 -0.203852 0.519205
111.544 4.37356 -12.1932 0.360588 0 -4.5 -0.813523 -0.0411831 -0.580073
92.1405 25.6114 -33.5989 0.378821 0 -1.6 0.0522793 -0.140029 -0.988766
113.501 31.1778 -41.6235 0.899793 0 4.07416 0.305715 0.212978 -0.927997
77.5525 9.58519 -18.9158 0.73292 0.584157 -0.7 -0.526371 -0.802915 0.279754
100.498 6.9735 -13.7134 -0.840928 0 4.21227 -0.296121 -0.94345 -0.149046
101.944 22.3457 -16.5441 -0.132717 0 -3.5 0.903261 0.407629 -0.134007
93.8966 47.1091 -26.4112 -2.76786 -0.152787 -3.5 -0.00334295 0.971812 -0.235734
91.0347 7.89041 1.20034 -0.672015 -0.628164 -3.5 -0.138673 -0.938081 0.317448
91.909 13.1976 9.47087 0.495873 0 -4.5 0.152345 -0.987888 -0.0294527
123.316 23.9585 -43.299 -0.133778 0 1.8 0.662938 0.741474 0.10358
94.002 21.4991 -7.668 0.42912 0.188023 2.20591 -0.35626 0.934386 -0.00157267
115.739 35.505 -34.5579 -0.0548821 0 -0.7 0.35115 0.888425 0.295625
75.1644 9.48569 -15.2994 -1.90679 -0.478575 -3.5 -0.990014 0.140436 0.0122667
89.6691 13.4575 10.3411 0.724099 0 -4.5 -0.540573 -0.835747 0.0964772
95.1039 37.442 -39.235 0.123821 0 3.8 -0.888259 0.4587 -0.0242944
93.812 37.6385 -33.361 0.311561 0 1.97495 0.514407 -0.533804 -0.671148
135.647 17.0106 -40.5101 0.0409692 0 -3.5 0.176917 0.639899 0.747816
121.534 20.3861 -28.1676 0.910959 0 -4.5 0.506192 -0.447138 0.737453
104.947 24.4189 -7.28822 -0.262184 -0.968268 -0.4 0.715591 0.686173 -0.13075
100.042 25.6776 -20.5328 0.105101 0 4.2 0.883185 0.0100578 0.468917
80.5105 22.7943 -27.0619 0.372944 0 -1.6 -0.617143 0.491 -0.614861
93.8584 17.8136 8.89728 -0.766686 -0.906902 -3.5 -0.085951 0.827525 0.554811
77.2187 7.35691 -7.17072 -0.0261261 0 3.8 -0.241869 -0.770223 0.590133
83.019 30.5308 -29.199 0.259961 0 -0.306566 -0.608876 -0.26137 -0.74897
119.998 22.2714 -25.5857 1.03782 0.0488427 -4.5 0.278434 -0.449371 0.848846
76.0258 26.7474 -25.3907 0.696242 0.074147 -4.5 -0.903176 -0.343736 0.257134
87.3269 33.9034 -13.9371 0.263107 0 -2.10673 0.634165 0.748197 0.195029
103.134 43.263 -37.237 -0.0772079 0 -1.14473 0.3312 0.942627 -0.0419712
88.6039 27.1108 -8.14269 0.336572 0 -3.5 -0.126963 -0.503571 0.854574
119.172 17.4026 -51.935 0.141191 0 -0.9 -0.842488 0.242117 -0.481241
87.6056 21.3423 -8.59825 0.907347 0 -1.85992 0.998107 -0.011473 -0.0604217
93.923 13.475 10.506 0.459684 0 -4.5 0.00181282 -0.945166 -0.326584
113.848 2.75356 -13.3738 0.899393 0.053605 -4.5 0.16741 -0.774464 -0.610065
126.328 7.00887 -47.2066 0.990989 0 -4.5 -0.523256 -0.37574 0.764867
99.1807 25.2819 -41.1598 -0.0337362 -0.23096 -0.7 0.100497 -0.946017 -0.308143
101.832 32.2363 -17.8119 0.412849 0 -1.6 -0.317679 0.5975 -0.736257
114.912 4.59637 -14.7239 -0.292768 0 -4.5 0.0199862 -0.8954 -0.444813
95.137 37.2561 -38.1366 0.155489 0 3.8 -0.952156 -0.0776023 0.295596
72.0125 18.8815 -15.3219 -0.099595 0 -0.4 -0.962171 0.0566329 0.266495
111.939 36.0804 -32.6621 0.170795 0.316408 -0.627169 0.399718 0.783921 0.475071
82.8801 24.1688 -31.2833 0.791113 0.214254 -2.60789 -0.30954 0.296625 -0.903437
88.6311 16.2527 -2.28994 1.35706 0.213356 -1.66231 -0.475513 0.878495 0.0461866
113.997 23.544 -5.6105 -0.286442 0 -0.4 0.42941 0.283277 0.857532
116.644 19.9485 -26.2852 -0.30344 -0.330291 -0.732677 0.0732474 -0.307655 0.948674
107.504 35.433 -27.2484 -0.630417 0 -1.3 0.324684 0.920932 0.215556
92.0499 9.14487 -18.6914 0.138375 0 -1.3 0.503403 -0.422711 -0.753592
134.197 15.2457 -48.1171 -0.423486 -0.126796 1.8 0.346506 -0.90325 -0.253126
125.27 5.71037 -48.7716 0.101644 0 -4.5 -0.710233 -0.555477 0.432451
90.7427 40.9549 -23.1525 0.21625 0 -0.937698 -0.306456 0.861142 0.40561
82.2203 35.2528 -30.22 -0.773301 0 -0.8 -0.611359 0.586842 -0.530902
100.712 23.6086 -38.4107 0.0176389 0 -3.21354 -0.685572 -0.429615 -0.587727
92.6192 9.74988 -22.286 0.922164 0 4.2 0.864027 -0.176872 0.471354
110.336 8.46425 -40.8806 0.687564 0 -3.9 -0.627937 0.541457 0.559034
102.973 20.5367 3.98906 -0.280173 0 -0.7 0.91448 0.368265 0.167654
91.1054 42.1594 -24.8024 0.39646 0 -1.6 -0.445849 0.62288 0.642837
95.085 13.285 9.5705 0.0849921 -0.0416381 -3.9 -0.8937 -0.376183 -0.244511
127.001 19.0521 -30.8994 0.447091 0 -4.5 0.0649244 0.68966 -0.721217
107.402 23.5884 -24.345 -0.270903 -0.302314 -1.6 -0.956166 0.0663066 -0.285218
83.969 9.32881 -10.021 1.28289 0.0545316 -0.808122 0.810471 -0.432644 0.394911
113.361 21.9769 -23.731 -0.377914 0 -1.6 0.199529 -0.978752 0.0472432
75.4856 24.0044 -22.3086 -0.906593 -0.645845 -0.8 -0.901042 0.237639 0.362839
109.017 19.309 -36.8867 -0.296925 -0.232231 -0.8 -0.996196 0.0492797 -0.0718617
87.806 6.559 -7.755 -0.394196 0 -1.6 -0.799669 0.218905 0.559115
111.853 25.6367 -21.6748 0.227538 0 -1.6 0.0698657 0.66118 0.746967
124.268 7.55237 -49.2314 0.697014 0 -4.5 -0.891861 -0.348325 0.288536
95.1273 39.0799 -20.5701 -0.0209916 0 -0.8 0.649082 0.709241 0.275082
81.4599 3.06406 -19.9963 0.213246 0 -3.5 -0.179771 -0.82806 0.531036
124.66 8.71825 -11.0702 -2.02126 0 -3.5 0.737666 -0.386928 0.553295
120.145 28.3032 -33.5974 -0.651252 0 2.62251 0.792683 -0.111886 0.599278
87.1346 39.2189 -31.8075 0.748124 0 -3.19284 -0.118974 0.537968 -0.834527
106.629 21.3811 -4.37919 0.394831 0 -1.95322 -0.15964 0.959956 -0.230215
137.054 16.8609 -42.3622 -1.24712 -0.232834 -3.5 0.729313 0.377296 0.570745
121.547 11.6229 -48.191 -0.421031 -0.361822 -3.9733 -0.394409 -0.697266 -0.59855
108.651 -1.55191 -3.82378 -0.793337 0 -3.5 0.131995 -0.985012 -0.111037
135.417 14.9966 -43.6803 -0.91568 0 -3.5 0.647685 -0.680965 -0.341746
110.722 25.8812 -7.19666 -0.165914 0 -0.4 -0.590588 0.592459 -0.547904
98.6134 35.6295 -23.7967 -0.117777 0 -0.7 0.615231 0.770551 0.16656
121.384 17.5029 -14.7502 -0.364728 0 -0.7 -0.393785 0.782179 -0.482835
118.74 31.8605 -32.4116 -0.0867621 0 3.8 0.208085 0.770057 0.603086
83.784 3.84278 -22.8094 -0.349773 -0.0287492 -3.5 0.353775 -0.87936 -0.318699
100.819 24.7818 -40.4844 0.097745 0 -3.5 -0.660748 -0.584547 -0.470867
95.1964 47.0458 -28.9402 -1.52179 -0.0193622 -3.5 0.314528 0.655494 0.686586
120.699 12.6291 -47.905 -0.169312 -0.369026 -3.5 -0.474049 -0.197689 -0.858019
100.945 1.76831 2.74062 0.448196 0 -2.2949 -0.383338 -0.801 -0.459839
85.382 38.2081 -23.9507 -0.54575 0.422358 -0.8 0.0635017 0.341702 0.937661
103.544 11.3785 -19.1344 -1.91659 -0.803228 -3.5 0.125492 0.566178 -0.814675
93.6502 6.51184 6.44731 1.43149 0 -3.9 -0.58415 -0.573253 0.574586
104.911 28.9594 -44.6282 0.489699 0 -3.5 0.25705 -0.06725 -0.964055
108.13 20.9049 -39.4124 0.0454302 0 -3.5 -0.475631 -0.621647 0.622358
120.418 32.4329 -33.5919 -0.0923621 0 3.8 0.5199 0.82607 0.217516
88.1041 17.031 -3.916 0.670808 -0.0901215 -3.9 -0.210128 0.425207 0.880367
80.5656 25.8061 -23.1885 0.445426 0 4.2 -0.626041 -0.00563816 -0.77977
124.135 28.5019 -35.8266 -0.424159 0 2.8 0.377373 0.438388 0.815724
111.945 36.077 -38.647 -0.493541 0 -3.5 -0.161167 0.743992 0.648461
76.0872 6.874 -9.20662 -0.120632 0 3.8 -0.691739 -0.710605 0.128597
79.6956 28.4456 -28.569 0.591138 0 -4.5 -0.0130494 -0.441366 -0.897232
76.4993 12.1058 -6.76219 -0.380478 0 1.77207 -0.24441 -0.464058 0.851419
88.2067 20.7725 -4.16947 0.512093 0 -3.9 -0.300312 0.117794 0.94654
114.183 16.9265 -46.1445 1.0737 0 -4.5 -0.0410749 -0.567171 -0.822575
104.825 14.9441 -21.2632 0.407555 0 -3.9 -0.693794 -0.674109 0.253429
110.503 19.7472 -44.7212 1.15985 0.0218804 -4.5 -0.626121 0.215021 -0.749492
91.6064 7.75612 -3.10888 0.116973 0 -0.8 -0.648671 -0.71743 0.254008
103.314 21.6201 -21.8249 0.428412 0 -0.4 -0.756314 0.486083 0.437851
102.37 21.187 -31.8114 -0.890858 -0.708052 -2.58134 0.104027 -0.583075 0.80573
104.476 41.315 -32.7677 0.683904 0.119544 -3.5 0.881116 0.0581241 0.469315
96.7421 33.1278 -43.4565 0.0967046 0 4.16996 -0.859674 0.320898 -0.397473
75.0415 20.4655 -24.076 0.382733 0 -0.8 -0.257162 0.824676 -0.503763
91.8165 18.1442 8.16256 0.491459 0.0443496 -4.5 -0.232774 0.785929 0.572828
120.042 11.1586 -28.6326 -2.20858 -0.182667 -0.8 0.354885 -0.0636974 0.932738
100.183 11.6854 -18.7804 -0.0489194 0 -3.5 -0.441265 0.10797 -0.890858
126.347 17.5129 -36.2734 -0.0878926 0 3.8 0.928097 -0.338262 0.155612
136.716 23.8447 -45.5026 -0.460119 -0.607564 -3.7345 0.777683 0.584584 0.231235
101.512 27.676 -15.3805 -0.0316103 0 -2.93804 0.791525 -0.505555 -0.34337
74.2445 21.0596 -12.6899 0.121258 0 4.3283 -0.47838 0.726115 0.493872
81.1099 16.0091 -4.97819 0.0462063 0 -0.9 -0.255214 0.629616 0.733791
133.411 17.0205 -41.3667 -0.141315 0.039887 -3.5 0.137522 0.835274 0.532358
103.852 32.1895 -13.4467 0.625392 0 -0.650617 0.614494 0.753432 0.23396
129.115 21.109 -45.258 0.0514941 0 -4.5 -0.514094 0.788635 -0.337286
134.295 10.7755 -38.1978 0.0457329 0 -0.7 0.941053 -0.0272371 0.337162
83.3933 20.6717 -7.65644 -0.106596 0 -1.3 -0.477933 -0.268421 0.836379
77.1939 24.0136 -10.4291 -0.585619 0 -3.5 -0.936991 -0.128555 0.324841
105.249 19.7219 -33.1772 -0.672391 0 -3.5 0.359446 -0.818235 0.448654
101.102 20.0622 -31.9181 -0.801692 -0.18946 -3.55275 0.482618 -0.31603 0.816826
106.72 19.0046 -0.0738437 0.197243 0 -3.5 -0.345933 0.362476 0.865414
100.342 25.0812 -24.0142 0.759084 0 4.2 -0.147354 -0.98899 -0.0135932
86.5851 18.847 -30.1387 0.000280753 0 -3.5 -0.0991743 -0.961472 -0.256389
103.91 7.80013 -18.2586 -0.976357 -0.819585 -3.5 0.289458 -0.80272 -0.521397
113.569 32.4753 -41.7791 0.102678 0 -3.5 0.290184 -0.102986 -0.951413
96.6375 26.8414 -9.90519 -0.468464 0 2.71305 -0.146267 -0.305455 0.940905
102.433 35.1888 -45.6367 -0.224009 0 -3.9 0.81394 -0.579486 -0.0411902
115.115 32.4116 -23.7279 -0.07888 0 3.8 -0.220472 -0.0830583 0.971851
135.487 17.8748 -41.9448 -0.632237 0.755496 -3.5 0.0237731 0.762378 0.646696
103.769 35.381 -26.0685 0.478106 0.871072 -1.3 -0.735336 0.50462 0.452371
105.823 -1.86409 -8.31234 0.241474 0 -0.861728 -0.0295951 -0.938695 -0.343476
113.359 36.0594 -35.0473 0.192873 0 -0.7 0.509717 0.852356 -0.116951
92.3609 13.2144 -28.7 0.0911261 0 -0.7 0.756488 0.107854 -0.645053
108.737 5.995 -12.5793 -0.356495 0 2.8 0.327855 -0.700249 -0.634163
93.4294 39.805 -20.9161 0.461221 0 -0.8 0.0493598 0.977311 0.20598
102.291 18.5163 -34.7223 -1.39421 -0.702905 -3.5 -0.10907 -0.982171 -0.153117
117.481 23.1397 -25.9719 -0.389645 0 -4.5 0.1451 -0.185255 0.971919
101.148 15.4928 10.0738 -0.403262 0 -0.8 0.264186 0.830037 0.491166
79.5598 9.01325 -5.9325 0.183078 -0.0273424 3.64449 0.00199086 -0.238373 0.971172
102.304 34.2924 -44.6699 -1.27046 -0.0912387 -3.9 0.788021 -0.0750914 -0.611051
104.981 42.4315 -35.3097 0.241086 0 2.8 0.285543 0.839178 0.462866
96.829 23.233 -4.485 -0.440651 -0.00714454 2.8 -0.349496 0.903555 -0.247873
87.7335 41.5695 -31.551 -0.882117 -0.735693 -0.697399 -0.523012 0.459349 -0.717953
123.145 20.2144 -28.8484 0.534371 0 -4.5 0.193207 -0.514134 0.835666
79.3876 19.4237 -12.7188 0.605658 0.0173305 0.328891 -0.405992 0.639093 0.653246
106.501 1.32525 0.635063 -0.474089 0 -3.5 0.687238 -0.726397 0.00714053
107.983 3.25275 0.728 -0.540114 0 -2.8423 0.730801 -0.446152 0.516603
97.9966 29.1266 -36.6013 0.481689 0 -0.951199 -0.755365 -0.437986 0.487434
80.7565 33.5461 -29.9544 0.173227 0.0371817 -0.180875 -0.933138 0.0272998 -0.358481
99.1217 41.9775 -44.3842 0.121064 0 1.8 -0.0412406 0.9107 -0.411006
107.368 12.7577 -23.7858 3.35257 0.411805 -3.9 0.0149002 -0.941179 -0.33758
125.302 9.27666 -46.6162 0.692329 0.134668 -3.95757 -0.574123 -0.694605 0.433482
78.6875 27.386 -27.0985 0.677969 0 -4.5 0.195577 -0.930963 -0.308315
74.9022 12.3186 -8.55541 -0.0713451 0 -0.9 -0.942514 -0.195199 -0.271229
99.5208 28.0619 -24.5164 0.0771794 0 -4.5 0.207754 0.947361 0.243608
89.8083 20.2703 3.71937 -0.0343665 0 -3.5 -0.18043 0.824424 0.536443
86.3689 38.1836 -32.6618 0.115511 0 -3.1387 -0.368898 0.656681 -0.657787
126.448 13.7526 -51.3526 -0.232894 -0.0219579 -1.6 0.0471583 0.131033 -0.990256
86.4815 10.544 -6.52425 0.836765 0 -2.40718 -0.0415472 -0.910569 0.411263
85.9762 21.5926 -31.7744 0.206981 0 -3.5 0.344321 0.229276 -0.910426
84.5823 11.1278 -0.032 -0.209492 0 -3.5 -0.531778 -0.368478 0.76252
101.032 39.0414 -42.4711 0.476714 0 -1.031 0.868121 0.257813 0.424144
96.2981 17.0692 -27.6087 0.368802 0 -1.6 0.119748 -0.0236789 -0.992522
108.985 13.876 -20.8564 -0.219631 0.014061 -1.34383 0.755295 -0.108169 -0.646398
81.5482 30.5388 -17.0016 -0.701455 0 -3.2 -0.811467 0.527695 0.251116
100.15 24.8606 -10.6494 -0.0229101 0 -0.4 0.173887 -0.977784 0.117053
117.356 11.0847 -47.5528 0.297783 0 -3.5 0.0137413 -0.0678298 -0.997602
103.37 26.3796 -29.0205 -0.175552 0 2.8 0.714773 -0.650279 0.257365
94.815 13.1041 11.144 0.190872 0 -1.41285 -0.569395 -0.630726 0.527233
87.7055 15.1099 6.45544 0.113064 0 -0.4 -0.714873 0.291941 0.635396
92.3021 38.6479 -34.3293 0.30465 0 -3.9 -0.0708695 -0.348989 -0.934443
111.191 15.3277 -44.0956 0.381079 0.291948 -2.07236 -0.490539 -0.27619 -0.826493
111.791 6.30713 -0.68475 -0.269032 0 3.8 0.0932548 -0.84031 0.534024
111.038 35.7584 -39.8194 -0.790773 -0.146404 -3.5 -0.843718 0.533332 0.0607984
121.97 6.92575 -11.9338 -0.601635 0 -0.4 0.534271 -0.709807 -0.459052
94.401 18.902 -29.861 -0.125486 -0.315766 -3.70504 0.572604 -0.814581 0.0926478
123.254 19.0041 -51.2248 -0.787634 0 -0.9 0.47765 0.253254 -0.841257
89.1696 15.5808 8.98475 0.655476 0 -4.5 -0.977336 0.210918 -0.0181013
127.505 12.4694 -33.4384 0.65058 0 -0.454531 0.0614855 -0.393882 0.917102
129.626 11.5562 -14.527 -0.383527 0 -1.5669 0.432481 0.379704 0.817793
76.233 9.6935 -6.76328 -0.0925065 0 3.8 -0.543155 0.0568421 0.837706
98.4837 0.0259062 -4.75069 1.16464 0 -3.9 -0.517585 -0.805814 0.287698
121.054 5.09037 -10.4356 -0.554689 0 -0.4 0.756557 -0.653903 -0.00575463
122.699 9.63381 -6.51231 -0.20726 0 1.8 0.871291 -0.389031 0.299176
102.377 21.1431 -13.1405 0.17403 0 3.28215 0.263124 0.952226 0.155022
78.6891 26.0857 -13.2116 0.301655 0 -3.5 -0.348385 0.716793 -0.604017
116.802 31.172 -39.173 -0.40925 0 1.8 0.294187 0.943353 0.153425
102.007 11.6739 -19.2504 -0.402356 -0.143887 -3.5 0.0860109 0.351278 -0.932312
99.6594 0.354656 -7.38287 0.238811 -0.248725 -3.68981 -0.471768 -0.507926 -0.720727
120.97 11.9654 -32.6628 0.653137 0 -0.4 0.645138 -0.520409 -0.559438
102.665 18.6875 6.32825 1.09361 0.199069 -0.7 0.0557043 0.173315 0.98329
89.1409 6.25975 -15.3121 -0.0877049 0 -1.3 0.0438615 -0.967455 -0.249212
88.8875 40.0099 -32.4092 0.0437235 0 -3.9 -0.801394 0.231699 -0.551437
107.705 25.3196 -30.9356 -0.320802 0 4.2 0.150079 -0.387316 0.90965
107.566 30.8834 -43.2531 0.355123 0 -0.384588 0.370492 0.571216 -0.732426
79.0417 21.2017 -25.3468 0.549433 0 -1.6 -0.869635 -0.425805 -0.249849
107.934 23.0508 -44.1899 0.299602 0 4.5 0.28053 -0.457345 -0.843883
132.005 16.1615 -39.4035 -0.0200588 0 -0.9 0.339649 0.699994 0.628209
98.9111 25.5527 0.875469 -0.427581 0 -3.5 0.314813 0.885467 -0.34182
112.811 19.6998 -13.2119 -0.0500512 0 4.2 -0.219571 0.0100255 -0.975545
106.268 10.3569 -19.2094 0.045242 0 -1.51003 -0.0515038 -0.453081 -0.88998
114.775 35.7915 -36.0132 -0.290626 -0.151507 -0.7 0.0296965 0.984781 -0.171246
115.141 31.358 -41.3215 -0.122231 -0.00344123 -0.426359 0.17126 0.624279 -0.762198
118.194 17.3234 -14.0591 0.0229013 0 4.2 0.39435 0.246534 -0.885273
92.7718 7.40662 -17.492 -0.303248 0 -1.3 0.55198 -0.465962 -0.691519
113.41 20.585 -4.09438 -0.0464546 -0.287183 1.27436 0.687942 -0.282285 0.668619
83.5211 36.2009 -20.2915 0.0925692 0 -0.4 -0.527672 0.725366 -0.442049
99.1667 11.9473 12.7204 0.154182 0 1.8 0.542127 0.271977 0.795064
102.544 28.042 -15.114 -0.0353527 0 -1.6 0.252276 -0.936288 -0.244379
114.798 9.57897 -45.3329 -0.262291 -0.0337328 -3.5 -0.138942 -0.944464 -0.297797
81.4244 8.42556 -25.5606 -0.700166 0 -3.5 0.277347 -0.617237 -0.736272
93.9336 45.6484 -33.8849 0.347874 0 -3.5 -0.478837 0.457905 -0.749025
96.124 28.1136 -33.1073 0.420502 0 -1.55389 0.321098 0.0186413 -0.946862
82.0462 38.6123 -25.5701 -1.20237 -0.688303 -0.8 -0.905024 0.183749 0.383625
85.1892 1.44062 -10.4856 0.742857 0.528455 -0.643548 -0.031964 -0.959538 0.279758
92.5314 19.4821 -32.4357 0.178663 0 -0.7 0.51766 -0.10016 -0.849703
118.49 10.8732 -47.6066 0.262458 0 -3.5 -0.0259802 -0.0678564 -0.997357
90.4014 22.8182 3.40434 2.30917 0 -3.9 -0.243493 -0.0589937 0.968107
92.7717 5.30028 -12.4691 -0.386822 -0.617192 -3.37999 0.328048 -0.940897 -0.0842483
112.205 7.69838 0.504625 -0.273539 0 3.8 0.0767205 -0.495015 0.865491
89.7137 32.7257 -17.4456 0.33174 0 -1.3 -0.00922254 0.757189 0.653131
87.6795 35.2165 -17.78 -0.487697 0 -3.5 0.673039 0.568579 0.473008
101.477 38.0892 -41.6917 0.393335 0 -1.6 0.678221 0.726375 0.111336
77.3419 8.51331 -21.2121 -0.374468 0 -0.7 -0.512137 -0.845174 0.152961
97.8824 24.9313 -34.3853 0.283925 0 -0.218548 -0.889893 -0.100882 -0.444875
127.107 6.53175 -50.774 -0.38589 0 -4.5 0.712947 -0.112174 -0.692188
85.1744 2.16438 -15.0041 0.0398169 0 -4.5 0.164828 0.410047 -0.897047
100.109 38.2459 -48.3938 0.551902 0 -3.9 -0.498324 0.496479 -0.710761
117.784 5.67263 -5.59831 -0.0655048 0 -2.66 0.806153 -0.534308 0.254228
117.226 23.077 -8.61225 -0.105945 0 -1.6 0.760392 0.639926 0.110897
123.854 21.0394 -42.1354 0.00980175 0 1.8 0.621111 0.486041 0.614805
128.35 17.2368 -16.9095 -0.15884 0 4.5 -0.720582 0.666115 0.192493
105.358 40.8983 -40.609 0.0697331 0 2.8 0.399381 0.161642 -0.902423
120.562 10.2306 -31.5949 0.604039 0 -0.8 0.947638 -0.311785 0.0690754
86.9386 5.34119 -15.3074 -0.0793338 0.662262 -3.2 -0.0246116 -0.946287 -0.322391
107.389 13.0384 -22.0659 1.5435 0 -3.9 0.131796 -0.961044 -0.242949
96.8624 38.0591 -33.3804 0.539048 0 3.8 -0.763041 -0.644827 -0.0443408
87.3162 16.3953 -26.9947 0.434736 0 2.10466 -0.083625 -0.00303134 -0.996493
132.234 12.6015 -47.9105 -0.198525 0 -1.6 0.860626 -0.500344 -0.0947572
90.8615 16.1945 -30.8715 0.0208429 0 -0.7 -0.0334473 -0.969167 -0.244124
108.383 -0.86225 -6.34906 -0.584805 -0.124543 -2.83042 0.515575 -0.842201 -0.157734
99.0876 24.2123 -37.8827 0.0274694 0 -1.3 -0.546516 -0.421552 -0.723612
107.731 9.85363 -18.2204 -0.0909673 -0.559422 -1.54634 0.248121 -0.781986 -0.571781
80.9454 26.2144 -14.7332 0.1427 0 -3.35754 -0.874134 0.128511 -0.468375
110.745 15.8177 -34.3396 -1.66639 -0.232856 -3.5 -0.396503 0.357696 0.845481
132.614 19.6773 -48.4232 1.608 0.722786 0.587438 -0.0939206 0.333579 -0.938032
95.398 29.4573 -9.53703 0.598781 0 -3.85648 0.0717331 -0.0699125 0.994971
115.038 31.6479 -30.2624 0.720976 0 1.84828 0.869789 -0.129497 0.476128
96.4612 20.4352 -32.9061 0.583955 0 -3.9 -0.580863 0.0119346 -0.813914
125.434 12.3196 -18.1491 0.0449653 0 -1.6 0.364115 -0.449682 -0.815602
89.0869 17.6294 -31.863 0.141784 0 -0.7 -0.51401 -0.856074 0.0541319
102.891 13.1772 -17.4193 -0.0432983 0 -3.80669 0.609739 0.288994 -0.738038
92.8637 30.8345 -8.98025 -0.65477 0 -3.5 0.362622 0.737232 0.570083
93.4557 31.762 -10.0925 0.929303 0.0401882 -4.5 -0.0919197 0.606194 0.789987
101.812 24.897 -10.42 -0.243486 -0.580616 1.8 0.695029 0.32071 -0.64349
79.885 33.7034 -28.8966 0.167761 0 3.8 -0.477799 0.206556 -0.85384
77.0065 21.6365 -11.429 -0.0657679 0 2.00705 -0.338923 -0.459292 0.821086
104.036 42.6141 -33.4902 0.316373 0 -3.5 0.658948 0.752183 0.00282462
95.1158 5.59 -9.55725 0.158004 -0.561599 -0.8 0.430098 -0.829732 -0.355754
114.874 29.463 -29.063 0.234333 0 3.8 0.811595 0.466455 0.351756
97.81 24.197 -26.4005 0.0493623 0 -4.5 0.681855 -0.727986 0.0714851
97.0464 35.6694 -35.2356 0.326873 0 4.2 -0.946702 0.312669 0.0774223
108.033 22.0809 -9.07828 0.0692844 0 -3.5 -0.0854886 0.89747 -0.432711
91.3278 41.6853 -35.6387 1.16124 0 -3.9 0.265518 -0.326596 -0.907103
104.864 20.5413 -0.178531 0.0799565 -0.212842 -3.5 0.47836 -0.0316798 0.877592
75.0555 12.33 -19.6604 -0.135126 0 1.51161 -0.612425 -0.785154 -0.0920295
105.712 17.1295 2.09325 0.146814 0 -3.5 -0.0758694 0.915749 0.394522
97.6488 6.85938 -10.697 -0.153478 0 3.8 0.245896 -0.95846 -0.144534
107.163 22.1704 -12.9802 0.0131181 0 -0.7 -0.0579482 0.99625 0.0642524
106.772 20.5801 -32.9118 -0.0757897 0 -3.5 0.259177 -0.798418 0.543467
125.632 20.8158 -29.6542 0.311989 0 -4.5 0.245945 0.807223 -0.536565
126.252 18.958 -32.4465 0.351344 0 2.95806 0.790705 0.575763 0.208045
89.9313 7.93925 4.08975 0.202406 0 -3.5 -0.263707 -0.886253 0.380808
86.7085 27.7875 -8.213 0.537303 0 -3.5 -0.13464 0.0257411 0.99056
84.5421 19.5608 -5.97309 0.0297677 0 -3.9 -0.76753 0.261251 0.58536
114.644 24.8678 -10.7317 -0.0265673 0 -1.6 0.238552 0.566054 -0.789098
107.836 2.85325 2.6075 -2.69015 -0.203332 -3.5 0.955419 -0.276578 -0.103343
132.475 15.115 -15.6575 -0.257467 0 0.81311 0.246159 0.117284 0.962107
91.0245 9.8415 -26.328 0.480247 0 -0.7 0.298249 -0.868614 -0.395674
93.6265 18.8725 -31.482 0.116644 0 -0.7 0.732786 -0.414293 -0.539801
124.47 10.9502 -37.7238 0.366701 0 4.0379 -0.565156 -0.788828 0.241554
110.65 16.697 -45.058 0.623555 0.0142 -4.5 -0.57364 -0.403774 -0.712674
99.0591 24.7149 -23.8998 0.0896865 0 4.2 0.483436 -0.774838 -0.407328
77.3518 27.6332 -23.742 0.449513 0 -3.5 -0.761942 -0.574775 0.298461
111.642 36.17 -37.3915 -0.457654 0 -0.4 0.135062 0.774053 -0.618547
126.814 17.184 -38.7163 -0.214486 0 0.719195 0.441335 -0.19242 0.876469
124.514 8.80737 -40.4726 -0.32418 0 2.8 -0.227652 -0.874681 0.42791
79.0309 19.541 -23.9032 0.0972098 0 -1.6 -0.562999 -0.24111 -0.790505
89.0109 37.3073 -21.233 0.376085 0 0.101614 -0.633006 0.504281 0.58737
80.64 27.5514 -27.6669 0.770302 0 -4.5 -0.581573 -0.767199 -0.270517
128.414 21.2154 -43.7317 -0.00827597 0 -0.9 -0.0274935 0.959307 -0.281022
97.0029 18.7001 -28.3721 -0.194178 0 -3.9 0.45229 -0.862767 0.225981
96.4955 1.32875 -6.4445 0.803006 0.361795 -3.9 -0.66858 -0.726061 -0.160736
108.978 8.30294 1.60038 -0.381917 -0.289851 -1.50269 0.897868 -0.28393 0.336477
107.981 4.89488 0.7715 -0.405666 0 -1.95693 0.885806 0.129263 0.44569
119.802 31.5908 -39.7915 -0.15219 0 1.8 0.21895 0.975708 -0.00742313
109.45 36.5778 -32.9337 0.573938 0 -0.4 -0.361433 0.894189 0.264181
88.7791 14.9388 -27.9801 -0.659635 -0.0249434 -0.7 -0.432812 0.504084 -0.747378
105.166 10.7321 -19.2231 -0.104069 -0.196142 -2.16895 0.0291994 0.134605 -0.990469
78.1977 16.0868 -7.0973 -0.505469 0 -0.9 0.00559769 0.998609 -0.0524224
95.405 35.6957 -37.6171 0.225122 0 3.8 -0.854762 -0.00539409 0.518992
90.4515 31.3559 -8.68113 -0.261171 0 -3.5 0.26237 0.884996 0.384635
121.249 6.96793 -14.1583 -0.726114 0 -3.5 0.65874 -0.752188 0.0166081
119.353 8.13019 -3.95707 0.100393 0 4.5 0.84778 -0.225941 0.479812
108.441 24.6982 -25.3778 -0.601999 -0.0459831 -3.38138 -0.54185 -0.514602 -0.664517
94.5388 28.6236 -9.26921 0.16263 0 -4.5 0.435253 -0.134002 0.89028
103.691 20.7245 -17.5421 0.103799 0 -3.5 0.380489 0.898868 -0.217405
120.388 28.016 -29.1998 0.944068 0.457803 -0.8 0.60053 0.791925 0.110538
118.433 18.7635 -14.0695 -0.0942766 0 4.2 0.726416 0.0678029 -0.683902
77.1281 6.72155 -11.2071 0.0112167 0 3.8 -0.765137 -0.323634 -0.55662
92.6379 27.4568 -34.0412 0.0236114 0 -3.5 0.52941 -0.187246 -0.827444
78.2398 9.28979 -18.0793 -0.144223 0.658174 -1.27536 -0.24885 -0.872776 -0.419923
105.889 25.2035 -24.9755 -0.154313 0.00283645 -4.5 0.649822 -0.374258 -0.661561
95.9283 37.0558 -21.0497 -0.344746 -0.291477 -1.04727 0.889704 -0.0922534 0.44712
134.603 20.3458 -18.9436 -0.31474 0 -1.6 -0.00570635 0.999721 0.0229164
111.432 10.7599 -39.4514 0.400079 0 -3.5 -0.738127 -0.628116 0.246251
90.3462 3.31776 -10.2141 -0.1133 0 -4.5 0.720939 -0.664564 0.196472
120.626 11.2381 -4.82561 -0.0344513 0 1.8 0.226106 0.487872 0.843124
108.796 26.9513 -21.2861 -1.07219 0 -3.5 0.56007 -0.0402055 0.827469
87.148 39.135 -25.015 -0.800547 0 1.8 -0.403335 0.846757 0.346877
110.26 25.4143 -3.32377 0.314446 0 -0.619477 -0.246891 0.944435 0.216996
73.1967 14.7083 -17.3501 -0.599175 -0.222518 1.8 -0.728778 -0.587589 0.351598
131.033 18.5795 -15.7195 -0.167358 0 4.5 -0.00691749 0.817829 0.575419
99.204 34.0182 -22.6905 -0.279474 0 -0.7 0.759465 0.162973 0.629804
116.028 30.8796 -26.6614 -0.0833138 0 3.8 0.33122 -0.422507 -0.843671
96.6302 9.63726 10.823 0.427353 0 1.8 -0.746711 -0.653917 0.121719
95.7909 11.5335 10.1986 0.161283 0 -2.69663 -0.924382 -0.316608 0.212784
120.796 31.3697 -39.1453 -0.168893 0 2.60837 0.0427945 0.922538 -0.383527
86.1567 4.62588 -22.8164 -0.633001 -0.0136588 0.400853 0.576025 -0.808775 -0.118656
3 5332 5987 1875
3 410 988 1598
3 988 410 4926
3 4926 1674 988
3 1674 4926 2929
3 2929 4926 3383
3 5332 28 2431
3 5987 1629 1875
3 5987 3639 1629
3 1875 1629 6065
3 1629 4469 3811
3 1629 3811 6065
3 4209 2821 831
3 2821 3484 6312
3 6312 3484 5987
3 4249 1598 511
3 4249 511 4006
3 4006 511 2652
3 4006 2652 2040
3 2988 2040 2485
3 2485 2040 2400
3 3231 6598 5492
3 2929 5492 6598
3 1674 2929 2887
3 5294 328 6542
3 328 639 6542
3 17 5897 1015
3 17 1015 3343
3 3343 1015 2334
3 5897 1743 1015
3 1015 1743 2334
3 2334 1743 0
3 3156 6148 380
3 3156 380 0
3 0 380 2334
3 6148 418 1456
3 418 6148 4324
3 4324 4759 418
3 5550 6148 1876
3 5550 1876 2431
3 6065 2431 28
3 4086 4745 4731
3 6251 3369 3328
3 3328 5696 5243
3 5634 4867 5875
3 726 1959 474
3 382 69 1959
3 474 1959 69
3 69 2214 474
3 5869 474 2214
3 3477 4439 2214
3 2214 4439 1677
3 2214 1677 2059
3 4439 3477 6387
3 831 3560 964
3 6387 964 3560
3 3560 2954 6387
3 2165 5800 3560
3 3560 5800 2481
3 3560 2481 2954
3 3412 5800 300
3 5800 3284 300
3 300 3284 2988
3 4006 2988 3284
3 660 2485 6121
3 2694 5498 4286
3 4286 4736 2694
3 2150 4080 6277
3 4382 6277 4080
3 5525 4382 3314
3 1548 6176 6542
3 6176 5277 5441
3 597 1868 1951
3 597 2207 1868
3 3343 2077 3751
3 3751 2077 2441
3 597 2441 4500
3 597 4500 2207
3 3371 2943 2077
3 2619 2077 2943
3 2943 3310 2619
3 2334 2943 3371
3 1456 2252 3310
3 1885 5915 4725
3 5915 1885 6132
3 6132 4759 6380
3 5550 1972 4086
3 4086 1972 4745
3 1715 5361 4086
3 4731 2835 1715
3 1283 1715 4852
3 2835 4852 1715
3 4852 2835 6334
3 6334 1039 455
3 2597 506 6334
3 2597 455 1568
3 2810 3472 1032
3 2810 1032 3163
3 3163 1032 3983
3 3472 5634 1032
3 3843 5806 4192
3 1070 4192 6225
3 5806 3843 5634
3 5875 4867 2627
3 6462 3683 3613
3 726 474 3683
3 474 5869 3683
3 5869 182 3613
3 4709 2059 6533
3 6394 4709 6533
3 4267 4439 6387
3 4267 515 3620
3 3620 515 6137
3 2218 530 2870
3 2482 2870 530
3 246 5120 6430
3 6430 5735 1458
3 5735 488 1458
3 4280 5735 4958
3 5087 2379 4845
3 1237 5120 3281
3 5087 1148 5620
3 5087 5620 3583
3 4736 416 6121
3 3583 6121 416
3 5087 3583 416
3 5087 416 2379
3 1762 5479 980
3 5479 3515 980
3 980 3515 3028
3 5479 6286 3515
3 5479 1675 6286
3 3515 6286 2822
3 2822 2978 256
3 256 2978 4322
3 256 4322 5435
3 5435 4322 4397
3 4397 4738 5435
3 4322 2167 278
3 4322 2873 2167
3 2873 605 5362
3 6277 5362 2150
3 605 1675 5362
3 1418 6277 4382
3 1418 1415 6277
3 2167 6588 2414
3 6500 1418 5525
3 5525 1418 4382
3 5525 6008 6500
3 6008 5794 3630
3 5525 170 6008
3 6008 170 6030
3 6008 6030 5794
3 1974 1901 5441
3 1901 5525 41
3 5441 3240 1974
3 1974 3240 6204
3 1761 3762 4631
3 4631 3762 4500
3 2619 4725 394
3 2619 394 4903
3 4500 4903 6126
3 4725 5915 6167
3 6167 376 6126
3 376 2872 2008
3 2008 2872 4349
3 2872 855 4580
3 4580 855 6380
3 1283 2194 6380
3 855 6132 6380
3 6380 2194 1817
3 2194 192 5421
3 2440 3183 4852
3 4424 772 4453
3 4453 772 506
3 6334 506 772
3 4453 506 2597
3 3983 4453 2597
3 76 4200 1116
3 4200 3983 4192
3 4200 4192 1070
3 4200 1070 2524
3 4200 2524 1116
3 1070 6225 2524
3 2524 6225 2080
3 3420 4022 5973
3 4022 990 5070
3 5973 4022 6441
3 897 5893 2638
3 5070 5034 166
3 3591 5034 4737
3 5547 6462 6520
3 197 6462 3048
3 3048 3613 6000
3 6000 4182 3048
3 4182 2028 4583
3 4182 1610 2657
3 4182 2657 2028
3 2028 2657 4550
3 646 1610 2535
3 646 2535 411
3 2535 1967 4151
3 1967 6000 6394
3 4379 2404 6394
3 4379 1867 2404
3 4272 6533 3819
3 1745 6533 4267
3 1745 4267 3620
3 2674 3620 6137
3 2674 6137 4312
3 2674 4312 4901
3 4901 4312 5440
3 5440 4312 4385
3 4312 6137 3321
3 6137 515 2870
3 6137 2870 2025
3 4385 3321 6083
3 1330 6090 3441
3 1004 1330 4629
3 1330 4993 4629
3 5120 246 6123
3 4629 4993 5483
3 1458 5401 6430
3 210 3594 5401
3 5401 3594 6457
3 210 4094 3594
3 210 5967 4696
3 210 4696 4094
3 5967 1839 4696
3 4696 1839 5497
3 3028 4669 980
3 4280 488 5735
3 980 4669 1762
3 1256 2379 1731
3 4669 3028 5497
3 1229 5497 6586
3 3515 2822 2462
3 256 5435 2462
3 5435 3137 4540
3 4397 278 1985
3 4724 5552 1616
3 4724 1616 6141
3 4619 1298 201
3 6141 4619 2855
3 201 2855 4619
3 1298 2376 201
3 2537 1883 389
3 1883 239 2377
3 1883 2377 389
3 389 2377 4541
3 6487 1406 2546
3 4350 4390 454
3 2700 4390 3630
3 2700 3630 2546
3 2546 3630 3170
3 239 834 4390
3 834 510 4390
3 4099 3217 2546
3 6487 2546 3217
3 4099 5794 4159
3 4159 5794 6204
3 6204 5794 6030
3 4159 930 6165
3 930 4159 3240
3 3240 1811 930
3 3240 1761 1811
3 5608 135 2357
3 1811 1761 135
3 135 1761 4631
3 135 4631 2357
3 489 4563 2530
3 4580 6380 1817
3 401 262 3183
3 401 3183 2440
3 262 401 4290
3 4290 2504 262
3 4290 5895 2504
3 4881 4793 6299
3 4881 6299 3403
3 3403 6299 2156
3 691 815 4793
3 6299 2558 2156
3 6299 6560 2558
3 2637 2558 1819
3 6560 1819 2558
3 2558 2637 2871
3 2871 498 2558
3 5325 2871 241
3 1771 5325 5602
3 2637 1819 5448
3 5448 1819 76
3 2849 1626 5448
3 3264 2849 2524
3 2524 2080 3264
3 1626 3264 6144
3 2791 1012 6230
3 6230 1012 5973
3 5973 6441 6230
3 6144 2791 2631
3 2791 3023 5118
3 6230 6441 131
3 131 6441 1023
3 702 1023 5783
3 5783 6441 6222
3 6222 297 5783
3 6222 5893 5825
3 5825 5893 897
3 5825 897 3781
3 3781 897 5170
3 897 2638 2477
3 2477 2638 197
3 197 2638 739
3 2477 3048 4583
3 5778 4583 2028
3 5778 2028 4480
3 1500 4968 5757
3 4550 1500 5757
3 1021 4968 2940
3 2940 1024 1021
3 1024 5487 1021
3 2940 4968 5820
3 5820 4968 4446
3 5964 5820 646
3 5820 4446 646
3 1824 1867 6077
3 4151 411 2535
3 4379 4272 4672
3 6253 6060 5013
3 6253 4901 5440
3 3819 4459 4272
3 5440 4385 6060
3 5983 1200 666
3 2795 666 534
3 1200 534 666
3 5983 880 4393
3 880 1787 1004
3 5983 4393 5317
3 5983 5317 3494
3 3494 2490 4871
3 6370 2490 4205
3 2490 5483 4205
3 4205 5483 4993
3 6370 3547 4214
3 6370 4205 3547
3 4205 1799 3547
3 4214 3547 5401
3 4635 4214 6457
3 4635 6457 4885
3 4885 6457 4416
3 6296 4416 3594
3 4094 6368 4606
3 4696 6368 4094
3 4606 6368 2903
3 2903 6368 3364
3 2903 3364 4111
3 4111 3364 4098
3 4098 3364 1397
3 1229 6368 4696
3 1397 905 4098
3 905 3150 521
3 905 521 4098
3 1368 3150 3131
3 4197 1368 3131
3 3131 3150 208
3 3131 208 3584
3 208 3150 4738
3 3150 3137 4738
3 208 1058 3584
3 4738 202 1058
3 202 4738 2192
3 4724 6141 465
3 2794 1533 465
3 4016 2855 2276
3 2855 201 2276
3 1939 1883 2537
3 1652 5623 6353
3 5623 4541 6353
3 6487 6186 1406
3 1813 4558 6487
3 5966 6487 4558
3 4558 1813 1551
3 3217 1551 1813
3 2495 3234 4567
3 4567 3234 6067
3 3257 6067 3234
3 3257 3234 857
3 3719 5490 3257
3 5490 3719 3962
3 3719 6264 1147
3 5835 489 2257
3 5835 2257 2900
3 2900 2257 6564
3 1605 2900 6472
3 6472 4744 3074
3 5421 2504 4744
3 3074 4744 6294
3 4744 2504 1545
3 4744 1545 6294
3 5895 1545 2504
3 5895 5814 1545
3 4881 6560 4424
3 4290 4424 519
3 6180 6560 4881
3 6180 4881 6429
3 5956 1082 4216
3 1082 452 4985
3 1082 4985 4216
3 320 4985 3732
3 498 3732 4985
3 320 3732 2255
3 1771 5602 4766
3 6192 5602 5325
3 6192 5325 241
3 1626 6192 5448
3 1626 6144 6192
3 6144 2631 3384
3 693 3384 3125
3 3125 3384 2380
3 2175 2631 2791
3 5118 3679 5802
3 5802 3679 3379
3 6483 2708 1412
3 3379 1412 2708
3 1412 1738 6483
3 1738 4937 6483
3 4937 811 2479
3 3066 2479 1034
3 2479 57 1034
3 1034 57 829
3 5707 612 811
3 5783 5051 2104
3 5783 2104 4088
3 2104 5051 4987
3 5051 297 5825
3 2554 5825 3781
3 3161 1047 2344
3 2344 1047 5154
3 2344 5154 4014
3 4014 5154 3382
3 791 4480 3259
3 791 2198 5154
3 5543 395 4014
3 395 6106 4014
3 6106 395 4805
3 4805 4289 6106
3 2603 6106 4289
3 6028 5543 4167
3 4550 673 4480
3 4480 673 3259
3 673 4550 5855
3 5855 6028 673
3 5906 5757 314
3 3056 5906 6550
3 6550 314 4471
3 5163 5865 5487
3 5163 1024 1401
3 4815 5865 1401
3 5163 1401 5865
3 4815 3190 6208
3 6208 3608 4815
3 1068 5303 596
3 596 5303 4860
3 596 5246 1068
3 4615 5246 5013
3 5577 4615 5013
3 5577 5013 6060
3 6077 5013 5246
3 2416 5577 493
3 2416 493 3938
3 2416 3576 3244
3 6388 207 3576
3 3576 207 3186
3 6388 3938 534
3 534 3938 2795
3 6388 534 1200
3 3307 1200 5983
3 6388 3307 3108
3 3307 3187 6068
3 3108 3307 6068
3 4871 5715 3187
3 6068 3187 5715
3 5715 4871 3007
3 4635 4885 3710
3 6415 3710 4885
3 3670 3710 6415
3 697 4885 4416
3 6415 2757 2964
3 6415 2964 3670
3 3670 2964 1203
3 1424 836 1067
3 836 1382 1067
3 836 6296 1382
3 2903 4111 1890
3 1382 2903 1067
3 1890 1067 2903
3 5391 5205 5394
3 4247 521 5205
3 5205 521 3763
3 3763 447 5394
3 1368 4197 447
3 447 2829 5394
3 5394 2829 893
3 4197 5774 2829
3 5774 4883 2829
3 3457 5774 4197
3 2082 4942 3457
3 5774 3457 4942
3 2082 3457 2917
3 2917 3457 3584
3 3457 3131 3584
3 1617 5805 235
3 235 5805 2794
3 2794 4016 2704
3 1652 6353 3458
3 841 6605 3816
3 1181 3652 6605
3 3826 3652 2349
3 3652 1181 2456
3 2349 3652 3899
3 2456 3899 3652
3 4592 3899 2683
3 4592 976 3899
3 4403 3606 4971
3 4971 4455 4403
3 4962 4206 5966
3 3809 5490 3962
3 3809 3962 4007
3 4219 5478 3962
3 4007 3962 5478
3 4219 3962 2853
3 2853 3962 1147
3 1147 3962 3719
3 2853 1462 2702
3 1462 2853 6264
3 4503 5835 2900
3 4503 2900 1605
3 6116 4503 1605
3 3326 4292 2567
3 6116 6294 6207
3 6294 1413 3829
3 5814 4433 3357
3 4443 519 4932
3 4443 4932 4674
3 6180 6429 6224
3 6429 6051 6369
3 749 6051 5956
3 5956 5961 2965
3 749 2965 2264
3 2965 5961 2773
3 1403 2255 5942
3 5961 320 1403
3 1403 320 2255
3 5942 2255 4766
3 5032 6042 3125
3 6042 3656 3125
3 3656 6192 693
3 5032 3125 2380
3 5032 2380 5723
3 409 5032 5723
3 409 3852 5032
3 409 5723 2589
3 5308 2589 5802
3 5723 1110 2589
3 204 5308 2708
3 204 2708 6483
3 6218 2120 4937
3 6218 4937 2479
3 6218 2479 3066
3 6218 3066 4225
3 4225 2157 2801
3 2801 2157 1135
3 2801 1135 5544
3 2157 3625 1135
3 3625 5357 1135
3 1135 5357 699
3 5357 829 5527
3 5527 829 57
3 3807 731 4987
3 2577 5527 4088
3 2577 4088 2104
3 4449 5742 5894
3 3807 1132 1638
3 4289 5210 3533
3 1599 4683 4526
3 4683 4235 5477
3 771 4235 1079
3 3626 1079 4235
3 4411 3626 4235
3 1079 3626 5719
3 5477 771 4000
3 2786 2782 771
3 4135 2782 2786
3 2315 4135 442
3 4135 3802 6017
3 5719 3056 3802
3 6017 3056 5022
3 5022 327 6017
3 5022 4420 327
3 5865 3467 4066
3 3467 1288 6219
3 1288 1085 934
3 934 1085 2814
3 1408 3608 6208
3 3337 3186 987
3 987 728 3337
3 5010 5442 987
3 728 987 5442
3 6046 5224 6172
3 774 5010 5091
3 5091 2542 774
3 6172 774 2542
3 5091 4612 289
3 2055 4652 4858
3 4858 4652 6215
3 1343 810 6215
3 5229 810 6068
3 810 1343 3108
3 810 3108 6068
3 3108 1343 289
3 3108 289 4612
3 3108 4612 6388
3 5510 4319 2966
3 6068 5715 5229
3 5510 1364 5775
3 5775 1364 5247
3 4588 1364 1203
3 1364 3670 1203
3 2210 6109 4588
3 2210 2964 4126
3 1424 1067 5932
3 1424 5932 4028
3 1067 1890 5932
3 5455 440 5858
3 5858 4033 5455
3 5858 440 893
3 893 4883 5858
3 4883 5443 5858
3 4024 3777 2018
3 4024 2018 4112
3 6503 4942 5925
3 5991 4711 4802
3 4802 5306 1454
3 5306 5481 370
3 5306 370 3661
3 370 5481 3201
3 5690 370 77
3 3201 77 370
3 5240 3201 3816
3 1979 3816 3201
3 1979 5481 2621
3 3458 2621 364
3 2621 5481 2704
3 364 2704 6340
3 6340 5476 364
3 3816 794 841
3 3201 5240 77
3 5240 3816 4963
3 3816 4945 4963
3 5240 4963 2148
3 5240 2148 3672
3 1753 1373 2752
3 2752 1373 1812
3 1467 4963 4945
3 4593 3579 3826
3 4848 5307 3767
3 2406 3767 5307
3 4305 4593 3826
3 2891 976 4592
3 2891 279 4305
3 279 2891 4403
3 716 4042 1973
3 1973 4042 5323
3 1826 5587 2719
3 4750 3951 5672
3 1709 5662 4714
3 6227 6399 1749
3 3821 4302 5269
3 3079 5269 4302
3 4302 6227 3079
3 3079 6227 5237
3 3079 5237 3326
3 2702 1462 5279
3 3326 91 3079
3 2567 6207 3144
3 3144 4160 1823
3 4160 5182 6314
3 5182 4508 6314
3 3829 6207 6294
3 6566 5115 6224
3 3677 4508 4779
3 4508 3677 1854
3 1854 6314 4508
3 2942 4912 2955
3 1854 5152 6314
3 2773 2993 2264
3 5916 2773 1403
3 1403 5942 5916
3 6532 5916 5942
3 3633 6082 1261
3 6082 3644 1261
3 1261 3644 3119
3 550 3644 32
3 5273 32 3644
3 5032 4717 5273
3 3556 6490 4438
3 3556 3072 2563
3 2563 88 3556
3 4964 6358 88
3 88 6358 3596
3 5396 6596 5935
3 5935 6596 1809
3 2617 4271 413
3 413 4271 4031
3 6358 2064 2617
3 2617 2064 4271
3 2064 4964 1936
3 6218 3812 2120
3 253 3812 6218
3 4225 2433 6218
3 4314 4236 2433
3 4314 2433 982
3 2857 699 5357
3 5357 5894 5742
3 4526 5424 4449
3 4449 5424 3416
3 3416 5424 690
3 1496 5424 6300
3 4000 5414 6245
3 5683 3637 2315
3 2315 6578 5486
3 2315 5486 5683
3 3304 6578 1559
3 1559 4186 3304
3 4186 1559 1434
3 4199 2389 1434
3 4420 2389 4199
3 4420 1752 2389
3 6104 5263 2287
3 2775 2287 5263
3 4066 6219 5263
3 6219 392 2401
3 6219 5388 392
3 4308 392 5388
3 1955 2798 704
3 2798 4636 704
3 1919 6371 4375
3 2814 1845 6371
3 1845 2814 4654
3 2814 1085 4654
3 1085 1408 4654
3 3872 5442 6364
3 5442 5010 5224
3 6046 3663 5854
3 3663 6172 5193
3 6172 2532 5193
3 2532 6172 4284
3 4284 6172 1001
3 4284 1001 238
3 1001 4002 2488
3 4002 2542 3766
3 2488 2868 1063
3 5958 3399 6437
3 346 343 3399
3 346 5958 4858
3 5247 5556 5775
3 343 5775 5556
3 5247 4588 230
3 4510 4318 230
3 5247 230 4318
3 4318 4510 4923
3 4923 4510 4340
3 5129 4510 6109
3 1759 6109 4510
3 4490 6114 3471
3 3471 6114 3698
3 4409 4490 4028
3 5212 4033 5272
3 5858 5443 6491
3 740 6503 5426
3 4991 5426 6073
3 3389 1851 4202
3 4202 2237 4112
3 6503 3288 5426
3 5426 1321 6073
3 2896 1986 5690
3 3300 2896 3672
3 6468 4346 1390
3 3014 3672 1753
3 4346 3300 5040
3 5040 1930 4346
3 1390 4346 1930
3 5040 3233 4699
3 3233 5329 4699
3 5329 3233 4764
3 5329 4764 2144
3 2144 4764 2253
3 613 3014 2752
3 4764 3233 1812
3 5944 2974 2033
3 3525 5086 6555
3 5086 4311 1139
3 1139 6555 5086
3 1139 1992 6555
3 4750 5784 1443
3 4750 5672 5784
3 5672 1709 5784
3 4714 5784 1709
3 4714 6514 2464
3 2512 6399 6033
3 4302 3821 4423
3 3821 6436 4423
3 6436 3859 535
3 535 3859 5341
3 3859 5269 694
3 694 5269 1823
3 694 4160 3324
3 4160 6314 3324
3 3324 6314 5341
3 406 6314 5152
3 406 5152 2452
3 5266 5152 4242
3 254 4242 5152
3 2843 4242 254
3 2843 2182 4242
3 2671 4242 6196
3 6297 5493 1795
3 1634 5977 5493
3 1634 6297 5198
3 2993 308 4407
3 5916 6532 2131
3 2131 6532 6425
3 6425 4572 2551
3 6323 2551 4572
3 4572 4417 6323
3 6323 1860 2837
3 223 3694 1860
3 2527 1860 3694
3 3694 6016 2527
3 223 2204 3879
3 3879 2204 5654
3 4417 4603 2204
3 4417 3119 4603
3 4603 32 4717
3 1186 3483 2766
3 2766 3483 5777
3 4166 5789 2112
3 2112 5789 3109
3 5864 1809 413
3 4271 4440 4031
3 4440 6565 4031
3 6565 5760 1712
3 1712 4084 6565
3 4084 2120 3812
3 4084 6498 3346
3 6565 4084 3346
3 3346 6498 1492
3 6498 5734 2875
3 6497 2875 4946
3 6498 5537 5734
3 5537 1496 5734
3 5537 1945 1496
3 5537 6498 3812
3 3812 253 5537
3 6177 6092 906
3 5251 2036 5414
3 6245 5414 2036
3 5251 5683 4994
3 4994 5683 2427
3 4994 2427 404
3 2427 5683 4841
3 562 1927 6529
3 5407 6529 1927
3 1927 6523 5407
3 2497 3894 562
3 1927 562 3894
3 2497 4108 4065
3 4108 4186 1434
3 2497 4065 1242
3 1242 4065 3985
3 4065 1752 4017
3 4017 6302 4165
3 1989 2784 5459
3 5459 2784 5882
3 5459 5882 3117
3 5459 3117 1488
3 5882 451 3117
3 3117 451 2958
3 5882 3252 4743
3 5388 5038 4308
3 1377 5038 848
3 848 1955 2677
3 2677 4762 848
3 4762 2677 5337
3 6217 5337 2677
3 6217 704 4636
3 2110 4636 3276
3 4706 2110 2635
3 3276 2635 2110
3 3276 2987 1052
3 2987 2302 1052
3 2302 5417 5727
3 5417 4375 4534
3 5417 4534 6242
3 5014 4534 1441
3 3872 6364 1103
3 5854 2372 4995
3 2372 5384 3860
3 2889 3860 952
3 952 3860 6194
3 5384 878 6194
3 5384 1828 1729
3 1828 5193 2532
3 1828 2532 3273
3 3116 981 1249
3 2415 3116 2937
3 1249 2937 3116
3 6437 3501 2488
3 3399 3609 5695
3 5247 4318 5556
3 5556 4318 4923
3 4923 4340 6435
3 6091 1402 5899
3 6091 4536 1402
3 6336 1402 4536
3 2985 2367 5470
3 4340 4510 4335
3 4335 5129 6332
3 1267 6151 1984
3 4536 1066 6336
3 1850 4490 3471
3 1850 3471 5728
3 2858 5728 3471
3 2858 3698 423
3 2858 292 5728
3 2858 423 292
3 5744 5728 292
3 5744 4767 5728
3 5744 5551 4767
3 5551 2336 5287
3 5287 2579 5551
3 2336 3222 5287
3 5287 3222 513
3 5287 513 6191
3 6191 513 2246
3 3600 1396 5211
3 3526 3600 5211
3 3526 2151 3600
3 4991 2151 5426
3 4991 3507 2151
3 4147 5559 4991
3 6468 5165 2163
3 1390 1930 5165
3 2931 736 5495
3 4699 6481 5040
3 4699 5329 6481
3 6481 5329 6319
3 2385 6481 6319
3 5786 6319 4596
3 5786 2385 6319
3 2385 5786 3325
3 3325 2862 2385
3 4596 4201 5786
3 4201 5985 3261
3 6325 2144 2253
3 6325 4992 2215
3 2033 6555 4462
3 3177 575 3853
3 3177 3853 2716
3 575 4123 3853
3 1414 4123 4361
3 4361 3850 1414
3 4361 6574 4785
3 5509 4637 2464
3 6527 4460 2512
3 6527 625 1246
3 6527 1246 3475
3 3475 1246 2667
3 625 3298 1246
3 2667 1246 3810
3 5199 3298 6149
3 6173 35 4904
3 4528 544 6436
3 535 5341 1645
3 535 1645 6436
3 6436 1645 398
3 1645 5341 6314
3 2452 1645 406
3 6314 406 1645
3 2452 3250 2048
3 1847 5266 1089
3 2671 1007 67
3 67 1007 4051
3 67 4051 3297
3 1007 6196 6052
3 6196 1795 6052
3 3165 6052 1795
3 3165 1795 5493
3 2534 4261 563
3 563 4261 3443
3 4261 2551 2837
3 2837 2551 6323
3 5289 6016 5183
3 5289 5183 847
3 5847 5183 2352
3 2352 5829 2112
3 6016 3694 5829
3 1472 5829 3879
3 3694 3879 5829
3 5313 220 838
3 3109 5313 6129
3 838 1499 1650
3 1650 1499 1714
3 1650 1714 6129
3 3901 1499 1504
3 3901 1504 1778
3 3479 4376 5862
3 6322 5862 5864
3 5864 741 3134
3 741 6565 1988
3 1988 6565 2195
3 1988 2195 3933
3 4095 6565 1994
3 3933 4095 2359
3 3346 1492 1994
3 1994 1492 6209
3 237 6497 2387
3 237 5617 6209
3 5617 4547 2029
3 4547 5617 1952
3 2387 1952 5617
3 4161 5475 4994
3 5475 4161 557
3 557 2660 5475
3 2640 4161 6223
3 2640 6223 3863
3 4161 4920 6223
3 4920 404 2427
3 4920 6530 5919
3 5919 5407 759
3 759 5878 5919
3 759 6523 6096
3 3375 4694 1700
3 1242 3894 2497
3 1242 5342 3505
3 1558 5342 3555
3 3555 5459 1558
3 1558 1488 3804
3 1558 3804 5342
3 3866 3907 3748
3 5614 3748 1739
3 3907 2958 3588
3 1296 3588 3987
3 5337 6284 4762
3 1976 5534 598
3 6217 1158 2935
3 3867 1158 4636
3 1976 4706 3932
3 4706 614 2489
3 4706 2489 3932
3 967 672 614
3 5844 614 672
3 967 3105 1003
3 1003 3105 3196
3 1101 2635 3276
3 875 5727 4396
3 5417 6242 2408
3 5014 4995 3992
3 2889 72 5568
3 2889 5568 3504
3 3504 5568 2408
3 5568 468 6432
3 6432 468 767
3 6432 767 1277
3 767 468 1208
3 468 2607 1208
3 1208 2607 1064
3 1064 2607 6194
3 1064 820 1208
3 1208 820 1807
3 4489 820 3153
3 4489 3153 6446
3 3153 4549 2350
3 4549 2415 3062
3 4952 3062 2415
3 3116 4549 1729
3 3116 1729 1828
3 3062 4952 445
3 5026 4952 2937
3 5026 2937 1314
3 4649 5507 5089
3 2405 1314 4282
3 46 1932 5089
3 5089 1932 525
3 525 1932 275
3 275 2238 887
3 3800 4282 2238
3 2238 4282 341
3 2238 341 887
3 887 341 3776
3 5695 3776 341
3 3776 5695 6155
3 3776 6155 4250
3 6155 5695 2848
3 2848 3609 2825
3 6122 4634 1865
3 5146 6155 1865
3 6122 2768 1832
3 3041 1832 4237
3 1832 2768 2019
3 4237 2442 5899
3 3216 3114 4632
3 5899 1402 6336
3 523 1850 4897
3 4850 1324 3493
3 1324 6164 3493
3 1324 4767 6164
3 6164 4767 2579
3 6164 2579 6191
3 6593 938 6034
3 938 3507 5559
3 3507 2246 513
3 3507 513 3222
3 3908 4887 1416
3 4887 5165 2931
3 3929 6019 6495
3 287 6019 5845
3 3929 5495 4940
3 5845 4940 3928
3 5593 4542 325
3 4542 736 325
3 736 6481 325
3 2614 5718 3325
3 531 4892 236
3 4643 3261 2370
3 3664 2370 3261
3 5425 5985 3968
3 6325 2215 3968
3 1323 3968 2215
3 1573 1292 5252
3 1292 4462 5252
3 5252 2630 1573
3 5035 1573 2630
3 5131 5035 4032
3 2630 4032 5035
3 1620 2630 5252
3 1620 5252 4297
3 3522 1620 1746
3 4297 1746 1620
3 5536 260 6409
3 4785 3850 4361
3 3475 1182 6527
3 6516 5494 1842
3 5199 3423 6492
3 3810 1246 5199
3 1447 3423 5065
3 5065 5003 1447
3 5003 5065 1681
3 5003 1681 5810
3 4309 6173 4904
3 4904 3258 4309
3 5097 3258 790
3 3027 398 2149
3 2149 3250 5097
3 5097 3250 4143
3 4143 3250 1847
3 4143 5121 4194
3 4194 5121 2566
3 2566 5121 5809
3 5809 3895 2566
3 4051 4078 3969
3 3969 4078 2316
3 6138 4051 6052
3 2316 6138 1514
3 4144 2726 6138
3 3892 4144 3989
3 3892 3989 563
3 3892 563 3173
3 3173 563 3443
3 3443 5289 3173
3 4713 294 2975
3 294 6433 2975
3 294 847 6433
3 6433 847 5183
3 6343 883 5847
3 5847 1978 3232
3 1978 6129 3232
3 6129 6419 3232
3 6419 6048 1374
3 1374 6048 5811
3 1374 5811 2561
3 3901 6048 1714
3 1778 1244 3360
3 3739 1778 1504
3 3739 1504 5142
3 2208 3592 5433
3 3714 5142 3159
3 3714 3159 421
3 421 5936 3714
3 6328 3037 1190
3 1190 3037 973
3 1190 973 1371
3 1190 1371 1168
3 3037 4559 1167
3 3615 3134 1988
3 3615 1988 1713
3 1713 1988 3561
3 1410 1713 5033
3 1713 3561 5033
3 2041 5125 3561
3 5033 3561 5125
3 3211 2041 2359
3 2359 4095 3211
3 4095 1994 3211
3 5617 2029 1636
3 809 4547 1952
3 1952 4651 809
3 4651 3439 809
3 809 3439 5128
3 809 5128 4660
3 4660 5128 3047
3 3439 5381 5128
3 5381 3439 2660
3 471 6037 5680
3 3863 1708 2640
3 5680 1224 3132
3 1224 6037 5975
3 1224 5975 4727
3 1224 4727 3132
3 4727 5975 1112
3 4727 1112 5878
3 6223 1112 5975
3 5878 1112 5919
3 6523 1320 6096
3 1320 1035 5015
3 1035 6402 4055
3 3375 3657 6402
3 4055 6402 5768
3 3657 5615 4659
3 3351 3262 1191
3 3332 3750 6284
3 1310 3332 6418
3 3332 1287 5600
3 5261 1287 5260
3 1287 3339 5260
3 6221 2318 3329
3 1280 3329 2318
3 6221 3932 2318
3 3932 13 4248
3 13 3932 5844
3 5844 3932 2489
3 13 5844 3034
3 4248 13 3034
3 4797 4876 2330
3 555 672 2740
3 6031 2740 1003
3 2330 6031 3855
3 3196 499 6031
3 5793 6031 499
3 499 3196 875
3 2699 5793 499
3 5793 2699 3254
3 698 2699 4396
3 4396 2408 698
3 5793 2227 6031
3 2227 6494 3855
3 758 3631 4813
3 2876 758 4999
3 1277 1807 1889
3 1277 767 1807
3 6381 3917 4999
3 6381 5648 1998
3 6381 1889 5648
3 4489 6446 2091
3 5648 2091 6454
3 6446 655 5415
3 6454 5415 1815
3 5415 655 3496
3 3036 3496 655
3 3496 1815 5415
3 3036 514 4215
3 4215 514 5297
3 1667 400 514
3 4649 6086 5080
3 1667 5080 3485
3 4649 1954 6086
3 5089 1954 4649
3 1526 1954 5089
3 525 1526 5089
3 1526 525 2211
3 525 3185 2211
3 3185 525 275
3 2211 3185 4495
3 4495 6145 2211
3 2371 1561 4495
3 1561 6145 4495
3 1561 5146 6145
3 4250 1561 2371
3 4250 6155 1561
3 6155 5146 1561
3 6281 6145 5146
3 6281 5146 3143
3 3143 1515 6281
3 1515 4634 3094
3 3216 5176 3693
3 3693 5176 2969
3 5176 2355 3493
3 6164 4836 3493
3 3550 4836 5485
3 6058 5769 5485
3 5485 5769 3118
3 2189 5636 5769
3 5636 2189 600
3 2189 5372 4915
3 4823 4915 6201
3 2972 5372 478
3 478 5372 6058
3 6058 347 478
3 3735 478 347
3 2972 3735 2413
3 2326 6535 287
3 2413 287 6535
3 2129 3928 4715
3 280 3928 807
3 280 807 2014
3 807 3928 4940
3 807 4940 803
3 803 4940 5495
3 803 5593 5743
3 803 5743 807
3 5743 2014 807
3 5029 2014 2749
3 2749 2321 5029
3 6087 1602 2321
3 2321 1602 3611
3 3611 1602 1560
3 4015 1644 3411
3 5859 1644 236
3 1644 4015 531
3 1644 531 236
3 5859 236 1737
3 2977 2340 6105
3 6105 5779 2977
3 4776 4032 5016
3 4776 5016 1780
3 1780 5016 3629
3 5016 6203 1297
3 5016 1297 2103
3 1297 6439 2103
3 1297 4313 6439
3 6203 5226 4313
3 5226 4716 5461
3 5226 3568 4716
3 5226 5461 2166
3 4313 5226 2166
3 6231 5444 6568
3 6452 4716 1842
3 6452 1842 6556
3 6556 1842 5494
3 5726 6492 6556
3 5171 6492 1447
3 1697 6275 344
3 2394 5538 3258
3 1681 3258 5538
3 5716 2394 4194
3 3258 5097 2394
3 2394 5097 4143
3 2394 4143 4194
3 5716 2566 3895
3 344 5716 3895
3 5810 6275 5453
3 2368 6587 1697
3 2368 5295 5511
3 2368 5511 3696
3 5295 3895 5511
3 3696 5082 2368
3 5082 322 1716
3 5082 1716 3018
3 1861 322 4566
3 4566 2244 1861
3 38 4771 4566
3 38 5511 4771
3 4771 5511 1805
3 2602 1514 2956
3 2602 2956 1740
3 1740 2956 136
3 136 2956 2678
3 174 3430 1765
3 174 1765 2678
3 2678 1765 5387
3 5387 2975 124
3 2975 4525 124
3 5387 124 3705
3 1253 4539 491
3 2561 654 4539
3 654 2561 1534
3 2561 2583 1534
3 4906 4228 2583
3 4906 5884 4228
3 5811 4054 4906
3 3353 2743 5664
3 4054 3353 5258
3 5664 3419 3353
3 6265 3845 5280
3 4198 5280 3845
3 5664 4198 3845
3 4198 3592 2239
3 877 2239 3592
3 2239 5280 4198
3 2208 6280 877
3 2208 1295 6280
3 1295 2208 5936
3 1295 5936 1061
3 5936 2698 1061
3 2698 5936 1168
3 5936 421 1168
3 2698 3875 3557
3 1061 2698 3557
3 3557 3875 3768
3 3875 1352 3768
3 1352 5508 4509
3 5591 5508 5336
3 1352 1059 5508
3 5508 1059 2760
3 5508 2760 5336
3 5336 2760 5663
3 4474 5663 2599
3 4474 2599 6339
3 2549 6411 1410
3 6339 2549 422
3 422 4064 6339
3 632 5033 5125
3 4064 422 6216
3 2625 6216 422
3 6216 2625 907
3 6216 907 3678
3 3678 4734 6216
3 4734 520 5857
3 520 4660 5857
3 5857 3047 4437
3 1501 4437 1361
3 4437 3047 851
3 851 3047 1356
3 5606 4981 851
3 1361 4981 5380
3 2197 3468 5606
3 3468 2824 1592
3 2197 1437 1426
3 1437 5381 2284
3 2824 3082 1111
3 5271 1111 4124
3 1426 5310 3082
3 886 3082 5310
3 5310 5680 886
3 371 886 5680
3 2362 371 269
3 2362 269 1848
3 3132 1848 269
3 3885 2362 2105
3 1848 2105 2362
3 3132 4727 6064
3 4655 6064 247
3 6064 4087 247
3 247 4087 956
3 3574 4087 6160
3 1090 6202 3574
3 1090 3645 6202
3 3645 1090 5015
3 3645 5015 5768
3 1090 6160 5015
3 4659 6442 4948
3 5615 3351 5103
3 4341 4633 5261
3 1313 5261 5260
3 1313 5260 6259
3 3214 1313 6259
3 1934 5799 3966
3 4914 3966 5729
3 4732 5799 2826
3 4732 2826 3651
3 2826 5799 3246
3 5799 1934 3246
3 3246 1934 5952
3 3246 2885 5469
3 5469 2885 5561
3 2885 3329 5561
3 5561 3329 1280
3 5561 879 5469
3 5469 879 3034
3 5469 3034 1036
3 1036 3034 4326
3 5469 2970 6475
3 1583 5184 156
3 674 89 1569
3 674 1569 218
3 4326 1569 89
3 4797 4801 4876
3 4876 4801 1963
3 4797 4441 1341
3 3631 2540 4813
3 2540 3631 1341
3 3631 2876 933
3 1341 3631 2513
3 933 2513 3631
3 3046 933 2876
3 3046 3334 1768
3 1998 1522 6381
3 1998 2062 5101
3 3965 2062 3352
3 2062 5648 6454
3 3352 2062 5363
3 6454 5363 2062
3 6454 1815 5363
3 5363 1815 6287
3 6282 6287 3496
3 2754 3496 4215
3 3102 627 2754
3 627 6282 2754
3 3986 5524 3669
3 3532 1926 1578
3 4067 5839 4753
3 4753 68 4419
3 68 5151 4419
3 6281 1515 5609
3 1515 3094 2866
3 4158 2866 4538
3 4158 274 4584
3 209 2305 227
3 227 2305 4538
3 4538 4383 227
3 2629 227 4383
3 209 2969 743
3 209 5848 2305
3 5030 4929 1040
3 4929 1120 1040
3 1120 5485 1040
3 2094 4929 5030
3 5636 600 1603
3 214 6458 6569
3 221 6569 6458
3 6458 214 4386
3 4386 5989 6458
3 3518 895 4386
3 6465 4386 895
3 6569 895 3518
3 895 6569 2314
3 4823 2291 2314
3 2314 2291 4893
3 2291 1619 4830
3 2990 1619 6201
3 2990 6201 6535
3 5658 3782 6544
3 6535 6544 2990
3 2129 6544 5845
3 2129 4715 5997
3 5997 4368 1433
3 4368 6278 2792
3 6278 1707 75
3 6278 75 2792
3 2792 75 6053
3 747 1649 3961
3 3961 1649 4301
3 2321 3611 1707
3 1560 4301 3611
3 4686 472 4301
3 1346 1560 3411
3 3708 6464 6359
3 6528 6359 6464
3 6528 1291 5428
3 1291 5166 5428
3 6007 5428 5166
3 2697 4175 517
3 5166 517 6007
3 4175 6007 517
3 4175 4774 1188
3 5779 4273 6062
3 4273 5779 3629
3 5779 6105 1780
3 5779 1780 3629
3 4273 3219 6062
3 3604 6439 3219
3 6568 4291 4623
3 5649 4623 4029
3 4623 1666 2571
3 4623 2571 4029
3 5326 115 6525
3 115 5830 4021
3 115 4021 6525
3 5830 6075 5453
3 2912 3827 5629
3 2574 2912 5629
3 357 3827 2591
3 5629 357 6489
3 2317 2591 1432
3 1432 2591 3018
3 4648 1432 4565
3 3018 4565 1432
3 1716 4565 3018
3 2655 4565 4646
3 5117 2655 4646
3 1861 2295 2201
3 5888 4367 2295
3 4367 1507 2295
3 5888 688 4656
3 5888 4656 4720
3 688 2244 4656
3 2244 4771 2602
3 2244 2602 1740
3 5788 3128 3980
3 2338 3897 5951
3 3897 5788 136
3 3980 2338 1209
3 2338 3705 1209
3 1209 3705 4525
3 2653 4410 3980
3 6153 2653 491
3 2653 1209 1253
3 2653 1253 491
3 6153 491 3720
3 491 4539 3720
3 3720 4539 1534
3 2823 296 2583
3 2823 2583 4228
3 296 2823 4769
3 651 5244 2823
3 4769 2823 5244
3 5244 651 5884
3 5258 5884 4906
3 3761 5884 5258
3 3761 1493 5884
3 6488 2764 6265
3 6265 2764 3419
3 4560 6488 6265
3 6265 5185 4560
3 6265 1958 5185
3 1958 1289 4849
3 4849 1289 6355
3 6355 2239 4333
3 4333 2239 877
3 877 6280 4333
3 5766 4849 6355
3 4333 6280 5890
3 3768 5890 6280
3 4796 4333 5890
3 5336 4474 5591
3 5591 4474 1528
3 4474 6339 3363
3 3363 6339 3773
3 3773 4064 6590
3 5079 4064 4734
3 4064 6216 4734
3 5079 4734 2707
3 1501 5605 909
3 909 5605 1968
3 6600 5605 5693
3 1550 1093 5605
3 5693 5605 1093
3 3567 1550 5380
3 5380 1726 3567
3 3567 5529 1625
3 3567 1625 1093
3 1093 1625 5693
3 2934 1152 5291
3 5291 1152 2466
3 5291 2466 4258
3 5409 5772 1592
3 5772 2960 1592
3 1592 6309 5409
3 2824 160 6309
3 1549 4124 6390
3 6390 4124 5136
3 5136 4124 1748
3 1748 3885 5136
3 4655 3799 5624
3 4655 5624 2105
3 3842 3574 6202
3 6254 5689 3645
3 6202 3645 5689
3 5522 763 6213
3 6292 3830 3195
3 5489 5729 4930
3 5729 554 4243
3 6243 6259 5522
3 5522 6259 5962
3 5962 528 4243
3 4914 5729 528
3 528 5729 4243
3 222 4732 3621
3 3621 4732 3649
3 6097 4732 3651
3 6097 3651 939
3 6097 1400 4956
3 3725 5583 1400
3 3725 383 5184
3 3725 5184 475
3 3725 475 5583
3 3546 5583 475
3 5583 3546 5949
3 5949 3546 4048
3 4498 5949 4048
3 4498 2923 5949
3 3025 1583 1949
3 218 6015 2880
3 6015 218 2491
3 5137 2491 5994
3 218 1963 2491
3 5994 2491 4801
3 5002 1411 5137
3 2468 1411 5002
3 3385 5002 4075
3 2468 3385 919
3 2728 3385 3046
3 2728 3046 1768
3 2728 1768 367
3 3718 1768 6295
3 4185 3427 801
3 3718 801 3427
3 801 4011 4185
3 801 3718 6295
3 801 6295 2547
3 4011 801 2547
3 5098 2366 5504
3 2366 2084 3049
3 2084 2547 3049
3 2547 4917 561
3 5804 5504 3737
3 5504 561 3737
3 310 5098 5804
3 2217 5804 3965
3 5804 2217 1452
3 3565 5929 1452
3 1452 5929 846
3 1452 846 5098
3 5098 846 5488
3 564 846 2851
3 846 5929 4155
3 4155 2851 846
3 6287 4155 5929
3 2851 6282 6305
3 5584 6305 6282
3 5524 3986 4104
3 4821 2714 5075
3 4287 5075 2714
3 3532 1578 4067
3 4067 1578 5839
3 3532 2342 4821
3 4821 2342 1914
3 4821 1914 2714
3 744 3085 6360
3 6360 3085 4419
3 4753 4419 3085
3 3772 1328 6360
3 4191 6360 1161
3 1328 1161 6360
3 3245 3772 585
3 1183 585 2050
3 3772 5151 931
3 2050 4554 4584
3 5151 3756 931
3 2050 273 3442
3 2050 3442 5403
3 3442 273 5675
3 5675 3106 3442
3 5675 4584 274
3 5675 274 4969
3 4969 259 4728
3 259 4464 4728
3 4464 259 5848
3 259 4969 5848
3 5848 1498 4464
3 2094 2053 4929
3 4929 2053 1358
3 1498 591 4961
3 4961 591 1008
3 1008 4338 2140
3 2506 4338 3686
3 2506 5791 5346
3 1537 3686 221
3 5791 1329 1318
3 5791 1318 257
3 4347 5989 999
3 5989 6465 999
3 6465 6069 916
3 59 2731 6465
3 6465 2731 6069
3 2731 4893 5673
3 5482 5673 4830
3 4830 5658 5482
3 4830 3782 5658
3 5658 6544 6175
3 5658 6175 5697
3 1433 5322 5697
3 2792 216 4368
3 216 2792 1231
3 2792 6139 1231
3 1519 4557 6139
3 4936 4557 5563
3 1519 1303 5092
3 5092 1303 3548
3 4184 1303 747
3 6400 4127 4184
3 4127 6400 5054
3 2722 472 4686
3 2280 2722 3708
3 2280 3896 5054
3 6006 3659 2168
3 2890 6007 334
3 155 2890 334
3 334 1188 3662
3 1188 3979 3662
3 3979 4774 5627
3 5214 5145 1407
3 1556 1728 2226
3 1556 2226 2639
3 2639 2226 4604
3 882 4604 183
3 2226 6062 4804
3 4804 6062 3219
3 4804 3219 6568
3 3219 6439 6568
3 6568 234 746
3 746 234 4676
3 4722 1217 4150
3 4150 1217 5649
3 4150 5649 2346
3 1217 4467 5649
3 4029 4405 5649
3 4405 4029 298
3 298 3795 4405
3 2946 4405 3795
3 1282 2571 6525
3 3016 219 6525
3 6525 4021 3331
3 3096 6501 4504
3 4837 5453 2574
3 3764 4628 4306
3 4837 5629 4101
3 5042 4306 4511
3 4648 4565 2655
3 5872 4648 2655
3 3162 5330 2196
3 5872 5117 2365
3 5117 5225 2365
3 559 5225 5117
3 5225 1457 1098
3 4933 1098 1457
3 1507 4384 6094
3 1507 4398 4384
3 1507 4367 4398
3 4398 4367 1420
3 1420 4367 5888
3 1420 5888 4720
3 4656 1981 4720
3 1429 4720 1981
3 4410 1429 1981
3 6447 3436 6066
3 3436 6447 4426
3 4059 3436 2052
3 3057 6540 4769
3 4927 5960 6488
3 6488 1141 4927
3 1141 114 4927
3 6488 4560 5540
3 3687 5250 2656
3 2790 2656 5250
3 5185 2656 2790
3 5250 3687 4224
3 5250 4224 5232
3 4224 5766 5232
3 6355 4796 5766
3 3012 1348 4700
3 5890 5978 1659
3 2587 1659 5978
3 5978 9 2271
3 4749 2271 5591
3 1528 5618 4749
3 4874 4749 5618
3 2669 1528 3363
3 1528 4474 3363
3 4781 2669 2883
3 2883 2662 4781
3 512 1290 2883
3 2035 2883 1290
3 1290 512 5724
3 5724 1968 1290
3 6350 2035 2682
3 1968 5605 2035
3 4910 5693 5526
3 5693 1484 5526
3 2682 6600 5693
3 1484 5693 1625
3 5529 5291 3386
3 5291 149 6431
3 4258 5431 149
3 5111 149 5431
3 5431 4723 5236
3 5431 5236 211
3 2162 4258 2466
3 5580 5669 2162
3 3655 1180 5685
3 1722 4585 1234
3 1722 6485 4585
3 6485 1722 5818
3 3374 1703 1722
3 5818 1703 2865
3 1703 3374 6113
3 2865 1703 6113
3 6113 3275 1204
3 3275 6309 1204
3 1204 6309 3815
3 1549 3440 5376
3 3440 684 5376
3 684 3330 4040
3 3417 3330 5826
3 3417 5826 2109
3 5826 3330 6390
3 3440 6390 3330
3 261 6390 5136
3 261 5686 1822
3 6390 1822 5826
3 1822 832 5826
3 5826 832 1144
3 832 5624 751
3 832 751 1144
3 1144 751 152
3 751 3842 5689
3 5689 4783 751
3 152 751 4783
3 5689 1590 5168
3 5998 1398 6531
3 4803 6213 2944
3 2944 4211 4803
3 6292 5984 752
3 752 5984 4475
3 752 4475 4211
3 4211 4475 1810
3 4475 5984 1593
3 6539 5984 2680
3 6539 2680 2234
3 3195 2836 5984
3 2680 5984 2836
3 2680 2836 5750
3 2232 2836 3195
3 5750 2836 4800
3 4800 5930 5750
3 2232 3195 3830
3 6292 2360 3830
3 288 3830 2360
3 288 5489 4930
3 5746 3621 1772
3 5746 1772 5827
3 3649 1772 3621
3 3397 2001 6097
3 3397 3671 2190
3 3671 4265 2421
3 4956 4265 3671
3 4265 5583 5949
3 6327 4047 4069
3 4047 2101 4069
3 4047 2923 2668
3 4047 2668 2101
3 3025 2923 4498
3 2668 3025 2777
3 2668 2777 3856
3 3025 1949 2777
3 3856 2777 4898
3 1411 2468 1637
3 1637 2468 900
3 1637 900 3856
3 900 901 2548
3 900 2548 3856
3 901 3283 2548
3 3260 3977 3283
3 3977 5515 725
3 5204 3260 367
3 1129 5204 1520
3 1129 1520 5515
3 5204 6170 1520
3 4998 2569 1800
3 4998 1030 2183
3 2183 1030 750
3 1030 3540 750
3 2703 595 3540
3 6484 3540 595
3 595 3390 6484
3 4824 595 2703
3 3390 595 1510
3 4824 1800 1508
3 5207 3243 4185
3 5488 3039 5207
3 3039 6305 6445
3 6305 3039 2851
3 4481 6329 2486
3 4481 2486 4287
3 4481 5043 1399
3 1399 5043 5017
3 2397 3947 5017
3 5239 4191 1785
3 4191 1161 1785
3 1227 3593 2905
3 3593 4058 2905
3 1161 2905 4058
3 1227 250 5655
3 5655 250 3529
3 250 2905 1183
3 250 1183 5403
3 2983 1438 5403
3 2983 4139 4146
3 3106 2879 4139
3 4506 2879 6238
3 2879 3106 4825
3 5346 2022 5863
3 1581 5863 1721
3 2933 2022 6168
3 6168 6185 2933
3 2022 5346 6168
3 6168 5346 2004
3 6168 2004 2268
3 257 2004 5791
3 257 1279 2004
3 257 1855 1279
3 2268 1279 5367
3 1855 1318 5643
3 4263 402 4347
3 5645 4347 402
3 402 4263 5438
3 4085 5438 4263
3 4085 1266 2026
3 1266 6069 500
3 5438 4085 2026
3 5438 2026 4719
3 1284 2026 150
3 150 3702 1284
3 3266 150 500
3 3266 500 3393
3 3393 121 3266
3 536 3266 121
3 536 2075 3266
3 3266 2075 3887
3 2075 536 3448
3 536 727 3448
3 3448 727 922
3 727 121 5482
3 727 5482 5697
3 5697 5322 922
3 3448 1962 4070
3 1962 1231 560
3 3188 560 6139
3 5256 5563 5092
3 2665 5563 6410
3 5563 5256 5588
3 5256 34 2893
3 34 5256 5068
3 5068 5256 963
3 5068 963 145
3 5256 5092 963
3 5054 6477 6519
3 2012 5484 6519
3 1384 3465 4820
3 6427 6512 4137
3 1384 1706 3692
3 3692 6373 4117
3 3692 1706 6373
3 1706 5241 1322
3 1322 5241 6006
3 1322 6006 2168
3 6373 155 4077
3 6373 4077 4117
3 4077 155 3662
3 4117 4077 4395
3 3662 4675 4077
3 4395 4077 4675
3 3662 3979 4675
3 4675 3979 1511
3 1037 616 4573
3 1511 4573 616
3 4675 1511 3141
3 616 3141 1511
3 3204 1037 2817
3 1037 5214 2817
3 4491 1407 4233
3 1445 1747 4682
3 4682 1747 5018
3 495 5560 2639
3 6205 882 2010
3 183 6568 2010
3 6568 5849 2010
3 6568 746 5849
3 4702 1660 4380
3 5400 4676 234
3 5400 4722 224
3 4722 4739 224
3 6396 3052 1742
3 3052 735 1742
3 1742 735 6412
3 735 3237 4134
3 735 4134 6412
3 735 4156 3237
3 2550 4156 4150
3 4739 4150 4156
3 4405 2946 3682
3 3237 4156 3682
3 3237 1643 4134
3 3795 298 2666
3 2221 3220 568
3 2455 5546 6010
3 2455 1993 1149
3 342 6518 1993
3 6518 1149 1993
3 342 3764 6127
3 6127 3764 1804
3 6127 1804 90
3 984 1151 1804
3 3805 3162 1475
3 3162 2196 1475
3 1353 1733 2188
3 1056 4943 1733
3 5413 1733 4943
3 4943 1056 4613
3 3418 4943 3499
3 1193 1353 5225
3 2580 5815 687
3 687 4527 2580
3 147 3490 687
3 3490 147 509
3 509 658 3490
3 1098 509 147
3 509 4933 658
3 4527 3302 2074
3 1372 356 6288
3 6288 356 6311
3 4933 6311 356
3 4933 6577 6311
3 6577 1912 6311
3 6311 1912 4429
3 4357 6311 4429
3 4343 6540 5390
3 4426 5390 3498
3 4426 3498 2052
3 2052 3498 6143
3 2052 6143 637
3 637 6143 4618
3 494 6143 64
3 3498 64 6143
3 2298 494 636
3 64 636 494
3 64 3498 4927
3 636 64 114
3 4927 114 64
3 494 2298 54
3 54 6143 494
3 54 5472 6143
3 2229 2298 146
3 146 3915 2229
3 4581 1362 144
3 1362 1195 2738
3 1362 2738 144
3 2193 1195 1141
3 1141 6488 2193
3 1665 213 309
3 1665 309 2568
3 2738 1665 5677
3 4895 5677 1665
3 4895 3716 6189
3 4895 2568 3716
3 3716 2568 477
3 3716 477 3881
3 2568 1566 2325
3 1566 2568 309
3 5540 5232 2174
3 2174 2307 4782
3 5766 444 2307
3 2249 444 3012
3 3367 2249 4700
3 4700 4072 3367
3 5162 3367 4072
3 5162 4072 3691
3 4072 2587 3691
3 2587 5978 890
3 3691 890 4091
3 3740 4091 4874
3 5235 3740 4874
3 5235 6079 2265
3 2007 2265 388
3 5235 1336 4173
3 1336 5618 5691
3 2662 6350 5691
3 4693 4239 5324
3 4239 4910 5324
3 4366 1055 4789
3 5324 6140 3115
3 6140 5526 1554
3 6140 1554 5630
3 5454 1554 5526
3 5111 770 2499
3 992 1421 4372
3 5236 5150 5333
3 5236 4723 5150
3 3174 5150 4723
3 5685 377 3429
3 377 972 3429
3 4400 972 377
3 4229 2396 5998
3 4670 1180 6386
3 6386 5940 6485
3 6485 5940 4585
3 5818 4331 3212
3 4050 1585 6113
3 1585 4050 3818
3 3818 5376 1585
3 4331 3330 3417
3 2109 4076 3712
3 2209 4730 2119
3 4229 5998 6531
3 4531 2593 5499
3 6258 757 2797
3 6539 5705 1593
3 1593 5705 4475
3 5705 942 6545
3 5139 2515 4026
3 4026 2515 5954
3 1893 3673 4330
3 4330 6539 1893
3 1893 2234 2289
3 5750 3434 4591
3 3434 5750 3263
3 3434 3263 2027
3 610 3263 1723
3 5192 1479 5746
3 5192 5827 2732
3 482 3870 2832
3 1879 2832 3870
3 3870 3834 1879
3 3834 2319 6541
3 6541 2190 5770
3 6327 4069 5610
3 6327 5610 3296
3 3227 2101 2668
3 5610 4575 6467
3 4575 2548 5720
3 4575 5720 6467
3 2604 725 1105
3 4934 2604 2778
3 1105 2778 2604
3 2778 1105 5515
3 5515 24 2778
3 4998 2183 24
3 24 2183 6414
3 6414 2778 24
3 5238 750 94
3 5238 94 5099
3 750 3540 94
3 2529 4594 5238
3 2529 5099 3076
3 3076 5099 354
3 1510 1369 5637
3 1369 4972 5637
3 5017 5352 6602
3 6602 5352 2575
3 2575 5352 3517
3 3517 5352 4611
3 2152 53 3206
3 4741 3813 2021
3 3947 5352 5017
3 18 3947 4597
3 18 4597 4741
3 4741 4597 5239
3 4058 5594 2281
3 4264 5594 3593
3 4264 3593 1668
3 467 3058 4264
3 5594 4264 3058
3 3058 467 5671
3 5671 516 3058
3 1613 1938 5671
3 1938 1613 2503
3 2277 4524 1613
3 2503 1613 4524
3 4524 266 2503
3 3191 4146 3803
3 3229 188 4146
3 3803 4146 188
3 188 3229 4506
3 3958 4506 6238
3 6050 6357 5585
3 6185 6357 6050
3 3839 6185 5887
3 5887 6185 6168
3 6168 2268 2781
3 6168 2781 5887
3 4083 2781 5367
3 2781 4083 3944
3 326 5195 4083
3 4083 4974 3944
3 5195 326 755
3 755 3350 5195
3 187 5195 3350
3 6020 755 326
3 3350 755 3717
3 6020 5367 1950
3 5645 2664 2897
3 2897 2664 3640
3 2897 3640 6020
3 3640 629 6020
3 3640 991 3648
3 991 3470 6407
3 3470 2436 5438
3 3470 4949 6407
3 6407 4949 5803
3 1284 2544 4719
3 4719 2544 4949
3 2000 2544 1871
3 2544 3702 1220
3 4936 2626 2473
3 3801 5200 2570
3 5832 5068 3963
3 1899 1641 3963
3 3963 6519 1899
3 1899 6519 5484
3 1641 1899 5665
3 5665 1899 1057
3 5665 1057 485
3 5084 485 5562
3 1057 5974 485
3 485 5974 3954
3 5562 485 3954
3 5484 3516 5974
3 3516 5484 2012
3 3516 6440 3784
3 6440 4747 6512
3 1497 6440 6512
3 4747 3465 1384
3 3344 6427 3888
3 4784 3888 6427
3 4784 3780 1886
3 1886 3210 4784
3 4535 4137 196
3 196 4137 4117
3 1886 4535 3210
3 5423 4535 4395
3 4395 4675 5423
3 3210 5423 2864
3 5423 3141 5058
3 5058 2864 5423
3 4352 3141 3204
3 4352 3204 1635
3 3141 616 3204
3 4457 1635 4479
3 4132 361 1896
3 496 1735 4479
3 4479 1735 2228
3 1896 361 1065
3 361 2228 1065
3 6021 1735 4491
3 6376 4233 5348
3 5348 4233 5124
3 6376 4491 4233
3 4233 1274 5124
3 4369 4682 5841
3 5841 4682 4255
3 4255 4682 5018
3 5018 1425 4255
3 5841 4255 3174
3 4255 4552 3174
3 3174 4552 5150
3 4552 6163 6559
3 6100 6398 4325
3 6559 6163 3558
3 4702 4380 602
3 6537 602 5368
3 5400 224 4911
3 4756 4911 1818
3 6377 206 3528
3 3528 206 1763
3 3528 1763 6395
3 3051 3239 6395
3 3239 3051 5316
3 3051 6044 6023
3 6044 5216 5420
3 5420 5216 2221
3 5420 2454 4141
3 5420 4141 4256
3 3154 4256 4141
3 4141 2454 1601
3 4141 1601 4601
3 2454 568 5546
3 4601 1601 3362
3 6518 4908 5546
3 3931 1837 6127
3 1837 3931 5703
3 3931 3805 5703
3 6308 5795 1837
3 4647 6308 5642
3 5642 4045 4647
3 5642 4518 355
3 1427 355 926
3 355 4518 2521
3 355 2521 926
3 2521 5206 926
3 5206 2521 3418
3 4152 6183 1300
3 3499 1300 6183
3 5722 6379 2580
3 4060 5722 2074
3 5722 4527 2074
3 2648 466 228
3 466 4060 5898
3 228 466 599
3 5898 599 466
3 5898 556 2907
3 556 2074 3302
3 2907 1372 6288
3 3431 1995 5633
3 4574 3431 5633
3 4543 2296 4618
3 1862 6288 2296
3 4618 2296 4357
3 4618 6143 5472
3 4618 5472 2095
3 4708 2229 4944
3 3915 5710 4944
3 5710 3915 1821
3 2219 1821 4581
3 4581 2981 2219
3 4581 144 2981
3 144 5677 2981
3 5677 4895 6189
3 4131 5677 6189
3 4131 2981 5677
3 4131 1724 3194
3 4131 914 1724
3 1724 914 2913
3 2913 914 3164
3 3164 914 4891
3 4891 1214 3164
3 4891 6189 3716
3 4639 1214 4891
3 1214 4639 252
3 3881 1580 4639
3 2325 5531 1580
3 1580 5531 3394
3 3394 5531 3203
3 5153 1332 1836
3 1836 4924 5153
3 1836 3139 4924
3 5382 3139 4782
3 5382 2249 3367
3 2483 5296 3728
3 5162 2692 5296
3 5296 2692 3918
3 3918 5474 5296
3 3728 5296 5474
3 3918 4091 2531
3 5756 2531 1630
3 5756 1630 2007
3 5756 2007 2285
3 3449 3402 1873
3 994 1873 3402
3 994 2979 1055
3 1055 1873 994
3 388 724 2979
3 2979 724 5324
3 5324 724 4693
3 1502 4366 5776
3 1451 4366 4789
3 6406 2507 2146
3 3207 1354 5449
3 5007 5449 5630
3 4020 2595 458
3 2595 541 458
3 458 541 5007
3 541 1518 5007
3 1518 541 823
3 1518 823 264
3 264 823 2647
3 2647 823 5349
3 541 3695 823
3 663 1050 4298
3 5462 4298 1050
3 1050 663 449
3 3793 449 663
3 5349 4856 3513
3 449 3793 4005
3 3793 95 992
3 3793 992 4005
3 95 3513 992
3 4005 992 4372
3 449 4035 1050
3 4035 3487 1050
3 3487 6595 3603
3 3603 6595 5751
3 5347 4748 4857
3 4857 1503 5611
3 5333 5611 1503
3 5611 5333 5267
3 5267 6376 5611
3 5267 6021 6376
3 5611 6376 2461
3 2461 6376 167
3 2461 167 4984
3 6279 3976 5711
3 6279 5711 3791
3 3791 4556 3429
3 6279 1350 2914
3 1350 4400 2209
3 2914 1350 4978
3 5305 2914 4978
3 4978 2119 3426
3 6258 3426 6111
3 2606 6442 1381
3 1264 4341 3268
3 4817 6258 6111
3 5422 1381 5879
3 3882 4103 5773
3 4545 3882 3534
3 3882 5773 6545
3 3882 6545 3534
3 6545 5393 3534
3 5249 3570 3476
3 2079 5445 4026
3 5445 2079 3476
3 2079 4109 4773
3 2079 4773 3476
3 1020 2159 4818
3 4773 826 2710
3 5541 826 2850
3 2850 6552 5541
3 4109 2850 826
3 4109 5143 1045
3 4768 6349 258
3 258 3948 4768
3 6349 2027 502
3 766 2027 610
3 2027 766 502
3 766 6597 3619
3 610 5311 6174
3 5311 610 1723
3 6174 5144 3936
3 5144 5311 482
3 5144 5373 1306
3 5373 4478 1306
3 4777 4478 4234
3 4777 4234 552
3 186 4777 552
3 4234 1094 4303
3 4234 2832 1094
3 1094 2832 1879
3 4303 12 552
3 6035 6397 4303
3 2467 4303 6397
3 6397 4339 2467
3 6397 948 5638
3 226 6541 5770
3 5024 226 381
3 5770 381 226
3 5581 5102 2430
3 6327 1525 5024
3 6327 3296 1525
3 4851 5616 5174
3 5174 5616 2300
3 4934 19 3388
3 19 6414 3388
3 3388 4142 3133
3 3133 4142 5227
3 4142 6226 5227
3 1897 5227 6187
3 6226 4142 1163
3 1163 4142 4594
3 1163 4594 2529
3 6255 3076 354
3 6255 354 2288
3 3769 4611 2152
3 2351 3769 2152
3 1048 3769 6484
3 3536 3813 5576
3 5576 1201 3536
3 4532 3536 1201
3 3813 516 5671
3 709 5671 1938
3 2261 709 5604
3 2746 5604 709
3 5604 1999 2261
3 1999 5576 2261
3 1088 2383 2746
3 2746 2383 3370
3 2383 5104 3370
3 2266 2383 1088
3 2266 5523 2299
3 2299 5523 2516
3 5523 2503 6357
3 2516 5523 6185
3 6357 6185 5523
3 3839 2516 6185
3 4253 2952 3946
3 4974 2952 3944
3 4974 2989 2952
3 2989 3140 2952
3 3946 2952 3140
3 5354 5195 187
3 187 3350 2331
3 2331 3350 306
3 2331 306 4120
3 306 3350 6347
3 4120 306 6347
3 233 3717 6020
3 3717 1164 6347
3 6347 1164 6517
3 1164 1271 6517
3 6517 1271 3648
3 6517 3648 3336
3 1271 629 3648
3 3648 6407 3336
3 3336 6407 5565
3 3336 5565 1281
3 2127 4953 5565
3 2127 3883 4953
3 5803 4949 2000
3 2570 526 4936
3 5557 4742 5528
3 5557 276 5976
3 5976 276 4293
3 2076 780 4381
3 780 2523 3851
3 2523 551 3851
3 4342 551 2523
3 3409 5934 1633
3 3409 1633 2523
3 2422 2690 5934
3 4954 2690 5084
3 3542 2809 4954
3 4342 2523 5739
3 3542 4865 2200
3 5133 5562 4865
3 4954 5084 5562
3 4246 3954 4038
3 3784 5974 3516
3 6241 417 1497
3 6440 1497 417
3 6241 1497 5083
3 1497 6512 5083
3 5083 6512 6427
3 6241 760 5173
3 3888 5173 760
3 3888 3643 5173
3 3643 3888 4784
3 3643 2864 1806
3 4470 812 5392
3 1487 4132 4068
3 4068 4132 6178
3 6178 4132 1929
3 4132 1896 1929
3 295 5596 4602
3 1896 1065 4590
3 6100 1065 5267
3 6161 4325 6398
3 4325 6161 5368
3 5368 4177 4325
3 448 4364 4177
3 4364 448 4130
3 4130 448 5763
3 4130 5933 4364
3 263 1818 5933
3 6098 4364 5933
3 4364 6098 5149
3 6098 5933 5980
3 5943 5383 5980
3 267 5383 5943
3 5943 3178 3528
3 5943 3528 1060
3 3528 6395 1060
3 715 1060 6546
3 4037 5320 6546
3 5320 4037 1882
3 5316 1662 4037
3 1882 4037 1662
3 5112 1685 5986
3 1169 5004 3154
3 4256 5031 5420
3 3078 968 3544
3 1169 5126 2037
3 2037 5126 2108
3 2108 5923 2037
3 5923 2108 1439
3 4170 5126 4601
3 5795 6308 6354
3 6308 4647 6354
3 3193 4647 4045
3 6118 2392 5019
3 816 4045 3838
3 5179 3838 1844
3 3838 1427 1844
3 5179 1844 5076
3 5206 6183 683
3 4152 2484 1464
3 2171 2839 5066
3 3084 5566 3320
3 1864 1177 3511
3 3511 1177 5566
3 1316 4996 3658
3 1509 1316 3506
3 3658 2648 1699
3 228 1699 2648
3 4106 3311 599
3 4106 599 1995
3 3727 3224 1480
3 3224 3727 5056
3 6081 5056 4574
3 6181 1539 4278
3 4278 1539 1419
3 4278 1419 4543
3 6212 4543 2095
3 4543 4493 4278
3 4787 2688 5292
3 2688 986 756
3 507 986 5710
3 507 5710 6206
3 4787 3377 986
3 3377 4944 986
3 5710 986 4944
3 5548 6206 5222
3 42 6301 6206
3 6206 6301 4447
3 6301 42 3713
3 3713 42 3169
3 3713 3169 5122
3 849 3169 2219
3 5181 849 3194
3 5181 3194 1724
3 1724 2913 5181
3 2913 3168 1122
3 1122 3168 5274
3 3203 5274 5532
3 4639 1580 5532
3 5274 3203 4276
3 5635 3713 4487
3 5122 5153 4924
3 5039 861 3271
3 3271 861 5474
3 5474 861 3728
3 861 6029 3728
3 3728 6029 4062
3 5474 1431 3271
3 2285 3402 3449
3 3449 2395 2459
3 5667 3205 5776
3 5776 431 4180
3 431 6318 4180
3 6318 431 2146
3 6318 378 4360
3 378 2663 4360
3 2663 378 2507
3 378 2146 2507
3 3674 5834 2663
3 5834 3674 4399
3 4658 4399 3674
3 3207 5449 4658
3 5449 2303 4658
3 5449 5007 2303
3 1268 4001 1355
3 5834 4399 4001
3 1355 4001 5554
3 5554 5462 1947
3 5554 1947 5094
3 3487 4285 5462
3 4285 3487 4154
3 4154 3487 3603
3 5751 2585 3603
3 4154 3603 2585
3 3994 4154 2585
3 5751 6595 1430
3 2236 2730 3922
3 2236 2111 5819
3 2236 5819 4704
3 2111 6270 5819
3 5819 6270 2403
3 6270 3699 1969
3 3699 3922 22
3 3699 22 6125
3 6125 22 3392
3 3392 461 6125
3 5081 1756 3392
3 3392 1756 461
3 4984 461 4997
3 1756 4997 461
3 4997 1756 6256
3 5918 5006 4589
3 5347 5611 2461
3 4984 4997 2461
3 461 4984 3292
3 6583 1014 5842
3 6583 3976 1796
3 3976 5305 1796
3 5305 4978 6461
3 5305 6461 6229
3 1072 3534 5965
3 3033 5393 5445
3 5965 3033 5883
3 5965 5883 5908
3 6476 6157 5699
3 4763 1555 2867
3 5249 2121 5699
3 1555 5699 2159
3 1020 1538 2159
3 3660 3934 5155
3 3660 5155 3089
3 3934 4818 1097
3 1097 4818 2263
3 1894 1521 5134
3 4965 5134 1521
3 251 3948 258
3 251 258 3519
3 3519 258 6349
3 3279 502 3619
3 3619 502 766
3 649 3619 4838
3 649 4838 1907
3 537 1907 270
3 270 1672 537
3 3354 4838 3936
3 1672 270 3646
3 5027 3646 270
3 3354 3936 5027
3 4478 4404 5027
3 3646 5027 4404
3 186 3342 299
3 232 3342 2374
3 4093 2374 3342
3 4093 765 3086
3 3086 765 5650
3 3086 5650 1258
3 1258 5650 1251
3 765 12 5650
3 2467 4339 5650
3 5650 4339 607
3 5650 607 1251
3 1251 607 3749
3 4339 5638 3906
3 3906 5638 6543
3 5102 5581 6232
3 607 3906 2216
3 607 2216 3749
3 2216 4851 3927
3 1965 3927 4851
3 2300 5227 1897
3 5174 2300 1897
3 5174 1897 290
3 6226 6255 6169
3 5646 1087 4196
3 4010 1676 4445
3 4196 1087 1278
3 1087 4482 1278
3 947 5646 1964
3 1964 5646 6255
3 6002 2351 3956
3 3206 4532 4442
3 4442 1201 3070
3 1201 5576 3070
3 481 1999 1910
3 3370 1054 3221
3 1054 5104 2134
3 4928 1054 2134
3 5208 171 5104
3 2134 5104 171
3 2134 171 5747
3 4253 2299 2516
3 3946 3365 4253
3 3946 2469 3365
3 6422 386 2469
3 386 6553 2469
3 5694 2469 6553
3 3140 2989 6422
3 2331 305 5354
3 305 1109 4916
3 1109 1856 4916
3 1829 1856 281
3 5366 3877 2093
3 2093 853 5366
3 3877 4120 2093
3 2093 1179 853
3 6347 2205 217
3 3828 3914 5679
3 5679 3914 3849
3 5679 3849 3202
3 3849 3914 2158
3 2158 3914 4953
3 542 2158 4953
3 4742 2158 542
3 5803 3883 2127
3 4742 2056 2158
3 2056 5557 5465
3 2158 2056 5335
3 2056 5465 4317
3 5465 6014 4317
3 2034 5465 5976
3 4381 2634 5976
3 5976 2634 6306
3 2634 1687 1640
3 2634 1640 6306
3 6310 1687 4342
3 551 4342 1687
3 6310 4342 5215
3 3278 6310 5215
3 4046 1453 3278
3 4046 5641 998
3 998 6080 405
3 6080 4790 783
3 2785 783 5874
3 5657 2200 4865
3 3650 5657 4701
3 5657 4232 5041
3 5657 5041 4701
3 5041 1165 3559
3 1744 5041 3559
3 3559 1165 2646
3 6036 1212 957
3 1212 4038 957
3 957 4038 3469
3 6036 3469 5860
3 6036 5860 4886
3 3469 652 5860
3 5860 652 6440
3 5631 2696 1895
3 5631 1895 417
3 5631 5127 2596
3 5127 6241 3136
3 5173 2353 3136
3 1806 1476 5173
3 2353 5173 1476
3 2353 1476 4470
3 3316 2353 4470
3 3316 2957 1254
3 3624 3587 896
3 4922 3624 5928
3 1340 71 5652
3 1340 5652 2902
3 3251 5110 71
3 71 5110 5652
3 5110 6581 5838
3 5979 5838 4653
3 2145 4418 5596
3 295 962 2145
3 5037 2145 962
3 962 4523 5037
3 5149 1929 4517
3 4523 5383 1459
3 4523 1459 5037
3 2471 6470 5383
3 3069 715 904
3 904 715 4735
3 904 4735 330
3 4735 5320 2936
3 2936 5320 2618
3 6335 805 2659
3 4034 1325 2959
3 4179 2959 5338
3 6022 1325 968
3 3078 1863 2002
3 3078 2002 3213
3 5923 3554 1863
3 1863 3554 2002
3 3213 2002 1656
3 5923 1439 5059
3 4170 129 2670
3 5059 2670 3950
3 129 3455 2670
3 3950 2670 6248
3 3521 1911 4546
3 3400 1710 446
3 5345 5896 5530
3 5019 5896 6248
3 6248 6118 5019
3 5019 2392 6184
3 1688 6361 6184
3 2986 3345 1688
3 2986 3063 3345
3 3063 2986 1576
3 3063 1576 3145
3 2986 2066 2788
3 2839 2788 5179
3 6416 5708 3054
3 1033 6416 3145
3 3145 6416 800
3 800 1317 3145
3 6190 6403 3910
3 6416 438 6403
3 3910 6403 3022
3 2171 3511 5566
3 4323 3022 3900
3 5172 4323 5209
3 5209 3462 3171
3 5209 3171 6504
3 5302 3171 3506
3 3506 248 5302
3 5656 3311 4106
3 5302 5656 3543
3 5302 3543 5221
3 5221 3543 4226
3 1686 2407 6426
3 6426 5555 1480
3 1686 3831 4226
3 4226 3831 5377
3 619 5377 4834
3 302 6438 3831
3 6438 2247 5213
3 2085 6499 5873
3 2085 5873 1595
3 3306 2358 5548
3 3306 4870 2358
3 6509 4870 3306
3 5222 2895 1718
3 255 4657 6417
3 255 6417 6135
3 6135 6378 255
3 6534 6378 6135
3 6378 5039 318
3 4288 5036 5109
3 2643 1940 4223
3 1727 5668 928
3 928 2856 1727
3 1727 1115 2478
3 4896 6573 3585
3 1115 1245 3991
3 1115 3991 2478
3 5309 2478 6313
3 1245 2847 3991
3 3991 2847 5613
3 3991 5613 4009
3 1544 2847 379
3 1816 379 2847
3 6318 4360 4667
3 4667 4360 1187
3 379 4667 1187
3 4360 5834 5807
3 3100 5807 721
3 721 5807 1773
3 721 4222 4990
3 4222 995 4990
3 4990 995 5359
3 4222 4977 995
3 4977 4222 2446
3 2113 487 4222
3 5632 487 1586
3 487 2113 3953
3 487 3953 1586
3 3953 2113 3124
3 1773 3124 2113
3 1355 860 1268
3 860 1355 459
3 1874 459 1355
3 459 3124 860
3 459 3010 435
3 3994 2073 4238
3 2073 3473 3990
3 3990 3473 5688
3 3473 2585 2088
3 4697 2088 6337
3 3356 4697 4304
3 4304 5521 1016
3 4259 5819 5466
3 1016 434 4304
3 434 1016 1489
3 434 1489 6197
3 4516 1489 5466
3 5466 2403 4401
3 4262 2191 5464
3 2191 4262 3127
3 1632 3127 4262
3 1632 3699 6125
3 2916 5965 4835
3 6125 3292 3589
3 5965 5908 3942
3 3581 5178 2742
3 5178 5012 2742
3 4763 2867 1172
3 4763 1172 5792
3 1172 4662 3107
3 1172 3107 5792
3 3660 3089 4662
3 4662 6480 244
3 3032 6480 4071
3 3089 5155 5344
3 6041 1345 714
3 6041 2263 1345
3 3862 6211 2032
3 3315 3862 5931
3 2032 5931 3862
3 2032 6552 5931
3 5931 6552 4965
3 5931 4844 3823
3 1521 1894 4844
3 2592 4844 1894
3 2592 1305 2846
3 251 3519 5846
3 5846 2846 251
3 2846 5846 5503
3 5846 3279 105
3 105 3279 649
3 5846 105 2354
3 5846 2354 5503
3 105 3097 2354
3 5503 2354 6316
3 4671 3097 537
3 232 427 6263
3 2374 106 427
3 2374 1505 106
3 2374 5822 1505
3 4344 4665 3065
3 4344 3065 3927
3 3749 3065 4665
3 3065 3749 2216
3 3927 3065 2216
3 2505 529 2679
3 529 4630 2679
3 4630 290 6187
3 4630 6187 4010
3 4010 6187 1676
3 3172 4010 5374
3 4010 4445 5374
3 5913 4196 1278
3 1278 2138 5787
3 4477 1080 2541
3 1080 4477 2393
3 1080 2393 4277
3 2393 4928 4277
3 4277 4928 195
3 1719 2134 5747
3 2463 3365 5694
3 3365 2469 5694
3 5747 86 3077
3 5747 3077 4260
3 6553 3077 86
3 3077 6553 6198
3 4260 3077 6198
3 1380 5411 6423
3 6553 386 6422
3 5411 2046 6571
3 4268 5064 6449
3 2472 2098 1829
3 1829 5502 2472
3 2962 5871 281
3 3381 2962 5366
3 2962 281 1856
3 2962 1856 5366
3 6032 5517 2047
3 6032 443 4866
3 5517 679 2251
3 2337 3893 1241
3 3893 3202 1241
3 3893 4866 3202
3 1241 3785 2016
3 3785 3849 5335
3 5335 3849 2158
3 6240 6014 5288
3 6014 4316 5288
3 1339 4811 703
3 4947 6014 2034
3 6306 4947 2034
3 1640 6310 5670
3 1196 5073 1453
3 323 4414 1196
3 5073 1196 4414
3 5073 4414 1119
3 323 1196 2827
3 2827 3215 323
3 323 3215 1600
3 1600 3215 1563
3 3215 4172 5946
3 4172 405 1219
3 1582 3318 3042
3 3042 2509 1582
3 4129 1582 2509
3 3223 3042 6195
3 5874 5574 6195
3 5874 3502 5574
3 4701 5874 3650
3 5041 1744 4701
3 1744 3502 4701
3 4448 3502 1744
3 4448 3559 4827
3 338 5790 4935
3 2646 5790 338
3 193 2930 3653
3 1928 2502 2793
3 2793 4886 1928
3 696 4886 2793
3 5993 1113 2545
3 1113 4886 5860
3 1011 1113 5860
3 2191 36 191
3 2191 3127 3435
3 3435 3127 3632
3 2545 3435 3632
3 3632 5178 2545
3 2545 5178 3581
3 2545 3581 5993
3 3581 5586 5993
3 4935 193 3653
3 4935 3653 2750
3 5792 2750 3653
3 3032 4071 5597
3 5597 4071 6351
3 1482 5597 1473
3 1473 2812 1482
3 4299 5762 5704
3 4299 5781 2736
3 4299 5721 1589
3 5344 6041 4365
3 1450 2995 6115
3 4365 714 3080
3 3635 3080 714
3 3635 3157 3080
3 5451 4275 3157
3 3004 3157 4275
3 4844 2592 3422
3 3422 5503 62
3 1315 62 6316
3 1315 6316 1216
3 1315 120 84
3 1315 84 1754
3 120 470 84
3 1754 84 3315
3 1128 3539 2564
3 885 4578 4252
3 885 4252 2240
3 2717 2564 3180
3 3180 3405 2717
3 1394 6089 3180
3 1505 6045 4757
3 1505 5822 6045
3 3061 5822 4778
3 6260 920 2968
3 3061 4778 5828
3 6260 373 5660
3 373 4344 5660
3 5911 4105 5284
3 4105 2831 1689
3 5911 2679 2831
3 2679 5911 2505
3 2831 4630 3172
3 5374 4445 2013
3 456 5374 2013
3 456 2013 5758
3 4928 3242 195
3 195 3242 3235
3 3242 3282 3235
3 3282 4260 680
3 678 4188 6570
3 4188 1393 4320
3 6571 2046 5782
3 4266 4268 6061
3 6449 3181 6496
3 3181 6449 4555
3 1564 3179 2771
3 1564 3787 1405
3 1405 3787 5159
3 2771 2047 3787
3 5698 3787 2047
3 5698 3858 971
3 5698 2251 3858
3 2251 3135 3858
3 3406 3135 2337
3 3135 4373 3858
3 3858 4373 362
3 3406 5288 4373
3 4373 5288 2125
3 869 5113 6159
3 142 5113 1720
3 1720 1339 142
3 1339 4116 142
3 4116 1119 4414
3 3667 3602 3618
3 1600 5351 3602
3 6043 5351 6451
3 3380 983 2908
3 5439 2908 4427
3 2908 983 1276
3 983 3783 1276
3 1276 3783 4967
3 4967 3783 3530
3 3530 1478 4967
3 4181 1671 2712
3 2712 1671 1702
3 5574 1671 6195
3 2402 3322 6003
3 2588 4827 3322
3 78 2751 1482
3 501 3492 2815
3 501 5597 1482
3 6003 4307 5343
3 5545 2812 5398
3 1957 5395 5545
3 5395 3641 5545
3 959 1957 2528
3 2528 3151 959
3 3151 2528 5398
3 6351 5704 5398
3 3151 4913 959
3 959 4913 3796
3 4913 3151 884
3 3151 5704 5762
3 3796 4913 1631
3 4913 3998 4402
3 3998 2736 3774
3 3998 5762 2736
3 3998 3774 2154
3 3774 3820 2154
3 2154 3820 5870
3 2154 5870 1990
3 5061 2995 2458
3 2995 4955 2458
3 2458 3004 52
3 52 3414 2458
3 52 844 3414
3 52 3004 2844
3 844 52 2128
3 2844 2128 52
3 4275 3960 3004
3 2844 3004 3960
3 5451 2069 4275
3 2844 3960 796
3 796 2128 2844
3 796 2564 2717
3 3514 5156 3405
3 2128 5156 3044
3 3514 5661 2274
3 2096 2375 6045
3 4798 1154 2096
3 2096 1154 2083
3 6045 3871 4798
3 198 4798 3871
3 198 5539 3940
3 4608 5177 5828
3 5177 4608 2230
3 5177 2230 6199
3 157 4786 5284
3 157 4043 4786
3 4786 4043 6095
3 3149 6570 5571
3 6061 6199 6570
3 5571 6095 5939
3 5177 85 1226
3 85 6496 1226
3 1226 6496 5496
3 4862 1240 3000
3 3000 2612 4862
3 3000 1540 2612
3 3000 4476 1540
3 4476 5496 3181
3 3181 2390 4476
3 4650 4476 3612
3 2390 3612 4476
3 4555 2390 3181
3 5389 4650 5926
3 977 1567 5389
3 977 5926 5140
3 977 5140 4872
3 4872 5140 5159
3 1547 2741 4872
3 2582 2301 4986
3 4986 362 4373
3 6159 5458 125
3 4986 125 1547
3 2741 5458 5456
3 5456 6236 4023
3 5113 2739 6236
3 5113 1302 2739
3 2739 1248 4023
3 6040 4195 6459
3 1248 3618 6459
3 4427 1470 2386
3 1470 4853 2386
3 1276 2428 4427
3 2428 1276 5572
3 2428 5572 2874
3 2874 5572 307
3 5572 1276 4967
3 307 5572 1991
3 4967 6220 5572
3 6526 6220 4176
3 1702 3464 4775
3 3464 3848 4775
3 321 4775 2651
3 2651 5395 2772
3 4174 2772 1078
3 5533 3796 4115
3 180 5533 4807
3 4115 4807 5533
3 6508 4807 5959
3 3796 5419 4115
3 5797 5419 3481
3 4960 3481 5419
3 4960 1631 5995
3 5700 5995 4402
3 5995 1631 4913
3 1990 2878 1858
3 1990 1858 2154
3 2154 1858 5700
3 6142 3580 1584
3 5870 2508 6142
3 439 464 6142
3 2202 2892 6154
3 2892 2508 6154
3 3414 3358 6154
3 3044 3358 3414
3 3358 3044 3241
3 3241 3319 3358
3 3241 2292 3319
3 2434 872 5592
3 2434 5592 5732
3 5592 2292 4864
3 4864 2274 5661
3 4864 2292 2274
3 5661 1791 4864
3 2083 5732 5592
3 872 2434 1495
3 5732 4030 2947
3 4030 5732 5290
3 854 4030 5290
3 1154 3790 5732
3 5290 5732 3790
3 2206 5290 3790
3 4496 4351 2755
3 4496 1540 4351
3 4351 1540 4650
3 4351 4650 1299
3 4351 5321 2755
3 6117 5740 1786
3 6040 2412 349
3 79 6505 1138
3 5456 6505 2741
3 4023 4195 5456
3 3396 5456 4195
3 4195 6040 3396
3 2412 6117 1786
3 6117 2412 4982
3 4041 3760 1532
3 1532 3760 6459
3 1532 2642 2620
3 1532 2620 4041
3 4041 2620 4413
3 3428 4413 2620
3 3428 584 4853
3 3428 4853 6341
3 584 6451 4853
3 4413 6341 915
3 6341 4853 6244
3 6244 4853 4595
3 168 5218 3372
3 3372 5218 2361
3 168 2874 5218
3 2874 307 5218
3 5218 307 4673
3 4673 307 5833
3 5833 307 1991
3 1991 1596 5833
3 1991 3920 1596
3 5866 3497 1596
3 5833 1596 3497
3 3497 5678 5833
3 1131 3398 3497
3 3623 5866 2213
3 5866 2420 2213
3 2420 3920 4359
3 2420 5434 2213
3 5434 3317 839
3 5434 839 2213
3 3317 1698 3817
3 1698 5319 3538
3 180 4807 6508
3 2020 3538 6508
3 6508 3925 2020
3 3925 5959 3598
3 3438 3921 3930
3 3438 5797 3921
3 2610 611 5259
3 5797 3481 429
3 429 3481 5733
3 4190 3481 5945
3 4960 2840 1095
3 2840 4960 5995
3 2816 2878 178
3 2816 178 2963
3 5945 2963 4190
3 1584 5969 1273
3 4149 5969 3580
3 1584 3580 5969
3 4149 387 5262
3 6460 5262 1159
3 387 4564 5262
3 464 439 4564
3 4564 4178 4772
3 4178 2202 4218
3 1495 4218 2423
3 6594 5801 4772
3 3794 5801 1166
3 5801 6117 6460
3 6117 4982 6460
3 4041 4982 3760
3 4041 4413 4982
3 4982 4413 3020
3 6460 3020 335
3 1150 5262 335
3 335 5262 6460
3 4828 5969 4149
3 1553 1159 5262
3 1553 5262 4564
3 1553 4772 5801
3 178 5969 2963
3 2963 5969 1053
3 2963 1053 4190
3 4190 1053 745
3 5969 4828 1053
3 745 1053 6244
3 5733 745 5364
3 5364 745 6244
3 6244 3372 5364
3 3724 5364 1615
3 3724 1615 4102
3 4819 4102 1615
3 4819 1757 4102
3 1757 4819 4666
3 2361 5218 4819
3 4666 4673 5833
3 3253 5678 3398
3 3398 1131 4880
3 1827 4880 1131
3 1131 4799 1827
3 497 4880 1827
3 6078 4799 850
3 4799 3623 2213
3 4799 2213 3093
3 3093 2213 839
3 3093 839 5132
3 5132 839 3317
3 850 5132 5011
3 850 5011 5046
3 2654 82 818
3 82 3538 2020
3 82 2020 818
3 2020 436 818
3 2533 436 5877
3 3598 3571 441
3 5959 3930 3571
3 441 3571 5981
3 3930 3680 3571
3 3930 3921 3680
3 6554 1218 3786
3 1218 2610 5327
3 2610 5259 5327
3 1388 5259 3724
3 1388 3724 3333
3 1388 3333 4193
3 3724 4102 3333
3 4102 1757 3333
3 3333 1757 1717
3 1757 1010 1717
3 1717 1010 5678
3 1717 5678 3253
3 3647 3006 4880
3 944 3647 2260
3 497 2705 3647
3 1081 5283 4074
3 2286 5412 190
3 5907 190 5412
3 5046 5011 5412
3 5412 5011 5147
3 2800 1026 5999
3 5412 5999 3189
3 3189 5999 369
3 2800 5197 3836
3 818 5197 2654
3 818 436 2533
3 2533 2559 1449
3 5877 6599 5981
3 5981 5725 5877
3 4855 6554 1513
3 3786 3466 3091
3 5327 3466 3786
3 3466 5327 5107
3 5107 5327 3955
3 2424 3955 1083
3 1083 3955 4193
3 2494 2424 5950
3 5950 4207 2494
3 5950 4465 4207
3 5950 3685 4465
3 4465 3685 3463
3 813 4193 3333
3 3463 3685 1717
3 3463 1717 3253
3 3463 979 4465
3 4465 979 1577
3 979 3006 1577
3 1577 2339 4207
3 6150 5275 989
3 989 5749 134
3 134 5749 4812
3 5749 5275 4074
3 2099 2753 5283
3 732 2099 4100
3 5283 4100 2099
3 304 2492 5907
3 4100 5907 2492
3 1777 304 1935
3 1777 1935 5861
3 5861 1935 369
3 5861 2774 1777
3 2774 5861 1125
3 5861 5999 4680
3 5331 1449 2559
3 5331 2559 543
3 2559 5877 543
3 5877 5725 543
3 2854 1523 3495
3 2854 3495 2475
3 4512 1523 3575
3 1523 1857 3575
3 1857 1205 3575
3 1857 3091 3466
3 1857 695 1205
3 1205 2518 6150
3 1205 6150 929
3 929 6150 2153
3 6150 140 2153
3 2153 140 954
3 2153 954 3130
3 140 4812 954
3 3130 954 1022
3 954 3889 1022
3 3889 3095 1022
3 3095 4512 1022
3 4512 3095 4638
3 4638 3095 732
3 2099 732 3095
3 2492 4110 4638
3 4110 6237 4638
3 4638 6237 4512
3 6237 997 1655
3 1655 997 4162
3 6237 4110 997
3 4162 997 946
3 997 4110 1777
3 997 1777 946
3 946 1777 2774
3 2117 3083 3738
3 3738 2820 2117
3 4217 1125 4680
3 4217 4680 5900
3 2117 5725 6057
3 6057 5725 1579
3 3083 2555 5955
3 6057 3495 2555
3 2518 5107 4207
3 6580 1166 5321
3 5321 1166 854
3 5290 4496 2755
3 4775 4176 2712
3 4266 6061 6570
3 5073 703 5670
3 5670 6306 1640
3 5288 3406 2016
3 2337 2016 3406
3 775 427 4458
3 3988 1394 4458
3 4401 2023 4244
3 4244 4922 3349
3 1609 3349 4922
3 1609 5928 4434
3 4434 5928 1340
3 1340 2601 4434
3 1340 3184 2601
3 1340 4900 3184
3 4900 1340 2902
3 433 3286 3999
3 2737 5579 3286
3 393 5300 5579
3 2980 3999 330
3 5223 2980 139
3 4735 2980 330
3 4735 2936 2980
3 2936 139 2980
3 139 2936 5910
3 5223 5512 2804
3 5397 5223 2804
3 5910 3155 5512
3 5625 5512 3155
3 5088 5625 3155
3 2936 2618 3155
3 3155 2618 5088
3 6521 5088 4329
3 4329 4712 6521
3 5088 842 4329
3 4712 4329 1027
3 4329 842 5203
3 1391 2659 4179
3 1027 2418 61
3 4179 268 1391
3 3078 4057 6022
3 353 5816 5045
3 4770 6108 894
3 5573 2803 1656
3 2803 6108 1656
3 6108 2803 894
3 2803 6374 894
3 1996 2578 3521
3 1996 3287 3249
3 4097 5345 4546
3 4456 4488 5463
3 4488 3249 5463
3 3249 363 5463
3 5530 2089 1344
3 5463 1344 677
3 2089 5530 6361
3 6361 5530 6184
3 5071 3345 676
3 5500 676 3345
3 2348 5500 2744
3 1317 2744 5500
3 1317 3437 2744
3 6416 4283 3335
3 3437 3335 4721
3 4283 6416 5590
3 5590 4582 2391
3 3019 4582 4925
3 5021 4582 6190
3 6190 3910 3582
3 5917 4951 3910
3 3582 3910 4951
3 4082 3595 5172
3 6504 2250 4082
3 3595 4082 2250
3 172 6504 5221
3 1143 172 5221
3 5427 315 1143
3 5427 4435 315
3 2250 315 4435
3 619 3911 5427
3 3911 619 4834
3 4834 5377 3019
3 5377 3831 5938
3 5938 3019 5377
3 6438 4843 5938
3 3019 891 4834
3 4925 891 3019
3 4925 5021 4245
3 4925 4245 891
3 4245 3806 2293
3 3806 3582 2293
3 4435 3152 4245
3 3152 4435 5427
3 5917 3595 4951
3 6499 5837 4843
3 1409 4843 5837
3 4269 4870 3003
3 483 3408 3447
3 3447 3408 5286
3 6101 2672 1395
3 2672 1718 2895
3 1395 5299 1338
3 1338 5299 428
3 428 4831 6417
3 1395 1338 5640
3 3765 2224 4223
3 3765 4223 3706
3 3765 3424 6131
3 2224 3765 5640
3 3765 6131 5640
3 6131 4832 5730
3 5564 6131 5730
3 4832 3424 1197
3 1197 3424 5404
3 5404 3424 5309
3 3585 5309 3424
3 5309 738 5404
3 5613 3952 4009
3 3952 4691 4009
3 5359 1544 4990
3 1187 4990 1544
3 3886 2294 4977
3 3886 1106 2294
3 1106 231 2294
3 3952 2294 231
3 3886 2446 5632
3 1106 3886 2254
3 1106 2254 3668
3 231 1106 3668
3 5632 126 4751
3 4751 126 2765
3 2765 126 6404
3 5365 6404 3953
3 1586 3953 6404
3 6404 2924 3982
3 6404 3982 3975
3 3990 2925 286
3 286 2925 4861
3 5876 2925 5688
3 5688 3356 5876
3 4388 5876 3356
3 4063 3356 4304
3 3158 460 4388
3 460 4485 4388
3 3366 3744 3482
3 3158 6197 3366
3 6197 3349 6333
3 6197 4516 3349
3 3744 4909 2948
3 3482 6317 3503
3 66 2948 1100
3 4254 66 1304
3 1100 1304 66
3 2948 4909 1100
3 1100 4909 609
3 1100 609 3949
3 3949 609 3184
3 3949 4408 1304
3 4408 5397 3247
3 3247 2804 4428
3 4902 3704 888
3 4712 3943 6521
3 4712 1225 5553
3 4712 5553 3943
3 3943 5553 2888
3 3301 122 6119
3 6119 61 2418
3 5217 2418 1391
3 5217 1391 3146
3 1391 268 3146
3 4018 4989 5186
3 4989 5045 5186
3 6558 6448 2341
3 2341 6448 4079
3 6448 6558 1946
3 6558 5767 4012
3 5767 635 6374
3 635 6558 4770
3 5880 6130 1853
3 6374 1853 6130
3 4854 5880 1378
3 5880 1853 2273
3 4488 6473 1996
3 2685 4189 586
3 3857 814 1960
3 5753 5071 6471
3 2122 5385 3437
3 5385 2744 3437
3 3447 4721 3876
3 5837 3876 1409
3 3447 3876 483
3 3447 3996 4721
3 5286 3996 3447
3 4868 5730 2991
3 3313 4692 4868
3 173 1648 6450
3 3313 2991 527
3 3313 527 1648
3 527 6450 1648
3 6561 4353 4645
3 6408 3299 1782
3 1782 6313 870
3 1782 1127 6285
3 871 4707 6266
3 6524 4707 5375
3 5375 4707 3668
3 5375 3668 2525
3 2525 3668 2254
3 3898 1 1265
3 3898 1265 390
3 1 5339 1265
3 5963 2536 1265
3 5399 5219 189
3 3531 3267 4133
3 4861 4133 3267
3 4133 2269 3531
3 806 5851 5674
3 4621 6298 590
3 2813 5281 6298
3 835 2231 4394
3 4295 3715 2231
3 4295 3846 3715
3 5902 4412 644
3 3175 5902 644
3 3175 903 2519
3 903 4254 2556
3 903 2556 2519
3 2519 2556 103
3 1304 1157 2384
3 2384 1157 4428
3 2102 2384 4902
3 4428 4902 2384
3 4902 6273 2102
3 593 1983 5257
3 6200 593 3733
3 593 5257 5924
3 5924 5123 593
3 3733 593 5123
3 5257 2259 5924
3 5924 2259 4780
3 5741 3754 3943
3 5553 4148 2888
3 4148 123 2888
3 4780 753 2845
3 753 1259 2845
3 5161 3837 1259
3 476 1259 3837
3 3837 5161 2304
3 1259 2973 5161
3 5161 5941 647
3 4863 647 3301
3 589 1820 4863
3 2681 4863 1820
3 6592 589 4941
3 4941 6119 80
3 2169 5217 837
3 2169 837 4018
3 4622 3798 2169
3 1446 4468 662
3 4622 2328 4468
3 132 2328 81
3 132 81 3236
3 2328 4334 81
3 3236 81 1878
3 1878 4128 3236
3 6448 2181 4334
3 1622 4334 2181
3 1622 2181 4740
3 4740 2181 5044
3 6448 1946 2624
3 1946 1574 2624
3 4436 4577 4840
3 6372 4012 1516
3 1516 4012 5055
3 5055 5767 2994
3 6130 5767 6374
3 5248 5188 3445
3 788 5647 1931
3 1614 788 685
3 788 1931 4854
3 4854 685 788
3 4755 1614 2409
3 2409 2184 4755
3 2184 2409 538
3 2409 1260 1189
3 1189 1260 2685
3 538 1189 2971
3 333 2971 1189
3 333 586 3945
3 3945 586 4241
3 3945 1222 1238
3 2971 4056 966
3 1960 4354 5379
3 4354 6471 5379
3 5379 6471 5418
3 5418 5701 5379
3 5379 5701 898
3 5379 898 827
3 5418 2928 5761
3 4692 2928 2122
3 1175 2122 2928
3 6450 5628 5578
3 6450 181 5628
3 5628 5340 5578
3 5578 5340 4039
3 4039 5340 5996
3 5996 5340 918
3 918 360 5996
3 918 5957 360
3 918 3293 1270
3 3293 6367 1270
3 1270 5957 918
3 5405 5230 1270
3 5957 1270 5230
3 881 6478 2622
3 6285 681 6478
3 5314 6266 4707
3 6352 2926 138
3 4707 6524 2926
3 138 2926 2628
3 4387 6524 6536
3 1781 29 3024
3 5853 4959 806
3 5853 5674 5990
3 4621 6291 777
3 6291 590 2860
3 4627 2860 4394
3 4627 4394 317
3 4394 1906 317
3 4394 3715 1906
3 2231 3715 4394
3 4053 4505 1906
3 1906 4505 2939
3 6188 1694 2939
3 3453 6188 4363
3 4053 1114 4505
3 4348 3453 4363
3 1114 133 73
3 73 133 1162
3 73 1162 6076
3 133 5902 1162
3 1162 5902 3175
3 3701 4829 3285
3 4829 601 2364
3 3285 4829 4878
3 2364 6273 5095
3 2364 103 6273
3 6273 103 2102
3 4878 6200 3733
3 5123 4878 3733
3 5123 240 4878
3 3285 4878 1898
3 240 1898 4878
3 1491 5123 1705
3 2845 1259 476
3 4300 2845 3486
3 3486 4013 4300
3 3486 3957 4013
3 1342 1980 2632
3 3957 2632 932
3 332 3757 1884
3 2324 4690 1884
3 1884 4690 4092
3 4690 1732 4092
3 2324 348 569
3 2324 569 3551
3 1775 3551 3280
3 348 2681 569
3 3551 569 3459
3 3551 3459 3280
3 2681 1820 569
3 569 1820 3459
3 3280 3459 49
3 3459 4370 49
3 49 4370 6326
3 6326 1446 1481
3 662 1481 1446
3 662 2770 1481
3 5270 662 546
3 5312 546 1194
3 546 662 4468
3 1194 546 3236
3 3129 5881 5202
3 4128 3129 5202
3 5881 3129 4791
3 3129 4128 4740
3 4791 3129 4740
3 6372 1516 4931
3 4931 1516 4980
3 2160 4980 5055
3 4980 2160 4976
3 4976 3197 4980
3 2160 5055 2994
3 5248 2565 385
3 385 2565 1604
3 2565 4204 1604
3 2819 4204 2565
3 4975 1184 2819
3 4975 2819 4788
3 2819 2565 2759
3 3445 2759 5248
3 6193 2005 4755
3 4755 2184 205
3 205 2184 538
3 205 3903 2381
3 205 2381 6193
3 2381 3903 47
3 2381 47 2329
3 3903 63 5460
3 4432 5460 4761
3 63 966 5460
3 2881 966 4056
3 2881 4056 4795
3 1960 5379 827
3 2147 827 898
3 2147 898 708
3 708 6401 6276
3 708 5701 6401
3 6210 6401 5701
3 4039 6210 5578
3 2649 4039 5996
3 5843 2649 5886
3 2649 337 5886
3 337 5230 5886
3 2622 4327 5922
3 492 4327 4814
3 2017 492 4814
3 4327 620 5157
3 5157 620 3726
3 5157 3726 723
3 620 681 3726
3 723 1104 2693
3 2693 1104 5278
3 2693 5278 3391
3 4497 4677 1653
3 4497 2769 4677
3 2686 4950 5731
3 3880 6342 4950
3 3880 1333 6342
3 6363 6352 3566
3 3566 6352 5621
3 1908 5621 2745
3 2628 2745 5621
3 2745 3024 1908
3 4387 6536 2718
3 2718 6536 2051
3 3024 5467 1908
3 5467 1517 3456
3 1517 282 917
3 912 282 4899
3 4899 358 912
3 4842 4614 358
3 3562 4621 6074
3 6074 4621 777
3 6074 777 6257
3 6257 777 6420
3 6074 6257 5432
3 1370 215 384
3 2522 3919 5856
3 6257 6420 5856
3 2522 5856 2065
3 4494 1831 2187
3 4599 4822 2030
3 1694 6188 2432
3 3700 6188 203
3 203 2444 3700
3 3700 2444 2808
3 2444 3453 1751
3 1751 3453 6382
3 3453 4348 6382
3 3967 3192 1255
3 3967 1255 5180
3 1255 3192 3666
3 3192 397 3666
3 397 3148 3701
3 3035 1898 5514
3 5514 4321 3035
3 5514 1898 1491
3 1491 1898 240
3 1705 4013 1491
3 4013 3957 2922
3 932 2514 3957
3 3957 2514 618
3 618 2514 1474
3 2514 932 332
3 1884 4092 2514
3 2779 2514 4092
3 1385 2133 4616
3 3305 5416 6146
3 1608 2133 313
3 1385 453 2133
3 453 2695 4551
3 4551 2695 4754
3 1732 4754 2695
3 1455 3461 5575
3 5575 3461 2100
3 4754 2100 4073
3 2100 3088 4073
3 1775 3280 3814
3 49 1900 3280
3 2992 1900 6326
3 1900 49 6326
3 5519 2992 1766
3 4421 2992 3941
3 3941 3840 4421
3 3840 3941 4640
3 4640 2723 970
3 1210 4391 4640
3 4391 3840 4640
3 4391 2369 3840
3 4391 1210 1423
3 1423 5971 4391
3 1423 3291 4765
3 4118 5971 4765
3 4118 5270 3071
3 3071 5270 4957
3 2901 4957 6486
3 6486 5202 5881
3 6486 5881 3868
3 5881 3638 3847
3 5881 3847 3868
3 5044 4436 3075
3 3847 4840 778
3 3642 1760 1327
3 5612 1136 4931
3 5090 4931 1136
3 1136 5612 622
3 1145 622 5612
3 622 1145 3825
3 3825 1145 5901
3 1145 3197 5901
3 385 5901 5248
3 6055 1562 6268
3 6268 4533 6055
3 6268 3884 4533
3 1611 1562 1604
3 1604 4204 1611
3 1611 4687 6268
3 4687 1275 6233
3 3404 6233 1275
3 3404 1565 6233
3 1565 3404 1184
3 1565 1184 4975
3 3404 2819 1184
3 4939 1565 4975
3 1654 4939 5353
3 484 4975 1319
3 1319 4975 2899
3 4788 2899 4975
3 1319 2899 6193
3 5077 2553 6193
3 2553 1319 6193
3 2833 4081 4833
3 4833 4081 3634
3 3634 2921 4833
3 6479 4761 5410
3 2613 5886 1086
3 2921 284 3729
3 2017 4814 6463
3 2327 3745 2373
3 3391 6013 1117
3 1117 6013 2373
3 6013 1653 4677
3 2498 6013 4677
3 5706 2498 4677
3 2498 3294 5135
3 5135 3294 6604
3 5135 6604 2327
3 2327 6604 3729
3 3729 6604 6572
3 3294 272 6604
3 6228 272 5706
3 5706 2769 6228
3 6228 2769 56
3 2769 6156 56
3 6156 2769 4497
3 6156 2510 6063
3 1466 2242 6124
3 2242 1466 4389
3 4389 1466 5982
3 5682 1176 5982
3 4389 5982 2691
3 5982 1176 4681
3 5982 4681 2691
3 4681 350 2241
3 403 350 3340
3 5432 403 3340
3 5432 3340 4614
3 3340 1176 3747
3 350 403 2241
3 5831 6547 4499
3 200 6330 6548
3 5315 4227 1594
3 2861 6547 1370
3 1370 6547 215
3 621 1594 3919
3 1594 384 3919
3 5116 2186 5315
3 2186 5116 5598
3 707 2065 572
3 572 2065 4281
3 572 4281 4494
3 707 572 5060
3 3228 4374 4494
3 4374 5060 4494
3 4374 6103 5060
3 4052 5516 329
3 6510 2808 1751
3 1751 3967 6510
3 3967 5180 6510
3 3743 5328 4231
3 1591 5328 3743
3 1591 5180 1255
3 1255 2487 1591
3 4321 6261 2487
3 1591 2487 6261
3 5328 764 1941
3 3305 1383 4231
3 5752 4231 1383
3 3305 6146 1383
3 1383 3622 5752
3 5752 3622 6510
3 3622 6466 6510
3 6146 2919 3622
3 6466 3622 2919
3 6234 6146 1608
3 1608 313 6234
3 5713 5020 313
3 5713 453 4551
3 303 5713 4551
3 5570 2927 3676
3 2842 4678 303
3 2927 303 4678
3 4678 623 2927
3 3676 2927 623
3 2842 4073 3421
3 3421 4568 5676
3 4568 2185 3053
3 1849 4530 4568
3 5595 3199 4164
3 3199 6443 4164
3 4164 6443 6493
3 6443 4806 2297
3 778 2297 4806
3 6443 2297 6493
3 6493 2297 1347
3 1347 1624 6493
3 4294 5754 3038
3 4515 1327 5754
3 5891 5754 4444
3 1760 622 4521
3 4521 622 4444
3 5164 1469 5891
3 4533 6303 277
3 4533 4890 6303
3 2882 902 2130
3 3884 2130 902
3 4520 4687 6233
3 4520 6233 2572
3 2130 374 1211
3 4644 899 2911
3 51 6233 4939
3 4939 1654 51
3 6179 2909 1654
3 2911 1654 2909
3 6025 5353 2553
3 2553 5077 6025
3 6025 5077 2783
3 2783 2833 6059
3 6604 1917 4345
3 272 6228 1970
3 1970 2906 1917
3 2906 50 1028
3 50 5190 1028
3 1028 5190 4882
3 5905 4882 5190
3 1069 4620 4389
3 1069 425 4502
3 425 16 1530
3 16 2691 1530
3 1530 2691 4681
3 1530 2493 425
3 4502 425 2493
3 4502 2493 4663
3 2235 2241 1531
3 1531 4183 2235
3 1531 408 5408
3 415 5408 5452
3 5831 4499 408
3 5408 1725 5452
3 6547 5892 4499
3 6038 3865 6330
3 6330 3865 3627
3 3865 4624 3627
3 2838 5452 6548
3 3627 2410 5074
3 2410 3614 5074
3 1483 2410 3627
3 4816 1483 1657
3 4624 5130 1483
3 4624 74 5130
3 5130 2186 1701
3 3451 4846 2155
3 3451 2155 6103
3 2243 5598 2155
3 5598 1701 2186
3 2155 5598 5060
3 5535 5473 6239
3 5535 6239 5053
3 5053 6239 6455
3 6239 3451 2279
3 6103 2279 3451
3 6239 713 3873
3 6239 3873 6455
3 713 3993 3873
3 329 5516 3993
3 5516 3700 2808
3 2808 6466 2748
3 6466 2919 3770
3 2869 3770 3218
3 1543 5020 5160
3 5160 3218 1543
3 5953 4894 5293
3 4894 3676 2042
3 2042 3676 2932
3 2932 3676 6563
3 3327 623 2068
3 547 1849 4164
3 722 692 3563
3 6493 692 722
3 2256 692 1624
3 692 2256 768
3 3904 6346 3270
3 2256 1624 6346
3 1624 6356 6346
3 3270 6346 5069
3 3270 3373 3904
3 2323 3904 3373
3 2323 3373 3545
3 6072 3373 336
3 3270 1307 3373
3 3373 1307 345
3 3373 345 336
3 1307 1392 345
3 336 345 4746
3 1392 1307 4451
3 1307 5069 1570
3 1524 1570 3038
3 1570 1524 4451
3 5164 1308 1285
3 4533 2882 4890
3 2882 6453 4890
3 4710 1838 6453
3 3295 6453 1838
3 604 1211 374
3 604 374 4644
3 2425 5764 2909
3 2425 2909 311
3 245 1628 1783
3 245 1783 1146
3 4169 1783 1872
3 6283 4609 1628
3 4609 3160 6112
3 6283 311 6179
3 3984 1123 5824
3 5268 6059 3112
3 1123 5268 3112
3 3916 4345 2435
3 3112 2435 955
3 5824 1977 5005
3 6018 5005 4212
3 5005 1977 4212
3 1977 955 3103
3 1028 1490 3572
3 3572 1490 5659
3 4472 3055 3675
3 2335 3055 2894
3 2335 3675 3055
3 3675 2335 4663
3 2335 6366 4663
3 4472 3675 3523
3 4472 3523 3775
3 3675 4663 3523
3 4183 2493 1530
3 6152 1987 5852
3 1987 6152 415
3 415 2141 1987
3 2141 1436 1987
3 1436 2141 5141
3 5141 5233 1436
3 3450 1436 5233
3 2838 48 5141
3 48 6384 5141
3 4430 2838 6548
3 6548 5737 4430
3 6134 5737 1790
3 44 5737 4274
3 4274 3614 44
3 782 3368 4136
3 782 3614 5535
3 782 5535 3368
3 3614 5473 5535
3 3614 2410 4816
3 4816 1657 3601
3 4846 4816 3601
3 271 4679 2633
3 271 2633 3912
3 2633 4973 1788
3 2633 1788 3912
3 3912 1788 5371
3 1788 4973 5293
3 4973 1062 2869
3 2869 3218 1943
3 2869 1943 4973
3 2932 1621 2042
3 6557 2042 1621
3 158 2932 6563
3 6563 3978 4392
3 3978 3327 5067
3 3327 2068 5067
3 5821 5447 2090
3 5821 5067 6267
3 6267 5067 5169
3 5169 5067 5676
3 6267 5169 768
3 768 5169 3563
3 1572 5821 6267
3 1953 1572 3723
3 1953 3723 3269
3 6428 3269 3265
3 6338 1096 2727
3 6072 4746 3488
3 4938 4905 1921
3 4938 1764 4905
3 4938 4310 5106
3 4310 4938 1285
3 4938 802 1285
3 802 4451 1524
3 2684 6453 5106
3 5106 6453 5001
3 3209 5001 3295
3 2275 3378 2859
3 1838 6056 3378
3 2859 6056 5370
3 5370 6249 2859
3 245 5506 5386
3 245 1146 5506
3 184 3067 6567
3 3067 184 4169
3 3067 4169 2245
3 4810 4169 2309
3 1872 2309 4169
3 4810 2309 2594
3 2594 2309 5666
3 3160 1793 6112
3 5005 3160 5824
3 4212 5659 6018
3 6018 5659 3775
3 754 2852 2594
3 2594 2852 4873
3 2594 4873 391
3 2852 2763 4873
3 372 4794 4605
3 1436 3450 5852
3 4810 391 4569
3 2245 4810 4569
3 5233 3703 1852
3 5233 5141 3703
3 3703 6384 6562
3 6134 1790 1730
3 1730 1790 4136
3 6562 4809 6246
3 3590 4642 3537
3 3537 6162 3590
3 3368 368 3537
3 6162 3537 2460
3 368 2460 3537
3 5535 368 3368
3 5535 5053 368
3 2460 368 5053
3 2460 5078 6162
3 5078 2689 6162
3 4522 6455 5709
3 5709 2941 4522
3 4279 5709 3099
3 1494 3099 5709
3 4875 1494 4679
3 4679 271 4875
3 689 3452 5371
3 5371 3452 4875
3 1494 4875 3452
3 3099 1494 6214
3 3452 6214 1494
3 689 5371 4431
3 689 4431 1223
3 1223 4431 3924
3 3924 4431 2199
3 2199 158 3425
3 3425 6563 2828
3 2139 2828 6563
3 2139 4251 2828
3 2828 4251 463
3 6269 463 37
3 4251 37 463
3 5447 6428 5008
3 5447 1953 6428
3 6321 33 3997
3 2961 6502 1363
3 4140 1363 6502
3 4140 3553 2727
3 1363 4140 4452
3 1363 4452 3488
3 1575 4905 2081
3 6434 2081 4905
3 1764 6027 6434
3 6434 6027 1389
3 1389 6027 1075
3 1389 1075 2641
3 1075 2058 2641
3 6027 3272 2437
3 3272 1174 2437
3 3209 1174 5001
3 3272 1892 700
3 700 1892 5106
3 3272 6027 1892
3 5817 3378 2275
3 3628 2501 1682
3 2673 2501 817
3 2673 817 5105
3 5105 817 6522
3 817 4113 1376
3 1376 4113 1301
3 1376 1301 3709
3 4113 2539 1301
3 3709 1301 4466
3 4548 1301 2539
3 2539 4113 1077
3 1044 1077 2275
3 6249 6391 1044
3 25 1044 6391
3 6391 4548 25
3 6391 4466 4548
3 2308 6391 4664
3 3489 4356 1798
3 4356 3832 1798
3 6011 4356 5048
3 5048 4569 2332
3 2332 1852 5048
3 5048 1852 3935
3 6085 5048 130
3 130 3935 2179
3 5992 3590 1542
3 5992 1542 1252
3 3590 6162 1542
3 1542 2689 6088
3 6088 2689 1937
3 1937 5549 6088
3 1937 5947 5549
3 1937 3126 5947
3 5947 3126 958
3 6250 3126 242
3 242 1031 6250
3 242 3126 5078
3 1031 242 5078
3 6054 2573 1031
3 833 2573 2605
3 833 2605 5748
3 2941 4279 2605
3 5748 2605 4279
3 6269 1669 3924
3 4019 2658 6271
3 2311 37 4684
3 4684 6024 21
3 4684 21 3605
3 2333 1126 4061
3 1126 2796 1956
3 1126 1956 2445
3 4061 1126 2445
3 6307 4061 2445
3 6049 2333 4061
3 1029 229 283
3 3198 283 3688
3 229 3688 283
3 1029 5457 6502
3 1029 2262 229
3 2262 6502 2780
3 2780 6502 2961
3 2780 1043 479
3 1043 5196 479
3 3488 399 5196
3 5196 2081 340
3 4003 5304 2600
3 6434 1389 2600
3 2600 1389 2641
3 3822 5968 5437
3 331 5968 3822
3 1802 5968 1541
3 5968 3759 2172
3 331 2058 3759
3 1682 2058 5175
3 1682 5175 3628
3 5968 2172 1541
3 5105 6522 2015
3 5105 2015 1541
3 2015 6522 1693
3 6522 1376 3709
3 3709 1881 1909
3 1909 1881 5025
3 4466 430 1881
3 430 4466 2308
3 4332 2447 4970
3 4970 2447 5921
3 2447 1206 5921
3 5921 1206 5108
3 5108 1074 3824
3 1074 1948 3824
3 1948 3512 4625
3 4625 3512 2283
3 3832 4859 3312
3 3512 1074 3808
3 6011 1178 2729
3 1178 6011 6085
3 5048 6085 6011
3 2729 1178 3433
3 6085 6246 2805
3 2805 1252 6474
3 2805 6474 6085
3 6085 6474 3433
3 1252 6088 2661
3 2661 6088 5549
3 3758 2998 5687
3 4422 5687 2998
3 4422 2998 6290
3 6290 2998 3771
3 5909 2998 3758
3 5189 5684 5480
3 5909 5480 5684
3 6102 1359 924
3 6250 2573 480
3 480 2573 833
3 833 5748 5430
3 5158 5430 3755
3 5748 6214 5430
3 5430 6214 3755
3 6214 6271 2676
3 3605 2904 4684
3 5903 4684 2904
3 2904 2608 5903
3 2039 2904 3605
3 5622 1025 2039
3 6158 2222 6235
3 3605 21 1529
3 1529 21 5823
3 6235 5823 2057
3 5823 5603 2057
3 3524 100 5603
3 5603 100 143
3 143 100 3688
3 100 3198 3688
3 3198 2796 1126
3 3198 1126 2333
3 283 3198 2333
3 2345 2124 3688
3 5619 5047 2124
3 1792 2345 159
3 2780 479 159
3 4003 2734 5304
3 479 1618 1792
3 4003 6093 2734
3 5047 2734 6093
3 6093 4003 5148
3 4688 4004 6093
3 4004 5047 6093
3 4004 4688 6515
3 4688 3050 5626
3 737 5626 5840
3 3050 5437 5626
3 5626 5437 5968
3 5626 5968 1802
3 5626 1802 5840
3 5840 2015 3087
3 1691 5360 1422
3 1691 1422 1797
3 5360 55 1922
3 55 1693 1922
3 5644 5025 87
3 3981 87 923
3 87 5025 1673
3 87 1673 923
3 2967 5921 1213
3 163 4641 2272
3 3001 2272 4641
3 2283 1076 457
3 6405 1076 4918
3 1076 6405 2142
3 1076 2142 2982
3 2982 2142 151
3 6405 6290 6345
3 3861 6405 6345
3 2884 5687 4422
3 2884 4422 6290
3 6345 5358 1360
3 3376 6345 316
3 5228 5471 1360
3 1360 5471 6345
3 316 6345 5471
3 5228 3771 2500
3 2802 5228 2500
3 2802 2500 3586
3 793 3277 2802
3 3277 793 1185
3 3277 1185 1486
3 3166 5653 1485
3 3166 1485 1025
3 6102 5430 5158
3 6102 5158 3238
3 3238 5158 1351
3 1351 5158 5796
3 5158 5028 5796
3 6271 3200 5028
3 5028 3200 5796
3 5796 3200 2608
3 2608 4463 5796
3 943 2180 2448
3 312 1243 3230
3 312 3230 1485
3 1485 3230 1025
3 1243 4463 3230
3 1486 3166 3741
3 6158 1486 3741
3 6235 1435 6515
3 6515 5589 6235
3 1435 876 4138
3 143 876 5603
3 2057 5603 876
3 4138 2124 5047
3 4138 4004 6515
3 6320 4561 2976
3 6320 2976 412
3 412 3208 6320
3 5360 1691 2976
3 412 2976 1691
3 3208 412 1797
3 1691 1797 412
3 4163 1797 1440
3 1422 1440 1797
3 1084 2092 3874
3 1084 3874 4163
3 3874 2092 3617
3 419 65 3617
3 5000 3617 65
3 65 3981 5000
3 65 419 5644
3 5644 3981 65
3 5000 3981 5119
3 3981 874 5119
3 874 923 1673
3 5000 6385 212
3 3098 3395 1213
3 3098 1213 93
3 3395 2967 1213
3 3444 3617 212
3 3617 3444 6070
3 5282 6070 3444
3 6070 5282 1642
3 5282 4641 4625
3 5282 457 2982
3 4484 6070 3861
3 151 3861 6070
3 3376 4484 3861
3 3861 151 2142
3 3861 6345 3376
3 4484 3508 5355
3 5355 3508 4979
3 5355 4979 3226
3 3226 4979 1262
3 1262 4979 1924
3 6348 2802 3277
3 6348 3277 548
3 548 825 1684
3 825 291 1134
3 291 6158 1134
3 1134 6158 5589
3 6158 291 1486
3 1134 4586 863
3 665 3225 3208
3 4586 5589 6515
3 3225 4586 6320
3 3225 6320 3208
3 1797 4163 3226
3 5355 3226 4163
3 6070 4483 3874
3 163 2476 3824
3 2476 2806 407
3 2806 5921 407
3 2311 5903 6269
3 2333 6049 5457
3 6502 4210 3902
3 4210 3111 3997
3 4210 3997 3902
3 3111 6321 3997
3 2511 2584 4988
3 5971 5582 2787
3 2787 5582 4208
3 4049 4208 1766
3 4049 1766 4421
3 2369 3835 1646
3 3835 2369 4391
3 5843 6401 6210
3 3846 4295 5902
3 352 5674 5851
3 2765 1041 4751
3 4751 1041 5963
3 4751 5963 3577
3 1041 3779 5963
3 3577 5963 5339
3 3290 3040 5564
3 3040 2178 5564
3 6101 5640 5564
3 2023 4401 6270
3 3906 607 4339
3 5039 3271 4220
3 5873 4377 5292
3 5292 4377 1379
3 5066 2839 5076
3 5066 5076 3972
3 2839 5179 5076
3 5076 3015 3972
3 3015 6183 3972
3 3972 6183 1464
3 4517 1896 4590
3 4130 5763 4756
3 5594 2756 843
3 5594 843 2281
3 2756 4741 843
3 3039 6445 953
3 4270 3973 667
3 4720 4921 1420
3 4628 6501 4492
3 1452 5098 310
3 383 3651 6475
3 5469 6475 3246
3 5261 1313 4341
3 3897 2678 5951
3 2161 3262 1700
3 1700 5342 2161
3 2985 5470 3731
3 6332 3731 5920
3 2811 5904 154
3 6437 1841 486
3 690 5424 4314
3 4311 5086 2118
3 1454 6511 5991
3 4558 4567 4962
3 6126 2357 4631
3 6312 5987 1598
3 3383 4926 5692
3 5332 5692 4926
3 5692 2431 1876
3 2431 5692 5332
3 4760 3811 4469
3 2044 5696 3328
3 2044 3328 3369
3 185 3369 4760
3 185 4760 4469
3 2044 3369 185
3 617 382 2044
3 617 2044 4209
3 617 4209 3477
3 4209 4469 3736
3 4469 4209 185
3 185 4209 2044
3 964 3477 4209
3 964 4209 831
3 3560 831 6312
3 3560 6312 2165
3 6312 831 2821
3 1598 4249 6312
3 4006 2040 2988
3 2400 2040 2143
3 5498 2143 2652
3 2652 2143 2040
3 3231 5498 6598
3 3256 4286 5294
3 6542 3256 5294
3 3256 6542 4080
3 3751 5277 17
3 3751 17 3343
3 5897 17 1846
3 5897 1846 6542
3 1846 17 5277
3 1743 3156 0
3 1876 6148 3156
3 1876 3156 5692
3 3383 5692 1743
3 1743 5692 3156
3 1972 2431 6065
3 2431 1972 5550
3 4745 1972 6065
3 1658 4731 4745
3 1658 4745 5717
3 5717 4745 6084
3 6084 4745 6065
3 6065 3811 6084
3 4760 3303 6084
3 3303 5717 6084
3 6251 3303 3369
3 3369 3303 4760
3 4760 6084 3811
3 6251 4731 1658
3 3303 6251 5717
3 5717 6251 1658
3 1039 4731 6251
3 1039 6251 455
3 455 6251 2721
3 1568 455 2721
3 2810 1568 5243
3 3328 5243 6251
3 6251 5243 2721
3 2721 5243 1568
3 2214 69 617
3 2214 617 3477
3 617 69 382
3 964 6387 3477
3 2218 2481 3412
3 3412 2481 5800
3 2482 4617 6123
3 1148 5120 6123
3 1148 6123 5620
3 5620 6123 4617
3 2694 2143 5498
3 2143 6121 2400
3 6121 2143 2694
3 4736 4090 4454
3 4454 4090 1272
3 4454 1272 5479
3 4090 4736 4286
3 1675 5479 1442
3 1272 2061 1442
3 1442 2061 5362
3 3454 2061 1272
3 3454 1272 4090
3 5362 2061 2150
3 2150 2061 3454
3 3256 3454 4090
3 3256 4090 4286
3 1272 1442 5479
3 4080 2150 3454
3 3454 3256 4080
3 41 5525 3314
3 41 3314 6176
3 41 6176 5441
3 5277 6176 1846
3 1846 6176 1548
3 1846 1548 6542
3 5441 5277 1951
3 5441 1951 1868
3 2441 597 3751
3 1456 3310 2943
3 6148 1456 2943
3 6148 2943 380
3 380 2943 2334
3 1715 1283 6380
3 1715 6380 5361
3 5361 6380 15
3 15 6380 4759
3 4324 5361 15
3 4759 4324 15
3 5550 5361 4324
3 4086 5361 5550
3 2835 1039 6334
3 1039 2835 4731
3 3163 1568 2810
3 1568 3163 2597
3 3843 3983 1032
3 5634 3843 1032
3 3843 4192 3983
3 3420 6225 990
3 990 6225 5806
3 4192 5806 6225
3 5070 990 5806
3 5034 5070 5806
3 5034 5806 4737
3 5875 4737 5634
3 5634 4737 5806
3 199 4737 524
3 199 524 5547
3 5547 524 6462
3 6462 524 2627
3 2627 524 5875
3 5875 524 4737
3 3683 6462 2627
3 3683 2627 4867
3 3613 3683 5869
3 6000 3613 182
3 6394 6000 4709
3 4709 6000 182
3 6533 4439 4267
3 4439 6533 1677
3 1677 6533 2059
3 2025 2870 2482
3 6090 2025 6123
3 3441 6090 6123
3 2482 6123 2025
3 6123 246 3441
3 4958 5735 1237
3 4845 4958 3281
3 1237 3281 4958
3 3281 1148 5087
3 1148 3281 5120
3 3281 5087 4845
3 6121 3583 5620
3 6121 5620 4617
3 4454 1731 2379
3 4454 2379 4736
3 1731 4454 1762
3 1762 4454 5479
3 416 4736 2379
3 6588 2167 5362
3 6588 5362 6277
3 5362 2167 2873
3 1442 5362 1675
3 5808 5552 2711
3 2711 5552 3120
3 3120 6277 2711
3 1616 5552 5808
3 5808 2711 1415
3 1415 2711 6277
3 1536 1616 5808
3 4619 1536 5808
3 4619 5808 6009
3 4619 6009 510
3 6500 6009 1415
3 5808 1415 6009
3 3630 4390 6008
3 6500 6008 6009
3 6009 6008 4390
3 6009 4390 510
3 1974 6204 6030
3 1974 6030 1901
3 1901 6030 170
3 5441 1901 41
3 4903 2441 2077
3 2441 4903 4500
3 2619 4903 2077
3 6126 4903 394
3 6126 394 6167
3 6167 394 4725
3 2008 4607 6126
3 2008 6126 376
3 4793 815 4424
3 4793 4424 6299
3 6560 6299 4424
3 76 1819 6560
3 76 6560 4453
3 4200 76 4453
3 4200 4453 3983
3 5973 2080 6225
3 6225 3420 5973
3 2638 5893 739
3 6462 739 6520
3 6520 739 5893
3 6520 5893 166
3 6520 166 5034
3 5547 6520 762
3 6520 5034 762
3 762 5034 3591
3 5547 762 199
3 199 762 3591
3 4737 199 3591
3 3048 6462 3613
3 4583 3048 4182
3 1500 4550 2657
3 1500 2657 4446
3 1500 4446 4968
3 4446 2657 1610
3 4733 6533 1745
3 6533 4733 3819
3 518 3142 5406
3 5927 3142 518
3 5927 518 4733
3 5927 4733 1745
3 4733 518 5406
3 6421 3142 5927
3 3620 5927 1745
3 4901 6421 2674
3 2674 5927 3620
3 5927 2674 6421
3 3321 4385 4312
3 1787 6576 6083
3 1787 6083 6090
3 6090 6083 3321
3 1004 1787 6090
3 1330 1004 6090
3 3547 1799 6430
3 3547 6430 5401
3 4669 5497 1839
3 4280 4669 1839
3 4280 1839 488
3 6001 1762 4669
3 4280 5114 6001
3 4280 6001 4669
3 4958 3348 5114
3 4958 5114 4280
3 3348 1349 5114
3 1256 2818 4845
3 4845 2818 4958
3 4958 2818 3348
3 2818 1349 3348
3 6001 1349 490
3 1762 6001 490
3 1762 490 1731
3 490 1256 1731
3 1256 490 2818
3 2818 490 1349
3 1349 6001 5114
3 6586 5497 4698
3 5435 4540 2
3 5435 2 2462
3 2462 2 5497
3 5497 2 4698
3 4698 2 4540
3 1397 4698 4540
3 1985 4738 4397
3 4322 278 4397
3 2192 4738 1985
3 2192 1985 1696
3 2192 1696 4724
3 1696 1985 3167
3 3167 1985 278
3 5552 4724 1696
3 5552 1696 3167
3 5552 3167 2414
3 3120 5552 2414
3 1536 6141 1616
3 4619 6141 1536
3 2067 4350 5771
3 6186 4839 2310
3 2310 4839 5771
3 5771 4839 2067
3 2310 5771 3110
3 3913 5771 3869
3 3869 5771 454
3 3110 5771 3913
3 1406 3913 3869
3 2700 3869 454
3 4350 454 5771
3 2546 1406 3869
3 2546 3869 2700
3 4390 2700 454
3 930 2495 6165
3 2495 930 1811
3 1366 910 1811
3 1811 910 2495
3 2495 910 3234
3 5608 857 3234
3 5608 1366 135
3 135 1366 1811
3 910 1366 5608
3 910 5608 3234
3 4563 3665 5608
3 4563 5608 4607
3 5608 3665 6264
3 4349 2530 4607
3 2008 4349 4607
3 4563 4607 2530
3 822 3926 2530
3 822 2530 4349
3 489 2530 3926
3 873 3926 822
3 873 822 3478
3 873 3478 2363
3 4349 3478 822
3 4580 2363 3478
3 4580 3478 2872
3 2872 3478 4349
3 6564 2363 4580
3 4425 6564 1903
3 1903 6564 1817
3 1817 6564 4580
3 4425 1903 2194
3 4425 2194 5421
3 2194 1903 1817
3 6472 6564 4744
3 4744 6564 4425
3 4744 4425 5421
3 3732 498 2871
3 3732 2871 1771
3 1771 2871 5325
3 3264 1626 2849
3 2791 6144 3264
3 2791 3264 1012
3 5973 1012 2080
3 2175 2791 5118
3 3679 5118 3023
3 20 3379 3679
3 20 3679 5707
3 20 5707 1738
3 5707 3679 3023
3 702 5707 1023
3 1023 5707 3023
3 1023 3023 131
3 1023 6441 5783
3 297 6222 5825
3 5170 897 2477
3 4583 5170 2477
3 5778 5170 4583
3 5757 3092 314
3 3092 5757 4968
3 4471 314 3092
3 4471 3092 1021
3 4471 1021 5487
3 4968 1021 3092
3 5820 5491 2940
3 2940 5491 1024
3 1610 646 4446
3 5491 5820 4860
3 4860 5820 5964
3 5303 5491 4860
3 4672 6077 1867
3 4672 1867 4379
3 5013 6077 4672
3 6253 5013 4459
3 4459 5013 4672
3 4459 4672 4272
3 5440 6060 6253
3 2517 6421 4901
3 2517 4901 6253
3 2132 2517 6253
3 2132 6253 4459
3 2517 2132 109
3 3142 6421 109
3 3142 109 5406
3 5406 109 2132
3 3819 2132 4459
3 6421 2517 109
3 4733 5406 3819
3 2132 3819 5406
3 5577 6060 5948
3 5577 5948 493
3 4385 6083 5948
3 4385 5948 6060
3 3938 493 2795
3 5948 6083 2795
3 5948 2795 493
3 666 2795 6083
3 666 6083 6576
3 6370 4871 2490
3 3007 4871 6370
3 3007 6370 4635
3 4635 6370 4214
3 4416 6457 3594
3 4540 3137 1397
3 3763 521 3150
3 3763 3150 1368
3 1533 202 2192
3 1533 4724 465
3 4724 1533 2192
3 2917 3584 1533
3 2917 1533 5805
3 5805 1533 2794
3 6107 6353 4541
3 6262 6107 4839
3 4839 6107 2067
3 2067 6107 4541
3 2067 4541 2377
3 2067 2377 4350
3 6262 4839 6186
3 4971 6262 225
3 6262 6186 225
3 225 6186 6487
3 2310 3110 3913
3 6186 2310 3913
3 6186 3913 1406
3 4537 225 6487
3 4971 225 4537
3 1870 4537 6487
3 626 1870 6487
3 626 6487 5966
3 6165 4558 1551
3 4962 4567 6067
3 5490 6067 3257
3 6564 2257 3060
3 3926 3060 2257
3 3926 2257 489
3 6564 3060 873
3 6564 873 2363
3 873 3060 3926
3 5814 5895 4433
3 4443 4433 5895
3 4290 4443 5895
3 4424 4290 4793
3 4424 4793 4881
3 519 4453 4932
3 4453 519 4424
3 1612 4932 4453
3 6180 1612 4453
3 6180 4453 6560
3 5956 6051 1082
3 1771 2255 3732
3 2255 1771 4766
3 3384 693 6192
3 3384 6192 6144
3 2380 3510 5723
3 3510 3384 2631
3 3384 3510 2380
3 3905 1365 1110
3 3905 1110 5723
3 2589 1110 1365
3 5802 2589 1365
3 5118 1365 3905
3 5118 3905 2175
3 2175 3905 3510
3 2175 3510 2631
3 3510 3905 5723
3 5802 1365 5118
3 1738 1412 20
3 20 1412 3379
3 5527 57 2479
3 5527 2479 612
3 612 2479 811
3 702 4088 5707
3 5707 4088 612
3 612 4088 5527
3 4987 5051 2554
3 2554 5051 5825
3 2603 4987 6106
3 6106 4987 2554
3 6106 2554 2344
3 2344 2554 3161
3 2344 4014 6106
3 5855 5757 5906
3 4805 6028 5855
3 4805 5855 3009
3 4805 3009 4289
3 5906 3009 5855
3 4289 3009 5210
3 5210 3009 4411
3 4411 3009 5906
3 5719 3626 4411
3 5719 4411 5906
3 3056 5719 5906
3 4471 5487 6104
3 5491 5303 1401
3 5491 1401 1024
3 6393 6551 6208
3 6393 5303 1068
3 3190 5303 6393
3 3190 6393 6208
3 6393 1068 4615
3 4615 1068 5246
3 3244 6551 4230
3 4230 6551 6393
3 2416 3244 4230
3 4230 6393 5577
3 6393 4615 5577
3 5577 2416 4230
3 3337 6551 3576
3 3337 3576 3186
3 3244 3576 6551
3 4612 207 6388
3 3307 6388 1200
3 4869 5715 3007
3 4869 3007 4635
3 3710 2966 4869
3 2910 5715 4869
3 2910 4869 2966
3 4635 3710 4869
3 1424 2964 2757
3 1424 2757 836
3 2903 1382 4606
3 6296 4606 1382
3 3763 5394 5205
3 893 2829 4883
3 5925 4942 4513
3 5925 4513 4711
3 4513 4942 2082
3 2581 4513 2082
3 2581 2082 2917
3 4889 473 2581
3 4513 2581 4711
3 4711 2581 473
3 4711 473 4889
3 5805 4889 2917
3 2917 4889 2581
3 2220 4802 4889
3 4802 4711 4889
3 2220 4889 5805
3 5306 4802 2220
3 5306 2220 1617
3 5306 1617 5481
3 1617 2220 5805
3 2704 5481 1617
3 2704 1617 235
3 2794 2704 235
3 3458 6353 794
3 794 6353 841
3 6605 841 6353
3 4945 6605 3579
3 3826 3579 3652
3 3652 3579 6605
3 2683 3899 2456
3 6107 2683 2456
3 4537 4455 4971
3 4042 4455 4537
3 4042 4537 1870
3 5323 4042 1870
3 5323 712 5587
3 712 5323 1870
3 4206 2719 5587
3 4206 5587 712
3 4206 626 5966
3 626 4206 712
3 626 712 1870
3 2719 4206 3031
3 2719 3031 3809
3 3809 3031 5490
3 6067 3031 4962
3 4206 4962 3031
3 5490 3031 6067
3 2480 795 5478
3 2248 795 2480
3 2480 5478 4219
3 830 2248 2480
3 5237 6227 2248
3 5237 2248 830
3 5279 830 2480
3 5279 2480 2702
3 2702 2480 4219
3 2853 2702 4219
3 5279 4292 3326
3 4292 5279 4503
3 4503 5279 5835
3 1462 5835 5279
3 4292 4503 6116
3 6207 4292 6116
3 4292 6207 2567
3 5115 3829 5814
3 5115 5814 3357
3 5115 3357 6224
3 1413 5814 3829
3 3008 6224 3357
3 4433 6365 3357
3 3357 6365 3008
3 4674 4433 4443
3 4433 4674 6365
3 519 4443 4290
3 6365 1612 5889
3 5889 1612 6180
3 1612 6365 4932
3 4932 6365 4674
3 6224 5889 6180
3 6429 6566 6224
3 6566 6369 4912
3 6369 6566 6429
3 6369 6051 749
3 2955 4912 6369
3 2264 6369 749
3 1403 2773 5961
3 6082 4766 5602
3 3072 3852 409
3 2589 5308 409
3 409 5308 3072
3 2563 2576 4964
3 5308 2576 3072
3 3072 2576 2563
3 3387 1071 2576
3 1936 4964 3797
3 3797 4964 1071
3 3797 1071 5760
3 5760 1071 3387
3 5308 3387 2576
3 2576 1071 4964
3 2429 5760 3387
3 2429 3387 204
3 2429 204 5542
3 204 3387 5308
3 6483 5542 204
3 5527 5894 5357
3 1638 731 3807
3 731 1638 5894
3 731 5894 2577
3 2577 5894 5527
3 2104 4987 731
3 2104 731 2577
3 4526 4449 1599
3 1599 1638 1132
3 1638 1599 5894
3 5894 1599 4449
3 4683 1599 1132
3 4683 1132 3533
3 5424 4526 6300
3 6300 4526 4683
3 6300 4683 5477
3 771 5477 4235
3 4000 771 2782
3 4000 2782 3637
3 2315 3637 2782
3 2315 2782 4135
3 6017 442 4135
3 3056 6017 3802
3 6302 4420 5022
3 6302 5022 6550
3 4471 6104 6550
3 4066 5263 6104
3 3467 6219 4066
3 4815 3467 5865
3 4296 6219 1288
3 1919 1461 4296
3 1919 4296 6371
3 6371 4296 934
3 934 4296 1288
3 3608 1408 1085
3 4654 1408 6551
3 6551 1408 6208
3 3337 728 4654
3 3337 4654 6551
3 6172 5224 774
3 5010 774 5224
3 4612 5091 207
3 207 5091 3186
3 5229 6215 810
3 4319 6215 2910
3 2910 6215 5229
3 2966 4319 2910
3 5715 2910 5229
3 6215 4319 5510
3 6215 5510 4858
3 4858 5510 5775
3 5247 1364 4588
3 6151 6109 4490
3 4028 6109 4126
3 2210 4126 6109
3 6109 4028 4490
3 1424 4028 4126
3 1424 4126 2964
3 5205 4409 5932
3 5391 4409 5205
3 2237 5443 4883
3 4112 2237 4024
3 4024 2237 4883
3 6503 2018 3777
3 3288 6503 5925
3 5925 4711 5991
3 1321 3288 3101
3 3101 5991 6511
3 5991 3101 5925
3 5925 3101 3288
3 1454 5991 4802
3 6511 1454 3661
3 3661 1454 5306
3 5690 3661 370
3 364 2621 2704
3 3816 1979 794
3 794 1979 2621
3 794 2621 3458
3 1753 3672 2148
3 1812 1373 4764
3 4764 1373 5736
3 4764 5736 5972
3 5972 5736 4848
3 5736 1373 1467
3 5765 3579 4593
3 3579 5765 4945
3 4848 5736 5765
3 4848 5765 5307
3 4593 5307 5765
3 4945 5765 5736
3 4945 5736 1467
3 5086 5307 2118
3 4610 2118 4593
3 4610 4593 2724
3 5307 4593 2118
3 6128 4311 2118
3 6128 2118 4610
3 1973 6128 4610
3 5323 6128 1973
3 5429 6128 5323
3 1826 5429 5587
3 5587 5429 5323
3 4600 5429 1826
3 4600 1826 4750
3 4600 4750 1443
3 5662 1709 5478
3 6182 6514 795
3 6182 795 2248
3 6182 2248 6227
3 6182 6227 1749
3 795 6514 5662
3 795 5662 5478
3 4378 6182 1749
3 4378 1749 6399
3 830 5279 5237
3 3326 5237 5279
3 1823 2567 3144
3 3829 5558 6207
3 6207 5558 1877
3 6207 1877 5182
3 5182 1877 4508
3 4779 4508 1877
3 4779 1877 5558
3 748 4779 5115
3 748 5115 6566
3 5115 5558 3829
3 5558 5115 4779
3 6566 4779 748
3 6566 4912 4779
3 4779 4912 3677
3 2182 2843 3854
3 3854 6297 4529
3 3854 4529 2182
3 2356 3026 2955
3 2356 2955 4407
3 6369 4407 2955
3 4407 6369 2993
3 2993 6369 2264
3 2773 5916 2993
3 4417 4572 6532
3 4417 6532 1887
3 1887 6532 2590
3 3119 3644 550
3 3072 3556 4438
3 3072 4438 3852
3 3852 4438 4717
3 88 2563 4964
3 5777 6358 11
3 11 5396 5777
3 6596 2617 1809
3 1809 2617 413
3 3797 4440 634
3 3797 634 1936
3 4440 3797 5760
3 1936 634 2064
3 2064 634 4271
3 4271 634 4440
3 1712 5760 2429
3 1712 2429 5542
3 5477 6245 6300
3 6177 6300 6245
3 5477 4000 6245
3 5486 6578 3304
3 6550 2287 6302
3 6104 2287 6550
3 1989 2287 2775
3 4165 6302 2287
3 4165 2287 1989
3 2784 1989 2775
3 2784 2775 5263
3 2784 5263 2401
3 2401 5263 6219
3 5882 2784 3252
3 3252 2784 2401
3 4743 3252 2401
3 2401 6304 4743
3 4308 6304 392
3 392 6304 2401
3 1461 2798 5388
3 1461 5388 4296
3 4296 5388 6219
3 1955 5388 2798
3 1441 4534 4125
3 3872 4125 6371
3 6371 4125 4375
3 4375 4125 4534
3 3872 1845 5442
3 1845 3872 6371
3 6315 6364 1137
3 5224 1137 6364
3 5442 5224 6364
3 6046 6315 5224
3 1137 5224 6315
3 5854 6315 6046
3 10 1465 6315
3 10 6315 5854
3 3501 238 1001
3 2488 3501 1001
3 346 5775 343
3 4858 5775 346
3 5932 4409 4028
3 5551 5272 6491
3 5551 6491 2336
3 1396 6491 5443
3 1396 5443 5211
3 2151 3526 5426
3 5426 3526 740
3 3101 6073 1321
3 6073 3101 6511
3 3288 1321 5426
3 6468 2163 6073
3 6511 6468 6073
3 4147 6073 2163
3 1986 6468 6511
3 4346 6468 2896
3 4346 2896 3300
3 1986 2896 6468
3 5690 3672 2896
3 6481 1639 1930
3 6481 1930 5040
3 3045 6319 5329
3 3045 5329 179
3 2144 179 5329
3 3525 6555 2033
3 4221 1139 5234
3 4221 1992 1139
3 4221 5234 4600
3 5234 1139 4311
3 5429 4600 5234
3 5429 5234 6128
3 6128 5234 4311
3 4221 4600 1443
3 1992 4221 3177
3 3177 4221 1443
3 5784 4714 6574
3 5662 6514 4714
3 4378 2164 6182
3 5509 2164 4378
3 5509 4378 1915
3 1915 4378 6399
3 4423 6033 6399
3 6149 6033 176
3 176 6033 4423
3 544 176 4423
3 544 4423 6436
3 2452 5152 5266
3 2671 5266 4242
3 6196 4242 4529
3 4529 4242 2182
3 1795 6196 6297
3 6297 6196 4529
3 6425 5977 1634
3 6425 1634 2131
3 5916 2131 5198
3 5198 2131 1634
3 5916 5198 308
3 5916 308 2993
3 3026 2356 3854
3 3854 2356 6297
3 5198 6297 308
3 308 6297 4407
3 4407 6297 2356
3 6532 4572 6425
3 2837 1860 2527
3 3879 3694 223
3 5654 2204 4603
3 3119 1887 2590
3 1887 3119 4417
3 4438 6490 5654
3 4438 5654 4603
3 4717 4438 4603
3 5777 3483 6358
3 5313 3109 5789
3 5396 102 5789
3 5935 220 5313
3 5935 5313 102
3 5935 102 5396
3 5396 5789 5777
3 5789 102 5313
3 5862 4376 5935
3 5862 1809 5864
3 1809 5862 5935
3 6498 4084 3812
3 2343 1492 6498
3 2343 6498 2875
3 2343 2875 6497
3 5567 4946 5734
3 5734 4946 2875
3 6300 5567 5734
3 1496 6300 5734
3 5567 6300 6177
3 906 4946 6177
3 6177 4946 5567
3 549 6005 6497
3 906 6092 549
3 2387 6497 6005
3 6005 549 6092
3 4946 906 549
3 4946 549 6497
3 2097 6005 6092
3 1387 4651 2715
3 1387 2715 5251
3 5251 2715 6092
3 5251 6092 2036
3 6529 6530 5486
3 6529 5486 3304
3 4841 5486 6530
3 5407 6530 6529
3 6523 1927 6582
3 4017 1752 4420
3 4017 4420 6302
3 3555 4017 4165
3 5459 3555 1989
3 4165 1989 3555
3 1488 3117 2958
3 1488 2958 1755
3 3588 2958 5755
3 451 5755 2958
3 4743 3064 5882
3 451 5882 3064
3 451 3064 5755
3 5318 1133 5607
3 5607 1133 540
3 540 1133 3064
3 3578 5318 889
3 889 5318 5607
3 4743 540 3064
3 3064 1133 5755
3 5755 1133 5318
3 6304 4308 5607
3 4308 1789 5607
3 1789 889 5607
3 1789 3578 889
3 4743 6304 540
3 540 6304 5607
3 1955 848 5038
3 1955 5038 5388
3 2110 3867 4636
3 1103 1465 1441
3 1103 1441 4125
3 1103 4125 3872
3 1441 5798 5014
3 5798 1441 1465
3 1103 6364 6315
3 1103 6315 1465
3 4995 5798 10
3 4995 10 5854
3 10 5798 1465
3 5014 5798 4995
3 3860 2889 3992
3 3860 3992 2372
3 2372 3992 4995
3 5384 6194 3860
3 3153 6194 878
3 3153 878 4549
3 4549 878 1729
3 1729 878 5384
3 1828 981 3116
3 1828 3273 981
3 2937 1249 6047
3 2937 6047 1314
3 6047 1249 1767
3 1767 1249 981
3 4282 1314 6047
3 1841 4282 6047
3 1841 6047 486
3 486 6047 1767
3 6437 486 3501
3 238 3501 1767
3 1767 3501 486
3 5695 1841 6437
3 3399 5695 6437
3 2768 6122 2825
3 2768 2825 2135
3 3609 2135 2825
3 2063 2135 5556
3 2135 2063 2019
3 2135 2019 2768
3 6435 1840 4923
3 5436 6435 4340
3 2442 6435 5436
3 5436 5899 2442
3 5899 5436 6091
3 2367 2985 4536
3 2367 4536 6091
3 5470 2367 868
3 6091 5436 868
3 6091 868 2367
3 5436 4340 2811
3 4340 4335 840
3 840 4335 4415
3 4415 4335 5920
3 5920 4335 6332
3 6332 5129 2552
3 6151 4703 6109
3 5129 6109 4703
3 5129 4703 2552
3 2552 4703 1512
3 6332 2552 1512
3 3731 6332 1512
3 3731 1512 5265
3 2985 3731 5265
3 1267 5265 4703
3 1267 4703 6151
3 4703 5265 1512
3 2985 1000 4536
3 1984 1000 5265
3 1984 5265 1267
3 5265 1000 2985
3 4536 1000 1066
3 1066 1000 1984
3 523 6336 1066
3 523 1066 39
3 1984 39 1066
3 39 1984 6151
3 1850 523 39
3 1850 39 4490
3 4490 39 6151
3 5272 5551 5744
3 2579 5287 6191
3 4758 5559 4147
3 4758 4147 3908
3 4758 3908 1416
3 3908 4147 2163
3 3908 2163 5165
3 1639 5165 1930
3 2931 5165 1639
3 2614 2031 4643
3 2031 2614 3325
3 2031 3325 5786
3 3261 4643 2031
3 3261 2031 4201
3 4201 2031 5786
3 3968 4201 4596
3 3968 469 6325
3 469 3968 4596
3 5985 4201 3968
3 3002 469 4596
3 469 3002 2675
3 469 2675 6325
3 3002 6319 3045
3 179 2144 2675
3 179 2675 3045
3 4596 6319 3002
3 2675 3002 3045
3 6325 2675 2144
3 4462 2215 4992
3 2033 4462 4992
3 4297 5252 6555
3 4462 6555 5252
3 4297 6555 1746
3 1414 3853 4123
3 2164 5509 2464
3 2164 2464 6514
3 2164 6514 6182
3 1182 4460 6527
3 5509 4460 4637
3 4637 4460 5187
3 5187 4460 1182
3 1915 4460 5509
3 4460 1915 2512
3 2512 1915 6399
3 5199 1246 3298
3 35 6173 6149
3 4904 35 582
3 4904 582 4528
3 4528 582 544
3 544 582 176
3 176 582 6149
3 6149 582 35
3 2149 398 2048
3 2048 398 1645
3 2048 1645 2452
3 14 3250 2452
3 14 2452 5266
3 1847 3250 14
3 1847 14 5266
3 67 3297 1089
3 67 1089 2671
3 5266 2671 1089
3 4051 1007 6052
3 3989 6052 3165
3 3989 3165 2534
3 3989 2534 563
3 5289 3443 2527
3 5289 2527 6016
3 3443 2837 2527
3 3443 4261 2837
3 2112 5829 4166
3 4166 5829 1472
3 6129 5313 1650
3 1650 5313 838
3 3901 1714 1499
3 3479 6328 4376
3 6322 3479 5862
3 6328 3479 6322
3 6328 6322 3037
3 1988 3134 741
3 3933 3561 1988
3 3933 2195 4095
3 6565 4095 2195
3 6497 237 6209
3 6497 6209 2343
3 2343 6209 1492
3 6005 1952 2387
3 1952 6005 1587
3 1952 1587 4651
3 1587 6005 2097
3 2715 4651 1587
3 2715 2097 6092
3 2097 2715 1587
3 1387 4994 5475
3 1387 5475 4651
3 4994 1387 5251
3 2660 557 2640
3 2660 2640 1708
3 2640 557 4161
3 1112 6223 5919
3 5919 6223 4920
3 5407 5919 6530
3 6096 5878 759
3 4694 3274 6582
3 1700 4694 3505
3 3505 3894 1242
3 3894 3505 4694
3 1700 3505 5342
3 1755 3804 1488
3 2161 3804 3689
3 3262 2161 3689
3 1755 3866 3689
3 1755 3689 3804
3 5614 1191 565
3 565 1191 3262
3 565 3262 3689
3 3748 5614 3866
3 5614 565 3866
3 3689 3866 565
3 2270 1739 3907
3 4762 2270 1296
3 1296 2270 3588
3 3588 2270 3907
3 3748 3907 1739
3 3987 3588 5755
3 3578 1377 5318
3 5318 3987 5755
3 3987 5318 1377
3 5038 1377 1789
3 5038 1789 4308
3 3578 1789 1377
3 6284 1739 2270
3 6284 2270 4762
3 3332 5337 5812
3 3332 5812 6418
3 5812 5337 6217
3 5534 936 598
3 936 6418 2935
3 2935 6418 5812
3 598 936 2212
3 2212 936 2935
3 6217 2935 5812
3 5534 6418 936
3 1976 598 4685
3 4685 598 2212
3 4685 2212 3867
3 1158 3867 2935
3 2935 3867 2212
3 6217 4636 1158
3 4706 4685 2110
3 2110 4685 3867
3 1976 4685 4706
3 614 5844 2489
3 1003 2740 967
3 967 2740 672
3 875 3196 3105
3 5727 875 3105
3 5727 1101 1052
3 2635 1101 5727
3 2635 5727 3105
3 4396 5727 5417
3 4396 5417 2408
3 3504 6242 5014
3 2889 3504 3992
3 3992 3504 5014
3 698 2408 3254
3 5568 3254 2408
3 6494 3254 5062
3 5568 6432 3254
3 1807 820 4489
3 6446 3153 2350
3 4549 3116 2415
3 1667 445 4952
3 1667 4952 5080
3 5080 4952 5026
3 5080 5026 4649
3 2238 275 1932
3 5695 341 1841
3 1841 341 4282
3 6155 2825 6122
3 2848 2825 6155
3 1865 6155 6122
3 3143 5146 1865
3 4634 3143 1865
3 1902 4634 6375
3 3255 6375 3041
3 3255 3041 1695
3 3041 6375 4634
3 3114 3216 1695
3 3114 1695 3041
3 3114 3041 4237
3 2442 4237 3711
3 2442 3711 6435
3 3711 4237 1832
3 1840 6435 3711
3 4923 1840 2063
3 2063 1840 2019
3 2019 3711 1832
3 2019 1840 3711
3 4632 3114 1704
3 4632 1704 5899
3 4632 5899 6336
3 4632 6336 4897
3 6336 523 4897
3 2355 4632 4850
3 4850 4632 4897
3 4850 4897 1269
3 2355 4850 3493
3 6058 5785 347
3 347 5785 6034
3 4758 6034 938
3 4991 5559 3507
3 6034 4758 3735
3 3735 4758 6495
3 6495 4758 1416
3 4887 6495 1416
3 2413 3735 6495
3 287 2413 6495
3 287 6495 6019
3 5845 6019 4940
3 4940 6019 3929
3 2749 5743 2011
3 2749 2011 6087
3 2011 5743 5718
3 5718 5743 5593
3 5569 6087 2011
3 769 5569 859
3 859 5569 5718
3 5569 2011 5718
3 4643 769 859
3 4643 859 2614
3 859 5718 2614
3 4015 6087 5569
3 4015 5569 531
3 531 5569 4892
3 3355 4892 4643
3 4643 4892 769
3 769 4892 5569
3 3527 236 4892
3 3527 4892 3355
3 3355 2370 3527
3 5970 301 3664
3 1801 3527 301
3 2370 301 3527
3 1801 301 5970
3 2370 3664 301
3 2340 5970 1375
3 5131 1375 4027
3 4027 1375 3664
3 3664 1375 5970
3 5425 5035 4027
3 5131 4027 5035
3 1323 1292 1573
3 1292 1323 2215
3 3968 1323 5425
3 5425 1323 1573
3 4462 1292 2215
3 5035 5425 1573
3 4032 2630 265
3 1620 265 2630
3 6203 4032 2609
3 2609 1620 6409
3 3522 6409 1620
3 1620 2609 265
3 4032 265 2609
3 3833 2609 6409
3 2609 3833 6203
3 3568 6203 3833
3 3568 3833 260
3 260 3833 6409
3 4716 3568 5536
3 6516 4716 5536
3 3568 260 5536
3 5187 6516 1557
3 4785 1557 3850
3 3850 1557 5536
3 5536 1557 6516
3 4637 5187 1557
3 4637 1557 2464
3 2464 1557 4785
3 1842 4716 6516
3 1447 6492 3423
3 4309 1681 5065
3 4309 5065 6173
3 4904 790 3258
3 3027 4528 6436
3 4528 3027 790
3 4528 790 4904
3 5097 790 3027
3 5097 3027 2149
3 5511 3895 5809
3 1805 5511 5809
3 1805 5809 3969
3 1805 3969 2316
3 6138 2316 4078
3 6138 4078 4051
3 1017 1514 6138
3 1017 6138 2726
3 1017 2726 3430
3 1664 3430 2726
3 1664 2726 3892
3 3892 2726 4144
3 4713 3430 1664
3 4713 1664 3173
3 3173 1664 3892
3 5298 6433 6343
3 6419 3413 6343
3 6469 5298 6343
3 6469 6343 3413
3 2173 5298 6469
3 1374 6469 6419
3 6419 6469 3413
3 1623 5811 2951
3 6048 2951 5811
3 3360 2743 2951
3 3360 2951 6048
3 2951 2743 1623
3 5664 2743 1244
3 1244 2743 3360
3 3901 3360 6048
3 4198 5664 1661
3 4198 1661 3592
3 3739 1661 1244
3 3739 1244 1778
3 1244 1661 5664
3 5433 3592 1661
3 1661 3739 5433
3 3714 5433 3739
3 3714 3739 5142
3 5936 5433 3714
3 1190 3159 6328
3 6328 3159 5142
3 421 3159 1190
3 421 1190 1168
3 1167 2760 973
3 2760 1059 1371
3 2760 1167 5663
3 1167 973 3037
3 1371 973 2760
3 6411 5663 4559
3 4559 5663 1167
3 3615 4559 6322
3 3615 6322 3134
3 6411 4559 3615
3 6411 3615 1713
3 1410 6411 1713
3 3678 424 351
3 3678 351 1636
3 3211 351 424
3 3211 424 2041
3 6209 5617 1636
3 351 3211 6209
3 351 6209 1636
3 3678 1636 520
3 4660 520 2029
3 2029 520 1636
3 4547 4660 2029
3 809 4660 4547
3 1356 3047 5128
3 1356 5128 5381
3 1708 4570 2660
3 2660 4570 2997
3 2660 2997 5381
3 5381 2997 2284
3 5310 2284 2997
3 5310 2997 4570
3 2284 5310 1437
3 5680 5310 4570
3 5015 6160 1320
3 1320 6160 6096
3 1035 1320 3274
3 3274 6523 6582
3 6523 3274 1320
3 3375 6402 4694
3 3274 4694 6402
3 3274 6402 1035
3 1102 5768 6402
3 1102 6402 4659
3 6402 3657 4659
3 5615 3657 3351
3 3750 6120 5103
3 5614 3750 5103
3 5614 5103 1191
3 1191 5103 3351
3 5600 6120 3750
3 3332 5600 3750
3 5261 5600 1287
3 1942 5260 3339
3 1942 4257 1934
3 4257 1942 3339
3 4257 6418 5534
3 5952 1934 4257
3 5952 4257 5534
3 3339 6418 4257
3 4326 3034 5844
3 4876 1051 555
3 4876 2740 2330
3 6031 2330 2740
3 4876 555 2740
3 3855 6031 2227
3 698 3254 2699
3 4441 4797 420
3 420 4797 3855
3 420 3855 6494
3 5062 420 6494
3 6432 4813 1933
3 6432 1933 3254
3 3254 1933 5062
3 1277 4813 6432
3 2876 3631 758
3 4489 1889 1807
3 2091 5648 4489
3 4489 5648 1889
3 6454 2091 5415
3 5415 2091 6446
3 4215 3496 3036
3 6086 5350 3485
3 6086 3485 5080
3 5501 5350 6086
3 5501 6086 6549
3 5501 6549 5839
3 1954 6549 6086
3 4634 1515 3143
3 1902 3094 4634
3 2866 3094 4538
3 4383 4538 3094
3 4383 3094 6375
3 1902 6375 3094
3 3693 3255 3216
3 3216 3255 1695
3 6375 3255 4383
3 4383 3255 3693
3 4383 3693 2629
3 227 2629 2969
3 2969 2629 3693
3 5485 743 2969
3 5485 2969 3550
3 3550 2969 5176
3 5176 3493 4836
3 5176 4836 3550
3 4836 6164 5785
3 4836 5785 6058
3 4836 6058 5485
3 600 6569 1603
3 4915 4823 600
3 2314 6569 4823
3 2189 4915 600
3 600 4823 6569
3 3735 2972 478
3 4915 5372 6201
3 6535 6201 2972
3 2972 6201 5372
3 6535 2326 6544
3 5845 6544 2326
3 437 5997 4715
3 5029 6278 437
3 5029 437 4715
3 5029 4715 280
3 2014 5029 280
3 6087 2321 2749
3 1602 3411 1560
3 1602 4015 3411
3 4015 1602 6087
3 1644 6383 3411
3 5859 5166 6383
3 5859 6383 1644
3 517 5859 1737
3 2697 517 1737
3 5166 5859 517
3 1801 1737 3527
3 5970 2697 1801
3 236 3527 1737
3 1737 1801 2697
3 6105 1375 5131
3 1375 6105 2340
3 6105 5131 4776
3 6105 4776 1780
3 4032 6203 5016
3 3568 5226 6203
3 6231 4313 5444
3 5461 5444 2166
3 2166 5444 4313
3 249 6568 97
3 571 97 5444
3 249 97 571
3 571 5444 5461
3 4291 6568 249
3 6452 249 571
3 6452 571 5461
3 5444 97 6568
3 4291 249 153
3 153 249 6452
3 1666 153 104
3 104 6452 6556
3 153 6452 104
3 6492 2776 6556
3 104 6556 2776
3 104 2776 5326
3 104 5326 1666
3 5171 2776 6492
3 6075 2776 5171
3 5171 5003 6075
3 2394 5716 5538
3 6275 5538 344
3 344 5538 5716
3 3258 1681 4309
3 3827 2368 5082
3 3827 5082 2591
3 3018 2591 5082
3 1861 1716 322
3 136 5788 1740
3 174 2678 2956
3 174 2956 1017
3 174 1017 3430
3 1017 2956 1514
3 4713 1765 3430
3 5387 1765 2975
3 2975 1765 4713
3 4525 3705 124
3 1209 4525 3753
3 1209 3753 1253
3 2173 4539 1253
3 2173 1253 3753
3 1374 2561 4539
3 1374 4539 6469
3 6469 4539 2173
3 5811 1623 4054
3 3353 4054 2743
3 2743 4054 1623
3 3761 5258 3353
3 3761 3353 2764
3 2764 3353 3419
3 6265 3419 3845
3 5433 5936 2208
3 6411 6339 2599
3 6411 2599 5663
3 2549 6339 6411
3 520 4734 3678
3 2707 4734 5857
3 2707 4437 1501
3 4437 2707 5857
3 4981 1361 4437
3 4437 851 4981
3 5380 4981 5606
3 5606 5191 5380
3 1726 5380 5191
3 5191 5606 2960
3 1592 2960 3468
3 3468 2960 5606
3 2824 3468 1426
3 1426 3468 2197
3 1426 1437 5310
3 160 2824 1111
3 160 1111 5271
3 4124 1111 3082
3 4124 3082 1748
3 2886 886 371
3 3082 886 2886
3 3082 2886 1748
3 1748 2886 2362
3 1748 2362 3885
3 2362 2886 371
3 4655 2105 1848
3 6064 4655 1848
3 6064 1848 3132
3 3574 956 4087
3 6254 3645 5768
3 6254 5768 6243
3 6243 4948 3214
3 1102 4948 5768
3 5768 4948 6243
3 4659 4948 1102
3 5103 6120 5615
3 5600 5261 4633
3 5600 4633 6120
3 4914 6259 5260
3 1942 4914 5260
3 3966 4914 1942
3 3966 1942 1934
3 1092 5729 3966
3 1092 3966 222
3 222 3966 5799
3 222 5799 4732
3 6475 3651 2636
3 3246 6475 2636
3 3246 2636 2826
3 2826 2636 3651
3 2885 3246 5952
3 5184 383 6475
3 2970 156 6475
3 6475 156 5184
3 2761 1583 156
3 2761 156 2970
3 2761 2970 674
3 4876 1963 1051
3 2491 1963 4801
3 1683 4813 2540
3 1683 2540 4441
3 1683 4441 420
3 1683 420 5062
3 1933 4813 1683
3 1933 1683 5062
3 4075 2513 933
3 4075 933 3046
3 4075 3046 3385
3 6295 1768 3334
3 1202 6295 1522
3 1522 6295 6381
3 6381 6295 3917
3 3334 3917 6295
3 6295 1202 2547
3 2547 1202 4917
3 4917 1202 1522
3 3737 561 4917
3 3737 4917 5101
3 5101 4917 1522
3 5101 1522 1998
3 3965 5101 2062
3 2754 6282 3496
3 5584 6282 627
3 5584 627 6252
3 6252 627 3102
3 1263 3669 6252
3 3986 3669 1263
3 781 1263 6252
3 781 6252 3102
3 5075 1944 1335
3 1335 781 1142
3 1142 5075 1335
3 3102 1142 781
3 1263 781 1335
3 1263 1335 3986
3 1944 3986 1335
3 3532 4821 5075
3 3532 5075 1926
3 1926 1142 5297
3 5297 1142 3102
3 1142 1926 5075
3 5350 1926 5297
3 5501 1926 5350
3 1926 5501 1578
3 5297 3485 5350
3 400 3485 514
3 5297 514 3485
3 5839 1578 5501
3 3756 5151 6549
3 3756 6549 45
3 6281 3535 2399
3 2399 3535 6549
3 6549 3535 45
3 3756 45 3535
3 6145 6281 2399
3 5468 3756 3535
3 5468 3535 1535
3 1535 3535 6281
3 1311 5468 1535
3 5609 1311 1535
3 931 3756 5468
3 931 5468 4554
3 4554 1311 4584
3 4584 1311 5609
3 5609 1535 6281
3 1311 4554 5468
3 4158 5609 2866
3 4158 4584 5609
3 1515 2866 5609
3 4969 274 4158
3 5636 1603 2053
3 2053 1603 6569
3 6569 1230 3878
3 6569 3878 2053
3 591 1358 2053
3 591 2053 3878
3 3878 1230 3686
3 221 3686 1230
3 221 1230 6569
3 5673 4893 4830
3 4830 4893 2291
3 4830 1619 3782
3 3782 1619 2990
3 2990 6544 3782
3 1433 6175 5997
3 5997 6175 6544
3 5997 6544 2129
3 6278 4368 437
3 437 4368 5997
3 6053 75 1707
3 1303 6053 747
3 747 6053 1649
3 1649 6053 1707
3 3611 4301 1649
3 3611 1649 1707
3 5813 6383 6464
3 3708 5813 6464
3 2720 1444 6528
3 2720 6528 5428
3 2720 5428 6007
3 6007 4175 1188
3 319 2977 5779
3 2977 319 4774
3 5627 4774 319
3 450 5627 6062
3 6062 5627 5779
3 5779 5627 319
3 6439 4313 6231
3 6568 6439 6231
3 4623 4467 6568
3 5649 4467 4623
3 6525 2571 1666
3 5326 6525 1666
3 2776 6075 5326
3 4021 5830 1923
3 2912 6275 1697
3 6275 2912 5453
3 5453 2912 2574
3 357 5629 3827
3 2368 3827 6587
3 3789 2317 1432
3 2201 4565 1716
3 2201 1716 1861
3 1571 4565 2201
3 4646 4565 1571
3 1507 1571 2201
3 1507 2201 2295
3 3980 1981 26
3 3980 26 5788
3 1981 4656 26
3 5788 26 1740
3 1740 26 2244
3 2244 26 4656
3 2338 3980 3128
3 4410 2653 6447
3 6447 2653 6153
3 6540 6153 3720
3 654 1534 4539
3 2045 1493 3761
3 2045 3761 2764
3 2045 2764 5960
3 2764 6488 5960
3 4333 4796 6355
3 2271 9 5508
3 2271 5508 5591
3 9 4509 5508
3 4064 5079 6590
3 6590 5079 5724
3 909 1968 5724
3 1501 909 2707
3 5724 5079 909
3 2707 909 5079
3 3567 1093 1550
3 2934 5291 5529
3 5580 2466 5191
3 2466 1152 5191
3 2162 2466 5580
3 1726 5191 1152
3 1726 1152 2934
3 5772 5580 5191
3 5772 5191 2960
3 1549 6390 3440
3 1888 6243 1221
3 1221 6243 4803
3 6243 1888 6254
3 6254 1888 1398
3 4803 6243 5522
3 4803 5522 6213
3 2841 4930 1092
3 5729 1092 4930
3 5962 6259 528
3 2841 222 3621
3 2841 1092 222
3 2001 3649 4732
3 6097 2001 4732
3 2880 2761 674
3 2880 674 218
3 2761 1949 1583
3 1949 2761 1404
3 2170 1404 2761
3 2170 2761 2880
3 2170 2880 6015
3 6015 2491 5137
3 6015 5137 1448
3 653 1448 5137
3 653 5137 1411
3 3385 2468 5002
3 3260 919 2728
3 2728 919 3385
3 3718 367 1768
3 5204 3427 6170
3 638 3427 3243
3 4185 3243 3427
3 6170 3427 638
3 6170 638 2569
3 2569 638 1800
3 1800 638 3243
3 5804 5098 5504
3 564 5488 846
3 6282 2851 4155
3 6305 5584 194
3 5524 194 5584
3 3669 5524 6252
3 6252 5524 5584
3 1834 6329 4104
3 3986 1834 4104
3 2486 6329 1834
3 4287 2486 1944
3 4287 1944 5075
3 3986 1944 1834
3 1834 1944 2486
3 2397 2714 1914
3 744 2397 1914
3 744 1914 3085
3 3085 1914 2342
3 2905 1161 1328
3 2905 1328 3245
3 3245 1328 3772
3 1183 3245 585
3 3245 1183 2905
3 2050 585 4554
3 4554 585 3772
3 4554 3772 931
3 4728 3106 5675
3 4728 5675 4969
3 1498 4961 4464
3 1008 3878 4338
3 4338 3878 3686
3 1008 591 3878
3 5745 2140 4338
3 2506 5745 4338
3 5863 1581 5745
3 5346 5863 2506
3 2506 5863 5745
3 2004 5346 5791
3 5643 1318 1329
3 5643 1329 5989
3 5643 5989 4347
3 6465 5989 4386
3 3393 2136 121
3 2136 3393 2731
3 6069 2731 3393
3 6069 3393 500
3 5482 2136 5673
3 2731 5673 2136
3 121 2136 5482
3 6175 1433 5697
3 560 1231 6139
3 6139 4557 3188
3 3188 4557 4936
3 5092 5563 4557
3 5092 4557 1519
3 963 5092 3548
3 963 3548 4127
3 4184 4127 3548
3 4184 3548 1303
3 2280 5054 6400
3 2722 2280 6400
3 6575 6477 3896
3 3896 6477 5054
3 3465 6477 4820
3 6359 6575 3896
3 1982 5241 6272
3 6359 6272 4820
3 4820 6272 5241
3 6528 6272 6359
3 6272 6528 2451
3 1444 2451 6528
3 1982 6272 3359
3 1982 6006 5241
3 6006 1982 3359
3 1444 3359 2451
3 2451 3359 6272
3 4579 6006 3359
3 4579 3359 1444
3 3659 6006 4579
3 3659 4579 1670
3 1670 4579 2720
3 1670 2720 6007
3 1444 2720 4579
3 4598 3659 1670
3 2890 4598 1670
3 2890 1670 6007
3 155 4598 2890
3 334 6007 1188
3 1511 3979 4573
3 2644 5627 450
3 5627 2644 4573
3 5627 4573 3979
3 5214 4573 5145
3 5145 2644 1728
3 2644 5145 4573
3 5505 1407 5145
3 5505 5145 1445
3 1445 5145 2024
3 2024 5145 1728
3 1747 1445 2024
3 2024 1556 1747
3 1556 2024 1728
3 882 2639 4604
3 4804 4604 2226
3 4604 4804 1107
3 4604 1107 183
3 6568 1107 4804
3 1107 6568 183
3 4150 4739 4722
3 3331 6010 3016
3 219 3016 6010
3 2455 6010 3096
3 3096 6010 3331
3 3331 3016 6525
3 6501 3331 4021
3 6501 3096 3331
3 6501 4021 2557
3 2557 4021 1923
3 4492 6501 2557
3 4492 2557 4837
3 4837 2557 1923
3 5453 4837 5830
3 5830 4837 1923
3 4628 4492 4101
3 4101 4492 4837
3 6489 4101 5629
3 6501 4628 3764
3 6501 3764 4504
3 1804 3764 5042
3 1804 5042 984
3 4511 6424 5042
3 5042 6424 984
3 2615 5446 4306
3 4306 5446 4511
3 3341 4648 5446
3 3341 2615 2586
3 2586 2615 2225
3 2225 2615 4306
3 5446 2615 3341
3 3789 2586 6489
3 3789 6489 2317
3 6489 2586 4101
3 4101 2586 2225
3 4101 2225 4628
3 4628 2225 4306
3 3341 2586 3789
3 4648 3341 1432
3 1432 3341 3789
3 6424 4511 5446
3 6424 5446 5872
3 5872 5446 4648
3 6424 5330 984
3 5330 6424 5872
3 2188 5330 2365
3 2196 5330 2188
3 2188 2365 1353
3 5872 2365 5330
3 5225 1353 2365
3 5225 559 1457
3 6094 4646 1571
3 6094 1571 1507
3 5117 4646 559
3 559 4646 6094
3 559 6094 1457
3 509 1098 4933
3 6094 2526 4933
3 1312 1912 2526
3 1312 2526 6538
3 6538 2526 4384
3 4384 2526 6094
3 6538 4384 4270
3 3973 4270 4398
3 3973 4398 2278
3 2278 4398 1420
3 2278 1420 4921
3 4384 4398 4270
3 6289 4720 1429
3 6289 4410 6447
3 1429 4410 6289
3 6066 6289 6447
3 2052 3436 4426
3 4343 4426 6153
3 6153 4426 6447
3 4343 6153 6540
3 6540 4576 5390
3 6540 3057 4576
3 5960 4927 5390
3 5960 5390 4576
3 2045 5960 4576
3 5390 4927 3498
3 213 5540 4553
3 213 4553 309
3 3012 5766 4796
3 3012 4796 1348
3 1348 4796 1659
3 4700 1348 2587
3 2587 1348 1659
3 4509 5978 5890
3 4749 3415 2271
3 2271 3415 5978
3 890 5978 3415
3 890 3415 4874
3 4874 3415 4749
3 5691 5618 4781
3 4781 5618 2669
3 2669 5618 1528
3 2035 2662 2883
3 6350 2662 2035
3 4879 5526 1484
3 5529 5518 1625
3 1625 5518 1484
3 1484 5518 4879
3 5529 3338 5518
3 113 828 3338
3 828 2915 3338
3 2915 4879 3338
3 2915 828 1309
3 1309 828 6431
3 6431 828 113
3 6431 113 3386
3 3386 113 3338
3 3386 3338 5529
3 5518 3338 4879
3 6431 3386 5291
3 6431 149 5111
3 4723 5431 4258
3 6293 2162 5669
3 1866 6293 5669
3 1866 5669 5685
3 5685 5669 3655
3 3655 5940 1180
3 1180 5940 6386
3 4585 5409 1234
3 5409 4585 5940
3 5409 5940 5772
3 5772 5940 3655
3 5818 1722 1703
3 1822 6390 261
3 751 5624 3842
3 5168 4783 5689
3 5168 1590 5998
3 1221 4803 6531
3 1888 1221 6531
3 1888 6531 1398
3 752 4211 6292
3 6292 2944 6213
3 2944 6292 4211
3 6539 1593 5984
3 4591 2680 5750
3 6344 4800 3552
3 3552 4800 2232
3 2232 4800 2836
3 6344 3552 2107
3 6344 2107 4729
3 2107 3552 2232
3 288 5253 3830
3 2232 3830 5253
3 2232 5253 2107
3 2107 5253 4729
3 5746 4729 5253
3 2841 3621 5746
3 4930 2841 5746
3 4930 5746 5253
3 4930 5253 288
3 3834 5827 1772
3 3834 1772 3649
3 3397 3649 2001
3 2319 3834 3649
3 2319 3649 3397
3 6541 2319 3397
3 6541 3397 2190
3 3123 2190 3671
3 2421 3123 3671
3 5583 4265 4956
3 1400 5583 4956
3 1925 3123 2421
3 1925 2421 4047
3 1925 4047 6327
3 2668 2923 3025
3 4898 2777 2378
3 2378 2777 1949
3 2378 1949 1404
3 4450 4898 2078
3 2378 2078 4898
3 4544 4450 2078
3 4544 2078 3939
3 4544 3939 1448
3 1448 3939 6015
3 6015 3939 2170
3 1404 2170 2378
3 2378 2170 3939
3 2378 3939 2078
3 1411 4544 653
3 653 4544 1448
3 4450 4544 1637
3 4450 1637 3856
3 4450 3856 4898
3 1411 1637 4544
3 901 900 2468
3 3681 5720 3283
3 5720 2548 3283
3 5720 3681 1468
3 1468 3681 3977
3 1468 3977 725
3 3977 3681 3283
3 1129 5515 3977
3 1129 3977 3260
3 5204 1129 3260
3 1770 1520 6170
3 2569 4998 1770
3 2569 1770 6170
3 94 3540 1904
3 94 1904 5099
3 1904 3540 6484
3 1510 595 4824
3 1510 4824 1369
3 6445 4824 1508
3 6445 1508 953
3 953 3243 5207
3 3243 953 1508
3 3243 1508 1800
3 5524 4104 6329
3 5524 6329 194
3 194 6329 6305
3 6445 6305 6329
3 6445 6329 6603
3 4481 6603 6329
3 6603 4481 1399
3 5017 5043 2397
3 4191 5239 4597
3 4191 4597 744
3 744 4597 2397
3 5594 4058 3593
3 1668 3593 1227
3 1668 1227 4661
3 4661 1227 5655
3 3529 250 5403
3 2983 3191 1438
3 3191 2983 4146
3 4506 3229 2879
3 4825 6238 2879
3 2470 6238 4825
3 4961 2470 4825
3 4961 4825 4464
3 4464 4825 4728
3 4728 4825 3106
3 6238 2470 4157
3 4157 2470 2140
3 5745 1581 4157
3 5745 4157 2140
3 2933 6050 4689
3 5863 2933 4689
3 4689 6050 2611
3 2933 5863 2022
3 5863 4689 1721
3 6185 6050 2933
3 2268 2004 1279
3 6110 5367 1279
3 6110 1279 1855
3 5643 6110 1855
3 4347 5645 5643
3 4719 2026 1284
3 3702 150 3266
3 3702 3266 3887
3 2473 2626 3887
3 1220 3702 3887
3 1220 3887 2626
3 2075 2473 3887
3 4070 2473 2075
3 4070 2075 3448
3 922 727 5697
3 4936 4070 3188
3 3188 4070 560
3 560 4070 1962
3 5588 6410 5563
3 2893 5588 5256
3 6512 3692 4137
3 4137 3692 4117
3 3692 6512 1384
3 1322 6373 1706
3 4598 6373 2168
3 4598 2168 3659
3 1322 2168 6373
3 6373 4598 155
3 616 1037 3204
3 1407 4491 5214
3 4233 1407 5505
3 4233 5505 1274
3 1274 5505 4682
3 1445 4682 5505
3 6163 1425 5018
3 6163 5018 1747
3 6163 1747 5560
3 5560 1747 1556
3 3558 6163 648
3 648 6163 5560
3 648 5560 495
3 6205 6537 648
3 6205 648 495
3 648 6537 3558
3 1660 4702 5849
3 2010 5849 6205
3 6205 5849 4702
3 1660 5849 4336
3 5849 4676 4336
3 6396 224 4739
3 4739 3052 6396
3 4134 5216 6412
3 3220 5216 2123
3 2123 5216 4134
3 2123 4134 1643
3 2221 5216 3220
3 3220 2123 1247
3 2666 1247 1643
3 2666 1643 3795
3 1643 1247 2123
3 6010 1247 219
3 1247 6010 3220
3 3220 6010 5546
3 3220 5546 568
3 6518 342 6127
3 1808 4518 1475
3 1808 1475 2196
3 5413 2188 1733
3 2188 5413 2196
3 2196 5413 1808
3 773 1808 5413
3 3418 773 4943
3 4943 773 5413
3 566 3499 4943
3 566 4943 4613
3 6379 1300 3499
3 6379 3499 566
3 6379 566 2580
3 2580 566 4613
3 5815 2580 4613
3 3490 4527 687
3 3302 4527 3490
3 4337 6099 1312
3 4337 1312 6538
3 1912 1312 4429
3 4429 1312 6099
3 6288 6311 4357
3 5390 4426 4343
3 4708 5472 54
3 4708 54 2229
3 2298 2229 54
3 4581 3915 146
3 4581 146 1362
3 1195 2193 2738
3 2193 213 2738
3 2738 213 1665
3 2325 477 2568
3 4553 1566 309
3 5540 2174 4553
3 4782 4553 2174
3 1332 1566 4553
3 1332 4553 1836
3 3139 1836 4553
3 3139 4553 4782
3 2249 2307 444
3 444 5766 3012
3 4072 4700 2587
3 890 3691 2587
3 2531 4091 3740
3 2531 3740 1630
3 1630 2265 2007
3 2265 1630 3740
3 2265 3740 5235
3 4693 724 6079
3 865 4693 4173
3 4173 4693 6079
3 4173 6079 5235
3 2265 6079 388
3 388 6079 724
3 5691 865 4173
3 5691 4173 1336
3 4239 4693 865
3 4239 865 5691
3 5630 2758 6140
3 5449 1354 6406
3 5449 6406 2758
3 5449 2758 5630
3 5513 4020 5630
3 1554 5454 5513
3 1554 5513 5630
3 2465 5513 3788
3 2465 3788 1309
3 2465 1309 5356
3 5454 3788 5513
3 2915 3788 60
3 3788 5454 60
3 1309 3788 2915
3 2915 60 4879
3 4879 60 5454
3 4879 5454 5526
3 5513 643 4020
3 4020 643 5356
3 5513 2465 643
3 2465 5356 643
3 4020 5356 2595
3 2499 5356 5111
3 3695 2595 5356
3 3695 5356 2499
3 5681 3695 2499
3 823 3695 5681
3 823 5681 5349
3 5681 2499 770
3 4856 5681 211
3 211 5681 770
3 211 770 5431
3 992 3513 1421
3 1421 3513 4856
3 1421 4856 4857
3 4372 1421 4748
3 4748 1421 4857
3 6293 1866 5841
3 5841 1866 4556
3 5685 4556 1866
3 3429 4556 5685
3 2396 4400 4670
3 6386 6012 4670
3 2396 4670 6012
3 2396 6012 5998
3 3212 4331 3712
3 3712 4331 3417
3 3712 3417 2109
3 6485 3712 5168
3 6485 5168 6012
3 5998 6012 5168
3 4783 5168 3712
3 6386 6485 6012
3 2209 4400 4730
3 4730 4400 2396
3 4730 2396 4229
3 4730 4229 6442
3 6531 6442 4229
3 4531 6442 6531
3 3268 1916 4817
3 1916 3268 5499
3 5499 3268 4341
3 6258 4817 1916
3 6258 1916 757
3 757 1916 2593
3 2593 1916 5499
3 1690 5773 4103
3 1810 1690 2593
3 2593 1690 757
3 757 1690 4103
3 757 4103 2797
3 4475 5705 1690
3 1810 4475 1690
3 1690 5705 5773
3 6539 1293 821
3 942 5705 821
3 942 821 1293
3 942 1293 5139
3 5139 1293 4330
3 5705 6539 821
3 4330 1293 6539
3 6545 942 5139
3 1198 6545 5139
3 1198 5139 4026
3 1198 4026 5445
3 3673 5954 2515
3 1463 3673 1893
3 4808 1463 2289
3 4808 2289 3407
3 2289 1463 1893
3 6349 3407 505
3 505 3407 2289
3 3434 6349 505
3 3434 505 4591
3 4591 505 2289
3 4591 2289 2234
3 2234 2680 4591
3 610 2027 3263
3 2732 5311 5930
3 2732 5930 5192
3 5930 1723 3263
3 1723 5930 5311
3 5192 5930 6344
3 6344 1479 5192
3 4800 6344 5930
3 1479 6344 4729
3 5746 1479 4729
3 482 5311 2732
3 482 2732 3870
3 3870 2732 5827
3 1879 6035 1094
3 3123 5770 2190
3 6327 381 5770
3 6327 5770 1925
3 1925 5770 3123
3 2706 6467 5720
3 2706 5720 1468
3 4571 6467 2706
3 4571 2706 4934
3 4934 2706 2604
3 2604 2706 1468
3 725 2604 1468
3 1770 4998 5515
3 1770 5515 1520
3 6002 6247 3769
3 6247 354 5099
3 354 6247 6002
3 354 6002 2288
3 6484 3769 6247
3 1904 6484 6247
3 1904 6247 5099
3 2575 4972 6602
3 4611 5352 53
3 4611 53 2152
3 3536 3607 1597
3 3206 3607 4532
3 4532 3607 3536
3 3536 2021 3813
3 2021 3536 1597
3 1597 3607 5352
3 53 5352 3607
3 53 3607 3206
3 18 4741 2021
3 18 2021 3947
3 3947 2021 1597
3 3947 1597 5352
3 5254 266 4524
3 4661 4406 5254
3 5254 4524 4661
3 3803 4406 5655
3 5655 4406 4661
3 6357 5254 5585
3 5585 5254 3
3 5585 3 3958
3 3958 3 4406
3 4406 3 5254
3 2313 5585 162
3 162 5585 3958
3 4157 2313 6238
3 6238 2313 162
3 6238 162 3958
3 5585 2562 2611
3 5585 2611 6050
3 4689 2611 2562
3 1721 2562 2313
3 2313 2562 5585
3 4689 2562 1721
3 4974 4083 5195
3 6020 3717 755
3 583 2897 1950
3 1950 6110 583
3 2897 583 5645
3 5645 583 5643
3 5643 583 6110
3 5367 6110 1950
3 3648 629 3640
3 2000 4949 2544
3 2544 1428 1871
3 2544 1220 1428
3 1428 1220 2626
3 526 1428 2626
3 526 2626 4936
3 808 276 4315
3 4293 276 808
3 5200 808 2570
3 2570 808 4315
3 4315 276 5557
3 4293 808 5200
3 3021 6274 650
3 6274 3021 2076
3 3021 650 2258
3 5200 2258 650
3 5200 6410 2258
3 5200 650 4293
3 4293 650 6274
3 3021 1679 2076
3 107 1679 3021
3 107 3021 641
3 3409 1679 107
3 3409 107 5934
3 5934 107 641
3 5934 641 4705
3 4705 641 2258
3 3021 2258 641
3 5588 4705 2258
3 4213 5934 4705
3 4213 4705 2893
3 2893 4705 5588
3 2449 3864 5832
3 5832 3864 4213
3 1641 5832 3963
3 1641 2449 5832
3 2422 3864 2449
3 2893 5832 4213
3 4213 3864 2422
3 6519 3963 5068
3 485 5084 5665
3 6512 4747 1384
3 4535 1886 4137
3 4137 1886 3780
3 3210 4535 5423
3 4352 5058 3141
3 4457 4352 1635
3 1487 4479 361
3 1487 361 4132
3 2228 361 4479
3 5267 1065 2228
3 5267 2228 6021
3 6021 2228 1735
3 3446 5124 1274
3 3446 4369 5711
3 4369 3446 4682
3 4682 3446 1274
3 4556 5711 4369
3 5841 4556 4369
3 5841 3174 6293
3 6398 4562 5150
3 6398 5150 6559
3 6559 5150 4552
3 6161 6398 6559
3 6161 6559 6537
3 6537 6559 3558
3 602 6537 4702
3 4702 6537 6205
3 602 5763 5368
3 5368 5763 448
3 4380 5763 602
3 4756 5763 630
3 4756 630 4336
3 4336 630 1660
3 1660 630 4380
3 4380 630 5763
3 5400 4336 4676
3 4756 4336 5400
3 4756 5400 4911
3 6377 1818 4911
3 6377 4911 6396
3 6396 4911 224
3 5933 1818 6377
3 3178 5933 6377
3 3528 3178 6377
3 6023 5316 3051
3 5031 5004 6023
3 5031 6023 6044
3 5031 6044 5420
3 4908 1601 2454
3 4908 2454 5546
3 5795 6518 6127
3 5795 6127 1837
3 3838 4045 5642
3 3838 5642 355
3 3838 355 1427
3 773 3418 2521
3 773 2521 1808
3 1808 2521 4518
3 3658 4996 4122
3 4122 4996 6379
3 2648 4122 2496
3 2496 4122 5722
3 4122 6379 5722
3 4060 2496 5722
3 2648 3658 4122
3 2648 2496 466
3 466 2496 4060
3 1995 599 5898
3 5633 1995 5898
3 2296 4543 1419
3 2296 1419 1862
3 1862 1419 1539
3 6288 4357 2296
3 6212 3377 4787
3 5472 6212 2095
3 4944 3377 4708
3 4708 3377 6212
3 4708 6212 5472
3 3169 1821 2219
3 2325 1580 477
3 477 1580 3881
3 4276 3203 5531
3 5181 426 4276
3 4276 5531 5181
3 5153 5181 5531
3 5181 5153 5122
3 4487 4924 4062
3 4487 4062 6029
3 2483 4924 98
3 4362 2483 5382
3 2483 98 5382
3 3139 5382 98
3 3139 98 4924
3 4062 4924 2483
3 5296 2483 4362
3 5296 4362 5162
3 5162 4362 3367
3 3367 4362 5382
3 1431 5474 110
3 3918 110 5474
3 5756 1431 110
3 5756 110 2531
3 2531 110 3918
3 1431 5756 2733
3 2285 2733 5756
3 4789 1055 2979
3 4789 2979 3115
3 5324 3115 2979
3 3205 1502 5776
3 2146 4366 6406
3 5776 4366 2146
3 2758 6406 3752
3 2758 3752 6140
3 6140 3752 4789
3 1451 3752 4366
3 4366 3752 6406
3 6140 4789 3115
3 4789 3752 1451
3 2303 5007 5255
3 2303 5255 1006
3 2303 1006 4399
3 4298 5255 264
3 4298 264 2647
3 1518 264 5255
3 1518 5255 5007
3 4001 4399 5554
3 5554 5255 4298
3 5554 4298 5462
3 1006 5255 5554
3 1006 5554 4399
3 2730 5006 5081
3 2730 5081 3922
3 1430 6595 5006
3 4589 5006 2087
3 4748 4589 4372
3 4372 4589 2087
3 5267 5333 4562
3 4562 5333 5150
3 3017 167 6376
3 3017 6376 5348
3 1776 5348 5231
3 1776 5231 5842
3 5124 5231 5348
3 5711 3976 5231
3 3446 5711 5231
3 3446 5231 5124
3 5305 3976 6279
3 5305 6279 2914
3 6258 2797 6461
3 6258 6461 3426
3 3426 6461 4978
3 6111 3426 2863
3 6111 2863 5422
3 2863 3426 2119
3 5422 2439 2606
3 2863 2439 5422
3 6442 2606 4730
3 2863 2119 2439
3 2439 2119 4730
3 2439 4730 2606
3 5499 4341 4531
3 1313 4531 4341
3 4531 4948 6442
3 1869 6120 4633
3 1869 4633 1264
3 1869 1264 3541
3 3541 1264 3268
3 3541 3268 4817
3 4341 1264 4633
3 1869 3541 5057
3 1869 5057 2137
3 5879 2137 5057
3 6120 1869 2137
3 4817 5057 3541
3 5057 4817 6111
3 5057 6111 5879
3 5422 5879 6111
3 6120 2137 5615
3 1381 5615 5879
3 5879 5615 2137
3 4792 4103 3882
3 4103 4792 2797
3 2797 4792 6461
3 6461 4792 6229
3 6229 4792 108
3 6229 108 4545
3 4545 108 3882
3 4792 3882 108
3 5393 1198 5445
3 1198 5393 6545
3 3476 4773 5249
3 2710 2121 4773
3 4818 2159 5541
3 4818 5541 6211
3 6211 5541 6552
3 826 5541 2710
3 2710 5541 2159
3 5134 6552 1045
3 1045 6552 2850
3 1045 2850 4109
3 1803 4768 5134
3 1803 5143 8
3 8 5143 1463
3 1045 5143 1803
3 1045 1803 5134
3 3673 1463 5143
3 3673 5143 5954
3 8 1463 4808
3 8 4808 1803
3 1803 4808 4768
3 4768 4808 3407
3 6349 4768 3407
3 3936 4838 6174
3 4303 552 4234
3 2467 12 4303
3 5638 4339 6397
3 6397 4587 948
3 6541 4587 6397
3 4587 6541 1627
3 4587 1627 6232
3 5102 6232 1627
3 5102 1627 226
3 5102 226 5024
3 226 1627 6541
3 2430 864 5914
3 5024 864 5102
3 5102 864 2430
3 5616 4851 5914
3 5616 5914 1525
3 1525 5914 864
3 1525 864 5024
3 5616 1525 4044
3 2300 5616 2538
3 2538 5616 4044
3 2538 4044 6467
3 2538 6467 4571
3 2538 4571 2300
3 2300 4571 3133
3 4934 3133 4571
3 3388 3133 4934
3 6169 6255 5646
3 1964 6255 2288
3 3769 2351 6002
3 2261 5671 709
3 5671 2261 5576
3 5671 5576 3813
3 3370 5604 2746
3 1038 5208 2383
3 1038 2383 2266
3 1038 2266 2299
3 4253 2516 3839
3 4253 3839 2952
3 5195 6422 4974
3 6422 2989 4974
3 2331 5354 187
3 3717 6347 3350
3 1281 3914 3828
3 3336 1281 6517
3 6517 1281 3828
3 4953 3914 1281
3 4953 1281 5565
3 2570 4315 526
3 526 4315 1428
3 1428 4315 5528
3 1428 5528 1871
3 5976 6274 4381
3 2076 4381 6274
3 2690 2809 1633
3 5739 2523 1633
3 5739 1633 2809
3 2809 2690 4954
3 2690 1633 5934
3 5084 1239 5665
3 5665 1239 2449
3 2449 1641 5665
3 2422 2449 1239
3 2422 1239 2690
3 2690 1239 5084
3 5641 5215 5739
3 4342 5739 5215
3 3542 5641 5739
3 2809 3542 5739
3 4790 5641 3542
3 4790 3542 2200
3 3954 5974 4038
3 3469 4038 5974
3 3469 5974 3784
3 6440 652 3784
3 1895 6440 417
3 5127 417 6241
3 5058 1806 2864
3 4352 4470 5058
3 4470 4352 812
3 812 4352 4457
3 5392 812 4457
3 2957 5392 2417
3 3587 2417 896
3 896 2417 6331
3 6331 2417 1215
3 1215 2417 5392
3 6331 1215 6136
3 6136 1215 1487
3 6136 1487 4068
3 6581 6331 2918
3 6171 6581 2918
3 6589 2918 6136
3 6581 6171 5838
3 6171 2918 6589
3 4653 5838 6171
3 3432 3147 4919
3 4919 3147 6178
3 3147 6171 6178
3 3432 4653 3147
3 375 4919 6178
3 6171 3147 4653
3 819 375 4602
3 5596 819 4602
3 375 6178 4602
3 4919 375 819
3 4919 819 5596
3 6100 4590 1065
3 6398 6100 4562
3 4177 5368 448
3 4590 4177 4517
3 4517 4177 4364
3 5149 4517 4364
3 3178 5980 5933
3 5980 3178 5943
3 3069 267 5943
3 3069 5943 715
3 715 5943 1060
3 6546 1060 6395
3 6023 5112 1662
3 6023 1662 5316
3 5986 2830 5112
3 6362 2830 5986
3 1325 6362 911
3 911 6362 5986
3 968 1325 911
3 3544 5986 1685
3 3544 1685 1169
3 3544 1169 2037
3 911 3544 968
3 5004 1169 1685
3 5986 3544 911
3 4256 3154 5004
3 4256 5004 5031
3 1863 3078 3544
3 5923 1863 2037
3 2037 1863 3544
3 4170 1439 2108
3 4170 2108 5126
3 6324 3362 1601
3 6324 1601 4908
3 6354 3362 6324
3 5795 6354 6324
3 5795 6324 6518
3 6518 6324 4908
3 3455 6354 3193
3 4647 3193 6354
3 3193 5096 3455
3 5096 3193 6118
3 6118 3193 4045
3 6184 2392 2066
3 5179 2788 816
3 816 2788 2066
3 5179 816 3838
3 5708 2839 2171
3 5708 2171 3054
3 1509 3320 5566
3 4996 1316 1177
3 1177 1316 5566
3 5566 1316 1509
3 248 3506 1699
3 248 1699 3311
3 228 3311 1699
3 3224 6426 1480
3 1647 4358 4574
3 1647 5633 6181
3 6181 5633 1539
3 5633 1647 4574
3 4371 1379 6181
3 6181 4278 4371
3 161 4493 6212
3 161 6212 4787
3 6212 4493 4543
3 5292 161 4787
3 161 5292 4493
3 4493 5292 4371
3 4493 4371 4278
3 1595 5873 2688
3 5292 2688 5873
3 5548 1595 756
3 2358 1595 5548
3 2688 756 1595
3 5548 507 6206
3 507 756 986
3 756 507 5548
3 4447 5222 6206
3 849 5122 3169
3 5181 5122 849
3 5635 6301 3713
3 5635 4487 6029
3 5635 6029 6534
3 4487 3713 5122
3 4924 4487 5122
3 4220 1431 2733
3 4220 2733 2459
3 2459 2733 2285
3 2459 2285 3449
3 5039 4220 318
3 318 4220 2459
3 318 2459 4473
3 4473 2459 804
3 2459 2395 804
3 3205 2395 1502
3 5667 5668 5036
3 5667 928 5668
3 4180 1816 928
3 5667 4180 928
3 5776 4180 5667
3 2303 4399 4658
3 1268 1773 5807
3 1268 5807 4001
3 4001 5807 5834
3 1947 5462 4285
3 4154 1947 4285
3 1947 4154 5094
3 1874 5094 4154
3 1874 4154 3994
3 6337 2585 5751
3 2088 2585 6337
3 2767 6337 5751
3 2767 5751 1430
3 2767 4704 6337
3 2236 4704 2730
3 5006 2730 2767
3 5006 2767 1430
3 2767 2730 4704
3 1756 5100 4
3 6256 1756 4
3 6256 4 6331
3 6331 4 5100
3 6331 5100 5918
3 5100 1756 5081
3 5006 5918 5100
3 5006 5100 5081
3 2918 504 908
3 6136 2918 908
3 5918 112 6331
3 6331 112 2918
3 2918 112 504
3 5347 6136 908
3 908 504 4589
3 5918 4589 504
3 5918 504 112
3 4748 5347 908
3 4748 908 4589
3 6256 6136 5347
3 6256 6331 6136
3 4997 6256 5347
3 2461 4997 5347
3 4145 3292 1506
3 4145 1506 5842
3 1506 3292 3017
3 5348 1776 1506
3 5348 1506 3017
3 1506 1776 5842
3 2762 3589 4145
3 2762 4145 1014
3 2916 3589 2762
3 5842 1014 4145
3 4145 3589 3292
3 6229 4545 2762
3 6229 2762 1014
3 6229 1014 1796
3 6229 1796 5305
3 5965 5393 3033
3 5393 5965 3534
3 5178 5908 5012
3 5012 5908 5883
3 5012 5883 6157
3 4763 1386 6476
3 4763 6476 1555
3 5699 1555 6476
3 5699 6157 5249
3 2710 2159 5699
3 2710 5699 2121
3 1097 5155 3934
3 2263 4818 6211
3 6552 2032 6211
3 6552 5134 4965
3 251 1305 3948
3 3619 649 3279
3 6174 4838 6597
3 6597 4838 3619
3 3097 1907 537
3 4404 2006 5093
3 5093 2006 6263
3 6263 2006 4777
3 6263 4777 299
3 2006 4404 4478
3 186 299 4777
3 4777 2006 4478
3 5276 2374 4093
3 5276 4093 3086
3 5276 3086 6260
3 1258 6260 3086
3 2467 5650 12
3 6543 5638 6232
3 948 4587 6232
3 948 6232 5638
3 5581 6543 6232
3 4851 2216 6543
3 6543 2216 3906
3 5914 6543 2430
3 5581 2430 6543
3 6543 5914 4851
3 6187 290 1897
3 6187 5227 6226
3 6226 6169 4726
3 6226 4726 6187
3 1676 4726 4196
3 4196 4726 6169
3 5913 4445 1676
3 5913 1676 4196
3 4482 3956 4442
3 2138 4442 3070
3 5787 2138 3070
3 5787 3070 481
3 1910 5787 481
3 4171 1910 5369
3 5369 1910 1999
3 5604 5369 1999
3 3370 2398 5604
3 5604 2398 5369
3 4477 4171 3221
3 3221 2398 3370
3 2398 3221 4171
3 2398 4171 5369
3 2393 4477 3221
3 4928 2393 1054
3 3221 1054 2393
3 2463 171 5208
3 4253 3365 1038
3 5208 1038 3365
3 4253 1038 2299
3 5354 4328 5195
3 5195 4328 6422
3 6423 6422 4328
3 6423 4328 3707
3 6423 3707 1380
3 4916 3707 305
3 305 3707 5354
3 5354 3707 4328
3 2098 1380 4916
3 4916 1380 3707
3 1829 2098 4916
3 1856 1829 4916
3 443 2205 27
3 443 27 4866
3 5679 4866 27
3 5679 27 3890
3 5679 3890 3828
3 3202 4866 5679
3 6517 3828 3890
3 6517 3890 2205
3 2205 3890 27
3 5335 2056 6240
3 6240 2056 4317
3 2034 6014 5465
3 6080 998 5641
3 1219 405 6080
3 1219 6080 3318
3 3318 783 2785
3 783 3318 6080
3 5874 783 3650
3 3650 783 4790
3 5657 3650 4790
3 2200 5657 4790
3 4232 5138 5041
3 5790 2646 4826
3 696 2793 5790
3 696 5790 4826
3 6036 4826 1212
3 1212 4826 2646
3 696 6036 4886
3 4826 6036 696
3 957 3469 6036
3 1011 2696 5631
3 1011 5631 36
3 36 5631 191
3 1961 191 5631
3 5464 1961 2560
3 1961 5631 2596
3 1254 2560 1961
3 1254 1961 3316
3 3316 1961 2596
3 2353 3316 2596
3 2596 5127 3136
3 2596 3136 2353
3 4470 1476 5058
3 5058 1476 1806
3 1663 2560 2957
3 1663 3587 4922
3 3587 1663 2957
3 1254 2957 2560
3 3624 4922 3587
3 2957 2417 3587
3 1340 5928 3624
3 1340 3624 71
3 71 3624 3251
3 717 5652 5110
3 2320 4966 717
3 4966 2902 5652
3 1607 4966 2320
3 2320 5110 5838
3 5110 2320 717
3 5652 717 4966
3 3730 4966 2949
3 2949 1607 4355
3 4355 1607 2320
3 4355 2320 5838
3 1607 2949 4966
3 175 2949 4355
3 5300 2949 175
3 5300 175 5979
3 5979 175 4355
3 1228 5979 4418
3 1228 4418 2145
3 4919 5596 3432
3 3432 5596 4418
3 3432 4418 4653
3 1228 2145 5037
3 4523 962 6444
3 4523 6444 4718
3 4718 6444 5149
3 295 6444 962
3 4602 5149 6444
3 4602 6444 295
3 6098 4718 5149
3 4523 5980 5383
3 5980 4523 4718
3 5980 4718 6098
3 1459 6470 5037
3 6470 1459 5383
3 5072 6470 2471
3 5072 2471 904
3 2471 3069 904
3 5320 4735 6546
3 842 5088 2618
3 842 2618 6335
3 842 6335 5203
3 1882 5194 5320
3 5320 5194 2618
3 6335 2618 5194
3 570 4626 6335
3 3122 4626 570
3 570 6335 5194
3 3122 570 6362
3 2830 6362 570
3 2830 570 5194
3 2830 5194 5112
3 805 6335 4626
3 805 4626 4034
3 3122 6362 4034
3 3122 4034 4626
3 2659 4034 2959
3 2659 805 4034
3 4179 2659 2959
3 6022 2959 1325
3 6022 5338 2959
3 5573 1656 2002
3 5573 2002 2578
3 2578 3554 3521
3 3554 2578 2002
3 1911 3521 3554
3 1911 3554 5059
3 2670 5059 1439
3 2670 1439 4170
3 6248 5096 6118
3 3455 5096 2670
3 2670 5096 6248
3 363 5345 1344
3 1344 5345 5530
3 5530 5896 5019
3 5019 6184 5530
3 3029 2788 2839
3 3029 1576 2788
3 2986 2788 1576
3 1033 1576 5708
3 5708 1576 3029
3 6416 1033 5708
3 5708 3029 2839
3 1576 1033 3145
3 5590 6403 1814
3 6403 5590 6416
3 6190 1814 6403
3 3900 3022 6403
3 3900 6403 438
3 5566 3084 3900
3 5566 3900 3054
3 5566 3054 2171
3 5172 3022 4323
3 1686 4226 3543
3 1686 3543 2407
3 619 4226 5377
3 5213 6499 6438
3 6499 5213 4377
3 6499 4377 5873
3 5837 6499 2085
3 4870 4269 2358
3 2358 4269 177
3 2358 177 1595
3 1595 177 2085
3 4447 2895 5222
3 2267 4831 6301
3 6417 4831 2267
3 6417 2267 5635
3 6417 5635 6135
3 6135 5635 6534
3 5635 2267 6301
3 3121 2643 255
3 255 2643 4657
3 5520 6378 318
3 5520 318 4473
3 804 4288 4473
3 3706 4223 4501
3 4501 4223 5109
3 4501 5109 5668
3 5109 4223 1940
3 3585 3706 4896
3 4896 3706 4501
3 4896 4501 5668
3 1727 4896 5668
3 5309 3585 6573
3 5309 6573 2478
3 6313 2478 3991
3 4009 6313 3991
3 1816 4667 379
3 6318 4667 4180
3 4180 4667 1816
3 4990 1187 3100
3 3100 1187 4360
3 721 4990 3100
3 5807 3100 4360
3 487 5632 2446
3 487 2446 4222
3 860 3124 1268
3 1268 3124 1773
3 3010 1874 3994
3 1874 3010 459
3 5365 435 4238
3 5365 4238 2924
3 4238 435 3010
3 4238 3010 3994
3 2924 4238 5912
3 2073 3990 3564
3 4238 2073 3564
3 4238 3564 5912
3 2088 5688 3473
3 4697 5688 2088
3 3356 5688 4697
3 4516 6197 1489
3 4401 2403 6270
3 3127 1091 4835
3 1091 3127 1632
3 2916 4835 1091
3 6125 1091 1632
3 1091 6125 3589
3 1091 3589 2916
3 3942 3632 3127
3 3942 3127 4835
3 5965 3942 4835
3 5178 3942 5908
3 5586 3581 2742
3 5586 2742 1232
3 5586 1232 1386
3 6476 1386 1232
3 6476 1232 5012
3 6476 5012 6157
3 2742 5012 1232
3 1758 5586 1386
3 5586 1758 5993
3 5792 1758 4763
3 4763 1758 1386
3 3841 5792 3107
3 3107 4662 244
3 2750 5792 3841
3 3841 3107 244
3 3684 2750 3841
3 3684 3841 6480
3 6480 3841 244
3 4071 6480 3113
3 3113 6480 6585
3 5721 4071 2747
3 2747 4071 3113
3 4071 5721 6351
3 5344 3113 6585
3 5344 2747 3113
3 6041 714 4365
3 2003 1345 503
3 2003 503 6506
3 6506 503 3862
3 6211 3862 503
3 6211 503 2263
3 2263 503 1345
3 3315 6506 3862
3 251 2846 1305
3 3059 6316 2354
3 3059 3097 4671
3 3097 3059 2354
3 4036 4252 576
3 576 4252 3011
3 6482 576 3011
3 3011 6147 6482
3 4668 4036 576
3 4668 576 6482
3 4671 6147 3011
3 3011 4252 4578
3 4036 2240 4252
3 232 6263 3342
3 5049 3988 4458
3 5049 4458 824
3 5049 824 4757
3 1505 4757 824
3 1505 824 106
3 106 824 427
3 427 824 4458
3 4778 5822 935
3 2968 4778 935
3 2968 935 5276
3 5276 935 2374
3 2374 935 5822
3 6260 2968 5276
3 3927 2505 4344
3 5911 5660 2505
3 2505 5660 4344
3 3172 4630 4010
3 4726 1676 6187
3 1173 4445 5913
3 1173 5913 2920
3 4477 2920 40
3 5787 40 2920
3 5787 2920 5913
3 1278 5787 5913
3 4171 4477 40
3 4171 40 1910
3 1910 40 5787
3 4445 1173 2013
3 2013 1173 2419
3 2419 1173 2541
3 2541 2920 4477
3 2920 2541 1173
3 2013 2419 5758
3 5758 2419 2541
3 5758 2541 1080
3 5758 1080 4277
3 171 2463 5747
3 6571 6198 6553
3 6571 6423 5411
3 6423 6571 6553
3 6423 6553 6422
3 1393 6198 6571
3 5064 5782 4519
3 4519 5782 2472
3 2046 2472 5782
3 5502 4519 2472
3 4847 4519 5502
3 3734 2106 5601
3 2735 3734 580
3 580 3734 3746
3 3734 5601 3746
3 5601 4847 3746
3 5871 580 3746
3 4847 5502 3746
3 2106 3734 5850
3 2735 5850 3734
3 2735 580 5871
3 5502 5871 3746
3 5601 5264 4847
3 5738 3909 5871
3 3179 2735 3909
3 3179 3909 2771
3 2771 3909 5738
3 2735 5871 3909
3 2962 3381 5871
3 3381 5738 5871
3 2771 5738 396
3 396 5738 3381
3 2047 2771 396
3 396 6032 2047
3 5009 6032 396
3 5009 396 3381
3 443 6032 5009
3 2016 2337 1241
3 6240 3785 5335
3 4752 558 4316
3 2125 5288 558
3 2125 558 869
3 869 558 4752
3 5288 4316 558
3 1720 4752 4811
3 1720 4811 1339
3 4811 4752 4316
3 6014 4947 4316
3 4811 4316 4947
3 6310 1640 1687
3 5670 6310 608
3 5670 608 5073
3 5073 608 6310
3 5073 6310 3278
3 1453 5073 3278
3 1600 4414 323
3 5946 3068 3215
3 1563 3215 3068
3 3068 5946 3380
3 3318 1582 1219
3 1582 5946 1219
3 4172 1219 5946
3 3380 5946 4129
3 4129 5946 1582
3 3223 2509 3042
3 4701 3502 5874
3 3492 4827 3138
3 4935 3138 4827
3 193 4935 5790
3 193 5790 2930
3 5993 1928 4886
3 36 2191 3435
3 36 3435 1011
3 2545 1113 3435
3 3435 1113 1011
3 5993 2502 1928
3 3138 4935 3684
3 3138 3684 2815
3 3684 4935 2750
3 3032 5597 2815
3 3032 2815 3684
3 6480 3032 3684
3 5398 2812 1473
3 5398 1473 6351
3 1589 1450 6115
3 4299 1589 5781
3 6115 5781 1589
3 1589 5721 579
3 1450 579 4365
3 5344 4365 579
3 5344 579 2747
3 2747 579 5721
3 579 1450 1589
3 5781 6115 4486
3 6506 5451 2003
3 2003 5451 2953
3 1315 1754 3422
3 1315 3422 62
3 5503 6316 62
3 6506 3315 84
3 6506 2069 5451
3 2069 6506 470
3 84 470 6506
3 3539 1128 2069
3 3539 2069 470
3 2564 3539 2240
3 2240 3539 885
3 4036 3180 2240
3 4668 1394 3180
3 4668 3180 4036
3 2375 5049 4757
3 2375 4757 6045
3 3871 6045 5822
3 920 1779 4778
3 920 4778 2968
3 4778 1779 4608
3 5828 4778 4608
3 462 2230 4608
3 462 4608 640
3 4608 1779 640
3 640 1779 4695
3 574 462 640
3 574 640 3308
3 640 4695 3308
3 2230 462 6199
3 6199 462 574
3 6199 574 6095
3 6095 574 3308
3 6095 3308 4786
3 4786 3308 4695
3 920 4695 1779
3 5284 4786 4695
3 5660 5911 5284
3 5660 5284 6260
3 4043 4105 1689
3 5939 4043 456
3 5939 456 5758
3 5939 5758 3149
3 456 4043 1689
3 1130 4266 6570
3 4320 6570 4188
3 6571 4320 1393
3 2347 4268 4266
3 4268 2347 5064
3 5064 2347 5782
3 4847 5264 5064
3 4847 5064 4519
3 5264 6449 5064
3 4555 6449 5264
3 2390 2623 3612
3 2623 2390 4555
3 5850 3612 2623
3 4555 5601 2106
3 4555 2106 2623
3 2623 2106 5850
3 5140 5926 5850
3 1564 1405 3179
3 3179 1405 5140
3 4986 2125 6159
3 2125 4986 4373
3 869 6159 2125
3 3602 3667 4414
3 3602 4414 1600
3 4414 3667 4116
3 6459 3618 3602
3 6459 3602 5351
3 6459 5351 6043
3 6579 5439 5351
3 1563 6579 5351
3 5351 5439 6451
3 2908 3068 3380
3 1563 3068 6579
3 2009 3530 2509
3 2009 2509 3223
3 2009 3223 4181
3 1478 3530 2009
3 6220 1478 2009
3 4181 6220 2009
3 6220 4181 2712
3 2402 1702 1671
3 1671 5574 2402
3 1702 6003 3464
3 2402 6003 1702
3 4307 6003 78
3 78 6003 2751
3 2751 6003 3322
3 1482 2751 501
3 3492 501 2751
3 3492 2751 3322
3 2815 3492 3138
3 5533 5395 1957
3 3796 5533 1957
3 959 3796 1957
3 4299 2736 5762
3 2508 5870 1891
3 1891 5870 3820
3 5378 2508 1891
3 5378 1891 1833
3 1833 1891 3820
3 1833 3820 4486
3 1417 5378 3182
3 1417 3182 5061
3 3182 1833 4486
3 1833 3182 5378
3 5061 6115 2995
3 3182 4486 6115
3 3182 6115 5061
3 3414 5061 2458
3 3960 4275 1128
3 1128 4275 2069
3 5156 2128 796
3 5156 2717 3405
3 2717 5156 796
3 3241 3044 5156
3 2292 3241 2274
3 2274 3241 5156
3 2274 5156 3514
3 1791 6039 5049
3 1791 5049 2375
3 2375 2096 5402
3 2375 5402 1791
3 2083 5402 2096
3 4798 3790 1154
3 3940 2206 3790
3 3790 4798 3940
3 3940 4798 198
3 5571 5939 3149
3 6570 6095 5571
3 6199 6095 6570
3 5301 5828 5177
3 5301 5177 1226
3 4862 5301 1240
3 5301 4862 5539
3 4650 1540 4476
3 6505 1567 977
3 6505 977 4872
3 1405 5159 5140
3 2741 6505 4872
3 125 4986 6159
3 2741 1547 125
3 2741 125 5458
3 5456 5458 6236
3 4023 6236 2739
3 6459 4195 4023
3 6459 4023 1248
3 6451 5439 2386
3 2386 4853 6451
3 2115 1477 2428
3 2428 1477 4427
3 2874 168 2115
3 2874 2115 2428
3 3081 1991 5572
3 6526 4359 3081
3 4359 3920 1991
3 6220 6526 3081
3 6220 3081 5572
3 3081 4359 1991
3 2712 4176 6220
3 6526 321 2651
3 6526 2651 43
3 43 2651 2772
3 43 2772 4174
3 180 1078 5533
3 5533 1078 2772
3 5533 2772 5395
3 3438 4807 4115
3 3438 4115 5419
3 5797 3438 5419
3 4913 4402 5995
3 1417 5061 6154
3 1417 6154 5378
3 5378 6154 2508
3 6154 5061 3414
3 2423 6154 3358
3 2423 3358 3319
3 2083 5592 5402
3 4864 5402 5592
3 5402 4864 1791
3 2947 3722 2434
3 1495 2434 3722
3 3722 2947 6594
3 5732 2947 2434
3 1166 2947 4030
3 854 1166 4030
3 4862 2612 2206
3 4862 2206 3940
3 4862 3940 5539
3 3794 6580 5740
3 3794 5740 6117
3 349 1786 5740
3 349 2412 1786
3 349 5740 1138
3 1138 5740 79
3 117 349 1138
3 117 1138 6505
3 3396 6040 117
3 3396 117 6505
3 3396 6505 5456
3 349 117 6040
3 4413 3428 6341
3 3020 949 335
3 335 949 1150
3 1150 949 915
3 915 949 4413
3 4413 949 3020
3 915 6004 4828
3 6004 915 6341
3 915 4828 1150
3 1053 4828 6004
3 1053 6004 6244
3 6244 6004 6341
3 168 3372 4595
3 4595 3372 6244
3 2115 168 4595
3 2115 4595 1477
3 4427 1477 1470
3 1470 1477 4595
3 1470 4595 4853
3 5678 3497 3398
3 4799 1131 3623
3 3623 1131 3497
3 3623 3497 5866
3 5434 2420 2543
3 2543 2420 4359
3 43 2543 6526
3 5434 2543 4174
3 4174 2543 43
3 4359 6526 2543
3 3438 3930 4807
3 4807 3930 5959
3 3680 3921 2610
3 611 2610 3921
3 611 3921 5797
3 6456 5259 611
3 5733 6456 429
3 429 6456 5797
3 5797 6456 611
3 1095 5945 3481
3 1095 3481 4960
3 5700 2840 5995
3 1095 2840 5945
3 3597 5700 1858
3 3597 1858 2878
3 2816 2963 5945
3 2816 5945 3597
3 2840 5700 3597
3 2840 3597 5945
3 2878 2816 3597
3 6154 2423 4218
3 6154 4218 2202
3 3722 4772 4218
3 4772 3722 6594
3 3722 4218 1495
3 3794 6117 5801
3 3020 6460 4982
3 1553 4564 4772
3 1233 5364 3724
3 4673 4666 4819
3 4673 4819 5218
3 2705 497 6078
3 2705 6078 567
3 2705 567 2286
3 5046 2286 567
3 5046 567 6078
3 5046 6078 850
3 850 3093 5132
3 3093 850 4799
3 2800 5147 1774
3 5132 3817 1774
3 5132 1774 5011
3 5011 1774 5147
3 1774 3817 2654
3 1774 2654 5197
3 1774 5197 2800
3 82 2654 1698
3 82 1698 3538
3 1698 2654 3817
3 1692 1513 6554
3 3786 1692 6554
3 5327 3786 1218
3 3955 5327 5259
3 3955 5259 1388
3 3724 6456 1233
3 1233 6456 5733
3 5259 6456 3724
3 2339 2260 5275
3 2260 2339 944
3 4074 5275 339
3 339 5275 2260
3 1081 4074 339
3 2705 339 2260
3 2705 2260 3647
3 5046 5412 2286
3 5999 5412 5147
3 5999 5147 2800
3 5861 369 5999
3 5197 1449 3836
3 2533 1449 5197
3 2533 5197 818
3 4855 5725 5981
3 6554 4855 5981
3 5981 3571 6554
3 2854 2475 1513
3 3091 1692 3786
3 2854 1692 3091
3 1692 2854 1513
3 2494 5107 3955
3 2494 3955 2424
3 1388 4193 3955
3 5107 2494 4207
3 2518 4207 2339
3 2518 2339 6150
3 5275 6150 2339
3 954 4812 3889
3 5907 4100 190
3 4110 2492 304
3 1777 4110 304
3 4680 1125 5861
3 5725 4855 1579
3 6237 3495 1523
3 4512 6237 1523
3 5331 2820 3738
3 2555 3083 2117
3 2555 2117 6057
3 6237 1655 2555
3 6237 2555 3495
3 4187 1130 1042
3 4187 1042 4320
3 2347 4266 1130
3 2347 1130 4187
3 2347 4187 5782
3 5782 4187 6571
3 6570 4320 1042
3 6570 1042 1130
3 6571 4187 4320
3 4947 6306 5670
3 4947 5670 4811
3 4811 5670 703
3 4458 1394 5023
3 1394 4668 5023
3 5023 6482 858
3 6482 1367 858
3 6482 6147 1367
3 5023 858 1367
3 6263 775 1367
3 6263 1367 5093
3 5093 1367 6147
3 6482 5023 4668
3 4458 5023 775
3 775 5023 1367
3 3059 4671 3011
3 3059 3011 6316
3 4578 6316 3011
3 1961 5464 191
3 1663 4922 4244
3 1663 4244 2560
3 4434 6333 1609
3 5714 1769 2737
3 2737 1769 3730
3 2902 1769 4900
3 4900 1769 5714
3 4900 5714 3500
3 4966 1769 2902
3 1769 4966 3730
3 433 3549 3286
3 3286 3549 2737
3 2737 3549 5714
3 3286 5579 5072
3 5072 5579 6470
3 3999 3286 5072
3 4507 6470 5579
3 4507 5579 5300
3 4507 5300 5979
3 5037 4507 1228
3 1228 4507 5979
3 4507 5037 6470
3 433 1118 3549
3 3549 1118 1286
3 3549 1286 5714
3 3999 1118 433
3 5223 1118 2980
3 5397 1286 5223
3 3999 2980 1118
3 1118 5223 1286
3 4240 3704 5512
3 2804 5512 3704
3 1971 888 3704
3 1971 3704 4240
3 5625 4240 5512
3 2936 3155 5910
3 2725 5625 6521
3 5088 6521 5625
3 2650 1027 4329
3 2650 4329 5203
3 2418 2650 659
3 2418 659 1391
3 1391 659 2659
3 2659 659 5203
3 5203 659 2650
3 2650 2418 1027
3 3146 268 5599
3 5599 268 4179
3 5816 353 5338
3 5816 5338 6022
3 4057 5816 6022
3 5816 4057 6108
3 4770 5816 6108
3 6558 2341 4770
3 6374 2803 1853
3 1853 2803 243
3 243 2803 3043
3 3043 2803 5573
3 2273 243 3043
3 2273 3043 6473
3 2273 1853 243
3 5573 6473 3043
3 1996 6473 2578
3 6473 5573 2578
3 1344 5463 363
3 677 1344 2089
3 1046 677 5753
3 2834 5753 2089
3 2834 2089 6361
3 2089 5753 677
3 5071 5753 2834
3 5071 2834 6361
3 3345 5071 6361
3 1688 3345 6361
3 2348 676 5500
3 3335 3437 1317
3 3335 1317 800
3 3335 800 6416
3 3876 4721 3335
3 4283 3876 3335
3 4283 1409 3876
3 1409 4283 4843
3 5590 4843 4283
3 2391 4843 5590
3 5938 4843 2391
3 5938 2391 4582
3 5938 4582 3019
3 5021 4925 4582
3 3022 5172 5917
3 5172 3595 5917
3 315 2250 172
3 315 172 1143
3 172 2250 6504
3 4269 3003 177
3 177 3003 2085
3 2085 3003 5837
3 3876 5837 3003
3 3876 3003 483
3 3408 3003 4870
3 3003 3408 483
3 5286 3408 3040
3 5286 3040 3290
3 3040 3408 2178
3 6101 1395 5640
3 5564 5640 6131
3 2991 5730 2898
3 4832 2898 5730
3 4089 2898 169
3 169 2898 4832
3 6561 169 1197
3 1197 169 4832
3 4009 870 6313
3 870 4009 4691
3 5613 5359 3952
3 1544 5359 5613
3 4977 2294 995
3 995 2294 5359
3 5359 2294 3952
3 2924 6404 5365
3 6166 3982 5912
3 2924 5912 3982
3 6166 5912 286
3 3564 286 5912
3 286 3564 3990
3 293 1750 5876
3 293 5876 4485
3 4485 5876 4388
3 4485 460 3482
3 3366 3482 460
3 3366 460 3158
3 4909 3744 3366
3 3366 6333 4909
3 3366 6197 6333
3 1609 6333 3349
3 4909 6333 4434
3 5674 6413 2813
3 2813 6413 3503
3 3503 6413 3482
3 3482 6413 4485
3 2813 3503 3520
3 3520 3503 6317
3 2453 3520 6317
3 2453 6317 4412
3 3844 4412 6317
3 644 4412 3844
3 4254 3844 66
3 66 3844 6317
3 66 6317 2948
3 1304 1100 3949
3 3184 609 2601
3 2601 609 4909
3 2601 4909 4434
3 3247 1157 1304
3 3247 1304 4408
3 4428 3704 4902
3 3704 4428 2804
3 4983 5052 6521
3 6521 5052 127
3 127 5052 686
3 686 5052 3013
3 3013 888 686
3 686 1971 592
3 2725 592 5625
3 5625 592 4240
3 4240 592 1971
3 888 1971 686
3 686 592 127
3 127 592 2725
3 127 2725 6521
3 3943 3754 4983
3 3943 4983 6521
3 4148 5553 5941
3 647 5941 3301
3 122 3301 5553
3 5553 3301 5941
3 80 6119 2169
3 2169 6119 5217
3 2418 5217 6119
3 4079 5045 3964
3 4079 3964 2341
3 4770 2341 3964
3 4770 3964 5816
3 5816 3964 5045
3 4854 1931 6130
3 5880 4854 6130
3 5334 1378 5880
3 6473 5334 2273
3 2273 5334 5880
3 4456 5334 6473
3 4488 4456 6473
3 2685 5334 4189
3 4456 4189 5334
3 4241 586 4189
3 1222 4241 5753
3 5753 4241 1046
3 1238 1222 814
3 1238 814 3857
3 814 1222 5753
3 4354 1960 814
3 83 5418 6471
3 2928 5418 1175
3 2122 1175 5385
3 6471 5385 83
3 83 5385 1175
3 83 1175 5418
3 3996 5286 4868
3 5730 4868 5286
3 5730 5286 3290
3 3313 1648 5761
3 3313 5761 4692
3 2928 4692 5761
3 5761 1648 173
3 4089 941 2991
3 941 527 2991
3 6450 527 941
3 2898 4089 2991
3 6367 6450 941
3 6367 941 6561
3 169 6561 4089
3 4089 6561 941
3 6450 6367 181
3 6026 5405 6367
3 6367 6561 6026
3 4645 6026 6561
3 6478 4645 6408
3 6408 4645 4353
3 1127 1782 870
3 1127 870 4691
3 1127 6266 6285
3 6266 1127 4691
3 871 6266 4691
3 3898 4884 5375
3 3898 5375 2525
3 5963 1265 5339
3 2233 6601 2176
3 2176 6601 6166
3 2176 6166 2450
3 2450 6166 3267
3 2176 2450 3599
3 2233 2176 3599
3 2233 3599 6536
3 6536 3599 2114
3 2114 3599 2450
3 2114 2450 3267
3 1781 6536 2114
3 1781 2114 3531
3 3531 2114 3267
3 2060 4133 1880
3 2060 1880 4959
3 5851 1880 4133
3 5851 4133 4861
3 806 4959 1880
3 1880 5851 806
3 293 5851 1750
3 352 5851 6413
3 6413 5851 293
3 6413 293 4485
3 6413 5674 352
3 5281 2860 590
3 2860 5281 4394
3 5281 590 6298
3 835 4394 5281
3 2453 835 3520
3 3520 5281 2813
3 5281 3520 835
3 103 2556 2102
3 2384 2102 2556
3 2384 2556 4254
3 3654 5052 1983
3 1983 5052 545
3 5052 3654 3013
3 6273 3013 3654
3 5095 6273 3654
3 5095 3654 6200
3 6200 3654 1983
3 593 6200 1983
3 1980 3837 2304
3 2304 508 1980
3 508 2304 3757
3 3757 2304 164
3 3757 164 2681
3 647 4863 2304
3 647 2304 5161
3 2304 4863 164
3 164 4863 2681
3 6592 1820 589
3 80 2169 4941
3 3798 4941 2169
3 1734 4941 3798
3 1734 3798 4622
3 2043 1734 4468
3 2043 4468 1446
3 4468 1734 4622
3 3236 4468 132
3 546 4468 3236
3 2328 132 4468
3 1878 81 4334
3 4740 4128 1878
3 1622 4740 1878
3 1622 1878 4334
3 2624 5044 2181
3 2624 2181 6448
3 4436 5044 4577
3 4577 2624 1574
3 2624 4577 5044
3 1099 4577 1574
3 1099 1574 6372
3 5188 5242 5647
3 3445 3891 2005
3 3891 5188 5647
3 5188 3891 3445
3 1614 3891 788
3 4755 2005 3891
3 4755 3891 1614
3 5647 788 3891
3 538 2409 1189
3 2685 1260 1378
3 2685 1378 5334
3 4056 3945 1238
3 3945 4056 333
3 333 4056 2971
3 898 5701 708
3 5230 5405 5922
3 881 2622 5922
3 4645 5922 6026
3 5405 6026 5922
3 881 5922 4645
3 5278 1104 5937
3 6352 6363 5278
3 6352 5278 5314
3 5314 5278 5937
3 6266 5314 5937
3 2926 6352 5314
3 2926 5314 4707
3 2628 2926 3005
3 3005 6524 4387
3 6524 3005 2926
3 6536 6524 5375
3 6536 5375 4884
3 6536 4884 2233
3 6601 2233 3898
3 3898 2233 4884
3 2051 6536 1781
3 2051 1781 3024
3 4899 5467 2060
3 4899 2060 4959
3 4133 2060 2269
3 6291 6420 777
3 4627 6291 2860
3 4822 6291 4627
3 5 2030 1975
3 2030 4822 1975
3 4822 4627 1975
3 1199 2030 5
3 1199 5 1694
3 1694 5 2939
3 2939 5 1975
3 317 1975 4627
3 1975 317 1906
3 1975 1906 2939
3 4363 6188 2939
3 4363 2939 4505
3 4363 4505 1114
3 6076 4363 73
3 73 4363 1114
3 4348 3148 6382
3 3148 4348 6076
3 6076 4348 4363
3 3701 3148 4829
3 4829 6076 601
3 6076 4829 3148
3 5095 4878 4829
3 5095 4829 2364
3 6200 4878 5095
3 1491 240 5123
3 3957 3486 2632
3 2632 3486 1342
3 932 2632 1552
3 932 1552 332
3 1552 2632 1980
3 508 3757 1980
3 1552 1980 3757
3 1552 3757 332
3 2713 1732 4690
3 4690 2382 2713
3 2713 2382 5575
3 2324 2382 4690
3 5575 2049 1455
3 2324 2049 2382
3 2382 2049 5575
3 1775 1455 3551
3 2324 3551 2049
3 2049 3551 1455
3 6592 3459 1820
3 2043 6326 4370
3 1446 6326 2043
3 2043 4370 1734
3 1734 4370 4941
3 5270 546 5312
3 4957 5312 5202
3 5312 4957 5270
3 6486 4957 5202
3 852 5090 581
3 4931 5090 852
3 4931 852 6372
3 6372 852 1099
3 852 581 1099
3 1099 581 4577
3 4577 581 4840
3 4840 581 5090
3 4980 1516 5055
3 4976 2160 5242
3 5901 3197 4976
3 5901 4976 5248
3 5248 2759 2565
3 5188 4976 5242
3 4976 5188 5248
3 3445 4788 2759
3 2759 4788 2819
3 4788 3445 2899
3 2899 3445 2005
3 6193 2899 2005
3 205 6193 4755
3 2329 47 5460
3 4432 2329 5460
3 5460 47 3903
3 5410 5460 2881
3 5410 4761 5460
3 966 2881 5460
3 6479 5410 2881
3 6479 2881 6276
3 6276 2881 4795
3 6276 2147 708
3 4795 2147 6276
3 5843 6210 4039
3 5843 4039 2649
3 1086 5886 5230
3 5922 1086 5230
3 2613 1086 492
3 2613 492 2017
3 4327 492 5922
3 5922 492 1086
3 6285 3726 681
3 2693 5157 723
3 5278 6363 3391
3 2769 5706 4677
3 2051 3024 2745
3 2051 2745 2718
3 2718 2745 2628
3 4387 2718 3005
3 3005 2718 2628
3 1333 3880 5621
3 1908 1333 5621
3 1333 1908 5201
3 5201 1908 5467
3 5201 6342 1333
3 3456 5201 5467
3 917 5682 5836
3 917 5836 1517
3 5836 5682 1466
3 3747 1176 5682
3 3747 5682 917
3 3747 917 912
3 912 917 282
3 4842 358 4899
3 3562 6074 4614
3 384 5856 3919
3 5856 6547 6257
3 6547 5856 215
3 215 5856 384
3 2065 5856 522
3 5856 2799 522
3 6420 2799 5856
3 937 4281 522
3 4281 2065 522
3 4281 937 1831
3 1831 937 4599
3 4599 937 2799
3 4599 2799 6420
3 2799 937 522
3 2187 1831 4599
3 2187 4599 2520
3 2432 2520 1199
3 2432 1199 1694
3 4599 2030 1199
3 4599 1199 2520
3 2187 2520 2432
3 92 3228 2187
3 92 2187 2432
3 6188 2807 2432
3 1751 2808 2444
3 3035 3666 3701
3 3701 3666 397
3 2922 5514 1491
3 2922 1491 4013
3 6261 5514 618
3 618 5514 2922
3 2922 3957 618
3 5416 1941 1474
3 4616 5416 1474
3 4616 1474 2779
3 2514 2779 1474
3 6146 4616 1608
3 1608 4616 2133
3 4616 6146 5416
3 5575 4754 2713
3 2100 4754 5575
3 2713 4754 1732
3 3053 2185 3088
3 3053 3088 2038
3 2038 3088 3461
3 2100 3461 3088
3 4073 3088 2185
3 1775 5759 1455
3 5519 3814 3280
3 2992 5519 1900
3 1900 5519 3280
3 4421 1766 2992
3 1423 4765 5971
3 5582 5971 6133
3 6133 5971 4118
3 3697 6133 3071
3 6133 4118 3071
3 2038 3697 2901
3 2038 2901 3053
3 5595 3053 6486
3 5595 1588 3053
3 2901 6486 3053
3 4806 3868 3847
3 3075 3847 3638
3 778 4840 1606
3 1606 4840 3642
3 3642 4840 5090
3 2297 778 1606
3 1347 2297 1606
3 1347 1606 165
3 4515 165 1327
3 3642 1327 1606
3 1606 1327 165
3 5754 1327 4521
3 4521 1327 1760
3 4444 5754 4521
3 6055 2312 3825
3 277 6303 2312
3 5901 6055 3825
3 622 3825 2312
3 622 2312 4444
3 4444 2312 6303
3 277 2312 4533
3 4533 2312 6055
3 6268 1562 1611
3 5353 4939 484
3 484 4939 4975
3 4432 5077 2329
3 365 5077 4432
3 365 4432 2833
3 2833 4432 4081
3 284 2921 3634
3 284 3634 2474
3 2474 6479 3569
3 6479 2474 3634
3 6401 3569 6276
3 6276 3569 6479
3 2017 3569 2613
3 2613 3569 5886
3 2474 3569 2017
3 2474 2017 6463
3 2474 6463 284
3 6463 3729 284
3 3745 2327 6463
3 3745 6463 3410
3 3410 6463 4814
3 5651 3745 3410
3 2373 3745 5651
3 2373 5651 2290
3 3410 4814 5651
3 5157 2290 5651
3 5157 5651 4327
3 4327 5651 4814
3 3391 1117 2693
3 2693 1117 2290
3 2693 2290 5157
3 2290 1117 2373
3 5135 6013 2498
3 5135 2327 6013
3 6156 4497 2510
3 2510 4497 5731
3 789 6063 2510
3 789 2510 5731
3 2242 4620 6063
3 6124 2242 6063
3 6124 789 4950
3 4950 789 5731
3 789 6124 6063
3 4389 4620 2242
3 6342 6124 4950
3 1966 5201 3456
3 5201 1966 6342
3 6342 1966 6124
3 5836 1466 1966
3 6124 1966 1466
3 5836 1966 3456
3 5836 3456 1517
3 5682 5982 1466
3 3340 3747 4614
3 5831 2241 403
3 5831 403 5432
3 6547 2598 5892
3 5892 2598 3636
3 3636 2598 200
3 200 2598 6330
3 6330 2598 6038
3 6038 2598 6547
3 621 5315 1594
3 5116 5315 621
3 1831 4494 4281
3 5060 572 4494
3 2279 6103 4374
3 2279 4374 4052
3 4052 4374 3228
3 5516 4052 2807
3 4052 92 2807
3 5516 6188 3700
3 6188 5516 2807
3 2432 2807 92
3 92 4052 3228
3 6510 6466 2808
3 6261 4321 5514
3 1460 6146 6234
3 6146 1460 2919
3 313 5020 6234
3 2709 5713 5220
3 5020 5713 2709
3 2927 5570 5220
3 2927 5220 303
3 303 5220 5713
3 4514 623 4678
3 4514 3421 5676
3 3421 4514 4678
3 3421 4678 2842
3 2185 4568 3421
3 2185 3421 4073
3 5595 1849 1588
3 4164 1849 5595
3 4806 6443 3199
3 6356 1624 1347
3 6356 1347 4515
3 165 4515 1347
3 5754 4294 1170
3 5754 1170 4515
3 4515 1170 6356
3 6356 1170 5069
3 5069 1170 4294
3 5069 4294 1570
3 1570 4294 3038
3 359 2130 6268
3 359 6268 4520
3 4520 6268 4687
3 3884 6268 2130
3 374 2130 359
3 374 359 4520
3 374 4520 2572
3 374 2572 4644
3 899 4644 2572
3 899 2572 6233
3 1654 2911 51
3 51 2911 899
3 51 899 6233
3 6179 311 2909
3 5824 6283 3721
3 5824 3721 3984
3 3721 6283 6179
3 5268 3721 6025
3 3721 5268 3984
3 5268 6025 2783
3 3721 5353 6025
3 2833 2783 365
3 365 2783 5077
3 6059 2833 4888
3 6059 4888 3916
3 1160 3103 955
3 4345 1160 2435
3 2435 1160 955
3 2906 3103 1160
3 2906 1160 1917
3 1917 1160 4345
3 6366 6063 4620
3 6366 4620 4502
3 4502 4620 1069
3 6063 6366 6156
3 4663 6366 4502
3 2235 4681 2241
3 6152 4183 1531
3 5408 6152 1531
3 415 6152 5408
3 1725 408 4499
3 5408 408 1725
3 200 6548 3636
3 3636 6548 940
3 5892 3636 4499
3 3636 940 4499
3 6548 5452 940
3 1725 4499 940
3 1725 940 5452
3 5074 4274 6330
3 6548 6330 4274
3 4274 5074 3614
3 4816 2410 1483
3 5130 1657 1483
3 6239 5473 3451
3 2633 3873 3090
3 2633 3090 4973
3 3090 3873 3993
3 3090 3993 2748
3 1062 4973 3090
3 1062 3090 2748
3 2748 5516 2808
3 5516 2748 3993
3 1062 5245 2869
3 5245 2748 6466
3 2748 5245 1062
3 3770 2869 5245
3 3770 5245 6466
3 1543 3770 6234
3 6234 3770 1460
3 1543 3218 3770
3 2919 1460 3770
3 5020 1543 6234
3 2945 2709 5220
3 2709 2945 5160
3 2709 5160 5020
3 5953 1680 2945
3 1680 5953 5293
3 5570 5953 2945
3 5570 2945 5220
3 5160 2945 1680
3 4894 5953 5570
3 2068 4514 5676
3 4514 2068 623
3 5067 2068 5676
3 3563 5169 4530
3 1624 692 6493
3 6267 768 2256
3 3723 1572 6267
3 3723 6267 6346
3 6346 6267 2256
3 6346 6356 5069
3 3723 6346 3904
3 2323 3269 3723
3 3265 3269 2323
3 3904 2323 3723
3 3545 3265 2323
3 3545 3373 6072
3 1570 4451 1307
3 604 6056 1838
3 604 1838 4710
3 6056 4644 5764
3 4644 6056 604
3 5370 6056 5764
3 5370 5764 2425
3 4169 1146 1783
3 6507 1783 1628
3 2086 6507 1628
3 2086 1628 4609
3 5824 3160 4609
3 5824 4609 6283
3 5268 1123 3984
3 3112 6059 2435
3 2435 6059 3916
3 3572 2906 1028
3 2906 3572 3103
3 3103 3572 4212
3 3103 4212 1977
3 4472 5659 1490
3 3055 4472 1490
3 3055 1490 2894
3 3775 5659 4472
3 4794 3523 2493
3 4794 2493 4183
3 4663 2493 3523
3 4605 6152 5852
3 6152 4794 4183
3 4794 6152 4605
3 6384 4430 6134
3 2838 4430 48
3 48 4430 6384
3 5737 6134 4430
3 4274 5737 6548
3 782 4136 1790
3 3614 782 44
3 44 782 5737
3 5737 782 1790
3 6455 4522 5053
3 6557 5371 1788
3 1680 5293 1943
3 5160 1680 3218
3 3218 1680 1943
3 4894 6557 5293
3 6557 4894 2042
3 1621 2932 158
3 1326 4392 5447
3 5447 4392 2090
3 5447 5821 1953
3 3269 6428 1953
3 4452 1096 6072
3 4905 4746 345
3 4905 345 1392
3 4905 1392 1921
3 1921 1392 4451
3 4746 4905 1575
3 1764 1892 6027
3 1892 1764 4938
3 1892 4938 5106
3 2684 5106 4310
3 5001 700 5106
3 1077 4113 2282
3 1077 2282 2275
3 6056 2859 3378
3 5370 2425 5386
3 6249 5370 5506
3 5386 5506 5370
3 6391 6249 6567
3 6567 6249 5506
3 2245 4169 4810
3 4114 2309 1872
3 2309 4114 5666
3 6507 3347 1783
3 1783 3347 1872
3 4114 1872 3347
3 1527 4114 3347
3 6112 5702 2086
3 2086 5702 6507
3 3347 6507 5702
3 3347 5702 1527
3 4609 6112 2086
3 2594 5666 754
3 1793 754 6112
3 6112 754 5666
3 5005 6018 1793
3 5005 1793 3160
3 5852 3450 4873
3 4605 2763 372
3 2763 4605 4873
3 4873 4605 5852
3 4810 2594 391
3 3935 1852 6562
3 6562 1852 3703
3 3935 6562 2179
3 1920 6134 5167
3 2511 4988 5167
3 2511 5167 6134
3 6384 1920 6562
3 6384 6134 1920
3 2511 6134 1730
3 2511 1730 3480
3 3480 1730 4642
3 3480 4809 2584
3 2584 2511 3480
3 2584 4809 6562
3 4809 3480 4642
3 5992 6246 4809
3 5992 4809 3590
3 3590 4809 4642
3 4279 2941 5709
3 1223 3452 689
3 6557 4431 5371
3 158 2199 1621
3 1621 2199 4431
3 1621 4431 6557
3 6269 2828 463
3 5050 285 4251
3 285 5050 6024
3 37 4251 285
3 5008 5050 5447
3 5447 5050 1326
3 1326 5050 4251
3 1956 5050 5008
3 6307 1956 5008
3 6307 5008 6428
3 4210 6502 5457
3 6072 3488 4452
3 2058 1075 2437
3 2058 2437 5175
3 5817 3628 5175
3 5817 5175 101
3 5817 101 1174
3 5817 1174 3209
3 1174 101 2437
3 2437 101 5175
3 1174 3272 700
3 1174 700 5001
3 3628 2282 4113
3 3628 4113 2501
3 2282 5817 2275
3 5817 2282 3628
3 1682 2673 2172
3 1682 2172 3759
3 2501 2673 1682
3 5105 2172 2673
3 1376 6522 817
3 4548 4466 1301
3 1077 1044 25
3 1077 25 2539
3 2539 25 4548
3 2308 4466 6391
3 4664 6391 6567
3 4664 6567 4877
3 5108 1206 4664
3 1074 5108 4664
3 1074 4664 3808
3 3808 4664 4877
3 1798 3312 4877
3 3808 4877 3312
3 3832 3312 1798
3 6011 3832 4356
3 5048 4356 4569
3 130 5048 3935
3 2805 5992 1252
3 5992 2805 6246
3 661 958 3126
3 6250 661 3126
3 111 4019 6214
3 4019 111 656
3 2658 4019 656
3 2658 656 1669
3 1669 656 1223
3 1669 1223 3924
3 1223 656 3452
3 3452 656 111
3 3452 111 6214
3 5903 6271 2658
3 5903 2658 6269
3 6269 2658 1669
3 4684 5903 2311
3 6024 4684 285
3 37 285 4684
3 5823 21 6024
3 5823 6024 5603
3 5603 6024 3524
3 6307 2445 1956
3 3688 2262 2345
3 3688 229 2262
3 159 2345 2262
3 159 2262 2780
3 1618 340 5304
3 1618 5196 340
3 6434 2600 5304
3 6434 5304 340
3 6434 340 2081
3 3759 5968 331
3 1682 3759 2058
3 2172 5105 1541
3 3248 6522 1909
3 3248 1909 5025
3 6522 3248 1693
3 1909 6522 3709
3 4332 5025 1881
3 4641 163 3824
3 3824 1948 4641
3 4641 1948 4625
3 3401 3512 3312
3 2283 3512 3401
3 4859 3401 3312
3 3312 3512 3808
3 2645 4918 577
3 4918 927 577
3 577 927 3401
3 2645 577 4859
3 1076 2283 927
3 1076 927 4918
3 3401 4859 577
3 2283 3401 927
3 6389 4918 2645
3 6389 2645 2729
3 2729 2645 4859
3 1711 6389 2729
3 3433 1711 2729
3 2661 6474 1252
3 2500 3771 2998
3 2998 5909 2500
3 2426 5189 6392
3 2426 6392 5085
3 6250 6392 661
3 661 6392 958
3 924 1359 6392
3 924 6392 6250
3 6102 924 1825
3 480 1825 6250
3 6250 1825 924
3 5430 6102 1825
3 5430 480 833
3 1825 480 5430
3 4463 2608 2904
3 3230 4463 2904
3 3230 2904 2039
3 1025 3230 2039
3 3166 1025 5622
3 3166 5622 3741
3 6158 3741 2222
3 2222 3741 1529
3 1529 3741 5622
3 2222 1529 5823
3 5823 6235 2222
3 5619 2345 1792
3 1792 1618 5619
3 5304 5619 1618
3 5047 5619 2734
3 5304 2734 5619
3 737 4561 5626
3 1922 3995 1422
3 1922 1422 5360
3 1422 3995 1440
3 5644 3995 3248
3 5644 3248 5025
3 3248 1922 1693
3 1922 3248 3995
3 5644 87 3981
3 4332 1673 5025
3 1076 2982 457
3 3861 2142 6405
3 6345 6290 5358
3 5687 2884 6474
3 3433 6474 1711
3 1711 6474 2884
3 1711 2884 6389
3 6389 2884 6290
3 1486 291 3277
3 3166 1486 1185
3 5653 3166 1185
3 5653 1185 793
3 5085 312 1485
3 2426 5085 1485
3 2426 1485 5189
3 5189 1485 5684
3 5653 5684 1485
3 4138 6515 1435
3 4138 876 2124
3 2124 876 143
3 4586 6515 2322
3 4586 2322 6320
3 4688 2322 6515
3 4561 6320 2322
3 4561 2322 5626
3 5626 2322 4688
3 1084 3995 1257
3 4163 1440 1084
3 3995 1084 1440
3 212 3617 5000
3 6385 2272 3001
3 6385 3098 2272
3 4484 4483 6070
3 5355 4483 4484
3 6348 4979 5471
3 5228 6348 5471
3 1924 4979 6348
3 1684 1924 6348
3 1684 6348 548
3 3225 665 1684
3 3225 1684 863
3 863 1684 825
3 863 825 1134
3 4586 3225 863
3 6071 6562 5167
3 4988 6071 5167
3 1920 5167 6562
3 6562 6071 2584
3 2584 6071 4988
3 5702 5666 1527
3 1527 5666 4114
3 5666 5702 6112
3 5109 3121 5520
3 1918 5109 5520
3 6378 5520 255
3 255 5520 3121
3 2643 3121 1940
3 1940 3121 5109
3 4288 1918 4473
3 4473 1918 5520
3 4377 5213 4358
3 1379 4377 1471
3 6181 1471 1647
3 1647 1471 4377
3 1647 4377 4358
3 1379 1471 6181
3 4371 5292 1379
3 2984 3460 6066
3 4921 6289 3460
3 6513 3460 2984
3 6066 3460 6289
3 3361 4337 6538
3 4337 3361 6099
3 6099 3361 2984
3 2984 3361 6513
3 3361 6538 6513
3 667 6513 6538
3 667 6538 4270
3 6513 3309 642
3 3309 573 642
3 3460 6513 642
3 642 573 779
3 776 642 779
3 776 3460 642
3 776 779 4921
3 4921 779 2278
3 2278 779 3973
3 3973 779 573
3 3973 573 667
3 667 573 3309
3 667 3309 6513
3 776 4921 3460
3 1313 3214 4531
3 4531 3214 4948
3 1414 1736 3853
3 2071 5920 3731
3 2071 3731 5470
3 2071 5470 5904
3 5436 154 5904
3 5436 5904 868
3 868 5904 5470
3 2811 154 5436
3 1913 840 4415
3 840 1913 2811
3 840 2811 4340
3 2071 4461 5920
3 4461 4415 5920
3 5904 4461 2071
3 4461 1913 4415
3 1913 4461 2811
3 2811 4461 5904
3 6224 3008 5889
3 5889 3008 6365
3 6442 4659 1381
3 4068 6178 6171
3 5332 410 5987
3 5332 4926 410
3 410 1598 5987
3 5332 1875 28
3 2821 3736 3484
3 3484 3736 3639
3 3484 3639 5987
3 3736 2821 4209
3 3736 4469 1629
3 3736 1629 3639
3 2887 5498 2652
3 511 2887 2652
3 2887 511 1598
3 2887 1598 988
3 1674 2887 988
3 328 5492 639
3 328 5294 3231
3 328 3231 5492
3 5897 5492 3383
3 3383 5492 2929
3 5492 5897 639
3 6542 639 5897
3 3383 1743 5897
3 4324 6148 5550
3 1875 6065 28
3 1959 726 4867
3 1959 4867 5696
3 5696 4867 3472
3 3472 4867 5634
3 1959 5696 382
3 382 5696 2044
3 5800 2165 3284
3 2165 6312 3284
3 3284 6312 4249
3 4006 3284 4249
3 2485 785 2988
3 785 2485 660
3 785 660 664
3 785 664 300
3 785 300 2988
3 6121 2485 2400
3 660 6121 4617
3 660 4617 892
3 660 892 664
3 664 892 3412
3 300 664 3412
3 5294 5498 3231
3 5498 5294 4286
3 3314 6542 6176
3 3314 4382 6542
3 6542 4382 4080
3 3751 597 1951
3 3751 1951 5277
3 3343 2334 3371
3 3371 2077 3343
3 1885 4725 4107
3 4107 4725 2252
3 418 2252 1456
3 4107 2252 418
3 418 4759 4107
3 6132 1885 4759
3 4759 1885 4107
3 4086 4731 1715
3 455 2597 6334
3 5696 3472 2810
3 5696 2810 5243
3 726 3683 4867
3 2059 5869 2214
3 2059 4709 5869
3 5869 4709 182
3 2954 31 3970
3 2954 3970 6387
3 2954 2481 31
3 2481 2218 31
3 31 2218 1171
3 31 1171 3970
3 3970 4267 6387
3 515 4267 3970
3 515 3970 1171
3 892 4617 2482
3 892 2218 3412
3 892 530 2218
3 892 2482 530
3 5120 5735 6430
3 5735 5120 1237
3 4736 6121 2694
3 2873 2978 6286
3 605 2873 6286
3 605 6286 1675
3 2873 4322 2978
3 2978 2822 6286
3 1415 1418 6500
3 5525 1901 170
3 3762 1761 682
3 682 1761 3240
3 682 3240 5441
3 682 5441 1868
3 3762 2207 4500
3 2207 3762 682
3 2207 682 1868
3 3310 4725 2619
3 3310 2252 4725
3 5915 6132 1018
3 5915 1018 969
3 5915 969 6167
3 1018 6132 855
3 855 969 1018
3 2872 969 855
3 2872 376 969
3 969 376 6167
3 1283 4852 3183
3 1283 3183 192
3 1283 192 2194
3 6334 772 2877
3 4852 6334 2877
3 2877 772 815
3 772 4424 815
3 3163 3983 2597
3 4022 3420 990
3 4022 6222 6441
3 6222 4022 5893
3 5893 4022 166
3 166 4022 5070
3 945 4182 116
3 116 1967 945
3 945 1967 2535
3 116 4182 6000
3 116 6000 1967
3 4182 945 1610
3 2535 1610 945
3 6394 6533 4379
3 6533 4272 4379
3 1171 2218 2870
3 1171 2870 515
3 2025 6090 6137
3 6137 6090 3321
3 1330 3441 4993
3 4025 3441 246
3 246 6430 4025
3 1799 4025 6430
3 4025 1799 4205
3 4025 4205 4993
3 4025 4993 3441
3 488 5967 1458
3 5967 488 1839
3 5967 210 5401
3 5967 5401 1458
3 1256 4845 2379
3 5497 3028 3515
3 2462 5497 3515
3 256 2462 2822
3 5435 4738 3137
3 2167 3167 278
3 2167 2414 3167
3 834 2376 1298
3 834 1883 2376
3 1298 4619 510
3 1298 510 834
3 4390 2377 239
3 2377 4390 4350
3 1883 834 239
3 3170 5794 4099
3 4099 2546 3170
3 3170 3630 5794
3 6204 3240 4159
3 70 2357 6126
3 4607 70 6126
3 4607 5608 70
3 70 5608 2357
3 4500 6126 4631
3 262 5421 3183
3 192 3183 5421
3 691 2440 2877
3 2877 2440 4852
3 2877 815 691
3 4793 2440 691
3 2440 4793 401
3 4290 401 4793
3 2637 5448 241
3 2637 241 2871
3 2524 2849 1116
3 2849 5448 1116
3 1116 5448 76
3 1012 3264 2080
3 2791 6230 3023
3 131 3023 6230
3 739 6462 197
3 3048 2477 197
3 2028 4550 4480
3 5964 646 411
3 411 4151 1824
3 411 1824 5964
3 1824 4151 1867
3 2404 4151 1967
3 2404 1967 6394
3 4151 2404 1867
3 880 5983 58
3 1787 880 58
3 666 58 5983
3 880 1004 4393
3 4629 4393 1004
3 5317 4393 633
3 633 5483 5317
3 633 4393 4629
3 5483 633 4629
3 5483 2490 5317
3 5317 2490 3494
3 6457 4214 5401
3 4094 4606 6296
3 4094 6296 3594
3 3364 6368 1229
3 3364 1229 6586
3 5497 1229 4696
3 3150 905 3137
3 3137 905 1397
3 208 4738 1058
3 465 6141 2855
3 2794 465 4016
3 2855 4016 465
3 2376 1883 1939
3 2376 1939 2276
3 2376 2276 201
3 2276 1939 6340
3 389 4541 5623
3 5623 2537 389
3 3217 1813 6487
3 4159 6165 1551
3 4099 4159 1551
3 3217 4099 1551
3 2495 4567 6165
3 3719 3257 857
3 3719 857 5608
3 3719 5608 6264
3 489 3665 4563
3 5835 3665 489
3 5835 6264 3665
3 6564 6472 2900
3 262 2504 5421
3 3403 6051 1009
3 1009 4881 3403
3 4881 1009 6429
3 787 2156 1331
3 452 787 1331
3 1331 4985 452
3 787 452 1082
3 787 1082 3403
3 6051 3403 1082
3 787 3403 2156
3 2156 2558 1331
3 2558 498 1331
3 1331 498 4985
3 5448 6192 241
3 2708 5802 3379
3 5707 811 1738
3 1738 811 4937
3 702 5783 4088
3 5051 5783 297
3 3781 5778 1047
3 3161 3781 1047
3 5154 1047 5778
3 3161 2554 3781
3 5778 3781 5170
3 791 5154 4480
3 4480 5154 5778
3 791 3259 2198
3 2198 4167 5543
3 4805 395 6028
3 5543 6028 395
3 4167 2198 3259
3 5757 5855 4550
3 5906 314 6550
3 1024 5163 5487
3 1401 5303 3190
3 1401 3190 4815
3 1824 6077 1140
3 1824 1140 5964
3 5964 1140 4860
3 5246 596 1140
3 5246 1140 6077
3 1140 596 4860
3 3938 6388 3576
3 3938 3576 2416
3 3307 5983 3187
3 3494 3187 5983
3 4871 3187 3494
3 4885 697 6415
3 1207 2757 697
3 697 6296 1207
3 4416 6296 697
3 697 2757 6415
3 6296 836 1207
3 2757 1207 836
3 4247 4098 521
3 4247 5205 1890
3 4111 4247 1890
3 4111 4098 4247
3 3763 1368 447
3 3457 4197 3131
3 4197 2829 447
3 202 1533 1058
3 3584 1058 1533
3 2276 6340 4016
3 1652 5476 5623
3 5476 2537 5623
3 5476 1939 2537
3 1939 5476 6340
3 6353 6107 2456
3 6353 2456 1181
3 6353 1181 6605
3 3606 4592 624
3 3606 624 729
3 624 6262 729
3 6262 4971 729
3 4971 3606 729
3 4592 2683 624
3 624 2683 6107
3 6262 624 6107
3 4558 4962 5966
3 4558 6165 4567
3 6264 2853 1147
3 6264 5835 1462
3 3074 6294 6116
3 6116 1605 3074
3 3074 1605 6472
3 1413 6294 1545
3 5814 1413 1545
3 6429 1009 6051
3 5961 5956 4216
3 4216 4985 5961
3 4985 320 5961
3 5956 2965 749
3 5602 6192 3656
3 5602 3656 1153
3 5602 1153 6082
3 6042 1153 3656
3 6042 5032 5273
3 3125 3656 693
3 5802 2708 5308
3 6483 4937 5542
3 3066 1034 2157
3 3625 2157 1034
3 1034 829 3625
3 829 5357 3625
3 2157 4225 3066
3 2603 3807 4987
3 3807 3533 1132
3 3533 3807 2603
3 5543 4014 3382
3 3382 2198 5543
3 3382 5154 2198
3 2603 4289 3533
3 3259 673 4167
3 6028 4167 673
3 4235 3533 5210
3 4235 5210 4411
3 3533 4235 4683
3 3802 2786 1079
3 3802 1079 5719
3 2786 3802 4135
3 2786 771 1079
3 6550 5022 3056
3 5865 4066 6104
3 5865 6104 5487
3 1288 3608 1085
3 1288 3467 3608
3 3608 3467 4815
3 987 3186 5010
3 5010 3186 5091
3 289 3766 2542
3 289 2542 5091
3 3766 1343 4652
3 4652 1343 6215
3 289 1343 3766
3 3670 1364 5510
3 2966 3710 5510
3 3670 5510 3710
3 2210 4588 1203
3 2210 1203 2964
3 1890 5205 5932
3 5394 5455 5391
3 5455 5394 440
3 440 5394 893
3 4942 3777 5774
3 5774 4024 4883
3 3777 4024 5774
3 4942 6503 3777
3 3201 5481 1979
3 6340 2704 4016
3 137 5476 1652
3 137 1652 3458
3 137 3458 364
3 137 364 5476
3 1373 4963 1467
3 4963 1373 1753
3 4963 1753 2148
3 2724 4593 4305
3 5988 2349 3899
3 5988 3899 976
3 5988 976 2891
3 5988 2891 4305
3 5988 4305 3826
3 3826 2349 5988
3 4403 2891 3606
3 4592 3606 2891
3 716 4403 4042
3 716 1973 4610
3 716 4610 657
3 716 657 279
3 716 279 4403
3 4403 4455 4042
3 2719 3951 1826
3 3951 2719 3809
3 4007 1709 5672
3 4007 5672 3809
3 3951 3809 5672
3 3951 4750 1826
3 5478 1709 4007
3 4302 6399 6227
3 91 3326 2567
3 3144 6207 5182
3 3144 5182 4160
3 3677 2942 1854
3 2942 3677 4912
3 2942 2955 3026
3 2942 3026 975
3 2843 975 3026
3 2942 975 1854
3 1854 975 5152
3 2843 3026 3854
3 2264 2965 2773
3 4766 6082 3633
3 4766 3633 5942
3 6532 5942 2590
3 2590 5942 3633
3 6042 5273 3644
3 6042 3644 6082
3 6042 6082 1153
3 3852 4717 5032
3 4964 2064 6358
3 6358 2617 11
3 5542 4937 2120
3 2433 4225 982
3 982 4225 2801
3 2857 5544 699
3 5544 2857 2223
3 5544 2223 2388
3 5544 2388 2801
3 1135 699 5544
3 5742 2857 5357
3 2857 5742 2223
3 2388 2223 792
3 792 982 2388
3 2388 982 2801
3 982 792 4314
3 5424 1496 1945
3 4000 3637 5414
3 5414 3637 5683
3 1434 1559 4199
3 1559 442 4199
3 6017 4199 442
3 4199 327 4420
3 4199 6017 327
3 1919 2302 1461
3 1461 2302 2987
3 1461 2987 2798
3 2798 2987 4636
3 934 2814 6371
3 5442 1845 728
3 728 1845 4654
3 6172 3663 6046
3 2542 4002 6172
3 4002 1001 6172
3 4652 2868 3766
3 4002 3766 2868
3 4002 2868 2488
3 3399 5958 346
3 2055 5958 1063
3 2055 1063 4652
3 4652 1063 2868
3 2055 4858 5958
3 4588 6109 1759
3 230 4588 1759
3 230 1759 4510
3 4490 4409 6114
3 4409 5391 6114
3 6114 5391 5455
3 4033 5212 5455
3 6114 5455 5212
3 6491 4033 5858
3 4033 6491 5272
3 740 2018 6503
3 3389 740 3526
3 4202 5443 2237
3 5211 5443 4202
3 5211 4202 1851
3 4112 2018 3389
3 3389 4202 4112
3 3389 2018 740
3 6511 3661 1986
3 3661 5690 1986
3 77 5240 3672
3 5690 77 3672
3 3672 3014 3300
3 3233 5040 613
3 613 5040 3014
3 2752 3014 1753
3 3014 5040 3300
3 3233 2752 1812
3 2752 3233 613
3 5944 119 2974
3 119 5972 3767
3 2974 119 3767
3 2974 3767 2406
3 3525 2974 2406
3 2406 5086 3525
3 3525 2033 2974
3 119 5944 993
3 119 993 5972
3 4848 3767 5972
3 5086 2406 5307
3 2724 4305 657
3 2724 657 4610
3 657 4305 279
3 4302 4423 6399
3 3821 5269 3859
3 3859 6436 3821
3 91 2567 1823
3 91 1823 3079
3 5269 3079 1823
3 4160 694 1823
3 254 975 2843
3 975 254 5152
3 5493 6297 1634
3 2551 4096 5977
3 5977 6425 2551
3 4096 950 5977
3 5977 950 5493
3 223 1860 6323
3 4417 2204 223
3 223 6323 4417
3 3633 1261 3119
3 3633 3119 2590
3 32 4603 550
3 3119 550 4603
3 4717 32 5273
3 3556 4008 6490
3 4008 3556 3596
3 4008 3596 3483
3 4008 3483 1186
3 4008 1186 6490
3 6358 3483 3596
3 88 3596 3556
3 2766 5777 5789
3 2766 5789 4166
3 5864 413 4031
3 4440 5760 6565
3 5542 2120 4084
3 5542 4084 1712
3 2433 4236 253
3 6218 2433 253
3 5537 253 4236
3 5537 4236 1945
3 4314 5424 4236
3 4236 5424 1945
3 3416 1337 5742
3 3416 5742 4449
3 3416 690 1337
3 1337 792 2223
3 1337 2223 5742
3 792 1337 4314
3 4314 1337 690
3 6092 6177 2036
3 6245 2036 6177
3 5683 5486 4841
3 5683 5251 5414
3 562 6529 4108
3 4108 6529 4186
3 4108 2497 562
3 6529 3304 4186
3 2389 1752 4065
3 4065 4108 2389
3 2389 4108 1434
3 704 2677 1955
3 2677 704 6217
3 1919 4375 5417
3 1919 5417 2302
3 2987 3276 4636
3 4534 5014 6242
3 3663 2372 5854
3 3663 5193 5384
3 3663 5384 2372
3 5384 5193 1828
3 238 1767 3273
3 4284 238 3273
3 4284 3273 2532
3 981 3273 1767
3 1063 6437 2488
3 6437 1063 5958
3 343 5556 3609
3 343 3609 3399
3 3609 5556 2135
3 5129 4335 4510
3 2858 3471 3698
3 6114 5212 3698
3 3698 5212 423
3 5744 292 423
3 5744 423 5212
3 5744 5212 5272
3 3222 2336 6491
3 6491 1396 3222
3 3222 1396 3600
3 3389 3526 1851
3 1851 3526 5211
3 4147 4991 6073
3 6468 1390 5165
3 1639 6481 736
3 1639 736 2931
3 2253 4764 993
3 5972 993 4764
3 2253 993 3778
3 3778 993 5944
3 3778 5944 4992
3 3778 4992 6325
3 3778 6325 2253
3 2033 4992 5944
3 845 1992 3177
3 845 3177 3573
3 845 3573 6555
3 6555 3573 2072
3 6555 2072 1746
3 1736 6409 5712
3 5712 2072 3573
3 6555 1992 845
3 4123 575 5784
3 4123 5784 4361
3 5784 575 1443
3 1443 575 3177
3 5784 6574 4361
3 6033 6527 2512
3 3298 625 6033
3 3298 6033 6149
3 625 6527 6033
3 5341 3859 694
3 5341 694 3324
3 2671 6196 1007
3 4096 2551 4261
3 4096 4261 2534
3 4096 2534 950
3 950 2534 3165
3 950 3165 5493
3 6016 5829 2352
3 6016 2352 5183
3 5654 6490 4203
3 1472 3879 4203
3 4203 3879 5654
3 4166 1472 4203
3 4166 4203 1186
3 4166 1186 2766
3 1186 4203 6490
3 3109 1978 2112
3 220 5935 1784
3 220 1784 838
3 838 2457 1499
3 2457 838 1784
3 4376 1784 5935
3 4376 3073 1784
3 1784 3073 2457
3 1499 2457 1504
3 3073 4376 6328
3 4031 6565 741
3 4031 741 5864
3 1994 6565 3346
3 2387 5617 237
3 404 4920 4161
3 404 4161 4994
3 2427 4841 4920
3 6530 4920 4841
3 6523 759 5407
3 5342 1242 3985
3 3985 4065 4017
3 5342 3985 3555
3 3555 3985 4017
3 1558 5459 1488
3 2958 3907 1755
3 1755 3907 3866
3 3987 1377 1296
3 4762 1296 848
3 1377 848 1296
3 2635 967 614
3 2635 614 4706
3 2635 3105 967
3 2302 5727 1052
3 3276 1052 1101
3 468 148 2607
3 2607 148 952
3 148 72 952
3 2607 952 6194
3 148 468 5568
3 148 5568 72
3 952 72 2889
3 1064 6194 3153
3 3153 820 1064
3 2350 4907 6446
3 4549 3062 2350
3 2350 3062 4907
3 4952 2415 2937
3 2405 5507 1314
3 5026 1314 5507
3 5026 5507 4649
3 5507 46 5089
3 1932 46 5507
3 3800 2238 1932
3 1932 5507 3800
3 3800 5507 2405
3 3800 2405 4282
3 5695 3609 2848
3 3041 6122 1832
3 6122 3041 4634
3 5556 4923 2063
3 1704 4237 5899
3 3114 4237 1704
3 5728 1250 1269
3 5728 1269 1850
3 1850 1269 4897
3 4850 1269 1250
3 4850 1250 1324
3 4767 1250 5728
3 1250 4767 1324
3 5551 2579 4767
3 2246 938 6593
3 6593 6191 2246
3 2246 3507 938
3 2151 3507 3600
3 3600 3507 3222
3 5559 4758 938
3 4887 3908 5165
3 2931 5495 3929
3 2931 3929 4887
3 6495 4887 3929
3 736 4542 5495
3 2385 325 6481
3 2862 325 2385
3 325 2862 5593
3 3325 5718 2862
3 2862 5718 5593
3 4643 2370 3355
3 3664 3261 5985
3 3664 5985 4027
3 4027 5985 5425
3 3522 1746 2072
3 3522 2072 5712
3 3522 5712 6409
3 1736 1414 3850
3 5536 6409 3850
3 1736 3850 6409
3 2716 3853 1736
3 2716 1736 5712
3 2716 5712 3573
3 3573 3177 2716
3 5187 1182 3475
3 5187 3475 6516
3 6516 3475 718
3 718 5726 5494
3 5726 3810 6492
3 6492 3810 5199
3 718 5494 6516
3 3810 5726 2667
3 2667 5726 718
3 2667 718 3475
3 6173 3423 6149
3 6149 3423 5199
3 6173 5065 3423
3 6436 398 3027
3 2048 3250 2149
3 1847 5121 4143
3 6 5121 3297
3 6 3297 4051
3 6 4051 3969
3 6 3969 5809
3 6 5809 5121
3 1847 1089 5121
3 5121 1089 3297
3 4144 6138 6052
3 6052 3989 4144
3 294 5289 847
3 294 3173 5289
3 3173 294 4713
3 5183 5847 883
3 5183 883 6433
3 6433 883 6343
3 1978 5847 2112
3 2112 5847 2352
3 1978 3109 6129
3 6129 1714 6419
3 6419 1714 6048
3 3360 3901 1778
3 5142 3073 6328
3 3073 5142 2457
3 2457 5142 1504
3 3037 6322 4559
3 5864 3134 6322
3 99 3933 2359
3 99 2359 2041
3 99 2041 3561
3 99 3561 3933
3 1994 6209 3211
3 2660 3439 5475
3 4651 5475 3439
3 1708 3863 6037
3 1708 6037 471
3 471 5680 4570
3 471 4570 1708
3 6223 711 3863
3 3863 711 6037
3 6037 1224 5680
3 5975 6037 711
3 5975 711 6223
3 3657 3375 3351
3 3375 1700 3262
3 3351 3375 3262
3 3804 2161 5342
3 3750 5614 6284
3 1739 6284 5614
3 5337 3332 6284
3 6418 3339 1310
3 1287 1310 3339
3 3332 1310 1287
3 6221 5534 1976
3 1976 3932 6221
3 5534 6221 3329
3 5534 3329 5952
3 672 555 5844
3 4326 5844 1051
3 1051 5844 555
3 1003 3196 6031
3 2699 499 875
3 2699 875 4396
3 6242 3504 2408
3 6494 2227 5793
3 5793 3254 6494
3 4813 1277 758
3 758 1277 4999
3 1889 4999 1277
3 767 1208 1807
3 1889 6381 4999
3 3062 445 4907
3 6446 4907 655
3 3036 1667 514
3 3036 655 4907
3 3036 4907 445
3 3036 445 1667
3 2371 3185 913
3 2371 913 4250
3 4250 913 887
3 4250 887 3776
3 4495 3185 2371
3 275 913 3185
3 913 275 887
3 3216 2355 5176
3 2355 3216 4632
3 6164 6191 5785
3 5769 6058 5372
3 5769 5372 2189
3 6034 3735 347
3 2413 6535 2972
3 287 5845 2326
3 5845 3928 2129
3 4715 3928 280
3 803 4542 5593
3 4542 803 5495
3 2749 2014 5743
3 2996 5970 2340
3 5970 2996 2697
3 2977 2996 2340
3 5131 4032 4776
3 6203 4313 1297
3 5461 4716 6452
3 6556 5494 5726
3 1447 5003 5171
3 5538 6275 5810
3 1681 5538 5810
3 4194 2566 5716
3 5295 2368 1697
3 1697 344 5295
3 5295 344 3895
3 322 3696 4566
3 322 5082 3696
3 3696 5511 38
3 3696 38 4566
3 1805 2316 2602
3 1514 2602 2316
3 1805 2602 4771
3 4525 2975 3753
3 3753 2975 6433
3 5298 3753 6433
3 5298 2173 3753
3 5847 6419 6343
3 6419 5847 3232
3 4906 2561 5811
3 4906 2583 2561
3 5664 3845 3419
3 877 3592 2208
3 3875 594 1059
3 1059 594 1371
3 1371 594 1168
3 3875 1059 1352
3 3875 2698 594
3 594 2698 1168
3 5336 5663 4474
3 632 1835 5033
3 422 1835 632
3 2549 1835 422
3 1835 2549 1410
3 1835 1410 5033
3 632 5125 2625
3 632 2625 422
3 907 2625 5125
3 5125 2041 907
3 907 2041 3678
3 3678 2041 424
3 4660 3047 5857
3 5381 1437 1356
3 1356 2197 851
3 5606 851 2197
3 2197 1356 1437
3 2824 1426 3082
3 5680 269 371
3 269 5680 3132
3 5878 6160 4087
3 4727 5878 6064
3 4087 6064 5878
3 5878 6096 6160
3 3574 6160 1090
3 5768 5015 4055
3 4055 5015 1035
3 4659 5615 1381
3 5952 3329 2885
3 5561 1280 670
3 5561 670 879
3 879 670 4248
3 1280 2318 4248
3 670 1280 4248
3 3034 879 4248
3 2318 3932 4248
3 2970 1036 89
3 674 2970 89
3 1036 4326 89
3 1036 2970 5469
3 1569 1051 1963
3 4326 1051 1569
3 2330 3855 4797
3 4999 3917 2876
3 3046 2876 3334
3 3334 2876 3917
3 5648 2062 1998
3 6287 1815 3496
3 2754 4215 3102
3 3102 4215 5297
3 400 1667 3485
3 4753 5839 68
3 68 6549 5151
3 6549 68 5839
3 1526 2211 6549
3 1526 6549 1954
3 2211 6145 6549
3 2399 6549 6145
3 4158 2305 4969
3 4538 2305 4158
3 2969 209 227
3 5485 1120 743
3 743 1120 209
3 5848 209 1120
3 5848 1120 4929
3 5030 1040 3118
3 5485 3118 1040
3 5636 3118 5769
3 2094 5030 5636
3 5636 5030 3118
3 3518 214 6569
3 214 3518 4386
3 6201 2291 4823
3 6201 1619 2291
3 5029 2321 1707
3 6278 5029 1707
3 4686 4301 1346
3 1560 1346 4301
3 1124 3411 6383
3 5813 1124 6383
3 1124 5813 4686
3 1124 4686 1346
3 1124 1346 3411
3 5166 1291 6383
3 6464 6383 1291
3 6464 1291 6528
3 2996 2977 4774
3 2996 4774 4175
3 2996 4175 2697
3 2103 3629 5016
3 3629 2103 3604
3 3629 3604 4273
3 6439 3604 2103
3 3604 3219 4273
3 153 1666 4623
3 4291 153 4623
3 6075 115 5326
3 115 6075 5830
3 414 5810 5453
3 5810 414 6075
3 5810 6075 5003
3 6489 357 2591
3 6489 2591 2317
3 688 1861 2244
3 688 2295 1861
3 5888 2295 688
3 4566 4771 2244
3 3128 5788 3897
3 3128 3897 2338
3 136 2678 3897
3 2338 5951 3705
3 5951 2678 5387
3 5951 5387 3705
3 1209 2653 3980
3 296 1534 2583
3 5884 651 4228
3 651 2823 4228
3 4054 5258 4906
3 1289 5280 2239
3 5280 1289 1958
3 5280 1958 6265
3 6355 1289 2239
3 710 6280 1061
3 3557 710 1061
3 1061 6280 1295
3 710 3557 3768
3 710 3768 6280
3 1352 4509 3768
3 3768 4509 5890
3 6339 4064 3773
3 5605 1361 1550
3 1550 1361 5380
3 5605 1501 1361
3 2934 3567 1726
3 3567 2934 5529
3 6309 1592 2824
3 4124 1549 5271
3 2105 867 3885
3 3885 867 5136
3 1005 3799 956
3 3799 247 956
3 956 3574 1005
3 3574 3842 1005
3 1005 3842 5624
3 1005 5624 3799
3 3799 4655 247
3 5522 5962 763
3 763 5962 553
3 763 553 3742
3 3742 553 5489
3 3742 5489 2360
3 3742 2360 6292
3 5489 554 5729
3 554 5489 553
3 6259 6243 3214
3 6259 4914 528
3 939 3651 383
3 6097 939 1400
3 1400 939 3725
3 939 383 3725
3 4048 3546 1794
3 4048 1794 4498
3 3546 475 1794
3 4498 1794 118
3 3025 4498 118
3 3025 118 1583
3 5184 1583 475
3 475 1583 1794
3 1583 118 1794
3 1569 1963 218
3 5137 5994 5002
3 5994 4075 5002
3 4075 5994 2126
3 4801 4797 5994
3 2126 5994 4797
3 2513 2126 1341
3 2513 4075 2126
3 2126 4797 1341
3 1341 4441 2540
3 3718 3427 5204
3 2366 5098 5488
3 5488 4168 2366
3 2366 4168 2084
3 2084 4011 2547
3 4168 5488 5207
3 3049 5504 2366
3 3049 2547 561
3 5504 3049 561
3 3737 5101 5804
3 3965 5804 5101
3 3352 5363 5868
3 5868 2217 3352
3 3352 2217 3965
3 3565 1452 2217
3 3565 2217 5868
3 5363 6287 5868
3 5929 3565 5868
3 5929 5868 6287
3 6282 4155 6287
3 2342 4753 3085
3 2342 4067 4753
3 3532 4067 2342
3 5151 3772 4419
3 3772 6360 4419
3 273 4584 5675
3 273 2050 4584
3 4969 2305 5848
3 5848 4929 1498
3 1498 4929 1358
3 5636 2053 2094
3 1358 591 1498
3 2506 3686 1537
3 2506 1537 5791
3 6458 5791 1537
3 221 6458 1537
3 6458 5989 1329
3 5791 6458 1329
3 895 4893 59
3 895 59 6465
3 2731 59 4893
3 2314 4893 895
3 216 5322 4368
3 1433 4368 5322
3 6053 6139 2792
3 6139 6053 1519
3 1303 1519 6053
3 921 3961 472
3 921 472 2722
3 921 2722 6400
3 921 6400 3961
3 3961 6400 4184
3 3961 4184 747
3 3961 4301 472
3 4686 5813 2722
3 2722 5813 3708
3 6359 3896 3708
3 3896 2280 3708
3 4774 3979 1188
3 2226 450 6062
3 2226 1728 450
3 450 1728 2644
3 4722 234 6568
3 4722 6568 1217
3 1217 6568 4467
3 4029 2571 1282
3 4029 1282 298
3 414 5453 6075
3 4837 2574 5629
3 4306 5042 3764
3 5117 5872 2655
3 1457 6094 4933
3 1981 3980 4410
3 734 1534 296
3 734 296 4769
3 734 4769 6540
3 734 6540 3720
3 734 3720 1534
3 3057 5244 4576
3 4769 5244 3057
3 5244 2045 4576
3 2045 5244 1493
3 5244 5884 1493
3 2790 5250 5540
3 2790 5540 4560
3 5185 2790 4560
3 1958 4849 2656
3 5185 1958 2656
3 3687 2656 4849
3 3509 628 669
3 3509 669 961
3 628 3687 669
3 669 4849 961
3 961 4849 5766
3 961 5766 3509
3 3509 5766 4224
3 3509 4224 628
3 3687 628 4224
3 669 3687 4849
3 5890 1659 4796
3 4509 9 5978
3 1528 4749 5591
3 3363 3773 512
3 3363 2883 2669
3 2883 3363 512
3 2035 1290 1968
3 5693 4910 2682
3 149 5291 4258
3 4723 4258 2162
3 5669 5580 3655
3 3655 5580 5772
3 3374 3275 6113
3 1234 3374 1722
3 3374 1234 5409
3 3374 5409 3275
3 6309 3275 5409
3 1549 5376 5271
3 3818 5271 5376
3 5271 3818 3815
3 3815 6309 5271
3 160 5271 6309
3 3330 684 3440
3 2105 5624 5686
3 2105 5686 867
3 867 5686 261
3 867 261 5136
3 5624 832 5686
3 1822 5686 832
3 6202 5689 3842
3 6254 1590 5689
3 6254 1398 1590
3 5998 1590 1398
3 6213 763 3742
3 6213 3742 6292
3 5984 6292 3195
3 288 2360 5489
3 4243 554 553
3 4243 553 5962
3 4956 3397 6097
3 3671 3397 4956
3 4265 5949 141
3 141 5949 2923
3 4047 141 2923
3 141 4047 2421
3 4265 141 2421
3 919 3260 901
3 919 901 2468
3 3283 901 3260
3 3260 2728 367
3 367 3718 5204
3 2703 3540 1030
3 1030 4998 2703
3 2703 4998 1800
3 1800 4824 2703
3 5207 4185 4168
3 4168 4185 4011
3 4168 4011 2084
3 5804 1452 310
3 2851 3039 564
3 564 3039 5488
3 2714 5043 4481
3 2714 4481 4287
3 2397 5043 2714
3 3947 2397 4597
3 6360 4191 744
3 1227 2905 250
3 1183 2050 5403
3 4139 2983 3106
3 3106 2983 3442
3 5403 3442 2983
3 4961 1008 2470
3 2140 2470 1008
3 1318 1855 257
3 1266 4085 916
3 1266 916 6069
3 4263 916 4085
3 916 4263 999
3 6465 916 999
3 4263 4347 999
3 150 1266 500
3 1266 150 2026
3 121 727 536
3 5697 5482 5658
3 1231 1962 5322
3 1231 5322 216
3 922 5322 3448
3 3448 5322 1962
3 4936 5563 2665
3 963 4127 145
3 5068 145 974
3 974 145 4127
3 974 4127 5054
3 6519 974 5054
3 974 6519 5068
3 6477 3465 2012
3 6519 6477 2012
3 5241 1706 4820
3 4820 1706 1384
3 334 3662 155
3 5214 1037 4573
3 2639 5560 1556
3 882 6205 495
3 882 495 2639
3 183 2010 882
3 5849 746 4676
3 4722 5400 234
3 4739 4156 3052
3 3052 4156 735
3 2550 4150 2346
3 2346 3682 2550
3 2346 5649 4405
3 2346 4405 3682
3 798 2946 3795
3 3795 1643 798
3 798 1643 3237
3 3237 3682 798
3 798 3682 2946
3 298 1282 2666
3 6525 219 1282
3 1282 219 2666
3 2666 219 1247
3 1993 2455 3096
3 1993 3096 4504
3 4504 3764 342
3 1993 4504 342
3 984 5330 1151
3 1151 5330 3162
3 1151 3162 3805
3 1193 5815 1056
3 1193 1056 1353
3 1353 1056 1733
3 1056 5815 4613
3 5225 1098 539
3 1193 5225 539
3 5815 1193 539
3 1098 147 539
3 539 147 5815
3 687 5815 147
3 658 4933 356
3 658 356 1372
3 1372 3302 658
3 658 3302 3490
3 6099 2984 6066
3 6099 6066 4429
3 4429 6066 4059
3 3436 4059 6066
3 6289 4921 4720
3 4059 4357 4429
3 1362 2298 636
3 1195 636 1141
3 636 1195 1362
3 1362 146 2298
3 636 114 1141
3 6488 5540 2193
3 213 2193 5540
3 1665 2568 4895
3 5250 5232 5540
3 2174 5232 2307
3 2307 5232 5766
3 4700 2249 3012
3 4874 4091 890
3 1336 5235 5618
3 5235 4874 5618
3 4781 2662 5691
3 6350 2682 4239
3 4239 5691 6350
3 4239 2682 4910
3 4910 5526 6140
3 5324 4910 6140
3 1309 6431 5356
3 5111 5356 6431
3 770 5111 5431
3 211 5236 4856
3 4856 5236 4857
3 4857 5236 1503
3 5333 1503 5236
3 2162 6293 4723
3 1180 4670 377
3 1180 377 5685
3 4400 377 4670
3 2865 4040 5818
3 1585 4040 2865
3 4040 4331 5818
3 2865 6113 1585
3 4050 6113 1204
3 1204 3815 4050
3 4050 3815 3818
3 684 4040 1585
3 5376 684 1585
3 4040 3330 4331
3 2109 1144 4076
3 2109 5826 1144
3 1144 152 4076
3 152 4783 4076
3 4076 4783 3712
3 4211 1810 6531
3 2593 6531 1810
3 6531 4803 4211
3 6531 2593 4531
3 4330 3673 2515
3 2515 5139 4330
3 2234 1893 6539
3 3263 5750 5930
3 5746 5827 5192
3 3870 5827 3834
3 3834 6541 1879
3 1879 6541 6035
3 3227 4069 2101
3 3227 5610 4069
3 2668 3856 3227
3 5610 3227 4575
3 2548 4575 3227
3 2548 3227 3856
3 5515 1105 725
3 5515 4998 24
3 2183 750 5238
3 6414 2183 5238
3 5099 2529 5238
3 5637 3690 3390
3 3390 3690 6484
3 3390 1510 5637
3 1369 4824 6445
3 1369 6445 4972
3 953 5207 3039
3 4058 1785 1161
3 467 4264 2277
3 2277 4264 1668
3 4661 2277 1668
3 2277 1613 467
3 1613 5671 467
3 2277 4661 4524
3 799 3191 3803
3 799 3803 5655
3 799 5655 3529
3 799 3529 1438
3 799 1438 3191
3 5403 1438 3529
3 3229 4146 4139
3 4139 2879 3229
3 188 4506 3958
3 3803 188 4406
3 3958 4406 188
3 4157 1581 2313
3 2313 1581 1721
3 2781 2268 5367
3 5367 6020 4083
3 326 4083 6020
3 2664 2436 991
3 2664 991 3640
3 5645 402 2664
3 2664 402 2436
3 3470 991 2436
3 5438 2436 402
3 4949 5438 4719
3 5438 4949 3470
3 1284 3702 2544
3 4936 2473 4070
3 3801 2665 6410
3 2665 3801 4936
3 6410 5200 3801
3 5588 2258 6410
3 5832 34 5068
3 5832 2893 34
3 1899 5484 1057
3 1057 5484 5974
3 3465 4747 2012
3 2012 4747 3516
3 6440 3516 4747
3 6427 3780 4784
3 6427 4137 3780
3 4535 196 4395
3 4117 4395 196
3 4675 3141 5423
3 1635 3204 496
3 496 3204 2817
3 2817 1735 496
3 496 4479 1635
3 1735 2817 4491
3 5214 4491 2817
3 6376 6021 4491
3 1425 4552 4255
3 4552 1425 6163
3 6396 1742 206
3 6396 206 6377
3 985 1763 6412
3 6412 1763 1742
3 206 1742 1763
3 985 6395 1763
3 6044 3051 3792
3 3792 3051 985
3 6395 985 3051
3 3792 985 6412
3 6412 5216 3792
3 3792 5216 6044
3 3682 4156 2550
3 5420 2221 2454
3 568 2454 2221
3 1149 6518 5546
3 5546 2455 1149
3 1151 3805 3931
3 1151 3931 90
3 1151 90 1804
3 90 3931 6127
3 5703 3805 4518
3 5703 4518 1843
3 5703 1843 6308
3 1837 5703 6308
3 3805 1475 4518
3 4518 5642 1843
3 1843 5642 6308
3 3499 6183 3418
3 5206 3418 6183
3 4152 1300 4996
3 4996 1300 6379
3 2580 4527 5722
3 4060 2074 556
3 556 5898 4060
3 2907 556 3302
3 1372 2907 3302
3 2907 5633 5898
3 5633 1862 1539
3 6288 1862 2907
3 5633 2907 1862
3 4059 2052 637
3 637 4357 4059
3 637 4618 4357
3 4944 2229 3915
3 1821 3915 4581
3 5677 144 2738
3 914 4131 6189
3 6189 4891 914
3 3881 4639 3716
3 4639 4891 3716
3 1332 5153 5531
3 1566 1332 2325
3 2325 1332 5531
3 5382 4782 2307
3 2307 2249 5382
3 3918 2692 4091
3 2692 5162 3691
3 2692 3691 4091
3 2007 994 3402
3 3402 2285 2007
3 2007 388 994
3 388 2979 994
3 1055 4366 1873
3 965 1873 4366
3 965 4366 1502
3 2507 6406 4119
3 4119 6406 1354
3 4020 458 5630
3 5630 458 5007
3 2595 3695 541
3 4856 5349 5681
3 2647 5349 1049
3 2647 1049 663
3 2647 663 4298
3 663 1049 3793
3 95 3959 3513
3 95 3793 3959
3 3959 3793 1049
3 3959 1049 5349
3 5349 3513 3959
3 1236 4035 4005
3 4005 2087 1236
3 5006 1236 2087
3 1236 5006 4035
3 4035 449 4005
3 4005 4372 2087
3 3174 4723 6293
3 4556 3791 5711
3 4400 1350 972
3 972 3791 3429
3 972 6279 3791
3 6279 972 1350
3 6485 720 3712
3 3212 3712 720
3 3212 6485 5818
3 6485 3212 720
3 4978 2209 2119
3 4978 1350 2209
3 5705 6545 5773
3 2999 1651 3570
3 2999 5249 6157
3 3570 5249 2999
3 4026 5954 2079
3 826 4773 4109
3 2079 5143 4109
3 5954 5143 2079
3 3434 2027 6349
3 6174 5311 5144
3 4234 5373 2832
3 5144 482 2832
3 2832 5373 5144
3 5373 4234 4478
3 6035 4303 1094
3 6541 6397 6035
3 6327 5024 381
3 6467 4044 3296
3 3296 5610 6467
3 4044 1525 3296
3 19 4934 2778
3 6414 19 2778
3 6414 5238 4594
3 4142 3388 4594
3 4594 3388 6414
3 2054 3076 6255
3 2054 6255 1163
3 1163 2529 2054
3 2054 2529 3076
3 797 631 1964
3 797 1964 2288
3 797 2288 6002
3 797 6002 631
3 4611 3769 1048
3 3690 2070 4611
3 3690 4611 1048
3 2070 3690 5637
3 3690 1048 6484
3 4611 2070 3517
3 3517 2070 2575
3 2070 5637 2575
3 2575 5637 4972
3 2152 3206 2351
3 516 3813 2756
3 516 2756 3058
3 3813 4741 2756
3 5594 3058 2756
3 2281 719 1785
3 2281 1785 4058
3 2281 843 719
3 719 843 4741
3 719 4741 5239
3 719 5239 1785
3 1088 1938 30
3 1088 30 2266
3 1088 709 1938
3 2746 709 1088
3 2503 5523 30
3 2503 30 1938
3 30 5523 2266
3 2503 266 6357
3 266 5254 6357
3 5887 2781 3944
3 3944 2952 5887
3 5887 2952 3839
3 1271 1164 233
3 3717 233 1164
3 6020 629 233
3 629 1271 233
3 2897 6020 1950
3 991 6407 3648
3 5565 6407 2127
3 5803 2127 6407
3 1871 3610 2000
3 3610 1871 5528
3 3801 2570 4936
3 4315 5557 5528
3 5976 4293 6274
3 1679 3409 780
3 1679 780 2076
3 780 3409 2523
3 2422 5934 4213
3 3542 5133 4865
3 4954 5562 5133
3 3542 4954 5133
3 2687 5562 3954
3 2687 3954 4246
3 5083 6427 3344
3 5083 3344 3888
3 5083 3888 760
3 760 6241 5083
3 3210 2864 4784
3 3643 4784 2864
3 4479 1487 5392
3 1487 1215 5392
3 4479 5392 4457
3 6178 1929 4602
3 5267 4562 6100
3 6161 6537 5368
3 5933 4130 263
3 1818 263 4756
3 4130 4756 263
3 5316 4037 3239
3 3239 4037 6395
3 6395 4037 6546
3 6023 5004 5112
3 1685 5112 5004
3 5126 3154 2789
3 2789 4141 4601
3 5126 2789 4601
3 1169 3154 5126
3 3154 4141 2789
3 6118 4045 2392
3 4045 816 2392
3 816 2066 2392
3 5206 683 926
3 701 926 683
3 926 701 1427
3 1427 701 1844
3 4152 4996 1177
3 4152 1177 2484
3 4152 1464 6183
3 1864 3511 5066
3 5066 3511 2171
3 1864 2484 1177
3 1699 1316 3658
3 1316 1699 3506
3 3311 228 599
3 3727 1480 1357
3 5056 3727 3431
3 3727 1357 3431
3 5555 324 1357
3 3431 1357 324
3 324 1995 3431
3 4574 5056 3431
3 1357 1480 5555
3 5555 4106 324
3 324 4106 1995
3 4618 2095 4543
3 4787 986 2688
3 1821 3169 6206
3 3169 42 6206
3 1821 6206 5710
3 2981 4131 3194
3 2981 3194 2219
3 2219 3194 849
3 3168 2913 3164
3 3323 252 5532
3 3323 5532 5274
3 5274 3168 3323
3 3323 3168 3164
3 3323 3164 1214
3 3323 1214 252
3 252 4639 5532
3 3203 5532 3394
3 3394 5532 1580
3 1122 5274 426
3 426 5274 4276
3 426 5181 1122
3 1122 5181 2913
3 3474 861 5039
3 3474 5039 6534
3 3474 6534 6029
3 3474 6029 861
3 2483 3728 4062
3 965 1502 2395
3 965 2395 3449
3 965 3449 1873
3 3205 5667 5036
3 5776 2146 431
3 6318 2146 378
3 3674 4119 3207
3 4658 3674 3207
3 4119 3674 2663
3 4119 2663 2507
3 3207 4119 1354
3 5462 1050 3487
3 2236 3922 2111
3 2111 3699 6270
3 3699 2111 3922
3 3922 5081 3392
3 22 3922 3392
3 5347 4857 5611
3 3292 4984 3017
3 167 3017 4984
3 6583 1796 1014
3 5422 2606 1381
3 3534 1072 4545
3 2999 6157 5883
3 1651 2999 3033
3 1651 3033 5445
3 5883 3033 2999
3 4773 2121 5249
3 3476 3570 96
3 3476 96 5445
3 3570 1651 96
3 96 1651 5445
3 3934 1538 1020
3 3934 3660 1538
3 1020 4818 3934
3 3948 1305 1894
3 5134 3948 1894
3 3948 5134 4768
3 502 3279 3519
3 502 3519 6349
3 4838 3354 1907
3 1907 3354 270
3 270 3354 5027
3 4478 5027 1306
3 1306 3936 5144
3 3936 1306 5027
3 3342 186 765
3 3342 765 4093
3 552 765 186
3 765 552 12
3 1965 4851 5174
3 2300 3133 5227
3 1163 6255 6226
3 5646 947 1087
3 1087 947 4482
3 5646 4196 6169
3 631 6002 3956
3 631 3956 947
3 631 947 1964
3 4482 947 3956
3 3206 4442 2351
3 2351 4442 3956
3 4442 4532 1201
3 1999 481 5576
3 3070 5576 481
3 5208 5104 2383
3 5104 1054 3370
3 3946 3140 2469
3 3140 6422 2469
3 3877 1109 668
3 3877 668 4120
3 5366 1109 3877
3 1109 5366 1856
3 1109 305 668
3 668 305 2331
3 668 2331 4120
3 1179 2093 6347
3 4120 6347 2093
3 217 1179 6347
3 6517 2205 6347
3 542 4953 3883
3 3883 5803 3610
3 3883 3610 4742
3 3883 4742 542
3 5803 2000 3610
3 3610 5528 4742
3 5557 2056 4742
3 5557 5976 5465
3 1687 3851 551
3 1687 2634 3851
3 3851 2634 4381
3 3851 4381 780
3 3278 5215 4046
3 5215 5641 4046
3 6080 5641 4790
3 4232 2701 5138
3 4232 5657 4865
3 4232 4865 2701
3 2701 2687 5138
3 4246 5138 2687
3 5562 2687 2701
3 5562 2701 4865
3 2646 1165 1212
3 1212 1165 4246
3 1212 4246 4038
3 5138 4246 1165
3 5138 1165 5041
3 3784 652 3469
3 2696 5860 1895
3 1895 5860 6440
3 5127 5631 417
3 5173 3136 6241
3 3643 1806 5173
3 4470 5392 3316
3 2957 3316 5392
3 896 6331 3624
3 3251 3624 6331
3 4355 5838 5979
3 5979 4653 4418
3 295 2145 5596
3 1896 4517 1929
3 1929 5149 4602
3 4590 6100 4325
3 4325 4177 4590
3 3069 5383 267
3 2471 5383 3069
3 715 6546 4735
3 5194 1882 1662
3 5194 1662 5112
3 1325 4034 6362
3 968 3078 6022
3 3554 5923 5059
3 4601 129 4170
3 129 6354 3455
3 6354 129 4601
3 3362 6354 4601
3 6248 5896 1710
3 1710 3950 6248
3 3950 1710 3400
3 3400 446 4546
3 1911 3400 4546
3 2066 2986 6184
3 6184 2986 1688
3 3015 5076 1844
3 3015 1844 701
3 3015 701 683
3 683 6183 3015
3 606 2484 1864
3 606 1864 5066
3 5066 3972 606
3 606 3972 1464
3 606 1464 2484
3 438 3054 3900
3 6416 3054 438
3 3900 3084 4323
3 3320 5209 3084
3 4323 3084 5209
3 3171 3462 3506
3 3462 5209 3320
3 3462 3320 3506
3 1509 3506 3320
3 5302 248 5656
3 5656 248 3311
3 5555 5656 4106
3 5555 6426 2407
3 3543 5656 2407
3 5555 2407 5656
3 5780 1686 6426
3 5780 3224 5056
3 5780 5056 6081
3 5780 6426 3224
3 2247 6438 302
3 302 5780 2247
3 2247 5780 6081
3 5780 302 3831
3 5780 3831 1686
3 4358 6081 4574
3 5213 6081 4358
3 5213 2247 6081
3 5548 5222 1108
3 5548 1108 3306
3 1073 3306 1108
3 1073 1108 5222
3 1073 5222 1718
3 1073 1718 6509
3 6509 3306 1073
3 4831 5299 2895
3 4831 2895 4447
3 4831 4447 6301
3 1235 6417 4657
3 6534 5039 6378
3 1431 4220 3271
3 3205 5036 804
3 3205 804 2395
3 4288 804 5036
3 5036 5668 5109
3 2847 1245 1816
3 1245 1115 2856
3 1245 2856 1816
3 1727 2856 1115
3 2856 928 1816
3 2663 5834 4360
3 2113 4222 721
3 2113 721 1773
3 5554 5094 1355
3 1355 5094 1874
3 2585 3473 3994
3 2073 3994 3473
3 6337 5521 4697
3 4697 5521 4304
3 5521 6337 4259
3 6337 4704 4259
3 5819 4259 4704
3 1016 4259 1489
3 1489 4259 5466
3 1016 5521 4259
3 2403 5466 5819
3 1632 1969 3699
3 6270 1969 4262
3 6270 4262 5464
3 4262 1969 1632
3 6125 461 3292
3 4545 1072 2762
3 2762 1072 2916
3 2916 1072 5965
3 1172 2867 866
3 1172 866 4662
3 4662 866 3660
3 3660 866 1538
3 1538 866 2867
3 1538 2867 2159
3 1555 2159 2867
3 3089 5344 6585
3 1097 2263 6041
3 1097 6041 5155
3 4844 5931 1521
3 5931 4965 1521
3 1305 2592 1894
3 5846 3519 3279
3 649 1907 105
3 105 1907 3097
3 3646 6147 1672
3 4671 1672 6147
3 1672 4671 537
3 3646 4404 5093
3 3646 5093 6147
3 299 3342 6263
3 427 232 2374
3 4665 2177 533
3 533 2177 1258
3 533 1258 1251
3 1258 2177 6260
3 3749 4665 533
3 533 1251 3749
3 4630 529 4153
3 4153 529 3927
3 4153 3927 1965
3 3927 529 2505
3 5174 4153 1965
3 4153 5174 290
3 4153 290 4630
3 1278 4482 2138
3 2138 4482 4442
3 1719 4928 2134
3 2463 5208 3365
3 6553 86 5694
3 5694 86 5747
3 5694 5747 2463
3 2098 5411 1380
3 2098 2472 5411
3 2046 5411 2472
3 5502 1829 281
3 5502 281 5871
3 5366 853 5009
3 853 1179 5009
3 5009 1179 443
3 443 1179 217
3 443 217 2205
3 5009 3381 5366
3 2337 679 3893
3 3893 679 5517
3 5517 6032 4866
3 5517 4866 3893
3 3785 1241 3849
3 3849 1241 3202
3 6014 6240 4317
3 5976 6306 2034
3 1196 1453 4046
3 4172 2827 671
3 4172 671 405
3 998 405 671
3 4172 3215 2827
3 2827 1196 4046
3 2827 4046 671
3 671 4046 998
3 3042 3318 2785
3 3042 2785 6195
3 6195 2785 5874
3 1744 3559 4448
3 2646 338 3559
3 3559 338 4827
3 4827 338 4935
3 5790 2793 2930
3 2930 2793 2502
3 5993 4886 1113
3 1011 5860 2696
3 191 5464 2191
3 5464 2560 2023
3 2023 2560 4244
3 4922 5928 1609
3 2737 2949 393
3 2949 2737 3730
3 5579 2737 393
3 5300 393 2949
3 904 330 3999
3 904 3999 5072
3 139 5910 5223
3 5223 5910 5512
3 5203 6335 2659
3 4179 5338 5599
3 6108 4057 3213
3 3213 1656 6108
3 4057 3078 3213
3 3287 3521 4546
3 1996 3521 3287
3 5059 3950 3400
3 5059 3400 1911
3 4097 1710 5896
3 4097 5896 5345
3 4097 4546 446
3 4097 446 1710
3 5345 363 3249
3 1905 5500 3345
3 1905 3345 3063
3 3063 3145 1905
3 1317 5500 3145
3 1905 3145 5500
3 1814 4582 5590
3 4582 1814 6190
3 5917 3910 3022
3 4082 5172 5209
3 4082 5209 6504
3 3171 5302 6504
3 6504 5302 5221
3 1143 5221 4226
3 1143 4226 619
3 1143 619 5427
3 6438 5938 3831
3 6438 6499 4843
3 3408 4870 2178
3 2672 6101 1718
3 1718 6101 6509
3 5299 1395 2672
3 428 5299 4831
3 5299 2672 2895
3 1235 4657 5640
3 1235 5640 1338
3 428 1235 1338
3 1235 428 6417
3 4657 2643 2224
3 4223 2224 2643
3 5109 1918 4288
3 3706 3585 3765
3 3424 3765 3585
3 4832 6131 3424
3 738 5309 6313
3 3299 738 6313
3 2847 1544 5613
3 379 1187 1544
3 3886 4977 2446
3 5632 3923 3886
3 3886 3923 5867
3 3886 5867 2254
3 2254 5867 5339
3 6404 126 1586
3 1586 126 5632
3 3953 3124 5365
3 5365 3124 435
3 435 3124 459
3 5688 2925 3990
3 4063 4388 3356
3 4304 434 4063
3 3158 4388 4063
3 3158 4063 434
3 434 6197 3158
3 5466 4401 3349
3 5466 3349 4516
3 4244 3349 4401
3 5464 2023 6270
3 3942 5178 3632
3 5792 3653 2502
3 5792 2502 5993
3 5792 5993 1758
3 3653 2930 2502
3 1473 5597 6351
3 6351 5721 5704
3 4299 5704 5721
3 5155 6041 5344
3 1450 4365 3080
3 1450 3080 4955
3 1450 4955 2995
3 5451 3157 2953
3 3635 2953 3157
3 3635 714 1345
3 3635 1345 2953
3 2953 1345 2003
3 3315 5931 3823
3 3823 4844 3422
3 2592 2846 3422
3 3422 2846 5503
3 1216 885 120
3 1216 120 1315
3 1216 6316 4578
3 1216 4578 885
3 120 3539 470
3 3539 120 885
3 2240 3180 2564
3 3988 6039 6089
3 3988 6089 1394
3 6039 3988 5049
3 6263 427 775
3 5822 3061 4121
3 5822 4121 3871
3 920 6260 5284
3 920 5284 4695
3 3176 4665 373
3 3176 373 6260
3 3176 6260 2177
3 3176 2177 4665
3 373 4665 4344
3 5911 2831 4105
3 4630 2831 2679
3 5374 2831 3172
3 2831 5374 1689
3 5374 456 1689
3 4260 3242 856
3 4260 856 1719
3 4260 1719 5747
3 4260 3282 3242
3 856 3242 4928
3 856 4928 1719
3 680 4260 6198
3 680 678 3282
3 678 680 1393
3 1393 4188 678
3 1393 680 6198
3 4268 6449 6061
3 6496 6061 6449
3 5601 4555 5264
3 3179 5140 5850
3 5850 2735 3179
3 2771 3787 1564
3 2251 5698 5517
3 5698 2047 5517
3 679 2337 3135
3 679 3135 2251
3 3135 3406 4373
3 3785 6240 2016
3 5288 2016 6240
3 4752 1720 869
3 869 1720 5113
3 1830 1339 703
3 1830 1119 4116
3 1830 4116 1339
3 703 5073 1119
3 703 1119 1830
3 1600 1563 5351
3 3783 1121 4129
3 3783 4129 3530
3 3530 4129 2509
3 1121 3783 983
3 983 3380 1121
3 1121 3380 4129
3 3223 6195 4181
3 1671 4181 6195
3 5574 3502 2588
3 4448 2588 3502
3 4448 4827 2588
3 2588 3322 2402
3 2588 2402 5574
3 3492 3322 4827
3 2815 5597 501
3 2812 78 1482
3 2812 4307 78
3 5545 4307 2812
3 1957 5545 2528
3 2528 5545 5398
3 3151 5398 5704
3 3998 884 5762
3 3998 4913 884
3 884 3151 5762
3 3774 5781 3820
3 3774 2736 5781
3 5781 4486 3820
3 3157 4955 3080
3 3157 3004 4955
3 2458 4955 3004
3 3823 3422 1754
3 3315 3823 1754
3 2564 3960 1128
3 796 3960 2564
3 6039 5661 6089
3 6089 3514 3405
3 6089 3405 3180
3 5661 3514 6089
3 6045 4798 2096
3 198 4121 5539
3 5539 4121 615
3 615 5828 5539
3 3871 4121 198
3 3061 615 4121
3 615 3061 5828
3 4105 4043 157
3 4105 157 5284
3 6570 3235 3282
3 6570 3282 678
3 6570 3149 3235
3 3149 195 3235
3 195 3149 4277
3 5758 4277 3149
3 5177 6199 85
3 6496 85 6061
3 6199 6061 85
3 1226 5496 1240
3 1226 1240 5301
3 3000 1240 5496
3 3181 5496 6496
3 5496 4476 3000
3 5850 5926 3612
3 4650 3612 5926
3 5926 977 5389
3 4872 5159 1547
3 1547 5159 2582
3 5698 971 3787
3 3787 971 5159
3 2582 5159 971
3 3858 2301 971
3 971 2301 2582
3 362 4986 2301
3 3858 362 2301
3 6159 5113 5458
3 6236 5458 5113
3 3667 1302 4116
3 4116 1302 142
3 142 1302 5113
3 1248 1156 3618
3 1156 1248 2739
3 1156 2739 1302
3 1156 1302 3667
3 1156 3667 3618
3 4427 2386 5439
3 1276 4427 2908
3 1478 6220 4967
3 5343 3848 3464
3 5343 3464 6003
3 5545 3641 5343
3 5545 5343 4307
3 5343 3641 3848
3 4775 3848 2651
3 3848 3641 5395
3 3848 5395 2651
3 3796 1631 5419
3 5419 1631 4960
3 3998 2154 4402
3 6142 366 5870
3 366 1990 5870
3 1990 366 2878
3 1273 2878 366
3 1273 366 1584
3 6142 1584 366
3 2892 4178 439
3 6142 2892 439
3 2508 2892 6142
3 2892 2202 4178
3 844 2128 3044
3 3044 3414 844
3 2292 5592 872
3 5661 6039 1791
3 5732 2083 1154
3 5828 5301 5539
3 4043 5939 6095
3 2612 1540 4496
3 1299 5389 5450
3 5450 5321 4351
3 5450 4351 1299
3 1299 4650 5389
3 1567 5450 5389
3 1567 6505 79
3 1567 79 5450
3 5450 79 5740
3 2582 4986 1547
3 6040 3760 4982
3 6040 4982 2412
3 6040 6459 3760
3 6043 2642 6459
3 6459 2642 1532
3 584 2620 2642
3 2620 584 3428
3 2642 6043 584
3 584 6043 6451
3 3920 2420 5866
3 5866 1596 3920
3 4775 321 4176
3 6526 4176 321
3 2712 1702 4775
3 1002 5319 3317
3 1002 3317 5434
3 1002 5434 4174
3 1002 4174 5319
3 180 6508 978
3 180 978 1078
3 1078 978 4174
3 4174 978 5319
3 3317 5319 1698
3 3925 6508 5959
3 5700 4402 2154
3 1273 5969 178
3 1273 178 2878
3 3580 464 387
3 3580 387 4149
3 6142 464 3580
3 464 4564 387
3 439 4178 4564
3 872 3319 2292
3 2423 3319 1495
3 1495 3319 872
3 1166 6580 3794
3 5290 2755 854
3 5321 854 2755
3 5290 2206 4496
3 2206 2612 4496
3 4828 5262 1150
3 745 5733 4190
3 3481 4190 5733
3 960 2361 4819
3 960 4819 3937
3 1615 3937 4819
3 1615 5364 3937
3 3372 3937 5364
3 3937 3372 960
3 2361 960 3372
3 5833 5678 1010
3 5833 1010 4666
3 2411 3398 4880
3 497 1827 4799
3 497 4799 6078
3 3817 5132 3317
3 978 6508 3538
3 978 3538 5319
3 3598 5959 3571
3 3925 436 2020
3 436 3925 5877
3 2610 1218 3680
3 3680 1218 6554
3 1233 5733 5364
3 4828 4149 5262
3 4772 4178 4218
3 5801 6460 1159
3 5801 1159 1553
3 1010 1757 4666
3 2411 3253 3398
3 3006 2411 4880
3 497 3647 4880
3 3006 3647 944
3 339 2705 1081
3 2705 2286 1081
3 2286 190 1081
3 5283 1081 190
3 1026 2800 3836
3 5999 1026 5900
3 5900 1026 3836
3 5877 2559 2533
3 3598 441 6599
3 5981 6599 441
3 3680 6554 3571
3 2424 1083 1997
3 1997 1083 4193
3 1997 4193 813
3 1997 813 3685
3 1997 3685 5950
3 2424 1997 5950
3 1717 3685 3333
3 813 3333 3685
3 3463 3253 2411
3 3463 2411 979
3 979 2411 3006
3 2339 1577 944
3 3006 944 1577
3 2753 2099 4812
3 3889 4812 2099
3 2753 4812 5749
3 5749 989 5275
3 2753 5749 4074
3 2753 4074 5283
3 5283 190 4100
3 5907 5412 3189
3 1935 304 5907
3 1935 5907 3189
3 1935 3189 369
3 5999 5900 4680
3 3836 1449 5331
3 1513 2475 4855
3 3091 1857 2854
3 2854 1857 1523
3 3466 5107 695
3 3466 695 1857
3 1205 695 2518
3 5107 2518 695
3 4465 1577 4207
3 4812 706 134
3 134 706 989
3 4812 140 706
3 706 140 6150
3 706 6150 989
3 3095 3889 2099
3 732 4100 2492
3 732 2492 4638
3 3974 2774 675
3 3030 1859 3738
3 3738 1859 4217
3 3738 5955 3030
3 3030 675 1859
3 675 3030 3974
3 1125 675 2774
3 675 1125 1859
3 1859 1125 4217
3 946 2774 3974
3 5955 3738 3083
3 6591 730 5331
3 5331 730 3836
3 730 6591 4217
3 730 4217 5900
3 730 5900 3836
3 5725 2820 543
3 2117 2820 5725
3 2820 5331 543
3 6057 2475 3495
3 6057 1579 4855
3 6057 4855 2475
3 4162 3974 5955
3 4162 5955 1655
3 4162 946 3974
3 3974 3030 5955
3 5955 2555 1655
3 3130 1334 929
3 2153 3130 929
3 3130 1022 1334
3 1334 1022 3575
3 1334 3575 1205
3 1334 1205 929
3 3575 1022 4512
3 3744 2948 6317
3 3744 6317 3482
3 4900 3949 3184
3 3500 1286 5397
3 3500 5397 4408
3 3500 4408 3949
3 3500 3949 4900
3 3500 5714 1286
3 2804 3247 5397
3 888 3013 4902
3 122 1225 61
3 61 6119 122
3 122 5553 1225
3 1027 1225 4712
3 1027 61 1225
3 2306 5599 1192
3 2306 1192 4989
3 4989 3146 2306
3 5599 2306 3146
3 5338 353 5599
3 5045 1192 353
3 353 1192 5599
3 1192 5045 4989
3 6558 635 5767
3 894 6374 635
3 894 635 4770
3 5345 3249 4546
3 4546 3249 3287
3 3249 4488 1996
3 4456 5463 4189
3 4189 5463 4241
3 4241 5463 1046
3 1046 5463 677
3 814 5753 6471
3 814 6471 4354
3 6471 5071 2348
3 676 2348 5071
3 6471 2348 5385
3 5385 2348 2744
3 6190 3806 5021
3 3806 6190 3582
3 3806 4245 5021
3 4435 4245 2293
3 2293 3582 4951
3 2116 4435 2293
3 2116 2293 4951
3 2116 4951 3595
3 2250 2116 3595
3 2116 2250 4435
3 4245 3152 3911
3 3911 4834 891
3 3911 891 4245
3 3152 5427 3911
3 5730 3290 5564
3 6101 2178 6509
3 6509 2178 4870
3 5564 2178 6101
3 4657 2224 5640
3 4868 2991 3313
3 5404 6561 1197
3 6561 5404 4353
3 738 3299 6408
3 738 6408 5404
3 5404 6408 4353
3 3299 6313 1782
3 4691 3952 231
3 231 3668 4691
3 4691 3668 871
3 871 3668 4707
3 1 3898 2525
3 1 2525 5339
3 5339 2525 2254
3 2765 6404 5219
3 5219 6404 189
3 5219 5399 3779
3 588 3779 5399
3 3779 588 2536
3 3779 2536 5963
3 588 5399 6166
3 6166 5399 3982
3 5219 3779 1041
3 5219 1041 2765
3 3577 3923 5632
3 3577 5632 4751
3 3577 5339 5867
3 5867 3923 3577
3 3975 189 6404
3 3975 5399 189
3 5399 3975 3982
3 286 4861 6166
3 6166 4861 3267
3 1750 4861 5876
3 5876 4861 2925
3 1750 5851 4861
3 2813 6298 5674
3 2231 3104 4295
3 3104 2231 835
3 2453 3104 835
3 3104 2453 4412
3 3104 4412 5902
3 3104 5902 4295
3 4254 903 644
3 4254 644 3844
3 3175 644 903
3 4254 1304 2384
3 1157 3247 4428
3 4902 3013 6273
3 545 3754 5257
3 545 5257 1983
3 545 5052 4983
3 545 4983 3754
3 5257 3754 5741
3 2259 5257 5741
3 5741 3943 2888
3 753 2973 1259
3 753 4780 2259
3 753 2259 123
3 753 123 2973
3 4148 2973 123
3 786 5941 5161
3 786 5161 2973
3 786 2973 4148
3 786 4148 5941
3 3301 6119 4863
3 4941 589 6119
3 6119 589 4863
3 5217 3146 837
3 4018 837 4989
3 4989 837 3146
3 4018 4622 2169
3 4018 5186 2328
3 4018 2328 4622
3 2328 5186 4334
3 4079 4334 5045
3 5186 5045 4334
3 6448 4334 4079
3 1946 4012 6372
3 4012 1946 6558
3 1946 6372 1574
3 5767 5055 4012
3 6130 2994 5767
3 6130 1931 5242
3 5242 1931 5647
3 1378 1260 4854
3 685 4854 1260
3 685 2409 1614
3 2409 685 1260
3 586 333 1189
3 586 1189 2685
3 4241 1222 3945
3 3857 645 4056
3 3857 4056 1238
3 3857 1960 645
3 5761 5701 5418
3 4692 2122 2203
3 4692 2203 4868
3 4868 2203 3996
3 4721 2203 3437
3 3437 2203 2122
3 2203 4721 3996
3 6450 5578 173
3 3293 3971 181
3 3971 5340 5628
3 3971 5628 181
3 3293 181 6367
3 3293 918 3971
3 918 5340 3971
3 5405 1270 6367
3 4645 6478 881
3 6478 6408 6285
3 1782 6285 6408
3 6266 5937 6285
3 6166 390 588
3 588 390 2536
3 1265 2536 390
3 3531 2269 5467
3 3531 5467 29
3 3531 29 1781
3 5467 2269 2060
3 4842 4899 4959
3 4959 5853 4842
3 806 5674 5853
3 6298 4621 1019
3 5674 6298 1019
3 5674 1019 5990
3 4621 590 6291
3 4053 3715 2616
3 2616 1114 4053
3 3715 4053 1906
3 3846 2616 3715
3 2616 3846 1114
3 3846 5902 133
3 3846 133 1114
3 103 2364 2519
3 601 3175 2519
3 3175 601 1162
3 1162 601 6076
3 2364 601 2519
3 4300 5924 4780
3 5741 2888 123
3 2259 5741 123
3 4780 2845 4300
3 1342 3837 1980
3 1342 476 3837
3 2845 476 1342
3 1342 3486 2845
3 1884 3757 348
3 2324 1884 348
3 348 3757 2681
3 2770 662 5270
3 1194 4128 5202
3 1194 5202 5312
3 1194 3236 4128
3 4791 4740 5044
3 2160 2994 5242
3 5242 2994 6130
3 538 3903 205
3 538 2971 3903
3 3903 2971 966
3 3903 966 63
3 645 1960 827
3 645 827 2147
3 645 2147 4795
3 645 4795 4056
3 5761 173 5578
3 5761 5578 432
3 5761 432 5701
3 6210 5701 432
3 6210 432 5578
3 337 2649 5957
3 5957 2649 5996
3 5957 5996 360
3 5957 5230 337
3 681 2622 6478
3 620 2622 681
3 2622 620 4327
3 1104 3726 5937
3 5937 3726 6285
3 1104 723 3726
3 1653 6363 4497
3 4497 6363 5731
3 5731 6363 2686
3 4950 2686 3880
3 5621 6352 138
3 5621 138 2628
3 5467 3024 29
3 5467 4899 6584
3 4899 282 6584
3 5990 4842 5853
3 4614 4842 5990
3 5990 1019 3562
3 5990 3562 4614
3 3562 1019 4621
3 6420 6291 4822
3 4822 4599 6420
3 3453 203 6188
3 203 3453 2444
3 3967 6382 3192
3 6382 397 3192
3 1751 6382 3967
3 6382 3148 397
3 3701 3285 3035
3 1898 3035 3285
3 4300 5123 5924
3 5123 4300 1705
3 4300 4013 1705
3 1884 2514 332
3 2695 4092 1732
3 2695 1385 4092
3 2779 4092 4616
3 4092 1385 4616
3 2695 453 1385
3 3461 1455 5759
3 3697 3461 5759
3 3697 2038 3461
3 1294 3941 2992
3 2992 6326 1294
3 1294 6326 1481
3 1294 1481 2723
3 1294 2723 3941
3 4640 3941 2723
3 2770 2723 1481
3 3291 1210 970
3 970 2723 2770
3 970 2770 3291
3 1210 3291 1423
3 1210 4640 970
3 4765 3291 5270
3 3291 2770 5270
3 5270 4118 4765
3 2901 3071 4957
3 2901 3697 3071
3 4791 3638 5881
3 5044 3075 3638
3 5044 3638 4791
3 4436 4840 3075
3 3847 3075 4840
3 5090 1136 3642
3 1760 3642 1136
3 1145 5612 3197
3 4980 3197 5612
3 4931 4980 5612
3 1604 5901 385
3 1604 1562 5901
3 5901 1562 6055
3 1275 5285 3404
3 3404 5285 4204
3 4204 2819 3404
3 1275 4687 5285
3 4687 1611 5285
3 4204 5285 1611
3 6193 2381 5077
3 5077 2381 2329
3 4761 3634 4081
3 4081 4432 4761
3 6479 3634 4761
3 6401 5843 3569
3 3569 5843 5886
3 6363 1653 3391
3 6013 3391 1653
3 5706 3294 2498
3 272 3294 5706
3 3566 5621 3880
3 3566 3880 2686
3 2686 6363 3566
3 1176 350 4681
3 3340 350 1176
3 358 4614 3747
3 912 358 3747
3 6074 5432 4614
3 6257 6547 5831
3 6257 5831 5432
3 4227 5315 2438
3 4227 2438 5639
3 4227 5639 2861
3 2861 6038 6547
3 5639 2438 4624
3 4227 1370 1594
3 4227 2861 1370
3 1370 384 1594
3 3919 1678 5116
3 3919 5116 621
3 3919 2522 1678
3 2522 707 1678
3 707 2522 2065
3 3228 4494 2187
3 3743 4231 5752
3 5752 5180 3743
3 1591 3743 5180
3 2487 1255 3666
3 2487 3666 3035
3 2487 3035 4321
3 618 1474 764
3 1941 764 1474
3 618 764 6261
3 6261 764 5328
3 705 5328 1941
3 1941 3305 705
3 3305 4231 705
3 705 4231 5328
3 1941 5416 3305
3 3622 1383 6146
3 453 5713 2133
3 313 2133 5713
3 2842 303 4551
3 4551 4754 2842
3 2842 4754 4073
3 4568 1588 1849
3 1588 4568 3053
3 5759 6133 3697
3 3814 5759 1775
3 6133 5759 5582
3 5582 5759 3814
3 5519 1766 4208
3 5519 4208 3814
3 3814 4208 5582
3 2369 4049 3840
3 4049 2369 1646
3 4049 4421 3840
3 5971 2787 3835
3 5971 3835 4391
3 578 6486 3868
3 3868 4806 3199
3 3868 3199 578
3 578 3199 5595
3 5595 6486 578
3 778 4806 3847
3 1136 622 1760
3 6303 5891 4444
3 6303 951 5164
3 5891 6303 5164
3 4533 3884 902
3 4939 6233 1565
3 6179 1654 5353
3 6179 5353 3721
3 2553 5353 1319
3 484 1319 5353
3 4888 2833 4833
3 1741 3729 6572
3 3916 4888 5885
3 4833 5885 4888
3 4833 2921 5885
3 5885 2921 1741
3 1741 2921 3729
3 6463 2327 3729
3 2327 2373 6013
3 1917 6604 1970
3 6604 272 1970
3 5190 50 6228
3 6228 50 1970
3 1970 50 2906
3 5190 6228 5905
3 6156 6366 56
3 56 5905 6228
3 5905 56 6366
3 2691 1069 4389
3 2691 16 425
3 2691 425 1069
3 4681 2235 1530
3 1531 5831 408
3 1531 2241 5831
3 5639 3865 532
3 5639 532 2861
3 3865 5639 4624
3 532 3865 6038
3 532 6038 2861
3 4624 1483 3627
3 3627 5074 6330
3 5315 74 2438
3 2438 74 4624
3 5315 5130 74
3 5130 5315 2186
3 1701 5598 2243
3 2243 2155 4846
3 7 707 5060
3 707 7 1678
3 1678 7 5598
3 1678 5598 5116
3 5060 5598 7
3 6103 2155 5060
3 4846 3451 5473
3 4052 329 2279
3 2279 329 713
3 2279 713 6239
3 329 3993 713
3 5752 6510 5180
3 5328 1591 6261
3 5570 3676 4894
3 623 3327 3676
3 3676 3327 6563
3 5169 5676 4530
3 4530 5676 4568
3 1849 547 4530
3 4530 547 3563
3 3563 547 4164
3 3563 4164 722
3 722 4164 6493
3 1307 3270 5069
3 784 1469 1524
3 1524 3038 784
3 784 3038 5754
3 784 5754 5891
3 1469 784 5891
3 6303 4890 951
3 951 4890 1308
3 951 1308 5164
3 1308 2684 4310
3 2684 1308 4890
3 902 2882 4533
3 4710 6453 2882
3 2882 2130 4710
3 2130 1211 4710
3 604 4710 1211
3 2909 5764 2911
3 2911 5764 4644
3 6283 245 5386
3 5386 311 6283
3 2425 311 5386
3 6283 1628 245
3 5268 2783 6059
3 5885 6604 4345
3 5885 4345 3916
3 1977 1123 587
3 1977 587 955
3 1977 5824 1123
3 3112 587 1123
3 955 587 3112
3 23 1490 1028
3 23 1028 4882
3 2894 4882 2335
3 23 2894 1490
3 2894 23 4882
3 5905 6366 4882
3 4882 6366 2335
3 2235 4183 1530
3 2141 2838 5141
3 2141 5452 2838
3 2141 415 5452
3 3614 4816 5473
3 3601 2243 4846
3 5130 3601 1657
3 3601 5130 1701
3 3601 1701 2243
3 4846 5473 4816
3 2633 4679 3873
3 3873 4679 6455
3 3327 3978 6563
3 2090 4392 3978
3 5067 2090 3978
3 5821 2090 5067
3 768 3563 692
3 5821 1572 1953
3 3265 6338 6428
3 3545 6072 1096
3 3265 3545 6338
3 1096 6338 3545
3 4746 6072 336
3 1921 802 4938
3 802 1921 4451
3 1308 4310 1285
3 1285 1469 5164
3 1469 1285 1524
3 1524 1285 802
3 4890 6453 2684
3 6453 3295 5001
3 3289 3295 1838
3 1838 3378 3289
3 4169 184 1146
3 1146 184 5506
3 184 6567 5506
3 4212 3572 5659
3 2763 3775 3523
3 2763 3523 372
3 372 3523 4794
3 3775 2763 2852
3 2852 6018 3775
3 754 1793 6018
3 754 6018 2852
3 5852 1987 1436
3 1546 3450 5233
3 1546 4873 3450
3 5233 1852 2332
3 5233 2332 1546
3 391 1546 4569
3 4569 1546 2332
3 391 4873 1546
3 5141 6384 3703
3 3368 3537 4136
3 4136 3537 4642
3 4136 4642 1730
3 4522 3491 5053
3 2460 5053 3491
3 5078 2460 3491
3 4679 1494 5709
3 4679 5709 6455
3 3912 5371 4875
3 3912 4875 271
3 4973 1943 5293
3 5293 6557 1788
3 6563 3425 158
3 6563 4392 2139
3 4392 4251 2139
3 1326 4251 4392
3 128 6307 6428
3 128 6428 6338
3 6338 6321 128
3 128 6321 1013
3 128 1013 6307
3 4140 996 3553
3 2727 6321 6338
3 33 6321 2727
3 33 2727 3553
3 4140 6502 996
3 1096 4452 4140
3 1096 4140 2727
3 4746 399 3488
3 4905 1764 6434
3 1075 6027 2437
3 3289 3378 5817
3 3289 5817 3209
3 3289 3209 3295
3 817 2501 4113
3 1044 2859 6249
3 2859 1044 2275
3 6567 3067 4877
3 4877 3067 3489
3 4877 3489 1798
3 3067 2245 3489
3 4569 3489 2245
3 3489 4569 4356
3 130 2179 6246
3 6562 6246 2179
3 6162 2689 1542
3 3126 1937 2689
3 3126 2689 5078
3 2573 6054 2605
3 6054 5078 3491
3 6054 925 2605
3 2605 925 2941
3 925 6054 3491
3 925 3491 4522
3 925 4522 2941
3 3924 2828 6269
3 2828 3924 3425
3 3425 3924 2199
3 37 2311 6269
3 2796 3524 6024
3 6024 1956 2796
3 6024 5050 1956
3 5457 283 2333
3 6049 1013 6321
3 1013 6049 4061
3 1013 4061 6307
3 283 5457 1029
3 3111 4210 5457
3 3111 5457 6049
3 6321 3111 6049
3 3902 3553 996
3 3902 996 6502
3 3902 3997 33
3 3902 33 3553
3 1029 6502 2262
3 1043 2961 1363
3 2961 1043 2780
3 3488 5196 1043
3 3488 1043 1363
3 2950 2081 5196
3 399 2950 5196
3 2950 399 4746
3 2950 4746 1575
3 2081 2950 1575
3 5148 5063 5437
3 5063 2600 2641
3 3822 5063 2641
3 3822 5437 5063
3 3822 2641 2058
3 3822 2058 331
3 1881 3709 4466
3 2308 4664 1206
3 2308 1206 2447
3 2308 2447 4332
3 2308 4332 430
3 1074 3512 1948
3 6011 2729 4859
3 6011 4859 3832
3 130 6246 6085
3 1178 6085 3433
3 1252 1542 6088
3 5549 5947 3758
3 5549 3758 5687
3 5549 5687 2661
3 5480 5909 3758
3 5480 3758 5947
3 5947 958 5480
3 5189 5480 6392
3 6392 5480 958
3 6054 1031 5078
3 6250 1031 2573
3 5748 4279 3099
3 5748 3099 6214
3 4019 6271 6214
3 3605 5622 2039
3 3605 1529 5622
3 2796 3198 3524
3 100 3524 3198
3 5619 2124 2345
3 479 5196 1618
3 4003 5063 5148
3 4003 2600 5063
3 4688 6093 3050
3 3050 6093 5148
3 5437 3050 5148
3 1802 1541 5840
3 2015 5840 1541
3 603 5360 3616
3 603 3616 3087
3 3087 3616 5840
3 737 5840 3616
3 55 3087 1693
3 55 5360 603
3 55 603 3087
3 3087 2015 1693
3 430 4332 1881
3 4970 2967 2443
3 2443 4332 4970
3 4332 2443 1673
3 4970 5921 2967
3 163 2272 2476
3 407 5108 3824
3 2476 407 3824
3 407 5921 5108
3 2283 457 4625
3 6290 6405 6389
3 4918 6389 6405
3 5687 6474 2661
3 1360 5358 3771
3 3771 5228 1360
3 5358 6290 3771
3 2802 3586 793
3 5684 3586 5909
3 3586 5684 5653
3 5653 793 3586
3 5909 3586 2500
3 6392 1359 2938
3 6392 2938 5085
3 2938 1359 3238
3 3238 1359 6102
3 5028 3755 2676
3 5028 2676 6271
3 3755 5028 5158
3 6214 2676 3755
3 2608 3200 5903
3 6271 5903 3200
3 2180 943 1243
3 1243 312 2180
3 2180 312 5085
3 1243 943 4463
3 6235 2057 1435
3 1435 2057 876
3 143 3688 2124
3 5047 4004 4138
3 479 1792 159
3 2976 3616 5360
3 2976 4561 737
3 2976 737 3616
3 2092 1257 419
3 419 3617 2092
3 1084 1257 2092
3 1257 5644 419
3 1257 3995 5644
3 3981 923 874
3 2443 2967 862
3 2443 874 1673
3 874 2443 5119
3 5000 5119 6385
3 5119 2443 862
3 3395 5119 862
3 3395 6385 5119
3 3395 862 2967
3 3395 3098 6385
3 742 2806 2476
3 742 2476 2272
3 742 2272 3098
3 742 3098 93
3 742 93 2806
3 2806 93 5921
3 5921 93 1213
3 761 5282 3444
3 3444 212 6385
3 3444 6385 761
3 761 6385 3001
3 761 3001 5282
3 4641 5282 3001
3 457 5282 4625
3 5282 2982 1642
3 151 6070 1642
3 1642 2982 151
3 3376 1155 3508
3 1155 3376 316
3 1155 4979 3508
3 3376 3508 4484
3 316 5471 1155
3 1155 5471 4979
3 2802 6348 5228
3 3277 291 548
3 825 548 291
3 2938 733 2448
3 2938 2448 2180
3 943 2448 5796
3 4463 943 5796
3 733 2938 3238
3 2938 2180 5085
3 2448 1351 5796
3 1351 2448 733
3 3238 1351 733
3 6235 5589 6158
3 4586 1134 5589
3 3208 1262 665
3 3208 1797 3226
3 3208 3226 1262
3 1924 665 1262
3 1924 1684 665
3 4163 3874 5355
3 5355 3874 4483
3 6070 3874 3617
3 4049 1646 4208
3 3835 2787 1646
3 1646 2787 4208
3 5885 1741 6572
3 5885 6572 6604
3 1727 2478 6573
3 1727 6573 4896
3 4820 6477 6575
3 4820 6575 6359
3 2464 4785 6574
3 2464 6574 4714
3 3816 6605 4945
3 58 666 6576
3 58 6576 1787
3 2526 1912 6577
3 2526 6577 4933
3 3251 6331 6581
3 3251 6581 5110
3 3894 4694 6582
3 3894 6582 1927
3 442 1559 6578
3 442 6578 2315
3 5450 5740 6580
3 5450 6580 5321
3 2908 5439 6579
3 2908 6579 3068
3 5231 3976 6583
3 5231 6583 5842
3 4662 3089 6585
3 4662 6585 6480
3 4035 5006 6595
3 4035 6595 3487
3 512 3773 6590
3 512 6590 5724
3 4370 3459 6592
3 4370 6592 4941
3 1517 5467 6584
3 1517 6584 282
3 11 2617 6596
3 11 6596 5396
3 1397 3364 6586
3 1397 6586 4698
3 4068 6171 6589
3 4068 6589 6136
3 3120 2414 6588
3 3120 6588 6277
3 3738 4217 6591
3 3738 6591 5331
3 390 6166 6601
3 390 6601 3898
3 2912 1697 6587
3 2912 6587 3827
3 2887 2929 6598
3 2887 6598 5498
3 5785 6191 6593
3 5785 6593 6034
3 2035 5605 6600
3 2035 6600 2682
3 1399 5017 6602
3 1399 6602 4972
3 610 6174 6597
3 610 6597 766
3 4972 6445 6603
3 4972 6603 1399
3 1166 5801 6594
3 1166 6594 2947
3 3925 3598 6599
3 3925 6599 5877
