ply
format ascii 1.0
comment Generated by PyMesh
element vertex 8507
property float x
property float y
property float z
property float charge
property float hbond
property float hphob
property float nx
property float ny
property float nz
element face 17030
property list uchar int vertex_indices
end_header
59.792 -23.972 93.387 -0.212069 0 -0.4 0.305502 -0.913393 -0.26904
92.131 -11.875 100.665 -1.67683 -0.403268 -3.9 -0.609112 0.455521 -0.649217
101.872 -25.831 127.775 0.235134 0.289295 -0.8 0.484052 -0.525277 0.699841
88.501 -14.725 90.385 -0.357021 0 -1.6 -0.302891 -0.858826 0.413128
95.225 4.568 100.754 -1.64356 -0.718532 -3.5 0.0941542 0.77746 0.621845
93.902 -10.456 100.382 -0.527503 -0 -3.9 -0.649358 0.467899 -0.599504
102.896 0.981 109.024 -0.353769 0 2.8 0.585477 0.809094 0.0508248
75.345 3.402 70.64 0.216126 0 1.8 0.0921236 0.995741 0.00350229
61.547 8.378 110.656 2.70825 0 4.5 -0.692152 0.325262 0.644306
65.965 0.778 69.111 -0.0842344 0 -4.5 -0.949366 -0.107759 0.295115
54.4345 -25.2075 101.651 0.389686 0 -4.5 -0.183399 -0.929508 -0.319969
55.715 -25.691 106.027 0.711933 0.778184 -4.5 -0.442529 -0.540324 0.715694
68.273 -16.5635 87.1635 0.0473879 0 -4.5 0.0475845 -0.22956 -0.972131
78.187 -7.825 106.218 1.0687 0.00158739 -3.9 0.579632 -0.7711 0.263498
82.1095 9.208 93.214 -0.338697 0 2.8 -0.383606 0.532158 0.754755
84.182 -11.889 95.192 -2.02949 -0 -3.5 -0.798572 -0.425851 0.425362
56.199 -10.8825 107.466 0.386245 0 -4.5 -0.973881 0.127457 -0.187912
98.347 -35.863 113.174 -1.32754 -0.768421 -3.9 -0.395134 -0.879249 -0.266063
58.926 -19.2545 108.563 0.281774 0 1.9 -0.863785 0.320345 0.388916
94.4905 -22.0435 99.47 -1.19399 0 -3.5 0.111669 0.989949 0.0867784
98.629 6.1745 110.61 -0.56271 0 -3.54533 -0.267908 0.837252 0.476691
74.621 -19.5885 92.941 -0.113649 0 -3.5 0.426405 -0.836245 -0.34478
95.87 -18.722 126.134 -1.29798 0 -0.874538 0.149584 -0.0550191 0.987217
68.3375 -13.208 110.885 0.0187787 0.00168935 -0.798081 -0.251241 -0.229333 0.940364
63.679 -33.1815 119.094 -1.2294 -0.079797 -0.9 -0.955697 -0.163021 0.245086
82.9525 -12.052 125.831 0.383859 0.434032 -4.5 -0.920681 -0.356485 0.158947
101.23 -28.907 120.095 -0.543063 0 -3.5 0.895139 -0.0701803 -0.440228
93.0405 -14.463 128.969 -0.494574 0 -0.9 0.0585155 -0.992089 -0.111062
65.93 -39.241 117.76 -0.130007 -0.0112292 -0.7 -0.0982766 -0.986764 0.128989
57.186 -27.8285 107.796 0.179577 0 -4.5 -0.870677 -0.449831 0.198932
84.871 -14.1345 105.872 -2.28918 -0.292689 -3.5 -0.9007 0.2797 0.332428
72.198 9.505 73.358 0.15592 0 -3.5 -0.496446 0.768141 -0.404353
68.133 10.4465 84.032 0.197366 0 -1.3 0.539711 0.841698 0.0160305
116.717 -12.643 107.21 -0.671971 0 2.8 0.838574 -0.199719 -0.506858
59.164 -11.118 110.407 0.539842 0 -4.5 0.341474 -0.211997 0.915671
76.804 -36.853 103.493 0.0906986 0 -3.5 -0.0590511 -0.223353 0.972947
60.691 -6.71 105.911 -0.711903 0 -0.7 -0.0526009 -0.226478 0.972595
51.989 -6.794 102.39 -0.259325 0 -3.5 -0.845342 -0.53023 0.0652177
57.7 -27.265 113.415 0.290187 0 -4.5 -0.816008 0.0903999 0.570929
83.2235 -25.3625 119.587 -0.437857 0 -3.5 -0.619593 0.163873 0.767627
50.6725 -12.5575 91.268 0.782036 -0.0440243 -0.7 -0.801323 -0.59646 0.0460094
86.984 -16.2925 128.721 -1.08004 0 -3.5 -0.240047 -0.960444 0.141155
111.636 -11.3395 113.006 -0.660537 0.0101812 -3.2 0.302906 -0.787844 0.536237
104.54 -33.069 108.659 -1.16876 -0 -3.5 -0.0248452 -0.231369 -0.972549
103.548 -4.8785 97.714 0.0186676 0 -0.8 0.115651 0.595431 -0.795039
57.432 -13.8235 107.867 0.163461 0.344357 -2.62838 -0.550271 -0.717196 0.427588
69.8335 -3.7215 68.912 0.00332022 0 -4.5 0.336951 -0.697724 -0.632176
68.764 -11.8325 77.0725 0.937931 0 -2.34338 0.0419785 -0.600628 -0.798426
86.875 -10.77 83.0465 -0.483232 -0.388173 -0.8 0.836565 0.175617 -0.518958
98.65 -35.319 101.151 -1.10405 0 -3.5 0.504429 -0.704612 0.499072
88.082 -6.2025 82.932 0.00803508 0.610304 -3.5 0.870768 -0.000395136 -0.491695
66.6575 9.478 87.6765 0.000700602 0.35584 -1.3 -0.566932 0.696896 0.43923
112.427 -23.098 116.809 -0.0646435 -0.343826 -0.8 -0.72334 -0.124442 0.679186
103.831 -32.5395 113.192 -0.572229 0 -2.01683 0.265459 0.792812 0.548617
103.751 -24.1605 111.91 -0.831802 0 2.5 -0.467119 -0.76781 0.438483
100.203 -27.908 103.107 -0.385594 0 4.2 0.805362 0.197612 -0.558875
86.915 -13.3055 85.235 -0.494646 0 -0.782577 0.688832 -0.718223 -0.0983174
49.133 -9.4215 96.3835 0.686222 0 -4.5 -0.840651 -0.348849 -0.414259
73.532 -15.831 87.7935 -0.870952 0 3.8 -0.0986962 0.189774 -0.976855
99.0565 -35.5955 100.166 -1.55458 0 -3.5 0.59576 -0.737274 0.318587
72.357 -2.452 69.9625 -1.33767 -0.030862 -3.5 -0.271872 0.123801 -0.954337
103.896 -1.011 119.258 -0.207537 0 -0.8 0.767883 0.633608 -0.0943229
57.636 -21.704 118.751 -1.02365 -0.836753 -3.5 -0.592348 0.562938 0.57639
87.9555 -17.011 103.73 -1.52152 -0.584801 -3.5 0.524786 -0.329311 -0.784955
113.981 -20.852 110.519 -1.39166 0 2.8 0.598691 -0.756028 -0.264558
57.6745 -28.1345 110.138 1.12295 0.691753 -4.5 -0.810948 -0.58318 -0.0475849
87.059 6.9535 81.7 -0.223944 0 3.8 -0.0364594 0.263853 -0.963874
89.093 1.748 83.341 -0.738428 0 -0.291504 0.840968 0.217376 -0.4955
70.281 -22.272 95.528 -0.0184378 0.290359 -4.5 0.84754 -0.500529 -0.176484
82.1205 4.919 83.4085 -0.623737 0 -0.7 0.300352 0.267671 -0.9155
103.685 -14.943 124.008 -0.685407 0 -4.5 0.429612 0.528697 -0.732061
113.449 -7.453 117.02 -1.34005 -0 -0.8 0.750119 0.650261 0.120339
88.9075 -0.401 116.557 0.510466 0 3.7792 0.0488099 0.990835 -0.125948
74.723 -11.924 118.331 -1.10465 -0.84432 -3.5 -0.212059 0.975234 -0.0628407
70.087 -14.206 82.228 -1.18296 -0.215778 -3.9 0.339754 -0.533146 0.774805
70.8325 -29.4275 123.201 0.268086 0.0358199 1.49553 -0.638028 -0.247878 0.729025
72.509 -2.322 102.263 -0.528183 0 -0.8 0.0119517 0.856575 0.515885
80.825 3.868 77.5765 0.223087 0 -3.35431 0.279405 -0.203084 -0.938451
107.428 -16.4705 128.083 -0.876084 0 -3.5 0.447622 -0.864689 -0.227919
60.299 -2.741 109.044 -0.230523 0 -0.7 -0.786804 0.00289797 0.617196
74.9365 -10.085 98.6845 -0.51212 -0.340211 -3.5 0.49722 -0.519449 0.694942
59.063 -2.083 80.284 0.487289 0 -0.4 -0.705751 0.33791 -0.622682
57.8795 6.38 102.714 -0.418395 0 1.9 -0.12191 0.970779 0.206701
99.5585 3.70375 98.5027 -0.397698 0 -3.5 0.0799301 0.867086 0.491703
84.742 15.484 85.0395 -1.30004 0 -3.5 0.392913 0.73081 -0.558154
80.011 -9.722 99.899 -0.511091 0 -0.8 -0.232215 -0.355857 -0.90523
73.4805 -36.0045 123.683 -1.4043 -0.897925 -3.5 -0.152146 -0.578177 0.8016
107.054 -24.214 101.964 0.13711 -0.0544632 -3.1512 0.672485 0.692783 0.260415
52.0535 3.6 91.836 -0.56538 0 -3.5 -0.681079 0.429711 -0.592857
63.533 -19.508 120.644 -0.757958 0 -3.5 -0.473299 0.748627 -0.464269
81.728 -24.7245 99.288 -0.0846232 0 -3.9 0.0299917 0.778519 -0.626904
65.371 -20.5515 87.4425 -0.178164 0 4.2 0.0623426 -0.858763 -0.508566
65.145 4.636 80.012 -0.536788 -0.349663 -3.5 -0.307604 0.918494 0.248493
86.036 -18.6085 124.516 -0.871419 0 1.8 -0.00982809 -0.551431 0.834163
81.75 -9.1385 90.967 -0.186053 0 -2.02101 -0.0483898 -0.800957 0.596764
59.783 4.567 87.0435 -0.244241 -0.004618 1.06251 -0.117789 0.585991 -0.801711
58.778 -30.672 97.463 0.40358 0.482469 -0.8 0.429921 -0.795342 -0.427316
105.102 3.686 105.54 -0.466457 0 -3.5 0.477355 0.583045 0.657413
93.446 -28.636 104.802 -0.900794 0 -0.733037 -0.0704944 -0.143872 -0.987082
84.696 -29.691 109.477 -0.897329 -0.816217 -3.5 0.0804224 -0.994914 0.0606536
54.419 -9.23 103.36 0.299543 0 -1.6 -0.228111 0.161577 0.960135
100.037 -19.611 122.477 -0.860923 0 -4.5 0.0983383 0.230782 0.968023
62.836 -11.0685 83.543 1.65001 0 -3.9 -0.26873 -0.954388 -0.130106
88.6065 -8.3605 93.923 -0.243454 0 -2.36316 0.528575 -0.838218 0.134158
69.924 -19.6975 109.023 -0.254389 0 4.5 -0.00984548 0.455961 0.889945
97.936 -13.449 126.431 -1.19556 -0 -0.9 -0.028437 -0.638062 0.76946
89.121 -27.3725 99.838 -0.471165 0 -1.6 0.555559 0.815615 -0.161639
75.2715 -19.054 90.8465 0.237625 0 3.8 0.114964 -0.811719 0.572622
94.2735 -3.6325 122.003 0.0565762 0 3.50953 -0.547211 0.662668 -0.511304
64.313 11.1285 108.948 0.0792968 0 4.5 -0.500361 0.854744 -0.138024
84.301 -29.6155 119.099 -1.3407 -0.0245353 -3.5 -0.548051 -0.706276 0.448123
104.55 -37.6025 111.722 -1.53589 -0.00825923 -3.5 -0.373731 -0.61408 0.695148
94.58 -22.3485 127.412 -1.32622 -0.132053 -0.8 0.0855675 -0.198829 0.976292
78.0775 -22.108 121.807 -0.653431 -0.253575 0.890514 0.0479494 -0.278935 0.959112
66.719 -32.4915 115.334 -0.374006 0 -0.803446 0.596887 -0.528787 -0.603415
74.75 -17.136 96.607 -0.613726 0 -3.5 0.397486 -0.14513 0.906059
74.034 -14.785 77.024 -1.89627 -0.638211 -3.5 0.310594 -0.205991 -0.927954
58.647 -33.3915 115.438 -1.43451 -0.108485 -3.5 -0.892393 0.410948 -0.186433
73.976 -16.0755 78.636 -1.68577 -0.864365 -3.5 0.205358 -0.950293 0.234033
91.859 -30.3575 114.66 -1.24293 -0.0792083 -3.5 -0.240342 0.811838 0.532123
100.508 3.216 99.114 -0.403771 0 -3.5 0.0885745 0.781216 0.617946
106.205 -0.853 98.819 -1.35931 0 4.5 0.568931 -0.121374 -0.813379
81.6315 -3.2885 111.716 -0.488151 0 -3.2 -0.927556 -0.262997 -0.265465
119.708 -14.741 99.126 -1.31689 -0.514235 -3.5 0.663148 -0.743485 0.0863985
91.766 1.1195 111.123 -0.65745 0 -0.8 -0.356157 -0.273933 -0.893372
74.885 -37.4495 102.245 -1.29315 -0.26093 -3.5 -0.731551 -0.52222 0.438314
106.347 -17.0215 131.663 -1.35298 -0.0695647 -3.5 -0.567911 -0.634644 0.524122
85.09 -14.9025 129.347 -1.06373 -0.634524 -3.5 -0.644269 -0.262311 0.718408
77.577 12.967 93.147 -1.42838 -0.326833 -3.5 -0.648934 0.542622 0.533334
91.298 -30.39 113.534 -1.41279 -0.234844 -3.5 -0.683066 0.699727 -0.20929
94.274 10.719 93.905 -1.77782 -0.346453 -3.5 0.619742 0.779131 0.0942058
89.571 -25.601 104.486 -1.43721 -0 -3.9 0.329908 -0.249382 -0.910477
70.283 -20.5815 111.369 -0.730346 -0.349878 2.16307 -0.356765 0.90621 -0.226941
90.4355 -11.5585 87.9085 -1.03738 -0.711121 -1.6 0.473274 -0.295958 -0.829711
98.488 -27.1255 94.8525 -0.854932 -0.688437 -0.8 0.607509 0.140591 -0.781771
96.514 -0.081 121.043 -0.0152494 0 2.8 -0.118398 0.541053 -0.832612
52.855 -10.0335 103.86 -0.0224792 0 -1.6 -0.589868 0.328018 0.737875
80.6145 -31.9225 99.8645 -0.955862 -0.0652466 -1.31109 -0.646228 0.394053 -0.653538
113.452 -22.929 117.232 -1.09778 -0.60407 -0.8 -0.0363681 -0.130703 0.990754
82.4315 -5.636 102.094 -0.0542696 0 -0.83327 0.83693 -0.0327146 0.546332
82.349 -12.7835 98.744 -0.407534 0.752525 -3.5 -0.146683 0.605132 -0.782496
62.3195 3.0535 75.5355 -0.0168261 0 -3.5 0.0103655 0.274194 -0.961618
84.198 -25.254 119.996 -0.322462 0 -3.5 -0.0421858 0.110961 0.992929
51.9925 1.94 101.602 -0.499732 0 -1.86111 -0.550032 0.779163 0.300617
92.394 7.3355 98.5525 -0.216601 0.299046 -3.5 0.878833 0.0813493 0.470143
103.668 -16.182 97.4255 -0.578015 0 1.70708 -0.142352 -0.240351 -0.960191
101.157 -36.542 112.451 -0.844783 -0.591298 -0.8 0.17708 -0.87854 0.443633
96.8125 1.0075 123.618 -0.283039 0 2.8 0.334628 0.778899 0.530415
88.462 -24.511 122.361 1.11947 0.536159 -3.9 -0.778186 0.0957473 0.620692
83.118 -8.2955 127.935 0.0923483 0.242725 -4.5 -0.799066 0.337082 0.497865
59.885 -31.465 104.14 -0.517487 0 1.46311 -0.491585 -0.846578 0.204081
92.568 -8.941 133.227 -0.580499 0 -0.9 0.330425 -0.0522987 0.942382
81.474 -13.038 99.305 -0.0691273 0.174598 -3.5 -0.751436 0.536775 -0.383688
82.807 -33.1545 114.113 -0.0447301 0.299771 -4.5 0.560685 -0.459792 0.688639
109.926 -4.826 112.867 -0.860456 -0.425708 -2.14051 0.372395 0.700268 -0.609054
80.352 -16.184 91.364 -1.15982 -0.674852 3.12626 0.836952 0.526017 -0.151057
115.672 -16.5325 101.282 -1.68046 -0.00865777 -3.5 0.653308 -0.755235 0.0529874
79.1455 -4.1985 106.698 0.283305 0 -3.9 0.696778 0.713045 0.0778969
97.062 5.167 108.652 -1.12544 -0.396965 -3.5 -0.891378 -0.121321 -0.436722
51.625 -24.747 107.497 0.624236 0.475651 -4.5 0.187665 -0.129385 0.973674
107.265 -28.128 101.739 -0.885791 -0.150008 -3.5 0.583104 -0.361748 -0.727412
57.147 5.855 87.382 0.711184 0.29085 -0.8 -0.538703 0.421289 -0.729599
59.659 0.609 106.525 -0.91574 -0.13767 -3.5 0.906819 0.082415 0.413385
77.7095 9.3195 93.272 -2.2871 -0.281588 -3.5 0.0483026 -0.518842 0.853504
93.733 -29.642 104.593 -0.967622 0 -0.113765 -0.222605 0.590055 -0.776069
88.1035 -13.65 130.016 -1.6652 0 -3.5 -0.287448 0.236048 0.928254
57.07 -16.778 106.777 0.290935 0 -0.7 -0.276047 -0.0191057 0.960954
89.934 -26.202 112.257 -0.744632 0.344582 -0.9 -0.0841722 -0.933463 0.348656
111.146 -14.722 123.271 -1.48409 0 -3.5 0.00357635 -0.308255 0.951297
57.8495 -26.639 111.328 0.352818 0 -4.5 -0.957971 0.266738 -0.105557
64.7785 2.755 102.824 -0.395994 0 -0.4 0.944596 0.0762375 -0.31926
107.844 -17.702 113.081 -0.181844 0 -3.5 0.35627 -0.672315 0.648895
110.07 -19.29 111.048 -0.236455 0 2.8 -0.56938 -0.576473 0.586076
90.7205 -25.5763 113.74 -0.459529 0 -0.702488 0.244363 -0.720389 0.649096
62.4292 -13.494 110.247 0.353023 0 -1.6 -0.705453 0.0472786 0.707178
97.274 -13.1905 127.155 -2.03083 0 -0.9 0.272287 -0.906145 0.323667
111.534 -14.271 113.281 -0.48908 0 -1.6 0.362727 0.846835 0.388973
55.6188 -1.5455 105.008 -0.630454 0 -3.5 0.0435791 0.310863 0.949455
91.0385 -15.3185 127.241 -0.0659245 0 -3.5 0.502424 -0.480418 0.718866
52.4712 7.1215 101.621 0.7714 0 -4.5 -0.912957 -0.155772 0.377153
59.643 -29.64 98.931 -0.945535 -0.964694 -0.8 0.620941 -0.771351 0.139464
56.4565 -6.65225 106.55 -0.628781 0 -0.7 -0.610864 -0.54914 0.570343
55.051 6.6875 97.3323 -0.71193 -0.00559823 -4.5 -0.315668 0.759671 -0.568554
94.9788 -24.5025 95.3265 -0.765531 -0.782891 -0.8 -0.312228 0.831035 -0.46032
67.3227 -33.1437 108.888 -0.0388779 0.144108 1.75674 -0.936461 -0.329645 0.119894
93.7725 -6.3995 96.9762 0.110949 0 -3.9 -0.353369 -0.208869 0.911869
98.9967 -12.1545 129.534 -0.772776 0 -0.4 -0.281886 -0.854208 0.436885
96.9875 -25.5135 127.275 -0.304285 0 -0.8 0.24565 0.0165761 0.969217
76.7517 -13.8945 122.748 -0.225514 0 4.5 -0.197266 0.109514 0.974214
86.7353 -6.664 127.321 1.52347 0 -3.62008 -0.0235667 -0.367026 0.929912
62.846 5.7435 96.2155 -0.411026 0.00194888 -3.2 0.113471 0.961051 -0.252001
58.1343 0.07175 81.7393 -0.0901337 0 2.8 -0.0976542 -0.225786 -0.96927
52.798 4.0605 98.1565 -0.0750181 0 -0.836579 -0.593428 0.719414 -0.360952
97.2487 -1.98725 114.47 1.02207 0 1.9 -0.692668 0.486999 0.532018
85.4345 -22.423 120.778 0.703424 0.779181 4.2 -0.126652 -0.273793 0.953413
79.3968 -11.777 110.01 -0.744663 0 -3.5 0.0980392 -0.0162719 -0.99505
73.608 7.43725 90.6655 0.036751 0 1.9 -0.251891 0.849961 0.462728
57.4505 -18.3155 86.3907 0.524321 0 -3.66383 -0.10782 -0.484902 -0.867897
74.8239 11.257 77.2999 -1.23753 0 -3.5 -0.0521503 0.878755 0.474416
55.1165 0.262 104.405 -1.39029 0 -3.5 0.248269 0.213813 0.9448
65.6455 -30.0985 120.448 0.076025 0 -0.9 -0.520707 -0.12204 0.844968
95.35 3.996 109.476 -0.783612 0 -4.5 0.00781022 0.556201 -0.831011
91.0565 -1.4715 111.088 -0.33735 0 -0.8 -0.22716 -0.15894 -0.9608
87.161 4.58075 101.619 0.0771684 0.0166541 -0.8 0.369541 0.655078 0.659024
55.7822 1.9335 81.661 0.0020419 0 2.8 -0.358669 -0.237457 -0.902757
79.4417 -19.301 90.312 -0.264342 0 -0.4 0.530971 -0.846952 -0.0272254
83.1515 -31.448 111.259 0.26011 0 -4.5 0.996592 -0.0726474 -0.0390701
67.564 -13.9522 110.803 0.432622 0.761016 -0.8 -0.0201948 0.0160228 0.999668
105.501 -21.6445 103.758 0.714856 0.0314644 2.8 0.876953 -0.155225 -0.454818
85.9175 -11.679 104.493 -0.626837 0 -1.6 -0.322914 0.867199 0.379067
87.7507 -13.9925 99.9208 -0.686283 0 -1.6 -0.116148 -0.252916 -0.960491
91.4095 -29.8255 118.638 2.32598 0 -3.9 -0.254408 -0.949678 -0.182726
102.589 -0.047 115.939 -1.09547 0 1.9 0.998421 -0.0561524 -0.00172919
73.9275 -17.778 103.023 -0.149763 0 -4.5 -0.365144 -0.684515 -0.630959
91.333 -32.7705 114.129 -0.798165 -0.0196701 -3.5 -0.966323 -0.256186 -0.0242757
77.616 -11.3795 91.0635 -1.53697 -0.0543589 -3.5 0.383951 -0.00940447 0.923306
95.433 -27.0429 126.656 -0.93752 -0.0289775 -0.8 -0.187997 -0.344253 0.919862
65.832 -11.7745 76.6615 0.549893 0 -3.9 -0.165838 0.355616 -0.919802
93.453 -1.51625 106.023 -0.489605 0 -3.5 -0.602123 -0.308409 -0.736432
107.174 -30.9745 105.739 -0.00274951 0.150245 -3.5 -0.24271 -0.68126 0.690635
70.8493 -6.34625 105.486 -0.589462 -0.542719 -3.5 0.950462 0.0642097 0.304137
56.9507 -18.0438 90.8763 -0.254342 0.121227 -1.97384 -0.724245 -0.688176 0.0433846
102.641 0.00725 121.753 0.377155 0.13784 -0.79764 0.291393 0.939684 -0.179121
72.452 -37.608 110.088 1.18112 -0.00753644 -3.88738 -0.34589 -0.935919 -0.0664436
113.062 -17.3415 104.893 -1.90423 -0.634803 -0.7 0.808819 -0.457462 -0.369514
74.584 -27.1642 102.613 -1.5559 -0.834709 -1.3 0.0525279 0.353571 -0.933932
98.1602 -4.78875 133.251 -0.129625 0 -3.57977 0.584181 0.292838 0.756954
98.3981 -33.818 106.791 -0.996925 0 -3.5 0.400109 -0.155309 0.903212
100.51 -29.9485 115.489 -0.338564 0 -3.9 0.859501 0.187002 -0.475697
55.5415 5.9745 92.3658 0.043937 0 -3.5 -0.221842 0.892727 -0.392206
103.014 -23.9478 93.705 -1.53281 0 -3.5 0.291545 -0.522649 -0.801149
74.249 -13.8795 81.621 -1.66288 -0.209219 -3.5 0.480919 -0.374967 0.792538
87.8441 11.2016 94.482 0.239863 0 -4.5 0.138069 0.822177 0.552233
58.3273 -11.6406 110.657 0.419322 0 -4.5 0.614069 -0.162589 0.772323
92.375 -1.6825 108.934 -0.099756 0.0152468 -3.5 -0.982195 -0.173548 0.0719334
89.615 -27.5755 103.969 -1.01669 -0.335019 -2.59283 0.351943 0.31204 -0.882478
95.0523 -30.8032 109.555 -0.463881 0.164124 -3.5 -0.356713 -0.80791 -0.469081
88.177 -5.28725 83.6842 0.419978 0.646455 -3.5 0.877112 0.321898 -0.356449
64.9352 8.95737 85.2985 -0.233293 0 -1.3 -0.961592 0.193162 -0.195008
92.505 -28.1835 117.338 2.24071 0 -3.9 0.225642 -0.103919 -0.968652
92.0192 -14.5345 130.934 -0.515873 0 -0.9 -0.331161 -0.908972 0.253185
77.328 -34.0558 111.442 0.065831 0 -1.83158 0.824477 -0.5519 -0.125075
118.117 -13.8719 97.577 -1.47007 -0.0670747 -3.5 0.38655 0.0131832 -0.922174
102.227 -26.413 110.439 -1.42704 0 2.8 0.448675 0.263255 0.854042
98.3065 2.98487 103.674 1.81155 0.106663 -3.9 0.772154 0.611046 -0.174359
103.357 -10.8068 131.448 0.0283748 0.0117188 1.8 -0.50064 -0.22501 0.835901
53.652 -14.863 104.468 0.15267 0 -0.7 -0.958633 0.199328 0.203199
75.1103 -28.9605 124.438 -0.141473 0 1.8 0.823744 -0.1213 0.553834
77.2282 -21.217 102.922 -2.32014 -0.349076 -3.5 -0.471781 -0.48148 -0.738647
65.144 4.9165 104.846 -1.4675 -0.231211 1.8 0.947026 -0.284886 0.148259
85.501 -13.7282 81.5318 0.546352 0.425717 -0.8 0.342419 -0.411245 -0.844764
53.849 6.5505 97.4925 -0.148729 0 -4.5 -0.42915 0.529557 -0.73171
64.4358 0.2555 80.004 0.622888 0.527535 -3.5 -0.897947 -0.439646 -0.0200728
104.488 -32.176 100.367 0.163948 0 -3.9 0.809055 0.0519403 0.585433
83.6055 -17.9202 124.339 -0.609669 -0.300802 -0.8 -0.182259 -0.295311 0.937856
49.103 0.165 99.0293 0.0518859 -0.150732 -0.7 -0.973278 0.208645 0.0959051
115.631 -10.8947 108.359 -0.932772 0 2.8 0.118593 0.989977 -0.0766835
97.2142 3.35875 102.039 2.92434 0 -3.9 0.498647 0.813472 -0.299358
102.401 2.8925 103.261 -0.44948 0 -3.5 -0.397672 0.780351 -0.482607
64.2878 -20.367 87.9258 -0.236078 0 4.2 -0.0680147 -0.995223 -0.0700436
105.783 -19.8035 112.795 -0.266342 0 -1.9593 0.91953 -0.169886 -0.354404
100.633 -10.3915 93.7525 -0.23425 0 -3.5 -0.870357 -0.238984 -0.430541
57.1323 -30.1262 98.005 1.12367 -0.0537845 -0.8 -0.779413 -0.611527 -0.136201
85.7595 -23.3752 120.364 0.645912 0.261733 4.2 -0.0124012 -0.503921 0.863661
70.8995 -13.6565 106.777 -0.754795 0 -0.7 0.806171 0.546724 0.226235
82.2633 -32.6982 110.042 0.785276 0.773132 -4.5 0.527383 -0.55466 -0.643599
83.852 -0.349 82.314 -1.07 0 3.8 0.767903 0.104018 -0.632064
72.2712 -7.5115 103.105 -1.13138 -0.00500007 -3.5 0.535502 -0.792145 0.29282
105.465 -16.2897 129.299 -0.813455 0 -3.5 -0.406372 -0.885097 0.226858
115.03 -16.0592 110.087 -0.615621 0 2.8 0.646262 -0.694765 -0.315668
53.212 6.82725 98.3125 0.0149868 0 -4.5 -0.737152 0.339333 -0.584346
65.5058 2.1015 99.7337 -0.330798 0 2.89852 0.511743 0.415157 0.752173
61.888 5.199 92.7165 0.428885 0 3.8 0.874199 0.485561 -0.00259287
97.452 -11.636 95.515 1.42519 0.468577 -3.9 0.218085 0.389152 -0.894986
89.9025 4.793 108.961 0.594929 0 -4.5 -0.446786 0.5494 -0.706075
64.95 1.203 105.081 0.0636913 0.0449827 4.5 0.758632 -0.0854613 0.64589
66.79 -3.229 69.661 0.384179 0 -4.5 -0.650654 -0.212962 -0.728901
84.398 -12.433 86.8385 -0.00119445 0 -0.4 -0.626887 -0.726876 0.28047
83.132 -12.5382 84.9005 -0.607684 0 -0.8 0.142528 -0.766191 0.626608
80.724 -16.715 94.673 -0.66773 0 3.8 0.660044 0.70795 -0.251294
62.953 -33.874 113.211 -0.343968 0 -3.5 0.15399 -0.354245 -0.922387
63.498 10.17 107.934 0.342513 0 4.5 -0.479756 0.829644 -0.285524
85.319 -12.4075 87.9293 -0.383415 0 -0.4 -0.737945 -0.489311 0.46477
49.343 0.314 91.7 0.0168508 0 -0.7 -0.832632 0.51077 0.214098
50.626 -1.2805 104.487 0.0037896 -0.00224228 -3.5 -0.350426 -0.158506 0.923081
101.299 -30.7675 118.963 1.01197 0 -3.9 0.990902 0.132209 -0.0251744
91.9613 -25.595 103.667 -0.563452 0 -1.3 -0.425223 -0.38958 -0.816953
60.9305 -30.6555 102.107 -0.0888053 0 0.37109 -0.0600963 -0.804904 -0.590354
61.4555 -23.1031 92.5009 -1.14669 0 -3.5 0.470699 -0.878114 0.0857844
49.122 -4.3755 87.79 0.121321 0 -0.7 0.238285 0.226021 -0.944529
70.2702 -11.131 112.183 0.0711946 0.436303 -0.7 -0.155875 0.666548 0.728983
96.1298 -0.6155 89.9235 -0.617477 0 0.0303812 0.30334 0.184385 -0.934873
63.1673 -20.398 92.4802 -0.310409 0 -1.3 0.526713 -0.664567 -0.530023
81.058 -22.918 102.251 -0.429949 0 -1.3 0.235602 0.657319 -0.715837
95.4255 2.59775 105.229 -0.0107869 0 -3.9 -0.348237 0.86727 0.355772
79.052 -33.2575 99.8092 -0.538549 -0.130538 -3.5 -0.105784 0.468562 -0.877074
96.3095 -31.4368 98.301 -0.625553 0 -3.5 -0.734687 0.146115 -0.662484
98.9555 -17.986 125.229 -4.50246 -0.0632821 -3.5 0.536898 -0.782174 0.316141
95.703 -20.82 126.544 -1.05895 -0.640498 -0.8 0.541566 -0.0601709 0.838502
101.911 -17.3731 125.34 -0.478162 0 -4.5 -0.0220484 -0.999681 -0.0123516
88.8438 -10.762 104.763 -1.60953 0 -0.7 0.00726786 0.802831 -0.596162
98.3907 -34.191 111.531 -0.206031 0 -0.8 -0.867208 -0.194364 -0.458446
76.4948 11.401 75.972 -0.220702 0 -0.4 0.111676 0.835669 -0.53776
105.287 -25.1632 119.076 -0.671233 0 -4.5 -0.106538 -0.986733 -0.122507
92.934 7.771 97.517 -0.251892 0.846238 -3.5 0.999378 0.0336598 -0.0105194
80.3226 6.40112 76.468 0.0646841 0 -3.5 -0.140575 0.197791 -0.970112
104.003 -34.7982 99.858 1.94496 0.069047 -3.9 0.525296 -0.787065 0.323407
84.9983 -13.533 126.57 -0.196585 -0.0462862 -4.45207 -0.905847 -0.395793 0.150959
56.8745 -2.451 107.974 0.0997664 0.680259 -0.7 -0.658463 0.363102 0.659229
89.569 0.4195 82.6992 -0.221589 0 -0.8 0.861419 -0.100555 -0.497841
58.225 1.86913 108.253 -1.75565 -0.322511 -3.5 0.0635772 -0.56158 0.824977
75.4815 -21.3088 121.708 0.0242285 0 -3.5 -0.166054 -0.10305 0.980717
70.5092 -32.7363 99.8552 -1.9513 -0.621799 -3.5 0.341291 -0.0417729 -0.939029
67.496 -23.3475 121.268 -0.163887 0 4.2 -0.120166 0.0270272 0.992386
75.651 -27.6812 102.928 -1.34699 -0.727406 -1.3 0.142872 0.413547 -0.899203
57.5335 -19.311 91.3852 -1.13925 0 -1.6 -0.905052 -0.415965 -0.0886239
75.549 -9.25 102.164 -0.471673 0 -3.9 -0.653105 -0.754574 -0.0638091
104.386 -6.5035 96.1025 -0.787907 0 -3.5 0.0371924 0.831127 -0.554837
66.1687 -13.178 110.995 0.805385 0 -1.6 0.138144 -0.00526283 0.990398
67.038 -37.152 114.857 -0.248598 0 -0.7 0.2285 -0.434409 -0.87125
97.488 -17.739 93.353 -0.168996 0.388378 -3.5 -0.804924 -0.529107 -0.268593
96.1365 -34.039 99.164 -1.09883 -0.110194 -3.5 -0.697596 -0.358231 -0.620508
94.291 -17.372 99.6725 -0.81439 0 -2.4849 -0.389876 -0.784025 -0.483013
79.914 -25.887 99.085 1.26409 0.228014 -3.9 -0.523906 0.698993 -0.486757
108.079 -2.6915 113.892 -1.32217 -0.128994 -0.7 0.502943 0.749765 -0.430002
90.1212 8.15175 99.583 -0.0502744 0 -3.5 0.115273 0.713936 0.690657
110.78 -6.0745 102.523 -1.85204 -0.0751673 -1.6 0.903965 -0.0909302 -0.417826
83.583 -6.4715 115.874 -1.49116 -0.454798 -3.38979 0.532426 0.110559 -0.839226
78.981 -13.0522 83.729 -0.143961 0 -3.5 0.0630648 -0.695358 -0.715891
76.166 -11.187 120.008 -0.359212 0 4.5 -0.120996 0.916486 -0.38133
64.6225 5.881 108.935 0.102759 0 4.5 0.324269 -0.684805 0.652604
88.5293 -27.5522 102.658 -1.15329 -0.0293705 -2.2202 0.760017 0.576326 -0.300369
116.427 -14.0215 103.796 -0.76517 0 -3.5 0.778473 -0.55297 0.296993
61.7965 -33.6172 116.937 -0.784076 0 -3.5 -0.0244614 -0.0648209 0.997597
50.8084 -13.307 99.6521 -0.0213083 0 -0.8 -0.2255 -0.823045 0.521294
92.063 -26.725 103.91 -0.674887 0 -1.3 -0.232844 -0.144048 -0.961787
69.478 8.346 76.7256 0.284506 0 -0.8 -0.679444 0.243603 -0.692108
53.3537 -18.446 95.2505 -0.124874 0 -0.8 -0.569636 -0.322452 -0.756003
60.7545 7.1355 88.981 -0.0556609 0 -0.7 -0.240159 0.970609 0.0155573
104.55 -24.6115 112.401 -0.306415 0 2.5 -0.419712 -0.826559 0.375024
57.198 7.56025 99.6793 -0.526944 0 1.51816 0.19842 0.968936 0.147622
103.996 -32.57 98.0273 0.859775 0 -3.9 0.646214 -0.00460792 -0.763142
80.0845 -8.6315 122.727 -0.501305 -0.0780336 -1.18769 -0.340615 -0.687189 0.64168
103.458 -30.3622 112.471 -0.956115 -0.457307 2.8 -0.144098 -0.0343861 0.988966
66.8873 10.7253 110.949 -0.120982 0 4.5 0.844383 0.481823 0.23423
69.94 -37.94 114.16 -0.0333112 0 -3.5 -0.922141 -0.181028 -0.341884
88.3658 -6.315 84.248 0.0892248 0.388071 -3.5 0.888706 -0.0990296 -0.447655
58.321 -7.375 84.585 0.434507 -0 -1.3 0.0285294 0.251203 -0.967514
63.897 -17.012 111.477 -1.26671 -0.258214 -3.5 0.0219749 0.39817 0.917048
63.7757 -2.94875 74.7435 -0.24002 0 -0.4 -0.949808 -0.311671 0.0269314
82.6633 -17.4678 98.3812 -0.566541 0 -3.5 0.439721 -0.575581 -0.689457
73.3637 -0.214 99.8402 -0.595979 0 -3.5 -0.586618 -0.0880035 0.805068
101.389 -32.343 114.581 -0.168649 0 -0.8 0.540027 0.829059 0.145027
63.683 -1.0265 77.0488 -1.39901 -0.067663 -0.4 -0.888866 -0.242663 0.388627
109.105 -16.2915 117.617 0.210658 0.0798269 1.8 0.146342 -0.952374 0.26752
53.04 -17.5063 95.441 -0.448027 -0.0287987 -0.8 -0.660741 -0.134392 -0.738485
63.0588 -25.1928 110.143 -0.158159 0.251505 -4.13739 -0.0181911 0.935675 0.352393
85.1417 -20.6825 101.776 -1.59471 -0.288952 -1.6 0.1203 -0.229277 -0.965899
71.235 -12.8188 111.428 -0.495146 -0.607886 -0.89316 0.668408 0.28946 -0.685159
46.1165 -3.55175 99.62 -1.06079 -0.188918 1.8 -0.752383 0.573016 0.324918
92.0735 -32.2533 101.422 -1.1706 -0.0780879 -0.8 -0.500937 0.569913 -0.651353
79.6141 -10.8735 122.475 -1.18346 -0.816122 -3.5 -0.48866 0.293225 0.821724
69.383 -16.04 87.013 0.300168 0 -4.5 -0.00389126 -0.147414 -0.989067
73.2065 2.878 97.448 -0.229095 0 -3.22638 -0.419257 0.778983 0.466271
86.7766 -0.247875 115.428 0.94454 0.214817 -2.69213 -0.346776 0.889652 0.297096
76.5205 11.228 89.063 -0.563187 0 -3.5 -0.707559 0.499926 0.499434
103.849 -37.3765 111.01 -1.70038 0 -3.5 -0.621731 -0.673426 0.399935
53.0868 5.78425 98.6998 0.0479467 0 -4.5 -0.884932 -0.0358698 -0.464336
88.6858 -12.874 99.8128 -0.677612 0 -1.6 0.0845487 0.241272 -0.966767
89.0485 -9.3145 86.1735 -0.48802 0 3.8 0.745996 -0.277865 -0.605212
75.305 -14.697 95.451 -0.381745 0 -3.5 0.77951 -0.236153 0.580168
70.9778 -19.989 110.892 -0.518791 0 4.5 -0.815508 0.578069 0.0279885
80.998 -32.8245 109.534 0.0792681 0 -4.5 -0.328121 -0.791718 -0.515286
83.88 -13.1865 99.5163 -0.874793 -0.201061 -3.5 0.250902 0.718281 -0.648939
82.888 -9.014 123.185 -0.0858336 0 -0.9 -0.582731 -0.659789 0.47445
108.081 -9.9095 128.59 -1.69386 -0.209661 1.8 0.941406 0.33727 -0.00191735
90.2408 9.6445 97.0807 -0.137529 0.0815884 -3.5 -0.0261402 0.925644 0.37749
65.5205 5.5825 106.817 -0.315437 0 4.5 0.396904 -0.917537 0.0243572
106.281 -36.3322 112.78 -0.537181 0 -3.5 0.351516 -0.510197 0.784943
83.8645 9.9855 81.452 -0.39531 0 -0.7 0.773537 0.389379 -0.500024
94.518 -33.7315 115.33 -0.0208999 0.0459579 -3.5 0.386047 -0.277039 0.879896
87.7523 -0.2975 116.088 0.680347 0.422972 -2.21936 -0.0711092 0.976485 0.20352
97.27 -0.9525 134.004 0.264417 0.676486 -4.5 0.527506 0.410096 -0.744016
59.6775 -36.1205 115.416 -1.7013 -0.772998 -3.5 -0.81343 -0.58149 0.0141709
87.026 -11.714 129.102 -1.207 0 -3.2 -0.718923 0.100269 0.687819
74.783 8.27675 72.8945 0.0966652 0 -3.5 0.599228 0.242806 -0.76287
74.033 -6.3995 74.5385 -1.15776 0 -2.23897 0.595584 -0.71793 -0.360357
109.495 -25.4622 106.104 0.424266 0 1.8 0.660685 -0.484235 -0.573595
94.0245 5.78825 112.021 -0.0808494 0 -4.5 -0.127322 0.849404 0.512154
67.9 -19.9375 88.7848 0.208514 0.0941327 -4.10626 -0.272389 -0.941816 -0.196945
62.809 -15.478 78.278 1.73354 0.00586132 -3.9 -0.933689 -0.0471901 0.354961
84.1352 -39.578 98.89 -0.211619 0 3.8 0.884952 -0.248788 0.393655
86.7767 -4.51075 99.08 -1.01048 0 -0.8 0.0697337 -0.747485 0.660609
101.852 -27.6909 120.732 -0.331075 0 -3.5 0.875504 0.0114769 -0.483075
89.05 7.527 100.01 -0.330405 0 -3.5 -0.525882 0.480909 0.701552
52.834 3.541 91.186 0.132275 0 -3.5 -0.347505 0.426437 -0.8351
72.7103 -19.2074 98.5655 -0.636747 0 -0.8 0.984715 -0.171112 0.0325068
52.6785 -2.19675 87.7086 0.254281 0 -3.5 -0.809648 0.199232 -0.552067
79.6645 -10.2945 109.961 -0.752841 0 -3.5 0.380575 0.219693 -0.898275
70.9694 -9.95037 103.608 -0.380825 0 -0.4 0.877627 -0.269554 0.396372
90.8753 -31.474 113.436 -1.62167 -0.0450374 -3.5 -0.982524 -0.0349177 -0.182834
103.244 -26.3342 97.438 -0.888211 -0.15564 -3.5 0.681072 -0.613227 -0.400116
95.153 -1.135 104.974 -0.294196 0 -3.89965 -0.827696 -0.101715 -0.551881
62.517 -10.041 110.729 0.0357602 0 1.8 0.233072 -0.0351098 0.971825
91.5987 -1.03575 115.573 0.225597 -0.223522 -0.8 0.486612 0.187258 0.853313
45.9448 -4.90975 93.8542 -0.0131711 0 -0.4 -0.993178 0.0275745 0.113299
82.467 -3.2885 76.1635 -0.109823 0 -1.3 0.538321 -0.47619 -0.695309
111.779 -9.05575 121.238 -0.703454 0 -0.8 0.102055 0.383313 0.917963
63.828 -23.5265 121.108 0.05689 0 -3.5 0.0429265 -0.472212 0.880439
93.455 -3.3675 136.391 0.433063 0.129092 -4.5 -0.889396 -0.398669 0.223692
114.045 -11.8285 106.774 -1.32637 0 2.8 -0.151497 0.959137 -0.238968
57.1841 -21.62 94.8648 0.751646 0 -0.4 -0.954613 -0.297352 0.01722
55.1295 -2.62975 86.0395 0.338813 0 -3.5 -0.338818 0.487172 -0.804901
97.6578 -26.4762 112.418 -0.54915 0 -0.8 0.752526 -0.372706 0.542951
65.558 -17.2658 76.6685 2.53675 0.0227246 -3.9 0.669652 -0.566429 -0.480338
106.071 -23.206 103.252 0.419807 -3.46817e-05 2.75204 0.726376 0.645552 -0.235884
61.483 7.285 93.435 -0.160099 0 3.8 0.944539 0.280907 -0.170112
106.938 -37.114 110.581 -1.90958 -0.299967 -3.5 0.960244 -0.270259 -0.0699427
62.9398 1.4645 79.5595 -0.0460807 0 -3.5 -0.716532 -0.465975 0.519085
74.5595 -12.723 119.892 -0.715021 -0.0705197 3.08595 -0.932358 0.138999 0.333749
75.445 -18.442 121.969 0.132451 0.0386328 -2.84413 -0.232603 -0.0978924 0.967633
116.336 -19.6197 115.965 -1.11906 0 -0.8 0.275273 0.825506 0.492712
81.8615 12.309 80.0125 -1.42508 -0.692691 -3.5 0.469442 0.785541 0.403175
92.841 3.577 108.28 -1.06702 0 -4.5 0.024709 0.551564 -0.833767
90.0775 4.3885 100.622 -0.0675207 0 -1.91968 -0.202954 0.432547 0.878472
76.2815 12.7685 81.3595 -1.26814 -0.365458 -3.5 -0.897291 0.440876 -0.0223092
95.871 4.645 95.8515 -0.29916 0 -3.5 0.264341 0.906161 0.330146
97.4845 1.9985 116.196 0.709163 0 1.67125 -0.783223 -0.595627 0.178297
104.309 -37.202 109.019 -1.64734 -0.699749 -3.5 -0.114808 -0.715138 -0.689491
79.415 -9.377 94.264 0.0195948 0.244663 -0.7 -0.295006 -0.838675 -0.457817
114.886 -19.7635 111.818 -0.436015 0.264187 -0.8 0.841176 -0.210239 -0.49822
86.15 -12.0295 92.9445 -1.50426 0 -3.5 -0.0329028 -0.88114 -0.471709
109.975 -18.6292 94.2653 -0.470774 0 4.5 0.646241 0.620775 -0.443859
81.048 -8.27675 81.1149 0.146545 0 -3.5 0.0661142 0.0125269 -0.997733
99.592 2.781 99.39 -0.50579 0 -3.5 -0.107397 0.644022 0.757431
108.882 -20.6875 97.886 -0.106618 0 4.5 0.180862 -0.964255 -0.193653
95.399 -33.1315 106.931 -0.633659 0 -3.5 -0.414272 -0.543016 0.730419
52.6842 -8.03575 87.694 -0.714417 0 -0.7 0.0404879 0.829412 -0.557169
49.4 -7.08 100.916 0.559859 0 1.8 0.470577 -0.388681 0.792139
51.1075 -17.831 97.435 0.952509 0.401991 -0.8 -0.991409 -0.116351 -0.0597555
98.5615 -0.406 136.388 0.0211827 0.593784 -4.5 0.941011 0.331598 0.0673938
57.3965 -27.905 112.701 0.210271 0.400039 -4.5 -0.854324 -0.413108 0.315392
89.4205 1.628 122.129 0.383481 0 -3.9 0.969483 0.214226 -0.119203
75.4395 -6.169 108.061 0.912466 0.736781 -3.9 -0.952568 0.0746108 0.295037
61.7467 -29.1649 117.936 -1.25974 0 -3.5 -0.793144 -0.16164 0.587193
47.406 -3.151 95.3327 -0.177024 0 1.8 -0.873321 0.176198 0.454163
84.326 -28.822 113.721 -0.472473 0 -0.4 0.590476 -0.739967 0.322159
105.03 -18.1755 117.601 -1.12378 -0.0829771 -3.5 0.582465 -0.525043 0.620535
77.4195 -33.3245 117.682 0.980472 0.00987506 -4.5 0.742261 -0.617544 0.260169
76.3035 -3.0265 100.307 -1.01823 -0.0369286 -0.8 0.187759 0.726261 0.66128
91.532 3.11013 101.947 0.150126 0 -1.6 -0.0438544 0.292298 0.955321
84.2775 -0.8305 120.343 -0.190979 0 -3.87671 -0.65278 0.548854 -0.522147
72.0095 -3.4635 69.7008 -1.89987 -0.349078 -3.5 -0.10791 -0.113751 -0.987631
63.9455 8.07375 111.03 2.04841 0 4.5 -0.0304168 -0.534939 0.844343
93.8015 -3.1835 99.5565 -0.549924 -0.532609 2.2218 -0.673326 -0.309065 0.671648
67.9625 6.9875 77.408 0.142587 0.677378 -3.75841 -0.817903 0.566764 -0.0990618
91.2353 -11.3693 88.6533 -1.0117 -0.649122 -1.6 0.860324 -0.256431 -0.440552
53.8672 -20.6283 87.6665 2.18656 0.0759479 -3.9 -0.0500865 -0.969909 0.23826
63.076 0.491 77.3285 -0.273241 0.180202 -3.27443 -0.418648 -0.697265 0.581855
63.69 -28.868 120.135 1.51302 0.550052 -3.9 -0.464039 -0.689329 0.556321
110.024 -3.7325 102.812 -1.02088 -0.305998 -1.6 0.980636 0.195777 -0.00493388
112.559 -18.8002 116.281 -2.06796 0 -1.54932 -0.0155009 0.0604033 0.998054
111.918 -10.8105 101.746 -0.908174 0 -3.49998 0.116148 0.656381 -0.745436
54.691 0.405 85.941 0.00537543 0 2.8 -0.83511 -0.545353 -0.0719809
53.6872 -19.582 95.64 0.0570807 0 -0.8 -0.280272 -0.810865 -0.513756
82.791 -4.91075 101.306 -0.295806 0 -1.3 0.928501 -0.260739 0.26439
63.7383 -29.0748 112.897 -0.27061 0.0577756 -0.228535 -0.78371 0.168538 -0.597823
87.3603 -16.0483 129.624 -2.08226 -0.168672 -3.5 -0.220767 -0.765324 0.6046
71.908 -32.7386 122.775 -1.85873 0 -4.5 -0.51158 -0.283315 0.811184
84.5095 -31.9447 97.816 -0.510605 -0.0160684 -1.6 -0.517921 0.459672 -0.721429
94.2975 -16.8293 98.693 -0.681229 0 4.2 -0.616409 -0.613938 -0.493072
64.242 -35.763 115.882 -0.365764 0 -0.7 -0.435326 -0.769569 -0.467177
103.658 -24.3703 95.053 -0.942344 0 -3.5 0.562958 -0.565514 -0.602721
64.3365 -22.2405 110.975 0.189249 0.871489 -3.5 -0.792338 -0.59787 -0.121459
69.6255 3.41675 94.891 -0.868758 0 3.8 0.105863 -0.284352 0.952857
81.744 3.2695 96.3313 -0.274875 0 -4.5 0.676074 0.626816 0.387331
82.5025 -6.647 102.413 0.0583479 0 -0.8 0.707966 0.351263 0.612698
55.984 -17.4548 85.1105 0.475814 0 -3.9 0.310263 -0.304836 -0.900451
74.4423 -29.6555 101.47 -1.76728 0 -3.5 -0.393569 0.727076 -0.562551
90.986 -24.673 114.415 -0.430579 0 -0.29861 0.250139 -0.586061 0.77069
67.4795 0.45625 72.8662 -1.56938 0 -4.5 -0.437861 0.896995 -0.0606465
98.7735 -23.8218 125.875 -1.01956 -0.0582931 -0.8 -0.0520621 0.723245 0.688627
66.477 -5.45 110.453 0.353408 0.711495 -3.5 0.0491334 0.208109 0.976871
111.402 0.63775 105.229 -0.195044 0.502966 -3.5 0.594461 0.791651 -0.141085
64.628 -18.623 122.27 -1.41783 -0.696449 -3.5 -0.176818 0.839164 0.514333
92.3832 -6.064 130.594 -0.235562 -0.0071623 -1.896 -0.807877 0.463275 0.364295
61.7425 -21.0575 119.553 -0.0473672 0 -3.5 -0.77905 0.62599 0.0348866
95.374 -29.184 124.831 0.625209 0.286438 -0.8 0.21291 -0.971918 0.100225
78.1495 -26.685 103.495 -0.578817 0 -1.3 0.231289 -0.554552 -0.799361
54.7878 -15.3567 91.7262 0.110791 0 -3.2 -0.946342 -0.256562 0.196501
91.1527 -1.98112 128.457 -0.66082 0 -3.5 0.192448 0.584347 0.788354
56.1473 1.19975 88.58 0.789473 0 2.8 -0.804476 0.485126 0.34274
94.9141 4.59775 117.965 0.699895 0.409782 -0.8 -0.218179 0.352541 0.910007
104.294 -20.2458 120.857 -0.19457 0 -4.5 0.732153 0.675291 -0.0890754
99.3132 2.50275 104.365 -0.356247 0.563744 -3.51749 0.381908 0.793573 -0.473696
51.8973 3.599 98.3789 -0.0326423 0 -0.7 -0.580713 0.813685 -0.0262706
88.558 2.8615 101.554 0.314444 0 -0.8 0.567214 0.472581 0.67449
55.6613 8.87325 99.923 0.223257 0 -4.5 0.709035 0.415352 -0.56987
97.9317 -25.531 94.869 -0.284597 0 -0.8 0.58962 0.289798 -0.7539
64.5455 -18.2292 85.307 -0.988618 0 -3.5 0.460799 -0.618787 -0.636213
100.911 -5.69462 133.43 0.162213 0 -1.6 0.40553 0.579612 0.70682
76.0425 -33.806 103.168 -0.00511255 0.0174786 -3.5 -0.745015 -0.201234 0.63597
82.0285 -29.05 100.126 2.85172 0.0293666 -3.9 0.328943 -0.645774 -0.689037
74.7767 -35.785 115.36 0.0957252 0.0159309 -4.5 0.446344 -0.891314 -0.0795975
108.25 -1.72275 118.568 -0.288797 0 -3.5 -0.131623 0.962023 0.23914
112.839 -8.53925 120.362 -0.617936 0 -0.8 0.492857 0.673305 0.551138
80.3925 -20.9482 103.641 -1.53316 -0.869715 -3.40397 0.556996 0.202763 -0.805384
77.1198 -34.6675 108.08 -0.212525 0 -3.9 0.729645 -0.183723 -0.658684
102.195 -30.2935 111.868 -0.282398 -0.0853558 2.8 -0.214998 0.150131 0.965006
84.187 -18.4705 100.12 -0.561972 0 -3.5 0.18209 -0.733807 -0.6545
74.1845 -33.3825 123.421 -0.634861 -0.889657 -3.56119 -0.0949261 0.0781093 0.992415
105.812 -22.061 120.712 -0.166745 0 -4.5 0.500716 0.86303 -0.0668072
60.7615 -31.9885 104.168 -1.19746 0 1.8 -0.243129 -0.954227 -0.174183
86.7757 11.881 93.5465 -0.182054 0 -4.5 0.0113709 0.939832 0.341447
55.1376 -10.7212 104.489 0.0763179 0 -1.6 -0.419564 0.205387 0.884185
61.4151 5.2185 86.8045 0.054824 0 -0.7 -0.17943 0.233672 -0.955616
90.5005 -3.542 129.21 0.187491 0 -3.5 -0.230031 0.102463 0.967774
117.215 -11.5095 98.575 -2.07715 0 -3.5 -0.104716 0.788015 -0.606686
109.737 -2.95187 100.141 -0.0817632 0 -1.6 0.799779 0.278686 -0.531684
87.2725 8.7575 97.181 -0.50392 -0.326965 -3.5469 -0.425061 0.63316 0.646863
77.208 -12.347 91.07 -0.900851 0 -0.4 0.607377 -0.106443 0.787251
67.3535 -10.3153 76.569 0.848696 0.739964 -0.8 -0.684465 -0.171134 -0.708675
107.15 -23.442 112.033 0.468106 0 2.5 0.900359 -0.0466233 0.432643
80.866 14.5465 90.8595 0.134423 0.345292 -0.4 -0.395631 0.889388 0.229053
81.573 -4.768 125.358 -0.376316 -0.822606 -0.426836 -0.600959 0.283036 0.747489
80.167 -5.471 116.525 -1.54586 -0.699094 -3.5 -0.859101 -0.174843 -0.481015
96.0938 1.59125 87.968 -0.281282 0 1.8 0.444942 -0.587499 -0.675923
97.313 -2.097 130.595 -1.7048 -0.363052 -3.5 -0.397095 0.900336 0.178076
78.2862 -3.2335 102.967 -0.360986 0 -3.9 -0.389097 0.863062 0.322068
68.161 8.5075 93.3842 -1.65598 -0.776011 -3.5 0.332573 0.820572 0.46482
79.2643 -1.22875 102.584 -0.326726 0 -1.3 -0.554312 0.269287 0.787543
101.192 -9.056 91.719 -0.158251 0 -3.5 -0.584574 -0.656518 -0.476715
76.025 -10.589 92.854 -0.293019 0.679074 -3.07595 0.963069 -0.121548 -0.24026
99.1481 -1.01525 90.3824 -0.233955 0 -1.6 0.625656 0.342056 -0.701108
93.378 -6.84825 132.681 -0.14002 0 -1.50712 -0.49939 0.121488 0.857817
85.7422 -5.0915 98.2678 -1.18465 0 -0.8 0.123695 -0.941464 0.313602
97.3783 -34.208 107.086 -2.46597 -0.513874 -3.5 -0.0293916 -0.00647545 0.999547
53.8618 -10.0772 103.951 0.0694109 0 -1.6 -0.126906 0.380639 0.915974
109.805 -0.7965 103.607 -0.64005 0 -3.5 0.705469 0.241566 -0.666302
55.1515 -19.61 97.4853 0.104464 0 -0.8 -0.0176296 -0.905158 -0.424709
98.1205 1.1955 114.983 0.922645 0 1.9 -0.966768 -0.233199 0.10478
106.8 -10.1895 99.3175 -0.574438 0 -3.5 0.944953 0.165181 -0.282453
74.936 -11.1672 111.523 -1.46633 -0.135352 -3.5 -0.796197 0.358106 -0.487679
66.4932 -0.7015 70.5807 0.413475 0 -4.5 -0.926439 0.375108 0.0317138
75.5745 -11.924 97.5685 -1.04248 -0.011909 -3.5 0.657822 -0.403516 0.63596
105.456 -29.452 111.799 -0.744066 -0.124229 2.77162 0.545432 -0.454283 0.704365
94.884 6.03375 112.514 -0.552758 0 -4.5 -0.458774 0.849777 0.259628
97.618 -35.487 103.987 -1.94581 -0.707376 -3.5 -0.209511 -0.918455 -0.335478
111.198 -0.1895 104.379 -0.342498 0.00130959 -3.5 0.619698 0.218333 -0.75386
65.3278 -30.1252 107.424 -0.305323 -0.124244 3.3735 0.166382 -0.974968 0.147496
115.999 -14.249 112.355 -0.39782 0 2.8 0.308488 0.0711531 0.948564
96.317 -28.149 94.062 -0.442169 0 -0.8 -0.00724486 -0.583671 -0.811958
74.7095 -18.982 95.2505 -0.228866 0.020388 -3.1303 0.231359 -0.700633 0.674972
102.84 1.6005 106.455 -0.57094 0 -3.5 0.313139 0.594452 0.740656
103.007 -2.99825 126.32 -0.903535 -0.6968 -0.7 0.440742 -0.124283 0.888988
84.3695 -7.17 115.959 -0.57937 0.0909461 -0.881602 0.148789 0.52932 -0.835273
75.3955 -35.8452 122.336 -0.129412 0 -3.5 0.682262 -0.209657 0.700402
84.6077 -1.4625 116.186 -0.117808 0 -3.26982 -0.342911 0.865487 0.365163
101.782 -10.4315 130.643 -0.476859 -0.0799682 1.25912 -0.042711 -0.326784 0.944133
92.725 -5.359 96.6995 0.00205097 0 -3.58681 -0.0539385 -0.367286 0.928543
76.74 -1.9905 99.339 -0.66109 -0.343965 -1.60739 0.0850337 0.169114 0.981921
101.597 3.127 98.728 -0.37596 0 -3.5 0.482499 0.73509 0.476274
72.65 -21.4795 98.762 -0.746409 0 -0.7 0.932339 0.0512424 -0.357935
98.1385 -2.38625 131.546 -2.16524 -0.817158 -3.5 -0.117144 0.703072 0.701404
95.91 -26.752 113.305 -1.02443 -0.0456643 -0.889832 -0.20904 -0.203465 0.956506
68.888 -34.888 120.635 -0.366343 -0.414779 -2.13577 -0.438765 0.454516 0.775178
97.732 -29.355 95.609 -1.25364 0 -0.8 -0.317345 -0.79578 -0.515778
101.354 -24.6152 95.1452 -0.2729 0 -3.5 -0.303107 -0.548971 -0.778946
77.0208 -15.1745 101.576 -0.0159294 0.808781 -4.5 0.636765 0.50992 -0.57837
84.4593 -14.0948 104.87 -0.966384 -0.390279 -2.46316 -0.725319 0.328718 0.604861
94.217 -26.826 117.416 -0.203464 0 -3.9 -0.0572734 0.258181 -0.964397
111.884 -19.3735 98.7115 -0.602298 0 4.5 0.790416 -0.0950658 -0.605149
87.006 -24.801 117.498 -0.220031 0 -2.41022 0.981134 0.16272 -0.104395
99.787 -30.218 106.383 -0.615253 0 3.68833 0.531192 -0.842004 -0.0941489
69.8262 12.3523 77.6148 0.969225 0.284748 -0.8 0.118284 0.89041 -0.439522
61.4565 -32.0882 113.146 -0.219493 0 -3.5 -0.455849 -0.0157161 -0.889918
97.15 -5.526 134.088 -0.136646 0 -4.5 0.500078 -0.342986 0.795162
52.0752 6.55225 100.828 0.139447 0 -4.5 -0.991221 -0.0986802 0.0879912
96.0015 -28.171 118.473 -0.205852 0 -3.9 0.145558 -0.969257 -0.198376
45.658 -4.934 98.184 -1.03317 -0.923293 1.8 -0.893547 -0.24157 -0.378441
71.2515 -10.7458 74.338 -0.244237 0 -0.8 0.391999 -0.587338 -0.708075
104.687 -16.8955 126.423 -0.118522 0 -4.5 0.483271 -0.867766 0.11589
91.369 -18.5645 123.016 -0.471122 -0.748531 -0.146155 -0.285303 -0.79793 0.530953
74.608 -30.452 104.763 -1.16908 0 -3.5 -0.340108 -0.522658 0.781764
101.131 -29.5055 104.634 -0.444838 0 4.2 0.762941 -0.592989 -0.25746
76.132 -18.7775 91.5455 0.650586 0.340477 -0.000948318 -0.0867832 -0.98879 0.121506
83.538 2.182 97.498 -0.711754 -0.923437 -0.8 -0.147804 0.96543 0.214705
64.5082 5.27075 106.927 -0.441671 0 4.5 0.56731 -0.819852 0.0774674
66.2255 -20.264 122.517 -1.2152 -0.0106387 -3.5 0.690292 -0.110282 0.715076
94.5365 -33.6948 111.827 -0.0262608 0 -3.5 0.139615 -0.799384 -0.584374
84.896 -15.2945 128.392 -1.56828 -0.0200366 -3.5 -0.793032 -0.608494 0.0288997
94.6302 7.053 84.597 -0.246351 0 4.5 0.834634 0.29344 -0.466131
110.543 -9.2775 106.606 -2.39812 0 -3.5 0.834686 -0.548106 -0.0536552
53.099 -19.995 86.158 2.52471 0 -3.9 -0.60737 -0.619476 -0.497344
83.16 -5.341 98.559 -0.629456 0 1.8 0.472524 -0.800077 0.369592
81.703 7.4005 94.3825 -0.596651 0 2.8 -0.687946 0.41626 0.594523
108.949 -18.7305 110.781 -1.07277 0 3.49029 -0.34656 -0.77736 0.524983
103.094 -17.9405 96.6445 -0.281601 0 -0.8 0.166127 0.801834 -0.573989
84.5295 2.901 97.5705 -1.55311 -0.606403 -2.26663 -0.640689 0.728041 0.243874
68.3422 -35.7132 121.049 -0.743998 0 -0.7 -0.283213 0.367314 0.88593
80.003 -37.693 95.6547 -0.243969 0 3.8 -0.119782 0.261827 -0.957653
67.1503 -35.8587 120.904 -0.6803 -0.0673012 -0.7 -0.252891 0.245752 0.935763
65.4405 -12.2035 110.973 1.17248 0.0545333 -1.0873 0.0686798 0.187076 0.979942
104.953 -8.66225 96.1042 -1.85043 0 -3.5 0.341483 -0.752952 -0.562541
105.887 -33.856 112.99 -0.364293 0 -3.5 0.622508 0.279247 0.731098
95.336 -1.868 99.694 -0.509489 0 -1.6 -0.34136 0.487287 0.803757
79.247 -26.6855 103.713 -0.772892 -0.420215 -0.938889 -0.326854 -0.489248 -0.808581
64.994 -21.1065 94.463 -0.312918 0 -3.41777 -0.0480495 -0.687815 -0.724294
74.1869 -13.6163 119.362 -1.48784 -0.834329 -2.98801 -0.798305 -0.0362201 0.601163
107.475 -17.348 95.6665 -0.437708 0 4.5 0.209541 0.846369 -0.489644
92.524 -18.6165 101.512 -0.573519 0 -0.7 -0.355745 -0.376516 -0.855384
83.0195 16.326 86.265 -1.3109 -0.0102311 -3.5 -0.0567183 0.985592 -0.159345
76.4157 10.2067 91.9788 -2.3477 0 -3.5 -0.993299 0.0501843 0.104107
65.3412 -32.55 113.499 -0.846426 -0.233224 0.202297 0.271449 -0.926195 -0.261685
97.769 0.143 137.04 0.380596 0.660015 -4.5 0.499472 0.79434 0.345763
77.3723 -11.9403 76.3317 -2.04257 -0.555432 -3.5 -0.243312 -0.201291 -0.948832
87.641 -27.236 112.809 -0.903242 0 -0.7 0.343869 -0.926628 0.152033
104.272 -33.78 98.2735 1.27139 0.409484 -3.9 0.628729 -0.18994 -0.75407
87.324 7.662 98.1055 -1.38807 -0.78127 -3.5 -0.631934 0.192211 0.750809
96.9707 2.753 88.4912 -0.288107 0 1.8 0.815587 0.0987668 -0.570143
94.577 6.2205 111.024 -0.606272 0 -4.5 0.0408022 0.971971 -0.231532
79.2042 -12.041 122.588 -0.875357 -0.0184183 -3.05073 -0.275024 0.305456 0.911624
67.1267 -4.0695 105.691 -0.0415476 -0.751795 -3.5 0.428194 0.86918 -0.247339
87.0338 -12.198 93.7213 -1.35685 0 -3.26389 0.542765 -0.838973 -0.0391237
107.417 -23.0847 121.988 -0.0930774 0.00398028 -4.5 0.609419 0.617442 0.497367
56.8239 -21.3482 106.955 -1.1425 -0.120472 -4.5 -0.755112 0.422346 0.501428
50.418 -10.3995 90.393 0.0598149 0.030952 -0.7 -0.895792 -0.344714 -0.280588
82.469 -4.2955 120.803 -0.339217 0 -3.5 -0.737292 0.502175 0.451908
106.438 -25.241 115.366 -0.175407 0.00351447 -3.5 0.117086 -0.956501 -0.267202
83.0725 -7.4255 102.084 -0.0837291 0 -0.8 0.746104 0.532603 0.399578
101.733 -24.6042 118.08 -0.224792 0 -0.8 0.120373 -0.700228 0.703698
83.491 -3.961 114.474 -1.37811 -0.296121 -3.47707 0.456299 -0.780876 -0.426642
53.8698 -16.5713 102.758 0.125609 0 -0.7 -0.974826 0.00350494 0.222937
107.308 -1.863 106.908 -0.675233 0 -3.5 0.163717 -0.17842 0.970239
74.3477 -27.9827 119.654 -0.324453 0 1.8 0.732609 -0.0520024 0.678661
101.313 -8.5145 90.8047 -0.184646 0 -3.5 -0.312769 -0.506599 -0.803451
98.217 -35.08 112.153 -0.553729 0 -0.8 -0.774302 -0.454585 -0.440238
47.3182 -7.05875 102.161 0.0370677 0 1.8 -0.187074 -0.00174276 0.982344
70.2735 -17.8927 109.215 0.429144 0.305618 -3.2 -0.263263 -0.622829 0.736734
70.769 -19.687 111.994 -0.267225 -0.444795 -0.86706 -0.750462 0.510979 -0.419175
70.89 -32.653 121.893 -1.05836 -0.13753 -4.26182 -0.494845 -0.36188 0.790045
103.54 -0.49025 127.286 -0.439979 0 -0.7 0.0181839 -0.0260375 0.999496
108.568 -16.7267 113.68 0.0837204 0 0.197647 -0.197255 -0.775047 0.600327
81.844 -23.1315 120.052 -0.970788 -0.481095 -0.997151 -0.196518 -0.788631 0.582616
52.599 -7.833 102.879 -0.142994 0 -3.5 -0.805278 -0.470781 0.360405
108.813 2.27 103.05 -1.31995 0 -3.5 0.645376 0.761935 -0.054263
83.9078 15.0341 84.5543 -1.08689 -0.0592869 -3.5 0.250419 0.534179 -0.80743
87.0045 -23.529 120.188 0.0941078 0 3.47851 -0.404168 -0.451082 0.795722
55.804 -28.546 97.804 -0.0335647 0 -0.8 -0.915287 -0.351879 -0.196036
80.9952 -7.00775 118.548 -0.390192 0.0669013 -2.20642 -0.926763 -0.191999 -0.322872
62.122 -26.6518 110.959 -0.244865 0 -4.25991 0.0427634 -0.988204 0.147049
85.617 -26.98 115.526 -0.747979 -0.979134 -0.7 0.364872 -0.910194 -0.195999
101.184 -23.884 119.068 -0.839891 0 -4.5 0.236849 -0.952632 0.190775
76.615 -18.1392 122.394 -0.269092 -0.323911 4.5 -0.4936 -0.18415 0.849969
86.5165 -5.526 115.249 -1.00418 -0.459079 4.02476 -0.553893 -0.386067 -0.737668
67.2645 -38.205 119.178 -1.12483 -0.933258 -0.7 0.0625629 -0.926321 0.371503
96.9603 1.7465 88.8883 -0.340021 0 1.8 0.752784 -0.416637 -0.509636
86.2154 -22.387 102.128 -0.351859 0 2.86719 -0.0826942 0.0192403 -0.996389
75.9695 -7.09 108.253 2.08525 0 -3.9 -0.765955 -0.424604 0.482726
111.482 -5.44225 120.02 -0.324623 0.00374631 -3.5 0.425555 0.0190397 0.904732
97.857 1.023 116.145 0.746627 0 1.9 -0.984863 -0.173325 0.00174674
82.8808 -7.13525 96.678 -0.34037 0 0.694 0.498233 -0.390507 0.774124
69.1285 -36.4405 121.453 -0.748301 -0.39987 -1.92494 -0.270022 -0.240328 0.932379
67.248 8.741 92.624 -1.72036 -0.276599 -3.5 -0.37881 0.919557 -0.104488
57.1155 8.6565 95.381 -0.126351 0 3.8 -0.316788 0.853998 0.412714
94.739 -0.056 124.994 -0.30283 0 2.8 -0.0469989 0.519111 0.853413
83.3115 8.593 77.537 -1.11291 0 -3.5 0.864219 0.498019 0.0714303
68.9417 -14.0595 84.812 -2.21842 -0.0196825 -3.5 0.64706 -0.718771 -0.254326
70.3655 -17.742 119.441 -0.631246 0 -0.7 -0.691073 0.324914 0.645638
76.764 -11.937 122.533 -0.265117 0 4.5 -0.0582108 0.559522 0.826769
72.0965 -18.224 87.608 -0.206194 0 3.8 -0.246646 0.0583917 -0.967345
111.927 -19.8083 112.712 -0.402018 0 0.0695611 -0.844319 -0.532179 0.0625352
70.873 -33.8325 100.006 -1.99079 -0.585702 -3.5 0.532704 -0.468683 -0.704672
54.3865 -6.4605 89.2572 0.47538 0 -3.5 -0.60493 0.0263258 -0.795843
55.7513 4.453 88.7035 0.0832068 0 -0.8 -0.964124 0.155146 -0.215395
104.129 -18.2337 118.042 -0.89876 -0.497592 -3.5 0.524798 -0.434667 0.731882
74.1945 3.5195 67.8167 0.0376058 0 1.8 -0.00674015 0.659984 -0.751249
87.461 -22.615 117.295 -0.765126 0 -3.5 0.882028 -0.465521 0.0729142
53.4295 -1.7965 87.1515 0.307592 0 -3.5 -0.546332 0.434294 -0.716178
97.525 -6.734 92.839 0.0463202 0 -0.8 0.512014 -0.845672 0.150602
107.397 -11.0025 99.7647 -0.113124 0 -1.6 0.538398 0.66637 -0.515828
54.3865 -7.489 88.7742 0.319283 0 -1.00793 -0.684129 0.599175 -0.415881
108.06 -18.959 110.205 -1.35446 0 4.2 0.0734875 -0.805985 0.587356
113.324 -16.7523 102.143 -0.869676 0.407466 -2.31765 0.115635 -0.895057 0.430699
61.5305 -29.378 107.184 0.0405028 0 -1.28592 -0.448045 -0.827245 0.339
104.672 -31.064 108.165 -0.189606 0.172374 2.32675 0.301812 -0.301847 -0.904322
91.4965 -3.7885 117.003 0.00495319 -0.0816724 2.98146 0.64995 0.603422 0.462003
112.181 -3.1765 116.721 -1.44192 -0.202751 -3.5 0.900384 0.417652 -0.121961
60.722 -11.5905 109.395 0.369135 0 -1.72583 -0.113221 -0.614762 0.780544
98.6585 -0.899 123.999 -0.199169 0 2.8 0.0428761 0.967077 0.250846
110.809 -13.282 112.305 -0.753581 0 -1.6 0.575821 0.162885 0.801186
104.198 -17.1275 97.1285 -0.629747 0 4.5 -0.36057 0.355144 -0.862474
54.5185 -22.0605 101.939 0.281208 0 -1.29682 -0.735401 0.315256 -0.599832
60.2745 0.3295 105.613 -0.485116 -0.275288 -2.04678 0.611644 0.304313 0.730264
78.2292 10.142 93.505 -2.04855 -0.520813 -3.5 0.127291 -0.208732 0.969654
88.7845 -17.8725 125.665 0.146703 0.464589 -3.5 -0.106127 -0.794125 0.598417
64.6155 -17.8565 78.1665 2.10838 0.161614 -3.9 0.0472372 -0.924601 0.377997
45.707 -3.882 98.089 -1.2228 -0.269729 1.8 -0.808714 0.43129 -0.399963
94.468 10.207 92.949 -1.48839 -0.0796421 -3.5 0.851134 0.318441 -0.417333
76.7145 -10.5498 91.0813 -0.631018 0 -2.7536 0.563402 -0.0875427 0.821532
99.5845 -0.856 93.053 -0.285211 0 -1.6 0.954342 -0.10145 0.280961
64.172 -36.6505 118.009 -0.465736 0 -0.7 -0.926756 -0.329372 0.180657
76.565 -18.6475 101.197 -0.372333 0 -4.5 -0.310998 -0.318222 -0.895553
74.1615 -7.43225 76.4942 -0.257513 0 -1.3 0.480166 -0.794123 -0.372572
71.361 -39.242 114.987 -0.106382 0.522729 -3.5 0.254047 -0.853141 -0.455644
93.831 -5.17475 100.101 -0.351269 0 4.2 -0.926046 0.000892392 -0.377409
95.3185 0.3335 99.807 -1.13793 0 -1.6 -0.145084 -0.677683 0.7209
76.891 -11.243 121.692 -0.287089 0 4.5 -0.117969 0.917512 0.379808
66.5328 -21.13 117.232 -0.612354 -0.724252 3.55741 0.171823 0.953855 0.246246
88.5166 -1.8025 82.6651 -0.198003 0 -0.8 0.434287 -0.74234 -0.510222
65.7008 -20.5033 88.6162 -0.125328 0 4.2 0.174305 -0.968462 0.178045
109.041 -10.2592 121.701 -0.903686 0 4.5 0.467043 -0.207342 0.859582
76.029 -8.0235 106.226 -0.360737 0.572264 -3.9 -0.774245 -0.461494 0.433091
62.614 -27.1545 120.115 3.13473 0 -3.9 -0.796934 -0.354763 0.488916
98.541 -21.2763 93.1233 0.442498 0.296802 -0.8 -0.170664 -0.189279 -0.966978
77.441 -18.1572 100.955 0.0177089 0.644497 -4.5 0.383098 -0.120489 -0.915816
92.8562 -35.1605 103.541 -0.421298 0 -0.8 0.118868 -0.841128 0.527612
73.781 -36.02 115.488 -0.327696 -0.375557 -3.55188 0.560054 -0.786793 0.259416
52.612 -17.0175 99.6628 0.16009 0 -0.703455 -0.992438 -0.107025 0.0601107
85.125 -3.689 114.788 -0.993813 -0 4.2 -0.312884 -0.873535 -0.37288
79.0585 -13.19 122.959 -0.319441 0 4.5 -0.16516 0.271747 0.948091
84.7312 -13.7788 98.801 -1.57281 -0.74282 -3.5 0.317272 0.583256 -0.747764
94.842 -3.427 121.061 0.0691883 0 4.2 -0.902652 0.429991 0.0180882
84.907 -7.865 95.235 -0.610346 0 -3.5 0.25667 0.107384 0.960515
88.3562 -27.5163 101.619 -0.46001 0 -1.6 0.638137 0.756793 -0.141579
103.66 -8.029 131.356 -0.665425 0 1.8 0.428722 0.814269 0.391362
102.804 -30.3455 123.051 -1.56151 -0.842028 -3.5 0.919657 -0.308408 -0.243138
72.235 -14.422 116.324 -0.250606 0 -1.40458 -0.417903 0.709038 0.567998
87.5608 -5.517 96.7438 -1.0702 -0.339446 1.47678 -0.288329 -0.814154 0.504003
75.4635 3.4255 100.605 -1.93022 0 -3.5 -0.480122 0.483539 0.731897
88.128 13.3182 87.8867 0.193101 0 -4.5 0.348557 0.92069 -0.175608
59.035 -33.159 116.495 -1.33719 -0.0667938 -3.5 -0.663793 0.353276 0.659224
57.925 6.807 92.1935 0.0764077 0 3.8 -0.391683 0.607196 -0.691301
70.0235 5.2675 94.5107 -1.28699 -0.180218 0.30572 0.284304 0.708765 0.645619
59.807 -1.3755 80.439 -0.14652 0 -0.4 -0.314156 0.692339 -0.649594
75.3092 -29.368 123.354 0.365703 0.355286 1.8 0.947402 -0.0796573 0.309975
93.1845 -1.3725 87.1145 -0.382812 0 4.2 0.37603 0.206422 -0.903322
80.3672 -5.37025 119.111 -0.790841 -0.390871 -3.21655 -0.97319 0.217796 0.0739321
62.696 -27.3298 110.033 -0.0997052 0 1.8 -0.129643 -0.597336 0.791443
109.767 -23.4625 109.479 -0.156318 0 1.8 0.0777382 0.0539557 0.995513
56.708 -1.208 104.628 -0.419121 -0.214743 -2.5816 -0.313064 0.383818 0.86872
89.137 -8.8815 92.7025 -0.18442 0 -2.22269 0.350287 -0.494427 0.795513
99.2132 0.45225 92.4593 -0.228343 0 -1.6 0.832878 0.493963 -0.24963
58.2845 -22.2442 86.794 -1.2473 -0.280695 -3.5 -0.715489 -0.142013 -0.684038
116.943 -20.4895 112.931 -1.94207 0 -0.8 0.33681 -0.0908403 -0.93718
59.026 -22.2313 119.433 -1.11493 -0.0743734 -3.5 0.148232 0.488554 0.85985
103.706 -23.2642 94.0533 -1.65649 0 -3.5 0.658199 -0.271733 -0.702094
99.9747 -35.0897 99.7002 -1.88366 -0.329769 -3.5 0.490849 -0.865044 0.103756
71.7852 -0.812 70.0957 -0.785353 -0.0348416 0.263523 -0.160941 -0.279078 -0.946685
88.3605 -1.885 125.976 -0.00249409 0 -3.5 -0.186959 0.97628 0.109195
94.5628 8.65575 93.421 -1.49682 -0.252054 -3.5 0.974969 0.164475 0.149613
80.5195 -32.1745 105.331 -0.320241 0 -0.8 0.0519319 -0.961486 0.269902
80.692 -10.624 110.909 -0.592156 0 -3.5 0.514841 0.592696 -0.619395
96.9465 6.339 108.882 -1.50944 -0.707907 -3.5 -0.923391 0.371201 0.097769
101.202 6.7665 108.243 -1.53668 -0.0101485 -3.5 0.852271 0.520242 0.0546043
80.6777 -33.4917 113.274 -0.0915666 0 -4.5 -0.0928743 -0.98622 0.136914
101.718 -26.6965 117.685 -0.419753 0 -0.8 0.82317 -0.334465 0.458828
57.878 -30.914 98.002 0.16085 0.342296 -0.8 -0.325396 -0.945056 -0.0314175
69.4867 -21.2855 93.5545 -0.362686 0 -4.5 0.409832 -0.582395 -0.702036
103.581 -31.254 107.724 -0.356534 0 2.8 0.213071 -0.453956 -0.865173
60.6445 -17.3325 86.0352 0.524043 0 -1.6 -0.167213 -0.149058 -0.974588
71.8652 -10.8973 75.1982 -0.331077 0 -0.8 0.730411 -0.500263 -0.465012
80.8863 -10.4315 95.7797 -0.637352 0 -0.7 -0.407714 -0.81745 0.406871
83.5245 -1.754 110.586 -0.537751 0 -3.2 -0.313077 0.566243 -0.762464
63.619 -17.9835 84.68 -1.05142 0 -3.5 -0.0069434 -0.423555 -0.905844
95.283 5.1955 99.822 -1.70805 0 -3.5 0.0776568 0.955225 0.285509
79.175 -14.1145 108.366 -1.8997 -0.22961 4.2 0.00332443 0.46719 -0.884151
60.994 -36.7795 114.701 -1.37398 -0.0427087 -3.5 0.0139694 -0.807955 -0.589079
69.867 -34.8305 100.556 -1.69883 -0.0956605 -3.5 0.0830359 -0.939199 -0.333183
107.22 -17.4355 131.391 -2.0856 -0.238977 -3.5 0.103223 -0.979262 0.174332
105.589 -38.3945 111.519 -1.67554 -0.0204848 -3.5 -0.0214535 -0.828319 0.559846
57.702 4.0905 109.022 -1.57765 -0.167152 -3.5 0.0199344 0.528399 0.848762
86.772 -11.6155 96.963 -1.91687 -0.46701 -3.5 0.0307217 -0.386103 0.921944
115.519 -9.1475 104.341 -2.25642 -0.138205 -3.5 0.0888452 0.797307 0.597
97.231 -35.3195 107.117 -1.66779 -0.155514 -3.5 0.0302218 -0.571502 0.820044
83.8775 -27.716 116.138 -0.755247 -0.316294 -3.5 -0.795136 -0.590117 -0.139716
73.547 4.051 68.573 0.0887541 0 1.8 -0.322392 0.929417 -0.179576
87.2185 -33.7195 100.896 -0.187788 0 -0.85 0.914397 0.22876 -0.333986
94.426 4.7445 100.167 -1.74455 -0.252757 -3.5 -0.30099 0.811192 0.501371
108.536 -15.5215 123.142 -0.860087 0 -3.5 -0.188945 -0.507305 0.840798
105.188 -20.0215 93.036 -0.231359 0 4.5 -0.612257 0.204671 -0.763708
53.3481 -25.3475 101.929 1.14759 0 -4.5 -0.21842 -0.795038 -0.565869
82.5003 -32.2745 115.184 0.115229 0.66078 -4.5 0.605269 -0.367615 0.706052
89.278 -36.3898 102.156 0.0973085 0 -3.5 0.207753 -0.793835 -0.571546
108.971 -30.6998 104.515 -0.155232 0 -3.5 0.936897 -0.328156 0.120574
55.1772 4.038 90.6265 0.597763 0 -3.5 -0.654005 -0.037147 -0.755578
116.781 -13.5765 102.134 -1.00606 0 -3.5 0.791951 -0.569861 0.219251
73.29 -14.3643 81.354 -2.01035 -0.159222 -3.5 -0.251525 -0.5247 0.813281
102 -30.8655 122.565 -1.23976 -0.429205 -3.5 0.534236 -0.700466 -0.473222
81.5165 -12.4215 123.314 -0.247224 0.116812 -1.84533 -0.434331 0.350309 0.829843
72.2095 -13.9495 81.0928 -0.919745 0 -3.5 -0.0310754 -0.602987 0.797146
95.829 -23.99 113.951 -0.950622 -0.353353 -0.8 -0.57592 -0.608087 0.546394
78.898 13.526 91.271 -1.09107 0 -3.5 -0.277882 0.95499 0.103807
77.2203 -37.8727 102.993 -0.463277 0 -3.5 -0.0857073 -0.563571 0.82161
74.4085 -35.487 123.912 -1.2362 -0.125117 -3.5 0.301381 -0.297758 0.90582
96.8085 -35.731 98.59 -1.80835 -0.143489 -3.5 -0.377786 -0.509047 -0.773401
97.6975 -29.446 118.484 -0.120192 0 -3.9 -0.919551 -0.36216 -0.152531
58.26 -22.3715 88.651 -1.1816 -0.612214 -3.5 -0.964062 -0.259234 -0.0581597
56.758 -8.655 106.748 -0.0324224 0 -4.5 -0.939927 0.194338 0.280659
76.1083 -13.108 111.293 -0.739269 0 -2.40021 -0.273527 -0.155957 -0.949137
73.559 6.781 72.074 -0.0762954 0 -3.5 0.60038 0.00128193 -0.799713
110.936 -24.7248 106.237 -0.337315 0 1.8 0.714234 -0.216175 -0.665687
75.106 -35.345 123.199 -1.15908 0 -3.5 0.805617 -0.238646 0.542245
64.7462 6.86775 104.909 -0.656703 -0.672508 1.913 0.631129 0.492651 -0.599142
77.6093 -38.9362 102.218 -0.107877 0 -3.5 -0.00738364 -0.846223 0.532778
78.627 -7.4975 107.756 1.88412 0 -3.9 0.73985 -0.669375 0.0675208
58.2433 7.12575 100.696 -0.506787 -0.0212621 1.9 0.144358 0.954453 0.261114
81.1635 -19.513 94.5133 -0.466913 0 3.8 0.722311 -0.142161 -0.676799
102.034 -24.0945 114.076 -0.726652 -0.954812 -0.8 -0.049313 -0.746093 -0.664014
106.718 -36.578 111.616 -1.3761 -0.338853 -3.5 0.895862 -0.433852 0.0959302
81.134 -8.0915 104.637 -1.63809 0 -0.8 0.623451 0.301345 0.721457
85.0345 2.094 123.174 1.46742 0 -3.9 -0.805427 0.572606 0.152999
60.7718 -16.3398 85.7432 -0.0061704 0 -1.00802 -0.23095 -0.52754 -0.817535
82.483 -40.9605 97.5697 -0.221774 0 3.8 0.370676 -0.900423 -0.22768
61.3825 4.0475 106.462 0.424955 0 1.79996 -0.0174925 -0.49374 0.869434
110.231 -4.425 101.962 -0.934761 -0.897225 -1.6 0.97334 0.000167667 -0.229368
77.8675 -15.6853 87.1722 -1.51993 -0.410667 -0.4 0.089498 -0.380713 -0.920352
93.4043 -19.0842 126.59 -0.708353 0 -0.8 -0.193827 0.0328754 0.980485
93.4215 1.11025 86.8227 -1.75117 -0.121194 4.5 0.750014 -0.423477 -0.50808
108.901 -5.3435 108.951 -2.43164 -0.569743 -3.5 -0.338883 0.924072 0.176772
58.415 1.143 81.472 -0.0525004 0 2.8 0.355078 0.160816 -0.920901
111.242 -24.1915 108.544 -0.297666 0 1.8 0.965377 -0.10995 0.236553
94.8695 2.873 87.082 0.0697566 0.0773406 2.01498 0.535483 -0.211016 -0.817759
99.0885 -30.5195 124.184 -1.62052 0 -3.5 -0.699835 -0.693875 0.169612
71.552 -33.189 103.949 -0.703273 0 -3.5 0.890734 -0.298386 0.342868
78.1537 5.15625 70.525 0.200547 0.0250005 -3.5 -0.233927 0.789346 -0.567636
83.8572 -13.6818 81.5908 -0.228877 -0.102139 -0.8 -0.557429 -0.224604 -0.799266
80.607 -31.135 100.488 -0.827718 -0.00873478 -3.5 -0.39906 0.324712 -0.857504
83.2825 -30.4228 111.723 0.144898 -0.0156224 -4.46879 0.912908 -0.358049 0.19596
80.5867 -16.6082 90.4635 -0.650394 0 -0.4 0.967177 0.180522 -0.17883
46.9557 -4.2015 89.9885 0.0757725 0 -0.7 -0.898765 0.437674 0.0257521
60.0695 -13.6222 84.7913 -0.487353 0 -0.4 -0.221527 0.169217 -0.96036
109.921 -2.47975 116.551 -1.05587 -0.0700809 -3.5 0.196721 0.865663 -0.460357
84.63 10.904 83.362 0.389719 0.74624 -0.7 0.601284 0.510461 -0.614726
83.1718 -2.00725 119.527 0.196177 0.0104167 -3.5 -0.609235 0.792342 0.0320544
88.3579 -13.1645 87.0651 -1.20015 0 -0.539341 0.542947 -0.290568 -0.787895
107.142 -18.7957 91.4715 -0.390428 0 4.5 -0.316652 0.72707 -0.60918
96.2015 -0.14925 134.816 0.0837974 0 -4.5 -0.206443 0.908343 -0.363723
76.567 -6.169 109.001 2.03782 0 -3.9 -0.332984 0.388079 0.85937
72.2233 7.3335 71.4678 0.21007 0 -3.5 0.100999 0.293883 -0.95049
75.8605 -10.37 97.7663 -0.646375 -0.679716 -3.5 0.65329 -0.424583 0.62685
60.5555 -20.2178 86.829 -0.753921 -0.051141 -1.75539 0.0375288 -0.212871 -0.976359
93.4035 -2.2705 127.961 -0.617177 0.51989 -3.5 -2.21338e-05 0.880002 0.47497
65.0778 8.281 88.1905 0.361255 0.0735393 -1.3 -0.57601 0.50265 0.644636
80.1602 -19.6702 93.0735 -0.345132 0 3.8 0.604935 -0.516948 -0.605655
79.4675 5.252 97.695 -0.135021 0.545295 -4.5 -0.144246 0.960742 0.236997
46.0812 -6.875 98.2227 -0.0371639 0 1.8 -0.876774 -0.264563 -0.401589
79.316 -6.49425 74.7245 -0.361415 0 -0.7 0.360984 -0.247657 -0.899086
84.106 7.1735 82.819 -0.278746 0 1.55991 0.282565 -0.0433566 -0.958268
70.8307 -30.7745 122.595 -0.10267 0.376347 0.449522 -0.646078 -0.239922 0.724583
66.4655 -38.783 118.637 -0.905094 -0.479744 -0.7 0.0470012 -0.835296 0.547788
75.994 -7.0785 75.584 -0.491366 0 -0.7 -0.302777 -0.630541 -0.714663
70.7728 -30.5645 101.609 -1.93578 -0.0276047 -3.5 0.345972 0.936716 0.0535442
67.322 -31.008 97.285 -0.00658978 0 -1.6 0.316976 -0.655636 -0.685323
53.4987 5.47575 91.2475 0.256131 0 -3.5 -0.371389 0.445556 -0.814586
89.376 -11.884 101.436 -0.400115 0 -1.6 0.508136 0.784459 -0.355559
76.104 -38.526 110.897 1.44164 0.230579 -3.9 0.582958 -0.612753 0.533567
63.4512 -19.74 89.7985 -0.180751 0 4.2 0.0382389 -0.961442 0.272337
56.0265 -13.8065 109.802 0.498456 0.40682 -4.5 -0.218335 -0.834012 -0.506708
73.5405 -40.049 121.407 -1.50802 -0.231683 -3.5 -0.472766 -0.772621 0.423731
91.5905 10.1803 88.3278 -0.104881 0 -4.5 0.718159 0.691343 0.0793257
56.9535 2.472 108.285 -1.83251 -0.512223 -3.5 -0.609148 -0.349602 0.711841
105.233 0.78775 122.847 0.210448 0.470055 -0.7 0.373157 0.750976 -0.544784
109.762 -2.00025 119.885 -0.359612 0 -3.5 0.220057 0.714038 0.664624
97.016 -0.47425 139.095 0.412574 0.623345 -4.5 0.342858 0.485569 0.804159
117.576 -14.9443 97.1927 -0.666114 0 -3.5 0.343676 -0.178939 -0.921883
91.1517 -24.3865 97.1505 -0.400534 0 -3.5 -0.988899 0.145007 -0.0324261
97.5 -35.108 112.91 -1.13412 0 -3.9 -0.70164 -0.505056 -0.502612
78.919 4.71775 99.688 -0.0336396 0.77565 -4.5 -0.271575 0.827816 0.490885
59.9767 3.0335 76.917 0.432868 0.605818 -3.5 -0.923392 0.383822 0.00530052
87.865 3.80325 112.78 0.214427 0 -4.5 -0.781098 0.481701 0.397302
94.2195 -31.0858 106.571 -1.3566 -0.194206 -2.14974 -0.350544 -0.398662 0.847459
91.925 8.369 89.1192 0.0162322 0 -4.00026 0.904591 0.41677 -0.0895386
91.358 -32.297 113.037 -0.948036 0 -3.5 -0.820297 -0.27722 -0.500261
71.4642 -15.8276 87.3089 0.295658 0 -4.5 0.3117 0.238361 -0.919797
57.228 5.2905 106.008 -0.311862 0 -3.5 -0.495236 0.748976 0.440201
57.1025 -15.6 106.864 -0.328916 0 -0.7 -0.208904 -0.110643 0.971657
60.7918 -8.80125 82.2322 0.71332 0 -3.9 -0.89763 -0.127874 -0.421793
71.4775 -11.5145 114.4 0.396245 0.53315 -1.3 -0.763319 0.612162 0.206404
54.464 -4.85075 106.138 -2.16213 -0.555941 -3.5 -0.115993 0.283735 0.951861
48.1157 -1.7925 92.5638 -0.460047 0 1.8 -0.660359 0.572204 -0.486321
104.183 -20.375 93.7625 -0.100448 0 2.88343 -0.406902 0.0566902 -0.911711
117.392 -13.0618 103.037 -0.840082 0 -3.5 0.931523 -0.355355 0.0773784
102.195 1.302 113.681 -0.351095 0 1.9 0.989123 0.00641078 -0.146954
90.311 11.298 88.6 0.168912 0 -4.5 0.66682 0.566057 0.484696
89.6465 -26.0763 113.3 -0.63787 0 -0.7 0.224293 -0.937774 0.265092
63.3555 -30.7435 106.706 0.0141453 0 1.8 -0.116695 -0.991991 -0.0483431
83.7142 8.35525 94.1545 -0.295345 0 2.8 -0.159987 0.726506 0.668276
112.818 -11.643 101.155 -1.05004 -0.267414 -3.5 -0.221409 0.696377 -0.68267
71.1045 -10.3335 84.098 -0.671944 0.00378176 3.07974 0.186936 -0.982367 -0.00316488
108.259 -3.617 98.4525 -0.490437 0 -1.6 0.221706 0.170211 -0.960143
92.814 -7.329 88.26 0.536117 0.389793 -0.8 0.327664 -0.0237289 -0.944496
53.747 2.94925 95.848 -0.254146 0 -2.61234 -0.54278 0.838288 -0.0516107
59.8665 -20.4352 110.05 0.599873 0 1.9 -0.458368 -0.484067 0.745371
73.3335 -6.215 72.557 -0.196951 0 -3.5 0.251072 -0.854112 -0.455472
84.9938 -33.1693 97.1113 -0.346308 0 1.8 0.13793 -0.263299 -0.954803
58.7433 9.49525 92.4057 -0.0802221 0 3.8 -0.295456 0.774446 -0.55941
78.402 14.011 85.912 -0.338128 0 -3.5 -0.504556 0.838796 -0.20456
86.3295 -16.892 100.544 -0.752275 0 -3.5 0.788878 -0.296889 -0.538079
78.282 -10.8735 119.834 -0.561814 0 -3.5 -0.836368 0.360766 -0.412719
80.2145 -14.6088 108.722 -1.50173 -0.0116901 4.2 0.555873 0.335111 -0.760728
87.1835 -10.837 112.961 -0.572554 -0.374417 -0.808595 -0.465771 0.859725 -0.209594
93.1052 -28.1915 110.924 -0.882355 0 -1.27121 -0.562726 -0.731113 0.385762
110.627 -4.3365 115.014 -0.965724 -0.159432 -3.36023 0.391006 0.571685 -0.721312
83.9205 4.583 77.0987 -0.0342787 0 -3.5 0.410851 -0.620667 -0.667812
70.5135 -6.882 106.781 -0.440923 0 -3.5 0.883803 -0.0898379 0.459152
88.5665 -15.8007 129.992 -1.5173 -0.0309613 -3.5 0.455053 -0.618992 0.640137
106.692 -21.6283 104.98 -0.164198 -0.14878 2.30825 0.322877 -0.184568 -0.92827
110.456 -19.424 94.8982 -0.467546 0 4.5 0.976358 0.146754 -0.158711
90.317 -32.137 104.851 -0.912978 -0.121704 -3.03541 0.443933 -0.107326 0.88961
53.4445 7.899 104.533 0.414344 0.388472 -4.5 0.025344 -0.796416 0.604218
101.586 -21.1755 123.311 -0.448992 0 -4.5 0.128505 -0.00396552 0.991701
81.5133 -2.753 75.4622 -0.400642 0 -1.3 0.396518 -0.355143 -0.84655
95.0885 0.7275 124.326 -0.281645 0 2.8 -0.0109903 0.724834 0.688836
105.707 -8.50525 131.776 -0.49725 0 1.8 0.377609 0.68594 0.622011
68.9583 -8.2205 111.076 -0.253257 0 -0.7 0.263721 0.709127 0.653904
86.3692 -30.911 97.0795 -1.38564 -0.100324 -1.6 0.186877 0.0861069 -0.978602
62.747 -6.799 78.93 -0.267237 -0.964918 2.8 -0.459272 -0.647565 -0.608053
111.418 -9.255 104.045 -1.20595 0 -1.6 0.754221 0.391416 0.527204
105.575 -8.125 130.682 -0.579954 0 1.8 0.34327 0.937349 0.0595237
91.4467 -9.7115 133.557 -0.585503 0 -0.9 0.162177 -0.0935056 0.982321
91.3445 -8.895 92.1143 -0.0600514 0 -1.57743 0.383407 -0.774408 0.50328
93.4447 2.58175 86.2893 -0.305904 0 4.5 0.605997 -0.396725 -0.689476
76.2 -26.7675 119.774 -0.105023 0 -1.6 0.224091 -0.395567 0.89068
99.1785 0.464 94.8767 -0.748041 0 -3.5 0.195557 -0.980234 -0.0299922
65.959 -37.0983 114.619 -0.282596 0 -0.7 -0.339886 -0.462752 -0.818742
99.789 -17.7582 91.616 0.0468737 0.755507 -3.5 0.23567 -0.564729 -0.790911
68.243 -1.20425 65.192 0.494382 0.714306 -4.5 0.353203 -0.526691 -0.773204
85.052 10.85 93.674 0.0225675 0 -4.5 -0.310245 0.263469 0.913418
55.4325 -24.3755 106.11 0.391481 0.150418 -4.5 -0.335158 -0.194294 0.921911
101.755 -29.712 101.154 -0.198713 0 -3.9 0.387858 0.298552 0.872028
54.916 -19.2593 95.3252 -0.0210216 0 -1.04158 -0.223615 -0.879773 -0.419518
94.222 0.771 88.2828 -0.522041 0 3.12649 0.436915 -0.374265 -0.817943
87.8009 -3.15125 84.179 -1.60459 -0.484597 -0.8 0.829733 -0.26508 -0.491198
80.9678 -0.65675 102.656 -0.656836 0 -1.3 0.2429 0.264372 0.933331
76.798 4.9095 72.648 0.251892 0 -3.5 -0.297029 0.909759 -0.290022
91.1745 -1.00325 127.664 0.24244 0.0374292 -3.5 0.0446784 0.927622 0.370838
79.856 -8.09725 80.9597 -0.312568 0 -3.5 0.508997 0.1254 -0.851585
116.169 -12.1565 98.428 -1.74643 -0.26273 -3.5 -0.102978 0.723649 -0.682442
97.83 -1.1725 138.54 0.509543 0.598237 -4.5 0.867733 0.215343 0.447958
101.201 -1.14975 97.0257 -0.318031 -0.135327 -2.22493 0.282121 -0.354841 -0.891345
93.1748 -2.55875 86.9535 -0.323109 0 4.2 0.228624 -0.189593 -0.954875
86.6865 -9.6685 110.837 -1.32117 -0.895967 -0.7 -0.401891 0.87146 0.281141
91.7535 -17.0395 126.421 -1.43315 0 -3.5 0.00750307 -0.454622 0.890653
95.914 -7.157 99.951 -0.835105 0 4.2 -0.517564 -0.604573 -0.60549
69.512 -11.655 85.6905 -1.33062 -0.845899 -3.5 0.836845 -0.528863 0.1414
71.8838 -35.0665 122.61 -0.801984 -0.476593 -3.5 -0.509808 0.0693428 0.857489
92.5415 -7.9325 133.068 -0.399624 0 -0.9 0.235284 0.393225 0.888828
74.9435 -13.025 122.529 -0.234598 0 4.5 -0.777062 0.038229 0.628262
95.5935 -20.798 96.7495 -0.590526 0 -0.8 -0.922806 0.352894 -0.15458
78.3775 -19.3045 102.07 -0.781 0 -4.07568 0.62128 0.156397 -0.767822
86.252 -2.10925 110.683 -0.174195 0 -3.2 0.307513 -0.145663 -0.940329
76.1875 -10.0405 91.8485 -0.360168 0 3.8 0.901275 -0.339334 0.269362
70.3497 -13.1202 88.0105 -1.06902 -0.221018 -0.402173 0.594504 0.108417 -0.79675
98.1697 6.9255 115.043 -1.34281 -0.735108 -0.8 -0.103957 0.98359 0.147454
65.5175 -32.6323 111.507 -0.271125 0 3.8 -0.123982 -0.968752 -0.214823
95.88 -3.0675 129.669 -1.16632 0 -3.5 -0.202781 0.962902 0.178046
75.808 -37.2018 102.976 -0.888486 0 -3.5 -0.408773 -0.43456 0.802535
102.722 -22.7512 93.5632 -1.58705 0 -3.5 0.0471302 0.0592674 -0.997129
61.246 7.37 109.412 7.42796 0 4.5 -0.982181 -0.148476 0.115222
55.1637 -18.752 104.506 -0.344421 -0.825299 -0.7 -0.454879 -0.815459 0.357926
97.1195 -7.25625 93.935 0.114929 0 -0.8 0.721007 -0.528673 -0.447945
87.764 -31.8025 106.223 -0.767997 -0.051452 -3.5 0.0494792 -0.312817 0.948524
114.198 -19.074 116.206 -0.876783 0 -0.8 0.115519 0.629689 0.76821
100.59 -16.9737 128.931 -0.311041 0 -4.5 -0.700414 -0.542691 0.46358
72.0673 -30.7055 105.299 -0.338603 0 4.2 0.622635 -0.764862 0.165263
77.5033 -10.8715 104.636 -0.545388 0 -0.4 -0.201331 -0.718543 0.665704
73.1465 -11.445 82.694 -0.760738 0.403647 4.2 -0.233315 -0.766397 0.598498
107.754 -16.4895 117.795 0.231094 0.94332 1.8 0.27489 -0.935521 0.221893
68.5788 1.9275 94.9693 -0.961078 0 2.95162 0.757859 0.259924 0.598406
92.4362 -2.063 99.3015 -0.815796 -0.281803 4.02904 -0.268379 -0.583526 0.766466
95.3808 -18.4708 96.5038 -1.74835 -0.02715 4.2 -0.949787 -0.0169561 -0.312437
85.167 -13.1885 106.245 -1.85073 -0.203273 -3.5 -0.875894 0.420359 0.236871
91.208 -3.6115 98.0555 -0.609174 -0.635398 2.11283 0.0838285 -0.6632 0.743733
62.752 -28.1705 120.097 1.64467 0.292907 -3.9 -0.789275 -0.418737 0.449116
81.7945 -1.631 113.962 -0.780572 0.0222522 -3.2 -0.733121 0.54392 0.408271
97.264 5.301 107.586 -1.88945 -0 -3.5 -0.81832 -0.429992 -0.38139
65.714 -20.2925 119.055 -0.279562 0 -3.5 0.24292 0.798504 -0.550801
91.563 11.115 95.472 -1.77858 -0.809596 -3.5 0.199131 0.744529 0.6372
91.5175 -11.7303 90.0943 -0.182984 0 -1.6 0.936049 0.242143 0.255303
81.409 -10.397 90.321 -1.57493 -0 -0.4 0.0808967 -0.606033 0.791315
71.187 11.224 76.389 0.0318615 0 -0.8 0.0242673 0.646299 -0.762698
105.169 -32.6 112.909 -0.239046 0 -3.5 0.511418 0.629656 0.584795
84.9197 -12.6228 95.5222 -2.30007 -0.530544 -3.5 -0.498609 -0.61047 0.615399
87.8903 -1.9845 127.474 0.0490661 0 -3.5 -0.287 0.937448 0.197032
96.5482 -2.0485 127.466 -0.396675 -0.170301 -3.5 0.0229134 0.980745 0.193943
114.586 -19.7922 110.747 -1.75724 0 2.8 0.910961 -0.156808 -0.381524
108.13 -29.943 109.081 -0.236238 0 1.8 0.700755 -0.627194 -0.339956
72.9877 -39.1213 121.422 -1.85404 -0.275601 -3.5 -0.794878 -0.425802 0.432275
107.802 -20.699 97.8678 0.422851 0 4.5 0.379858 -0.921749 -0.07801
83.558 -12.4008 110.747 -0.542797 0.163681 1.26926 -0.237989 0.386924 -0.890871
78.4705 -11.933 76.366 -2.10893 -0.762682 -3.5 0.230554 -0.0695394 -0.970571
65.4727 -31.9825 120.437 -0.427324 -0.0834501 -0.9 -0.244862 0.184231 0.951894
114.093 -19.8307 116.874 -0.737138 0 -0.8 -0.111525 0.354643 0.928327
103.068 -28.8735 105.839 -0.690204 0 0.625942 0.169675 -0.730704 -0.661273
65.3363 -2.8815 107.967 -0.626584 -0.142798 -2.07566 0.3246 0.75832 0.565319
81.471 -36.6245 96.7688 -0.21014 0 3.8 0.25285 0.636769 -0.728418
81.756 -7.646 114.84 -0.820403 0 -0.8 -0.661933 0.0699356 -0.746293
109.267 -6.2165 100.077 -0.619413 0 -1.6 0.731304 -0.467222 -0.496888
74.481 -11.332 113.993 -1.46789 -0.678818 -1.3 0.414863 0.853649 0.314916
56.332 -8.2605 104.143 -0.0830698 -0.168631 -3.65731 -0.661037 -0.35992 0.658397
76.9065 13.4672 80.883 -0.991697 -0.178502 -3.5 -0.400178 0.898912 -0.178366
95.9165 7.52825 90.775 -1.3559 -0.506193 -0.4 0.481779 0.861988 -0.157691
111.512 -2.43575 116.836 -1.64313 -0.166466 -3.5 0.381373 0.899611 -0.21273
74.921 9.46075 80.2985 -0.362311 0 4.5 -0.30692 0.92997 -0.202377
83.4632 -30.7815 105.433 -0.92487 -0.877334 -0.8 0.15731 -0.763168 0.62676
93.8735 -26.226 102.591 -0.672388 0 -0.935494 -0.495936 -0.791782 -0.356552
91.408 -31.985 114.942 -0.970098 -0.40607 -3.5 -0.840584 0.0250274 0.541103
81.2935 12.7308 79.1588 -1.0147 -0.181844 -3.5 0.333217 0.933122 -0.135093
78.786 4.41375 69.8848 0.245419 0.819658 -3.5 0.368679 0.29946 -0.88
98.997 -13.8435 126.723 -0.788643 0 -4.27725 -0.564498 -0.358613 0.743464
63.189 -16.4135 84.62 -0.108103 0 -3.5 -0.223713 -0.403516 -0.887202
82.511 -11.543 82.561 -0.713791 -0.669942 -1.94405 -0.210534 -0.565765 -0.797236
64.236 -10.1525 78.516 2.22457 0.392249 -0.855187 -0.566342 -0.00141282 -0.824169
105.668 -14.5945 131.299 -1.0254 0 -3.5 -0.758529 0.10665 0.642853
76.26 -24.164 120.907 -0.824109 -0.466778 -3.5 0.145522 -0.600986 0.7859
83.0345 3.7125 82.5555 -0.214162 -0.772804 -0.167495 0.760662 0.456003 -0.462012
109.601 1.9545 104.882 -1.57247 -0.262814 -3.5 0.488967 0.82197 -0.292021
75.997 -19.4272 101.913 -0.291284 0 -4.5 -0.408923 -0.564801 -0.716786
75.3063 -18.6577 85.5875 -0.412597 0 3.8 0.0898822 0.00225652 -0.99595
100.728 -16.9135 92.2305 -0.208888 -0.196897 -3.5 0.649047 -0.147974 -0.746218
83.9092 -11.6722 94.0785 -1.98716 -0.262627 -3.5 -0.855686 -0.514371 0.0567829
103.31 0.3195 110.035 -0.396937 0 2.8 0.717409 0.590312 0.36994
81.0125 -9.9315 99.8555 -0.732104 0 -0.8 -0.0368434 -0.633037 -0.773245
83.7998 -13.5297 110.497 -0.616388 0 2.49644 -0.494209 0.330945 -0.803886
96.9055 -25.2785 94.4768 -0.283066 0 -0.8 0.308562 0.454432 -0.835632
64.515 2.85963 105.979 -0.311573 0 -0.4 0.573832 0.0887542 0.81415
87.523 -7.002 82.2665 -0.547796 -0.404287 -3.5 0.863432 -0.141375 -0.484251
68.7425 6.18625 97.8555 -0.378603 0 2.8 0.719531 0.636084 0.278696
58.5013 -19.657 107.695 0.185106 0 1.9 -0.807739 0.190733 0.557833
94.8275 -9.9475 131.844 -0.625799 -0.0299611 -0.978986 0.325423 -0.376914 0.8672
101.826 -29.198 111.85 -0.636005 -0.17873 2.8 -0.0495876 -0.0393271 0.997995
70.7422 -20.4862 121.141 -0.263895 0 4.2 -0.294744 0.64509 0.704971
87.8395 2.785 109.07 0.0105717 0 -4.5 -0.721633 0.332022 -0.60746
98.345 -0.14775 94.2982 0.23786 0 -2.78672 0.671105 -0.600188 0.435192
58.757 -17.548 107.43 0.0987632 0 1.9 -0.5526 0.266026 0.78985
95.186 3.05125 108.788 -1.4377 -0.409859 -4.00415 0.115096 0.803778 -0.583689
67.5717 10.6955 82.8268 0.233557 0 -1.3 0.216063 0.92507 -0.31235
45.5168 -4.4955 99.2 -0.945219 -0.0969481 1.8 -0.973497 0.0186471 0.227938
112.931 -20.8127 107.286 -0.459204 0 2.8 0.770403 -0.627237 -0.11425
51.1452 -14.4545 96.0827 -1.07013 -0.0557445 4.2 -0.839304 -0.514159 -0.176662
98.8942 -6.506 93.2757 -0.0352882 0 -3.5 -0.266691 -0.958103 0.104473
64.1943 4.68025 79.5312 -0.1906 0 -3.5 -0.105608 0.981993 0.156644
75.1373 -37.6138 101.161 -1.33938 -0.891851 -3.5 -0.729744 -0.523869 -0.439358
94.1417 2.36 102.872 0.164756 0.208202 -2.61794 -0.540372 0.454763 0.707947
73.053 -15.2802 77.2783 -1.58438 -0.456017 -3.5 -0.326641 -0.482179 -0.812902
94.176 -12.217 131.856 -0.84943 0 -0.9 0.45625 -0.179096 0.871642
106.62 -19.6725 91.3217 -0.363741 0 4.5 -0.543789 0.273494 -0.793407
84.0403 -12.229 100.34 -0.59632 0.0938706 -1.32436 0.195871 0.390811 -0.899389
110.676 -25.572 108.594 -0.144181 0 1.8 0.738878 -0.508932 0.441641
109.928 1.81 105.848 -1.55031 -0.878608 -3.5 0.65303 0.670265 0.352558
86.36 2.487 125.025 2.59114 0.0405551 -3.9 -0.300072 0.220921 0.927982
102.669 -12.9455 123.641 -0.793286 0.50166 -0.9 0.856427 -0.431182 -0.283927
55.8597 6.86875 93.9255 -0.104589 0 3.8 -0.86561 0.49068 -0.0997586
54.519 -9.73775 111.918 0.490593 0.522613 -4.5 -0.866432 0.276985 0.415422
54.981 -20.2865 87.8125 3.03329 0 -3.9 0.333809 -0.8207 0.463706
113.028 -11.425 104.926 -2.66535 -0.796044 -3.5 0.0298094 0.832808 0.552759
60.5547 8.38475 104.623 0.0856743 0 1.8 -0.315453 0.948589 0.025857
81.287 -3.033 112.882 -0.877265 0 -3.2 -0.947175 -0.225489 -0.228065
87.618 -21.943 121.987 -1.18531 -0.163097 4.2 -0.20687 -0.208385 0.955919
66.033 -10.53 77.3577 0.764989 0 -0.548875 -0.413323 0.208769 -0.886329
74.0608 0.06625 68.1318 -0.259133 -0.195796 1.8 -0.204183 -0.284871 -0.936567
101.254 -32.806 117.924 0.120124 0 -3.9 0.854297 -0.503167 -0.130381
75.345 2.425 100.726 -1.45167 0 -3.5 -0.610418 0.056342 0.790073
79.2182 -7.3115 75.4622 -0.296073 0 -0.7 0.486584 -0.581674 -0.651837
52.7427 5.818 92.1773 0.455685 0.546989 -3.5 -0.702807 0.706828 -0.0803506
64.741 -27.1785 93.937 -0.0231397 0 1.97769 -0.589353 0.171698 -0.789419
76.1975 1.636 101.336 -1.18106 0 -3.5 -0.434738 -0.163031 0.885677
64.4045 -3.83125 77.66 -1.24113 0 -3.28834 -0.735778 0.669595 -0.101359
76.8714 -5.339 75.0405 -0.898907 0 -0.7 -0.125864 -0.419914 -0.898794
95.866 -1.737 89.2473 -0.301282 0 -1.6 0.325045 0.308464 -0.893977
101.924 -22.102 94.0393 -1.04411 0 -2.04016 -0.351389 0.100983 -0.930767
63.8013 -33.2215 113.294 -0.393465 0 0.587101 0.36976 -0.587139 -0.7201
101.831 -31.3482 112.231 0.000245663 0 0.212258 0.0652371 0.692519 0.718444
83.2625 -2.82025 76.8195 0.000715169 0.00648079 -1.3 0.649062 -0.591386 -0.47852
102.299 -31.2838 123.977 -1.76206 -0.0367151 -3.5 0.608615 -0.789981 0.074282
73.0715 -15.9517 78.192 -1.86656 -0.207131 -3.5 -0.429445 -0.879489 -0.205122
80.9135 -14.6007 85.379 -1.73644 -0.181646 -3.5 0.446544 -0.880944 -0.156638
80.5235 -13.4318 78.104 -1.79259 -0.0902896 -3.5 0.625383 -0.776353 -0.0785632
93.6687 -13.1442 98.4108 -0.487192 -0.023156 -3.5 -0.720949 0.4845 -0.495472
68.1103 -33.249 120.338 -0.177684 0 -0.79398 -0.2019 -0.362128 0.91
62.9345 -29.59 97.787 -0.182915 0 4.2 -0.419113 -0.879133 0.226869
99.0985 -19.5023 122.867 -1.18599 -0.0262827 -3.64149 0.628973 0.263019 0.731583
94.2025 -26.8347 98.5545 -0.328579 0 -3.5 -0.595366 -0.799507 0.0795495
77.254 -3.676 100.997 -0.421512 0 -3.9 -0.271331 0.925126 0.265558
101.177 -37.216 111.645 -0.876456 -0.956894 -0.8 0.0444454 -0.931128 0.361973
90.3723 -6.597 86.11 -0.2482 0 3.8 0.815125 -0.101946 -0.570244
93.6035 -29.076 110.741 -0.768598 0 -1.3 -0.727361 -0.0239142 0.685838
82.759 -24.1275 119.48 -0.776777 -0.0164587 -3.4404 -0.343826 -0.515815 0.784677
102.909 -12.4415 93.8092 -1.00021 -0.20327 -1.99494 0.589169 -0.448543 -0.672078
87.547 2.72425 81.6148 -0.144021 0 1.71709 -0.16523 -0.0685093 -0.983873
105.072 -3.2325 120.57 0.396792 0.00902684 1.8 0.450662 0.890143 0.067442
114.094 -13.6482 111.794 -0.795407 0 2.8 0.0603097 0.53816 0.840682
95.267 -28.5872 113.996 -0.946513 -0.366849 -2.07896 -0.174635 0.669418 0.722068
64.169 -3.5015 76.55 -1.03234 -0.0468384 -1.84333 -0.825943 0.45485 0.33306
70.8075 7.26725 73.972 0.351456 0 -3.54503 -0.842339 0.518177 -0.148178
83.012 -10.0592 128.979 0.391215 0.694684 -4.5 -0.290811 5.38882e-05 0.95678
114.736 -10.8942 108.942 -1.04134 0 2.58944 0.23458 0.908578 -0.345627
104.45 -12.9143 96.1475 -0.83802 -0.0555704 -0.7 0.734497 -0.059444 -0.676003
64.132 -24.591 110.018 -0.315462 -0.946285 4.5 -0.687551 0.495582 0.530728
87.3652 -12.1552 95.0372 -2.04643 -0.110404 -3.5 0.76878 -0.637916 -0.0451673
62.8172 -28.223 94.263 -0.0932259 0 4.2 -0.221574 -0.169798 -0.960247
88.763 -18.383 124.441 0.116148 0.186279 -0.683654 0.141423 -0.829079 0.54095
61.5568 -9.66125 110.946 0.00565588 0 1.8 -0.240644 0.0487987 0.969386
61.922 7.3675 110.842 3.16159 0 4.5 -0.692123 -0.373017 0.617918
53.9622 -11.9235 89.3607 0.555714 0 -0.4 -0.448903 -0.884175 -0.12931
59.8285 9.23025 92.1117 -0.0980816 0 3.8 0.305704 0.690508 -0.655548
99.0222 -31.2745 96.7395 -1.04787 0 -3.9 0.270411 -0.357969 -0.89372
83.28 -3.3455 77.7685 0.106696 0.127501 -1.3 0.458694 -0.69622 -0.552157
55.491 7.549 98.192 -0.0670401 0 -4.5 0.0176215 0.826971 -0.561968
67.492 -14.9485 110.899 -0.182067 -0.835334 -0.8 -0.0545074 0.222018 0.973518
79.1367 -31.2415 110.301 1.01599 0 -4.5 -0.44257 -0.543515 -0.713248
92.1555 6.4305 99.393 -0.438663 0 -3.5 0.85439 0.186223 0.485117
55.6522 7.0075 102.059 0.322369 0 -4.5 0.773274 0.58944 0.233683
71.931 -37.6623 120.78 -0.398944 0 -3.5 -0.513521 -0.794775 0.323464
80.098 -24.0352 118.973 -0.518891 -0.0440982 -1.6 0.30763 -0.530468 0.789916
81.491 -1.93325 112.869 -1.04036 0 -3.2 -0.864383 0.476194 -0.161498
71.591 -33.747 100.976 -1.67914 0 -3.5 0.745894 -0.598131 -0.293054
68.217 1.05275 73.8945 -0.324397 0 -4.2627 -0.76944 0.592274 -0.239111
97.8098 -26.4335 94.0495 -0.404147 0 -0.8 0.520047 0.175694 -0.835873
110.318 -22.5185 109.558 -0.277149 0 2.30009 0.100408 -0.223344 0.969554
100.309 -29.455 125.543 -1.94512 -0.801573 -3.5 0.200479 -0.162643 0.966103
65.9935 -19.9 120.021 -0.958891 -0.601652 -3.5 0.489487 0.641322 -0.590854
81.6628 -33.3853 102.66 -0.647354 0 3.8 0.36724 -0.409823 0.834973
83.1805 -9.72825 95.9515 -0.776491 0 -0.7 0.249163 -0.456613 0.854062
84.347 -4.175 99.9225 -0.884568 -0.513857 -0.830866 0.265725 -0.584136 0.766926
100.654 -24.8988 118.25 -1.0711 0 -0.8 0.68833 -0.355785 0.632154
66.0585 -18.807 122.555 -1.31169 -0.508664 -3.5 0.593165 0.540013 0.59711
99.656 -2.914 92.315 -0.221027 0 -1.6 0.959144 0.0964994 0.265954
106.493 -3.5775 121.63 -0.305343 0 1.8 0.481028 0.82613 0.293464
99.3463 2.59325 117.29 0.376425 0 1.9 -0.181304 0.757672 0.626947
60.3968 3.3745 106.563 -0.118323 0.349898 -1.9025 0.296848 -0.312159 0.902462
77.456 -0.684 99.7375 -0.642692 0 -3.39016 -0.394995 -0.401371 0.826365
59.2565 6.592 87.8333 0.157069 0 -0.8 0.212811 0.899295 -0.382073
99.356 -34.672 103.333 -1.58184 -0.0392319 -3.5 0.812796 -0.497087 -0.303755
67.2705 6.86525 106.924 -0.226726 0 4.5 0.833639 -0.450124 -0.320054
86.54 -28.0543 120.69 -1.70963 -0.246155 -3.5 0.204463 -0.263395 0.942771
86.0465 -36.0703 100.08 -0.075602 0 1.8 0.593123 -0.803787 -0.0461589
78.9668 -1.167 68.6025 0.109482 -0.413183 -0.8 0.0662388 0.243081 -0.967742
62.2835 5.4 95.3195 -0.359096 0 -2.3773 0.282593 0.946438 -0.156191
47.0975 -3.824 97.17 -0.666629 0 1.8 -0.704861 0.439479 -0.556803
78.648 -30.289 107.36 -0.626787 0 -4.5 -0.185549 -0.973381 0.134543
78.45 12.7198 93.618 -1.8395 -0.732023 -3.5 0.0749105 0.473629 0.877533
73.3562 -24.8482 120.771 -0.0626717 0.0962396 -3.69745 0.201588 -0.0813652 0.976085
66.1805 -9.7075 110.312 0.0344394 0 -0.7 -0.727434 0.324736 0.604472
54.4507 0.88075 84.2383 -0.143764 0 2.8 -0.736626 -0.636514 -0.228541
118.152 -21.3675 114.514 -1.80096 0 -0.8 0.954951 -0.245886 -0.166157
67.473 -17.503 111.288 -1.10852 -0.0539648 -0.8 0.170066 -0.473126 0.864425
91.979 -23.9272 101.931 -0.623401 0 -0.189251 -0.704467 -0.593831 -0.388705
99.0188 -15.4315 92.0437 -0.428523 0 -3.5 -0.271405 0.412021 -0.869815
103.629 -13.0475 94.8315 -0.534306 0 -0.7 0.71657 -0.323727 -0.617842
102.987 -5.649 94.888 -0.70914 -0.615459 -3.5 0.617381 0.744368 0.254474
92.3645 -24.1092 119.298 -0.943328 0 -0.219605 -0.236317 -0.191605 -0.952597
83.1265 -33.8945 113.443 0.0677794 0.589406 -4.5 0.756582 -0.539123 0.370041
75.5403 -15.209 105.429 -0.164331 0 -4.5 0.530474 0.701288 0.476228
83.6653 -24.2542 119.957 -0.319922 0 -3.5 -0.339263 -0.224484 0.913514
79.2107 -25.5837 100.803 -0.161919 0.50101 -1.3 -0.772485 -0.140761 -0.619236
117.864 -11.5155 100.614 -2.42902 -0.575265 -3.5 0.710583 0.599843 0.367777
83.967 -7.989 128.493 0.605919 0.76658 -4.5 -0.215962 0.274786 0.936938
98.7178 -2.91325 96.6225 -0.407251 0 -2.76204 0.382059 0.331161 -0.862765
94.4613 -27.3018 126.43 -1.33505 -0.87493 -0.8 -0.468306 -0.159927 0.868972
61.1545 2.30125 78.312 -0.398019 0 -3.5 -0.534799 -0.313888 0.784515
88.5303 2.33425 108.38 0.46987 0.653818 -4.5 -0.30042 -0.0884416 -0.949698
100.893 1.768 94.0618 -1.77919 -0.304431 -3.5 0.527008 0.171492 -0.832378
83.7523 -40.1003 98.1143 -0.221704 0 3.8 0.808832 -0.557064 -0.188338
91.0267 -22.6745 115.697 -0.162204 0 3.8 -0.262366 -0.664743 0.699486
80.9855 4.11025 99.2712 -0.56635 0 -4.5 0.677474 0.692941 0.2467
69.502 -4.0025 105.95 -0.31326 0 -3.5 0.286488 0.95692 -0.0472053
105.12 -9.9365 132.586 -0.424515 0 1.8 0.126199 0.111614 0.985706
90.4427 5.5075 112.789 0.242164 0.0326561 -4.5 -0.159414 0.74528 0.647414
102.886 2.1045 100.947 -0.540077 0 -3.5 -0.180721 0.888741 -0.421283
91.173 -1.0465 86.995 -0.316957 0 2.00743 0.152362 -0.241192 -0.958443
104.636 -31.8293 99.3085 0.471999 0 -3.9 0.981095 0.192185 0.0227397
56.635 4.08475 108.352 -1.63745 -0.0713641 -3.5 -0.7953 0.24835 0.553011
76.728 -9.84725 97.0997 -0.507835 0.466386 -3.5 0.716227 -0.546199 0.43438
75.7268 -35.7118 118.246 0.244141 0 -3.5 0.927628 -0.318739 -0.19471
105.549 -22.252 102.91 0.904198 0.000815783 2.8 0.978585 0.187796 0.0842871
86.5098 -13.9362 84.5247 -0.493467 0 -0.8 0.36924 -0.893158 0.256771
76.0833 -3.477 101.326 -0.684383 -0.328633 -2.45511 0.101354 0.957718 0.269266
82.1985 -22.956 102.939 -0.54121 0 -1.3 0.137107 0.689243 -0.711439
82.5242 -4.823 121.918 -0.369147 0 -2.38923 -0.786379 0.61681 -0.0339576
97.8838 -28.1033 122.637 1.28111 0 -2.97029 -0.554951 -0.829162 -0.0672388
67.039 6.602 107.865 -0.148126 0 4.5 0.685633 -0.672798 0.277939
50.8275 -12.1685 95.6625 -0.0803273 -0.264222 0.89368 -0.839035 -0.218881 -0.498107
52.9335 -12.8755 92.546 0.297559 0.262553 1.75 -0.380597 -0.924412 0.0246667
66.7172 -1.43875 68.19 0.260916 0 -4.5 -0.881026 -0.454843 -0.130044
118.294 -11.7735 98.8053 -1.66495 -0.170668 -3.5 0.497974 0.796719 -0.342434
69.8057 -18.841 119.133 -0.314354 0 -0.7 -0.780863 0.142715 0.608181
94.3658 8.4025 92.394 -0.777199 -0.772705 -1.77685 0.692168 0.627187 -0.357128
66.8098 -9.7555 111.353 -0.0314894 0 -0.7 -0.574874 0.190788 0.795688
100.173 -7.07175 90.3655 0.318511 0.722082 -3.5 -0.27717 -0.235161 -0.931599
108.088 -25.706 102.156 0.318347 0.731186 -3.5 0.996941 0.07444 -0.0238225
85.639 -0.61125 114.974 0.177157 0 -3.2 -0.195814 0.852951 0.483871
111.391 0.3515 106.291 -0.305686 0.536641 -3.5 0.614247 0.513241 0.599403
108.216 -8.16175 122.734 -0.680404 0 4.5 0.668963 0.636049 0.384617
54.3385 -4.9215 85.344 -0.922682 -0.466781 -3.5 -0.390247 -0.351818 -0.850842
87.0495 -33.1605 106.298 -0.478336 0 -3.5 -0.105146 -0.313556 0.94373
53.245 -24.504 98.6815 0.143223 0 1.8 -0.947901 -0.192158 -0.254084
115.848 -10.2205 101.761 -1.99691 -0.00419556 -3.5 0.496172 0.600846 -0.626735
69.0945 -28.2712 122.661 0.101186 0 -3.9 -0.306741 -0.0993442 0.946594
76.0481 -9.38988 110.647 -2.52052 -0.338323 -3.5 -0.840208 0.387903 -0.378922
56.0935 -13.702 111.859 0.35045 0 -4.5 0.37243 -0.68621 0.624829
106.959 -25.3382 121.938 0.171535 0 -4.5 0.173165 -0.860959 0.478292
53.7395 11.905 101.751 0.178349 0 -4.5 -0.543753 0.811776 -0.212961
64.2998 4.71325 106.085 -0.438661 0 3.49175 0.783201 -0.466493 0.411072
95.0265 -1.208 138.954 0.14962 0 -4.5 -0.645634 0.472963 0.599552
66.3968 0.18 65.7527 0.328797 0 -4.5 -0.847359 -0.0255083 -0.530407
56.4275 -9.75325 112.517 0.123945 0 -4.5 0.326785 0.354238 0.8762
111.182 -0.84325 106.598 -0.518955 0 -3.5 0.521719 -0.0986205 0.847398
89.6432 -28.3118 99.9688 -0.408979 0 -1.6 0.939593 0.298027 -0.168358
107.318 -25.511 120.785 -0.154584 0 -4.5 0.352674 -0.93573 -0.00547848
50.4987 -11.596 90.454 -0.478294 -0.893985 -0.7 -0.966915 -0.211186 -0.143096
65.9688 1.67625 68.6255 0.495661 0 -4.5 -0.922986 0.360245 0.135353
106.825 -31.4778 103.797 -0.24371 0 -3.5 -0.482638 -0.86823 -0.115054
85.491 -24.821 101.383 0.0179974 0.104767 -3.9 0.272004 0.532195 -0.801737
100.381 -25.193 95.5265 -0.275201 0 -3.5 -0.0442744 -0.235958 -0.970754
52.7863 10.8285 104.674 0.32022 0 -4.5 -0.675136 0.574619 0.462606
58.412 7.3645 98.6285 -1.30909 -0.0537101 1.9 0.307776 0.921394 -0.237291
60.751 -31.628 113.71 -0.197804 0 -3.5 -0.721469 0.20017 -0.662883
93.629 -0.855 114.093 0.247732 0 -0.8 0.587564 0.0227926 0.808857
112.254 -12.2015 106.919 -1.67845 0 2.8 -0.177934 0.978015 0.10875
94.26 -5.7495 134.382 -0.133607 0 -4.5 -0.5704 -0.701994 0.426437
65.2217 -11.0825 110.632 0.419609 0 -1.45108 -0.041031 0.433028 0.900446
105.662 -25.0403 96.244 -1.31354 -0.0549985 -3.5 0.354461 -0.673426 -0.648734
88.4075 1.4235 113.356 0.371578 0.639016 -4.41977 -0.279885 0.222572 0.933877
81.4855 -13.1975 110.689 -0.313562 0.00943074 3.47454 0.341669 0.117553 -0.93244
91.766 1.919 109.906 -0.67671 -0 -3.5 -0.533083 -0.812303 -0.236612
107.197 2.957 102.598 -0.724952 0 -3.5 0.592472 0.79181 -0.14837
72.1995 5.284 95.2937 -0.53808 0 3.8 -0.112222 0.702701 0.702579
82.183 -2.533 114.841 -0.726236 0.0467179 -3.2 -0.707374 0.361157 0.607608
100.416 -21.9545 94.1777 -0.241976 0.15735 -2.27522 -0.0442341 -0.325569 -0.944483
107.828 -25.1667 110.599 0.662508 0.110088 2.40394 0.709738 0.00967121 0.704399
93.6992 -19.068 101.242 -1.4105 0 -0.7 -0.235972 -0.266313 -0.934556
78.819 13.91 90.164 -0.456832 0 -3.5 -0.495921 0.827463 0.263377
73.58 -23.4102 100.327 -0.59897 0 -0.7 0.903525 -0.260727 -0.340094
81.0665 -17.7685 98.4678 -0.541775 0 3.8 -0.39177 -0.400591 0.828277
90.1785 -5.19975 86.262 -0.194468 0 3.8 0.720446 0.328612 -0.610714
94.7985 -13.9075 130.586 -0.472681 0 -0.9 0.321345 -0.84174 0.433833
111.006 -23.2743 109.075 -0.322444 0 1.8 0.725084 -0.17901 0.664988
100.38 -27.4145 96.266 -0.839568 -0.0300375 -2.15969 0.496457 -0.0232951 -0.867749
73.9551 -12.1654 117.677 -1.64043 -0.361093 -3.5 -0.41556 0.908582 -0.042281
57.7508 -23.6612 93.8355 0.293511 0 -0.4 -0.780269 -0.625022 -0.0229594
68.451 11.7933 79.145 0.415765 -0.0981468 -0.8 -0.675235 0.478965 0.560937
77.8565 -15.0365 108.877 -0.960972 -0.0938602 4.2 -0.633217 0.3821 -0.673079
102.169 0.616 126.49 -0.314458 0 -0.7 -0.555282 0.617315 0.5573
106.729 -17.5335 94.274 -0.427597 0 4.5 -0.12206 0.882518 -0.454162
92.8027 -3.95775 116.839 -0.0439999 0 3.8 -0.122209 0.800946 0.586132
89.3615 -36.6387 103.578 -0.175331 0 -3.5 0.194692 -0.958949 0.206186
103.007 -4.055 98.1645 -0.16101 0 1.84902 0.205261 0.374601 -0.90418
92.4333 -8.875 91.768 -0.00638684 0 -0.8 -0.0275553 -0.931892 0.361689
87.1 -10.248 107.206 -0.50961 0 -0.7 -0.57016 0.625472 -0.532637
53.38 -12.986 91.289 0.381743 0.00151985 -0.7 -0.0835353 -0.895844 -0.436446
81.5013 -34.1538 112.735 0.13598 0 -4.5 -0.396727 -0.906653 0.143486
63.6198 -34.9705 117.129 -0.398527 0 -2.09996 -0.485246 -0.309786 0.817661
63.6375 -4.91175 75.2279 -2.26954 -0.34987 -3.5 -0.929074 0.0687894 -0.363442
80.2825 -3.758 116.935 -1.91674 -0.196984 -3.5 -0.723501 0.662102 -0.195364
93.834 -28.1885 122.977 -0.0859122 0 -1.81329 -0.341558 -0.939759 0.0138502
89.9545 0.72425 83.6025 -0.31009 0 -0.8 0.913234 0.157129 -0.375918
89.593 -2.194 110.828 -0.818179 0 -3.2 0.0302861 -0.301385 -0.953021
115.107 -15.7832 103.279 -0.726034 0 -3.5 0.441876 -0.722694 0.531469
69.1395 0.60025 66.8988 -0.270976 0 -4.5 0.875892 0.390757 -0.283059
60.3008 -0.48925 81.151 -1.12888 0 -0.4 -0.0180899 0.785597 -0.618475
106.806 -22.5535 120.827 -0.519459 0 -4.5 0.486222 0.872604 0.0463629
83.4245 -8.67425 103.002 -0.559109 0 -0.8 0.624776 0.325608 0.709672
76.2458 -19.6628 94.8715 0.153917 0.818639 3.8 -0.346928 -0.882646 0.317138
69.6058 -13.238 87.3398 -1.17681 0 -4.5 0.77741 0.120777 -0.61729
85.9975 -11.2785 127.967 -0.022296 0 -3.2 -0.358607 0.0847744 0.929631
115.854 -15.0475 103.495 -0.674878 0 -3.5 0.752237 -0.569938 0.33062
89.1955 -10.6722 132.995 -0.0807155 0 -0.9 -0.777956 -0.124784 0.615803
85.838 -15.926 99.906 -1.25928 0 -3.5 0.714542 -0.269775 -0.645485
84.1065 -20.5898 101.874 -1.59278 -0.243331 -1.69174 -0.577233 -0.309581 -0.755621
112.961 -21.9748 116.933 -1.50004 -0.952304 -0.8 -0.552689 0.339545 0.761081
106.771 -16.7205 118.561 -0.143448 0 -3.5 0.324983 -0.926199 0.191158
87.0305 -3.23475 129.126 -0.760714 -0.300463 -3.5 -0.184328 0.396354 0.899404
54.4757 -18.243 105.203 0.427884 -0.404036 -0.7 -0.439336 -0.775062 0.454162
78.6793 -21.913 95.974 -0.362638 0 3.8 -0.724716 -0.686929 0.0539881
81.401 -11.7382 115.164 -0.707626 -0.441998 -2.01918 -0.837998 0.454128 0.302533
92.9477 -14.4985 131.305 -0.434034 0 -0.9 0.160925 -0.841271 0.516108
63.2617 9.874 108.992 1.61864 0 4.5 -0.578107 0.814922 0.0411627
92.8382 -8.76175 93.0143 1.83219 0 -3.3292 -0.453743 -0.873771 -0.175047
106.596 -33.591 109.549 -1.27316 -0.369088 -3.5 0.821446 -0.096421 -0.562076
91.3395 -13.2365 132.529 -0.155829 0 -0.9 -0.0360394 -0.509264 0.859856
58.8353 4.01275 86.6267 -0.394236 -0.52511 2.8 -0.115931 0.63413 -0.764486
79.5352 9.136 76.864 -0.69537 -0.0454651 -2.16554 0.446427 0.128093 -0.885604
95.367 -7.671 89.2735 -0.261237 0 -0.8 0.593261 -0.392389 -0.702903
115.771 -11.668 99.389 -1.69654 -0.857098 -3.5 -0.240286 0.872655 -0.425131
53.042 -10.6853 86.7832 0.0212306 -0.39764 -0.557407 -0.530907 -0.228175 -0.816134
57.0018 -4.63925 108.334 -0.198307 0 -0.7 -0.331669 0.0681288 0.940933
62.9995 -2.16875 73.8873 -0.0381708 0 -0.4 -0.923335 -0.311928 -0.223951
78.1803 12.147 77.538 0.551966 0.834601 -3.5 0.0798213 0.805682 -0.586946
55.6953 -8.07425 84.0378 -0.605939 -0.807017 -1.3 -0.721423 0.319288 -0.614495
49.393 1.011 99.9057 -0.173601 -0.436555 -0.7 -0.788604 0.309797 0.531159
59.9712 -29.2787 100.513 0.352544 0 -0.4 0.276481 -0.808185 -0.519996
70.746 -19.008 120.654 -1.13025 -0.474087 -0.7 -0.683376 0.108253 0.721996
74.2572 -14.7058 105.253 -0.128055 0 -4.5 0.278384 0.883799 0.376034
82.6892 2.64825 96.6885 -0.507558 -0.413841 -3.96686 0.231464 0.880237 0.414256
98.1913 -36.0723 100.386 -1.81655 -0.0229889 -3.5 0.258908 -0.888145 0.379692
101.662 3.28875 107.807 -2.20335 0 -3.5 0.99335 0.0901759 0.0715785
60.1763 -18.481 109.804 0.118701 0 1.9 -0.379315 0.637282 0.670814
59.5685 -27.6405 117.5 -1.16604 0 -3.5 -0.531869 -0.55056 0.643427
88.8295 -2.108 128.758 0.0430633 0 -3.5 -0.0997024 0.823245 0.558862
90.1612 -12.6198 101.08 -0.618345 0 -1.6 0.160938 0.843007 -0.513262
119.708 -14.1275 98.171 -1.42512 -0.270621 -3.5 0.676603 -0.254333 -0.69103
48.0435 -0.9545 94.47 -0.428318 0 1.8 -0.688542 0.724177 -0.0384474
107.011 -35.5525 112.431 -0.489098 0 -3.5 0.834868 -0.113745 0.53857
98.409 -2.105 126.118 -0.308155 0.499205 -3.5 0.19461 0.937856 0.287321
64.08 -2.1675 108.694 -0.33893 0 -0.7 0.479472 0.632958 0.607841
84.447 -4.33875 128.189 -0.197294 -0.374951 -1.99505 -0.534468 0.0469905 0.843881
97.214 3.5455 92.1803 -0.813504 0 -3.5 0.863676 0.123878 -0.488588
55.287 -9.52675 112.647 0.417625 0.701322 -4.5 -0.359611 0.618306 0.69884
71.0458 5.28925 94.566 -0.677274 0 3.8 -0.147168 0.699225 0.69959
98.3825 -1.115 120.032 0.969434 0 2.8 -0.627666 0.652835 -0.424078
68.7935 -38.0412 119.921 -1.10588 -0.14637 -2.18138 0.0606302 -0.903509 0.424259
94.725 -23.9145 113.723 -0.894538 0 -0.52456 0.173637 -0.711152 0.681259
103.529 -25.4272 117.036 -0.464381 -0.00140613 -3.36604 0.188016 -0.934287 0.302914
53.4647 -23.0543 106.289 0.175989 0 -4.5 0.488594 0.320813 0.811391
46.1367 -5.81725 98.2795 -0.452494 -0.707891 1.8 -0.944353 -0.169185 -0.282088
77.7162 5.103 75.1165 -0.10959 0 -0.34105 0.504378 0.813592 -0.289259
111.952 -10.475 121.048 -0.945693 0 -0.8 0.130002 0.050272 0.990238
78.9068 -15.032 93.0673 -1.84075 -0.16384 3.8 -0.0299034 0.967233 0.252124
82.811 -16.2405 125.14 -0.31811 0 -0.8 -0.446536 -0.232447 0.864045
66.913 8.4245 93.591 -1.82653 -0.0188438 -3.5 -0.3405 0.813391 0.471652
78.6245 -7.324 120.512 -0.223518 0 -0.9 -0.906622 0.0462748 -0.419398
98.1085 -0.99075 137.291 0.057868 0.18483 -4.5 0.933795 -0.0604854 0.352658
81.5727 -16.8825 95.416 -0.64953 0 3.8 0.724824 0.630362 -0.277982
50.9265 -23.9205 107.497 0.580567 0.465196 -4.5 -0.293317 -0.174818 0.939896
71.1803 -19.042 111.197 -0.199949 0 -1.3 -0.985516 -0.0350462 -0.165919
66.2398 -10.6215 110.746 0.278045 0.022444 -0.7 -0.498706 0.230802 0.835477
60.2822 -36.051 114.445 -1.71019 -0.0525338 -3.5 -0.58327 -0.523382 -0.621182
58.423 -13.39 108.167 0.192599 0.206028 -4.01838 0.0488265 -0.813311 0.579777
85.542 -35.4437 103.742 -0.216655 0 -3.5 -0.655039 -0.731816 0.188067
69.678 9.311 82.146 0.903261 0.0659249 -1.3 0.249233 0.937828 0.241583
61.1635 -10.7303 81.407 0.8385 0.0256215 -3.9 -0.873049 -0.437462 -0.215438
95.2275 -28.3765 94.7545 -0.44818 0 -0.8 -0.568743 -0.717383 -0.40236
101.542 -30.1155 106.37 -0.393093 0 2.8 0.282622 -0.802497 -0.525475
70.1965 -34.7815 104.95 -0.430973 0 -3.5 0.35865 -0.910878 -0.204136
71.1773 -1.9815 70.1302 -0.533792 -0.0880811 -4.1157 0.189017 0.0401518 -0.981153
54.604 -24.921 97.218 0.19582 0 1.8 -0.401786 -0.427197 -0.809982
110.75 -5.791 106.799 -1.83242 0 -3.5 0.653503 0.723516 -0.222392
94.219 -1.037 105.492 -0.45078 0 -3.5 -0.546712 -0.167787 -0.820338
69.302 -39.316 114.956 -1.17094 -0 -3.5 -0.336864 -0.483761 -0.807773
85.8842 -10.1947 108.389 -0.723829 0 -0.7 -0.713949 0.620395 -0.324632
54.6815 -23.8865 97.0098 0.208586 0 1.8 -0.4606 0.095786 -0.882424
111.498 -19.2773 102.774 -0.483154 0 3.47444 0.912034 -0.258934 -0.318036
106.404 -21.73 113.039 -0.171452 0 -3.5 0.911778 0.32767 -0.247575
90.7315 -27.898 121.156 0.923503 0.210655 -3.9 -0.42793 -0.837969 0.338651
62.6242 -30.7913 108.574 -0.148234 0 1.8 -0.55747 -0.794805 0.239817
60.262 -23.2362 87.1815 -1.19047 0 -3.5 0.224719 -0.817193 -0.530751
84.557 4.673 95.9945 -1.45322 -0.429715 -3.23842 -0.649518 0.298615 0.699254
95.3828 -28.406 101.325 -1.3165 0 -2.16225 -0.948002 0.289992 -0.131137
103.368 -1.804 97.8568 -0.073503 0 4.5 0.291694 -0.293493 -0.910372
82.899 -4.057 101.817 -0.400887 0 -1.3 0.824917 -0.202056 0.527906
58.067 -12.3582 84.6165 -0.622888 0 -3.9 -0.0584379 -0.00923542 -0.998248
81.3997 -11.7133 116.69 -0.948133 -0.111258 -3.19539 -0.899319 0.277801 -0.337715
108.365 -13.5927 126.268 -2.16801 0 -3.5 0.951944 0.196495 -0.23493
75.1625 -11.958 114.38 -0.78663 -0.0445723 -3.34879 0.312191 0.929588 0.195965
92.41 -23.4013 100.684 -0.613011 0 -3.5 -0.935602 -0.343504 -0.081567
50.4748 0.8105 92.2835 0.0106474 0 -0.7 -0.610113 0.676935 0.411729
105.956 -24.652 114.306 -0.411161 0 -3.5 0.0589857 -0.940095 -0.33577
66.368 1.3805 66.981 0.286745 0.080023 -4.5 -0.866824 0.376841 -0.326508
90.1097 -22.6092 122.415 -0.233172 0 -3.9 -0.56576 0.508039 0.64947
94.253 -2.275 137.876 0.381175 0.0531868 -4.5 -0.851091 0.304173 0.427929
56.0025 -9.18375 83.6878 0.287521 -0.009548 -1.3 -0.610317 -0.13874 -0.779913
70.86 -34.4917 101.001 -1.83804 0 -3.5 0.496712 -0.852511 -0.162792
79.5255 -26.2447 102.814 -0.497817 0 -3.9 -0.401701 -0.84137 -0.361571
83.264 -19.6515 103.062 -1.09537 -0.821929 -1.6 -0.772994 -0.266756 -0.575606
58.083 8.483 92.15 -0.0418564 0 3.8 -0.693505 0.353547 -0.627738
52.8898 -12.9478 100.464 -0.28747 0 -1.26991 -0.505429 -0.604895 0.61534
99.08 -29.877 125.347 -1.626 -0.277304 -3.5 -0.387634 -0.564021 0.729123
108.111 -15.5305 127.33 -2.00764 -0.409421 -3.5 0.778275 -0.616599 -0.118717
107.924 -2.3815 115.164 -1.05128 -0.0168916 -2.32409 0.186513 0.964547 -0.186712
86.3395 -2.36375 128.204 -1.28949 -0.293058 -3.5 -0.243134 0.894384 0.37545
103.429 -24.2073 114.607 -0.370385 0 -3.5 0.0820004 -0.842927 -0.531743
62.3138 2.044 105.741 0.242421 0 -0.4 -0.0161406 -0.32121 0.946871
60.8835 -34.307 117.16 -1.1149 0 -3.5 -0.0336135 -0.101976 0.994219
62.0988 -22.518 91.6292 -0.794133 0 -3.5 0.891996 -0.446037 -0.0734417
51.96 4.604 93.286 -0.982927 -0.799028 -3.5 -0.677082 0.726023 0.120208
80.3333 -39.948 99.014 -0.183491 0 3.8 -0.619938 -0.699929 0.35465
69.2688 -23.9215 93.9575 -0.714175 0 -0.8 0.696284 0.135815 -0.7048
102.841 -21.551 93.843 -0.572827 0 -0.8 0.0290256 0.201904 -0.978975
75.8295 -3.64375 105.529 -0.315931 0 -3.9 -0.593667 0.792126 0.141758
95.4339 -29.2181 115.012 -2.28785 -0.802669 -3.5 -0.573281 0.741433 0.348748
57.8787 -20.9585 117.794 0.0111234 -0.171627 -3.5 -0.732549 0.583244 0.350996
80.6212 -10.7633 102.153 -0.460932 -0.332572 -0.65667 -0.105319 -0.980784 0.164227
81.6598 -10.0165 96.2927 -0.683706 0 -0.7 -0.0179835 -0.641896 0.766581
83.1072 -32.3353 110.688 -0.0166314 0 -4.5 0.916675 -0.246437 -0.314604
90.5163 -13.616 92.1135 -0.339218 0 -1.6 0.486372 -0.392481 0.780641
85.679 -2.61 126.928 -0.321957 -0.0559629 -3.5 -0.323838 0.916312 0.235588
73.8958 -12.5463 118.941 -1.33857 -0.32999 -3.5 -0.738044 0.540084 0.404476
86.1872 13.852 87.1715 -0.470379 -0.119743 -3.98003 0.512579 0.837709 0.188431
78.8808 -39.4305 98.228 -0.207021 0 3.8 -0.673636 -0.733791 0.0881242
64.805 4.032 82.968 -0.783386 -0.862329 -0.8 -0.790854 0.522824 -0.318128
82.434 -0.88775 113.339 -0.958119 0 -3.2 -0.628149 0.769076 -0.118111
111.806 -10.8035 104.327 -1.84865 0 -2.54258 0.400697 0.600093 0.692337
69.754 -4.44325 107.085 -0.330179 0 -3.5 0.557081 0.663619 0.499271
94.209 7.84225 94.0687 -0.902342 0 -1.92797 0.549343 0.305186 0.777871
85.925 -3.9585 82.3235 0.156807 0 -3.5 0.861665 0.289872 -0.416542
88.4597 -35.0692 105.51 -0.86359 0 -3.5 -0.100196 -0.584307 0.805324
95.7925 -33.859 106.329 -1.35001 0 -3.5 -0.588096 -0.446135 0.674616
106.683 -31.2418 104.772 -0.382998 0 -3.5 -0.599007 -0.740111 0.305656
58.2355 2.29575 82.1247 -0.00849818 0 2.8 0.551567 0.632758 -0.543499
53.6073 -25.5163 99.1383 0.0792579 0 1.8 -0.715764 -0.69265 0.0889801
53.8968 -12.2685 90.7635 0.515464 -0.118023 -2.06607 -0.193786 -0.771852 -0.60555
72.5815 -0.503 69.446 -0.663069 -0.0951958 1.8 -0.579932 -0.421832 -0.696948
104.427 -1.21325 127.023 -0.478159 0 -0.7 0.551039 -0.260661 0.792724
81.327 -40.6795 99.581 -0.201677 0 3.8 -0.360159 -0.756047 0.546515
57.876 -23.6887 119.104 -1.24065 -0.699861 -3.5 -0.637737 -0.444538 0.629028
94.8835 -21.834 97.1352 -0.380302 0 -2.13271 -0.529474 0.503953 -0.682414
107.016 -16.8225 120.509 -0.124333 0 -3.5 -0.241976 -0.936747 0.252888
49.9855 -9.18225 99.9613 0.0741751 -0.427323 0.512609 0.103606 0.205599 0.973136
98.6407 -32.9405 120.956 1.50251 0.625002 -3.9 -0.600744 -0.528099 0.600182
95.992 -10.0725 131.404 -0.457379 -0.409033 -1.24522 0.264445 -0.540247 0.798876
87.79 -27.1737 115.907 0.424269 0.301849 -0.7 0.283651 -0.914731 0.287766
71.7045 -14.4555 108.978 -0.502875 0 -0.8 0.845214 0.508146 -0.165532
61.2533 -10.8118 84.655 0.476576 0 -2.48637 -0.518013 -0.482063 -0.706596
60.278 -36.1705 116.538 -1.44005 -0.522482 -3.5 -0.391336 -0.564859 0.726492
79.1435 -10.3337 100.477 -0.0220897 0 -0.435693 -0.0843564 -0.712755 -0.696322
93.7845 -29.1283 111.771 -0.829225 0 -3.5 -0.96204 -0.239944 -0.130025
81.12 -24.459 100.71 0.210017 0 -3.9 -0.106878 0.815102 -0.569373
108.543 -30.448 105.776 0.296869 0.620346 -3.5 0.735549 -0.396537 0.549296
81.974 8.73675 80.0703 -1.82817 0 -3.5 0.977833 -0.209187 -0.00912764
63.0467 -1.279 106.772 -0.32484 0 2.0428 0.372687 0.780326 0.50219
96.95 4.436 98.8115 -1.60509 0 -3.5 0.423928 0.901938 0.0824147
118.009 -20.7202 115.29 -1.81428 0 -0.8 0.924963 0.275861 0.261428
94.8135 5.87075 85.0632 -0.233906 0 4.5 0.982176 -0.165186 -0.0896901
73.0515 -15.6377 79.1503 -1.83046 -0.427922 -3.5 -0.447291 -0.826223 0.342471
103.846 -5.61425 96.8917 -0.300618 0 -2.06123 0.0923696 0.737497 -0.669003
115.486 -11.1593 109.595 -0.980252 0 2.8 0.579318 0.73819 0.345639
105.837 -13.4315 130.894 -0.843849 0 -3.5 -0.615923 -0.0240475 0.787439
62.7145 7.934 111.141 3.05603 0 4.5 -0.194993 -0.0479172 0.979633
66.3197 10.5437 83.1868 0.0594284 0 -1.3 -0.500821 0.771323 -0.392733
75.193 3.6345 98.4525 -1.12561 -0.446769 -3.5 -0.44948 0.882396 -0.139089
92.3265 -13.6505 132.101 -0.747354 0 -0.9 0.10752 -0.532625 0.839494
116.79 -20.4988 116.755 -1.91788 -0.679836 -0.8 0.399523 0.585332 0.705527
66.6988 -36.2223 114.505 -0.232677 0 -0.7 0.0643745 0.0377211 -0.997213
89.338 -5.04275 110.532 -0.787368 0 4.2 -0.666321 0.469743 -0.579101
112.814 -5.7685 117.973 -0.421984 0.76162 -3.5 0.979653 0.138776 -0.144986
74.1572 -1.31275 68.1685 -1.67707 -0.144818 1.8 -0.0332023 -0.311003 -0.949829
54.3438 3.90175 95.874 -0.241403 0 -4.5 -0.891126 0.339554 0.300996
81.3822 -11.195 100.637 -1.51883 -0.988239 -0.8 -0.754142 -0.45029 -0.478025
108.329 -21.5885 95.1042 -0.380014 0 4.5 0.448413 -0.880165 0.155677
77.7728 -17.316 101.429 -0.153151 0.786588 -4.5 0.672389 0.420335 -0.609271
83.3053 -2.9725 110.24 -0.26606 0 -3.2 -0.303347 -0.233374 -0.92386
73.0518 -32.4955 123.295 -0.258338 0 -4.5 -0.288682 -0.240539 0.926717
56.2705 -3.6735 83.2315 0.232273 0 -0.4 -0.89328 -0.315338 -0.320332
110.027 -5.52925 109.456 -2.10786 -0.0275739 -3.5 0.254316 0.900255 0.353361
82.4768 7.79525 81.2483 -0.645653 0 -0.7 0.803824 -0.31188 -0.506555
103.808 -9.59675 92.0458 -0.407521 0 -3.5 0.51901 -0.561627 -0.644363
86.6945 -29.2173 119.996 -1.73053 -0.704656 -3.5 0.467853 -0.771346 0.431438
108.599 -29.312 106.082 -0.0645159 0.035236 -3.5 0.924712 -0.226018 0.306305
114.071 -8.3925 116.861 -1.95127 -0.281467 -0.8 0.971984 0.194422 -0.132088
52.692 8.69 105.163 0.542879 0.658939 -4.5 -0.50136 -0.384815 0.774955
102.833 -0.69675 112.856 0.00694232 0 -3.9 0.522824 0.829122 0.198022
51.1755 1.0575 101.28 0.0899015 0 -0.7 -0.638647 0.57308 0.513527
62.8112 -19.6765 122.392 -1.25815 -0.0739866 -3.5 -0.822453 0.49022 0.288541
110.698 -11.718 98.2702 -0.477408 0 -1.6 0.297047 0.719765 -0.627456
69.2763 -17.4775 118.734 -0.260687 0 -0.7 -0.726827 0.267102 0.632755
103.748 -11.8075 131.389 -0.0134937 0.365313 1.8 -0.189692 -0.468341 0.862945
72.1793 4.12325 95.9465 -0.298444 0.0320155 3.8 -0.28693 0.468414 0.835619
73.646 -17.6395 96.8307 -0.945038 0 -3.5 0.58621 -0.31396 0.746851
64.769 -23.2043 111.337 -0.348374 -0.0473929 3.66705 -0.993871 -0.0995505 -0.0480654
98.8867 -6.64125 133.631 0.133041 0 -1.6 -0.122245 0.318129 0.940133
108.202 -30.792 102.411 -0.00355087 0.635899 -3.5 0.517532 -0.181187 -0.836261
66.4218 -11.9195 111.133 0.620146 0.699699 -0.7 -0.137495 0.0476 0.989358
67.9755 -19.7253 89.9375 0.133713 0 -0.148935 -0.41297 -0.894346 0.172048
107.147 -0.9265 100.139 -0.514501 0 1.41405 0.669242 0.39182 -0.631342
72.527 -32.8182 102.717 -1.5154 -0.193134 -3.5 0.527834 -0.817619 0.22998
96.2223 5.90225 117.237 -0.180782 0 -0.8 -0.0524618 0.710614 0.701624
78.6628 -7.2905 123.551 -0.1053 0 -0.9 -0.788039 -0.424442 0.445919
103.44 -12.8988 121.303 -1.10544 0 2.86825 0.370505 -0.495987 0.785317
51.435 -17.434 98.331 0.539452 0.490045 -0.8 -0.767464 -0.096057 0.633855
76.772 6.173 93.526 -0.906816 0 4.5 0.306242 0.655644 0.690179
110.279 -10.7485 121.039 -1.42757 0 -0.178133 0.18982 0.186602 0.963923
66.402 -28.965 95.01 -0.00106242 0 4.2 0.664561 -0.598584 -0.447275
83.9235 -11.5955 93.0435 -1.0277 -0.540274 -3.5 -0.618818 -0.715263 -0.324751
95.273 1.7255 122.067 0.167397 0 2.8 -0.30404 0.878213 -0.369192
78.487 -3.8305 107.553 -0.0996682 0 -3.9 0.235623 0.811852 0.534208
62.665 -29.835 109.765 -0.0845546 0 1.8 -0.61757 -0.390221 0.682888
73.6628 -17.7418 86.763 -0.368515 0 3.8 -0.466512 0.423984 -0.776276
77.9413 -12.8392 76.701 -1.60755 -0.724438 -3.5 -0.0583412 -0.673727 -0.736674
81.7148 -17.5158 100.575 -0.460417 0 -3.5 -0.874667 -0.48104 0.0596577
94.582 -10.511 98.7765 0.193364 0 -3.9 -0.826231 0.510617 -0.237935
108.367 -12.1132 129.012 -1.06541 0 -3.5 0.975361 0.207753 0.0742317
49.1585 -12.0262 100.676 0.822216 0.648468 -0.8 -0.753169 -0.338595 0.563995
59.0575 8.67825 91.6312 -0.0589008 0 3.8 -0.282643 0.391387 -0.875745
88.826 1.716 121.326 0.489559 0 -3.9 0.644622 0.394295 -0.654976
103.447 -34.366 98.211 2.74831 0 -3.9 0.224026 -0.548834 -0.805353
61.4465 -0.2325 105.807 -0.432262 0 -0.7 0.0332822 0.726575 0.686281
82.146 1.53675 76.389 -0.0978791 0 -1.3 0.44243 0.624251 -0.643868
72.424 -40.29 117.468 0.139498 0 -3.5 0.588653 -0.793912 0.152283
62.3932 -30.169 101.396 -0.227793 0 1.62815 -0.233027 -0.679409 -0.695775
70.922 -25.4605 98.2515 -1.08151 0 -1.06425 0.883947 -0.298537 -0.359879
64.064 -17.216 78.7237 2.73531 0 -3.9 -0.338456 -0.575318 0.744619
79.1425 -21.6375 122.258 -0.38028 0 4.2 -0.166702 -0.470765 0.866367
69.1158 -20.425 89.455 0.423862 0.32525 -4.5 -0.275279 -0.958933 -0.0683238
83.267 -1.972 124.105 -0.285022 0 -3.9 -0.761465 0.590518 0.267319
66.2747 -3.184 105.741 -0.517134 -0.732528 -0.389775 0.745316 0.639296 -0.18922
96.999 -19.7395 95.084 -1.26728 -0.916798 -0.8 -0.715568 0.045579 -0.697055
81.076 -7.65275 124.923 -0.201544 0 -0.9 -0.231584 -0.653442 0.720682
81.679 -9.23075 81.144 -0.784653 0 -3.5 0.213052 -0.147097 -0.965904
53.9933 -20.0425 88.5062 1.92622 0.239938 -3.9 -0.051405 -0.611596 0.789499
102.355 -27.0295 104.087 -0.548335 0 1.8 0.0198128 -0.630526 -0.775915
84.3672 -31.3242 105.122 0.120011 -0.536685 -1.95621 -0.277077 -0.537378 0.796526
84.685 -23.1335 120.368 0.298303 0.661771 2.57185 -0.0813188 -0.355402 0.93117
105.356 -18.0942 94.6302 -0.0347439 0 4.5 -0.274396 0.826486 -0.491555
100.533 -36.3935 113.641 -0.38557 0 -0.8 -0.0417638 -0.859714 0.509065
79.2475 4.512 73.8128 0.0564715 0 -3.5 0.827664 0.445889 0.340816
77.3705 -22.8015 104.429 -0.69615 -0.135536 -1.94062 -0.767367 -0.135765 -0.62667
78.7913 -21.4172 94.991 -0.314207 0 3.8 -0.392056 -0.78655 -0.477107
58.0392 -25.8258 112.013 -0.0297984 0 -4.5 -0.830512 0.556993 -0.00308515
77.3832 -4.15575 72.6212 -1.68124 -0.332164 -0.8 0.506138 -0.779628 -0.368787
59.932 -34.5355 114.082 -0.764856 0 -3.5 -0.469176 -0.147004 -0.870783
52.2465 1.722 95.7028 -0.00985571 -0.0127125 -0.9178 -0.912209 0.303621 -0.275116
77.2302 -24.4287 102.641 -1.5298 -0.624593 -1.3 -0.912271 0.113729 -0.39348
64.016 4.916 93.8627 -0.236908 0 2.8 -0.434375 0.819962 -0.372801
53.8325 -7.49775 104.468 -0.67675 0 -3.5 -0.281429 -0.803306 0.524878
75.2245 -20.254 104.099 -0.608942 0.542758 -4.36431 -0.424802 -0.466589 -0.775782
78.6992 -3.0515 75.0427 -0.418004 0 -1.19705 0.526723 -0.312082 -0.790676
91.9976 -23.3586 99.1015 -0.525322 0 -3.5 -0.975546 0.0899306 0.200553
65.6805 -16.814 85.576 -0.112118 0 -3.5 0.494763 -0.552103 -0.671113
68.7835 7.55425 76.8225 0.222085 0.41905 -2.3186 -0.565104 0.640805 -0.51964
55.9897 -14.2732 110.885 0.544848 0.635974 -4.5 0.158401 -0.978506 0.132042
74.4743 -14.4653 96.2012 -0.0464597 0 -3.5 0.671359 -0.231972 0.703893
92.815 -27.4945 122.559 -0.0463576 0 -3.636 -0.389355 -0.864141 0.318847
52.3512 10.1353 103.634 -0.397346 0 -4.5 -0.935116 0.353286 0.0273441
74.102 -14.064 110.743 -0.644683 0 -1.3 0.20725 0.306895 -0.928904
95.9108 -13.2262 130.748 -0.359248 0 -0.9 0.560861 -0.499824 0.660008
62.2045 -21.3587 116.919 0.870222 0 -2.59388 -0.357648 0.931932 0.0599175
68.5023 -35.7248 115.494 0.289966 0 -3.5 0.18002 0.398989 -0.899111
65.993 -20.473 92.959 0.316374 0.452617 -4.5 -0.240497 -0.48905 -0.838445
73.5365 2.96375 98.6575 -0.545938 0 -3.5 -0.554474 0.784696 0.277148
107.498 -13.4023 132.301 -1.59835 -0.451312 -3.5 0.104904 0.281767 0.953731
62.7755 9.66675 107.419 0.475224 0 4.5 -0.460044 0.810749 -0.362002
80.1277 -12.7397 122.925 -0.586833 -0.122735 -0.636816 -0.22415 0.2226 0.948792
99.909 -0.1675 120.828 0.137818 0 -0.367317 -0.0714014 0.978493 0.19353
75.9242 -20.586 86.5433 -0.31248 0 3.8 0.216358 -0.868865 -0.445268
49.1143 0.267 95.8083 0.067526 0 1.8 -0.33642 0.930063 -0.147664
107.15 -27.2795 100.943 -0.706153 0 -3.5 0.696658 -0.553801 -0.45604
72.94 -5.835 71.64 0.0794781 0 -3.5 0.24351 -0.827991 -0.505108
115.915 -22.732 116.81 -1.84175 -0.937216 -0.8 0.0234221 -0.692886 0.720667
83.5932 -0.74975 121.069 -0.0115846 0 -3.9 -0.805111 0.43901 -0.398831
94.4465 -32.4275 106.538 -0.835357 0 -3.5 -0.486174 -0.456338 0.745246
95.974 6.6405 89.8122 -1.60285 -0.254603 -0.4 0.532858 0.561129 -0.633401
48.995 -0.055 100.138 0.683506 0 -0.7 -0.802984 0.582117 0.127893
80.2028 -6.235 76.5007 -0.405446 0 -0.7 0.932942 -0.358261 -0.0356138
61.946 -27.545 94.3985 -0.105103 0 4.2 -0.35002 0.375761 -0.858073
99.3525 6.79375 114.305 -1.41523 -0.0924904 -0.8 0.51002 0.856751 -0.0765268
89.6155 -15.757 98.5133 -2.06369 -0.246983 -3.5 -0.79565 -0.347617 -0.496089
58.0495 2.806 83.125 -0.403261 0 2.8 0.588609 0.773809 -0.234007
82.0185 4.1355 82.7605 -0.358538 -0.427325 -0.746239 0.532869 0.632718 -0.561889
69.229 -36.5872 110.598 -1.0869 -0.907871 -3.5 -0.71364 -0.629727 0.30686
76.984 11.9845 92.7182 -1.77984 -0.0360049 -3.5 -0.878704 0.277057 0.38874
78.7978 -9.459 77.0247 -0.45206 0.0501239 -0.7 0.76268 -0.242664 -0.599528
73.923 -30.938 108.434 -0.0901641 0 -3.9 0.0719665 -0.185048 -0.980091
57.6548 -11.2642 111.53 0.104901 0 -4.5 0.732578 -0.0379894 0.679623
92.218 -2.93825 108.697 1.15608 0.72531 -3.5 -0.971799 0.106084 -0.210601
118.345 -13.508 100.759 -1.74708 0 -3.5 0.595951 -0.116059 0.794589
64.177 7.295 110.433 2.74241 0 4.5 0.115855 -0.639122 0.760329
73.6168 -14.4062 118.728 -0.451979 -0.12132 -3.5 -0.683101 0.164398 0.71158
106.344 -5.4445 125.567 -1.6726 -0.0283945 -3.5 0.428567 0.816077 0.387748
106.27 -3.467 120.442 -0.107028 0 1.8 0.145287 0.924089 0.353485
101.045 -37.4945 110.32 -0.092345 -0.316157 -0.8 -0.0294952 -0.983447 -0.178779
87.3503 -27.9357 98.3467 -0.23183 0 -1.6 0.203145 0.638933 -0.741954
79.0683 -16.215 96.2445 -0.580912 0 3.8 -0.313964 0.820412 0.477861
108.09 -20.9115 96.9212 -0.141471 0 4.5 0.208047 -0.908096 0.363426
84.9235 -13.0763 99.8008 -1.32672 -0.719839 -3.24206 0.127461 0.5319 -0.83716
79.1087 5.30775 96.7448 0.168608 0.753764 -4.5 -0.394253 0.911744 -0.115275
82.553 -12.3045 102.18 -0.663991 -0.683034 -1.20031 -0.879778 -0.039122 0.473773
95.9413 -28.8095 97.7718 -0.191172 0 -0.8 -0.779961 -0.619755 -0.0869757
58.7615 9.849 94.809 -0.133484 0 3.8 -0.206481 0.818123 0.536694
57.9733 -2.20025 108.108 0.317871 0.275307 -0.7 -0.0395252 0.263567 0.963831
82.576 -17.0815 124.413 -0.176923 0.0684669 -0.8 -0.215136 -0.333706 0.9178
102.91 -34.9408 114.43 -0.959047 0 -0.8 0.253109 -0.588722 0.767686
61.2472 8.99225 94.1087 -0.211338 0 3.8 0.882083 0.380795 0.277353
96.679 -25.3405 117.254 -0.460252 0 -0.5038 -0.724349 -0.386891 -0.570643
71.135 -19.861 93.383 -0.630978 0 -3.5 0.338968 -0.848643 -0.406086
53.6997 1.35 104.889 -1.6144 0 -3.5 0.316005 0.499714 0.80649
69.8985 -36.635 111.867 -0.0289361 0.18009 -3.5 -0.949766 -0.123885 0.287395
101.802 -14.579 130.508 -0.305083 0 -4.5 -0.108274 -0.241921 0.964236
90.231 -27.3083 123.181 0.0352285 0 -3.9 -0.507369 -0.690368 0.515722
110.795 -16.4937 116.886 -0.45021 0 1.8 0.410006 -0.692041 0.594116
101.322 6.09675 107.46 -1.54326 -0.188116 -3.5 0.969836 0.13764 -0.20118
90.003 -0.07675 118.15 0.182222 0 4.2 0.530355 0.845486 0.062262
69.7122 -16.7765 111.958 -0.359523 -0.527527 -0.929195 -0.695383 -0.459141 0.55284
49.9105 -7.906 88.8875 0.438851 0 -0.7 -0.535289 -0.375658 -0.756536
57.0788 -18.619 91.955 -0.940206 0 -1.6 -0.763572 -0.544192 -0.34758
84.009 -4.276 111.124 -0.405742 0 -3.2 0.0887355 -0.858101 -0.505755
93.2595 -23.7302 118.534 -1.41533 0 2.73153 -0.704032 -0.424992 -0.568964
66.572 -3.33675 108.548 -1.49378 -0.677723 -3.5 0.156341 0.691939 0.704825
51.2837 3.7415 92.8895 -1.33838 -0.0969029 -3.5 -0.889365 0.419334 -0.182177
90.469 -8.9775 87.2503 -0.657037 -0.154051 0.48166 0.589052 -0.164974 -0.791076
78.3788 -8.97575 76.0843 -0.028549 0.692904 -0.7 0.195764 -0.567441 -0.799804
54.5662 -20.589 101.426 0.197206 0 -0.7 -0.877962 -0.331633 -0.345257
61.9897 -7.1745 79.9662 0.270425 -0.104065 2.8 -0.746895 -0.478871 -0.461335
74.128 -39.4025 121.977 -1.68267 -0.318618 -3.5 0.0494273 -0.4707 0.880908
112.268 -6.98425 114.015 -0.935477 0 -3.2 0.88762 0.400619 -0.227235
106.811 -22.5175 113.651 0.0336255 0.269254 -2.54531 0.946154 0.197376 -0.256586
67.706 -24.5133 121.258 -0.0259308 0 -0.0464309 -0.060805 0.192493 0.979413
82.1492 -34.198 113.538 0.46705 0.795556 -4.5 0.0258466 -0.871835 0.489118
91.664 3.94075 108.598 0.0542009 0.0757228 -4.5 -0.0518468 0.244111 -0.96836
81.5725 -32.662 98.0857 -1.49117 0 1.8 -0.423056 0.384366 -0.82054
63.8317 -6.55775 75.9798 -1.08371 -0.00640915 -3.5 -0.584466 -0.760138 -0.283883
90.8838 -2.15275 120.023 0.132304 0 4.2 0.893185 0.449531 -0.0118995
83.04 9.9375 79.634 -1.85537 -0.234367 -3.5 0.842581 -0.538427 0.0124351
95.867 -25.85 93.517 0.0643295 0.290895 -0.8 0.204738 0.156087 -0.966291
46.6665 -5.515 101.258 0.174995 0 1.57547 -0.611897 0.201318 0.764888
81.947 -7.0985 97.0602 -0.359558 0 -0.965985 0.498341 -0.336527 0.799003
85.532 13.2723 90.5098 -1.14878 0 -0.4 0.616651 0.761788 0.198549
76.3648 -38.1502 100.549 0.0185721 0.12316 -3.5 -0.543519 -0.59455 -0.592535
101.937 5.62725 108.838 -0.621115 0 -3.5 0.977465 0.208767 -0.0312734
54.6155 10.675 100.113 0.885446 0.753926 -4.5 0.132436 0.484182 -0.864886
82.169 -4.8705 102.852 -0.368007 0 -1.3 0.67524 -0.141082 0.72398
88.6937 -28.2985 98.775 -0.283833 0 -1.6 0.53665 0.457548 -0.708983
78.8785 -26.6632 117.893 -0.0804909 0 -1.6 0.612542 -0.541457 0.575862
103.576 -14.1117 95.7262 -0.393324 0 -0.7 0.467452 -0.441671 -0.765778
92.068 6.0225 95.2738 -0.794424 0 -2.91179 0.84004 0.252375 0.480249
67.575 1.9145 66.8822 0.399942 0.0614099 -4.5 0.0551432 0.888321 -0.455899
111.402 -6.218 107.579 -2.31678 -0.0323086 -3.5 0.780162 0.620345 0.0807486
85.157 -26.5238 100.291 -0.0284203 0 -3.68326 0.189805 0.592276 -0.783061
113.149 -14.8225 120.874 -1.74354 -0.300913 -3.5 0.826028 -0.222974 -0.517648
117.604 -20.9333 116.331 -2.20354 -0.760979 -0.8 0.807937 0.223952 0.545053
93.2545 10.5918 92.4597 -1.49111 -0.0147012 -3.5 0.419212 0.74499 -0.518894
61.9033 -5.5545 78.043 -1.43572 -0.0526815 2.8 -0.555372 -0.323157 -0.766245
81.9017 14.7905 90.7503 0.355545 0.5171 -0.4 -0.0945755 0.994845 0.0365908
66.278 -31.1042 97.488 0.135181 0 -1.6 -0.247877 -0.912639 -0.325032
78.2193 -18.1007 101.972 -0.413357 0.230819 -4.5 0.898688 0.0806213 -0.431115
102.684 -11.4405 92.6212 -1.88829 -0.264817 -3.5 0.38662 -0.47251 -0.791997
105.277 -0.247 122.438 -0.112516 -0.434747 -0.7 0.611155 0.11395 -0.783266
76.0397 11.475 76.8777 -0.256459 0 -0.4 -0.0139836 0.978573 0.205423
78.1018 -30.09 117.203 0.0654131 0 2.34716 0.679198 0.0609881 0.731417
67.125 -5.56875 71.5147 0.316227 0 -4.5 -0.51004 -0.750339 -0.420536
100.038 7.99 106.512 -2.14137 -0.319548 -3.5 -0.0395839 0.876729 -0.479353
75.0113 -2.07825 68.8465 -0.87208 -0.556629 1.8 0.147869 -0.645216 -0.749554
109.119 -21.3258 100.864 -0.314471 0 4.5 0.0735388 -0.946567 0.314011
104.237 -30.1227 107.789 -0.100587 0.0626066 2.63837 0.295539 -0.529277 -0.795313
90.9197 -10.9228 104.189 -0.711034 0 2.5 -0.491491 0.665917 -0.56124
69.955 -10.9648 86.418 -0.964132 -0.116074 2.12145 0.555421 -0.815004 -0.165156
79.056 -16.791 123.266 -0.830776 -0.00957423 4.5 0.0595566 0.0432917 0.997286
77.8245 -34.7045 98.993 0.229086 0.215684 -3.5 -0.455608 0.198967 -0.86766
102.643 -27.8335 97.4327 -1.99821 -0.246137 -3.5 0.689985 -0.368413 -0.623052
59.1255 -28.9225 97.002 -0.260424 0 -0.8 0.197784 -0.429681 -0.881054
104.089 -28.8635 105.752 -1.12978 -0.675096 -3.5 -0.107681 -0.895603 -0.431624
72.46 5.86625 94.0735 -0.477587 0 3.8 0.171931 0.787708 0.59157
74.5113 -31.2315 100.008 -2.41996 -0.616822 -3.5 -0.345655 -0.106694 -0.932276
112.135 -16.9625 101.754 -0.367431 0.663112 0.0576132 0.480761 -0.695455 0.534051
71.103 -33.0225 106.52 0.126829 0 -3.5 0.869606 0.187722 -0.456669
81.6537 -33.4637 110.451 0.250925 0.63485 -4.5 -0.00179876 -0.81745 -0.575997
79.226 -11.067 102.339 -0.685598 0 -0.4 0.213842 -0.975535 -0.0510289
85.2875 0.67125 82.99 -0.189618 -0.81507 -0.248751 -0.114276 0.102766 -0.988119
98.7412 -30.318 96.3607 -0.702139 -0.17528 -2.41883 0.00284192 -0.551436 -0.834213
64.6175 -32.148 111.168 -0.280648 0 3.8 -0.435328 -0.774419 -0.459092
70.0642 -37.202 107.71 -1.55653 0 -3.5 -0.354979 -0.777067 -0.519766
71.5462 11.9423 78.204 -0.0463707 0 -0.8 0.495463 0.866989 0.0533631
115.482 -18.234 112.527 -0.144633 0.131011 -1.14975 0.963056 0.251843 -0.095388
95.1555 -24.7743 113.368 -0.972408 0 -0.9 -0.225356 -0.131257 0.965394
63.1985 -15.3425 84.0488 0.265631 0 -3.5 0.0246145 -0.19623 -0.980249
80.683 -15.254 99.348 -0.372477 0.450905 -3.5 -0.898833 0.126723 -0.419571
112.774 -12.8485 121.07 -1.07014 -0.0216665 -2.82602 0.976435 0.200269 0.0804231
96.564 -31.9977 116.73 -0.18471 0 -3.9 -0.779316 -0.105682 0.617655
104.699 -33.161 113.66 -0.504339 0 -2.55392 0.532522 0.42336 0.73293
53.7925 1.825 85.1565 0.132051 0 2.8 -0.96158 -0.231182 0.148053
66.0348 -16.034 78.9965 1.09511 0.130766 -3.9 0.495422 -0.675512 0.546114
96.5405 -12.904 128.992 -0.0189803 0 -0.9 0.616789 -0.7292 0.296377
76.9925 0.0435 100.487 -1.88021 -0.464969 -3.5 -0.210737 -0.631259 0.746392
71.8392 -39.0055 113.826 0.741051 0.539891 -3.5 0.306702 -0.94707 -0.0948272
103.825 -35.49 108.645 -1.51529 -0.0685588 -3.5 -0.223889 0.210965 -0.951508
51.131 -9.5515 99.9375 -0.313779 -0.709104 -1.00892 -0.139473 0.217539 0.966035
107.126 -23.546 103.751 -0.404842 -0.172245 1.8 0.295615 0.665995 -0.684881
67.17 10.307 108.9 -0.138464 0 4.5 0.897647 0.431875 -0.0878267
99.3165 -22.4505 124.168 -1.21936 -0.0285843 -0.926546 0.648432 0.410997 0.640794
78.283 -19.6453 97.3658 -0.467383 0 3.8 -0.59353 -0.166619 0.787376
68.1115 -35.4878 110.103 -1.78233 -0.111181 -3.5 -0.823779 -0.265641 0.500822
68.0058 -4.246 105.168 0.275846 0 -3.5 0.0913932 0.99501 0.0400358
57.7093 -24.9167 116.651 0.00320331 0 -3.5 -0.889856 -0.420002 0.178201
56.0112 -19.3755 104.444 0.165693 -0.842423 -1.23453 -0.82513 -0.408578 0.390159
68.9 -13.8055 82.4737 -0.175137 -0.464238 -3.9 0.275179 -0.802534 0.529354
71.1275 -5.9275 104.618 -0.841166 -0.623679 -3.5 0.807196 0.239681 0.539433
59.807 7.13575 102.747 0.0101515 0 1.81184 -0.210875 0.902337 -0.375926
79.372 13.1135 80.1762 -0.362559 0 -3.5 0.125099 0.990108 0.0635366
97.6285 -34.9505 114.97 -1.57005 -0.623959 -3.9 -0.573884 -0.572776 0.585307
51.2985 -13.8003 95.0082 -1.12462 -0.218309 4.2 -0.743165 -0.276583 -0.609268
78.4515 -7.11475 109.174 0.392911 0.879749 -3.9 0.753779 0.0910475 0.65079
75.198 -14.077 100.423 -0.508307 0 4.2 0.879765 0.276228 -0.386927
102.506 -16.5165 129.377 0.561015 0 -4.5 0.223375 -0.579324 0.783892
76.4628 12.8448 84.3587 -0.0476969 0 -3.9 -0.241318 0.94655 -0.214028
107.437 -30.042 102.373 -0.261871 0.133441 -3.5 -0.113912 -0.279786 -0.95328
84.8522 -3.59725 113.82 -1.07251 -0.0413317 0.3032 -0.145392 -0.988467 0.0423568
94.3575 -29.4277 101.052 -1.59288 0 -3.5 -0.707015 0.679242 -0.196876
77.8303 5.3185 71.4827 -0.394457 0 -3.5 -0.282819 0.945071 -0.163875
94.5115 -21.7115 100.854 -1.12967 0 -3.41136 0.0769501 0.727542 -0.681734
82.873 3.504 95.412 -0.635751 0 2.8 0.0230265 0.542802 0.839545
85.937 0.4095 111.748 0.0997733 0 -3.2 -0.629125 0.582829 -0.514307
71.8473 -11.9355 115.26 0.257493 0.714045 -1.3 -0.504859 0.440603 0.742285
76.7507 -21.6807 121.689 -1.1045 -0.22024 -3.5 0.0202213 -0.0448465 0.998789
62.669 -5.4985 77.3083 -0.96977 -0.375954 -2.38754 -0.827256 -0.106175 -0.551702
103.436 -19.4193 94.2467 0.271313 0 4.5 -0.0670945 0.415226 -0.907241
102.151 3.16125 112.651 -0.794477 0 1.9 0.967039 0.187789 0.171964
92.9668 -9.0675 90.9118 -0.0277786 0 -0.8 0.122736 -0.990294 -0.0652162
56.085 -18.248 92.5515 -1.08049 0.413487 -2.33025 -0.646226 -0.529345 -0.549714
78.1375 -12.1678 114.619 -0.517746 0 -3.5 0.0954714 0.915411 0.391035
88.238 -33.5788 106.081 -1.26549 -0.413487 -3.5 0.0160166 -0.245602 0.969239
50.2723 -23.102 107.442 0.950331 0.727914 -4.5 -0.724481 -0.0409679 0.688076
67.9525 -4.9995 70.038 0.0730582 0 -4.5 -0.0206479 -0.778089 -0.627815
80.322 -9.25 117.205 0.355964 0.503574 -0.8 -0.85002 0.237053 -0.470396
77.8288 -12.0925 119.386 -0.346086 0 2.55841 -0.381053 0.800851 -0.461992
102.898 -30.4825 107.197 -0.318041 0 2.8 0.174701 -0.63963 -0.748567
73.1478 -0.548 68.5935 -0.83673 -0.660165 1.8 -0.602074 -0.262712 -0.753983
87.7653 -11.3433 102.387 -0.180396 0 -1.6 0.219083 0.969004 0.114164
96.208 2.563 115.054 1.33936 0.0864458 -0.8 -0.150633 -0.947345 0.282572
84.7215 -0.95875 77.6725 -0.576111 0 -1.3 0.908337 0.243165 -0.340286
63.6 -31.4915 104.975 -0.0861711 0 1.8 -0.0839282 -0.772072 0.629968
63.9345 -27.2297 94.6505 -0.00975342 0 2.61724 -0.281775 0.505642 -0.815432
89.891 -21.9387 100.726 -0.648207 0 3.8 -0.128445 -0.296647 -0.94631
69.1377 -31.7743 98.8085 -0.514217 0 -1.6 0.194662 -0.694794 -0.692364
79.5785 -35.5373 103.482 -0.330309 -0.125364 -1.99526 0.398692 -0.113421 0.910044
78.2035 -20.6303 95.9115 -0.335056 0 3.8 -0.830203 -0.532573 0.16471
67.266 -34.0838 108.144 -0.466005 0 -3.5 -0.743275 -0.52626 0.413029
98.802 7.8805 108.146 -1.5984 0 -3.5 -0.124766 0.973128 0.193531
96.2435 4.845 99.453 -2.36504 -0.0931332 -3.5 0.495638 0.850755 0.174811
97.3457 -27.432 112.537 -0.976585 -0.206139 -0.8 0.868349 -0.0287897 0.495117
91.5273 -12.582 91.4218 -0.195138 0 -1.6 0.9163 -0.0886539 0.390556
75.9622 -17.773 86.029 -0.493208 0 3.8 0.243688 0.418555 -0.874887
112.21 -21.1805 105.556 -0.665983 0 2.8 0.637324 -0.705656 -0.309625
46.5182 -2.953 98.7965 -1.08101 -0.584365 0.153758 -0.709963 0.703951 -0.0201365
93.1215 -0.0655 122.96 0.2047 0 2.8 -0.873326 0.386873 -0.296026
77.0931 12.0375 89.6086 -0.709085 0 -3.5 -0.863059 0.488211 0.129535
80.196 -13.4187 109.397 -0.959665 -0.0778787 -2.54202 0.384947 0.484249 -0.785697
61.1775 -13.8975 84.2865 -0.718983 0 -0.4 -0.228328 0.12777 -0.965164
78.901 -5.3675 122.41 -0.208949 0 -0.9 -0.614558 0.746099 -0.256234
97.3483 -9.9065 131.077 -0.210647 -0.518892 -1.35792 -0.0526425 -0.692065 0.719913
68.62 1.852 68.2272 -0.112056 0 -4.5 0.753936 0.655664 -0.0410422
81.1555 -4.6655 119.4 -0.892938 0 -3.5 -0.713537 0.53353 0.454104
88.956 -6.13175 110.848 -0.423375 0 4.2 -0.873835 0.203948 -0.441381
85.453 -32.08 97.166 -0.936637 -0.545191 -1.6 -0.232554 0.209846 -0.949675
65.381 0.97575 75.685 -0.452188 0 -0.501676 0.084637 0.698423 -0.710663
69.9762 -38.4432 118.997 -0.290193 0 -3.5 -0.0726736 -0.784372 0.616019
86.749 0.12425 114.33 0.594885 0 -3.2 -0.172648 0.863798 0.473334
52.213 2.2585 102.743 -1.35137 -0.661102 -3.5 -0.55436 0.832182 -0.0125945
99.528 4.79075 95.388 -0.391445 0 -3.5 0.369345 0.832438 -0.413076
75.481 -13.3465 93.138 -0.645289 -0.0470673 -0.808863 0.966073 0.0846862 0.24399
61.027 -1.734 79.056 -0.092859 0 -0.4 0.164187 0.643225 -0.747866
84.954 -9.532 128.063 0.0166273 0 -4.5 0.29074 0.0189184 0.956615
69.3723 2.208 72.601 0.16645 0 -3.9 -0.703446 0.164187 -0.691524
99.3558 -36.3274 110.988 -0.646071 0 -0.8 -0.700575 -0.708332 -0.0863745
93.276 -29.307 112.886 -0.662274 0 -3.5 -0.95705 0.273516 -0.0961499
75.7927 -35.051 107.886 0.0290824 0 -3.9 0.117634 -0.119 -0.985901
94.604 -27.9401 103.672 -0.777598 0 4.2 -0.760693 -0.381754 -0.524986
69.9855 -20.4355 110.229 -0.33245 0 4.5 -0.238834 0.882113 0.405998
101.98 -32.687 97.8845 0.892004 0 -3.9 -0.338368 -0.229459 -0.912609
75.0423 -11.8357 86.8303 -0.574657 0 -3.5 -0.645126 -0.658848 -0.386953
54.529 -9.33325 86.5751 0.11972 0 -0.4 -0.621973 0.286627 -0.728693
99.3098 -30.5195 113.634 -0.291825 0 -3.9 0.421173 0.895512 -0.143775
58.6491 -23.9723 93.1689 0.0808454 0 -0.4 -0.281375 -0.901968 -0.327539
61.9945 -33.1435 113.244 -0.400401 0 -3.5 -0.312439 -0.217266 -0.924758
62.1454 -22.6003 94.3595 -0.108546 0.0604996 -3.5 0.468887 -0.730882 -0.49594
90.1315 -7.1935 107.196 0.327776 0 2.5 -0.662347 0.587198 -0.465289
80.182 -10.2072 90.4088 -0.542152 0 -0.4 0.153095 -0.569214 0.80781
55.541 -13.5385 104.993 0.0642806 0 -0.7 -0.508782 0.419832 0.751586
78.985 -33.371 103.239 0.147046 0 -3.5 0.376664 -0.207362 0.902843
52.6543 -18.0886 87.3273 1.87514 0 -3.9 -0.995325 0.0848453 0.0461441
90.4209 -5.88225 97.4098 -0.384822 0 -0.8 0.108435 -0.249813 0.962203
75.215 10.935 82.872 -0.0503735 0 -3.9 -0.611237 0.529959 -0.58782
49.3746 -12.3174 98.8052 -0.249799 -0.269664 -0.8 -0.915076 -0.351019 -0.198547
77.7026 -32.481 118.153 0.564206 0 -4.5 0.866367 -0.371591 0.333659
60.526 -7.228 82.371 0.741439 0 -3.9 -0.795626 -0.0589072 -0.602918
68.8516 -32.5154 115.662 -0.0506902 0 -0.9 0.0368437 -0.69891 -0.71426
87.5508 -31.5839 100.683 -0.223715 0 -1.6 0.650355 -0.664017 -0.368946
99.0521 -33.3872 102.689 -1.03662 -0.840235 -3.5 0.996632 0.0338039 -0.0747134
55.9562 -17.5196 90.4026 0.00128605 0 -3.60087 -0.558202 -0.746195 0.362772
71.3409 8.37875 90.0778 -0.158385 0 2.8 0.604331 0.539778 0.586024
76.9248 -30.2566 118.898 1.08891 0 -4.5 0.764943 0.45178 0.459084
108.772 -12.9808 122.217 -1.72188 -0.759295 -3.5 -0.312749 0.516506 0.797126
108.735 -18.3554 93.9659 -0.42274 0 4.5 0.342722 0.819326 -0.459615
96.0492 6.26263 115.909 -0.343406 0 -0.8 -0.132865 0.942701 0.306043
108.472 -21.7377 93.6124 -0.388552 0 4.5 0.477127 -0.877183 0.0538449
65.9206 -19.6534 89.9136 0.00358182 0 4.2 0.13656 -0.875698 0.463145
95.16 -16.298 97.758 -0.187642 0 4.2 -0.497237 -0.0188163 -0.867411
81.818 -11.4423 101.832 -1.06812 -0.923169 -0.8 -0.631408 -0.680355 0.372076
54.6596 -12.583 88.742 1.13027 0 -0.4 -0.757503 -0.597333 0.263404
80.8245 -5.61625 78.684 -0.414708 -0.0225751 -0.824894 0.375038 -0.858135 -0.350644
88.5025 -31.094 100.493 0.110574 0 -1.6 0.489293 -0.821357 -0.293196
110.333 -10.1987 106.086 -2.12971 -0.0104037 -1.6 0.961019 -0.0762079 0.265772
85.4184 -14.0863 84.1431 -0.682259 0 -0.8 -0.0664523 -0.893891 0.443332
91.1557 4.81738 100.702 -0.0862781 0 -1.6 0.0187463 0.490503 0.871238
89.1239 0.206437 117.661 0.174815 0 4.2 0.132159 0.976044 -0.172837
76.33 -19.3336 93.6517 0.59352 0 3.8 -0.257412 -0.916425 -0.306438
56.0669 -3.58037 106.762 -0.589174 0 -0.7 -0.739935 0.411512 0.532123
101.574 -29.2938 125.085 -1.85211 -0.419766 -3.5 0.3974 0.000391183 0.917646
59.3674 -8.65462 107.867 0.351663 0 -4.5 0.0185736 0.850421 0.525774
81.95 -1.864 111.9 -0.954247 0 -3.2 -0.734286 0.523283 -0.432433
73.2349 -19.7698 91.1106 -0.145609 0 3.8 0.0911131 -0.875348 0.47483
71.6868 -18.4594 101.443 -1.73541 0 -0.8 0.875537 -0.416321 0.245177
101.106 -27.8083 125.845 -0.466055 0 -0.8 0.502623 -0.661917 0.55609
100.849 3.53163 105.713 -0.621366 0 -3.5 -0.543033 0.604464 -0.582871
75.5851 -36.9948 108.247 1.12147 0 -3.9 0.157017 -0.284508 -0.945727
96.423 5.1305 90.0635 -0.532787 0 -0.256706 0.926204 0.174862 -0.33402
60.9002 7.3785 92.5628 -0.0237979 0 3.8 0.917014 0.119833 -0.380427
95.5836 -5.76225 134.516 -0.0608683 0 -4.5 0.0796885 -0.853677 0.51467
89.7182 -8.094 131.421 -0.151694 0 -0.9 -0.781477 0.623684 0.0176788
76.5645 9.5775 91.1905 -1.64495 -0.434575 -3.5 -0.987892 0.143359 0.0593037
99.1015 4.62038 106.873 -1.16973 0 -3.5 -0.561841 -0.106158 -0.820406
90.4525 -23.298 124.012 -0.259004 0 -3.9 -0.621198 0.490187 0.611416
63.3452 -15.0995 111.093 0.0339089 0 -1.6 -0.449712 -0.413857 0.791506
76.8043 -31.896 108.849 -0.509277 0 -3.9 0.96059 -0.106229 -0.25687
59.5345 -24.7811 113.076 0.632695 0 -4.5 -0.745415 0.664201 0.0565109
104.394 -8.38225 92.136 -0.374046 0 -3.5 0.884184 -0.187324 -0.427935
96.8259 -19.1321 125.848 -1.1163 0 -0.8 0.435114 -0.0970107 0.895134
62.7993 5.45425 94.2872 -0.205992 0 2.8386 0.290763 0.913168 -0.285626
70.0267 -34.1237 121.254 -0.919171 -0.00256101 -3.5 -0.620603 0.257639 0.74059
70.1049 11.2549 76.7029 -0.102444 0 -0.8 -0.2882 0.40977 -0.865465
53.2537 -22.737 101.725 0.619588 0 -4.5 -0.427179 0.549363 -0.718135
103.368 -35.056 98.956 2.4057 0 -3.9 0.157367 -0.961852 -0.223776
98.198 0.2305 95.231 0.394437 0 -3.5 0.581895 -0.80944 -0.0787716
103.61 -4.92175 126.546 -0.500424 0 -3.5 0.435489 0.623883 0.648937
74.1816 -26.9907 122.192 -0.152103 0 1.8 0.464186 0.885682 0.00999158
71.0286 -33.8753 104.782 -0.387575 0 -3.5 0.934662 -0.317777 0.159452
101.026 3.80975 96.8674 -0.115766 0 -3.5 0.527646 0.847668 0.0552179
50.2578 -9.74788 91.2455 0.172177 0 -0.7 -0.863241 -0.502884 0.0438514
111.012 -20.1946 103.197 -0.367032 0 2.8 0.450798 -0.731225 -0.511948
75.5691 -31.1103 105.352 -0.775152 0 -3.5 -0.549854 -0.58502 0.596165
83.9205 -28.4953 114.936 -0.559869 0 -1.1515 -0.0471524 -0.867747 0.494765
99.1833 -33.4022 106.099 -0.843817 0 -3.5 0.884475 -0.123062 0.450067
89.684 -29.5935 100.812 -0.0988467 0 -1.6 0.998846 0.0328662 0.0350312
99.1992 -14.2952 92.6377 -0.00821191 0 -3.5 -0.114258 0.524442 -0.843745
93.2205 0.74625 106.236 -0.949534 0 -3.5 -0.645241 0.255745 -0.719902
78.7714 1.9455 72.8298 0.358122 0 -3.5 0.931508 -0.36371 -0.00262109
68.7634 3.963 98.2542 -0.461041 0 2.8 0.970357 -0.036399 0.238918
84.7073 -0.90875 118.337 -1.49855 0 -3.5 -0.606404 0.728368 -0.318991
83.4415 10.6447 82.5795 -0.336077 0 -0.7 0.252708 0.877383 -0.407845
79.527 -31.063 109.269 0.711183 0 -4.5 -0.811428 -0.552121 -0.191697
101.47 5.20512 110.612 -0.939144 -0.0435611 1.9 0.826582 0.487266 0.281663
83.4116 -37.9227 97.7499 -0.165013 0 3.8 0.768878 0.002745 -0.639389
96.3464 1.07425 121.617 0.129087 0 2.8 0.199496 0.678865 -0.706642
45.884 -6.9745 99.3213 0.0928254 0 1.8 -0.982946 -0.0950747 -0.157412
57.6546 -19.9627 107.087 0.195483 0 1.9 -0.689577 0.219643 0.690102
102.013 -27.1007 122.604 -0.829557 0 -3.5 0.993131 -0.0934529 0.0704126
85.049 -14.901 126.976 -0.596005 -0.760229 -3.5 -0.936684 -0.340734 -0.0807685
68.253 -34.19 110.412 -0.211513 -0.760427 -3.23508 -0.740838 -0.357195 0.568832
67.5366 6.69125 97.4591 -0.43137 0 2.8 0.298963 0.938592 0.17224
76.0934 -15.9329 95.2626 -0.106754 0 -3.5 0.385473 0.498743 0.776316
95.6464 -33.1688 111.936 0.35268 0 -3.5 0.294524 -0.653263 -0.697497
97.76 4.37725 116.738 0.145889 0 -0.8 0.510495 0.0283409 0.859414
90.1446 -27.044 118.987 2.81222 0 -3.9 -0.641189 0.0625125 -0.764833
58.9921 -19.7866 86.8015 -0.0139071 0 -1.6 -0.164691 -0.350435 -0.921994
78.4662 -21.4757 102.127 -2.26974 -0.669728 -3.5 -0.400763 -0.206785 -0.892541
72.7905 12.0284 87.5079 1.37987 0 -3.9 -0.345674 0.824211 0.448538
91.0547 -13.6143 89.8002 0.0194628 0 -1.6 0.776072 -0.618839 -0.121453
95.1752 5.57412 117.108 -0.119274 -0.362128 -0.8 -0.285033 0.763163 0.579947
64.9532 -20.1139 89.1859 -0.14228 0 4.2 -0.028462 -0.933116 0.358448
96.566 -29.176 97.068 0.22897 0 -0.8 -0.672169 -0.654105 -0.346895
64.9424 -10.7596 77.8917 1.14225 0 -3.9 -0.529604 0.335606 -0.77903
88.2947 -12.9467 91.8985 -0.447575 0 -1.6 -0.571445 -0.60332 0.556288
73.0891 -13.981 77.101 -1.46392 -0.0466463 -3.5 -0.196581 -0.176648 -0.964444
109.284 -22.3075 109.032 -0.283 0 2.8 -0.133962 -0.1091 0.984963
101.543 -19.2686 122.72 -0.662173 0 -4.5 0.109627 0.160949 0.980855
108.081 -8.696 126.679 -0.49983 0 -3.5 0.777656 0.12285 0.616571
96.4599 -1.88462 125.895 -0.328371 0.0304598 -3.5 -0.00232016 0.950491 0.310744
75.7314 11.9235 87.2496 0.0619541 0 -3.9 -0.0894138 0.847578 0.523085
88.8637 -6.86662 85.0491 -0.161802 0 3.8 0.715464 -0.144031 -0.683641
110.647 -6.929 103.251 -1.65719 -0.505942 -1.6 0.956799 -0.111933 -0.268341
76.4768 -26.5063 103.342 -0.568936 0 -1.3 -0.323889 0.424529 -0.8455
99.4936 -1.94975 92.6848 -0.204861 0 -1.6 0.882404 -0.0696205 0.465314
73.432 -29.601 106.378 -0.307025 0 -0.143071 0.362993 -0.930434 0.0502825
91.8665 4.31175 84.0488 -0.183015 0 4.5 0.399107 -0.454929 -0.796086
107.367 -24.3495 119.075 0.0373633 0.27815 -4.5 0.740894 -0.217386 -0.635467
77.8227 -24.7694 119.701 -0.246073 0 -1.6 0.346102 -0.278527 0.8959
103.258 -31.5592 112.531 0.0934818 -0.0299253 -0.575808 0.123637 0.415284 0.901251
63.9173 3.792 80.412 -0.152155 0 -3.5 -0.541599 0.461861 0.702392
76.2787 5.3665 73.6117 -0.0394496 0 -3.5 0.171911 0.828751 -0.532559
56.4281 -10.7154 106.468 0.200915 0 -4.5 -0.990094 0.139475 0.0161377
87.0799 -11.4178 105.613 -1.22858 0 -0.7 -0.740727 0.644898 -0.188228
87.684 -24.2265 118.783 0.229017 0.0154263 -3.51044 0.632702 0.175545 -0.754236
105.171 -15.7969 120.506 -0.303832 0 -3.5 -0.13186 -0.622918 0.771094
101.583 -3.888 129.865 -0.699647 0 -3.5 0.850372 0.461931 0.251968
84.6891 0.710688 120.945 0.119519 0 -3.9 -0.673247 0.517913 -0.527735
91.4459 7.79775 99.0115 -0.0945148 0 -3.5 0.583287 0.477925 0.656783
74.3591 -22.942 104.887 0.127106 0 -1.6 0.49018 -0.0101678 -0.871562
66.1806 1.84713 76.2616 -0.979307 0 -0.8 -0.107233 0.354683 -0.928817
50.031 -7.70625 100.416 0.787758 0 1.8 0.297607 -0.284246 0.911391
78.999 -6.29413 121.034 -0.161287 0 -0.9 -0.6678 0.651361 -0.36024
108.668 -9.1445 100.836 -0.419591 0 -1.6 0.235009 0.302282 -0.923795
101.004 -28.5544 103.444 -0.435596 0 4.2 0.822134 -0.0115073 -0.569178
52.3489 7.88413 102.297 0.851274 0 -4.5 -0.950782 -0.277918 0.137021
84.1633 -6.1245 96.8128 -0.319632 0 1.8 0.377456 -0.78011 0.498954
107.337 -4.8515 106.181 -1.2129 0 -3.5 -0.32962 0.514142 0.791839
71.0393 -21.5229 96.0459 -0.682787 0 -2.28828 0.655067 -0.617808 -0.434972
108.937 -27.889 105.661 -0.0443538 0 -3.5 0.998232 -0.0172663 -0.0568709
89.3984 -3.26038 87.352 -0.0154055 0 3.8 0.603071 0.024068 -0.797324
62.516 -18.8323 86.4413 -0.40406 0 -2.59207 -0.0390808 -0.689932 -0.722819
77.801 -12.955 79.4883 -1.22512 0 -3.5 -0.251095 -0.95239 0.172931
58.4453 -28.7105 110.545 1.16989 0.664762 -4.5 -0.262089 -0.963576 0.0532139
106.328 -22.3927 97.0531 -0.612887 -0.100987 1.2831 0.957286 -0.27798 -0.0795608
54.1179 -15.7417 94.297 0.310366 0.082755 4.2 -0.58558 -0.179517 -0.790487
63.6776 0.046125 74.6331 -0.508545 -0.491654 -0.4 -0.74745 0.393798 -0.535016
96.9678 -25.463 115.947 -0.849165 -0.385107 -0.8 -0.874436 -0.468758 -0.125012
97.8875 2.1145 105.898 -0.323643 0 -3.9 -0.353929 0.887021 0.296527
85.7199 1.90425 83.5394 -0.683794 -0.098128 3.34634 -0.463106 0.198276 -0.86384
93.707 -4.32925 88.0335 -0.979444 -0.126456 -0.8 0.319547 -0.174557 -0.931354
93.5125 -23.1675 96.7725 -0.654789 0 -3.5 0.212897 0.554521 -0.804476
92.405 4.9895 96.0635 -0.993093 0 -0.8 0.748718 0.65532 0.0998862
76.2761 -35.9671 103.422 -0.137954 -0.0589471 -3.5 -0.338177 -0.0600185 0.939167
72.6391 -24.0693 99.6925 -0.629378 0 -0.7 0.654195 -0.517646 -0.551427
90.9255 -27.8109 122.494 0.140578 0 -3.9 -0.223063 -0.93615 0.271784
99.543 5.95775 111.347 -0.341522 0 -3.41293 0.00753438 0.896924 0.44212
52.551 7.914 99.496 0.38318 0 -4.5 -0.797086 0.0477114 -0.601977
73.885 -10.807 77.934 -0.614559 0 -3.5 0.329572 0.721601 -0.60883
68.1699 6.252 95.3149 -1.58265 -0.137716 1.14296 0.626591 0.759828 0.173336
62.7848 -14.1613 111.017 0.162409 0 -1.6 -0.791499 -0.0601647 0.608202
68.4995 -18.4295 116.671 -0.142721 -0.522179 -0.7 -0.975412 0.0317973 0.218084
96.7251 3.38375 101.087 -0.564503 -0.256049 -3.77318 0.601889 0.780506 0.168938
97.541 -2.329 96.1165 -0.401011 0 -3.9 0.813041 0.15544 -0.561073
97.2624 -33.8575 115.245 -0.211499 -0.527783 -3.9 -0.525838 -0.651901 0.54637
69.2134 -4.14575 104.973 -0.155731 0 -3.5 0.196697 0.978565 -0.0610002
80.268 -5.66687 77.8394 -0.420685 0 -0.7 0.779311 -0.625534 0.0371765
84.2789 -15.9867 106.652 -0.870235 0 3.8 -0.675374 0.733024 0.0809032
95.3756 -33.3761 99.6977 -0.0493783 0 -1.92418 -0.577653 -0.452502 -0.679382
117.954 -21.741 115.475 -1.8674 -0.80456 -0.8 0.910149 -0.405182 0.0863504
84.172 -27.146 120.426 -0.497731 0 -3.5 -0.192769 -0.138574 0.97141
77.6205 -16.0012 108.422 0.633012 0.0482143 4.2 -0.367834 0.665872 -0.649085
107.117 -13.718 124.941 -1.35625 -0.609306 -3.5 0.21827 0.165921 -0.96168
87.552 8.5565 83.9143 0.157091 0 3.8 0.0919805 0.909033 -0.406447
62.1905 6.378 98.375 -0.367906 0 1.9 -0.0143702 0.996408 -0.0834488
67.8495 8.326 90.346 -0.491642 0 2.8 -0.830624 0.501361 0.242283
99.6018 3.4235 116.553 0.464249 0 1.9 -0.0780075 0.602815 0.794058
101.435 -23.4683 112.086 -1.07127 0 2.5 -0.237941 -0.882931 0.404743
110.768 -8.17037 104.246 -1.07503 0 -1.91851 0.984979 0.172638 0.00340977
65.5064 6.24563 94.4845 -0.616573 0 2.8 -0.54977 0.821584 -0.150843
86.5419 -31.7423 106.302 -0.315941 0 -3.5 -0.296217 -0.274093 0.914947
105.62 -2.8065 107.813 -0.635725 0 2.8 0.930742 -0.319198 0.178412
47.3447 -1.935 102.344 0.179041 0 -3.5 -0.785027 0.372269 0.495124
93.5888 -31.1995 100.861 -0.647641 0 -3.5 -0.676691 0.24287 -0.695057
84.3142 -1.34825 82.331 0.168373 0 3.8 0.622663 0.394387 -0.675833
85.2913 -8.3465 128.146 0.213646 0 -4.5 0.349225 0.147824 0.925305
88.394 -9.255 95.754 -0.673567 0 -0.8 0.44511 0.0180489 0.895294
56.6531 -2.30487 106.679 -0.453311 -0.184562 -0.7 -0.823906 0.506455 0.254327
86.6591 -12.7286 89.5856 -0.673605 0 -0.4 -0.64147 -0.422045 0.64062
88.751 -4.3795 111.142 -0.472973 0 4.2 -0.652653 0.124111 -0.747423
71.25 -38.156 111.408 0.181552 0.0915733 -3.5 -0.240368 -0.840715 -0.485202
73.2767 10.9801 77.3955 -0.698293 0 -3.5 0.0749973 0.873346 0.481292
73.2094 -1.834 99.9161 -0.717422 0 -2.3746 -0.188082 0.734041 0.652541
68.1724 -35.1301 108.098 -0.853635 -0.012075 -3.5 -0.809524 -0.586454 -0.0272731
102.709 -8.004 132.1 -0.555193 0 -0.925564 0.680096 0.256441 0.68681
115.15 -15.0072 104.307 -0.529569 0 -3.5 0.357254 -0.605502 0.711152
70.6995 9.53738 85.8518 1.03028 0 0.220947 -0.114255 0.396286 -0.91099
89.5685 -12.4555 92.6263 -0.345314 0 -1.6 0.125024 -0.27582 0.953044
84.1135 -37.3512 98.9457 -0.112374 0.00223492 2.00819 0.903839 -0.421621 0.0728784
77.4775 -33.8735 109.416 -0.0496002 0 -3.9 0.980825 0.0296482 -0.192622
97.1926 -29.0467 113.235 -1.27712 0 -0.921759 0.851045 0.402293 0.337465
105.854 -4.68825 105.683 -1.39007 -0.0354082 -3.5 0.356942 0.0627464 0.932017
111.504 -9.97363 102.501 -0.802949 0 -1.6 0.489797 0.61471 -0.618248
100.479 -17.0452 126.901 0.422555 0 -4.5 -0.286579 -0.909944 0.29979
101.487 -32.808 119.919 2.35018 0.0372478 -3.9 0.906502 -0.367827 0.207262
69.7935 -32.5676 113.847 -0.622999 0 3.3645 -0.504858 -0.757065 0.414695
107.846 -5.22087 98.8593 -0.518777 0 -1.6 0.460301 -0.209573 -0.862672
82.7887 3.78475 77.5569 0.230401 0 -3.5 0.412756 -0.566713 -0.71307
69.4283 -12.9544 85.38 -2.94022 -0.740923 -3.5 0.985189 -0.169883 0.023291
87.3361 -26.5954 116.919 -0.188947 0 -0.7 0.585058 -0.703105 0.404167
104.228 0.197 126.999 -0.380102 0 -0.7 0.207669 0.478624 0.853108
82.4662 -13.2925 84.1415 -0.629372 -0.98775 -0.923534 -0.171764 -0.983645 -0.0542142
70.2923 -10.9861 104.787 -0.721592 0 -0.4 0.933391 -0.0926357 0.346698
54.2077 -22.7313 99.853 0.22783 0 1.8 -0.816359 0.534754 0.218167
87.654 -26.558 102.484 -1.35521 -0.865747 -3.9 0.717128 0.415042 -0.559881
87.758 -12.057 129.806 -0.928831 0 -3.2 -0.555183 -0.0362821 0.830936
65.1442 2.85525 104.044 -0.283078 0 -0.4 0.993654 0.078027 -0.0810141
52.1997 7.60375 100.67 0.712902 0 -4.5 -0.999214 0.00408949 -0.0394363
107.075 -6.33425 121.61 -0.533801 0 2.30719 0.836945 0.359746 0.41244
67.8438 6.65475 75.2765 2.937 0 -3.9 -0.158256 0.940687 -0.300105
92.2715 0.736125 102.43 -0.180275 0 -1.6 0.0104033 -0.138721 0.990277
95.9235 -34.2982 114.157 -0.141611 0.390967 -3.55016 -0.0751487 -0.93197 0.354662
97.2144 -0.176 137.999 0.0500745 0.390078 -4.5 0.292071 0.883777 0.365558
59.3609 -23.4591 114.721 0.480832 0 -3.5 -0.430101 0.236793 -0.871173
85.3142 -25.1187 119.759 -0.151303 0 -3.5 0.124304 0.0490467 0.991031
53.7686 7.911 98.8946 0.635825 0 -4.5 -0.307808 0.542305 -0.781767
110.397 -19.858 95.83 -0.480672 0 4.5 0.96574 -0.244891 0.0858729
66.411 -32.492 112.665 -0.304469 0 3.8 -0.008286 -0.994923 0.100295
81.1875 -2.534 113.818 -0.682284 0.785532 -3.2 -0.932967 0.223536 0.282144
111.023 -15.1671 116.978 -0.412873 0 1.8 0.908606 -0.204857 0.363963
95.3291 -1.797 117.751 0.305759 0 4.2 -0.539763 0.75982 -0.362393
68.4756 -22.0344 121.099 -0.243091 0 4.2 -0.345968 0.503305 0.791827
67.0894 -8.2775 76.5306 0.647041 0 -2.7457 -0.565486 -0.603838 -0.561788
98.3815 -29.0522 111.499 -0.345527 0 -0.8 0.190991 0.265409 0.945029
88.7664 -7.91719 85.1083 -0.359938 0 3.8 0.676704 -0.143845 -0.722067
102.062 2.0745 96.7605 -0.103759 0 -3.5 0.943257 0.0727298 -0.324
82.9444 -20.2173 122.891 -0.362284 0 4.2 0.224327 -0.282614 0.932634
90.9571 1.32337 114.983 0.229395 0 -0.8 -0.23972 0.656721 0.715019
64.717 -7.11875 76.9857 -0.689215 0 -3.5 -0.570913 -0.706061 -0.41897
105.286 -16.45 125.38 -0.325302 0 -4.5 0.644556 -0.729263 -0.229615
97.6894 -33.9518 112.298 -0.078975 0.0465712 -1.87173 -0.562844 -0.431755 -0.704837
102.724 -15.4508 129.932 0.0602138 0 -4.5 0.171488 -0.427823 0.887446
81.4967 -11.9115 110.657 -0.459492 0.587993 3.8 0.292135 0.216113 -0.93164
61.204 -26.1195 118.977 -0.0901063 -0.614897 -3.5 -0.499932 -0.679905 0.536468
61.3983 -6.4005 80.4047 -0.100671 0 2.8 -0.766526 -0.641373 -0.0328452
65.048 -18.6004 86.3346 -0.467649 0 1.07302 0.330662 -0.553047 -0.764723
98.045 -35.792 105.476 -1.45169 -0.677065 -3.5 0.391532 -0.910651 0.131977
88.3625 -27.0315 115.023 0.0783919 0.361755 -0.7 0.573578 -0.819148 0.00205654
69.0855 -34.7456 103.052 -0.533693 0 -3.5 -0.0283069 -0.979315 -0.200351
87.3509 -25.5775 102.655 -0.454233 -0.363297 -3.9 0.610102 -0.0942943 -0.786692
63.7957 -27.9185 112.43 -1.02993 0 -3.5 -0.799673 -0.43418 -0.414743
61.4885 -28.764 94.9759 -0.103955 0 4.2 -0.545724 -0.425578 -0.721851
94.4401 5.21663 114.891 -0.777606 -0.128534 -0.8 -0.720303 0.693324 -0.021585
76.2363 10.424 78.7968 -0.0341022 0 -0.4 -0.779889 0.553742 0.291792
52.614 -22.483 106.895 -0.120731 0 -4.5 0.625117 0.288591 0.72522
111.136 -8.8855 107.778 -2.73696 0.203029 -3.28791 0.579953 -0.734532 -0.352302
117.508 -13.2268 111.086 -0.526372 0 2.8 0.74933 0.195578 0.632656
68.1052 8.5265 79.3419 0.191748 0 -1.3 -0.821303 0.341126 -0.457269
85.9191 -15.5989 127.226 -1.40477 0 -3.5 -0.526255 -0.847934 -0.0637393
94.917 -27.089 99.606 -0.715784 0 -3.5 -0.622338 -0.761292 0.182016
97.7195 -29.7178 112.264 -0.560932 0 -0.8 0.667047 0.537518 0.51587
84.0155 -3.46537 78.5741 0.115888 0.807822 -1.63344 0.609661 -0.443175 -0.657198
118.634 -12.2745 100.305 -2.052 -0.3784 -3.5 0.745068 0.525497 0.410764
115.065 -23.1493 113.617 -0.575539 0 -0.8 0.389144 -0.684918 -0.615998
51.858 1.7065 103.699 -1.54235 -0.371123 -3.5 -0.691956 0.719534 0.0588891
90.0219 -2.81475 99.2162 0.304724 0 -0.8 0.438991 -0.493622 0.750749
85.7822 -4.7525 99.318 -1.59202 0 -0.8 0.135965 -0.778419 0.612843
91.4344 -14.1576 130.133 -0.701552 0 -0.9 -0.142299 -0.9893 0.0321873
104.429 -27.4991 103.879 -0.84331 0 -3.5 -0.553341 -0.517055 -0.653045
96.7513 4.14025 103.581 1.69095 0.089588 -3.9 -0.0162864 0.996285 0.0845593
88.9635 -12.7235 130.084 -0.783321 0 -2.39052 -0.557287 -0.0401317 0.82935
104.56 -2.14225 118.81 -0.395969 -0.0578873 -2.82142 0.552197 0.817659 0.162824
89.0378 1.95175 123.139 1.09836 0 -3.9 0.898253 0.385051 0.211845
53.018 -16.2395 95.152 0.464941 0.488036 4.2 -0.659202 -0.188642 -0.727919
77.611 -16.879 103.267 -0.765813 0 -4.5 0.919027 0.323246 0.225615
97.7791 -35.1209 101.674 -1.0321 0 -3.5 0.0777125 -0.888304 0.452632
95.8402 -2.9835 89.0496 -0.299566 0 3.67144 0.410884 -0.0390817 -0.91085
115.404 -9.366 102.385 -1.97343 -0.70485 -3.5 0.073913 0.875997 -0.476619
66.2266 -0.392 67.001 -0.223148 0 -4.5 -0.940369 -0.317744 -0.121431
92.6813 0.5385 86.094 -1.42911 -0.316276 4.5 0.430373 -0.508184 -0.746008
78.7174 -7.69775 121.717 -0.209754 0 -0.9 -0.913324 -0.387123 0.126389
100.342 -10.4891 94.7838 -0.000104584 0 -3.5 -0.835052 -0.304441 -0.458262
80.8595 6.00475 93.4475 -0.798914 0 2.8 -0.709382 0.366572 0.601998
94.1359 1.55288 87.428 -0.409812 -0.161064 2.66991 0.504032 -0.489932 -0.711279
72.8975 -16.7975 107.539 -0.0616308 0 -3.8594 0.344321 0.793119 0.5024
79.5869 -17.8045 106.332 -1.13458 -0.597887 -3.22385 0.0294482 0.881779 -0.470742
96.4548 -28.044 113.516 -1.97973 -0.130384 -2.3564 0.329246 0.32893 0.8851
59.515 -24.4623 109.104 0.384074 0 -4.5 -0.567249 0.770674 0.290327
109.953 -17.0028 115.716 -0.194069 0 1.8 -0.415454 -0.855507 0.309039
91.197 -14.302 97.93 -1.72501 -0.705244 -3.5 0.0112168 0.403442 -0.914936
71.6701 -23.1925 121.904 -0.10638 0 4.2 0.305967 -0.175206 0.935781
100.848 0.3795 120.527 0.687376 0.0769385 -0.8 -0.284426 0.942973 0.172928
81.3636 -5.11 120.655 -0.510689 0 -2.8225 -0.637055 0.70829 0.304114
79.1162 11.7668 77.6835 0.0733233 0.0526046 -3.5 0.260487 0.562808 -0.784471
87.13 -14.403 130.153 -1.90286 -0.7143 -3.5 -0.326305 0.10878 0.938985
68.3461 1.87513 74.9313 0.0696469 0 -3.9 -0.860959 0.209696 -0.46344
87.633 0.0075 119.459 -0.149137 0 -0.993345 -0.00163762 0.902106 -0.431511
62.8084 -9.16463 79.921 2.33274 0 -0.197878 -0.615285 0.184221 -0.766477
105.379 -3.87275 122.827 0.215557 0 1.32177 0.811112 0.398512 0.428118
104.911 -21.6134 120.256 -0.00333782 0 -4.5 0.766216 0.613285 -0.191818
77.501 -0.45375 69.2958 -0.978699 -0.227092 -0.8 0.0364435 0.501944 -0.864132
78.4639 -16.4797 107.795 0.0372691 0.115867 -1.94841 0.00131988 0.716228 -0.697865
107.325 -22.964 99.4635 -0.248437 0 -3.5 0.926938 0.0129714 -0.374991
79.4165 -12.3705 80.92 -0.70694 0 -3.5 0.576257 -0.69293 0.433331
100.68 -0.225375 121.812 0.342448 0 -0.8 -0.270246 0.88301 0.383745
89.2756 -2.47975 99.8185 -0.44683 0.042058 -0.8 0.296858 -0.526038 0.796969
68.2434 10.1534 79.2364 -0.502359 -0.996718 -0.8 -0.962812 0.206608 0.174089
65.4806 -3.78938 72.522 0.686783 0.103601 -0.4 -0.715146 -0.38757 -0.581684
61.0165 -21.2175 86.77 -1.95859 -0.75108 -3.5 0.242072 -0.0017618 -0.970257
59.733 -19.391 110.394 0.203825 0 1.9 -0.533136 0.156224 0.831481
73.0989 -5.90438 103.155 -0.54915 0 -0.8 -0.055122 0.284117 0.957204
112.093 -12.317 100.559 -0.235419 -0.0642946 -2.10371 0.157647 0.858912 -0.487255
106.471 -19.7738 114.914 0.377385 0 -3.5 0.983253 0.10324 0.150185
50.9784 -5.52462 102.436 -0.715561 -0.329173 -3.5 -0.53333 -0.766244 0.358371
92.3681 -5.5465 88.7947 -0.054966 0 -0.8 -0.0231302 -0.108871 -0.993787
64.8682 -24.6612 120.577 1.62645 0 -3.72062 -0.105813 0.0166128 0.994247
110.268 -11.1938 108.527 -2.02919 0 1.8 0.657647 0.527603 -0.537713
65.143 5.9535 99.2803 -0.0189011 0 1.9 0.615565 0.786389 -0.0516904
112.417 -20.7566 112.181 -0.640949 0 0.601974 -0.583046 -0.800577 0.138325
96.8453 -1.85275 117.022 0.558518 0 4.2 -0.529016 0.66928 -0.521733
89.1579 -25.0112 123.138 0.543071 0 -3.9 -0.773537 -0.161057 0.612945
80.2724 -31.8476 115.691 -0.171707 0 1.79965 0.359093 -0.30749 0.881194
100.705 2.56525 104.188 -0.0898167 0 -3.5 -0.576827 0.581468 -0.57373
51.0329 -22.353 104.291 0.465114 0 -4.5 -0.69111 0.487823 -0.533287
61.2098 -29.113 116.943 -0.09676 0 -3.5 -0.878636 -0.138376 0.457001
92.6095 9.67775 91.0498 -0.561067 0 -3.5 0.672313 0.446043 -0.590797
65.4354 -8.99562 109.148 -0.191418 -0.461043 -3.18494 -0.160396 0.208779 0.96472
88.668 7.0935 82.2755 -0.170276 0 3.8 0.47291 0.273521 -0.837581
88.1051 -4.263 111.954 -0.448765 0 4.2 -0.741173 -0.222932 -0.633218
89.418 -35.1903 105.085 -1.03319 -0.137836 -3.5 0.46979 -0.590622 0.656097
100.84 -25.7234 102.859 -0.880603 -0.932411 1.8 0.402908 -0.880777 -0.24879
90.0359 -29.0196 104.787 -1.00507 0 -3.20134 0.428304 -0.519037 -0.7397
81.8296 -41.0834 98.7113 -0.212613 0 3.8 -0.00494702 -0.987776 0.155804
54.3583 7.44019 98.1637 0.0933344 0 -4.5 -0.191154 0.696092 -0.692038
49.5768 -10.9222 100.845 0.49492 -0.0471095 -0.8 -0.414378 0.20089 0.887656
92.8092 3.33 84.8486 -0.210862 0 4.5 0.506309 -0.490332 -0.709384
66.379 -8.98975 77.136 0.59126 0 2.8 -0.53687 -0.180232 -0.824189
80.7158 -23.092 119.682 -0.95161 0 1.3163 0.00660735 -0.760185 0.649673
84.72 -2.272 125.564 0.244095 0 -0.4 -0.365354 0.598039 0.713349
65.3727 -36.8657 119.173 -0.975078 -0.275092 -0.7 -0.70066 -0.313348 0.641006
72.5195 -19.291 92.1571 -0.475207 0 -3.5 -0.0411677 -0.998939 0.0206626
117.502 -13.4105 101.436 -1.08188 0 -3.5 0.554887 -0.445299 0.702715
53.8166 -15.7844 88.0999 0.897546 0 -3.9 -0.785356 0.493022 0.374361
85.1513 -12.64 85.9355 0.19719 0 -0.4 -0.483083 -0.871324 0.0861724
70.6141 -25.6404 100.51 0.31198 0 -0.7 0.781982 -0.622792 -0.0251822
80.111 -10.6005 78.6656 -1.45298 0 -3.5 0.855001 0.463562 -0.232557
70.4137 -2.6135 100.743 -0.56439 0 -0.8 0.202287 0.920667 0.333846
74.6936 -9.45375 99.5161 -0.458052 0 -2.29386 0.51924 -0.735433 0.435348
60.776 -8.60925 106.98 0.189798 0 -3.92004 -0.142091 0.94876 0.28225
80.2787 15.4832 86.415 -0.468957 0 -3.5 -0.379633 0.89948 0.216368
102.531 -0.30425 114.962 -0.608205 0 1.9 0.989939 0.14127 -0.00795952
68.8457 -33.0723 112.412 0.291698 0 0.00309342 -0.516147 -0.767688 0.3798
91.8272 -31.2138 112.475 -1.59149 -0.244581 -3.5 -0.695857 0.225372 -0.681902
87.7627 -7.2715 112.643 -0.595985 0 4.2 -0.970288 0.130763 -0.203574
64.7024 0.6905 82.5943 0.273137 0 -2.99161 -0.905955 0.333449 -0.260877
76.1793 -11.7528 81.2288 -0.830825 0 -3.5 0.101466 -0.924714 0.36689
69.8021 -11.5754 76.89 0.447074 0 -2.31637 -0.172091 -0.781636 -0.599524
48.1026 -0.221125 95.2685 -0.0329866 0 1.8 -0.739246 0.644664 -0.194743
113.372 -16.974 100.318 -1.26068 -0.34159 -2.55022 0.322532 -0.902548 -0.285272
76.4456 -37.8721 119.905 -0.924967 0 -3.5 0.969433 -0.219746 0.109136
55.3995 9.9965 100.271 0.206287 0.308261 -4.5 0.666247 0.286331 -0.68857
91.5925 -3.666 129.467 -0.490307 -0.464974 -4.11952 -0.303245 0.454852 0.837349
73.4743 -35.2054 107.82 -0.305171 0 -3.9 0.088162 -0.0928177 -0.991772
73.6404 -15.2854 106.189 0.384922 0 -4.5 0.273696 0.669479 0.690571
104.486 -16.3419 128.677 -0.252263 0 -4.3143 0.164844 -0.843596 0.51105
63.3515 7.057 88.1944 -0.124664 0 -0.7 -0.0224581 0.966264 0.256571
61.5965 7.876 107.916 2.74652 0 4.5 -0.952377 0.280151 -0.120386
71.8648 11.6205 87.345 3.02192 0 -3.9 -0.36124 0.909842 0.204188
78.839 -25.7559 102.055 -0.0511076 -0.0471316 -1.3 -0.525697 -0.774377 -0.352111
89.076 0.4385 122.237 0.963315 0 -3.9 0.964349 -0.234099 -0.123403
84.6628 -30.907 98.0617 0.0734216 0 -1.6 -0.605446 0.366164 -0.706654
48.0373 -7.84275 101.851 0.076125 0 1.8 0.320846 -0.502127 0.803073
118.55 -14.929 98.3074 -1.62142 -0.724593 -3.5 0.54518 -0.741687 -0.390742
97.2131 -2.69988 134.458 0.180878 0 -4.5 0.956749 -0.121421 -0.264364
67.099 -31.669 107.327 -0.232165 0 -3.5 -0.950723 -0.129524 0.281691
90.7592 -27.1895 117.716 2.08854 0 -3.9 -0.666975 0.312103 -0.676562
88.9433 3.79475 82.0857 -0.204056 0 3.8 0.646092 -0.134393 -0.751334
80.2412 -35.8875 97.2125 -0.195223 0 3.8 -0.0759944 0.651778 -0.754593
85.6204 -16.3945 124.746 -0.241254 0 -0.8 -0.249899 -0.467484 0.847944
72.2022 -33.1495 101.66 -1.86966 0 -3.5 0.718297 -0.674 -0.172547
97.4685 6.045 93.3825 -0.492452 0 -0.4 0.854302 0.504143 0.126523
112.604 -17.2528 99.2545 -1.97767 0 -1.6 0.605171 -0.735973 -0.303499
101.789 -34.9925 99.4355 2.0294 0.146348 -3.9 -0.260811 -0.962851 0.0699616
48.4723 -3.0415 103.384 0.259213 0 -3.5 -0.527487 -0.150596 0.836109
62.5185 -21.2015 92.129 -1.11607 0 -3.29271 0.847907 -0.319833 -0.422802
71.7008 -20.677 103.127 -1.48242 -0.653461 0.85657 0.762473 0.439656 -0.474697
117.277 -19.806 115.366 -1.71908 0 -0.8 0.545602 0.776092 0.316227
47.105 -1.866 94.858 -0.802868 0 1.8 -0.805336 0.355126 0.474678
60.215 -10.9615 110.127 0.27159 0 -4.5 0.0849059 -0.449778 0.889095
76.0567 -20.6213 87.6198 -0.284244 0 3.8 0.546477 -0.829788 0.113203
57.9478 -9.36219 110.495 0.679535 0.315166 -4.5 0.53464 0.646665 0.544045
61.3995 6.9665 108.396 1.98079 0 4.5 -0.950986 -0.229056 0.207747
80.0001 -0.935 70.1181 0.702749 0.519046 -0.8 0.947624 0.264442 0.179107
63.051 2.629 80.0717 -0.0310197 0 -3.5 -0.642387 0.0603081 0.764004
69.132 -19.8749 113.951 -0.574082 0 -0.4 -0.646899 0.653765 -0.392574
56.4422 -25.3472 97.1405 0.915054 0.884802 -0.8 -0.337031 -0.243717 -0.909402
78.6175 -34.3027 103.485 0.0900508 0 -3.5 0.373867 0.137879 0.917176
91.8611 -0.531625 107.197 -0.579565 0 -3.5 -0.862479 -0.0762183 -0.50032
94.5482 -5.08813 98.8239 -0.288386 0 -3.9 -0.90541 -0.418601 -0.0707568
105.446 -15.1006 96.695 -0.767699 0 0.482116 0.47126 0.326173 -0.819467
80.6428 4.53713 76.8254 0.0983069 0 -3.5 0.46566 -0.415428 -0.781397
80.841 -16.228 96.037 -0.648268 0 3.8 0.355541 0.928204 -0.109676
66.3767 8.55675 105.884 -0.122335 0 4.5 0.486548 0.371616 -0.790678
113.175 -9.04525 109.14 -1.19138 0 -3.2 0.570627 0.285796 -0.769874
105.884 -20.9844 112.598 -0.413663 0 -1.20478 0.928895 0.336047 -0.155647
80.2402 3.494 100.564 0.0201072 0 -4.5 0.145243 0.401492 0.904272
59.2176 6.45175 98.1038 -0.604737 -0.0120676 1.76284 0.396385 0.909299 -0.126709
75.4376 -15.9911 121.926 0.318765 0.311001 4.5 -0.798839 0.156881 0.580727
62.051 -21.074 120.611 -0.290748 0 -3.5 -0.889665 0.246653 0.384263
102.308 -27.716 121.635 -0.440494 0 -3.5 0.992035 -0.0696118 -0.10498
83.375 10.4335 80.499 -0.799488 0 -1.85316 0.985323 0.152287 0.0771247
83.386 -16.008 98.428 -0.397192 0 -3.5 0.302574 -0.144955 -0.942039
95.5604 -6.24675 90.0551 -0.710425 0 -0.8 0.855109 -0.123802 -0.50345
63.436 1.18062 83.9886 0.199973 0 -0.561626 -0.298194 0.338596 -0.892431
92.1719 -21.0955 123.207 -0.479352 -0.144107 -3.40599 -0.749174 0.39368 0.532685
65.5214 4.178 82.0748 -0.940252 -0.46111 -2.24862 -0.78182 0.594024 -0.189456
102.159 -34.7745 100.473 2.02993 0.0118619 -3.9 -0.129307 -0.905449 0.404279
108.328 -14.587 129.024 -1.65998 0 -3.5 0.976975 -0.159264 -0.141967
82.4341 -30.8915 108.183 0.306738 0.425697 -4.5 0.403302 -0.868415 -0.288448
92.0703 -3.4675 109.931 0.140746 0.802285 2.82457 -0.779756 0.474975 -0.407896
66.514 6.119 76.066 2.64025 0 -3.9 -0.757498 0.625314 0.187564
60.8116 1.17537 76.1008 0.306022 0 -3.5 -0.569288 -0.731826 -0.374623
88.5117 -23.1357 119.179 0.314951 0 4.2 0.254563 -0.321929 -0.911899
85.643 -11.1313 107.961 -0.703462 0 -0.7 -0.856265 0.287111 -0.429391
77.787 -30.575 106.89 -0.806734 -0.176129 -3.5 0.358714 -0.858606 0.366224
96.1833 3.2855 117.305 0.318999 0 -0.8 0.137165 -0.636336 0.75912
58.647 -34.3025 115.964 -1.61853 -0.871698 -3.5 -0.943897 -0.316369 0.0947015
107.34 -20.202 109.445 -0.484764 0 3.9686 0.32898 -0.200783 0.922745
84.3767 -10.7201 91.1231 0.0468518 0.000203964 -3.5 -0.328789 -0.876012 -0.352846
59.3758 -21.6855 86.3538 -1.76428 -0.911827 -3.5 -0.123731 0.187177 -0.974503
100.197 -16.1906 127.923 0.388564 0 -4.5 -0.839631 -0.393838 0.374047
98.9135 -7.759 134.438 -0.1985 0 -1.6 -0.114764 0.156731 0.980951
109.674 -26.195 106.905 0.169256 0 1.8 0.66616 -0.608816 -0.430783
113.584 -10.1295 112.538 -0.076042 0.0308821 -3.2 0.904277 0.0450538 0.424563
100.773 -29.3985 97.056 -0.567091 0 -3.9 0.406371 -0.279857 -0.869795
86.2796 -10.2586 82.3313 0.0456544 0.0954554 -2.52563 0.697308 -0.0633204 -0.713969
74.592 -14.6936 80.9431 -1.84834 -0.686163 -3.5 0.527302 -0.63304 0.566756
86.9613 -26.8125 101.363 -0.303919 0 -3.76326 0.666967 0.677164 -0.31081
90.1165 -11.9215 102.495 -0.46338 0 -1.6 0.135762 0.910538 -0.3905
85.5594 3.13675 83.4626 -0.432818 0 3.8 -0.453971 -0.441633 -0.773867
92.5368 7.69037 89.7591 0.277305 0 -3.5 0.71735 0.561509 -0.412453
63.387 -28.342 110.183 -0.10814 0 1.8 -0.699306 -0.088605 0.709309
74.2125 -28.519 120.975 -0.43953 -0.135206 1.8 0.970968 0.163744 -0.174382
113.748 -17.784 108.78 0.00909127 0 2.8 0.965731 -0.242035 -0.0937162
81.0214 5.52763 76.2968 0.144352 0 -3.5 0.15233 -0.254088 -0.95511
73.219 10.534 75.4815 -0.747197 0 -3.5 -0.310648 0.795655 -0.52003
101.178 -28.271 111.901 -0.352126 0 2.8 -0.00261908 0.0757529 0.997123
105.713 -31.6109 110.914 -0.439499 0 -3.5 0.745674 0.261162 0.612996
56.325 7.182 97.409 -0.226884 0 -4.5 -0.190484 0.955333 -0.225953
88.1185 -3.48712 85.3165 -0.671504 -0.599002 -0.199512 0.889991 -0.0173081 -0.455649
55.9972 -4.74538 85.2885 0.485531 -0.200199 -2.26411 -0.354151 -0.240321 -0.903783
66.6653 -1.83187 69.6202 0.714212 0 -4.5 -0.934057 -0.150286 -0.323962
64.8708 6.39213 85.9444 -0.626489 0 -1.3 -0.843651 0.0817258 -0.530635
61.3814 6.17438 95.6475 -0.445599 0 -2.18288 0.523648 0.851831 -0.013254
79.6202 -4.94475 117.231 -1.58484 -0.792382 -3.5 -0.964551 -0.122485 -0.233748
73.1683 -14.0495 105.361 -0.412851 0 -4.5 0.428877 0.863127 0.2666
82.8484 10.495 81.4015 -0.698337 0 -0.7 0.484256 0.871182 0.0808585
56.8466 -13.4757 108.662 0.754913 0.737608 -4.5 -0.223347 -0.960927 -0.163508
80.367 -3.7225 118.115 -1.63535 0 -3.5 -0.657591 0.685726 0.312016
72.408 10.0658 89.004 0.807859 0.658756 -3.9 0.143251 0.212782 0.966542
77.5004 -14.837 91.607 -0.40047 0.986357 -0.4 0.539518 0.813567 0.21686
70.069 -9.909 108.141 -0.617676 0 -0.7 0.825338 0.483586 -0.291482
75.3609 -4.54925 104.409 -0.216687 0 -3.9 -0.795229 0.522601 0.307407
105.435 -0.25425 124.9 -0.319375 -0.491387 -0.7 0.927108 0.0471011 0.371823
79.9745 -23.546 101.83 -0.25749 0 -1.3 0.0716692 0.608345 -0.79043
54.1997 -25.1164 100.674 0.200476 0 1.8 -0.538406 -0.842664 -0.00603019
96.5652 4.265 96.532 -0.685241 0 -3.5 0.186966 0.975285 0.117739
52.9239 9.73962 100.758 0.468905 0 -4.5 -0.780916 0.49213 -0.384679
73.3875 5.185 95.156 -0.792512 -0.344306 3.8 -0.114237 0.763077 0.636131
102.889 -15.439 96.904 -0.566454 0 -0.7 0.164944 -0.611259 -0.774052
95.8786 3.963 102.922 2.54702 0.0777646 -3.9 -0.142128 0.987649 -0.0659531
79.6055 1.3435 101.466 -0.371019 0.0307033 -1.4949 -0.13957 0.435569 0.889269
99.2951 -0.141625 121.667 0.113949 0 2.8 0.285849 0.928677 0.236323
79.2105 -22.6612 102.203 -0.766918 0 -1.78477 0.0685537 0.256422 -0.964131
111.81 -10.2051 115.339 -0.607019 0 -1.99808 0.687057 -0.724767 -0.051637
49.5967 -11.2013 97.9975 -0.566634 -0.395994 -0.8 -0.936393 -0.119618 -0.32994
65.2405 -20.7355 117.11 0.0496371 0 -0.874528 0.223066 0.952014 0.209549
53.7949 -24.1995 106.109 0.202816 0 -4.5 0.293724 -0.171697 0.940344
70.6045 -7.4235 105.878 -0.614759 -0.050825 -3.5 0.785828 -0.270521 0.556141
79.265 -30.9252 106.8 -0.571955 -0.126108 -3.81272 -0.200166 -0.856741 0.47532
102.006 1.6795 109.134 -0.294132 0 2.8 0.784283 0.595425 -0.174269
88.0111 -8.76087 111.717 -0.342947 -0.39365 1.43113 -0.97639 0.10868 -0.186683
49.9508 1.02094 91.0762 -0.0551378 0 -0.7 -0.76924 0.610761 0.187728
85.5154 4.40863 100.327 -0.549286 -0.482825 -0.8 -0.60934 0.773756 -0.173226
79.0693 2.5765 71.4955 -0.340683 0 -3.5 0.895141 -0.391545 -0.213109
76.1699 -15.3069 104.623 -0.205282 0 -4.5 0.59924 0.610146 0.518298
95.9024 -8.153 100.205 -0.715257 0 1.38459 -0.594176 0.0802439 -0.800322
50.8151 -21.4169 106.667 0.686464 0 -4.5 -0.460266 0.738004 0.493463
80.458 -11.4113 79.8535 -1.04643 -0.723273 -3.5 0.91876 -0.304679 0.251099
91.6083 -17.8934 124.874 -1.95162 -0.744768 -3.5 -0.347757 -0.786191 0.510852
59.55 -1.295 107.12 -0.765627 0 -0.7 -0.222243 0.369167 0.902399
51.5527 -6.1745 103.12 -0.509196 0 -3.5 -0.810857 -0.560453 0.168536
84.924 -12.9875 104.977 -1.15343 -0.448839 -2.51732 -0.759811 0.426805 0.490433
73.6945 -11.7931 99.0693 -0.728301 -0.5674 -3.5 0.785005 0.0407473 0.618148
80.3975 -6.04738 118.266 -1.09629 0 -3.5 -0.916737 -0.399484 0.00244723
55.7074 0.66375 89.364 0.173349 0 1.58884 -0.567255 0.786151 -0.245335
63.0964 2.35188 75.7842 0.251394 0 -3.5 0.173046 0.144836 -0.974206
87.6852 -0.743 101.155 -0.635464 0 -1.53339 -0.160935 -0.601588 0.782427
97.9655 -1.431 134.838 -0.0966042 0 -4.5 0.876789 -0.118397 -0.466071
83.537 -10.871 92.06 -0.651711 0 -3.5 -0.660124 -0.685374 -0.307408
71.997 -0.4215 98.5202 -1.25847 -0.867706 -1.6 -0.492291 0.414501 0.7654
68.4697 -36.8225 115.227 -0.0745948 0 -2.15509 0.0100281 -0.0445704 -0.998956
105.565 -8.83 128.294 -0.90915 0 -3.5 0.657719 0.662809 0.357897
94.4771 -24.8214 117.356 -0.61683 0 2.8 -0.0590182 -0.768613 -0.636986
61.7803 -12.4989 109.586 -0.0367119 0 -1.6 -0.518663 -0.142099 0.843087
95.5573 1.01675 113.341 1.88125 0 1.9 0.156311 -0.22942 0.960694
92.719 -16.108 126.571 -1.26237 -0.175856 -3.30208 -0.0186972 -0.426507 0.904291
87.8702 11.6433 93.3545 -0.0793721 0 -4.5 0.27782 0.952852 0.12202
91.5312 -33.96 100.304 -0.271307 -0.65259 -0.8 -0.613498 0.0704504 -0.786548
82.3351 -10.2546 93.9395 -0.746319 0 -0.7 -0.317188 -0.893428 -0.318086
56.9652 -19.8879 93.6935 0.0426557 0 -1.3 -0.742392 -0.508544 -0.436161
78.0705 4.05925 97.6255 -0.586225 0 -4.43339 -0.466589 0.882812 0.0541977
65.2984 -38.532 118.481 -0.503524 -0.871606 -0.7 -0.62008 -0.602458 0.502539
92.39 5.39 97.417 -0.655466 0.117236 -3.5 0.768311 0.633345 -0.0925855
90.6608 -29.3857 119.352 2.23896 0.0660518 -3.9 -0.619374 -0.748653 0.236421
88.2235 -2.97662 129.44 -0.122132 0 -3.5 -0.10774 0.312439 0.943808
85.191 -12.8118 108.51 -0.755812 0 -0.7 -0.880933 0.233782 -0.411465
66.603 -3.63225 104.423 0.0726823 0 -3.29938 0.594453 0.746874 0.298003
76.2063 -34.8372 117.636 0.415271 0.644494 -4.5 0.810985 -0.584739 0.0196066
104.62 -32.9748 99.2367 1.05634 0.0576686 -3.9 0.981319 -0.00556392 -0.192309
84.5944 -36.0295 98.3819 0.0462269 0 1.8 0.499732 -0.474993 -0.724327
72.4395 -17.3624 101.381 -0.877406 0 -0.8 0.648368 -0.75962 0.0509592
65.1731 -20.6376 114.186 -0.887284 0 -0.8 0.604939 0.78922 -0.105741
54.021 2.38412 103.038 -1.46324 0 -3.5 -0.081327 0.960958 0.264472
73.2538 -8.21694 76.2333 -0.103312 0 -1.3 0.726775 -0.651938 -0.216276
62.7262 6.76975 100.049 0.18817 0 1.9 -0.291472 0.95543 0.0468859
63.4616 -29.5042 110.556 -0.165813 0 2.28238 -0.925235 -0.0845173 0.36986
102.048 -17.3048 96.2014 -0.319382 0 -0.8 0.823782 0.483488 -0.296011
71.1279 -8.898 104.565 -1.35174 -0.532493 -3.5 0.76287 -0.470498 0.443465
103.989 -9.762 94.466 -0.0205661 0 -3.5 0.932581 -0.360811 0.0103572
95.6728 -15.0972 97.5397 1.20606 0 4.2 -0.612152 -0.284306 -0.737862
59.1575 -19.6184 109.59 0.506485 0 1.9 -0.856827 0.178709 0.483643
75.7947 0.88425 68.8771 0.468895 0 1.8 0.723574 -0.190395 -0.663468
78.4778 -38.4627 97.395 -0.232022 0 3.8 -0.95257 -0.173085 -0.250305
76.9196 -19.2734 92.3952 0.457318 0.694832 -0.4 -0.310367 -0.928255 -0.204974
70.3899 -22.5415 96.6671 -0.437298 -0.686775 -0.7 0.788577 -0.446628 -0.422693
80.1595 -10.077 79.576 -0.64976 0 -3.5 0.783338 0.50792 -0.358328
72.8936 -10.7789 101.367 -0.597263 0 3.61986 0.773978 0.147047 0.615902
54.0244 -12.4969 111.035 0.00779465 0 -4.5 -0.981693 -0.0858828 -0.170006
80.4844 -16.3411 123.093 -0.352937 0 4.5 -0.344733 -0.0835659 0.934974
93.6488 -2.77525 122.566 0.0198232 0 2.8 -0.235617 0.0454217 -0.970784
100.158 -20.4753 123.081 -0.719871 0 -4.5 0.216941 0.449533 0.86652
90.2578 -15.124 97.6909 -2.21931 -0.709268 -3.5 -0.350045 -0.0851068 -0.932859
78.0107 -12.177 122.441 -0.312888 0 4.5 -0.0559071 0.379332 0.92357
82.2371 4.79075 80.6003 -0.133411 -0.156609 -2.74027 0.743593 0.275783 0.609109
108.645 -28.0767 106.912 0.0922079 0 -3.5 0.916771 -0.317783 0.241961
80.855 12.155 82.577 -0.333718 0 -3.5 0.625275 0.741774 -0.242493
105.054 -8.1375 129.495 -0.77836 0 0.976294 0.594065 0.804411 0.00321814
81.3 12.6985 83.4615 -0.431055 0 -3.5 0.284755 0.445722 -0.848674
88.302 -24.7625 115.722 -0.353674 0 -0.7 0.518651 0.0979116 0.849361
107.808 -23.6943 110.468 0.230657 0 2.5 0.795847 0.0884803 0.598998
95.6773 -27.3452 93.8497 -0.305304 0 -0.8 -0.286988 -0.368738 -0.884121
63.9199 6.45525 86.6931 -0.296427 0 -0.824348 -0.369993 0.218901 -0.902877
83.4335 -31.9025 112.682 -0.465263 0 -4.5 0.993113 0.0720747 0.0923665
89.7178 -8.203 93.6622 -0.202245 0 -0.8 0.025806 -0.964382 0.263252
96.6555 6.80662 93.4046 -0.405547 0 -0.4 0.544465 0.814682 0.199627
89.256 -12.382 87.569 -0.486456 0 -0.4 0.462297 -0.128769 -0.877326
92.6405 -23.6665 95.837 -0.0442545 0.281218 -3.5 -0.00243768 0.395825 -0.918323
102.981 -2.7145 98.2188 -0.139373 0 4.5 0.148303 -0.156386 -0.976499
102.299 -30.617 124.906 -1.37384 -0.764748 -3.5 0.409446 -0.422965 0.808366
89.5385 -34.303 105.91 -1.65781 -0.267677 -3.5 0.402428 -0.307096 0.862406
57.4832 -19.7485 92.6667 -0.292453 0.160223 -1.46019 -0.866401 -0.384213 -0.318951
91.104 -31.0185 114.591 -1.25041 -0.752401 -3.5 -0.762614 0.319717 0.562317
113.573 -16.3721 103.19 -0.0837311 -0.421822 -3.2503 0.319241 -0.861162 0.395581
55.775 9.9975 102.787 -0.207273 0 -4.5 0.987125 -0.0215221 0.158497
108.497 -13.7905 128.319 -1.51678 0 -3.5 0.995162 -0.0499202 -0.084623
78.162 -8.81388 91.8727 -0.483939 0 2.33533 0.173433 -0.758198 0.628536
105.941 -30.4045 104.186 -0.658822 0 -3.5 -0.816554 -0.576687 -0.0259018
98.6492 2.06638 117.809 0.424142 0 1.9 -0.600317 0.585157 0.54517
77.9945 4.6625 94.909 -0.510822 0 2.75456 0.126147 0.886069 0.446059
80.4009 -37.9043 101.198 0.155797 0.174549 2.17283 0.360523 -0.618187 0.698475
64.7565 4.44012 78.5806 0.0101756 0 -3.5 0.175077 0.976196 -0.128019
91.4585 7.3095 84.0951 -0.143079 0 4.5 -0.275293 0.661654 -0.697444
110.443 -8.926 101.878 -0.152257 0 -1.6 0.663263 0.419777 -0.619572
105.178 -14.849 120.86 -0.505333 0 -2.13797 -0.127745 -0.217278 0.967714
59.5054 3.81875 85.8829 -1.25771 -0.0666704 2.8 -0.118 0.781461 -0.612694
85.3525 -10.0106 81.565 0.268813 0.719593 -0.986988 0.279451 -0.247604 -0.927685
86.8083 4.873 100.6 -0.309206 0 -0.8 -0.285131 0.958158 -0.0251716
60.5185 -31.3223 103.073 -0.424418 0 1.8 -0.145173 -0.8918 -0.428507
74.4855 -10.9303 112.839 -0.872532 -0.397605 -2.52452 -0.210498 0.977556 0.00859468
93.2349 -26.4842 96.9167 -0.285713 0.454451 -3.5 -0.296496 -0.920746 -0.253608
79.4245 -8.62625 93.2617 -0.618115 0 -0.7 -0.303155 -0.907804 -0.28981
100.001 -5.82288 90.6699 -0.0867962 0 -3.5 -0.00343456 0.369975 -0.929035
58.5223 -21.1151 115.128 0.296209 0.0015673 -3.5 -0.554601 0.333796 -0.762232
81.305 -16.4855 97.2105 -0.622632 0 3.8 0.544451 0.830411 -0.118284
60.4135 -0.7845 107.358 -0.475366 0 -0.7 -0.282626 0.672492 0.684015
77.438 -12.24 117.506 -0.364752 0 -3.5 -0.165424 0.980556 0.10557
81.958 2.994 97.285 -0.335792 0 -4.5 0.706165 0.700815 0.100941
75.9075 3.17188 68.6009 -0.00406674 0 1.8 0.714859 0.559994 -0.418788
109.568 -25.8384 109.101 0.296854 0 1.8 0.607097 -0.348222 0.714265
71.112 -31.5595 105.064 0.763809 0 0.350453 0.754045 -0.550227 0.358701
62.0993 -23.1768 90.1984 -0.262512 0 -3.5 0.897761 -0.431857 0.0867503
78.0451 -34.3791 114.653 0.101088 0 2.8 0.334426 -0.925409 0.178264
60.9104 1.19925 105.294 -0.439913 0 -0.4 0.114064 -0.0593812 0.991697
117.205 -15.8916 98.0824 -0.678778 0 -3.5 0.250264 -0.875055 -0.414303
111.355 -20.4675 98.5663 -0.465445 0 4.5 0.534173 -0.491275 -0.687974
78.4774 -18.5324 104.491 -1.29426 0 -3.77893 0.538033 0.7753 -0.330802
75.7702 9.89125 89.134 -0.196425 0 1.9 -0.539461 0.50788 0.671595
102.171 -25.9727 114.971 -1.3631 -0.769882 -0.8 0.409606 -0.379308 -0.829668
55.097 -26.3649 103.289 -0.0876956 0 -4.5 -0.424425 -0.887228 -0.180805
108.919 -27.0195 106.508 0.197021 0 -1.63463 0.952476 -0.23954 -0.188176
81.214 -8.17925 116.018 -0.580389 0 -0.8 -0.959345 0.151297 -0.238258
103.467 -24.8687 110.901 -1.07684 0 2.5 -0.254031 -0.592122 0.764761
54.9388 -9.34813 110.788 0.055097 0 -4.5 -0.761007 0.58969 -0.270433
75.1435 -36.2404 102.767 -1.58502 -0.210302 -3.5 -0.682441 0.187622 0.70645
61.8703 -6.77012 106.7 -0.145198 0 -1.98379 -0.780541 0.00256288 0.6251
68.189 10.1345 82.2675 0.193054 0 -1.3 0.297372 0.942239 -0.15413
106.9 0.188125 100.556 -0.382352 0 0.463256 0.756933 0.219199 -0.615633
108.785 -30.7211 103.363 -0.0617408 0 -3.5 0.842935 -0.438105 -0.312289
103.439 -16.2008 129.195 0.181647 0 -4.5 0.264061 -0.620583 0.738342
50.6642 -2.66675 104.151 -0.312021 0 -3.5 -0.253208 -0.175082 0.951437
82.4161 -13.8904 102.141 -1.58392 -0.0238651 -1.6 -0.927396 0.0556607 0.369917
87.3447 -10.8523 101.143 -0.521553 0 -1.6 0.345331 0.904533 -0.250135
52.334 3.227 97.2055 -0.122208 0 -0.7 -0.490415 0.765036 -0.417388
100.588 -23.2222 112.707 -0.145665 0 4.2 0.1026 -0.991583 0.0789692
81.524 -7.335 103.078 -0.476608 0 -0.8 0.54262 0.43134 0.72077
81.5255 1.44425 101.206 -0.770742 0 -1.3 0.0559588 0.622937 0.780268
81.9551 2.68587 99.2479 -0.354753 -0.360854 -1.99039 0.594081 0.791373 0.144206
76.2335 -3.44925 103.297 -0.358796 0 -3.9 -0.212351 0.963003 0.165927
110.178 -18.158 96.071 -0.983551 0 4.5 0.910873 0.0932967 -0.402003
95.9922 0.687 101.518 1.04261 0 -3.9 -0.52432 -0.843466 -0.116851
111.533 -4.61287 115.449 -1.03943 -0.44721 -3.43983 0.779484 0.421618 -0.463295
76.691 -9.953 105.043 -1.12695 0 -0.4 -0.38974 -0.644395 0.65792
49.5059 -5.22375 102.189 -0.163567 -0.556392 -1.9461 -0.123158 -0.674429 0.727996
62.0896 7.31112 102.651 -0.0633495 0 1.8 0.194206 0.755708 -0.625451
60.0677 -33.583 117.012 -1.70445 0 -3.5 -0.210658 0.257065 0.943155
99.9999 4.94525 106.547 -1.46643 0 -3.5 -0.327225 0.0152048 -0.944824
76.1687 -12.3701 92.2295 -0.457098 0 -0.4 0.88443 -0.179755 0.430664
90.4449 -4.542 97.3991 -0.27574 -0.408452 -0.8 0.33376 -0.399492 0.853821
97.895 7.586 107.216 -1.61336 -0.63912 -3.5 -0.394028 0.741945 -0.542457
69.7493 10.253 80.2225 0.134947 0 -0.8 -0.0382036 0.639742 0.76764
76.0885 -36.3015 119.015 0.00122705 0 -3.5 0.903468 0.115523 -0.412796
96.275 -5.55125 91.0638 -0.265512 -0.653606 -1.06184 0.598961 -0.288772 -0.746898
68.0065 -34.5908 104.806 -0.238759 0 -3.5 -0.0211783 -0.999675 -0.0141618
89.355 -32.028 103.63 -0.8711 0 -3.16305 0.701297 0.708596 0.0779437
57.8467 2.829 84.3877 -0.608488 -0.150472 2.8 0.369313 0.926624 -0.0705433
71.0058 -1.959 99.0652 -1.16595 0 -0.866312 -0.166392 0.682499 0.711694
51.6614 -3.5985 88.9326 0.317833 -0.282291 -2.7054 -0.0114045 -0.0398885 -0.999139
65.2271 -13.7315 83.3518 0.844924 0 -3.5 -0.576927 -0.470116 -0.667941
62.9622 -16.6462 111.012 -0.948853 -0.213185 -3.5 -0.476996 0.324667 0.816741
102.754 -24.7609 117.829 -0.0577089 0.930777 -0.8 0.00232159 -0.767213 0.641389
114.173 -10.6805 110.402 -0.632304 0 -3.2 0.779995 0.239817 0.578009
102.968 -27.1315 110.675 -1.11899 0 2.24218 -0.206321 0.320268 0.924587
93.6561 -4.24875 117.963 0.0894164 0 3.8 -0.575016 0.748067 0.331289
94.1947 -11.6728 98.6775 0.041278 0 -3.9 -0.918527 0.330257 -0.217345
101.618 -15.4298 129.986 0.0016367 0 -4.5 -0.339842 -0.383194 0.858877
74.2565 -15.74 77.6415 -1.30506 -0.116161 -3.5 0.479469 -0.711266 -0.514014
89.1259 10.2804 85.2927 0.683447 0 -4.5 0.193004 0.15383 -0.969064
65.0703 -34.997 120.257 -0.551274 0 -0.7 -0.491486 -0.359557 0.793196
78.8712 -1.7505 73.4297 -0.297279 0 -1.006 0.91634 -0.387144 -0.102174
48.372 -7.204 94.3928 0.45823 0 -0.4 -0.221981 -0.935634 0.274433
65.7016 -27.8612 93.8186 0.0296886 0 0.663973 -0.0626967 -0.482625 -0.87358
71.3404 -2.92738 102.011 -0.811691 0 -0.8 -0.333563 0.751753 0.568862
87.1762 -1.37625 100.204 -0.45072 0 -0.8 -0.269124 -0.618313 0.738418
73.1165 -30.4545 102.045 -2.43362 0 -3.5 -0.473056 0.758342 -0.448482
111.097 -22.8349 108.147 -0.520751 0 2.19451 0.981425 -0.189402 -0.0305236
96.5898 -20.2915 126.152 -0.899095 0 -0.8 0.479428 -0.0878971 0.873169
83.9277 -28.7717 119.522 -0.959372 0 -3.5 -0.650131 -0.42422 0.63037
90.9922 11.0098 93.2383 -2.0026 -0.091414 -3.5 -0.229325 0.931173 -0.283419
72.7815 -37.56 115.984 0.0696176 -0.404287 -3.5 0.945861 -0.280875 -0.162652
93.7647 -9.61375 93.3926 3.48804 0 -3.9 0.00469285 -0.92132 -0.388776
108.972 -25.046 109.711 0.688828 0.52893 1.8 0.542963 -0.00822099 0.839717
67.4305 8.665 89.0052 -0.485538 0 2.8 -0.757853 0.256692 0.599807
97.9035 0.6985 117.354 0.868698 0 1.9 -0.955956 0.104374 0.274324
100.45 -0.4705 96.3708 -0.411388 -0.0181881 -3.41162 0.0711153 -0.582095 -0.810005
97.6254 -18.3388 125.638 -1.77341 -0.0495882 -2.85019 0.351868 -0.553661 0.754751
77.025 -11.5175 94.9175 -0.390439 0 -3.5 0.852277 -0.521898 -0.0353071
97.3316 -31.4697 117.554 0.338722 0 -3.9 -0.921677 -0.0139614 0.387707
79.0469 -7.585 80.0807 -1.35862 0 -3.5 0.820118 -0.0872225 -0.565507
78.14 -34.048 112.843 0.0555353 0 2.8 0.421606 -0.860317 -0.286536
105.296 1.328 105.795 -0.386794 0 -3.5 0.203016 0.333018 0.920806
62.0807 -5.875 107.708 -0.665294 -0.480497 -0.7 -0.828213 -0.421636 0.369169
70.3388 -24.9737 97.2732 -0.746887 -0.142544 -0.916362 0.942083 -0.0242731 -0.334501
66.9222 9.694 82.0153 0.0528543 0 -1.3 -0.412895 0.727914 -0.547411
93.315 -32.115 106.192 -1.82525 0 -0.8 -0.361766 -0.461527 0.810011
75.1677 -7.1225 76.313 -0.225527 0 -0.7 -0.209251 -0.840285 -0.500136
101.37 -31.9415 118.656 1.57046 0 -3.9 0.999006 -0.0347236 -0.0279445
49.8154 -8.84175 95.7495 0.629713 0 -4.5 -0.741879 -0.268356 -0.614493
74.4401 -16.712 120.549 0.404191 0 -3.5 -0.617006 0.658176 0.431404
98.3425 -9.99075 131.648 -0.61317 0 -1.6 -0.468664 -0.701818 0.536475
55.0109 -17.0505 90.0455 0.255528 0 -3.67755 -0.738622 -0.541793 0.401122
96.219 -24.2397 95.0326 -0.265219 -0.441153 -0.8 -0.21774 0.664687 -0.714689
86.1058 12.0057 90.872 -0.591796 0 -4.5 0.617277 0.724448 0.30683
101.607 -31.7603 120.368 2.27767 0.187171 -3.9 0.937684 -0.186852 0.292977
84.4713 -6.90912 128.002 0.420605 0.275066 -4.5 0.0801316 0.209183 0.974588
62.9938 -30.0273 112.971 0.0109887 0.312285 0.38035 -0.623111 0.226948 -0.748483
94.7805 4.91725 95.779 -0.396912 0 -3.34276 -0.0710542 0.95896 0.274496
76.7818 -12.1547 113.997 -0.707413 0 -3.5 -0.107052 0.90009 0.422349
98.0277 -4.102 132.484 -0.181684 0 -4.5 0.47805 0.567034 0.670776
57.574 -1.997 82.161 -0.116773 0 -0.4 -0.704254 0.203985 -0.680013
72.5875 -25.8389 121.443 -0.89625 -0.00961879 -3.9 0.43498 0.465417 0.77083
94.2747 -27.0648 103.278 -1.47961 0 4.14067 -0.646993 -0.549249 -0.52889
64.6888 -30.8404 119.62 0.20557 0 -0.9 -0.562939 0.0879716 0.821804
75.2306 -35.0762 114.507 0.37467 0 -4.5 0.454993 -0.827307 -0.329459
71.6466 -9.7865 74.2262 -0.279857 0 -0.8 0.638435 -0.295366 -0.710746
92.6208 -22.0798 125.487 -0.788097 -0.0149879 -3.63202 -0.849813 0.294854 0.436898
111.572 -12.9171 118.139 -0.846733 0 1.8 0.891817 -0.383204 -0.240452
87.718 0.108 114.974 1.35199 0.713767 -3.2 -0.0365913 0.946766 0.319836
64.0713 -30.1427 94.9175 -0.120654 0 4.2 -0.320705 -0.753152 -0.574378
47.1362 -1.8885 101.222 0.166928 0 -3.5 -0.934107 0.356762 -0.0128346
80.596 -32.5896 115.014 0.00195148 0 -4.5 0.176067 -0.718248 0.673142
61.586 -16.9234 108.711 -0.441259 0 0.263417 -0.629521 0.324623 0.70592
101.335 -27.3435 116.212 -0.654414 0 -0.8 0.789168 -0.590393 -0.169259
114.28 -20.698 111.675 -1.06481 0 1.85011 0.632206 -0.681377 -0.368837
54.827 -18.5675 103.141 -0.0394803 -0.735487 -0.7 -0.523022 -0.745621 0.412913
62.0573 -36.3867 115.1 -1.99918 -0.953083 -3.5 0.480268 -0.779362 -0.402415
55.9245 3.50362 87.4555 0.177014 0 -0.8 -0.95392 0.270173 -0.130552
102.916 -7.44325 90.5279 -0.175304 0 -3.5 0.220477 -0.0563469 -0.973763
52.1797 8.6625 100.51 0.389189 0 -4.5 -0.92339 0.314415 -0.220213
64.2611 7.52462 87.8169 -0.198629 0 -1.3 -0.451734 0.792162 0.410384
89.1982 -1.6285 85.7243 0.719946 0.37693 -0.8 0.718037 -0.549017 -0.427788
84.96 -10.365 101.371 -0.281361 0 -1.04161 0.425259 0.890022 -0.164364
90.3556 -14.03 129.778 -0.748074 -0.0841845 -1.86024 0.236276 -0.937868 0.254121
72.1527 -15.2975 118.46 -0.109166 0 -0.7 -0.102271 0.6536 0.749899
110.094 -2.69075 105.808 -0.308978 0.605204 -3.5 0.575955 -0.57771 0.578383
105.422 -2.28475 122.58 -0.230597 -0.262765 1.14288 0.979697 -0.0510691 -0.19387
81.1109 -17.1928 107.277 -0.558148 0 1.42588 -0.245968 0.876815 -0.413153
66.2701 10.6636 108.115 -0.0485872 0 4.5 0.438211 0.746639 -0.500501
108.224 -10.7041 129.272 -1.80043 -0.233447 1.8 0.955716 0.186068 0.228005
82.5216 -4.29987 126.086 -0.786324 -0.371307 -0.4 -0.717272 0.134885 0.683613
88.2958 -20.3049 122.212 -0.845278 -0.210707 3.39066 0.0518502 -0.637212 0.768942
72.0011 -14.4585 78.7682 -1.29203 0 -3.5 -0.609845 -0.792289 0.019169
65.8209 -19.1658 111.18 -0.0257185 0 -3.5 0.371739 0.233369 0.898526
99.3766 -19.5413 93.577 -0.265843 0 -1.31844 0.0140294 -0.289504 -0.957074
57.03 -20.462 106.48 0.0295893 -0.0812914 -1.23266 -0.805781 0.26632 0.528952
88.666 -21.4684 100.842 -0.615912 0 3.8 -0.297018 -0.147351 -0.943434
68.784 -24.7236 92.886 -0.22447 0 -0.8 0.381139 0.380292 -0.842681
92.8441 -3.73787 107.213 0.239581 0 3.18829 -0.871172 0.376214 -0.315473
102.793 -14.801 95.9798 -0.136928 0 -2.18976 0.436579 -0.684659 -0.583645
83.287 7.601 81.9935 -0.372992 0 -0.7 0.447324 -0.437097 -0.780287
91.1881 -2.81113 98.6881 -0.494238 -0.401993 1.5421 0.0219724 -0.55508 0.831507
86.158 -24.0975 119.763 0.327609 0 2.76687 -0.0513544 -0.237404 0.970053
67.3298 -16.0814 86.7026 -0.190755 0 -3.89289 0.434632 -0.470973 -0.767646
84.6813 -1.08712 78.7406 -0.374938 -0.113514 -1.3 0.892978 0.309081 0.327199
67.2555 -27.0311 122.173 0.145011 0 -3.9 -0.0721874 0.217913 0.973295
90.004 -11.279 103.967 -0.702049 0 -1.6 -0.0348261 0.899234 -0.436079
66.5543 5.8165 80.6332 -0.750177 -0.122133 -2.23826 -0.861473 0.38955 -0.325753
75.7629 -8.56213 78.4706 -0.978321 0 -0.7 -0.448763 -0.520172 -0.726659
82.8603 -10.483 95.1643 -0.833049 0 -0.7 -0.264112 -0.899002 0.349344
96.7578 -23.0926 95.2239 -0.14109 0 -0.8 -0.679083 0.100066 -0.727209
108.7 -8.19312 101.159 -0.388725 0 -1.6 0.431644 0.150638 -0.889377
53.3249 -11.89 103.545 0.189577 0 -1.6 -0.52272 -0.541719 0.658259
74.4843 -21.6915 121.345 0.177156 0 -3.5 -0.168168 -0.191181 0.967041
82.749 -10.059 111.824 -1.60939 -0.649381 3.8 -0.165592 0.588367 -0.791457
57.2593 -13.5565 110.081 0.703955 0.276215 -4.5 0.497668 -0.85846 0.123989
71.7735 -17.9438 120.965 -1.41271 -0.390472 -0.7 -0.180257 0.373557 0.909924
105.035 -10.771 96.8069 -1.75502 -0.964444 -0.7 0.650423 -0.0523692 -0.757764
77.974 -36.6203 99.7057 0.0625539 0 -3.5 -0.66706 -0.0275548 -0.744494
65.2206 -30.7255 100.476 -0.231336 0 -1.6 -0.217043 -0.96004 -0.17668
87.2705 -13.0995 129.501 -1.3298 0.0295723 -3.48224 -0.420876 0.359957 0.832643
93.5055 -25.7402 101.624 -0.541214 0 -2.31248 -0.599338 -0.797047 -0.0742281
90.8603 -2.33325 117.427 0.194428 0 4.2 0.952299 0.29645 0.0724131
64.2846 -33.5267 114.416 -0.80956 -0.0299874 -3.5 0.498895 -0.634534 -0.590314
60.5549 -28.0671 110.355 0.312971 0 -4.5 0.328675 -0.84408 0.423676
80.9176 -31.4813 106.32 -0.0606126 0 -1.75516 0.127576 -0.908452 0.398045
81.927 -11.4454 123.065 -0.395896 0 -3.92855 -0.505776 0.343036 0.791528
57.9157 -22.9115 115.852 0.419254 0 -3.5 -0.862442 0.000255627 -0.506155
104.72 -25.4837 111.58 -0.39121 0 2.14851 -0.511495 -0.332092 0.79252
87.2009 -13.5872 89.4641 -0.909233 0 -1.6 -0.645056 -0.495816 0.581437
76.3727 -39.0143 119.728 -1.48709 0 -3.5 0.943112 -0.302776 0.137352
102.464 -24.1378 118.892 -0.0763805 0 -4.5 -0.157483 -0.967594 0.197385
61.0745 6.4495 107.168 0.253233 0 4.45153 -0.876666 0.167346 0.451057
99.987 -32.016 98.0051 -0.594539 0 -3.9 0.28403 -0.415509 -0.864106
74.9735 8.33062 90.1625 0.33497 0 1.9 -0.484225 0.642395 0.594016
72.4788 -38.339 120.172 -0.933327 -0.00366666 -3.5 -0.702345 -0.618495 0.352386
106.846 -5.77325 123.892 -1.45782 -0.104981 -3.5 0.721991 0.685356 -0.0949572
79.6872 -8.33775 105.14 -1.32456 0 -0.8 0.245588 -0.180869 0.952351
68.3504 -34.0255 101.638 -1.11786 -0.836997 -3.5 -0.585177 -0.714247 -0.383953
106.518 -20.8135 116.126 -0.135108 0 -3.5 0.842081 0.227921 0.488826
56.4603 -26.7432 105.457 0.379025 0 -4.5 -0.732601 -0.46657 0.495589
80.355 -18.11 93.228 -0.207469 0 3.8 0.885251 -0.190348 -0.42438
51.795 -8.67875 87.091 -0.847039 -0.256881 -0.7 -0.351918 0.331651 -0.875306
80.889 -2.69575 102.782 -0.557275 0 -1.3 0.221554 0.129803 0.96647
91.9735 -23.3115 118.759 -0.92559 0 1.8 -0.122175 -0.767626 -0.629145
71.9833 9.021 82.7982 0.543343 0.0572477 3.81527 -0.225942 0.968458 0.105071
63.227 7.04675 87.1423 -0.170098 0 -0.7 -0.328839 0.832467 -0.445942
79.9585 -32.726 99.818 -1.22845 -0.594069 -3.34311 -0.366823 0.447657 -0.815502
78.6369 -4.00175 105.649 0.328932 0 -3.9 0.606134 0.789462 0.0967025
109.979 -2.60375 102.757 -0.537239 0 -1.6 0.963297 0.26236 -0.0567991
68.4161 -19.3595 116.014 -0.370895 -0.307178 1.73518 -0.979612 0.193959 0.0523452
115.576 -19.211 115.362 -1.10972 0 -0.8 0.401834 0.839588 0.365543
76.029 -9.89188 78.6004 -0.834112 0 -3.5 -0.468846 0.0825137 -0.879417
86.8526 -35.8219 103.768 -0.0501394 0 -3.5 -0.358238 -0.870276 0.338061
79.8154 -25.1071 118.566 -0.350845 0 -1.6 0.567795 -0.527367 0.632055
63.9924 -21.51 94.561 -0.248743 0 -3.5 0.21743 -0.534535 -0.816698
86.5605 -2.2085 82.793 -0.122285 0 -0.8 0.203945 -0.139956 -0.968926
67.386 9.1725 108.232 -0.167094 0 4.5 0.940151 0.289925 -0.179053
56.5794 -5.94487 85.2386 0.647698 0.456403 -0.865964 -0.54777 0.0504715 -0.835105
100.365 -17.2027 124.553 -0.952646 -0.58876 -3.69312 0.302495 -0.938621 0.16579
53.5938 3.04813 99.9798 -0.300202 0 -4.5 -0.615885 0.370753 0.695146
70.811 12.0793 77.4815 0.0658545 0 -0.8 0.143761 0.872414 -0.467148
96.0385 -1.82425 139.53 0.186881 0 -4.5 0.0523557 0.0525662 0.997244
77.3266 -19.4405 101.794 -0.295502 0 -4.5 0.130839 -0.497537 -0.857519
61.79 -26.8598 95.1975 -0.12323 0 4.2 -0.437975 0.657311 -0.613286
94.0261 -9.60137 132.388 -0.736367 0 -0.9 0.429727 -0.184736 0.883859
85.464 -14.927 98.632 -1.70526 -0 -3.5 0.573419 -0.129032 -0.809038
83.2095 -0.390625 81.1223 -0.472496 0 0.246933 0.982317 0.0881373 -0.165183
99.2866 -32.928 104.678 -1.27847 0 -3.5 0.997062 0.0763325 -0.00637736
95.043 -1.14975 89.1448 -0.399306 0 4.2 0.581645 0.14368 -0.800653
98.8477 -35.4193 104.403 -1.95712 -0.524873 -3.5 0.571292 -0.817973 -0.067418
84.7205 -0.82325 115.371 0.128585 0 -3.2 -0.166155 0.792616 0.586645
77.797 -15.3265 93.1908 -0.946828 -0.3697 0.147274 0.10953 0.950456 0.290924
103.636 -16.715 124.094 -0.491945 0 -4.5 0.415552 -0.747994 -0.517515
93.3576 -14.6421 127.981 -0.308945 0 1.8 -0.0919834 -0.853877 0.512282
84.9283 -0.467375 82.9389 0.179983 0 3.8 0.308463 0.0646911 -0.949034
67.983 -3.907 108.085 -1.16111 -0 -3.5 0.608954 0.613141 0.503223
95.3915 -27.9155 100.151 -0.834339 0 -3.10489 -0.969818 -0.240724 -0.0388044
76.114 -35.4785 115.688 0.388952 0.282467 -4.5 0.495551 -0.843137 -0.208684
51.9306 -21.3249 106.665 0.510478 0.0235641 -4.5 0.376485 0.741716 0.555083
78.5573 -28.6957 103.561 -0.445889 0 -1.05195 -0.0732373 0.711349 -0.699012
73.5475 -15.078 80.649 -1.98081 -0.746539 -3.5 -0.101792 -0.874344 0.474512
76.1062 11.5051 82.1557 -0.432185 -0.262335 -3.66927 -0.86842 0.363476 -0.337241
64.7 -3.49775 108.605 -0.54213 0 -0.7 0.37434 0.307895 0.874683
54.1087 -15.1032 102.892 0.0228004 0 -0.7 -0.986671 0.147217 0.0693394
104.89 -6.11475 127.638 -0.5843 0 -3.5 0.617851 0.586836 0.523339
63.1188 -21.3964 123.153 -1.9964 -0.550601 -3.5 -0.645537 -0.196054 0.738136
103.686 -6.1465 128.412 -0.596285 0 -3.5 0.515073 0.688768 0.510194
69.8969 1.92925 94.6196 -0.714634 0 2.56182 -0.0419824 0.0722762 0.996501
109.981 -7.62175 102.095 -0.656523 0 -1.6 0.763484 0.0520284 -0.643728
80.8155 -34.8815 97.6805 -0.230567 0 3.8 -0.0843198 0.503386 -0.859938
104.971 -14.4231 130.24 -0.384872 0 -3.5 -0.56572 -0.0769082 0.821003
104.918 -12.1465 130.885 -0.0391125 0 -0.84996 -0.140511 -0.560173 0.816372
100.057 -25.4792 119.362 -1.05565 0 -3.18855 0.981834 0.164231 -0.0950231
64.2385 6.1665 102.942 -0.749454 0 1.8169 0.726362 0.561554 -0.396302
78.0608 -35.4326 103.998 -0.0792605 0 -3.5 0.10312 -0.156045 0.982352
84.8609 -13.9854 127.501 -1.33899 -0.857053 -3.5 -0.981128 -0.193129 -0.00942694
53.3195 -7.599 89.149 0.42282 0 -0.7 -0.150324 0.751453 -0.642434
107.996 -11.744 128.046 -1.77977 -0.42571 -0.82496 0.933745 0.21779 -0.284056
105.078 -2.41587 123.924 -1.19987 0 -0.7 0.89225 -0.393463 0.221534
73.4715 -33.7835 107.956 -0.252217 0 -3.9 0.133444 0.0467195 -0.989955
64.793 -19.9727 115.302 -0.316588 0 -0.8 0.206042 0.963476 0.171057
50.0537 -11.7638 96.5045 0.0936562 0 -0.8 -0.883897 -0.253507 -0.393015
101.812 1.97175 102.61 -0.609279 0 -3.5 -0.56515 0.761193 -0.318106
87.0899 -16.8064 125.423 -0.230526 0 1.8 -0.453549 -0.657001 0.602199
102.946 2.98175 102.411 -0.350389 0 -3.5 -0.617406 0.716716 -0.324235
101.009 4.44 115.466 -0.0929019 0 1.9 0.617505 0.693241 0.371624
92.094 -31.5725 105.628 -1.32947 0 -0.8 -0.410477 -0.60781 0.679762
98.269 -4.53013 94.2142 -0.15094 0.0429876 -1.56863 0.830302 0.501924 0.242221
93.4891 -21.6016 100.575 -1.37098 -0.469217 -1.19601 -0.0669513 0.886751 -0.457374
73.579 -19.4979 92.03 -0.213728 0 -3.5 0.183547 -0.972659 -0.142282
61.1317 -30.3857 106.086 -0.927315 0 1.8 -0.409762 -0.596356 0.690257
82.0921 -12.7221 85.5283 -0.66577 -0.658031 -3.10615 0.598447 -0.481569 0.640275
81.4575 -32.162 115.564 0.0798477 0.551199 -4.5 0.115072 -0.367813 0.922752
82.8278 -34.7603 101.489 -0.469644 -0.593219 3.33276 0.202642 -0.272335 0.940622
66.4155 5.94037 98.5296 -0.595213 0 2.8 -0.0013693 0.73827 0.674504
111.755 -15.5785 122.63 -1.83731 0 -3.5 0.317684 -0.637362 0.702031
70.7982 -11.365 75.059 -0.208365 0 -0.8 0.0813137 -0.894365 -0.439886
68.8347 8.317 77.5695 -0.214466 0 -0.8 -0.801486 0.324832 -0.5021
65.085 -28.5511 120.598 2.20541 0 -2.56162 -0.211373 -0.670019 0.711615
108.743 -17.4586 95.8952 -0.774984 0 4.5 0.117098 0.787325 -0.605316
96.525 5.149 94.739 -0.454536 0 -3.5 0.295927 0.707647 0.64161
101.481 -4.52025 92.7402 -0.892236 -0.425104 -3.5 0.130982 0.989232 -0.0653014
65.207 -25.733 121.28 1.95375 0 -3.9 -0.224168 0.555755 0.800553
89.907 -0.8045 110.565 -1.40826 0 -3.2 0.356593 -0.117959 -0.926783
54.1569 -12.555 103.76 0.204743 0 -1.41648 -0.638132 -0.153208 0.754529
90.9056 -16.3657 126.879 -0.500673 0 -3.5 0.298692 -0.586182 0.753109
57.9972 -24.1876 118.127 -0.692781 -0.296982 -3.5 -0.758445 -0.567301 0.320829
91.851 6.62262 110.927 0.439687 0 -4.5 0.0714943 0.964708 0.253432
90.819 -24.9645 104.063 -0.878044 0 -1.10311 -0.244378 -0.468801 -0.848826
110.724 -25.7986 107.387 -0.170155 0 1.8 0.661782 -0.694525 -0.282276
80.348 -27.0893 102.715 -0.159521 -0.25842 -2.34863 -0.888531 -0.3891 -0.243135
78.7298 -36.6273 98.419 0.0593194 0.324299 -0.324852 -0.904992 0.113256 -0.410076
92.1685 8.64975 85.3591 -0.152015 0 4.5 -0.204452 0.890491 -0.40648
83.7619 0.361375 121.752 0.0503091 0 -3.9 -0.913166 0.382721 -0.140189
62.1465 -20.0915 112.158 0.271279 0.302061 -0.8 -0.988501 0.116205 -0.0967536
66.0346 3.18563 99.3255 -0.588273 0 2.8 0.334144 0.115474 0.935422
109.276 -22.5662 105.039 -0.616423 -0.365109 2.31198 0.407604 -0.410342 -0.815769
89.8851 -27.6694 120.543 0.96745 0.486981 -3.9 -0.420692 -0.847045 0.324859
102.215 -33.57 109.867 0.421642 0 0.818659 -0.101186 -0.195893 -0.975391
71.9805 1.4805 69.1305 0.057155 0 1.8 -0.642679 0.363459 -0.674434
107.645 -23.3646 115.647 -0.24937 0 -3.5 0.979199 0.183822 0.0859006
92.84 -30.2925 103.613 -0.826576 0 -0.8 -0.449521 0.824323 -0.344125
60.9717 -5.062 107.662 -0.381866 -0.833676 -0.7 -0.276491 -0.648877 0.70888
88.2777 -26.8127 121.615 1.21904 0.802202 -3.9 -0.385817 -0.640587 0.663922
101.175 -25.4366 120.893 -1.20155 0 -3.5 0.601525 -0.141495 -0.786223
88.4904 -36.7224 102.785 -0.138104 0 -3.5 -0.2351 -0.971312 -0.0358023
83.7745 -19.5322 102.022 -1.10264 -0.0842722 -3.33902 -0.793544 -0.34318 -0.502509
53.5607 -3.73213 105.464 -2.01995 0 -3.5 -0.229056 0.48005 0.846809
67.9766 9.34275 79.9535 0.233304 -0.478503 -1.04839 -0.833988 0.415453 -0.363128
100.034 -37.0309 110.701 -0.525688 -0.847914 -0.8 -0.616921 -0.786355 -0.0324833
50.212 -12.1838 101.022 0.8855 0.638339 -0.8 -0.125771 -0.399725 0.907966
104 -25.6712 97.4535 -0.416013 0 -3.5 0.485331 -0.774063 -0.406547
72.1656 -20.0415 90.5803 -0.137026 0 3.8 0.0217953 -0.910219 0.413552
100.304 -3.92537 131.505 -0.664893 0 -2.62651 0.399059 0.628037 0.668074
57.2085 -12.964 110.888 0.456745 0 -4.5 0.667392 -0.614573 0.420581
115.163 -17.2995 111.814 -0.35637 0 -1.6 0.912729 -0.110563 -0.39332
102.621 -10.0381 131.163 -0.438913 0 1.8 -0.275667 -0.4872 0.82864
82.5385 10.0445 92.8335 -0.206175 0 1.00171 -0.398545 0.15476 0.903998
107.858 -29.0035 102.488 -0.732483 -0.14124 -3.5 0.57586 -0.010493 -0.817481
66.1219 -30.4561 106.792 -1.23718 -0.363839 4.2 -0.477307 -0.603513 0.63871
81.9979 -23.6811 101.93 -0.219708 0 -1.3 0.148995 0.769316 -0.621252
60.8995 -10.1228 83.8115 0.474529 0 -3.9 -0.8342 -0.531094 -0.148495
77.445 -17.0807 105.581 -1.14748 0 -3.5 0.489045 0.85048 -0.193698
67.6773 6.912 78.5078 -1.35734 0 -1.3 -0.893701 0.305602 -0.328491
51.6596 0.69275 95.795 0.109302 0 0.604595 -0.696564 0.669476 -0.25807
68.53 11.8097 89.3177 0.0757186 0 2.8 -0.271809 0.917077 0.2917
71.3447 -19.4984 92.2822 -0.153122 0 -4.34606 0.303991 -0.952163 0.0312235
84.071 -1.90513 124.856 0.00448141 0 -2.77825 -0.561848 0.562462 0.6066
111.894 -19.7127 115.663 -1.45794 0 -1.6 -0.71489 -0.383997 0.584362
80.2356 -28.172 98.6244 3.93383 0 -3.9 -0.543339 -0.6012 -0.585954
104.506 -4.312 98.0885 -0.349778 0 -2.25218 0.146963 0.635474 -0.758007
82.6497 -14.9965 102.735 -1.29949 -0.381125 -2.70086 -0.928375 0.180244 0.325011
53.3871 4.8815 98.153 -0.0518314 0 -4.5 -0.856823 0.237061 -0.457882
81.7002 -11.2655 88.5039 -2.12389 -0.120655 -0.4 0.3011 -0.944746 0.12959
85.8386 -10.1741 128.003 0.0695751 0 -3.90403 0.0285496 0.0470718 0.998483
81.3357 -36.7052 101.596 -0.196067 -0.0338313 3.8 0.341068 -0.522255 0.781615
89.0608 -3.8955 99.373 -0.60604 0 -0.8 0.49831 -0.463371 0.732785
94.8161 -2.80763 129.31 -1.41894 0 -3.5 -0.0704919 0.87499 0.478982
66.7243 -18.1606 110.96 -0.432842 0 -3.5 0.0763372 -0.131754 0.988339
110.426 -2.28713 117.465 -0.961717 -0.285636 -3.5 0.246183 0.961508 -0.122047
94.2698 -2.25062 132.581 0.0930322 0 -4.5 -0.510651 0.771071 -0.380374
80.2421 -9.5965 122.409 -0.381779 -0.729241 -3.5 -0.354362 -0.0236399 0.934809
80.3576 3.00588 77.1405 0.010643 0 -1.3 0.62905 0.237096 -0.740325
96.9433 -8.39312 94.2606 0.362406 0 -3.39703 0.67455 -0.494039 -0.548551
93.6326 -27.5021 113.174 -0.551817 0 -0.9 -0.318705 -0.402732 0.858041
107.36 -24.4268 102.961 -0.17371 -0.579676 1.04675 0.726748 0.643293 -0.240856
63.402 -22.0166 112.309 0.0257401 0 -0.8 -0.648442 -0.457513 -0.608445
94.9665 5.87975 115.902 -1.11104 -0.422883 -0.8 -0.537358 0.836793 0.104997
80.844 -33.0218 110.893 0.393092 0 -4.5 -0.508697 -0.801415 -0.314581
87.4078 -33.9895 105.654 -0.656885 -0.0557484 -3.5 -0.213592 -0.52212 0.825693
87.6482 -6.5085 127.845 0.807588 0 -3.5 -0.505518 -0.390321 0.769481
83.979 -8.87488 95.6864 -0.757497 0 -2.1142 0.240981 0.0593276 0.968715
113.596 -18.1651 115.767 -1.16763 0 -1.6 0.352471 0.434975 0.82859
59.4069 -35.1585 115.099 -1.61001 -0.172441 -3.5 -0.789937 -0.444983 -0.421887
83.6781 -28.6338 117.119 -1.61567 -0.967889 -3.5 -0.868845 -0.34802 -0.352123
110.079 -2.03713 103.596 -0.468759 0 -2.54176 0.888935 0.00751751 -0.457971
88.7633 -3.18975 111.42 -0.25322 0 0.831335 -0.337971 -0.185663 -0.922662
96.2572 0.2745 124.405 -0.455834 0 2.8 0.257148 0.565834 0.783395
95.1083 -17.8423 126.233 -1.70237 0 -1.65303 -0.0688166 -0.121592 0.990192
73.3374 -10.7305 83.8284 -0.94344 -0.764403 4.2 -0.222231 -0.918725 0.326432
95.734 -2.446 101.88 0.115501 0 1.58519 -0.700928 0.713229 -0.00204605
105.854 2.5235 105.274 -0.343421 0 -3.5 0.509764 0.463415 0.724836
64.8141 11.2153 109.991 0.0770686 0 4.5 -0.250114 0.960871 0.119041
71.4726 -7.3725 73.3885 -0.515953 0 -0.8 0.43705 -0.377692 -0.816294
86.4078 -13.134 81.9275 -0.32995 0 -0.8 0.611103 -0.271735 -0.743447
89.9743 -16.279 102.715 -0.872479 0 -3.5 -0.695216 -0.698438 -0.169879
108.207 -31.5526 104.191 -0.133484 0 -3.5 0.429631 -0.902603 -0.0269298
66.544 -25.9785 121.983 0.202283 0 -3.9 -0.033921 0.325127 0.945062
56.5308 -18.8207 88.5066 0.761249 0 -3.1463 -0.239453 -0.80479 0.543117
82.3831 -30.9853 106.023 0.23525 -0.103696 -1.42155 0.382039 -0.85949 0.339592
87.3799 -29.8305 109.171 -0.901908 0 -3.5 0.294284 -0.884351 0.362382
74.8682 9.76275 82.0205 -0.125936 0 4.02086 -0.411124 0.795205 -0.445676
66.2887 2.29 67.6665 0.486115 0.601967 -4.5 -0.677945 0.667045 -0.308936
63.5195 -32.4675 118.394 0.018734 -0.292812 -0.9 -0.885276 -0.233969 0.401927
111.834 -7.21625 112.782 -0.869684 -0.172263 -3.2 0.832712 0.428421 -0.350778
58.3034 -28.5461 109.439 0.865229 0.351438 -4.5 -0.532327 -0.845829 -0.034662
95.9876 -22.474 125.844 -0.988011 -0.145296 -0.8 0.643532 0.0989664 0.758994
77.9544 -9.73438 105.23 -0.704797 0 -0.4 0.0772664 -0.341786 0.936596
94.5547 -33.1017 105.63 -0.738148 0 -3.5 -0.458286 -0.731953 0.504201
78.279 -10.1196 120.721 -0.119579 0 -3.5 -0.880093 0.393442 0.265783
64.6215 -0.31625 78.7258 0.57281 0 -3.5 -0.949441 -0.183796 0.254522
59.5584 -4.36062 107.645 -0.473775 0 -0.7 0.101293 -0.238428 0.965863
66.4586 6.11112 106.797 -0.230422 0 4.5 0.603535 -0.779779 -0.166402
99.2806 -3.92162 131.967 -0.581994 0 -2.03151 0.297883 0.545377 0.783473
75.3288 -12.2076 111.165 -0.905876 -0.0792401 -2.30138 -0.328138 -0.0410011 -0.94374
87.53 -32.961 101.689 -0.0518676 0 -3.5 0.708733 -0.0379238 -0.704456
73.1471 -7.18538 102.689 -0.684855 0 -2.35943 0.299836 -0.830809 0.468887
70.2722 8.0095 76.0587 0.599977 0.100503 -2.3334 -0.678021 0.351037 -0.645802
97.128 -32.6162 97.309 -1.73088 0 -3.87214 -0.58482 -0.331571 -0.740302
77.5181 -24.0095 120.543 -1.24957 -0.491269 -3.5 0.431527 -0.634523 0.641222
69.0329 -13.4051 83.481 -0.636442 -0.262331 -3.80268 0.826658 -0.560904 -0.0449843
94.4477 -30.4095 107.397 -1.41529 -0.371298 -3.5 -0.413357 -0.773085 0.481119
105.046 -29.0085 105.387 -0.614952 0 -3.5 -0.537102 -0.836472 -0.108798
78.8969 -15.503 91.0381 -0.7048 -0.324619 1.78657 0.421269 0.893387 -0.15618
108.134 -24.5671 99.7906 -0.180285 0 -3.5 0.986795 -0.099502 -0.12781
98.4962 -25.8577 113.916 -1.66036 0 -0.8 0.479462 -0.569295 -0.667847
48.7105 -1.98425 103.336 0.174756 0 -3.5 -0.580698 0.155938 0.799045
61.125 -21.3509 116.912 0.409334 0 -3.5 0.235974 0.944751 0.227514
104.15 -14.8554 121.095 -1.48308 0 -1.20264 0.451872 -0.0668811 0.889572
56.4048 3.1075 107.321 -1.41638 0 -3.5 -0.975534 0.0651174 0.209983
81.7335 -16.9035 106.082 -0.187483 0 -1.6 -0.534061 0.832526 0.147236
84.1331 11.9176 83.9893 0.349198 0.246595 -0.7 0.408543 0.466189 -0.784704
68.4296 -14.4832 85.6306 -1.92788 0 -3.5 0.484952 -0.798845 -0.355904
84.9559 -11.1775 128.041 -0.219008 0 -4.5 0.124581 -0.211377 0.969432
87.3115 -0.414 118.379 -0.377916 0 0.364177 -0.143127 0.967479 -0.208566
75.2466 -14.4005 102.045 -0.374523 0 2.22224 0.442915 0.882073 0.160541
48.8148 -8.334 96.551 0.253061 0 -4.5 -0.723121 -0.529264 -0.443819
103.639 -13.7245 130.059 0.283612 0.478324 -3.98517 0.0531599 -0.263399 0.963221
66.3479 7.47406 88.7948 -0.388018 0 -1.48635 -0.470118 0.515321 0.716543
86.2419 -15.0384 129.683 -2.17365 -0.374197 -3.5 -0.386739 -0.306817 0.869653
64.0804 -24.4434 95.5088 0.251949 0 -3.5 -0.366274 -0.187827 -0.911353
94.4424 -15.6691 98.1738 -0.554454 0 -1.59819 -0.413715 -0.293351 -0.86185
74.6975 -39.315 109.595 2.53605 0.0575299 -3.9 -0.0629688 -0.939832 -0.335783
68.2702 -31.943 99.7708 -0.558167 0 -1.6 -0.520579 -0.765576 -0.378008
77.0953 4.38525 95.481 -0.657016 -0.0372855 3.41147 0.172173 0.781054 0.60026
89.665 -12.7373 131.1 -0.0509484 0.261793 -0.9 -0.843932 -0.279866 0.45766
104.844 -32.0617 108.496 -1.0489 -0.822062 -2.93991 0.244206 -0.157444 -0.956857
114.796 -16.8673 102.283 -1.90988 -0.444337 -3.5 0.347938 -0.822527 0.449877
70.6152 2.90013 95.0339 -0.586729 0 3.8 -0.559247 -0.00967598 0.828945
57.6242 -23.8937 116.116 0.220084 0 -3.5 -0.924051 0.0192407 -0.381786
95.4969 -6.5145 98.7604 -0.222973 0 0.149925 -0.552374 -0.832689 -0.0388717
92.5505 -31.1485 111.616 -0.639029 -0.460277 -3.5 -0.834033 0.232874 -0.500158
57.273 -22.1803 117.714 -0.68785 -0.0950919 -3.5 -0.995926 0.0758042 0.0488348
96.0287 -13.74 129.711 -0.415207 0 -0.9 0.702486 -0.674714 0.226438
99.8532 0.24025 95.9242 -0.775021 -0.0294031 -3.5 -0.0712524 -0.898102 -0.433978
101.985 1.31938 112.059 -0.306784 0 2.2708 0.981885 0.146344 0.120353
99.4782 2.512 94.0843 -0.918937 -0.813538 -3.5 0.362976 0.1797 -0.914306
107.175 -5.72262 98.2994 -0.765949 -0.0294562 -3.5 0.709999 0.385397 -0.589382
79.7253 -30.4522 100.786 -0.318604 -0.0197144 -3.622 -0.35942 -0.0704048 -0.930516
89.5088 -9.402 106.258 -0.350263 0 -0.7 -0.478351 0.564633 -0.672584
97.3761 -29.6805 119.728 -0.015703 0 -3.9 -0.814872 -0.516953 0.262192
97.7214 -30.6948 119.782 0.701347 0 -3.9 -0.923379 -0.112117 0.367153
61.1669 2.74012 106.117 0.166815 0.721992 -0.4 0.139596 -0.312226 0.939696
63.1906 -20.6759 88.0295 -0.515546 -0.034311 2.49444 0.59128 -0.720581 -0.362148
83.5229 -31.3879 99.0411 0.220634 0 -0.36766 -0.48674 0.623721 -0.611601
94.8411 -2.38225 88.5598 -0.370453 0 4.2 0.672986 0.0958528 -0.733418
99.7988 -7.22475 134.169 -0.108458 0 -1.6 -0.050499 0.267038 0.962362
67.7243 -8.15625 75.3946 0.547498 0 -3.5 -0.859681 -0.500103 -0.104146
55.837 -20.352 103.902 0.246561 0 -4.5 -0.843634 0.372359 0.38682
78.7709 -8.50688 110.346 -2.31312 -0.609933 -3.5 0.760842 0.534825 -0.367535
93.343 -14.3325 97.7777 -1.4085 -0.826662 -3.5 -0.3497 0.0655627 -0.934565
64.4124 -30.692 107.529 -0.0882635 0 1.8 0.25299 -0.967262 0.0200119
78.9345 -18.13 105.542 -1.4829 -0.0334032 -3.5 0.416054 0.761006 -0.497763
95.4131 -1.71438 120.418 0.0836959 0 4.2 -0.633564 0.707105 -0.314005
76.6646 -8.65337 77.5496 -1.20943 -0.712103 -1.29455 -0.730839 -0.447576 -0.515315
72.779 -13.0072 81.3187 -1.36435 -0.302061 -3.5 -0.0889363 -0.335403 0.937867
95.6426 -34.5342 100.339 -0.559645 -0.614576 -2.8612 -0.748641 -0.616705 -0.243335
87.7035 -4.17 84.149 -0.201855 -0.0279626 -1.15467 0.840299 0.25077 -0.480637
98.162 -7.252 91.674 -0.0170982 0 -3.5 0.149359 -0.873277 -0.463766
53.9324 -1.029 87.6348 0.399735 0 -3.5 -0.619469 0.47671 -0.623704
85.9765 -7.74375 127.458 0.909115 0 -4.5 0.296858 0.171008 0.939485
102.393 -17.4475 128.405 0.420799 0 -4.5 0.0999853 -0.934815 0.34077
83.5039 9.22538 93.4644 -0.211255 0.344457 -0.460525 -0.266545 0.409399 0.872551
76.9352 -25.4159 103.583 -0.84809 -0.516981 -1.3 -0.739516 0.252771 -0.623877
83.661 -11.061 94.9141 -1.21626 0 -3.5 -0.715945 -0.602017 0.35355
83.6748 -38.3908 99.3948 -0.146894 0 3.8 0.844044 -0.135393 0.518901
74.146 -6.299 73.3822 -0.46695 0 -3.5 0.474569 -0.843127 -0.252825
101.24 -23.0063 94.3166 -1.39495 0 -3.5 -0.428854 -0.203994 -0.88004
93.3238 -27.9339 125.059 -0.292196 -0.480188 -0.8 -0.847214 -0.37423 0.377067
77.2735 -9.1585 97.6184 -0.603307 0 -3.5 0.678065 -0.712295 0.181284
57.2793 -28.3997 105.371 -0.129431 0 -2.84293 -0.693603 -0.637109 0.336165
72.455 0.65825 68.6705 -0.00245735 0 1.8 -0.536182 -0.171465 -0.826504
105.312 -25.0963 116.337 -0.632494 -0.320856 -3.5 0.0493603 -0.998238 -0.0329204
59.4305 6.67925 100.471 -0.29737 -0.101715 1.9 0.403196 0.912742 0.0658405
100.779 -31.5115 108.05 -0.343422 0 2.8 0.134665 -0.745633 -0.652608
80.334 -36.7668 96.2117 -0.237703 0 3.8 0.0206777 0.607749 -0.79386
108.357 -21.6749 100.114 -0.315677 0 4.5 0.487013 -0.872616 0.0368875
61.6844 -22.1465 114.315 0.432506 0 -0.8 -0.671995 -0.0356256 -0.739698
84.7891 -14.0161 128.602 -2.19296 -0.212477 -3.5 -0.96253 0.125425 0.240425
58.6842 -24.3328 108.088 0.243831 -0.0338428 -4.5 -0.578348 0.39618 0.71313
68.1923 3.78725 99.255 -0.312957 0 2.8 0.620669 0.0284386 0.783557
70.1435 -28.5935 123.166 0.623505 0.65996 -3.9 -0.48118 -0.16945 0.860089
100.718 -17.223 125.508 -0.628399 -0.0476588 -4.25607 -0.000256616 -0.999066 0.0432006
56.0821 -27.0858 103.224 -0.641963 -0.647157 -0.4 -0.824701 -0.546572 -0.145353
86.366 10.2049 85.3329 0.597485 0 -4.5 0.334201 0.253353 -0.907812
96.811 -14.3687 94.8661 0.793157 0 -3.5 -0.816913 0.118212 -0.564517
105.742 -0.22475 106.396 -0.632822 0 -3.5 0.13532 0.509531 0.849745
76.114 -27.765 119.076 -0.00782416 0 -1.6 0.316342 -0.472192 0.822777
76.9833 -36.9168 108.504 0.136757 0 -3.9 0.671744 -0.275987 -0.687453
95.3002 3.64875 87.556 0.605678 0 1.8 0.671149 0.247529 -0.698776
79.7545 -9.6025 117.951 -0.064791 0.637846 -1.97039 -0.690416 0.342155 -0.637382
84.328 -17.0554 124.652 -0.214315 0 -0.8 -0.039035 -0.30627 0.951144
97.5882 -7.60225 133.769 -0.137679 0 -1.6 -0.333378 -0.0723264 0.940015
47.3317 -4.129 88.4457 0.0781362 0 -0.7 -0.678265 0.587812 -0.440946
76.4225 3.82838 98.129 -1.59936 -0.284616 -3.5 -0.159642 0.968759 -0.189789
53.2788 -23.487 98.8753 0.184257 0 1.8 -0.93494 0.354792 -0.0032109
90.1689 -33.574 102.553 -0.475204 0 -0.8 -0.325901 0.309798 -0.893204
76.7415 -7.31925 109.031 1.16259 -0.114113 -3.80205 -0.911282 -0.136935 0.388349
86.5505 -11.3492 106.952 -0.63129 0 -0.7 -0.702303 0.50681 -0.499914
61.8177 -17.9492 85.9134 -0.159316 0 -3.09746 -0.278479 -0.369658 -0.886455
102.101 -18.1737 94.3743 -0.381995 0 -0.8 0.549539 0.270799 -0.790364
83.363 -16.4479 107.289 -0.645749 0 -0.768918 -0.503754 0.842762 -0.189693
53.9045 -2.89037 86.3476 -0.215149 0 -3.5 -0.505211 0.430733 -0.747817
89.6827 -23.3202 119.007 0.272115 0 1.8 -0.233344 -0.327779 -0.915484
94.842 -25.2782 93.535 0.417709 0.782932 -0.8 -0.378092 0.387234 -0.84089
93.6961 -9.30713 92.3199 0.801316 0.0764901 -1.50556 -0.213391 -0.966425 -0.143135
87.111 -23.4201 102.068 0.0193735 0.299084 -3.9 -0.0322377 -0.0100579 -0.99943
109.448 -16.9012 120.724 -0.444247 0 -3.5 -0.0268425 -0.990794 -0.132689
74.0685 9.0965 73.014 0.183988 0 -3.5 0.23614 0.598104 -0.765839
63.543 -13.8933 111.914 0.0342432 0 -1.6 -0.373497 -0.00200387 0.927629
65.5845 5.12437 83.513 -0.581816 -0.541781 -0.927403 -0.861796 0.374878 -0.341721
81.7206 -16.4726 123.904 -0.324918 0 -0.8 -0.59093 -0.137004 0.795004
64.1445 -2.0655 80.3207 -0.56528 0 -3.5 -0.687006 0.601235 -0.408092
49.7304 -7.55662 94.0557 0.318559 0 -3.94114 -0.419398 -0.888313 0.187098
67.2275 3.5105 75.7875 3.65742 0 -3.9 -0.594605 -0.411671 -0.690632
71.1769 8.18175 73.428 0.500443 0.12981 -3.5 -0.828019 0.541002 -0.147312
109.249 -5.96625 110.645 -1.19103 -0.0458783 -3.5 0.41401 0.908978 -0.0485237
72.3361 -15.4966 87.791 -0.484653 0 -0.261899 0.12716 0.274115 -0.953253
97.145 -14.9335 126.224 -1.76634 0 -3.5 0.12246 0.0568808 0.990842
94.6855 -29.3643 102.106 -1.43902 0 -3.5 -0.783103 0.62186 -0.00633142
82.6363 6.4855 79.643 -0.276546 0 -3.5 0.656239 0.460373 0.597836
66.3075 7.90325 92.7105 -1.8731 -0.447219 -3.5 -0.827418 0.559716 -0.0458049
81.1455 -7.394 97.641 -0.863431 0 -1.54995 0.338682 -0.825264 0.451923
62.006 -20.7887 89.467 -0.639945 -0.0366689 -3.5 0.814766 -0.306168 0.49236
111.473 -20.9123 100.717 -0.427823 0 4.5 0.604553 -0.667282 0.435028
106.572 -14.376 132.124 -1.81315 -0.068567 -3.5 -0.50808 0.045578 0.860103
73.5794 -29.932 105.093 -0.749201 -0.0573998 2.83825 0.129212 -0.833632 0.536994
107.37 -34.8624 111.175 -0.498031 0 -3.5 0.999454 -0.00805411 0.032055
83.5299 -21.4421 102.719 -1.17718 0 -1.6 -0.64546 -0.0941964 -0.757963
97.4303 -24.2951 126.42 -0.216099 0 -0.8 0.165191 0.507585 0.845618
99.383 -31.0173 105.686 -0.270788 0 1.85051 0.900461 -0.418842 0.117221
61.3428 -22.019 119.342 0.229847 0 -3.5 -0.722835 0.479245 0.497829
82.3921 -10.0739 90.4194 -0.504058 -0.0479641 -0.4 -0.113803 -0.855844 0.504558
98.4902 -10.4622 96.1529 -0.228243 0 -1.21699 -0.0685203 -0.109159 -0.99166
105.92 -34.5757 109.412 -1.04312 -0.245248 -3.5 0.570334 -0.0866686 -0.816828
59.9207 -7.032 83.3935 0.735217 0 -3.9 -0.782495 -0.111115 -0.612662
55.0425 10.3965 104.869 0.208376 0.00454955 -4.5 0.758517 0.179374 0.62648
65.1298 -23.6068 94.9869 0.172402 0 -3.5 -0.336319 -0.0873631 -0.937687
51.6936 -8.7155 100.047 -0.299016 0 -0.79281 -0.613599 0.0546611 0.787724
75.803 -20.052 89.831 -0.115867 0 3.8 0.391524 -0.867267 0.307502
101.991 -28.4718 104.958 -0.545173 -0.160616 2.11829 0.568337 -0.518478 -0.638884
55.7345 11.4677 102.224 0.635255 0.032831 -4.5 0.85652 0.512668 0.059541
60.5275 -15.1263 84.449 -0.927603 0 -0.4 -0.324926 -0.420632 -0.847049
95.0938 -18.0636 100.161 -1.11735 -0.272622 1.19842 -0.359312 -0.716687 -0.597708
87.424 -2.449 128.232 -0.470547 0 -3.5 -0.238102 0.881597 0.407547
79.9269 -20.039 103.224 -1.89364 -0.524182 -3.5 0.582674 0.283265 -0.761743
76.6468 -11.5476 91.5189 -0.57522 0 -3.00736 0.749365 0.0224871 0.661775
95.1123 -3.12212 130.46 -0.556268 0 -4.5 -0.127952 0.985621 -0.110364
112.792 -9.39 113.679 -0.704494 0 -3.2 0.983547 -0.0127717 0.1802
102.677 -24.8746 114.754 -0.94708 -0.835516 -0.8 0.3382 -0.505449 -0.793815
67.3519 -12.9543 110.897 0.639507 0.464206 -0.754325 -0.0392413 -0.197901 0.979436
83.656 10.8193 79.3278 -1.76609 -0.298237 -3.5 0.99736 0.0612928 0.0389395
94.634 -22.984 97.0693 0.0524964 0.40268 -3.5 -0.15973 0.366635 -0.916551
110.929 -5.696 103.758 -2.00894 -0.470168 -1.6 0.976415 0.16492 0.139335
65.9846 4.04775 78.0013 0.533542 0.176295 -3.68719 -0.123851 0.988583 0.0858143
68.953 -19.7711 109.503 0.189255 0 2.37473 0.494577 0.560401 0.664338
59.2705 -28.8967 106.148 0.222211 0 -4.5 -0.460642 -0.861165 0.214951
79.3545 -9.566 104.816 -1.09866 0 -0.738348 0.376986 -0.470259 0.797958
73.4074 0.988187 68.1106 0.0844244 0 1.8 -0.518435 -0.110515 -0.847945
64.063 -11.0095 110.84 0.191917 0 -1.6 -0.142077 0.476147 0.867813
87.706 -31.345 98.2454 -1.43717 -0.335114 -1.6 0.763969 -0.332657 -0.552893
78.9519 4.35413 74.8686 0.00798581 0 -3.5 0.773986 0.604319 -0.189061
86.1363 -13.4184 85.9013 -0.67183 0 -0.597575 -0.354611 -0.933805 0.0475397
80.1395 -7.029 80.9573 -0.319365 0 -3.5 0.234569 -0.3085 -0.921849
95.2513 -31.7925 109.988 0.127663 0.854572 -3.5 -0.121365 -0.695461 -0.708241
64.7097 3.74425 100.656 -1.15733 0 1.9 0.911247 -0.173609 0.373481
109.263 -7.33725 120.494 -0.637134 0 4.5 0.435058 0.375808 0.818225
112.714 -18.3915 105.332 -1.18066 -0.363572 -0.386658 0.888359 -0.187088 -0.419304
95.1275 -27.6135 113.462 -1.01002 -0.0292316 -0.860898 -0.108069 0.0493886 0.992916
86.9977 -0.5525 124.535 0.50475 0 -3.9 0.220927 0.232115 0.947267
58.7626 7.06862 91.687 0.0674086 0 3.8 -0.503651 0.379717 -0.775984
85.433 -18.1362 100.347 -0.660095 0 -3.5 0.548306 -0.622421 -0.558527
66.4405 -14.2935 110.917 0.372015 0 -1.6 0.177973 -0.0214424 0.983802
106.026 3.11119 104.458 -0.303441 0 -3.5 0.676437 0.566536 0.470606
78.4649 -11.2449 121.844 -0.467764 -0.160272 0.190953 -0.343323 0.613454 0.711199
74.3201 -36.1271 112.72 0.252007 0 -3.72818 0.786959 -0.498047 0.364203
88.9175 -29.965 103.578 -0.720229 -0.0869424 -2.5844 0.962829 -0.218584 -0.158689
82.8378 -11.7013 85.8161 -0.591986 0 -1.33056 -0.039863 -0.754345 0.655267
104.701 -0.240625 107.977 -0.425624 0 2.8 0.749744 0.631472 0.197805
94.9218 -2.3695 131.802 -0.233523 0 -4.5 -0.204166 0.865283 -0.457822
94.0499 -33.1987 100.227 -0.376126 -0.940725 -0.8 -0.166836 -0.300852 -0.938964
109.17 1.31512 102.816 -2.18414 0 -3.5 0.942259 0.137981 -0.305139
66.2495 5.412 81.9941 -0.688973 -0.0585273 -2.37408 -0.936766 0.273954 -0.217756
83.3424 -2.18475 116.501 -0.338056 0 -3.41071 -0.553845 0.83254 0.0115377
84.271 -11.0189 100.508 0.058262 0.353571 -0.8 0.395579 0.221543 -0.891311
103.764 -21.079 118.22 -0.180109 0 -4.20131 0.861418 0.362142 0.356108
98.798 -18.4807 123.329 -1.20333 0 -3.5 0.800641 -0.379565 0.463578
83.6755 1.07525 81.5443 -0.198223 0 -0.8 0.969976 0.0654677 -0.234222
59.2396 -2.09687 107.846 -0.476708 0 -0.7 -0.211487 0.466986 0.858602
90.6155 -4.766 108.688 -1.24858 -0.156619 4.2 -0.438156 0.707922 -0.553954
59.968 -24.077 112.278 0.329971 0 -4.5 -0.473022 0.880929 0.0146309
83.0184 -1.75525 123.12 -0.10492 0 -3.9 -0.929486 0.348193 0.121727
87.3575 -5.446 114.294 -1.34778 -0.0567983 4.2 -0.725031 -0.404415 -0.557475
103.842 -3.66563 126.022 -0.594497 0 -0.7 0.514652 0.126955 0.847948
62.1558 -8.40938 80.263 0.652786 0 -2.56821 -0.646204 -0.081818 -0.758766
100.229 -34.9997 114.499 -0.433119 0 -0.8 0.207746 -0.589949 0.780258
65.348 4.119 99.906 -0.450583 0 1.96821 0.769574 -0.109662 0.62907
96.535 0.92275 113.533 1.24431 0 1.9 -0.283783 -0.132256 0.949724
72.5774 -14.1895 110.758 -0.590007 0 -1.06856 0.0741866 0.452451 -0.888698
77.0635 -10.7835 96.2565 -0.539866 0 -3.5 0.838673 -0.317207 0.442727
83.6815 -14.2605 82.4307 -0.328583 -0.196266 -0.8 -0.634482 -0.763594 -0.11982
89.1536 -15.1979 99.9398 -1.19576 -0.860599 -3.3588 -0.678572 -0.649672 -0.342733
95.636 -25.8162 113.583 -0.768251 0 -0.84511 -0.109202 -0.113969 0.987464
99.1095 -32.2228 106.512 -0.481989 0 -3.5 0.945286 -0.286403 0.156228
96.3375 -28.7596 124.844 -0.037852 0 -0.8 0.126094 -0.991782 0.0216291
106.875 -23.3888 118.802 0.00246719 0.0627626 -4.5 0.757763 0.561039 -0.333212
74.2962 -21.5981 88.2182 -0.245147 0 3.8 0.293155 -0.901822 -0.317453
79.7615 -22.2579 96.2825 -0.365144 0 3.8 -0.0551426 -0.990742 0.124055
60.2111 -6.2345 82.5953 0.953314 0.0366095 -2.87563 -0.694198 -0.306183 -0.651414
70.7182 -26.809 122.205 0.233856 0 -3.9 -0.0171355 0.647285 0.762055
92.1198 -15.109 127.019 -0.533709 0 0.627046 0.0901173 -0.633207 0.768718
81.107 -7.9185 117.264 -0.189681 0.264802 -0.8 -0.936395 0.198517 -0.289405
74.065 6.281 92.8444 -0.418917 0 4.36319 -0.26915 0.858455 0.436592
106.541 -4.427 122.261 -0.341925 0 1.8 0.740289 0.323531 0.589321
83.7738 6.09675 79.1705 -0.462559 0 -3.5 0.723952 0.29307 0.624503
79.7944 -11.972 114.059 -0.720133 0 -3.5 -0.148679 0.591829 0.792233
109.794 0.1815 103.947 -0.699628 0 -3.5 0.622263 0.374961 -0.687163
60.1664 -22.3393 119.067 -0.192021 0 -3.5 0.0174621 0.682299 0.730865
82.2497 12.2481 83.9766 -0.910917 0 -3.03482 0.249145 0.0864737 -0.964598
99.4717 -31.8845 107.456 -0.382842 0 0.0673444 0.540077 -0.810673 -0.226111
87.5521 10.5525 95.2144 0.491806 0 -4.5 0.0883489 0.747721 0.658109
75.0727 -12.4733 81.2807 -1.18782 -0.202286 -0.40834 0.542225 -0.62646 0.559946
68.5555 3.368 96.543 -0.866538 0 2.8 0.969183 -0.190205 0.156546
75.6625 -28.6605 119.098 -0.0480127 0 -4.28305 0.492159 0.222436 0.841607
71.3236 -34.0337 122.033 -0.974876 -0.334244 -3.62084 -0.516242 0.111764 0.849119
96.735 6.27425 91.1616 -1.17412 0 -0.4 0.899293 0.376418 -0.22267
66.8224 -31.2068 99.8705 0.0798952 0 -1.6 -0.386758 -0.922094 0.0127085
64.3682 -24.658 111.071 -0.617788 -0.868379 -2.18667 -0.743598 0.652314 -0.146794
57.6049 -15.026 85.1568 0.349656 0 -3.9 0.276888 -0.292737 -0.915226
77.113 12.1632 79.3242 -0.425002 -0.572169 -3.5 -0.738449 0.544588 -0.397639
92.4045 0.831 107.071 -1.83729 0 -3.5 -0.735856 0.248035 -0.630075
83.89 13.9565 90.46 -0.44971 -0.275658 -0.4 0.437194 0.893508 -0.102489
109.408 -20.8263 101.757 -0.329996 0 4.5 0.178442 -0.923288 0.340144
111.021 -10.7111 109.059 -2.05517 0 -3.2 0.390645 -0.058678 -0.918669
64.7312 -0.945 80.1784 -0.0290007 0.376012 -3.5 -0.9676 0.124496 -0.219661
100.428 7.40112 108.76 -1.36735 0 -3.5 0.398621 0.863848 0.308005
103.85 -1.94525 118.056 -0.458529 -0.180254 -2.24787 0.371024 0.846342 -0.382161
49.2391 -8.17887 92.9289 0.152084 0 -0.539923 -0.466578 -0.774561 0.427037
82.6449 -5.36788 99.5253 -0.523955 0 -1.3 0.749764 -0.653164 0.105974
109.875 -5.9095 112.264 -0.847535 0 -0.7 0.469206 0.68327 -0.559454
95.4733 -1.741 132.951 0.123791 0 -4.5 -0.022347 0.848314 -0.529022
85.45 -13.6751 107.441 -1.41248 -0.465464 -2.93819 -0.929691 0.333117 -0.157188
82.6462 -2.02725 118.647 -0.238685 0 -3.5 -0.570756 0.817857 0.0731214
66.2975 -27.0775 92.7613 0.618053 0.59818 -0.8 -0.25789 -0.631465 -0.731262
81.8002 -10.441 114.592 -0.55627 0 -0.8 -0.93454 0.0365686 0.353973
99.2795 -12.5805 94.9526 0.0464723 0 -2.09279 -0.383971 0.786099 -0.484371
63.6642 -30.7372 109.51 -0.185179 0 1.8 -0.5087 -0.790277 0.341595
99.7059 0.79175 102.939 -0.321959 0 -3.9 0.101594 0.971287 -0.215131
99.4209 -23.8178 95.5366 -0.102031 0 -2.77696 0.0493865 -0.421317 -0.905568
76.3695 0.146 69.4074 0.0594783 0 -0.157147 0.354796 0.268022 -0.895703
83.1464 -2.50362 102.102 -0.69619 0 -1.3 0.599563 -0.107444 0.793083
73.2505 -10.603 85.094 -1.29388 0 1.88155 -0.0678971 -0.995432 -0.0671198
105.434 -24.811 122.103 0.094119 0 -4.5 -0.115362 -0.833453 0.540415
97.7555 -28.4375 112.014 -0.797126 -0.0471475 -0.8 0.720033 0.0176946 0.693714
110.275 0.9145 104.86 -1.02545 -0.0101098 -3.5 0.673448 0.617836 -0.40589
71.7086 -18.6672 103.552 -0.411307 0 -4.5 0.593932 -0.493267 -0.635556
77.9091 -3.66875 106.436 0.270712 0 -3.9 0.137741 0.979991 0.143684
47.829 -8.08638 90.8891 -0.196268 0 -0.7 -0.525304 -0.771845 -0.358206
76.0998 -12.5376 95.3832 -0.389031 0 -3.5 0.827861 -0.555974 0.0744269
70.7992 8.15275 90.9707 -0.213485 0 2.8 0.664693 0.467082 0.58311
71.6831 9.37912 89.2569 0.249841 0.376646 -2.1577 0.561142 0.299572 0.771606
73.7585 -14.5052 96.9853 -0.541456 0 -3.5 0.889236 -0.0729239 0.451598
101.196 -31.401 121.328 1.52185 0.181932 -3.9 0.776574 -0.52053 0.354939
80.3129 12.7276 92.5771 -0.87311 0 -1.95854 0.215578 0.359896 0.907745
114.026 -21.2197 116.836 -1.27456 0 -0.8 -0.185397 0.148705 0.971347
79.779 -38.8085 99.388 -0.0969089 0 3.8 -0.352486 -0.784758 0.509813
80.5105 2.184 76.4139 0.102324 0 -1.3 0.535089 0.59996 -0.59475
82.6605 -27.986 114.547 -0.768944 -0.00926928 -0.4 -0.068228 -0.463689 0.883367
97.3074 -17.5364 94.4056 -0.17212 0.280564 -3.5 -0.923526 -0.195378 -0.330041
56.001 -11.379 108.429 0.396178 0 -4.5 -0.901275 0.00569761 -0.433211
52.3895 -8.915 100.871 -0.0109303 0 -1.6 -0.86956 0.0444171 0.491826
63.853 -6.15088 108.907 -0.585797 -0.723574 -1.23598 -0.0675855 -0.12188 0.990241
72.1406 -10.328 76.3441 -0.520438 0 -3.29461 0.924223 0.00410245 -0.381831
95.4759 -13.6617 95.6393 2.7688 0.359664 -3.9 -0.598548 -0.443331 -0.667232
82.037 -17.8985 99.0857 -0.518754 0 -3.5 -0.343422 -0.931134 0.122679
90.2626 7.0405 83.9936 -0.107924 0 4.11867 0.205002 0.694403 -0.689767
120.131 -13.5771 99.3232 -2.00466 -0.507655 -3.5 0.984738 0.156767 0.0756048
101.463 -11.1135 92.6146 -1.73487 -0.606294 -3.5 -0.478953 -0.248065 -0.842062
98.5468 -29.185 122.894 -0.311512 0 -3.5 -0.903717 -0.427069 0.030136
88.0345 11.0995 85.571 0.256903 0 -4.5 0.0942981 0.544069 -0.833725
64.8832 -29.4434 120.021 0.452816 0 -0.9 -0.389466 -0.419638 0.819891
89.005 9.04575 85.3045 1.27509 0 -4.5 0.246216 0.191226 -0.950163
87.849 -23.366 121.26 0.000106291 0.234005 -0.536788 -0.662477 -0.212391 0.718341
98.497 -33.339 110.92 -0.0790841 0.00949475 -0.8 -0.759148 -0.403863 -0.510479
81.458 -34.15 98.01 -0.428689 -0.0711032 1.85107 -0.209039 0.161798 -0.964429
88.3111 -4.81063 99.0898 -0.639881 0 -0.8 0.17376 -0.756508 0.630478
102.907 1.2295 110.277 -0.431615 0 2.8 0.898364 0.415322 0.143003
111.471 -1.13363 104.738 -0.553493 0 -3.5 0.865536 -0.301897 -0.399633
107.706 -5.28544 107.168 -1.52891 0 -3.5 -0.330477 0.774136 0.539907
106.557 -22.6459 95.4026 -0.493271 0 4.5 0.607769 -0.793765 0.0235352
56.2438 7.92525 94.675 -0.107843 0 3.8 -0.801967 0.588337 0.103486
61.1059 -24.0341 89.9684 -0.210701 0 -3.5 0.399051 -0.909631 0.115452
107.181 -7.7135 95.5813 -1.95262 -0.631235 -3.5 0.756607 -0.225409 -0.613788
106.301 -29.9928 102.863 -0.71521 -0.0104137 -3.5 -0.631635 -0.549938 -0.546449
73.0415 -15.825 118.942 0.23941 0.603483 -2.44005 -0.347003 0.49643 0.795705
72.296 9.1905 81.4229 0.609428 0 3.15654 0.00541763 0.993415 0.114444
50.4432 -24.5278 104.91 -0.0387783 0 -4.5 -0.911806 -0.251288 -0.324751
96.1667 -21.365 125.774 -0.845602 -0.0627174 -0.8 0.610173 -0.218764 0.761467
108.294 -18.9657 91.751 -0.401895 0 4.5 0.42845 0.751026 -0.502384
109.118 -8.62737 122.082 -0.657099 0 4.5 0.760533 0.250705 0.598946
52.3602 -12.7533 90.492 0.470434 -0.137591 -0.7 0.13441 -0.822809 -0.552195
106.205 -2.30837 107.045 -0.829417 0 -1.7075 0.547787 -0.404915 0.732102
106.471 -29.1497 101.974 -1.59765 -0.78006 -3.5 -0.0638052 -0.513962 -0.855437
49.3047 -2.92825 88.9258 0.382239 0 -0.7 -0.23639 0.557545 -0.795778
52.5205 -25.4554 106.933 0.352345 0 -4.5 0.455556 -0.429023 0.780005
47.5537 -3.59525 96.2763 -0.0738508 0 1.8 -0.937681 0.347482 0.00327586
51.1527 -12.4572 90.1591 0.156726 -0.495295 -0.7 -0.448512 -0.612272 -0.651122
76.8702 -14.9777 103.669 -0.444871 0 -4.5 0.622078 0.659028 0.422729
66.3002 8.70325 88.3825 0.154877 0.0544605 -1.3 -0.471951 0.500312 0.725914
65.4979 -15.1552 79.6234 1.29282 0 -3.9 -0.042006 -0.705239 0.707724
55.6164 -1.71187 86.2377 0.422087 0 -1.98428 -0.558051 0.0990834 -0.82387
67.5618 6.85712 76.4446 2.38917 0.336903 -3.9 -0.51353 0.857774 -0.0226032
106.525 -24.9147 97.1523 -1.06845 -0.175969 -3.5 0.710811 -0.443333 -0.546079
71.8311 -24.6954 100.129 -0.794522 0 -0.7 0.47356 -0.855385 -0.2099
105.878 -21.444 116.863 -0.145222 0 -3.5 0.695848 0.27078 0.665187
74.9152 -19.8709 90.2947 -0.0515822 0 3.8 0.191247 -0.738404 0.646671
107.038 -24.5343 114.756 0.00621487 0 -3.5 0.710423 -0.610342 -0.350402
67.2673 -38.964 116.45 -0.367822 -0.210039 -2.07588 -0.392218 -0.864698 -0.313787
75.5486 8.91663 74.2643 0.125032 0 -3.08396 0.671371 0.243476 -0.699985
56.2475 -10.3096 104.944 0.0804562 0 -1.6 -0.798628 0.275637 0.534993
60.0565 -23.599 108.155 0.199765 0 -3.83538 -0.445692 0.378425 0.811266
54.3153 -13.6445 104.384 0.0915909 0 -0.7 -0.738612 0.354702 0.57327
101.377 -7.313 90.615 0.08032 0.00273173 -3.5 0.0141551 -0.0352455 -0.999278
96.3885 -2.899 138.943 0.188269 0 -4.5 0.274434 -0.707254 0.651519
62.2772 4.05662 106.92 -0.166075 0 2.35452 -0.256572 -0.673097 0.693621
110.225 -20.1537 97.8313 -0.415417 0 4.5 0.476481 -0.721424 -0.502507
52.42 9.672 104.811 0.187106 0 -4.5 -0.880796 0.097554 0.463338
92.087 -27.6938 112.293 -0.113638 0.154396 -0.9 -0.461847 -0.620912 0.633376
87.7725 -23.6205 115.945 -0.71765 0 -2.58923 0.747368 -0.194562 0.635285
91.4401 -0.111 102.355 -0.237661 0 -1.6 -0.0698061 -0.414876 0.907196
99.298 -17.8214 124.295 -2.00893 0 -3.5 0.565587 -0.799198 0.203455
96.8065 -26.7659 117.02 -0.16461 0.312835 -0.8 -0.820318 0.0415853 -0.570394
92.7814 -26.0965 99.8971 -0.35186 0 -3.5 -0.606511 -0.753418 0.253979
61.6043 -24.6835 120.941 -1.31175 -0.155377 -3.5 -0.35285 -0.166353 0.920773
64.7702 -2.88663 77.6506 -0.61116 0 -0.8 -0.994371 0.105952 -0.00114725
64.5459 10.71 107.86 0.115153 0 4.5 -0.236149 0.769829 -0.592956
64.7598 2.51137 100.261 -0.774626 0 3.27164 0.808108 0.115073 0.577685
69.337 -8.7155 108.718 -0.416019 0 -0.7 0.879614 0.472523 -0.0547841
107.821 -23.6462 100.241 -0.218407 0 -3.5 0.94663 0.321486 -0.0231926
56.4046 -7.07062 84.6209 -0.148931 -0.29224 -1.3 -0.465788 0.593306 -0.656529
93.838 -10.671 132.314 -0.69432 0 -0.9 0.453336 -0.159829 0.876893
93.7194 -27.7721 104.305 -0.793746 0 4.2 -0.350252 -0.464599 -0.813309
63.2152 -22.3277 108.987 0.0783428 0.0043667 0.713318 -0.42228 -0.280248 0.862056
91.191 -7.925 96.9235 -0.517865 0 -0.8 0.129002 -0.608427 0.783055
79.6605 -5.0565 106.573 0.312139 0 -3.9 0.898443 0.426673 0.103686
52.954 -13.1532 93.8522 0.20759 0 4.2 -0.519765 -0.745932 -0.416448
85.3542 -10.8876 102.131 -0.0972306 0 -1.6 0.102812 0.920696 0.376494
55.8666 3.30912 102.902 -0.292906 0 -3.5 -0.950545 0.293629 0.101221
102.374 0.752 114.848 -1.01318 0 1.9 0.988808 0.0611165 -0.136099
64.0274 -16.1165 111.003 -0.547058 0 -3.5 -0.127716 0.0331406 0.991257
86.839 -7.8975 114.935 -0.528476 0.221321 -0.9 -0.441985 0.416926 -0.794243
55.4609 -3.00012 105.671 -0.779243 0 -0.7 -0.395083 0.452094 0.7997
86.9235 -32.683 100.685 -0.100482 0 -0.115856 0.971821 -0.180077 -0.152108
62.4031 -19.8708 90.1335 -0.131348 0 0.257157 0.573854 -0.809015 0.127222
102.891 -13.806 94.912 -0.389835 0 -2.20328 0.652722 -0.482448 -0.584122
100.06 0.146 119.733 0.263197 0 0.342902 -0.123933 0.918993 0.374289
71.6048 -5.93475 71.6315 -0.388151 0 -3.5 -0.0265207 -0.833047 -0.552566
101.492 -29.479 105.59 -0.504131 0 3.39986 0.494579 -0.696724 -0.519585
70.548 -25.6975 121.667 -0.717552 -0.0520723 -3.9 0.0643975 0.327532 0.942643
80.0181 13.4329 91.8011 -0.471205 -0.533994 -2.53708 -0.167705 0.837495 0.520074
47.2519 -9.111 100.446 0.0854342 0 1.8 -0.455024 -0.889547 0.0407305
75.7326 7.25475 74.6976 -0.184746 0 2.44506 0.675071 0.111626 -0.729259
95.868 -18.774 100.584 -1.15415 0 2.20013 -0.547853 -0.603484 -0.579365
56.2415 7.89488 100.317 0.138102 0 -3.55019 0.715534 0.697128 0.0449914
86.8109 9.7005 96.2274 0.865264 0.190249 -4.5 -0.316274 0.706359 0.633268
107.019 -1.93737 111.648 1.22905 0.751729 -3.9 0.779814 0.581895 -0.230842
93.3635 6.60638 110.975 -0.249666 0 -4.5 0.152733 0.977823 0.143301
77.5665 -20.7132 121.581 -0.398121 0 4.2 -0.150989 -0.166868 0.97435
78.1175 13.474 80.9595 -0.925824 0 -3.5 0.208001 0.977494 0.035227
83.8066 -12.011 127.776 0.416842 0 -4.5 -0.27611 -0.684008 0.675201
61.5311 -13.8433 109.806 0.326797 0 -1.6 -0.63294 -0.120786 0.76472
107.469 -12.062 130.491 -1.25555 -0.574647 -1.41761 0.75614 0.481513 0.443167
52.2912 -2.83238 88.4593 0.355791 0 -3.5 -0.726315 -0.10663 -0.679041
87.9118 -7.55925 84.2832 -0.306867 0 3.8 0.793545 -0.168625 -0.584682
76.1127 -16.2819 108.906 0.216309 0 -0.654399 -0.244637 0.921402 -0.301944
69.9221 11.4804 88.933 0.0208697 0 2.8 0.370989 0.908923 0.190329
86.7572 1.10575 111.752 0.0759537 0.684289 -4.16576 -0.789886 0.600291 -0.125426
77.4433 -14.0315 85.4889 -0.420107 0 -3.5 -0.32235 -0.800422 -0.505386
54.7775 -13.5787 111.83 0.514583 0 -4.5 -0.535161 -0.718914 0.443582
86.7871 -10.736 111.947 -0.583141 -0.83265 -0.7 -0.147014 0.893271 0.424799
88.3509 8.89013 98.3114 -1.79886 0 -3.5 -0.430325 0.665105 0.610292
87.2371 -1.88262 110.937 -0.445438 0 -3.2 0.104763 -0.462964 -0.880164
57.6686 -1.15287 105.456 -0.851862 -0.922904 -0.7 -0.841892 0.444378 0.306178
64.422 -23.2945 112.278 -0.252922 -0.109924 -0.143667 -0.774643 -0.0820813 -0.627049
107.17 -22.078 91.359 -0.377597 0 4.5 -0.20913 -0.764687 -0.609523
75.6365 -3.51 102.33 -0.390717 0 -3.9 0.00615225 0.991794 0.127699
89.613 -18.6445 104.183 -1.14705 0 0.794932 -0.51835 0.468897 -0.715156
98.5129 -35.3121 111.01 -0.365849 0 -0.8 -0.888753 -0.301228 -0.345514
67.8506 -12.3969 77.1054 0.828165 0 -3.9 0.298577 -0.339781 -0.891852
71.012 -14.3597 116.097 -0.161064 0 -1.03625 -0.356222 0.770583 0.528495
87.702 -2.312 83.3175 -0.496677 0 -0.8 0.474647 -0.63871 -0.605607
76.4655 -34.4155 118.555 0.862066 0.802729 -4.5 0.839811 -0.534327 0.0959807
101.418 -26.7449 115.037 -0.99821 0 -0.8 0.550427 -0.58196 -0.598625
106.955 -8.85925 99.6413 -0.541029 0 -2.97742 0.956915 -0.0810571 -0.278826
111.353 -17.557 102.555 -0.282205 0 -0.559302 0.933779 -0.357683 0.0109363
63.1509 -5.596 76.0884 -2.08712 -0.590202 -3.5 -0.928805 -0.111668 -0.353342
94.2279 -30.5155 114.805 -0.356242 -0.083834 -3.5 -0.356389 0.472771 0.8059
98.867 -9.0695 95.1127 -1.54779 -0.547887 -0.8 -0.456105 -0.495038 -0.739531
84.95 -24.1735 119.989 0.119769 0 -3.5 0.0847653 -0.266249 0.96017
69.9055 -11.7791 105.954 -1.29111 -0.0857288 -0.592165 0.986438 0.147643 0.0717105
102.099 2.01025 100.254 -2.44461 0 -3.5 0.351352 0.935775 0.0296281
103.589 -17.1262 128.287 -0.20723 0 -4.5 0.34789 -0.871758 0.344978
100.632 -31.3205 112.424 0.0790265 0 -0.8 0.36885 0.734069 0.570169
101.829 -29.3221 120.849 -0.307679 0 -3.5 0.891599 -0.0412748 -0.450941
83.691 -4.9975 115.518 -1.93452 -0.465279 -3.5 0.496577 -0.382671 -0.779085
83.2005 -19.0417 123.537 -0.770143 -0.318068 -0.8 -0.136205 -0.52378 0.840894
90.692 6.809 109.998 -0.0017795 0 -4.5 -0.286423 0.907468 -0.307348
80.7507 -9.29275 91.2366 -0.380976 0 -0.536959 0.0627137 -0.893933 0.443792
56.4154 -12.1243 106.242 0.102638 0 -4.5 -0.973886 -0.173974 0.145875
88.686 -17.782 104.341 -1.19457 0 -3.5 0.194698 0.0114879 -0.980796
74.2138 -40.3489 120.516 -2.60486 -0.856012 -3.5 0.0540502 -0.991493 0.118403
89.3917 -16.45 103.743 -1.08293 0 -3.5 -0.144251 -0.729835 -0.66823
93.2256 -7.43913 100.809 -0.365084 0 4.2 -0.69628 -0.274033 -0.663401
81.6537 -17.7542 124.113 0.285267 0.900765 -0.8 -0.366343 -0.219153 0.904303
72.604 -1.495 69.721 -1.15311 -0.149666 1.8 -0.544536 -0.153301 -0.824608
88.7374 -2.81463 86.2988 0.0714764 0.600557 0.786752 0.832068 -0.227101 -0.506052
81.8884 -13.7119 98.4736 -0.311659 0.0255873 -3.5 -0.512238 0.258959 -0.818873
101.862 -18.2199 122.871 -0.682098 0 -4.5 0.674793 -0.351382 0.648988
77.1706 -4.2795 107.526 0.777285 0 -3.9 -0.355193 0.792781 0.495315
46.6521 -5.29738 89.0061 0.0192796 0 -0.7 -0.951502 0.0649163 -0.300716
94.697 -5.4455 135.239 -0.0498547 0 -4.5 -0.162515 -0.717953 0.676854
66.7093 -16.5015 111.502 -1.5053 -0.236478 -0.8 -0.142109 0.00653636 0.989829
86.6322 -9.5705 96.0182 -2.2661 -0.580954 -3.5 0.0571972 0.569425 0.820051
102.018 -7.32575 133.418 -0.278527 0 -1.6 0.7924 0.137715 0.594254
63.4614 -0.93475 73.2425 0.0466549 0 -0.4 -0.77088 0.313644 -0.55441
50.9871 -3.8585 104.02 -1.19074 -0.278748 -3.5 -0.488898 -0.138678 0.861248
92.3828 8.47587 98.0468 -0.0693533 0.0981069 -3.5 0.693302 0.590657 0.412864
109.167 1.56125 103.95 -1.5279 0 -3.5 0.756115 0.593324 -0.276148
95.1949 -2.32312 103.96 -0.200317 0 -1.9848 -0.821057 0.516604 -0.24287
88.841 -16.1585 128.953 -1.48755 0 -3.5 0.328875 -0.836254 0.438771
60.6849 4.195 86.5126 -0.136389 -0.0318383 0.960401 -0.12383 0.564385 -0.816172
75.1725 -14.1905 80.1705 -2.15705 -0.0646913 -3.5 0.885499 -0.449502 0.117642
96.5604 -31.9099 107.793 -0.636514 0 -2.03494 -0.302635 -0.832802 0.463522
84.359 7.1545 95.7784 -0.37279 0 -0.851978 -0.612732 0.389569 0.687601
54.41 -13.6925 91.2045 0.359316 0 -3.2 -0.850187 -0.407412 -0.333464
71.1335 8.63062 74.7474 0.625512 0.633576 -3.5 -0.783613 0.487872 -0.384619
57.8005 7.034 97.5372 -0.390009 -0.565587 1.9 0.242468 0.966182 0.0877607
69.3087 -33.8973 120.529 -0.290156 -0.274485 -3.02699 -0.43318 0.00952949 0.901257
115.403 -21.4515 117.019 -1.65737 -0.515057 -0.8 -0.11883 0.00995747 0.992865
78.132 -11.4055 113.932 -0.63412 0 -3.5 -0.193175 0.551978 0.811174
75.71 -12.766 94.1461 -0.263395 0.0362594 -3.5 0.915711 -0.389088 -0.100421
103.232 -6.09925 95.9266 -0.133998 -0.256847 -2.56454 0.522991 0.833619 -0.17765
72.3146 -3.58812 102.886 -0.798383 0 -0.8 0.0301997 0.423278 0.905496
86.0269 -28.4403 97.8981 -0.161714 0 -1.6 -0.214493 0.407234 -0.88778
87.0695 -8.81 83.094 -0.872036 -0.106355 -3.06429 0.878567 -0.22789 -0.419746
105.98 -19.0177 115.816 0.318887 0 -3.5 0.852974 -0.0122686 0.521809
85.461 -13.3005 85.026 -0.480117 0 -0.8 -0.349237 -0.796839 0.493033
80.3729 -16.056 93.8801 -1.34646 -0.608882 3.8 0.720166 0.67242 0.170917
57.0563 -7.60275 106.755 -0.130795 0 -2.80923 -0.820558 -0.206619 0.53291
80.3603 -28.5072 114.789 -0.574026 -0.0692447 1.16256 0.426651 -0.0972255 0.899175
111.631 -6.76613 106.629 -3.03654 -0.00277417 -3.5 0.906027 0.307793 -0.290478
79.0563 -27.7512 116.802 -0.325708 0 -1.6 0.667629 -0.463242 0.582819
90.9201 -20.1338 101.918 -0.886289 0 3.8 0.187244 0.435626 -0.880437
95.1028 -0.5515 137.585 -0.329168 0 -4.5 -0.569137 0.802766 0.177904
66.6015 6.86125 89.6793 -0.305882 0 -3.5 -0.611749 0.758866 0.22335
75.6745 -14.1026 87.3566 -0.554761 0 -3.5 -0.59941 -0.101148 -0.794026
94.537 -13.113 131.274 -0.706833 0 -0.9 0.381072 -0.485687 0.786697
98.5902 1.85213 103.394 1.23177 0 -3.9 0.693705 0.601349 -0.396424
76.9469 -19.6171 87.3428 -0.334081 0 3.8 0.828421 -0.528231 -0.186252
77.6915 -16.696 102.234 -0.427143 0.0569268 -4.5 0.885149 0.415037 -0.210368
85.8011 -12.521 107.182 -1.00181 0 -2.22688 -0.885665 0.397619 -0.239782
81.3518 -4.7995 114.567 -1.67603 -0.65122 -3.5 -0.736091 -0.132827 -0.663722
50.704 -13.078 96.6015 -0.498965 -0.780303 3.75207 -0.877387 -0.331794 -0.346561
79.555 -32.4759 103.567 -0.403157 0 -3.5 0.198946 -0.753732 0.626345
107.901 -24.5326 101.228 -0.148287 0 -3.5 0.89556 0.386463 0.220495
104.72 -9.11687 93.2001 -0.459277 0 -3.5 0.931149 -0.329536 -0.156105
80.71 13.5345 83.9898 -0.286082 0 -3.5 -0.134802 0.272742 -0.952597
85.3745 -5.562 79.3425 0.0802861 0 -3.5 0.408182 -0.395489 -0.822785
106.688 -20.6747 91.1383 -0.361191 0 4.5 -0.496966 -0.0671734 -0.865166
59.2067 -12.9949 84.8355 -0.636313 0 -3.9 0.0879112 -0.0883035 -0.992207
102.229 -5.13125 96.7585 -0.0118223 0 -0.8 0.490399 0.718513 -0.493202
93.5912 7.11013 90.1731 -0.303553 0 -1.9888 0.377398 0.710574 -0.593848
60.686 -30.7868 114.622 -0.0800828 0 -3.5 -0.901596 0.324646 -0.285883
78.059 -13.4288 84.0977 -0.323592 0 -3.5 -0.210665 -0.7828 -0.585529
76.6224 2.54675 69.6289 -0.319297 -0.489445 -0.906605 0.750117 0.346419 -0.563311
66.334 -14.1757 82.874 1.22742 0 -3.84185 -0.225672 -0.939735 -0.256846
79.7241 -6.111 120.201 -0.369283 0 -0.9 -0.740003 0.601354 -0.301279
59.5955 -20.6925 86.8637 -1.37247 -0.504448 -3.5 -0.221875 0.0683866 -0.972674
82.4064 -19.3176 103.625 -0.412692 0 -1.6 -0.458119 -0.382752 -0.802264
100.752 -4.66587 132.574 0.0316053 0 -1.6 0.399642 0.68861 0.605064
91.8672 -8.46975 93.0967 0.0972484 -0.155531 -3.17758 0.0096045 -0.999402 -0.0332213
66.1823 -20.5058 115.953 -0.57077 -0.701459 3.37724 0.199585 0.971758 0.125902
73.8593 -20.0989 93.56 -0.396109 0 -3.5 0.0526052 -0.975186 -0.215048
61.739 6.2015 93.041 -0.041043 0 3.8 0.936295 0.351111 0.00852233
88.1728 -14.1385 87.6206 -1.31029 0 -1.04682 0.219464 -0.820247 -0.528233
66.0434 -14.8099 83.6076 0.160065 0 -3.5 0.046914 -0.706236 -0.70642
70.6653 -25.5618 99.3372 -0.478552 0.0924435 -0.7 0.895348 -0.435426 0.0935761
90.3365 -16.8507 103.573 -0.907474 0.967057 -3.5 -0.694455 -0.36455 -0.620351
65.9877 -29.1112 120.694 0.408219 0 -2.39993 -0.425147 -0.377847 0.822485
86.4408 -29.913 110.675 -2.17862 0 -3.5 0.256569 -0.928276 0.269215
85.1077 -3.79513 110.606 0.499766 0.168298 -3.2 0.411405 -0.713895 -0.566657
72.1516 -39.8695 116.035 -0.273134 0 -3.5 0.479575 -0.700705 -0.528224
101.959 -36.7472 109.401 -0.354556 0.00487705 -0.8 0.0358471 -0.68727 -0.725517
89.9991 -9.7675 133.356 -0.190584 0 -0.9 -0.462662 0.0921367 0.881734
83.395 -10.382 123.25 0.554875 0 -4.5 -0.832905 -0.0111988 0.553303
117.535 -12.617 97.7935 -1.25648 0 -3.5 0.135206 0.471616 -0.871377
79.7699 -11.7928 82.7862 -0.255684 -0.108527 -3.5 0.326769 -0.844259 -0.424792
72.8641 -24.5054 101.851 -0.688311 0 -0.7 0.671729 -0.725179 -0.151312
95.5786 6.78438 94.2564 -0.433723 0 -0.4 0.254966 0.619479 0.742454
78.1715 -13.545 89.5273 -0.921536 -0.625766 -3.5 0.830981 -0.231318 0.505927
101.525 -16.7839 129.408 0.0893641 0 -4.5 -0.180737 -0.624108 0.760146
112.102 -3.658 117.923 -0.937984 -0.0553453 -3.5 0.879743 0.391546 0.26971
76.112 3.63138 96.924 -0.774884 -0.372902 -0.678135 -0.0645065 0.966655 0.247825
49.9222 -9.32325 92.8514 0.101776 0 -0.7 -0.921684 -0.273538 0.275093
79.1775 -9.79925 91.0485 -0.551447 0 -0.4 0.153114 -0.647211 0.746776
94.6657 6.2835 89.4342 -0.763866 -0.566169 0.149809 0.15258 0.755721 -0.636872
69.873 -15.884 112.667 0.152518 -0.0270211 -1.15283 -0.907232 -0.0918002 0.41049
85.79 8.57075 96.423 0.218643 0.440886 -4.5 -0.590933 0.586625 0.553777
51.8579 -6.53575 101.39 -0.221005 0 -3.5 -0.678116 -0.636698 0.367117
50.8903 -6.66575 100.577 0.185656 0 0.979933 -0.0737047 -0.560838 0.824639
108.143 -15.694 128.787 -1.23081 0 -3.5 0.900347 -0.409225 -0.148018
108.753 -2.71112 99.3039 -0.248708 0 -1.6 0.390017 0.556767 -0.733415
51.9603 -15.6015 96.2264 -0.21102 -0.62516 1.70137 -0.926315 -0.218447 -0.306956
107.72 -9.3705 127.404 -0.814023 -0.0134067 -1.0184 0.865013 0.454505 0.212548
113.659 -10.7852 119.384 -0.484493 0 -0.8 0.958837 -0.283954 0.00141373
100.283 -28.5711 101.623 -0.114682 0 -2.6318 0.87234 0.196104 0.447846
61.4566 8.66938 109.325 5.20989 0 4.5 -0.931669 0.361217 0.0389225
77.3495 -22.1111 103.535 -1.3992 -0.0334572 -3.07786 -0.637657 -0.488692 -0.595461
79.296 -26.3768 99.878 0.836325 0.206102 -3.9 -0.960947 0.263754 -0.0837537
90.7655 -12.6545 88.2978 -0.236348 0 -1.6 0.674841 -0.195878 -0.711493
80.0531 -5.48488 75.5393 -0.367843 0 -0.7 0.843607 -0.156075 -0.513777
111.227 -8.02725 105.932 -2.77164 -0.882329 -3.5 0.922298 -0.216658 -0.32004
67.6872 -5.6805 109.594 -0.341683 0 -3.5 0.716102 0.244247 0.653867
96.2711 -35.1081 106.75 -1.74779 -0.324711 -3.5 -0.680353 -0.385246 0.623462
112.006 -12.3775 108.057 -1.5824 0 2.8 -0.215944 0.912094 -0.348501
54.8404 -25.231 105.642 0.304168 0.321702 -4.5 -0.274718 -0.450248 0.849592
90.4635 -13.647 99.512 -1.71868 0 -3.5 -0.153209 0.839833 -0.520776
73.0235 -31.213 123.646 -0.365122 0 -4.36965 -0.130428 -0.316903 0.939447
107.731 -9.74625 100.423 -0.302866 0 -1.6 0.526306 0.245717 -0.814018
72.4143 -38.0532 111.381 0.542774 0.320028 -3.71923 -0.0776489 -0.958049 -0.275887
88.0928 -3.752 99.9175 -0.528767 0 -0.8 0.0813692 -0.38399 0.919745
110.064 -12.2303 122.941 -2.25432 -0.0243296 -3.5 -0.207684 0.569825 0.795089
109.843 -6.6 120.096 -0.517478 0.906211 -3.5 0.247867 0.126564 0.960491
84.0589 14.0774 88.8138 -0.973352 -0.96925 -0.4 0.561766 0.754665 0.338967
99.7756 -23.6505 126.323 -1.44708 -0.893574 -0.8 -0.316107 0.890601 0.326966
71.2197 -34.2757 103.513 -0.629601 0 -3.5 0.614315 -0.784502 0.0846944
104.395 -28.0173 112.042 -1.06285 -0.755451 2.60367 -0.138452 0.555507 0.819904
93.5474 6.36725 89.1312 -0.192416 -0.103818 1.49085 0.430735 0.794051 -0.428894
116.204 -19.2202 114.355 -0.945923 0 -0.8 0.529672 0.84791 0.022283
92.275 -24.51 100.383 -0.387233 0 -3.5 -0.940932 -0.064801 0.332336
52.0425 -23.905 107.143 0.231817 0 -4.5 0.468388 0.0118419 0.883444
79.07 -36.4545 103.268 -0.120273 0.00896746 -3.5 0.378861 -0.432191 0.818337
54.382 3.5425 101.348 -0.385221 0.0535486 -4.5 -0.744582 0.229642 0.626787
115.615 -15.8225 102.375 -1.30313 -0.0466344 -3.5 0.813344 -0.490291 0.313188
66.88 -32.7155 109.935 0.341253 0.737927 3.8 -0.737148 -0.66237 -0.133707
98.262 2.1985 102.099 1.60008 0.262989 -3.9 0.784764 0.57289 -0.23652
62.973 -23.682 95.5065 0.253541 0 -3.5 -0.0154975 -0.556294 -0.830841
100.698 -8.7335 92.5423 -0.0412179 0 -3.5 -0.817623 -0.375743 -0.436244
90.9481 -27.1505 111.424 -0.63398 0.265861 -0.9 -0.414148 -0.841264 0.347499
87.5545 -25.6495 117.666 -0.100606 0.260124 -2.16576 0.993643 0.112014 -0.0112089
76.8037 -30.5755 100.83 -1.20524 -0.0301399 -3.5 0.326922 0.537639 -0.777217
80.1331 -11.3518 81.3996 -0.641379 -0.396815 -3.5 0.610051 -0.782335 0.125661
64.0384 -29.926 99.8545 -0.333132 0 2.4393 -0.444854 -0.866368 -0.226961
95.5331 -24.7773 94.1768 0.479231 0.0464747 -0.8 -0.0398333 0.803764 -0.593613
69.4255 -11.6278 82.9577 0.557369 0 0.288791 0.724241 -0.525491 0.446468
49.769 -9.5855 89.803 0.696477 0.52642 -0.7 -0.766156 -0.552506 -0.328243
61.1204 -2.13375 109.66 -0.196143 0 -0.7 -0.26188 0.401548 0.877598
67.672 -34.8565 103.565 -0.380729 0 -3.5 -0.162501 -0.982401 -0.0920916
79.0082 -14.3212 123.187 -0.284579 0 4.5 -0.16051 0.138103 0.977325
110.51 -24.5206 109.31 -0.153852 0 1.8 0.524814 -0.246601 0.814714
100.715 -23.7563 95.2272 -0.0779962 0 -3.5 -0.463089 -0.340078 -0.818471
53.937 -8.183 103.602 -0.303989 -0.0806726 -2.88033 -0.354847 -0.491609 0.795238
109.625 -26.626 108.258 0.0683411 0 1.8 0.69948 -0.695227 0.165493
81.4818 -19.8953 123.033 -0.138382 0 4.2 -0.148341 -0.154436 0.976803
107.031 -24.6055 111.677 0.810663 0 2.5 0.857169 -0.184873 0.480712
94.359 -34.318 103.997 -0.450759 0 -0.8 0.186985 -0.902655 0.387621
106.8 -29.759 108.394 0.339092 0.150289 1.8 0.376151 -0.752688 -0.540343
84.925 -14.926 125.958 -0.354052 -0.27596 -2.28412 -0.75632 -0.411393 0.508661
71.257 -38.4045 118.915 -0.0427673 0 -3.5 -0.183193 -0.629621 0.754995
102.503 1.01 116.979 -0.976367 0 1.9 0.909504 0.237767 0.340982
95.218 -14.2303 97.1048 1.69874 0.0294216 -3.9 -0.596735 -0.605574 -0.526486
73.7048 -16.833 101.741 -0.505123 0 2.13832 0.13057 -0.908837 -0.396191
83.6718 -1.432 81.3625 -0.111436 0 -0.406604 0.771411 0.597285 -0.219491
105.812 -26.5719 98.9204 -0.368665 -0.0222439 -3.5 0.173181 -0.699638 -0.693192
53.835 -14.21 94.0979 0.30369 0 4.2 -0.570742 -0.390096 -0.72255
95.1865 -3.3625 138.229 0.405555 0.180614 -4.5 -0.00825975 -0.879602 0.475639
63.3908 -17.5919 77.7359 2.45714 0.153654 -3.9 -0.426364 -0.902884 0.0549024
84.2745 -22.7165 102.482 -0.474759 -0.19473 -2.49604 -0.343955 0.147589 -0.927315
95.734 -23.97 96.1107 0.263082 -0.699724 -1.38646 -0.467436 0.612848 -0.63712
55.5575 -7.00838 105.727 -0.950781 -0.143517 -2.53638 -0.338686 -0.648482 0.681735
84.862 -0.825 125.175 0.00583723 0 -3.9 -0.408714 0.433428 0.803177
93.3055 4.63363 97.3694 -0.801677 0 -3.5 0.293599 0.954455 -0.0530644
64.1904 -32.6405 103.605 -0.261597 0 1.8 -0.0416772 -0.996874 0.067122
101.896 3.5795 116.171 -0.180679 0 1.9 0.742112 0.517067 0.42651
98.6479 -17.9654 92.2199 0.0700899 0 -3.5 -0.360164 -0.640616 -0.678154
108.167 -12.8585 131.613 -1.70282 -0.177238 -3.5 0.671849 0.573318 0.468963
116.935 -15.3844 110.348 -0.567787 0 2.8 0.641879 -0.764955 -0.0532545
76.4936 -32.74 103.861 0.181234 0.0731371 -3.5 -0.325243 -0.53971 0.776486
82.5905 -37.5482 96.5703 -0.224964 0 3.8 0.504556 0.315957 -0.803489
102.92 -28.4772 100.435 -0.473904 0 -3.9 0.526146 0.00369264 0.850386
102.358 -31.2166 107.873 -0.246331 0 2.8 -0.0573611 -0.642403 -0.764217
65.896 11.5224 111.258 -0.102501 0 4.5 0.198252 0.904986 0.376427
110.92 -16.0415 97.223 -0.799904 0 -1.19767 0.623606 -0.0532594 -0.779922
103.804 -19.5602 118.29 -0.339276 -0.0833253 -3.5 0.816494 0.039563 0.575997
67.7345 -27.9093 122.311 -0.0146289 0 -3.9 -0.3101 -0.161807 0.936833
77.5379 -19.6505 96.0224 -0.277602 0 3.8 -0.720722 -0.42574 0.547088
73.114 -8.8 78.111 -0.848001 0 -1.3 0.717348 -0.486433 -0.498792
104.508 -14.422 96.011 -0.549871 0 -0.7 0.35826 -0.2669 -0.894659
88.0652 -9.22175 93.6383 -0.324615 0 -3.5 0.826978 -0.432655 0.359049
108.422 -21.9718 92.2845 -0.384954 0 4.5 0.534457 -0.827111 -0.173903
89.7469 -12.9353 100.191 -0.740015 0 -1.6 0.270198 0.685249 -0.676334
99.1755 -5.02875 93.5257 -0.150971 0.467243 -3.5 0.375066 0.836012 0.400511
104.565 -15.8348 96.6496 -0.833911 0 2.96419 -0.312742 -0.253007 -0.915522
80.774 -17.689 105.821 -0.354774 0 -1.6 -0.472831 0.857067 -0.204614
72.371 -11.6193 76.2774 -0.352225 0 -3.5 0.504556 -0.0444011 -0.862236
106.296 3.34981 101.749 -0.368281 0 -3.5 0.505159 0.722529 -0.471981
83.2215 -10.7686 93.4295 -0.817032 0 -3.5 -0.716657 -0.692379 -0.0837521
74.6462 3.2745 97.5355 -0.650492 0 -3.5 -0.277049 0.913765 0.297115
82.3299 -10.7379 81.9053 -1.48232 -0.789987 -3.5 0.198792 -0.549268 -0.811657
47.9635 -0.6865 96.402 0.00524966 0 1.8 -0.819149 0.558042 0.132603
61.27 -24.0711 112.216 0.184951 0 -4.5 0.153766 0.965764 -0.208939
96.8155 -11.0317 130.65 -0.0362168 0 -0.9 0.385291 -0.450126 0.805567
49.7057 0.606375 96.8643 -0.141724 -0.513268 0.486756 -0.428276 0.823428 -0.372216
67.318 8.00663 106.566 -0.198099 0 4.5 0.814232 0.231323 -0.532462
76.0105 -12.142 118.95 -0.622452 0 4.5 0.148264 0.872516 -0.465546
94.3057 -10.7436 95.9604 0.541299 0.359578 -3.9 -0.894855 -0.405532 -0.186487
70.6738 -10.8195 108.412 -0.628101 0 -0.7 0.944006 0.218437 -0.24726
89.4133 -14.8591 129.577 -1.85005 -0.60934 -3.5 0.593585 -0.591096 0.546134
114.669 -18.5702 115.392 -0.63778 0 -1.17122 0.542202 0.643621 0.540156
57.5261 -17.7774 107.056 1.14549 0 -0.7 -0.410924 0.0453392 0.910542
66.3771 1.5625 69.6454 0.524953 0 -4.5 -0.766851 0.245464 0.593032
107.602 -31.5203 102.859 0.237612 0.825015 -3.5 -0.0278796 -0.781659 -0.623083
65.1357 2.34588 105.222 -0.248494 0 -0.4 0.909338 -0.0567526 0.412168
63.1211 -27.0753 111.989 -0.915552 0 -3.5 -0.502563 -0.798686 -0.330956
89.6936 12.2565 88.278 0.124678 0.183956 -4.5 0.615724 0.728688 0.29983
97.316 5.80625 117.036 -0.188374 0 -0.8 0.382556 0.619479 0.685491
50.4625 3.10875 99.295 0.579796 0.449212 -0.7 -0.18327 0.913718 0.362674
81.3171 -11.418 82.642 -1.02661 0 -3.5 0.0802958 -0.787629 -0.610895
72.3875 -20.0565 98.086 -1.29376 -0.0641289 -0.787708 0.982585 -0.15446 -0.103294
65.1373 7.061 88.5671 -0.248415 0 -1.18006 -0.32621 0.606671 0.724939
97.9423 -32.8245 107.257 -0.586406 0 -3.5 0.290556 -0.578831 0.761926
96.2416 -6.16988 133.647 -0.174685 0 -3.05344 0.0337488 -0.592611 0.804782
79.0099 6.67588 91.9945 -0.650268 0 4.5 -0.0320618 0.397902 0.916868
84.3855 -5.169 78.982 -0.457068 0 -3.5 0.360241 -0.121573 -0.924903
79.861 -26.2342 117.472 -0.943452 -0.132905 -1.6 0.480259 -0.578552 0.659264
97.0594 0.836625 89.8944 -0.444957 0 -0.106012 0.639847 -0.299219 -0.707859
80.7432 -16.826 98.0615 -0.538461 0 3.8 -0.722858 0.194812 0.662967
48.5364 -4.16738 102.765 -0.00559687 -0.0964769 -3.5 -0.427237 -0.480822 0.765688
77.9284 4.03937 99.7923 -0.912816 -0.130304 -4.01686 -0.0189998 0.781502 0.623613
65.012 -20.3797 93.4411 0.00835613 0.304313 -3.04117 -0.18604 -0.74081 -0.645438
54.1759 5.74412 96.8926 -1.11751 -0.219153 -4.5 -0.736425 0.367974 -0.567691
72.8449 -16.9171 109.098 0.626152 0 -3.2 0.379937 0.873107 -0.305503
86.5301 -9.08025 82.0041 -0.866968 -0.0382962 -3.5 0.656872 -0.386746 -0.647261
89.3806 -10.139 87.0594 -0.474445 0 -1.6 0.597002 -0.317408 -0.736778
83.4549 -34.4237 97.6926 0.379191 0 1.8 -0.0534944 -0.0542139 -0.997095
102.191 -4.849 128.67 -0.786178 0 -3.5 0.76872 0.587914 0.251847
106.745 -18.9918 110.673 -0.719809 -0.00242487 4.2 0.51274 -0.569749 0.642249
81.9822 -35.9352 97.5088 -0.190367 0 3.8 0.242125 0.52438 -0.816334
96.9565 -16.082 95.3232 0.0890599 0 -3.5 -0.925421 0.0140636 -0.37868
75.6813 -34.1975 122.331 -0.20912 0 -3.84723 0.819015 -0.296187 0.491414
72.0335 11.2581 88.3876 2.34933 0.208863 -3.9 -0.103891 0.71144 0.695025
74.6745 7.3775 91.465 -0.742422 -0.608608 4.04225 -0.450083 0.807673 0.380908
108.893 -2.24125 106.457 -0.525089 0 -3.5 0.162151 -0.384634 0.908716
72.821 -27.8368 124.854 -0.13667 0 1.8 -0.427238 0.358362 0.830087
88.0993 -9.69038 106.641 -0.400232 0 -0.7 -0.595644 0.678179 -0.430444
67.5527 -6.9575 73.245 0.0411744 -0.125803 -2.90015 -0.508208 -0.596234 -0.621474
95.2424 0.952625 88.419 -0.364432 0 1.96445 0.401323 -0.630468 -0.664417
84.5287 -30.2817 106.001 0.396841 -0.429277 -2.18042 -0.265444 -0.826242 0.496854
85.7852 -21.074 120.886 -0.498275 0 4.2 -0.240041 -0.330034 0.912939
64.008 4.76275 108.575 -1.11843 0 4.5 0.477289 -0.788367 0.388166
85.7595 1.72512 102.857 -0.426355 0 -0.8 -0.281656 -0.216581 0.934753
75.9849 9.76475 79.9215 -0.506243 0 2.45539 -0.669102 0.740606 -0.061688
80.5746 -26.8075 116.541 -2.40275 -0.389727 -1.6 0.310131 -0.733102 0.605294
109.011 -24.587 104.763 -1.1728 -0 1.8 0.756155 -0.109656 -0.64514
58.9945 6.1655 105.478 -0.0437644 0 -0.848623 -0.612376 0.470045 0.635652
76.1896 -11.5864 92.958 -0.444077 0.8533 -3.11828 0.990605 -0.0685088 0.118359
97.4549 4.34987 95.8049 -0.571413 0 -3.5 -0.0557829 0.970429 0.234853
77.8593 -8.7045 105.503 -0.968954 0.00964856 -0.486811 0.339531 -0.492044 0.801631
87.81 -9.3925 109.526 -0.594564 -0.759074 -0.7 -0.489951 0.870012 -0.0550161
72.6035 -1.19175 99.2266 -1.14911 -0.043909 -1.6 -0.459218 0.294623 0.838043
58.9067 7.22788 99.6425 -1.60714 -0.613678 1.9 0.453671 0.890876 0.02288
79.1111 -2.43263 68.8599 0.0442011 -0.236622 -0.8 0.323807 -0.658199 -0.67965
63.3935 -18.6835 85.5745 -1.17713 0 -3.5 -0.188125 -0.807837 -0.558577
96.7197 -12.1823 95.106 2.5972 0.161128 -3.9 -0.126206 0.234866 -0.9638
64.896 6.04725 97.486 -0.644614 0 2.8 -0.173156 0.945036 0.277352
114.846 -14.4797 112.52 -0.547094 0 0.603996 0.239265 0.406466 0.881781
99.1899 -4.72113 132.901 -0.184122 0 -1.6 0.164222 0.632937 0.756586
116.678 -13.9047 107.963 -0.882877 0 2.8 0.574078 -0.500673 -0.647889
109.657 -10.584 107.76 -2.28731 0 1.8 0.972464 0.0581468 -0.225685
85.7389 -1.16937 116.038 0.141448 0 4.2 -0.339177 0.896546 0.284892
101.035 -1.662 130.249 -2.12232 -0.484909 -3.5 0.867437 0.340608 0.362683
80.7915 -5.586 115.369 -1.96375 -0.77395 -3.5 -0.864535 -0.224466 -0.449661
74.6988 -30.4605 123.871 0.415807 0 1.8 0.546393 -0.296627 0.783242
57.2682 -9.11425 83.434 0.627045 -0.0338986 -1.3 0.181914 -0.10659 -0.97752
70.489 -9.741 104.789 -0.932257 -0.0939115 -0.4 0.856127 -0.210932 0.471756
105.837 -11.7694 97.5954 -0.126829 -0.908581 -0.7 0.607671 -0.026093 -0.79376
81.1906 -11.2846 114.021 -0.391274 0 -3.5 -0.528795 0.352113 0.772264
100.864 -31.2055 124.231 -1.5977 -0.0709071 -3.5 -0.096402 -0.931536 0.350638
75.282 -36.092 116.976 0.154412 0.836478 -4.5 0.649881 -0.718536 -0.247711
93.6769 -30.292 119.407 0.119779 0 -3.9 0.241326 -0.96964 -0.0395051
63.784 -33.6165 118.041 -0.296757 0 -2.30566 -0.855876 -0.342566 0.387458
56.897 6.189 91.9323 -0.0804811 0 1.21161 -0.299385 0.722933 -0.622685
79.7301 -34.4094 102.986 -0.740508 -0.586072 1.15635 0.223026 0.0975374 0.969921
54.4295 -10.941 111.671 0.198483 0.0457874 -4.5 -0.96006 0.255732 0.113517
56.554 7.4625 98.6045 -0.283002 -0.0684142 -4.05138 0.194268 0.944465 -0.265038
91.8272 -9.9925 103.675 -0.301952 0 2.5 -0.773961 0.381165 -0.505665
99.6389 -2.15575 127.783 -0.959399 0 -3.5 -0.127732 0.926253 -0.354597
78.7179 -7.57875 79.1357 -0.959452 -0.51549 -2.03009 0.990936 -0.127827 -0.0413138
104.447 -26.821 101.783 -0.582639 -0.00676656 -3.5 -0.678473 -0.657056 0.328559
105.678 -6.292 126.669 -0.775945 0 -3.5 0.452985 0.60331 0.65637
114.901 -15.8349 113.221 -0.268839 0 -1.6 0.806013 0.326652 0.4936
51.0868 -7.78675 99.993 0.122564 0 1.8 -0.349092 -0.323392 0.879518
99.9435 -29.6362 96.39 -0.678185 0 -3.9 0.530173 -0.434231 -0.728258
77.9258 -14.7563 90.109 -0.491142 0 -0.4 0.776459 0.507464 0.373619
69.8866 -34.0405 99.6484 -2.02013 -0.616105 -3.5 -0.00419399 -0.356565 -0.934261
58.9217 6.57788 103.181 0.0503406 0 1.9 -0.48442 0.874631 0.01891
88.0315 -15.0649 130.452 -2.18703 -0.728482 -3.5 -0.0133943 -0.242051 0.970171
62.9895 4.54163 93.4096 -0.0785791 0 0.499866 0.234782 0.894927 -0.379452
77.954 12.9345 79.6995 -0.562625 -0.709307 -3.5 -0.249116 0.888175 -0.386117
57.0685 -27.6085 106.649 0.150704 0 -4.5 -0.918643 -0.336071 0.207731
67.0376 0.174625 71.3599 0.133207 0.132871 -4.5 -0.663385 0.739517 0.114174
103.359 -15.5192 122.155 -0.857392 0.483498 -3.09243 0.940807 -0.0397436 0.336605
79.17 -6.4995 107.836 0.933405 0.0552548 -3.9 0.892091 -0.205185 0.402583
95.1179 -32.623 111.158 0.388134 0.0436638 -3.5 0.209944 -0.541604 -0.813996
95.3883 -22.791 126.681 -1.16539 0.0333334 -0.8 0.600942 -0.0710728 0.796126
48.9058 -11.487 99.4573 0.00259317 -0.796205 -0.8 -0.981858 -0.183292 -0.0485716
78.1864 -0.726875 100.601 -0.590199 -0.362752 -2.11718 -0.81319 -0.116349 0.570249
82.4624 -16.8853 107.677 -0.551362 0 3.84804 -0.215253 0.907143 -0.361606
92.378 -6.90819 132.303 -0.0282666 0 -0.9 -0.264691 0.688502 0.675207
86.1391 -35.9924 98.995 -0.137264 0 1.8 0.50539 -0.716536 -0.480788
102.633 -4.46475 93.8395 -1.65797 -0.0719199 -3.5 0.498003 0.860858 0.10448
100.797 -12.5063 130.518 -0.450405 0 -4.5 -0.328463 -0.254382 0.909617
82.714 -31.8045 109.301 0.415166 0 -4.5 0.519636 -0.668288 -0.532325
87.3256 6.282 97.79 -0.944181 0 -3.9614 -0.635719 0.149941 0.757218
91.8284 -6.75187 129.94 -0.0727503 0 -2.08977 -0.628676 0.630354 0.455434
100.337 -30.2275 105.443 -0.430979 0 4.2 0.510485 -0.855069 -0.0908973
111.323 -12.4935 122.939 -2.05559 -0.72369 -3.5 0.355964 0.531159 0.768869
95.0133 2.6635 115.157 1.1318 0 -0.8 0.0297846 -0.918167 0.395073
106.465 -22.6485 119.65 -0.424639 0 -4.5 0.58236 0.776356 -0.241097
53.6425 10.9397 100.711 0.497766 0 -4.5 -0.538673 0.517877 -0.664556
52.9405 4.10213 94.392 -0.7513 -0.0716028 -3.5 -0.469529 0.626624 0.622001
113.6 -9.146 119.842 -0.664618 0 -0.8 0.900587 0.241864 0.361171
90.3526 -19.338 122.369 -0.191046 0.230042 3.16917 -0.0566342 -0.433078 0.899575
97.8755 2.23575 100.854 -0.401456 0.0451678 -3.70882 0.662875 0.743786 0.0859075
69.9303 6.2355 93.9055 -1.52815 -0.354637 -1.37201 0.17775 0.637886 0.749337
77.3463 -9.25212 109.539 -1.95542 0 -3.5 -0.0766922 -0.337112 -0.938336
87.8282 2.5975 113.208 0.914808 0.762083 -4.5 -0.645513 0.117964 0.754584
112.966 -8.05975 110.017 -1.56038 0 -3.2 0.675715 0.701534 -0.226404
70.7702 -30.58 102.745 -1.04696 -0.554233 -3.5 0.395161 0.874056 -0.282619
104.124 -17.2362 125.476 -0.771531 0 -4.5 0.335258 -0.927852 -0.163381
100.958 -26.9839 119.605 -0.805358 0 -3.5 0.940754 0.32625 -0.0924301
61.7825 -27.043 112.219 -0.658492 0 -4 0.261786 -0.874678 -0.40793
78.19 -2.8975 101.967 -0.391656 0 -1.3 -0.689662 0.667057 0.281784
55.5639 4.71275 89.926 0.0921006 0 -0.997198 -0.883235 0.22949 -0.408938
67.8382 7.896 94.117 -2.20428 -0.686005 -3.5 0.319359 0.61204 0.723475
110.26 -15.384 96.694 -0.549527 0 -1.6 0.200567 0.053917 -0.978195
69.596 0.284375 68.3981 0.142439 0 -4.5 0.756579 0.573925 -0.313366
101.343 -32.789 101.217 0.1367 0 -3.9 0.0115261 -0.424744 0.90524
73.0311 -26.6906 122.52 -0.0831272 0 1.8 0.151742 0.937024 0.314579
107.242 -8.277 96.9074 -2.10358 -0.0650561 -3.5 0.908551 -0.373125 -0.187918
101.213 -27.9604 119.545 -1.85926 0 -3.5 0.931467 0.0428567 -0.361294
77.8493 -8.133 107.203 2.1249 0.0216161 -3.9 0.40853 -0.909884 0.0722149
61.0156 -23.4971 91.3232 -0.0563487 0 -3.5 0.419809 -0.863326 0.28005
111.501 -21.0991 110.878 -0.277157 0 2.8 -0.324075 -0.755063 0.56996
66.9065 6.35725 75.009 2.863 0.138872 -3.9 -0.518314 0.762011 -0.388188
91.7897 -27.9604 110.731 -0.803838 -0.278375 -1.19558 -0.44519 -0.80064 0.400975
76.6125 12.73 80.1982 -1.23776 -0.301767 -3.5 -0.778165 0.409982 -0.475788
72.4587 -17.3705 120.292 -0.951053 -0.00949533 -2.12163 -0.173232 0.73708 0.653226
76.5586 -19.346 90.7008 0.127901 0.317375 1.70089 0.0486433 -0.898776 0.4357
89.0279 -14.1202 99.5324 -1.02624 -0.0925734 -2.68077 -0.426574 0.273177 -0.862211
49.7627 1.57725 97.4743 -0.607885 -0.920657 -0.7 -0.526405 0.448633 -0.722237
75.5328 -11.3336 121.169 -0.301367 0 4.5 -0.424542 0.85926 0.285372
84.489 9.8355 93.591 0.177076 0 -4.5 -0.367773 0.231769 0.90057
110.209 -12.313 113.462 -0.98416 0 -3.07113 0.941285 -0.294342 0.165366
77.3405 12.229 78.1115 0.496496 0.413972 -3.5 -0.531697 0.800187 -0.277487
91.4775 -35.034 103.544 -0.279527 0.35459 -2.14592 0.355532 -0.687626 0.633062
102.145 -26.3 124.258 -0.340069 0 -0.8 0.943843 -0.318799 0.0867569
96.1909 -0.553875 102.253 0.341403 0 -2.7081 -0.919291 -0.163567 -0.357979
55.6125 -10.2332 85.4604 0.339866 0 -1.3 -0.721963 -0.308749 -0.619228
106.79 -22.427 112.408 0.0318775 0 2.5 0.91767 0.339641 0.206218
94.7708 2.308 103.803 1.33839 0.0478792 -3.9 -0.872198 0.363524 0.327295
81.8745 -19.7165 95.3623 -0.502694 0 3.8 0.979178 -0.0945972 -0.179615
91.2179 -6.5285 105.801 -0.992325 0 3.92152 -0.830634 0.411453 -0.375171
89.0035 -21.131 121.714 -1.10041 -0.00912202 1.82318 -0.00621544 -0.153718 0.988095
70.2585 -38.981 114.601 -0.091574 0.122064 -3.5 -0.361397 -0.717637 -0.595306
90.818 11.3865 94.69 -2.1037 -0.0431232 -3.5 -0.248385 0.951276 0.182699
70.5229 -29.0446 98.2835 -0.31043 0 -1.6 0.945686 -0.0912711 -0.312005
58.695 -18.5786 107.719 -0.216823 0 0.687591 -0.719181 0.155669 0.67716
64.1021 5.84725 96.5709 -0.498362 0 2.8 -0.327667 0.94467 -0.0152858
56.7794 -9.37325 105.664 0.158292 0 -4.5 -0.975524 0.104137 0.193671
79.9931 -4.83125 118.331 -2.42872 -0.275186 -3.5 -0.900233 0.188957 0.392269
96.6759 3.80562 88.8613 -0.240322 0 1.8 0.769028 0.427223 -0.475475
74.946 -2.65825 69.925 -0.512838 -0.253921 -0.132429 0.00352699 -0.815343 -0.578967
70.3555 -20.2803 88.9609 0.130776 0.0338597 -4.5 0.143042 -0.937092 -0.318431
57.4565 -26.5193 108.314 0.432278 0 -4.5 -0.923525 0.233007 0.304647
76.5295 -31.619 105.11 -0.929354 -0.697979 -3.5 -0.277667 -0.814328 0.509678
79.6705 -10.481 103.76 -0.852677 0 -0.8 0.422337 -0.776958 0.466869
100.912 1.42575 103.535 -0.450632 0.00707642 -3.5 -0.48323 0.734097 -0.477064
110.718 -17.1693 121.306 -0.571945 0 -3.5 0.287858 -0.953354 0.0908467
59.8042 -20.7241 117.566 0.137674 0 -3.5 0.45264 0.793758 0.406282
84.8795 -3.20088 127.885 -0.998383 -0.879333 -3.5 -0.55433 0.709425 0.435241
88.8623 12.9271 88.5995 0.350801 0.559451 -4.5 0.552098 0.765167 0.331219
57.7687 -30.1497 97.08 1.06302 0.656445 -0.8 -0.167217 -0.496123 -0.851998
108.392 2.04 101.832 -1.45406 0 -3.5 0.576357 0.62858 -0.522207
60.2579 -26.2261 96.8219 -1.69932 -0.223879 -0.8 -0.121687 0.133229 -0.983586
57.5725 -26.6877 112.561 -0.128218 0 -4.5 -0.95431 0.29658 0.0365022
67.2224 -20.8526 111.368 0.245893 0.746561 4.5 -0.183634 0.640936 0.745305
95.0113 7.64331 91.5752 -1.22955 -0.731271 -0.4 0.447309 0.893424 -0.0413304
91.9201 2.734 113.428 0.501919 0 -3.76556 -0.138975 0.421226 0.896245
86.2172 0.918 82.273 -0.864251 -0.982636 -0.8 -0.683559 0.0233031 -0.729523
63.804 6.93025 100.599 0.296413 0 1.9 0.0973542 0.993788 0.0539273
113.137 -19.6495 116.284 -1.24911 0 -0.8 -0.334906 0.0960456 0.937344
111.11 -18.9021 113.912 -0.562316 0 -1.6 -0.652569 -0.728587 0.20812
113.378 -19.2202 108.826 -0.181962 0 2.8 0.99064 -0.0648054 -0.120137
75.4437 12.928 84.419 -0.0948244 0 -3.9 -0.245757 0.892092 -0.379177
91.3275 0.16 86.353 -0.937059 0 1.8 0.321596 -0.522851 -0.789432
68.6586 -13.2474 78.0714 1.31375 0 -3.9 0.29779 -0.622987 -0.723331
107.925 -25.0047 119.857 0.176709 0.830922 -4.5 0.799751 -0.554253 -0.230656
94.198 -12.0755 97.6305 0.404246 0 -3.9 -0.960761 0.131557 -0.244193
87.8615 -30.2625 108.215 -0.677288 0 -3.5 0.153093 -0.867323 0.473618
92.2264 5.89962 98.3867 -0.433797 0 -3.5 0.989491 0.120097 0.0805254
53.0355 2.05238 101.13 -0.677944 -0.0969824 -1.35568 -0.412193 0.89978 0.143155
55.0824 -16.283 93.5892 -0.120343 0 -1.96368 -0.823977 -0.17793 -0.537962
77.1566 -12.0627 110.574 -1.36146 0 -3.5 -0.330448 -0.225804 -0.916415
102.567 -4.79012 92.4632 -0.920545 0 -3.5 0.372257 0.842282 -0.389853
53.06 -19.2647 88.5413 1.58058 0.4929 -3.9 -0.644358 -0.246552 0.723889
80.0521 -4.20463 103.462 -0.16083 0 -2.94817 0.622635 0.36888 0.690111
66.7992 1.44325 65.7375 0.793634 0.904788 -4.5 -0.424738 0.683781 -0.59333
81.89 -12.4722 100.724 -0.598585 -0.395046 -1.9915 -0.97735 -0.0324949 0.209117
92.4254 6.716 97.7197 -0.266115 0.635994 -3.5 0.952069 -0.304417 -0.029906
92.5034 7.80888 83.8822 -0.184188 0 4.5 -0.159689 0.605164 -0.779921
90.3562 -32.4432 103.532 -0.859554 0 -0.8 0.00560653 0.994395 0.105578
72.5208 -15.6095 110.082 -0.0513702 0 -0.968868 0.523053 0.451688 -0.722768
88.5602 3.4475 113.648 0.471242 0.0102371 -4.5 -0.305408 0.174844 0.936032
54.822 -16.499 84.7523 0.320842 0 -3.9 -0.172388 0.181823 -0.968103
75.3303 -14.6306 104.387 -0.114537 0.687349 -4.5 0.208044 0.927121 0.311711
90.9224 1.49713 85.2881 -0.38643 0 4.5 0.497438 -0.41032 -0.764325
101.807 4.41375 109.765 -0.883347 -0.706791 1.21013 0.987794 0.0800263 -0.133635
107.535 -7.0945 125.979 -0.958151 -0.0201309 -3.5 0.745598 0.486898 0.454988
81.422 -33.9585 111.518 0.194046 0 -4.5 -0.383763 -0.861451 -0.332608
66.5918 -30.4105 107.727 -0.508759 0 4.2 -0.597787 -0.787489 -0.150038
49.045 -7.98925 100.67 0.75053 0 1.8 0.481001 -0.359613 0.799573
61.4641 -21.5923 118.335 0.189543 0 -3.5 -0.411791 0.899391 0.14671
87.1199 -29.2925 111.194 -2.03033 -0.329489 -3.5 0.521167 -0.628615 0.577259
116.63 -15.4642 111.712 -0.340655 0 2.8 0.594748 -0.562916 0.573935
116.184 -12.5787 106.247 -0.785128 0 -0.514837 0.924264 -0.381046 -0.0232411
85.6523 -3.85175 99.8415 -1.58942 -0.64935 -0.8 0.213519 -0.263485 0.940737
84.2617 -15.1831 98.3558 -1.13071 0 -3.5 0.16024 -0.0372459 -0.986375
72.7504 6.641 92.6289 -0.346745 0 3.8 0.345369 0.877479 0.332792
55.174 5.65025 102.947 -0.373545 0 -4.16282 -0.469774 -0.175448 0.865177
78.3739 -8.445 93.1052 -0.633921 0 2.6468 0.125883 -0.992042 0.00244931
83.776 7.041 78.1745 -0.659177 -0.0177556 -3.5 0.778539 0.416322 0.46963
72.3877 -22.7922 98.7914 -0.584687 0 -0.7 0.750516 -0.306844 -0.585296
96.6042 -27.1203 126.688 -0.292784 0 -0.8 0.116161 -0.439691 0.890605
87.2308 4.153 81.2288 -0.183335 0 3.8 -0.00424903 -0.107349 -0.994212
85.8063 -17.6338 124.621 -0.654855 0 1.8 -0.141864 -0.137964 0.980225
98.5989 -8.70362 134.144 -0.218255 0 -1.6 -0.259304 -0.431577 0.864004
53.8411 4.26188 100.381 0.0349525 0 -4.5 -0.74028 -0.440958 0.507486
93.8311 -11.4618 99.6846 -0.511619 -0.285381 -3.9 -0.709119 0.400145 -0.580547
91.6628 -31.1493 108.409 -0.530067 0 -1.3 0.245578 -0.960419 0.13148
98.1148 -25.6161 126.674 -0.0109555 0 -0.8 0.115933 -0.00315559 0.993252
79.9016 -33.0286 112.086 -0.123622 0 -0.865913 -0.213431 -0.923708 -0.318136
93.2495 -35.0228 100.849 -0.578676 -0.933781 -0.8 0.36606 -0.828372 -0.424028
101.206 2.56037 99.8337 -1.24997 0 -3.5 0.207421 0.838565 0.503771
71.6448 -7.903 105.151 -1.60661 0 -3.5 0.747695 -0.26769 0.607696
94.504 -3.023 116.958 0.0936453 0 4.2 -0.483585 0.870224 0.0941049
56.4378 5.0705 87.7659 0.0533915 0 -0.8 -0.677685 0.372754 -0.633876
75.693 -25.431 104.698 -0.780322 0 -1.3 -0.253741 0.480595 -0.839431
60.39 -5.203 81.423 1.00436 0 -0.4 -0.483568 -0.854435 -0.190006
78.5975 -10.719 104.93 -0.659949 0 -0.4 0.286162 -0.582369 0.760893
72.1442 -13.4487 115.713 -0.221978 0 -1.3 -0.319723 0.391059 0.863047
56.9181 -22.406 107.781 -1.02295 -0.0777265 -4.5 -0.48419 0.0653117 0.872522
101.66 -8.32575 133.514 -0.302936 0 -1.6 0.576241 -0.460593 0.675129
91.755 -7.70775 104.996 -0.429894 0 3.48582 -0.857562 0.128777 -0.498
80.7063 -25.19 99.5113 0.770275 0 -3.9 -0.400847 0.80053 -0.445504
81.984 -16.5519 97.959 -0.604185 0 1.70549 0.460611 0.457563 -0.760575
97.197 -4.583 90.917 0.131756 0 -1.6 0.391186 -0.618494 -0.681498
117.304 -12.3733 101.767 -1.22016 0 -3.5 0.890665 0.10505 0.442358
112.926 -10.8025 120.688 -0.281263 0.0707995 -0.8 0.71659 0.00206871 0.697492
79.1428 -36.208 97.3438 -0.198915 0 3.8 -0.709111 0.477429 -0.518867
69.7237 -21.8975 122.173 -0.254235 0 4.2 -0.451121 0.243352 0.858644
76.4126 -19.2469 86.0038 -0.398054 0 3.8 0.537744 -0.221144 -0.813589
66.1417 -27.2299 122.151 0.322447 0 -3.9 -0.116672 -0.117542 0.98619
95.1069 -9.49275 99.7711 -0.11601 0 -3.9 -0.616495 0.559442 -0.554039
65.9408 2.81725 76.4524 0.183416 0 -3.5 -0.132588 -0.0328209 -0.990628
104.149 -28.393 104.502 -1.30726 -0 -3.5 -0.406811 -0.722545 -0.558958
96.8751 -20.2792 98.7732 -0.276053 0 -0.8 -0.930524 0.00627088 0.366176
74.8213 -5.5465 73.9925 -0.643034 0 -3.5 0.631981 -0.726358 -0.270195
74.5896 -26.9961 123.49 -0.173624 0 1.8 0.610092 0.774547 0.166926
88.6836 -24.5613 119.026 0.617668 0.854969 -3.9 0.187172 0.113756 -0.975718
72.8923 -36.6753 122.715 -0.520595 0 -3.5 -0.331782 -0.562467 0.757331
111.135 -2.64987 118.339 -0.469817 0 -3.5 0.610247 0.751203 0.251581
82.3705 8.06188 76.01 -1.63342 -0.34128 -3.5 -0.0349177 0.405631 -0.91337
106.108 -1.22525 107.106 -0.62365 0 -0.805569 0.470814 0.430609 0.770006
102.488 -25.37 127.014 -0.0778304 0.0720988 -0.8 0.954876 -0.0285147 0.295632
57.9362 -20.3759 116.349 0.447261 0.10326 -3.5 -0.694959 0.682963 -0.22493
54.9692 -6.60475 88.2022 0.381238 0 -1.4801 -0.974536 -0.174446 -0.140887
93.1298 -5.258 118.739 0.126076 0 3.8 -0.300566 0.907661 0.292937
53.8686 7.18188 103.57 0.993971 0.524647 -4.5 0.0602022 -0.713593 0.697969
71.9791 -32.5856 100.45 -2.46683 -0.499963 -3.5 0.596039 -0.383968 -0.7052
103.311 -12.607 124.845 -0.966866 0.832374 -0.9 0.621454 -0.468617 -0.627848
88.8978 -11.3054 102.503 -0.321792 0 -1.6 0.219401 0.961573 -0.165049
65.9262 5.04637 80.4902 -1.9252 -0.215043 -3.5 -0.693583 0.70999 -0.121889
80.8224 -20.4037 98.0669 -0.516045 0 3.8 0.407694 -0.215813 0.887249
109.933 -24.6055 105.681 -0.250107 0 1.8 0.542144 -0.424993 -0.724886
53.9618 -15.9487 103.541 0.269133 0.00869167 -0.7 -0.999888 0.00293957 -0.0146984
98.793 -34.5809 102.133 -0.991568 -0.0812161 -3.5 0.782448 -0.610845 0.121013
58.8978 -22.6235 107.599 -0.274924 -0.037546 -4.0055 -0.381939 -0.0954633 0.919244
101.902 -22.3069 123.022 -0.130226 0 -4.5 0.198266 0.0141146 0.980047
91.3031 -5.56763 88.4981 0.289622 0 3.97394 0.556958 -0.128805 -0.820492
78.8282 1.926 101.123 -1.09123 -0.128989 -4.00258 0.100856 0.279949 0.954702
76.8555 -12.5138 118.321 -0.45422 0 -0.357296 -0.107243 0.992428 -0.0598738
96.8033 -36.017 100.541 -1.88389 -0.399127 -3.5 -0.423311 -0.838607 0.342849
63.3195 -7.43525 109.104 -0.608705 -0.0554031 -2.77356 0.103535 0.167201 0.980472
68.8714 -14.4832 111.03 -0.294158 -0.619586 -0.8 -0.472331 0.131115 0.871615
82.9249 -15.1281 104.22 -0.869319 -0.09205 -1.6 -0.695322 0.503707 0.512648
60.8355 -19.1168 86.2931 0.264366 0 -1.6 0.058185 -0.404289 -0.912779
65.3875 -19.6169 122.97 -1.35541 -0.267893 -3.5 0.267031 0.334299 0.903847
84.4425 -2.69738 109.923 0.344969 0.206514 -3.2 -0.0711174 -0.163094 -0.984044
81.7513 -33.148 114.399 0.204102 0.238787 -4.5 -0.0318295 -0.784147 0.619759
94.2071 -29.3324 124.81 0.60508 0.759333 -0.8 -0.433542 -0.900879 -0.0214092
56.882 -4.87425 84.4753 0.794562 0.645862 -0.4 -0.722602 -0.351431 -0.595266
48.1284 -1.1415 100.046 0.456234 0 -3.05219 -0.704798 0.682542 -0.193379
65.2855 6.11688 92.4707 -0.55816 0 -3.5 -0.745334 0.660264 0.0923491
62.8209 -34.0742 116.985 -0.443671 0 -3.5 -0.410942 -0.238398 0.879939
68.1478 -39.364 117.261 -1.16225 0 -3.5 -0.41309 -0.799331 0.436378
67.7184 -27.2008 92.9485 -0.0942773 0 -0.8 0.184715 -0.514522 -0.837345
75.562 -7.278 105.406 -0.857065 0 -3.9 -0.930209 -0.101658 0.352671
94.7617 -11.171 131.527 -0.663413 0 -0.9 0.425181 -0.132773 0.895317
75.6375 4.30575 99.7401 -1.92317 -0.0856764 -3.5 -0.451141 0.888258 0.0864232
107.307 -9.5875 129.771 -1.17744 -0.183752 1.8 0.724539 0.62182 0.297294
100.614 -1.6135 128.607 -0.805782 -0.605361 -3.5 0.540293 0.807094 -0.238081
59.1558 2.10525 84.014 -0.45944 0 2.8 0.413909 0.757271 -0.505193
91.5425 -10.5533 89.3073 -0.907002 0 -1.6 0.967365 -0.228827 0.108825
106.006 -19.7639 92.3011 -0.320076 0 4.5 -0.77581 0.352992 -0.522988
104.307 1.06875 123.871 0.51187 0.289223 -0.7 0.0578139 0.941031 -0.333345
83.9538 -35.1348 101.115 0.191182 0 2.20666 -0.0020763 -0.445345 0.895357
80.945 -6.087 80.2702 -0.728596 -0.953288 -3.5 -0.168677 -0.731107 -0.661083
76.1488 -10.1351 102.346 -0.220877 0 -0.4 -0.728792 -0.565351 -0.386317
60.2607 -29.3538 106.62 -0.0175138 0 -0.77575 -0.342116 -0.872549 0.348734
67.2944 -1.83463 67.3776 0.481555 0 -4.5 -0.652663 -0.705074 -0.277312
94.0479 -3.49275 105.635 -0.248979 0 3.97797 -0.786306 0.558061 -0.265123
49.907 -5.9015 101.179 0.685633 -0.693909 -1.89502 0.148536 -0.66345 0.733329
77.4976 -9.852 77.0064 -0.803208 -0.0182762 -2.75721 -0.479639 -0.397835 -0.782096
79.8812 -7.52163 119.681 -0.16408 0 -0.9 -0.667385 0.232821 -0.707383
86.809 -5.7655 128.221 0.804946 0 -3.5 -0.0989278 -0.575904 0.81151
82.0766 -18.9072 123.458 0.136776 0.07116 -0.8 -0.232823 -0.394027 0.889121
49.6881 1.01525 89.2757 0.0314354 0 -0.7 -0.827446 0.414856 -0.378455
66.3305 -33.9548 107.219 -1.27232 -0.289392 -3.5 -0.846978 -0.224949 0.48169
57.4921 -6.57975 84.5295 0.471413 0 -1.3 -0.217316 0.0987657 -0.971092
109.999 -16.4153 122.419 -0.800373 0 -3.5 0.0299904 -0.739869 0.672082
106.662 -8.724 130.926 -0.5835 0 1.8 0.773922 0.572546 0.270619
82.9106 -31.0782 114.136 -0.818647 0 -4.5 0.951597 -0.0051765 0.307304
103.562 -6.219 94.2585 -0.776521 -0.520888 -3.5 0.746877 0.66247 0.0575187
58.8419 5.29012 106.342 -0.1901 0 -3.5 -0.138915 0.741241 0.656708
56.7925 -10.1278 83.672 0.784943 0.712159 -1.3 -0.193396 -0.538988 -0.819811
65.4515 9.1755 105.91 -0.0448158 0 4.5 0.0167242 0.71029 -0.70371
92.3548 -5.7965 102.229 -0.407407 0 4.2 -0.906796 0.151637 -0.393354
95.3141 -0.32675 136.087 -0.217114 0 -4.5 -0.55205 0.832195 -0.0518909
54.6787 12.2456 102.809 0.837548 0.9234 -4.5 0.110349 0.97541 0.190784
86.212 8.11825 83.3915 -0.0128607 0 3.8 0.0817841 0.855943 -0.510561
104.22 -7.18412 91.2629 -0.357646 0 -3.5 0.745645 0.207641 -0.633166
73.8565 4.3555 72.1898 0.523982 0.369482 -0.790595 0.330661 0.735923 -0.59083
94.4967 5.8965 86.2503 -0.216259 0 4.5 0.96004 0.133105 0.246182
99.5242 -18.4578 92.7336 0.0106407 0.187255 -3.5 0.0280768 -0.787789 -0.615304
80.4723 -1.67087 102.885 -0.565407 0 -1.3 0.0277142 0.103754 0.994217
48.8138 -1.0135 92.8935 0.0230214 0 0.157908 -0.717883 0.664508 -0.207541
95.6404 3.84363 101.506 -0.548719 -0.311686 -3.72016 0.105311 0.93533 0.33774
117.228 -22.5322 115.039 -1.73605 -0.460033 -0.8 0.54689 -0.796124 -0.259032
101.806 -23.8614 93.8982 -1.36604 0 -3.5 -0.471433 -0.353387 -0.808003
95.52 -4.2455 136.06 0.375906 0 -4.5 0.167323 -0.768661 0.617384
77.0255 -3.55375 102.301 -0.365147 0 -3.9 -0.209524 0.977428 0.0271022
93.8457 -3.0955 129.351 -1.01445 -0.319557 -4.01517 -0.172359 0.922774 0.344645
100.704 -25.2728 128.233 0.317713 -0.152252 -0.8 -0.238518 -0.385695 0.891262
93.1509 -30.4014 114.538 -0.720317 0 -3.5 -0.140588 0.75243 0.643494
66.582 -32.2583 113.89 -0.399528 -0.0172877 2.36362 0.337394 -0.932677 -0.127588
86.344 -12.901 94.0545 -1.87637 -0.0210648 -3.5 0.375728 -0.87471 -0.306123
100.883 3.72025 98.1655 -0.256735 0 -3.5 0.2939 0.88921 0.350613
71.6601 -37.6719 109.325 -1.26934 -0.507697 -3.5 -0.158736 -0.980996 0.111578
91.4538 9.54475 97.1679 -0.171379 0.0106251 -3.5 0.428658 0.854891 0.292255
102.304 -17.2342 123.752 -0.747091 0 -4.5 0.493808 -0.855231 -0.15727
68.505 1.45 67.263 -0.0748417 0 -4.5 0.61555 0.720242 -0.319923
73.2321 -9.71688 101.285 -0.44309 0 2.8 0.55682 -0.26958 0.785671
113.086 -12.316 99.9776 -0.318049 -0.352299 -3.5 -0.161628 0.939353 -0.302478
91.1302 -2.2125 121.033 0.128684 0 4.2 0.549508 0.81628 -0.178122
64.5218 5.26088 102.469 -0.710042 -0.0790845 1.82728 0.938643 0.338601 -0.0655721
69.7412 -14.8518 81.3185 -1.41941 -0.469784 -3.9 0.155619 -0.927033 0.341164
90.8501 -8.11137 133.486 -0.0934307 0 -0.9 -0.0715763 0.406625 0.910787
54.7007 -7.21187 87.108 0.212868 0 -1.3 -0.948198 0.0842449 -0.306305
74.5625 -38.321 121.893 -1.76197 -0.306921 -3.5 0.31753 -0.240656 0.917202
61.398 -0.774 81.6188 -1.0786 -0.0555593 -1.96281 0.307373 0.818341 -0.485634
70.6911 9.4745 75.9122 0.622494 0.381189 -2.39974 -0.563643 0.303043 -0.768421
75.1389 11.4665 75.9484 -1.20209 0 -3.5 0.029223 0.928884 -0.369217
53.8964 3.26075 85.1315 0.142999 0 2.8 -0.769778 0.573883 0.279464
94.1411 -14.2715 129.398 -0.468453 0 -0.9 0.185379 -0.971142 0.150057
74.9375 -36.704 111.912 1.41959 0 -3.9 0.399845 -0.33795 0.852006
74.7773 -14.9028 99.686 -0.510739 0 4.2 0.849329 0.00361186 -0.527851
108.281 -23.6735 103.951 -1.35859 -0.159563 1.8 0.604201 0.380778 -0.699964
89.5208 -2.58325 125.047 -0.0197803 0 4.2 0.343451 0.816976 -0.463241
70.2165 -27.0093 99.416 -0.412932 -0.320084 -1.6 0.994477 0.0184093 0.103331
83.8681 3.04763 96.5134 -1.19669 -0.801033 -3.5 -0.500484 0.602897 0.621315
63.4728 -9.61613 79.1373 2.68672 0 -0.906644 -0.626301 0.139087 -0.767074
62.5428 -16.479 77.718 1.76232 0.633325 -3.9 -0.945273 -0.286921 0.155357
103.055 -30.425 98.2596 0.192143 0 -3.9 0.606679 0.285628 -0.741861
55.0395 -21.4335 104.059 0.391894 0 -4.5 -0.516635 0.782263 0.348071
114.411 -17.288 101.315 -1.66507 -0.735898 -3.5 0.243911 -0.969789 -0.00400929
110.402 -5.40863 108.195 -2.03575 0 -3.5 0.520415 0.837544 0.166397
96.333 -7.908 133.328 -1.06517 -0 -1.6 -0.290026 -0.227355 0.929621
105.784 -4.97038 97.6355 -0.664505 0 -3.5 0.41285 0.684902 -0.600386
105.496 -5.47262 96.7828 -0.933805 0 -3.5 0.161164 0.810856 -0.562618
100.759 -34.6455 98.9538 -0.489734 0.825993 -3.9 0.0260916 -0.898344 -0.438518
54.082 -6.95512 105.586 -1.32095 -0.0593656 -3.5 -0.202008 -0.77214 0.602489
49.314 -10.1591 98.5551 -0.230904 -0.869668 -1.21143 -0.958725 -0.0840508 -0.271628
78.7032 -15.1206 91.9991 -1.21577 -0.0024179 3.8 0.086991 0.991059 -0.101168
74.0026 0.446375 100.318 -0.611688 0 -3.5 -0.227377 -0.08524 0.970069
64.9116 1.57575 102.782 -0.0759519 0 2.12934 0.909191 0.391684 -0.141265
105.605 -12.8403 121.785 -1.18205 0 4.5 -0.0810384 -0.579392 0.81101
90.174 -3.50837 111.099 -0.209799 -0.0117819 2.51124 -0.271966 0.274878 -0.922213
77.3595 -14.7452 86.5188 -0.652316 0 -3.5 -0.199465 -0.715735 -0.669281
65.2765 -30.5627 108.682 -0.293746 0 2.83807 0.0549248 -0.905082 -0.421675
93.651 -33.3239 111.384 -0.188084 0 -3.5 -0.244848 -0.644688 -0.724173
79.3859 5.05725 71.1145 0.178326 0 -3.5 0.612126 0.69438 -0.378337
55.9775 -0.390375 84.9376 -0.270427 0 2.8 -0.748544 -0.562951 -0.350382
55.0841 -0.453 86.3689 0.218025 0 2.8 -0.795104 -0.222863 -0.564041
82.0863 14.802 89.1093 -0.485438 0.260718 -1.92195 -0.159059 0.918122 0.362976
95.7268 -15.2914 127.068 -0.878759 0.385127 -2.20076 0.298626 -0.394806 0.868879
78.507 -30.9725 100.866 -0.665419 -0.181422 -3.5 -0.146597 0.370248 -0.917293
87.4165 -1.46725 82.3962 -0.174137 0 -0.8 -0.133695 -0.501422 -0.854811
113.901 -13.6182 97.1616 -0.403007 0 -3.5 -0.172188 0.295833 -0.939593
50.7135 -25.7544 105.722 0.132932 0 -4.5 -0.804429 -0.593767 -0.018304
94.022 4.7705 99.1633 -1.23051 -0.930844 -3.5 -0.2359 0.969077 0.0723927
83.563 -1.242 80.223 -0.16578 0 -3.5 0.855361 0.426515 0.294011
69.1988 -15.6567 111.929 -0.728381 -0.761537 -0.8 -0.647874 0.10318 0.754728
67.3375 0.415125 74.0486 -1.07308 0 -4.5 -0.443032 0.859708 -0.254213
66.745 -19.6811 121.672 -1.88679 -0.0890414 -3.5 0.94557 0.127439 0.299428
75.9898 -37.132 100.362 -0.760037 -0.239955 -3.5 -0.406569 -0.176696 -0.896371
55.2438 9.348 104.149 -0.454102 0 -4.5 0.889061 -0.245296 0.386523
107.334 -23.4089 114.259 0.383934 0.254954 -3.5 0.933218 -0.00798034 -0.359222
60.9793 6.25525 91.7148 0.468298 0 3.8 0.76394 0.589877 -0.261612
80.657 -15.1521 100.395 -0.227365 0.913978 -3.5 -0.93151 -0.188895 0.310817
87.5484 -27.2367 120.617 -0.120862 0.0139337 -3.70566 -0.222084 -0.259081 0.939977
87.7704 3.45637 110.036 -0.520944 0 -4.5 -0.747498 0.57196 -0.3378
59.9567 -23.8557 88.417 -0.665115 0 -3.5 -0.00417291 -0.935677 -0.352832
92.6683 -6.54975 96.7526 -0.0269459 0 -2.30215 0.0114469 -0.0977508 0.995145
94.116 -1.85025 87.3895 -0.3471 0 4.2 0.652587 0.105231 -0.750371
71.3475 -17.2868 87.3411 -0.0563628 0 -4.5 0.225057 -0.0806685 -0.971
99.9285 -26.666 101.65 -0.308571 0.126917 -3.5 0.918826 -0.371686 0.1327
84.119 -10.0017 102.135 0.16923 0 -0.8 0.763813 0.551937 0.334597
56.8307 -27.5714 101.868 -1.09509 0 -0.4 -0.875238 -0.380645 -0.298442
83.2244 13.964 92.9546 -0.220556 0 -0.4 0.181531 0.584842 0.790573
67.4023 2.54612 99.3359 -0.364603 0 2.8 0.458547 -0.0768214 0.885344
69.7165 9.806 91.6527 -0.136527 0 2.8 0.155607 0.561453 0.812746
48.8945 -0.40825 101.403 0.449104 0.0328433 -3.5 -0.587099 0.80888 0.0320696
76.9715 -16.7393 95.5038 -0.389877 0 3.49425 0.0161617 0.567453 0.823247
98.7101 -24.6549 95.7105 0.138825 0 -1.57981 0.283407 0.0134689 -0.958905
107.284 -3.21325 98.798 -0.388263 0 -1.6 -0.0392385 0.438899 -0.897679
97.0724 -28.4404 118.284 -0.279354 0 -3.9 -0.521813 -0.853021 0.00811563
61.2019 -3.43 78.794 -0.273836 0 0.192096 0.10422 0.122886 -0.986933
96.8625 -33.0585 107.043 -0.941987 0 -3.5 -0.119386 -0.382431 0.916239
105.083 -27.7679 101.627 -0.251899 0.0234775 -3.5 -0.679985 -0.730734 -0.0603984
79.9133 -13.3118 87.2185 -0.945306 0 -3.5 0.670553 -0.385651 0.633745
92.6095 -25.5555 125.131 -0.294469 0 -3.9 -0.334471 -0.536475 0.774806
88.7572 4.157 109.612 0.0563386 0 -4.5 -0.60105 0.594762 -0.533851
111.074 -12.0653 112.33 -0.79912 0 -3.2 0.512234 -0.559877 0.651272
78.4273 -1.799 101.326 -0.275966 0 -1.3 -0.894401 0.203397 0.398343
49.767 -12.8351 99.8988 0.592167 0.0885344 -0.8 -0.541313 -0.757385 0.365169
96.5618 4.0425 100.186 -2.68098 -0.668026 -3.5 0.553123 0.69703 0.456293
114.768 -22.808 116.788 -1.21536 -0.948301 -0.8 0.244217 -0.559132 0.792294
90.277 -7.74075 86.8375 -0.259646 0 3.8 0.774342 -0.112294 -0.622723
99.4576 -2.374 126.579 -0.740314 0 1.35812 -0.101686 0.989449 0.103202
49.6925 -8.93825 91.756 0.274019 0 -0.7 -0.865986 -0.499621 0.0211526
115.574 -16.2243 99.118 -0.548545 0 -3.5 0.197347 -0.970637 -0.13754
77.9664 -8.93075 94.0276 -0.561994 0.177608 0.803861 0.219631 -0.885145 -0.41022
68.8765 -34.3937 100.654 -1.81867 -0.738429 -3.5 -0.594491 -0.734414 -0.327438
81.1041 -18.8396 98.0105 -0.545355 0 3.8 0.256597 -0.297525 0.919585
77.2578 -11.0445 113.07 -1.35361 0 -3.5 -0.345387 0.467525 0.813713
104.24 0.16025 109.197 -0.385049 0 2.8 0.650616 0.697292 0.300805
70.167 -5.649 107.073 -0.220715 0 -3.5 0.706621 0.150674 0.691364
76.528 -8.017 107.545 1.9624 0.0359542 -3.9 -0.541785 -0.80871 0.229036
80.0231 -21.4016 97.606 -0.448558 0 3.8 -0.0159439 -0.691706 0.722003
99.3665 -11.6231 130.932 -1.98798 -0.187404 -0.4 0.00424095 -0.741386 0.671065
97.4265 2.301 115.242 1.00109 0 -0.8 -0.522884 -0.822164 0.225032
93.0303 -34.9376 114.341 0.00725553 0.011405 -3.5 -0.181288 -0.97635 -0.117794
101.216 0.959 94.6497 -1.71023 -0.252799 -3.5 0.823978 -0.356263 -0.44061
96.6367 6.10525 94.396 -0.476654 0 -0.4 0.464193 0.503786 0.728508
61.865 -16.4455 85.432 0.018678 0 -1.25629 -0.420008 -0.335086 -0.843392
95.9284 1.78975 122.916 0.0184264 0 2.8 0.22235 0.972467 0.0697682
62.679 -34.9533 113.573 -0.416339 0 -3.5 0.208947 -0.674258 -0.70832
86.2103 -8.82975 114.465 -0.578066 0 -0.812892 -0.0906534 0.513324 -0.853394
69.9039 -24.3354 96.5796 0.196618 0 -0.8 0.969226 0.088133 -0.229855
95.3832 -0.7465 99.4235 -0.755242 0 -1.6 -0.452311 0.0100673 0.891803
110.012 -8.02687 120.325 -0.60137 0 1.63556 0.456107 0.436827 0.775338
94.4165 -4.111 136.793 0.542427 0.28821 -4.5 -0.242004 -0.889693 0.387143
103.634 -26.6593 98.3432 -0.84008 -0.398405 -3.5 0.567585 -0.558141 -0.605248
82.4681 2.37337 98.0551 -0.313539 0 -4.5 0.506704 0.856017 0.102401
111.537 -18.5705 101.799 -0.481774 0 4.5 0.841342 -0.259198 0.4743
77.2837 -24.0726 103.73 -1.25757 -0.638613 -1.3 -0.891066 0.315978 -0.32582
58.3548 6.57912 88.8589 0.243803 -0.160485 -0.8 -0.0779661 0.980667 0.179479
79.7657 -18.7484 92.1058 -0.150176 0 1.85536 0.70264 -0.594932 -0.390324
49.4251 -5.33213 87.9456 0.0428709 0 -0.7 0.101106 -0.0718598 -0.992277
78.9358 -19.1908 89.286 -0.257926 0 -0.4 0.279894 -0.85831 -0.430073
69.1533 -12.4167 86.4078 -2.08388 -0.813596 -3.5 0.968483 -0.193029 -0.157418
90.6829 4.03662 108.41 1.24233 0.553779 -4.5 -0.0594461 0.225839 -0.972349
72.316 -10.7875 114.851 0.197523 0.410017 -1.3 -0.329696 0.846375 0.418269
104.349 -21.7703 119.108 0.116119 0 -4.5 0.648448 0.740433 -0.176848
53.7848 2.43925 84.309 0.171626 0 2.8 -0.957704 0.0541312 -0.282617
64.158 -32.4398 120.136 -1.26711 -0.774213 -0.9 -0.688632 0.153093 0.708765
74.2845 11.9705 84.3453 0.243948 0 -3.9 -0.534928 0.633743 -0.558768
110.107 -19.7512 93.6974 -0.42575 0 4.5 0.899639 -0.0308928 -0.43554
80.0407 -20.255 122.622 -0.32776 0 4.2 -0.207253 -0.218545 0.953564
89.3795 -0.84075 84.957 0.0266257 0 -0.8 0.770813 -0.607534 -0.191703
84.0232 -8.71338 101.932 -0.503788 0 -0.8 0.940989 0.271332 0.202283
66.162 -36.386 120.344 -0.583222 -0.476517 -0.7 -0.582396 -0.27758 0.764045
80.3946 -10.6104 101.015 -0.512527 -0.423672 -0.6054 -0.205283 -0.90158 -0.380805
71.932 -36.069 122.399 -0.695924 -0.473741 -3.5 -0.416292 -0.375676 0.827991
75.1635 -23.7623 121.238 -0.238006 0 -3.5 -0.00708346 -0.41503 0.90978
55.2291 2.908 81.8073 0.232906 0 2.8 -0.409528 0.386529 -0.826367
62.3187 -3.21338 109.829 0.660134 0.398111 -0.7 0.0126111 0.252555 0.9675
74.0524 -3.26975 70.4094 -0.861924 -0.67089 -2.64443 0.409797 -0.559285 -0.720602
80.3866 -27.8815 101.914 0.602021 0 -3.9 -0.990652 0.064831 0.120021
99.921 -21.5549 123.448 -0.836857 -0.133212 -4.35885 0.337904 0.18732 0.922351
94.1024 1.20788 102.959 0.0867188 0 -2.75873 -0.73175 -0.237595 0.63882
108.67 -27.7011 108.129 0.372135 0 1.46549 0.88053 -0.470292 -0.0591062
76.9115 -14.0367 111.158 -0.634136 0 0.407525 -0.534366 0.176571 -0.826605
113.057 -20.3236 105.931 -0.375269 0 2.8 0.898404 -0.31273 -0.308334
73.6354 -38.2262 111.661 2.06483 0.328201 -3.9 0.0364512 -0.880125 0.473341
94.7565 -27.5807 97.6428 -0.437033 0 -0.8 -0.749443 -0.656972 0.081987
68.148 -5.248 108.773 -0.296166 0 -3.5 0.719819 0.302946 0.624567
51.1258 -12.6342 100.39 0.253714 0 -0.8 -0.101228 -0.733069 0.67258
57.3696 -14.5259 107.1 -0.286341 0.223542 -1.99509 -0.51233 -0.167365 0.842322
71.549 -19.7245 121.034 -0.948476 0 -0.144182 -0.321829 0.175338 0.930421
79.9808 4.0355 71.876 -0.0877562 0 -3.5 0.985561 -0.136271 -0.100496
74.8615 -15.0542 79.2182 -1.81694 -0.0577744 -3.5 0.679706 -0.703832 0.206448
62.7074 -28.7969 118.972 -0.326253 0.706243 -3.8315 -0.674786 -0.346995 0.651351
81.19 -38.1065 95.8829 -0.235718 0 3.8 0.349948 0.155285 -0.923809
62.1615 -25.709 96.3379 -0.303575 0 0.941278 -0.362128 0.42724 -0.82845
67.4772 -2.58075 102.8 -0.456708 -0.466476 1.18082 0.476715 0.625621 0.617528
95.773 -1.445 118.652 0.304305 0 4.2 -0.419733 0.907585 0.0106369
85.6032 -31.4618 105.75 0.231123 0 -3.5 -0.513616 -0.449876 0.730623
68.2367 -17.9211 110.435 -0.409314 0 -1.36883 0.470434 -0.43712 0.766562
79.1044 -3.48012 103.927 -0.355307 0 -3.9 0.313946 0.846304 0.430358
88.0516 -16.8878 125.825 -0.126292 0 -3.5 -0.397003 -0.72225 0.566343
63.8311 10.3238 109.922 0.809243 0 4.5 -0.694661 0.713077 0.0947006
100.491 -8.07263 91.2826 0.0948522 0.129489 -3.5 -0.51719 -0.681886 -0.517248
75.8611 -34.9781 102.896 -0.401294 -0.243474 -3.5 -0.811713 0.166254 0.559895
77.5031 13.1966 85.3144 -0.0106031 0 -3.5 -0.495821 0.858198 -0.132884
76.8353 -13.3205 85.1085 -0.320019 0 -3.5 -0.632942 -0.608705 -0.478396
65.8506 -26.0376 92.4611 0.180056 0.744317 -0.8 -0.346045 0.117515 -0.930829
107.82 -1.672 117.424 -0.364134 0 -3.5 -0.13744 0.987316 -0.0794856
83.3144 -10.2083 91.3026 -0.179161 0 -3.5 -0.585771 -0.801784 -0.118386
66.8131 -20.079 88.8116 -0.0201682 0 4.2 0.188043 -0.981273 0.0417615
52.998 -3.21425 87.219 0.223372 0 -3.5 -0.857674 0.0268188 -0.513494
79.3014 -10.0262 78.0319 -1.01854 0 -3.5 0.773577 0.454649 -0.441443
74.1423 -29.6178 124.943 -0.182457 0 1.8 0.326287 -0.468334 0.821097
85.7941 -29.9091 109.751 -1.55229 -0.175067 -3.5 -0.0599938 -0.992653 0.105071
56.522 -27.7095 104.294 -0.555182 -0.290933 -2.89714 -0.824359 -0.458626 0.331805
87.5815 3.73625 123.998 2.4883 0.0967246 -3.9 0.308206 0.915304 0.259284
94.5965 3.6965 86.566 0.262126 0.905454 4.5 0.76319 -0.101864 -0.638095
86.5586 4.36125 99.2284 -0.889712 -0.838231 -0.8 -0.485331 0.866888 -0.113835
82.2197 -17.868 95.4932 -0.59839 0 3.8 0.955425 0.0667381 -0.287592
82.4491 -40.2327 96.4186 -0.233006 0 3.8 0.102659 -0.50022 -0.859791
69.5315 -19.5082 87.3 0.323214 0 -4.5 0.04087 -0.566204 -0.823252
92.625 -34.5252 100.061 -0.696609 -0.374273 -0.8 0.0419151 -0.1993 -0.979042
58.5368 3.07063 85.4027 -1.0696 -0.739593 2.8 -0.110663 0.851008 -0.513361
73.3664 -2.47175 69.3819 -0.891911 -0.015254 1.8 -0.188425 -0.463873 -0.865631
77.5771 -2.50925 69.0263 -1.15643 -0.9823 -0.8 -0.0785113 -0.646632 -0.758751
97.7325 6.27575 109.766 -1.27676 -0.572487 -3.62702 -0.33842 0.825333 0.451992
87.934 -9.45375 113.172 -0.465448 0 -0.9 -0.899942 0.307216 -0.30939
112.093 -14.9075 114.365 -0.377197 0 -1.6 0.31498 0.849767 0.422711
91.9965 -13.7233 98.5145 -1.62482 -0.0576296 -3.5 -0.213955 0.743954 -0.633053
78.8081 -9.51388 95.1474 -0.392379 0.927064 -0.7 -0.0443643 -0.992874 0.110602
101.566 -2.17138 97.7106 -0.40214 -0.46004 1.20094 0.321726 -0.298764 -0.898461
91.6708 -35.4888 100.974 0.823211 0.690998 -0.8 -0.228444 -0.751354 -0.619096
58.638 9.89525 93.5661 -0.101907 0 3.8 -0.580515 0.794174 -0.179692
80.839 10.3138 77.2365 -1.67455 0 -3.5 0.21462 0.258013 -0.942002
79.1588 13.2859 92.7666 -2.02325 -0.249683 -3.5 0.286372 0.772651 0.566571
98.938 7.15538 109.501 -1.15 0 -3.5 -0.143429 0.869702 0.472277
108.235 -4.39325 106.603 -1.04525 0 -3.5 -0.17412 0.604325 0.777479
79.536 -5.74725 104.989 0.00483757 0 -3.9 0.974997 0.11434 0.190545
82.2503 -24.4552 100.6 0.0216195 0 -3.9 -0.0113884 0.924864 -0.380126
91.4758 -24.1217 98.375 -0.587097 0 -3.5 -0.951725 0.0726725 0.298226
85.6205 -8.7635 81.3885 -0.880574 -0.842028 -3.5 0.184972 -0.363705 -0.912964
66.2787 7.72638 110.249 0.0100783 0 4.5 0.601306 -0.664406 0.443842
101.918 -28.942 97.3842 -0.711822 0 -3.9 0.524276 -0.18834 -0.830459
84.4488 -1.70825 117.409 -0.15199 0 -3.5 -0.446233 0.877167 -0.177352
74.4197 -15.8603 99.2757 -0.526279 0 4.2 0.733314 -0.504878 -0.455356
83.4451 -1.12513 122.145 0.195738 0 -3.9 -0.890966 0.449799 0.0621355
69.8261 -9.39475 111.282 -0.176655 0.142739 -0.7 0.711966 0.50059 0.492457
109.134 -16.6847 114.67 0.106728 0 1.8 -0.261601 -0.956555 0.128715
63.3659 5.01937 91.2536 -0.249802 0 -0.7 0.0277135 0.714391 0.699197
112.91 -9.40337 120.9 -0.677377 0 -0.8 0.54783 0.134351 0.825731
59.2287 -11.5959 84.8886 -0.611435 0 -3.9 0.177812 -0.0027973 -0.984061
95.6855 -28.7785 99.053 -0.417564 0 -2.1586 -0.921671 -0.259982 -0.287979
53.9801 -14.1029 103.515 0.106595 0 -0.7 -0.999686 0.0151496 -0.0199592
58.0143 -22.1645 89.9425 -0.0171866 0 -3.5 -0.949316 -0.236264 -0.207313
60.2909 -16.6805 107.938 -0.645114 0 1.9 -0.38875 0.380504 0.839101
72.8201 -30.0441 107.114 -0.450422 0 4.2 0.585385 -0.611071 -0.532838
83.0735 -32.272 103.16 -0.516886 -0.389808 -2.38108 0.00624016 -0.878442 0.477809
52.7775 -6.46025 105.748 -1.51343 -0.011938 -3.5 -0.308301 -0.615816 0.725066
81.2235 9.4855 92.3923 -0.899358 -0.0121406 -2.45955 -0.333191 0.224544 0.915731
113.043 -7.55175 115.814 -1.47359 -0.245052 -0.8 0.78889 0.551026 -0.272072
98.7515 -35.3704 114.838 -1.8213 -0.0277825 -3.9 0.0554482 -0.783526 0.61888
104.442 -23.5736 95.3706 -0.662254 -0.34506 -3.5 0.576701 -0.456354 -0.677611
46.5125 -7.94181 98.7298 0.0674871 0 1.8 -0.623154 -0.669723 -0.40392
49.656 -0.014625 92.854 0.11299 0 -0.7 -0.696093 0.692083 0.190987
97.5652 -35.7332 113.956 -1.31743 -0.26992 -3.9 -0.480575 -0.863438 0.153372
93.3664 8.30912 84.4795 -0.212369 0 4.5 0.393059 0.77355 -0.497116
76.4744 8.46125 75.1568 -0.00468767 0 -0.4 0.581172 -0.171546 -0.795494
103.478 -17.0942 127.003 -0.0493648 0 -4.5 0.262122 -0.958512 0.112013
62.776 -35.466 114.673 -0.846283 -0.209277 -3.5 0.380774 -0.799083 -0.465272
110.438 -11.5109 106.87 -2.45582 0 0.179171 0.777538 0.572157 0.260905
80.3974 -9.42925 80.6851 -0.512253 0 -3.5 0.541918 0.293357 -0.78757
52.7188 -14.059 94.5464 -0.197168 -0.0331341 4.2 -0.401836 -0.336316 -0.851716
105.37 -13.1528 97.2322 -0.483833 -0.196163 -0.7 0.683067 0.0489132 -0.728716
70.4771 -0.816125 69.766 0.436878 0 -4.5 0.576745 -0.220101 -0.786715
82.9262 -0.759438 76.0674 -0.474807 0 -1.3 0.518213 0.00891808 -0.855205
83.8861 -2.94462 101.432 -0.499795 0 -1.3 0.666317 -0.332028 0.667667
79.055 -25.227 119.327 -0.300053 0 -1.6 0.513195 -0.370001 0.774422
89.5409 -5.24538 97.7534 -0.55719 0 -0.8 0.297721 -0.539327 0.787711
104.689 -1.605 122.2 -0.0606519 -0.91122 -0.7 0.641084 0.366318 -0.674405
81.9745 -18.1036 97.9694 -0.573601 0 1.91611 0.776776 -0.605035 0.174789
78.1569 -6.229 123.053 -0.165712 0 -0.9 -0.979257 0.174297 0.103331
65.6608 -0.765625 103.647 -0.299501 -0.334212 4.5 0.940197 0.263103 0.216347
100.928 -23.584 124.065 -0.839528 0 -0.8 0.493318 0.810063 0.316915
103.433 -34.5476 100.788 2.18282 0.114701 -3.9 0.419092 -0.516657 0.746611
52.347 4.58525 92.2085 -0.509849 -0.00889479 -3.5 -0.700616 0.494647 -0.514258
105.999 -4.485 110.788 1.12086 0.736391 -3.9 0.489992 0.269941 -0.828878
92.3625 -33.0462 100.285 -1.2361 -0.97019 -0.8 -0.338167 0.476007 -0.811825
111.946 -0.274 105.681 0.0804024 0.715234 -3.5 0.998057 0.0253196 0.0569379
85.6644 -2.0305 125.818 0.0480591 0 -3.68577 -0.242444 0.683516 0.688496
69.0742 11.1085 79.6619 -0.439195 -0.797551 -0.8 -0.282133 0.541874 0.79169
58.9195 6.8965 101.842 0.0409771 0 1.9 -0.040999 0.994826 0.092956
74.7505 9.527 73.9983 0.161497 0 -3.5 0.552319 0.617288 -0.560267
68.9424 -33.0721 99.7935 -1.42086 -0.0338033 -3.5 -0.539344 -0.421778 -0.728842
63.8695 1.0615 80.3936 0.0405401 0 -3.5 -0.858763 -0.346544 0.377404
67.7387 -3.638 103.685 0.266202 0 -2.74461 0.383789 0.742716 0.548706
96.9388 1.80862 106.629 -1.17617 0 -3.80917 -0.0625135 0.997936 -0.0146966
98.3325 -31.6251 120.626 1.69692 0.0677838 -3.9 -0.794752 -0.0941456 0.599588
84.647 -6.69938 95.4164 -0.538046 0 1.67055 0.42123 -0.481664 0.768483
52.7427 2.1105 104.123 -1.74504 -0.550569 -3.5 -0.116606 0.92585 0.359452
68.5801 -1.17387 101.736 -1.45556 -0.220242 2.8 0.468699 0.714573 0.519333
77.197 13.2677 81.958 -1.3168 -0.358853 -3.6361 -0.235877 0.920873 0.310413
94.6649 5.07825 87.5209 0.167025 0 3.13824 0.850785 0.421276 -0.314151
69.9896 -36.2764 106.815 -0.833809 -0.0655059 -3.5 -0.196981 -0.63522 -0.746789
46.8857 -6.46562 88.9499 0.000156866 0 -0.7 -0.70206 -0.538483 -0.465992
94.235 -3.648 100.7 -0.293475 0 4.2 -0.991224 0.114928 0.0653108
97.6068 -0.34625 134.883 0.405452 0 -4.5 0.55688 0.616713 -0.556373
50.443 -4.798 103.468 -1.45335 -0 -3.5 -0.444573 -0.599122 0.665888
114.539 -16.676 99.996 -1.01398 0 -3.5 0.312372 -0.914083 -0.258604
104.651 -29.0938 106.674 -0.424831 0 -3.5 -0.124323 -0.918666 -0.374961
60.9432 -10.7533 82.5805 0.52503 0 -3.9 -0.810134 -0.584659 0.043092
62.989 -30.0263 96.5209 -0.1386 0 4.2 -0.412485 -0.910525 0.0282881
56.0626 -11.566 104.98 0.112118 0 -2.45255 -0.819748 0.0336923 0.571733
62.7152 -15.5468 77.074 1.68285 0.0577281 -3.9 -0.947314 0.0506806 -0.316273
80.2805 -13.8247 123.331 -0.192452 0 0.111381 -0.342132 0.285893 0.895104
111.182 -22.3884 107.175 -0.744492 0 2.8 0.901115 -0.364508 -0.234788
58.2765 -9.8265 84.439 0.617174 0 -1.3 0.284264 -0.339893 -0.896475
86.9007 -3.483 99.8033 -0.63399 0 -0.8 -0.0751581 -0.233286 0.969499
68.3866 -19.8512 91.3692 0.324753 0 -4.5 -0.571884 -0.808189 -0.140637
83.614 -12.2137 82.1645 -0.964445 -0.915515 -0.8 -0.506983 -0.103096 -0.855768
54.0039 -11.0701 104.203 0.0879992 0 -1.6 -0.311201 -0.0330601 0.949769
53.9124 -21.7703 104.1 0.736742 0 -4.5 -0.212348 0.926343 0.311121
66.9958 -28.1511 94.5976 0.00074849 0 0.0134214 0.453151 -0.805875 -0.381077
83.0335 -33.441 110.912 0.414174 0.281051 -4.5 0.749155 -0.468466 -0.468302
84.9109 -0.0555 114.103 0.164007 0 -3.2 -0.173057 0.896928 0.406904
93.8023 6.325 87.0433 -0.193314 0 4.5 0.803885 0.504287 0.315377
62.6123 -17.5938 85.0475 -1.16965 0 -3.5 -0.411776 -0.301023 -0.860131
78.6507 -17.2596 106.356 -1.67447 -0.449688 -3.5 0.331103 0.831883 -0.445356
102.573 0.285 111.213 -0.16317 0 2.8 0.839804 0.427916 0.334092
56.845 -26.6548 97.189 0.544714 0.00329681 -0.8 -0.357586 0.0314563 -0.93335
90.2544 7.19212 100.439 -0.234634 0 -3.5 0.076571 0.402687 0.912129
93.3585 4.52125 96.295 -1.08385 0 -2.24012 0.180608 0.982184 0.0519114
99.2878 -35.403 109.984 -0.289453 0 -0.8 -0.74557 -0.328938 -0.579591
105.062 -12.2878 125.089 -1.84331 -0.664113 -3.5 -0.0661209 -0.762083 -0.644094
61.4666 -29.6441 96.4319 -0.132738 0 4.2 -0.420697 -0.886322 -0.193512
69.766 -30.3318 98.257 -0.337188 0 -1.6 0.655489 -0.477541 -0.585055
65.6975 -17.6405 86.266 -0.195953 0 4.2 0.553808 -0.369962 -0.745939
57.0226 -9.095 111.651 0.435409 0 -4.5 0.57193 0.587483 0.572504
64.5134 -32.1693 104.588 -0.204883 0 1.8 -0.31117 -0.819075 0.481964
105.933 -35.3457 113.252 -0.459884 0 -3.5 0.363529 -0.0917131 0.927057
84.1273 -1.38175 119.363 -0.454388 0 -3.5 -0.582872 0.798502 -0.150516
69.9262 -26.6286 96.4896 -0.294093 0 -1.41177 0.871913 -0.436271 -0.222342
93.1448 11.122 94.0245 -1.90756 -0.0348621 -3.5 0.402536 0.824185 0.398351
71.0257 -14.4535 80.7947 -1.13233 -0.396302 -3.9 0.179106 -0.955554 0.234176
51.5131 3.55275 93.9976 -1.18311 -0.274357 -3.5 -0.808936 0.313628 0.497252
86.6619 -6.49713 115.495 -0.675344 0.806537 -0.9 -0.567881 0.0742736 -0.819753
79.1415 -9.9965 121.656 -0.106265 -0.0412224 -3.5 -0.642589 0.211895 0.736329
47.6683 -2.16887 95.6464 -0.19914 0 1.8 -0.947626 0.245557 0.204223
74.5494 -4.09387 103.282 -0.208307 0.799145 -1.23834 -0.342023 0.674105 0.654678
74.5228 -14.8396 119.467 -0.241772 0.00532513 1.25235 -0.69466 0.120878 0.70911
59.9996 -10.9434 85.0884 0.352006 0 -2.52483 0.0259502 -0.233927 -0.971908
78.655 -9.095 112.717 -0.959249 0 -3.5 0.127786 0.637568 0.759722
69.2061 -9.19525 73.5681 0.0447723 0 -0.8 -0.343713 -0.429349 -0.835177
65.3304 6.33988 109.571 0.0907546 0 4.5 0.302878 -0.766523 0.566311
90.3776 -9.39725 92.5371 -0.145791 0 -1.6 0.333819 -0.570089 0.750708
77.6902 -7.87213 111.812 -2.30726 0 -3.5 -0.00549097 0.824987 0.565125
86.6665 -27.1257 116.103 -0.578841 -0.0989593 -0.7 0.216545 -0.974372 -0.0608923
81.7461 -11.1826 89.5624 -2.02637 -0.0795258 -0.4 0.295451 -0.815342 0.497922
71.858 -31.541 100.213 -1.93072 -0.834818 -3.5 0.386522 0.210857 -0.897853
99.7227 0.42125 93.7729 -0.548569 0 -2.16057 0.73588 -0.588151 -0.335497
92.6409 -0.899 106.338 -0.550905 0 -3.5 -0.638696 -0.170503 -0.75033
114.031 -16.5875 109.75 -0.351247 0 2.8 0.817446 -0.511249 -0.265344
59.382 -28.1205 116.386 -1.38538 -0.431272 -3.5 -0.500238 -0.857031 0.123533
51.7235 -17.226 96.3278 -0.500615 -0.909766 -0.8 -0.818603 -0.089485 -0.567346
69.7085 -28.387 101.413 -0.957491 -0.17866 1.3934 0.980318 -0.00826916 0.197252
79.5772 -9.4665 110.703 -1.08826 0 -3.5 0.701446 0.581632 -0.41192
90.9615 4.823 83.3205 -0.197006 0 4.5 0.409321 -0.25165 -0.876999
54.216 -12.6615 87.4595 0.865962 0 -1.73152 -0.938442 -0.341287 0.0533909
101.461 2.06013 101.24 -1.55241 0 -3.5 -0.163675 0.958824 0.232094
89.934 -20.8246 100.819 -0.741658 0 3.8 0.0704549 0.325848 -0.942793
80.2578 -6.414 119.351 -0.461982 -0.0231455 -2.69219 -0.868828 -0.0163386 -0.494844
106.418 -33.2549 111.046 -0.638762 0 -3.5 0.864236 0.409222 0.292631
69.7018 -25.29 94.2513 -0.231986 0 -0.8 0.898712 0.03604 -0.437055
52.6755 -11.1628 103.789 0.0546831 0 -1.6 -0.626271 -0.191568 0.755703
64.1415 6.566 88.9505 -0.0909809 0 -0.7 0.0187388 0.881984 0.470906
78.0886 -18.3657 97.156 -0.468523 0 3.8 -0.682568 0.225118 0.695286
110.174 0.68375 106.486 -1.05945 -0.0105712 -3.5 0.449571 0.563825 0.692811
73.633 -13.6199 102.074 -0.424931 0 4.2 0.618162 0.582329 0.527985
93.2375 8.73825 85.7152 -0.220656 0 4.5 0.456323 0.882359 0.11494
56.2096 -4.4445 107.412 -0.426192 0 -0.7 -0.774694 0.141878 0.616214
71.7819 -9.19125 102.085 -0.73802 0 1.10267 0.69919 -0.165394 0.695542
95.1445 0.85175 121.504 0.230599 0 2.8 -0.334396 0.366491 -0.868253
102.598 -24.8113 94.9258 -1.18076 0 -3.5 0.00976421 -0.737132 -0.675678
83.063 4.574 79.863 0.495197 0 -3.5 0.764936 0.187949 0.616074
68.096 -11.102 76.009 1.08229 0.778168 -0.8 -0.344157 -0.654745 -0.672952
82.57 -9.37225 128.296 0.372108 0.504824 -4.5 -0.817097 0.342142 0.463996
59.1905 -33.6545 114.602 -1.39265 0 -3.5 -0.810864 0.0975351 -0.57705
65.31 -18.1794 121.598 -1.77703 -0.241674 -3.5 -0.110695 0.984801 0.133843
84.0544 -9.155 128.527 0.268315 0.0841983 -4.5 0.0838984 0.159351 0.98365
83.7487 -10.075 81.786 0.0135983 0.000392951 -1.44705 -0.0628346 -0.288226 -0.955499
86.8848 -6.28088 81.8541 -0.494022 -0.167462 -3.5 0.691589 0.23607 -0.682624
74.497 -36.1105 101.941 -1.63078 -0.441128 -3.5 -0.985842 0.165112 -0.0292304
83.5492 -26.273 120.298 -0.396755 0 -3.5 -0.442197 0.151043 0.884109
61.8746 6.48575 109.466 2.75632 0 4.5 -0.59376 -0.680981 0.428619
69.3873 -14.6903 80.22 -0.224408 -0.0102221 -3.9 0.144389 -0.937666 -0.316125
107.56 -18.0077 93.5064 -0.41859 0 4.5 0.0969129 0.884304 -0.456742
101.246 -9.9315 92.7095 -0.344547 -0.219053 -3.5 -0.722941 -0.320121 -0.612274
94.9081 -26.4584 93.7278 0.737028 0.43475 -0.8 -0.555705 -0.308527 -0.772012
83.5564 -3.97913 127.462 -0.0254721 0 -0.4 -0.621384 0.483968 0.616163
80.5419 -21.2591 122.717 -0.332102 0 4.2 -0.26452 -0.488225 0.831664
79.7438 -32.731 115.555 -0.12109 0 2.8 0.54573 -0.598153 0.586849
72.289 -5.04437 70.3672 -0.811868 0 -3.5 0.04124 -0.645397 -0.762733
65.8801 -20.9792 118.247 -0.192483 0 -3.5 0.290881 0.943717 -0.157438
70.1916 -11.6904 87.6716 -1.65232 -0.691735 3.8 0.557697 -0.404347 -0.724898
91.3792 -20.7839 122.338 -0.432234 0.628402 3.89651 -0.431449 0.135394 0.891919
73.0395 -19.035 86.907 -0.271296 0 3.8 -0.496726 -0.0799294 -0.864219
78.6452 12.5588 78.4072 -0.0408083 0.200581 -3.5 -0.059352 0.858267 -0.50976
108.642 -15.605 130.076 -1.45156 0 -3.5 0.923334 -0.285436 -0.256866
90.028 -18.597 123.151 -0.373262 0 1.8 0.147315 -0.840452 0.521477
95.8281 -0.7735 133.842 -0.00750128 0.106615 -4.5 -0.0496492 0.785512 -0.616851
96.545 -27.9525 121.743 0.102547 0 -3.9 -0.0750839 -0.925952 0.370103
74.2329 -1.125 99.8863 -0.666916 0 -0.969882 -0.139862 -0.00175849 0.990169
83.499 -33.2404 112.487 -0.0813938 0 -4.5 0.974058 -0.226189 -0.00708906
78.0985 -8.2165 109.346 -1.00126 0.0167055 -3.5473 0.885739 -0.275796 -0.373366
100.356 3.2015 94.6365 -0.813348 -0.167205 -3.5 0.529665 0.459263 -0.713115
72.367 5.88975 71.4973 0.528523 0 -3.5 0.174531 -0.0337506 -0.984073
80.651 -12.143 114.611 -1.54654 0 -3.5 -0.445247 0.654518 0.611033
92.1003 -1.748 107.952 -0.292887 0 -3.5 -0.957681 -0.269115 -0.102103
69.0332 -20.724 110.878 -0.294728 0 4.5 0.243445 0.956699 0.159565
72.4662 -33.5925 107.551 -0.486738 0 -3.5 0.531378 0.17443 -0.828982
91.6367 -25.1479 125.355 -0.299457 0 -3.9 -0.457391 -0.345064 0.819588
55.258 -16.2418 92.1338 -0.531032 0 -3.2 -0.887662 -0.444161 0.121561
69.2825 4.449 95.5745 -0.790825 0 -3.5 0.51347 -0.263148 0.816763
65.2588 -21.2455 122.921 -1.08607 0 -3.5 0.458961 -0.382518 0.801894
75.014 -15.8807 120.296 0.114136 0 0.670588 -0.804594 0.317219 0.501996
66.6026 -23.9153 94.3411 -0.0972532 0.125953 -2.79591 -0.470113 0.37023 -0.801202
63.9315 -3.08087 79.0829 -0.168411 0 0.465533 -0.503817 0.689629 -0.520172
95.629 -24.588 117.291 -0.7296 0 2.8 -0.163154 -0.658082 -0.735058
53.6681 -12.8725 102.868 0.19848 0 -1.53528 -0.92944 -0.289915 0.228232
77.7363 3.867 69.9402 0.0883151 0.323455 -3.5 -0.149845 0.0507523 -0.987406
78.0543 13.5121 92.15 -1.76037 -0.186215 -3.5 -0.277954 0.948605 0.151296
88.0825 5.3625 100.413 -0.342795 0 -3.32346 -0.323586 0.711612 0.623619
108.808 -29.3193 103.601 -0.462125 0 -3.5 0.922162 0.148701 -0.357079
87.4295 -28.2461 119.66 -2.12929 -0.12537 -3.5 0.810335 -0.576056 0.107318
94.2625 -14.985 127.521 -0.206176 0 1.8 0.0792601 -0.776899 0.624616
98.429 -25.3223 112.628 -0.664384 -0.00159829 2.54807 0.794288 -0.600025 0.0952693
81.6712 4.429 81.6625 -0.474899 -0.964211 -0.8 0.848907 0.484426 0.211398
79.6058 -8.859 92.1133 -0.516446 0 -0.497071 -0.168827 -0.927042 0.334799
110.676 -2.355 104.477 -0.27937 0.413439 -3.5 0.81114 -0.476896 -0.338559
105.415 -24.6525 113.028 -0.213454 0 2.5 -0.0694039 -0.940276 0.333264
109.01 -5.12275 107.76 -1.72033 -0.210711 -3.5 -0.123575 0.925834 0.357155
92.8045 -10.2378 101.643 -1.04368 -0.237428 -0.214877 -0.671375 0.484498 -0.560818
61.983 -11.4935 84.397 0.5822 0 -2.06256 -0.405112 -0.631171 -0.661444
80.4099 -12.4095 83.4911 -0.564819 0 -3.5 0.129461 -0.605332 -0.785375
83.798 -6.67525 96.021 -0.0480398 0 1.8 0.575167 -0.504702 0.643784
110.008 -9.62775 100.95 -0.461824 0 -1.6 0.46762 0.436802 -0.768463
110.176 -15.8733 118.311 -0.284703 0 -0.843841 0.568601 -0.822549 -0.0103521
94.8367 -21.1787 127.221 -1.81732 -0.895341 -0.8 0.377117 0.153542 0.91335
67.3241 9.80425 88.7085 -0.279296 0 2.8 -0.781173 0.493313 0.382636
105.993 -16.7957 119.645 -0.0269774 0 -2.00741 0.0987692 -0.955214 0.278947
81.9465 -3.4985 125.482 -1.28935 -0.358901 -0.4 -0.761003 0.43198 0.484012
104.253 -2.4875 126.145 -0.530832 0 -0.7 0.482522 -0.34368 0.805641
102.441 -14.191 122.67 -0.897953 0.0104185 -4.34326 0.964758 0.263139 0.000373889
87.851 -14.7149 89.2172 -0.523871 0 -1.6 -0.47106 -0.866186 0.166809
86.3617 -5.39475 96.4255 -0.953201 -0.00275226 1.94017 -0.0462671 -0.903937 0.425155
99.2214 6.60738 115.494 -1.4881 -0.282654 -0.8 0.381198 0.744224 0.548469
91.8272 -21.4876 101.358 -1.01214 -0.13095 4.06103 -0.104625 0.591364 -0.799589
105.293 -2.98 121.784 0.152457 0 1.8 0.767539 0.608765 -0.200723
86.4973 -22.4153 120.985 -0.684158 0.102591 4.2 -0.423564 -0.389248 0.817973
95.1335 -3.18088 114.973 -0.141797 0 -1.16978 -0.0519435 0.972093 0.228774
73.246 -12.9925 118.062 -1.46233 -0.0467658 -3.5 -0.858215 0.414663 0.302524
83.531 6.1565 76.522 -0.46899 -0.0212885 -3.5 0.489991 -0.16627 -0.855724
88.717 10.3645 91.076 -0.23842 0 -4.5 0.452732 0.891487 0.0169042
66.1246 10.6005 84.9501 0.0619503 0 -1.3 -0.271975 0.961394 -0.0418368
94.214 -23.324 126.86 -0.628512 0.779955 -0.8 -0.177157 -0.210036 0.961509
76.6263 -10.1433 109.876 -1.92094 -0.0214221 -3.5 -0.422055 -0.120309 -0.898552
100.539 -29.0452 102.63 -0.3035 0 4.2 0.952335 0.254843 -0.167671
84.5281 6.31512 77.4891 0.054068 0.367253 -3.5 0.939229 0.281505 -0.196478
87.747 -11.0015 129.842 -0.699167 0 -3.2 -0.718433 0.116416 0.685785
79.0742 -4.928 107.758 0.591706 0 -3.9 0.723682 0.33627 0.602666
90.2858 2.6625 108.505 0.0888307 0.46303 -4.5 0.0716885 -0.151942 -0.985786
54.3836 1.7355 86.245 0.0864345 0 2.8 -0.909003 0.000984408 0.416788
97.791 -26.7033 126.539 0.39443 0 -0.8 0.184174 -0.332283 0.925023
67.3205 -0.394 100.029 -0.4332 -0.262242 2.8 0.519301 0.736284 0.433834
88.6511 0.329 120.714 0.34821 0 -3.9 0.792337 0.545868 -0.272452
108.683 -8.989 125.757 -0.177856 0.522969 -3.5 0.988741 0.000774874 0.149635
72.6373 -38.2668 112.774 -0.160195 0 -3.5 0.522568 -0.851296 0.0470871
86.1986 -15.8059 125.948 -0.490613 0 -3.5 -0.47309 -0.774972 0.419051
69.308 -14.0361 86.3672 -1.30536 -0.0372169 -4.08171 0.856051 -0.192798 -0.479589
66.654 -17.031 86.7915 -0.0655731 0 3.19909 0.566876 -0.394222 -0.723354
55.1081 2.92563 101.874 -0.481869 0.629718 -4.32509 -0.449059 0.683783 0.575141
66.508 -4.6625 71.729 0.71866 0 -4.5 -0.805587 -0.484115 -0.341558
97.988 0.50475 123.353 -0.114516 0 2.8 0.573109 0.65572 0.491505
98.3334 -18.8542 124.85 -1.43523 -0.175354 -3.36996 0.710706 -0.443459 0.546114
54.0662 3.4435 91.0127 0.445947 0 -3.5 -0.260767 0.159561 -0.952124
99.8597 -27.6147 102.083 -0.343097 0.297139 0.648596 0.983941 0.117217 0.134608
92.6054 -3.02375 115.998 -0.570863 -0.0412685 -0.8 0.217108 0.636187 0.740358
75.3463 -39.5957 121.106 -1.85988 0 -3.5 0.59259 -0.540776 0.596991
113.695 -12.5905 98.4159 0.0948545 0 -3.5 -0.218187 0.858868 -0.4634
105.394 -2.85212 109.256 -0.678493 0 2.8 0.988263 -0.152634 -0.00621025
66.1776 -34.5527 120.434 -0.425218 0 -0.7 -0.0228575 -0.00965505 0.999692
92.3389 -22.9556 96.6793 -0.356148 0.213427 -3.5 -0.313685 0.709736 -0.630774
105.417 4.27563 102.408 -0.416081 0 -3.5 0.154162 0.947325 -0.28073
111.006 -13.5063 123.362 -1.82253 -0.0743884 -3.5 0.0549214 0.137522 0.988975
93.5685 -20.3803 101.369 -1.58201 -0.0599202 4.5 -0.10926 0.296959 -0.948619
89.1463 8.23844 99.2215 -0.528526 0 -3.5 -0.285941 0.704998 0.649011
69.6315 -12.6517 77.6452 0.69764 0 -3.68094 -0.0544397 -0.604574 -0.794686
82.4492 -11.491 127.033 0.781996 0.0717633 -4.5 -0.847133 -0.525849 0.0764746
63.9243 -30.0658 119.081 0.238392 0.676308 -0.9 -0.52524 -0.340486 0.779867
84.9342 -36.4883 99.4505 0.218023 0 1.8 0.404463 -0.914364 0.0186585
102.995 -17.2604 124.807 -0.640517 0 -4.5 0.144038 -0.979002 -0.144248
73.9035 2.29513 67.3534 0.00751553 0 1.8 -0.410798 0.0778006 -0.908401
74.5153 -30.1112 100.554 -2.53539 0 -3.5 -0.376566 0.681473 -0.627528
92.1036 -7.94156 103.317 0.688797 0.631205 4.2 -0.923188 -0.0138918 -0.384098
83.145 14.365 89.7675 -0.471762 0 -0.533382 0.429779 0.89256 0.136477
113.552 -16.6297 98.6601 -0.747131 0 -3.5 0.272214 -0.842888 -0.464155
62.0765 -30.87 102.117 0.202499 0 1.8 -0.282763 -0.717823 -0.636219
55.4777 -17.995 89.649 0.25815 0 -3.9 -0.283524 -0.626413 0.7261
85.6045 -13.2898 87.1352 -0.969831 0 -0.4 -0.669975 -0.742383 -0.000826768
71.6255 -20.3136 89.2256 -0.0771353 0 3.8 -0.190663 -0.979232 -0.0689304
66.4821 -18.6254 86.8557 -0.101577 0 4.2 0.401747 -0.186737 -0.896509
55.539 11.0699 101.083 0.415562 0 -4.5 0.838962 0.354683 -0.412726
84.1475 -12.3772 85.7235 -0.366032 0 -0.8 -0.396865 -0.818981 0.41445
57.539 -21.648 116.329 -0.468263 0 -3.5 -0.940796 0.176172 -0.289597
82.9376 -4.5275 78.603 0.0404463 0 -3.39318 0.243123 -0.511608 -0.824104
77.1752 12.5791 91.6251 -1.39733 0 -3.5 -0.753094 0.642009 -0.143781
60.2371 -1.715 108.369 -0.383613 0 -0.7 -0.631374 0.466689 0.619329
64.1809 -34.5499 118.003 -0.354754 0 -0.72564 -0.844397 -0.313979 0.434062
70.8997 -22.4085 122.345 -0.179216 0 4.2 0.0619535 -0.172486 0.983062
54.985 -21.0721 102.806 0.28445 0 -4.5 -0.501575 0.658585 0.560971
64.6725 -30.9646 109.41 -0.25385 0 2.67857 -0.236346 -0.926786 -0.291904
90.2575 -13.2288 132.245 0.212505 0.459349 -0.9 -0.547696 -0.497398 0.672774
84.9645 -11.8317 92.7688 -1.79836 -0.0633262 -3.5 -0.197427 -0.820799 -0.536014
90.2483 -33.4554 105.23 -1.74395 -0.505003 -3.5 0.643675 -0.138222 0.752713
58.9098 -23.5133 88.6669 -0.678315 0 -3.5 -0.687249 -0.714059 -0.133446
86.0762 -13.323 88.7935 -1.09867 0 -0.4 -0.727814 -0.467564 0.501667
93.5766 -13.4257 131.849 -0.769767 0 -0.9 0.454467 -0.44862 0.769545
48.2535 -3.69038 88.0458 0.107199 0 -0.7 -0.118399 0.445205 -0.887566
55.2257 -13.7762 85.6609 0.625117 0.278885 -3.9 -0.604436 0.0965459 -0.790782
93.4368 0.23025 87.785 -0.685887 0 4.43655 0.700949 -0.199367 -0.684779
114.994 -12.2968 97.991 -0.698655 0 -3.5 -0.0525028 0.79959 -0.598247
106.973 -25.139 116.564 0.222206 0.839236 -3.5 0.478166 -0.858694 0.184398
98.1257 -28.6555 121.73 0.622913 0 -3.5 -0.658165 -0.636501 0.402101
103.533 -12.0583 122.377 -0.972942 0.0602962 0.866388 0.241782 -0.93035 0.275664
79.9017 -7.96131 123.812 -0.475155 0 -0.9 -0.445651 -0.676469 0.586332
71.8378 0.6165 97.8258 -0.439448 0 -3.5 -0.685841 0.508276 0.520843
112.104 -19.4151 100.979 -0.543642 0 4.5 0.868915 -0.286985 0.403269
92.2188 -30.6661 109.197 -1.51737 -0.0205714 -1.3 0.264971 -0.944341 0.194963
83.4984 -28.7084 118.432 -1.88048 -0.137242 -3.5 -0.879685 -0.465375 0.097879
75.2229 3.726 71.9115 0.331009 0.575938 0.767765 -0.0716907 0.901729 -0.426316
60.765 3.248 77.96 -0.328571 -0.0118486 -3.5 -0.82821 0.150285 0.539891
108.699 -2.00975 116.373 -0.526017 0 -3.5 0.164745 0.909014 -0.382821
58.6025 -23.1731 87.4289 -1.6912 -0.475279 -3.5 -0.634062 -0.716465 -0.290936
107.587 -22.3075 94.3541 -0.419542 0 4.5 0.276199 -0.957824 -0.0792941
82.879 -27.611 117.376 -0.671549 0 -3.5 -0.745271 -0.65157 -0.141517
82.9359 -27.1497 115.699 -0.72112 -0.315141 -1.17467 -0.439433 -0.850716 0.288409
119.38 -13.9657 100.267 -2.36318 -0.0176395 -3.5 0.593533 -0.203125 0.778755
92.5652 7.043 88.665 -0.0910736 0 0.735451 0.759224 0.647791 -0.0628087
72.613 10.9225 84.7507 0.769824 0 -3.9 -0.622568 0.540615 -0.565813
97.6126 -9.3625 132.385 -0.172629 -0.113448 -1.6 -0.233077 -0.865522 0.443335
67.0045 -34.6035 104.927 -0.812137 0 -3.5 -0.54147 -0.81216 -0.21727
97.0222 -18.7184 94.9679 -0.83241 -0.0440235 3.9797 -0.702841 -0.0815364 -0.706659
108.575 0.458 101.877 -1.08713 0 -3.5 0.772086 0.114152 -0.625182
82.654 -7.29 80.3275 -1.40365 -0.599294 -3.5 -0.00451554 -0.587587 -0.809149
113.348 -20.4385 108.563 -0.441124 0 2.8 0.914049 -0.372648 -0.160147
74.2034 -16.2073 96.7729 -1.18571 0 -3.5 0.731119 0.0288004 0.681642
54.0185 0.154 88.599 0.0471819 0 -0.0443092 -0.332544 0.743107 -0.580695
114.386 -10.1279 101.124 -2.84385 -0.697923 -3.5 -0.0990487 0.802706 -0.588093
100.127 -22.8039 94.881 -0.250795 0 -2.48241 -0.132639 -0.545294 -0.827684
81.0075 14.2891 88.8193 -0.292186 0.00908384 -3.32885 -0.340128 0.897266 0.281473
70.011 -31.6108 99.682 -1.12598 -0.148576 -2.38839 0.465483 -0.190686 -0.864271
96.339 -32.2287 111.24 0.211064 0.0275058 -3.5 0.0567735 -0.795778 -0.602921
104.055 -3.35413 98.3447 -0.3498 0 4.5 0.227597 0.121986 -0.966085
89.5114 -29.2611 99.1957 -0.338391 0 -1.6 0.84579 0.000612559 -0.533516
106.255 -37.4784 111.877 -1.75161 -0.756704 -3.5 0.599541 -0.512745 0.614527
73.914 -11.5288 76.9212 -0.560927 0 -3.5 0.317066 0.564538 -0.76208
53.6685 -17.4562 102.268 0.237006 0 -0.7 -0.921899 -0.0385907 0.385502
97.4506 -2.62575 94.8158 -0.0354852 0 -3.65441 0.937983 0.254366 0.235555
50.4193 1.87188 90.0462 -0.0419817 0 -0.7 -0.448955 0.863851 -0.228475
65.8583 7.0755 96.622 -0.316622 0 2.8 -0.241649 0.921147 0.305113
65.288 -4.31125 108.886 -0.456529 0 -3.5 0.00593987 0.528914 0.848655
94.8443 -6.64087 88.9001 -0.77518 -0.792397 -0.8 0.513836 -0.229934 -0.826501
92.2547 3.80275 101.572 0.192414 0 -1.6 0.194292 0.565201 0.801747
93.4125 -5.13088 119.941 0.123833 0 4.18022 -0.455933 0.81515 -0.357289
92.2065 -5.25175 103.561 -0.562693 -0.312343 4.2 -0.866598 0.454827 -0.205282
86.9139 0.561 110.834 -0.113292 0.321357 -3.81513 -0.74459 0.0861323 -0.661942
89.1314 0.83575 123.239 1.1022 0 -3.9 0.920809 -0.0989336 0.377258
110.989 -14.2048 114.142 -0.447925 0 -1.6 0.663256 0.730877 0.160964
76.3132 3.02425 101.017 -2.03172 -0.0775268 -3.5 -0.140382 0.440446 0.886736
98.1407 -23.0462 125.266 -2.32298 0 -0.8 0.196746 0.492669 0.847684
75.016 -15.7 106.394 0.36103 0 -4.5 0.255964 0.787678 0.560398
70.3071 -14.0005 114.104 -0.0231759 0 -1.3 -0.968635 0.227579 0.0997729
84.409 -8.35087 81.0444 -0.321375 -0.035924 -3.5 0.123667 -0.357735 -0.925599
60.7163 4.40125 77.8662 -1.40725 -0.864924 -3.5 -0.899935 0.26559 0.345803
81.9707 -16.1105 105.203 -0.390868 0 -1.6 -0.680022 0.711677 0.176311
95.1888 5.51025 94.997 -0.342743 0 -0.765821 0.0658097 0.613375 0.787046
107.748 -20.2432 102.872 -0.242332 0 4.5 -0.260779 -0.958658 -0.113882
56.4534 7.9095 93.4747 -0.0614829 0 3.8 -0.689135 0.638164 -0.343278
97.6752 -20.5322 125.28 -2.00116 -0.898229 -3.5 0.578319 -0.0383737 0.814907
54.0059 -19.4352 85.3065 2.74415 0.302061 -3.9 -0.00103589 -0.430608 -0.902539
113.779 -8.67912 118.334 -0.763548 0 -0.8 0.888172 0.369587 0.273047
89.28 -11.6138 130.816 -0.341076 0 -1.74775 -0.761185 -0.270803 0.589291
99.345 -35.914 113.624 -0.949806 0 -0.8 -0.140447 -0.939374 0.312812
54.4948 -14.4382 105.258 0.100278 0 -0.7 -0.562579 0.413381 0.715976
58.1955 -5.558 108.128 -0.190544 0 -0.7 0.2178 -0.237723 0.9466
69.9495 -33.3805 113.252 -0.167283 0 -3.5 -0.628219 -0.609294 0.483841
96.3382 2.92625 108.536 -1.14069 -0.660379 -3.5 -0.163526 0.702534 -0.692607
78.075 -16.116 95.4955 -0.558818 0 3.8 -0.358691 0.788859 0.499041
55.7567 -5.43787 106.768 -0.848659 0 -0.7 -0.677764 0.0277255 0.734757
85.592 6.474 82.7278 -0.186102 0 3.8 -0.417891 0.135424 -0.898347
76.6191 -19.2003 122.124 -0.22319 -0.00831029 -1.65474 -0.320123 -0.211853 0.923385
105.919 -16.448 95.8325 -1.80969 0 4.5 -0.0888716 0.565602 -0.819876
107.02 -9.14375 97.4845 -2.5038 -0.343215 -3.5 0.871792 -0.335933 -0.356549
57.8049 -20.839 91.9964 0.289208 0 -0.684689 -0.988556 -0.0117116 -0.150398
84.6064 -14.4544 83.3788 -0.282405 -0.61173 -0.8 -0.233043 -0.892091 0.387124
117.955 -13.12 108.84 -0.476732 0 2.8 0.888773 -0.159846 -0.429572
82.531 -5.25975 114.291 -1.99659 -0.28109 -3.5 0.28465 -0.530039 -0.79877
85.2678 7.2185 97.153 0.519525 0.836611 -4.5 -0.642137 0.156735 0.750397
105.589 -17.334 117.855 -0.71621 -0.220422 -0.8 0.445836 -0.811368 0.378038
64.6212 -4.82613 73.6004 -1.43431 -0.10397 -3.5 -0.576106 -0.372566 -0.727528
62.5465 6.4505 101.192 0.216044 0 1.9 -0.192375 0.980937 -0.0274803
107.129 -34.1369 110.494 -0.5114 0 -3.5 0.932884 0.2403 -0.268297
59.5904 7.441 103.817 0.0327884 0 1.8 -0.566498 0.760874 -0.316466
74.6055 12.6156 86.2991 0.354757 0 -3.9 -0.112314 0.976447 0.18422
66.8784 -32.9456 107.769 -0.448833 -0.309365 -2.70939 -0.919664 0.0037873 0.392688
102.036 3.3465 97.6511 -0.339894 0 -3.5 0.685413 0.723311 0.0838471
70.5379 -25.9312 102.666 -0.99811 -0.142003 2.68775 0.752253 -0.451098 -0.480236
88.9091 -30.2824 107.978 -0.702721 0.130365 -1.3 -0.132627 -0.852186 0.506152
74.7539 1.22925 67.2624 -0.0741206 0 1.8 0.145643 -0.296099 -0.943988
70.0918 -37.5353 111.355 -0.0124381 0.883175 -3.5 -0.77267 -0.605134 -0.191818
77.4326 -19.0906 89.1784 0.0947402 0 1.43197 0.293068 -0.933833 -0.205104
70.433 -2.5035 99.6992 -0.441688 0 0.331097 0.125169 0.900194 0.417114
95.8763 -26.1909 127.192 -0.388708 0 -0.8 -0.203767 -0.162157 0.965497
63.0168 -21.781 94.2101 -0.0865756 0 -3.5 0.568261 -0.640307 -0.516803
113.124 -15.5805 97.9335 -0.491843 0 -3.5 0.0539904 -0.482483 -0.87424
111.545 -12.1368 99.394 -0.090115 0.0965969 -2.35789 0.443739 0.866755 -0.227665
82.264 6.86475 95.1543 -0.418738 0 2.8 -0.354131 0.328496 0.875603
70.895 -17.9176 120.475 -1.444 -0.118582 -0.7 -0.537792 0.555346 0.634327
94.696 -2.28638 119.357 0.16294 0 4.2 -0.739156 0.673358 -0.0153938
59.0272 6.72225 96.736 -0.101064 0 3.8 0.359725 0.811125 0.461167
97.6145 -8.817 133.372 -0.182859 0 -1.6 -0.38596 -0.627498 0.676226
87.4945 -17.7782 125.15 -0.132933 0 -0.338535 -0.255087 -0.480043 0.839339
106.881 2.78875 103.688 -0.569153 0 -3.5 0.53951 0.740567 0.400611
101.662 -5.01062 131.843 -0.0336075 0 -1.6 0.763414 0.545381 0.346063
69.6077 -19.9282 112.739 -1.19347 -0.760443 -0.4 -0.447203 0.821904 -0.352822
58.6927 -30.4375 99.0465 -0.321517 -0.304522 -0.8 0.389966 -0.883077 0.260965
117.323 -15.8074 99.8559 -0.757524 0 -3.5 0.483247 -0.807512 0.338225
80.8699 -9.12075 104.831 -1.74881 0 -0.8 0.368947 -0.383776 0.846519
75.069 -11.7972 119.549 -0.439131 0 4.5 -0.443571 0.89415 -0.0611607
80.0861 -11.9753 88.1982 -0.688384 -0.450614 -1.48639 0.601679 -0.660258 0.449491
111.609 -16.3149 121.89 -0.958958 0 -3.5 0.386214 -0.692301 0.609556
65.2487 -30.1519 94.9672 -0.119874 0 4.2 0.372628 -0.758479 -0.534657
75.895 -9.09863 105.641 -1.94012 0 -0.4 -0.496451 -0.539443 0.680101
80.5671 -39.1847 95.6574 -0.236979 0 3.8 0.0545876 -0.489224 -0.870448
60.5949 -5.53575 79.948 -0.606194 -0.580626 2.8 -0.730186 -0.667894 -0.144034
83.7945 -17.684 99.0707 -0.516118 0 -3.5 0.325492 -0.552612 -0.767251
92.7745 -11.04 100.43 -1.58922 -0.026684 -3.9 -0.58318 0.506983 -0.63472
103.71 -29.0085 112.75 -1.85609 -0.0597664 2.8 -0.00441459 0.144662 0.989471
75.559 -13.085 80.356 -1.37922 -0 -3.5 0.738157 -0.4906 0.463072
62.8083 5.18025 78.1622 -0.824482 -0.897942 -3.5 0.234024 0.949594 0.208577
94.2533 -30.2857 100.271 -1.59346 0 -3.5 -0.661746 0.356707 -0.659433
96.4498 -13.3048 95.1742 3.03273 0 -3.9 -0.469875 -0.108856 -0.875995
84.7784 -33.4614 102.263 -0.574923 0 -3.20819 -0.755292 -0.540353 0.370882
94.3919 4.731 97.3053 -0.889121 0 -3.5 -0.128179 0.991494 -0.0225921
79.9741 4.40175 100.114 0.259697 0.0587128 -4.5 0.258438 0.710753 0.654248
96.7708 -1.23869 118.008 0.470877 0 4.2 -0.257909 0.959626 -0.112251
66.159 7.175 91.964 -1.55056 -0.01227 -3.5 -0.729205 0.680288 -0.0739506
77.9076 -8.22525 98.8921 -0.569209 0 -3.18089 0.615879 -0.710573 -0.340263
97.7363 4.4105 92.773 -1.1982 0 -3.5 0.838154 0.239568 -0.490005
80.9205 -14.2668 110.201 -0.770323 0 -0.0410221 0.560592 0.38007 -0.73572
64.974 -26.2445 93.5798 0.567817 0 -0.8 -0.803976 -0.0360371 -0.593568
49.7474 -10.6556 97.0501 0.773832 0 -2.75865 -0.935262 -0.272945 -0.225358
104.472 -13.0122 130.42 0.20755 0.276455 -3.5 -0.13496 -0.411687 0.901277
55.7455 -24.2796 96.8366 0.184428 0 1.8 -0.125829 -0.163895 -0.97842
85.8024 -13.5684 129.335 -1.9041 -0.300145 -3.5 -0.436373 0.420124 0.79566
66.9628 -15.4035 79.4805 0.41691 0 -3.9 0.335246 -0.882737 0.329221
93.189 -26.3974 98.7812 -0.127148 0.0307325 -3.5 -0.388078 -0.915083 0.10963
57.5908 -27.4085 109.179 0.656655 0 -4.5 -0.987033 -0.087249 0.134733
65.3232 -0.078125 104.715 -0.0717052 0.661558 4.5 0.841455 0.282238 0.460755
101.279 6.5365 109.634 -0.686164 0 -3.5 0.689236 0.650572 0.318918
86.5956 4.81275 97.7838 -0.866377 -0.0474359 -4.13898 -0.59588 0.577691 0.557853
91.8121 -27.9688 121.848 0.479411 0 -3.9 -0.130525 -0.84618 0.516665
73.5378 5.55538 94.1019 -0.440683 0 3.8 -0.0403353 0.914925 0.401603
71.6582 -29.7728 124.099 -0.0790467 0 1.8 -0.558142 -0.248593 0.79163
54.7095 -22.689 106.03 0.264448 0 -4.5 -0.148982 0.370759 0.916702
58.0527 4.99137 106.897 -0.880361 -0.54502 -3.5 -0.211271 0.879004 0.427454
102.378 -9.98175 92.1705 -0.440119 -0.382657 -3.5 -0.0563947 -0.522492 -0.850777
115.954 -22.6631 114.313 -1.22328 0 -0.8 0.398638 -0.839942 -0.368218
74.5362 12.6698 85.2507 0.129244 0 -3.9 -0.428056 0.896365 -0.115312
63.511 -27.1749 111.061 -0.343463 0 -2.05453 -0.735993 -0.635535 0.233256
90.664 -10.7863 133.502 -0.369727 0 -0.9 -0.0512058 -0.355689 0.933201
84.9958 -11.7738 100.522 -0.348624 0 -1.6 0.0137583 0.414905 -0.909761
109.494 -3.25038 120.36 -0.225468 0 -3.5 0.132415 0.164173 0.977504
115.017 -13.6667 96.7538 -0.526858 0 -3.5 -0.116034 0.249061 -0.961512
104.146 -18.438 94.348 0.149255 0 4.5 -0.332963 0.557064 -0.760799
77.0699 -18.1785 86.6094 -0.490469 0 3.8 0.693695 0.0318552 -0.719564
80.2995 -16.2825 97.264 -0.580996 0 3.8 -0.192845 0.939011 0.284727
82.8952 2.319 99.1908 -0.693624 -0.120109 -1.25338 0.191751 0.98124 -0.0200069
105.1 -1.0385 112.563 0.941426 0 -3.9 0.295083 0.945986 0.134301
82.2483 -21.8531 122.651 -0.341816 0 4.2 0.206134 -0.589903 0.78072
65.2104 6.25387 89.8284 0.00985107 0 -1.26185 -0.296007 0.926386 0.232785
50.0252 -10.268 95.997 0.663148 0 -3.41172 -0.801611 -0.272579 -0.532091
57.6722 -13.8665 85.0065 0.218225 0 -3.9 -0.0100916 -0.107558 -0.994148
73.3899 11.0434 88.4567 1.77494 0.0298268 -3.9 0.0327736 0.470577 0.88175
97.8159 -32.6034 119.505 0.932892 0 -3.9 -0.820529 -0.453405 0.348075
86.5837 -35.5235 102.49 0.0693548 0 -3.5 -0.447189 -0.886556 -0.118496
69.571 -20.8598 90.558 0.722699 0.869977 -4.5 -0.23478 -0.96753 -0.0936196
49.15 -8.762 90.4453 0.40418 0.0521664 -0.7 -0.616043 -0.783742 -0.0789863
95.2576 -31.7964 107.274 -0.858491 0 -3.5 -0.49593 -0.437351 0.750185
73.7589 -21.9093 104.219 0.0965692 0.206152 -0.7 0.648229 0.0583736 -0.759205
97.1511 -28.7535 120.945 0.0307928 0 -3.84789 -0.213454 -0.849551 0.482391
96.8756 -34.64 113.741 -0.821875 -0.60211 -3.9 -0.683873 -0.728403 -0.0417973
67.5529 -37.985 120.552 -2.10811 -0.0481932 -0.7 -0.153806 -0.839098 0.521783
47.1205 -7.33913 97.2611 -0.0985164 -0.0475438 1.05842 -0.617588 -0.605762 -0.501635
116.422 -9.8385 102.602 -2.44705 -0.0434136 -3.5 0.773975 0.509929 -0.375413
66.1615 -18.9601 91.0608 0.242936 0 -3.39212 0.18508 -0.974803 0.124517
112.492 -12.7405 97.9915 0.299141 0.713096 -3.5 0.0622362 0.744992 -0.664164
99.426 -27.7402 95.2095 -1.50141 -0.0696523 -0.8 0.560806 0.0493491 -0.826476
98.8388 2.10775 99.7809 -0.412118 -0.139064 -3.5 0.217719 0.767575 0.60285
63.8266 -20.537 118.675 0.502827 0 -3.5 0.00220908 0.978784 -0.204885
78.5041 -18.2366 123.615 -1.93516 -0.296038 4.5 -0.0574654 -0.173166 0.983215
63.2445 -8.287 79.5717 0.825395 0 2.8 -0.662407 -0.210367 -0.719002
89.917 -16.5268 127.779 -0.611255 0 -3.5 0.470668 -0.662552 0.582664
68.8552 -22.4853 93.7868 -0.90735 0 -2.1233 0.237032 -0.212012 -0.948086
70.5038 -17.3136 113.14 0.14088 0 -1.3 -0.977338 -0.208772 -0.0349805
81.5762 -6.3975 115.021 -1.8485 -0.0746333 -3.5 -0.54302 -0.302101 -0.783495
85.8375 -1.92175 99.581 -0.425677 -0.370233 -0.94991 0.162473 -0.291103 0.942795
84.9295 -28.595 112.883 -0.674232 0 -0.4 0.478521 -0.750876 0.455196
79.526 -17.8808 88.8291 -0.29209 -0.0167193 -0.4 0.750316 -0.223808 -0.622042
51.5148 0.976125 102.313 -0.470518 0 -3.5 -0.745271 0.661536 0.0833196
66.2318 -37.9688 119.408 -1.13117 -0.946958 -0.7 -0.410722 -0.628301 0.660716
74.4628 -12.02 87.7691 -0.924479 0 -0.4 -0.614632 -0.365894 -0.69882
99.0638 -12.598 128.634 -0.482033 0 -0.485389 -0.411868 -0.748099 0.5203
76.163 -5.2605 108.288 1.30262 0.59983 -3.9 -0.620908 0.432438 0.653813
73.994 -18.501 96.12 -0.864629 0 -3.5 0.403139 -0.566296 0.71888
91.7357 -28.8547 110.044 -1.20322 -0.653175 -1.3 -0.302313 -0.298941 0.905119
72.6566 8.70912 88.8291 0.708075 0.316045 -1.03794 0.268902 0.342552 0.900194
107.546 -8.0285 100.793 -0.0467409 0 -1.6 0.68957 -0.191922 -0.698327
68.93 1.177 72.278 0.0598605 0 -4.0215 -0.584234 0.652846 -0.482144
57.2174 1.539 107.655 -1.83967 -0.312209 -3.5 -0.655475 -0.563482 0.502833
95.9505 -11.9805 131.125 -0.186337 0 -0.9 0.498288 -0.208585 0.841547
85.2513 -10.7113 90.0161 0.000429795 0.70446 -3.5 -0.43196 -0.890271 0.144315
72.2725 -14.5944 79.9068 -1.29335 0 -3.5 -0.423225 -0.868519 0.257984
97.8816 -32.123 108.01 -0.443752 0 -2.62064 -0.0161907 -0.95589 0.293279
102.275 2.89112 113.634 -0.2637 0 1.9 0.978825 0.201202 -0.037664
67.419 -19.1274 90.718 0.21989 0 -0.770006 -0.258712 -0.963423 0.0698948
89.5415 -8.2075 107.029 0.212698 0 0.44352 -0.693505 0.464128 -0.551032
61.6334 6.30875 99.8451 -0.141096 0 1.9 -0.144354 0.98856 -0.0437228
86.1404 8.82012 84.578 0.277317 0.138511 1.58843 0.264514 0.658894 -0.704195
62.1637 -31.1798 105.712 -1.09623 0 1.8 0.0464346 -0.770151 0.63617
81.4342 -20.8428 94.6172 -0.427805 0 3.8 0.605412 -0.356233 -0.711741
95.4212 -2.05288 126.659 -0.811659 -0.242329 -3.5 -0.00510917 0.987536 0.157308
83.8461 -9.21525 112.298 -2.25946 -0.332301 3.8 0.226615 0.826376 -0.515507
81.736 -21.0531 123.228 -0.319075 0 4.2 -0.0037979 -0.2014 0.979502
89.707 -27.1658 121.954 1.02391 0 -3.9 -0.508888 -0.759874 0.404505
73.8508 -36.6768 114.579 -0.679155 -0.115344 -3.5 0.701214 -0.686294 0.193132
88.1535 -36.1152 104.209 -0.384581 0 -3.5 -0.128689 -0.810318 0.571685
110.683 -4.79238 103.103 -2.11611 -0.225076 -1.6 0.943775 0.316348 -0.0959866
64.5131 9.77763 112.087 0.0528104 0 4.5 -0.253014 0.110139 0.961173
77.5396 -15.5171 102.677 0.0147275 0.0627486 -4.5 0.916283 0.396622 -0.0558204
97.2081 -15.7165 93.6785 0.275661 0.173545 -3.5 -0.927345 0.0408109 -0.371975
77.6131 -28.656 102.995 -0.457128 0 -1.41907 0.303175 0.660666 -0.686736
70.6028 -13.1257 110.259 -0.671203 -0.844248 -0.711646 0.909057 0.282582 -0.306208
95.9996 -0.51225 138.87 0.122931 0 -4.5 -0.184162 0.752167 0.632716
75.7506 -38.9448 109.568 2.33371 0.159346 -3.9 0.538299 -0.798699 -0.268913
74.2665 -20.2652 121.966 -0.143266 0 -3.5 -0.155249 -0.106811 0.982084
67.5999 -17.4981 87.3469 0.06905 0 1.18855 0.199805 -0.181426 -0.962893
112.385 -16.7461 103.124 -0.166759 0.311495 -0.7 0.464415 -0.884964 -0.0340059
79.8398 4.82762 72.7558 0.664283 0.820997 -3.5 0.813091 0.493026 0.309528
93.8942 -7.8185 88.957 0.123786 0.0564947 -0.8 0.357225 -0.433734 -0.827204
95.7048 5.96575 110.633 -1.69824 -0.888053 -4.5 -0.154621 0.706453 -0.690664
88.62 11.3679 92.7511 -0.229014 0 -4.5 0.420629 0.894487 -0.151539
79.3394 -26.8315 98.6478 1.59129 0.845108 -3.9 -0.75996 0.1379 -0.635173
67.8184 -34.2984 109.413 -0.365561 -0.569375 -3.5 -0.89465 -0.413447 0.169301
88.4193 -31.8635 101.84 -0.160339 0 -1.6 0.514641 -0.57811 -0.633193
85.173 -28.7806 120.336 -1.43199 -0.00705024 -3.5 -0.266152 -0.443827 0.855676
86.8432 -2.393 127.153 -0.34894 0 -3.5 -0.239514 0.958234 0.156272
83.4536 -31.1045 110.178 0.103592 0 -4.5 0.865527 -0.494258 -0.0810675
62.3195 -6.8825 107.841 -0.177396 0 -3.18513 -0.97214 -0.0199343 0.233553
71.2422 -36.951 121.661 -0.796551 0 -3.5 -0.331968 -0.724278 0.604333
63.0274 7.11137 103.504 -0.134828 -0.330411 1.8 0.495445 0.797389 -0.344537
53.6834 -17.4522 105.256 0.916741 0.593951 -0.7 -0.834458 -0.273589 0.478361
62.7504 0.205125 83.5267 -0.217221 0 -3.5 -0.084213 0.657753 -0.748511
80.5516 -11.8599 110.305 -0.550222 0.0230854 -3.05029 0.371874 0.189819 -0.908669
75.9857 0.696875 100.614 -1.81703 0 -3.5 -0.375165 -0.386621 0.842482
97.8747 -8.19675 94.7785 -0.028248 0 -1.70376 0.148568 -0.468022 -0.871139
61.7118 5.447 77.734 -1.84836 -0.0334718 -3.5 -0.335463 0.939772 -0.065513
92.9011 2.66337 114.105 0.761935 0.460524 -0.8 -0.27354 0.531828 0.801458
81.398 14.6198 83.8542 -0.382117 0 -3.5 -0.163036 0.467203 -0.868988
93.4352 -21.967 97.2575 -1.59086 -0.756588 -3.5 -0.180112 0.675404 -0.715114
100.688 6.07338 110.927 -0.48406 0 -1.25638 0.456825 0.707429 0.53931
106.716 -28.1887 111.88 -0.154853 0 1.8 0.464089 -0.165232 0.870241
88.027 -11.3695 86.0066 -0.710926 -0.236769 -0.692503 0.850282 -0.46498 -0.246604
94.7767 -16.4013 126.341 -1.30634 -0.287927 -1.39496 -0.128774 -0.365824 0.921732
106.158 -9.89087 132.043 -0.48186 0 1.8 0.596641 0.0601635 0.80025
68.8841 12.6574 78.1655 1.36921 0.788555 -0.8 -0.448468 0.870957 -0.200775
67.5547 -14.2189 81.8356 2.20616 0 -3.9 -0.0226127 -0.962471 0.270442
74.2645 -18.3114 85.7701 -0.399371 0 3.8 -0.405934 0.147419 -0.901934
66.4245 7.4005 95.735 -0.229753 0 2.8 0.0708384 0.995334 0.0655112
61.4445 -6.50475 79.0263 -0.857842 -0.146781 2.8 -0.640292 -0.647525 -0.413203
70.7875 -13.7475 108.13 -0.919643 0 -0.788396 0.860416 0.50935 -0.0157316
104.055 -24.4435 122.838 0.0435971 0.00260629 -4.5 0.252087 -0.790566 0.558084
79.8096 -6.09037 106.62 0.159754 0 -3.9 0.979039 -0.106469 0.173628
66.1415 -18.5995 120.882 -1.7108 -0.479307 -3.5 0.578156 0.711489 -0.399399
100.962 -30.1752 116.585 -0.172819 0 -3.9 0.90225 0.214217 -0.374241
93.7777 3.6795 85.8365 0.126484 0.244053 4.5 0.699977 -0.322181 -0.637363
77.3945 1.15325 101.666 -2.47013 -0.0796762 -3.5 -0.0514099 -0.272334 0.960828
90.1162 -21.4695 121.911 -0.431944 0 1.8 -0.375547 0.164691 0.912053
101.252 -32.1784 108.66 -0.190052 0 2.8 -0.0417399 -0.714628 -0.698259
78.9305 5.59675 72.1509 0.363728 0.0772549 -3.5 0.196863 0.979028 0.0524329
59.4286 -22.7197 86.4745 -1.76059 -0.234513 -3.5 -0.0209211 -0.490593 -0.871138
72.306 9.79 74.391 0.218109 0 -3.5 -0.653155 0.714472 -0.250836
81.8579 -10.6589 95.2109 -0.723173 0 -0.7 -0.0293856 -0.996563 0.0774495
59.3838 -24.7493 110.169 0.517024 0 -4.5 -0.602855 0.797813 -0.00777336
94.2351 5.96637 84.2376 -0.228095 0 4.5 0.620248 -0.403529 -0.672649
91.903 -9.02188 103.99 -0.203996 0.183715 4.17211 -0.842331 0.196569 -0.501835
88.1697 4.60125 81.4938 -0.199031 0 3.8 0.318568 0.257213 -0.912335
78.2572 -7.78575 75.521 0.311051 0.277222 -0.7 0.0874731 -0.52149 -0.848762
63.655 -31.646 119.133 0.186357 -0.162366 -0.9 -0.830833 0.0553062 0.553766
83.167 11.3503 83.6072 -0.342503 0.00459018 -0.7 0.0458678 0.543429 -0.838201
96.3515 -34.8674 101.273 -0.729361 -0.143816 -3.24733 -0.357075 -0.912089 0.201471
77.8187 11.4248 93.5325 -1.50097 -0.501728 -3.5 -0.310093 0.0420358 0.949777
66.4622 -30.5322 120.843 0.0163997 0 -0.9 -0.499422 -0.0925314 0.861403
61.0361 -27.6747 95.4125 -0.132061 0 4.2 -0.704288 0.313789 -0.6368
102.584 -12.508 122.675 -0.890073 0 -0.9 0.841729 -0.489519 0.227738
87.9684 -5.53162 128.713 0.401368 0 -3.5 -0.342975 -0.33873 0.876145
106.719 -20.8954 114.55 -0.0168954 0 -3.5 0.964965 0.226308 -0.132768
100.182 5.43713 115.035 -1.04697 -0.284995 0.692427 0.663347 0.567272 0.48803
90.8964 -17.38 125.853 -1.24723 -0.454066 -3.5 -0.113024 -0.832918 0.541732
71.0863 -37.4967 110.386 -0.512263 -0.476266 -3.5 -0.23996 -0.949385 -0.202702
99.369 -30.9684 106.909 -0.512562 0 -3.26605 0.811312 -0.429163 -0.396978
90.541 10.3204 89.287 0.0742329 0 -4.21036 0.440402 0.825093 0.353932
66.0715 -37.8114 115.581 -0.175882 0.114181 -0.7 -0.255852 -0.688091 -0.679022
79.1374 4.6515 95.646 -0.204947 0 -4.5 -0.250203 0.962569 -0.104209
50.8413 3.0205 98.0017 0.384304 0.0868375 -0.7 -0.313811 0.855204 -0.41249
112.599 -6.7035 117.393 -0.394374 0.688791 -2.8025 0.862943 0.476971 -0.166816
56.402 3.0495 106.021 -0.774746 0 -3.5 -0.985279 -0.0274946 0.168728
90.3334 -36.2429 102.822 0.114344 0.38265 -3.5 0.466933 -0.882298 -0.0593637
85.5561 0.1665 124.8 0.300755 0 -3.9 -0.132272 0.402128 0.905979
100.897 -26.0391 118.274 -0.631575 0 -0.8 0.793438 0.190413 0.578099
79.6995 -7.49137 96.6851 -1.41811 0 -2.32925 -0.00784965 -0.714989 0.699091
92.0713 -19.6945 122.75 -0.464886 0.915376 4.2 -0.706768 -0.224596 0.670847
75.6401 -14.9301 101.218 -0.407464 0 -0.153058 0.643363 0.540522 -0.542144
60.4681 -21.5914 118.096 0.0311361 0 -3.5 0.193803 0.817731 0.541993
110.295 -3.52988 101.069 -0.449817 0 -1.6 0.985254 0.0494446 -0.163796
64.2016 -20.5156 117.044 0.604819 0.224841 -3.5 -0.0858255 0.989352 0.117543
89.7377 4.38825 82.7434 -0.205408 0 4.1854 0.546838 -0.138113 -0.825768
76.724 -9.65038 93.4463 -0.481972 0.0471874 0.531036 0.767925 -0.55614 -0.317803
104.158 -31.3844 98.4791 0.549355 0 -3.9 0.794948 0.376429 -0.475772
77.556 3.91 96.3484 -0.625174 0 -4.5 -0.282489 0.948092 0.146021
114.503 -18.6111 111.255 -0.648653 0 -1.6 0.833268 0.021913 -0.552434
69.839 -9.99737 106.073 -2.11807 -0.380926 -0.4 0.940439 0.0253116 0.339019
102.08 -30.0184 97.4512 -0.419829 0 -3.9 0.491222 -0.112192 -0.863779
76.786 -37.2291 111.044 0.950028 0 -3.9 0.785934 -0.349784 0.509862
112.836 -24.128 115.071 0.407075 0.626401 -0.8 -0.197173 -0.93744 -0.286932
101.861 -16.6532 93.8627 -0.881003 -0.262041 -3.5 0.886182 -0.269346 -0.377006
94.4856 9.79 94.2834 -1.88117 -0.641943 -3.5 0.750932 0.150772 0.642938
81.9769 -3.14713 124.354 -1.68187 -0.348407 -0.4 -0.713724 0.694459 -0.0912347
48.9119 1.56113 98.777 -0.410421 -0.549041 -0.7 -0.974737 0.215713 0.0579244
59.5275 7.86325 104.999 -0.0263538 0 1.8 -0.655415 0.703972 0.273595
96.8047 4.92681 91.1407 -0.037801 0 -0.4 0.961793 0.093183 -0.257432
100.58 -15.4396 92.2346 -1.0687 -0.117535 -3.5 0.355014 0.34542 -0.868706
107.648 -24.2776 116.218 0.660377 0.105417 -3.5 0.950619 -0.292624 0.10342
81.0351 -39.524 99.9271 -0.158697 0 3.8 -0.293234 -0.523577 0.799926
66.7295 0.49525 70.37 0.488263 0.344436 -4.5 -0.746967 0.416492 0.518241
51.1119 0.51425 93.5736 0.284262 0 1.57236 -0.673745 0.687068 0.272039
111.326 -24.6112 107.16 -0.314771 0 1.8 0.956614 -0.291129 0.0115459
67.6905 -35.499 114.936 -0.0387028 0 -0.7 0.45666 0.176237 -0.87201
83.7345 -0.03575 113.28 -0.106586 0 -3.2 -0.340829 0.936524 -0.0822136
65.8842 -31.1462 99.1735 0.224466 0 -1.6 -0.418178 -0.908361 0.0027316
90.8941 -4.167 109.973 -0.604233 -0.274603 4.2 -0.463966 0.749392 -0.472384
100.454 4.4355 95.985 -0.663495 0 -3.5 0.597727 0.788704 -0.143767
86.7302 -11.6941 81.9013 -0.384793 0 -0.8 0.566215 0.174742 -0.805522
87.6421 -20.702 101.443 -0.68406 0 3.8 -0.505723 0.221899 -0.833669
70.265 -18.4274 87.0761 0.201446 0.0408545 -4.5 0.0922472 -0.148724 -0.984567
58.0037 4.89888 87.0439 0.0375861 0 -0.8 -0.156154 0.380945 -0.911316
95.3491 -27.8109 98.5301 -0.466856 0 -0.8 -0.806759 -0.581749 0.103481
68.9714 -0.196625 98.6817 0.355668 0 2.8 0.496144 0.749748 0.437858
77.0433 -12.5801 83.736 -0.393776 0 -3.5 -0.421316 -0.748301 -0.512385
77.9604 0.446125 101.222 -1.74248 -0.451135 -3.5 -0.321278 -0.337171 0.884927
95.9585 -18.2915 99.2165 -0.51452 0 4.2 -0.687443 -0.717596 -0.111706
93.621 -33.7705 104.466 -0.361003 0 -0.8 -0.203393 -0.724905 0.658137
73.5931 -14.3689 98.1286 -0.547394 0 -2.28643 0.971678 -0.146589 -0.185346
80.2485 6.642 92.554 -0.852266 0 3.90304 -0.497832 0.400444 0.769291
107.795 -29.9126 110.377 -0.289554 0 1.8 0.704067 -0.520938 0.48261
80.4313 -32.1411 104.254 -0.45278 0 -0.8 0.0416554 -0.944645 0.32544
111.287 -13.7052 97.3597 0.239516 0 -2.5919 0.240546 0.422174 -0.874017
110.107 -18.7078 113.112 -0.143661 0 -1.6 -0.505097 -0.802221 0.318305
75.3066 2.857 67.6898 0.0001243 0 1.8 0.433878 0.43557 -0.788688
103.064 -28.0835 104.86 -1.19262 -0.365938 -3.11466 -0.0622949 -0.700695 -0.710736
92.1771 2.64263 107.722 -2.08781 -0.128665 -3.5 -0.538728 0.276217 -0.795912
64.971 -26.4905 121.895 1.4407 0.538098 -3.9 -0.255663 0.367286 0.89428
79.5608 -33.4272 114.284 -0.164661 0 2.8 0.351113 -0.863007 0.363234
73.2318 12.6587 86.619 0.449949 0 -3.9 -0.317678 0.948195 -0.00255456
69.0707 11.596 77.1083 0.298992 -0.422913 -0.8 -0.317756 0.434912 -0.842545
99.917 -31.2295 122.957 -0.450492 0 -3.5 -0.311343 -0.903341 0.295025
68.2288 1.94625 98.0488 -0.378936 0 2.8 0.921097 -0.0264976 0.388431
105.517 -23.7232 123.086 0.561774 0.675622 -4.5 0.252242 -0.00969053 0.967616
87.7497 -2.277 100.013 -0.506954 0 -0.8 -0.176281 -0.311593 0.933721
63.644 5.55288 94.9995 -0.187418 0 2.8 -0.210542 0.920891 -0.328073
101.073 -13.5275 130.054 -0.272408 0 -4.5 -0.589466 -0.281006 0.757341
102.457 -16.43 97.1452 -0.812528 0 -0.730902 0.471696 0.101043 -0.875953
86.3985 -10.881 100.602 -0.551739 0 -1.6 0.0142835 0.721749 -0.692008
57.7508 -27.9447 111.355 0.471772 0.101304 -4.5 -0.902971 -0.429679 -0.00442167
87.8025 -30.8318 106.985 -0.920174 0 -3.5 -0.0183273 -0.752057 0.658843
83.0346 1.865 79.1164 0.10656 0.0965541 -0.845146 0.977488 0.128476 -0.167366
49.9659 -12.6337 97.4951 -0.116916 0 -0.8 -0.863355 -0.369217 -0.343944
71.2021 -37.6669 108.016 -1.94548 -0.0737762 -3.5 -0.125846 -0.911679 -0.391157
96.0624 2.51863 87.5803 -0.201015 0 1.8 0.560295 -0.0259483 -0.827886
56.3037 -12.1961 107.739 0.421335 0 -4.5 -0.910269 -0.331279 -0.248322
79.2496 -7.52738 99.1773 -1.14666 0 -2.30539 0.242395 -0.823604 -0.512759
86.734 3.07787 102.866 -0.366293 0 -0.8 0.095008 0.340173 0.935551
88.9776 -5.91988 128.809 0.278374 0 -3.5 -0.242057 -0.0137751 0.970164
112.961 -23.9186 116.59 0.0484167 0.0168461 -0.8 -0.142292 -0.82925 0.54046
77.3885 -19.8415 93.3525 0.0813038 0 3.8 -0.401952 -0.823063 -0.401251
90.8431 10.7744 85.9391 0.325614 0 -4.5 0.736346 0.33912 -0.585484
74.5816 -5.53363 72.2046 -0.277752 0 -3.5 0.56561 -0.712129 -0.415882
80.6363 -11.054 122.94 -1.51037 -0.435416 -3.5 -0.162057 0.253579 0.953643
63.0196 -12.9531 110.977 0.295453 0 -1.6 -0.624268 0.250435 0.739981
79.2445 -15.2028 88.2558 -1.45424 -0.412106 -0.4 0.961131 0.258667 0.096529
73.9015 12.1595 87.8008 0.834054 0 -3.9 0.0300491 0.7857 0.617877
94.3774 -24.4006 126.973 0.391493 0.716342 -0.8 -0.148757 -0.0556615 0.987306
100.149 2.08238 100.166 -1.33854 0 -3.5 -0.204355 0.814828 0.542489
75.038 0.398 68.131 0.03195 0 1.8 0.515496 -0.32533 -0.792732
52.4701 -18.1978 98.7168 0.692184 0.0869769 -0.8 -0.801031 -0.458649 0.384695
87.742 -11.4508 96.5131 -2.27469 -0.308206 -3.5 0.791736 -0.297165 0.533711
79.791 -16.0549 95.5716 -0.636226 0 3.8 0.179562 0.978859 0.0979468
104.91 2.278 105.893 -0.299086 0 -3.5 0.277639 0.240083 0.930203
82.7799 -6.1655 100.997 0.0482898 0 -0.8 0.999198 0.0355286 -0.0184415
70.63 -6.4095 72.2483 -0.650765 0 -3.5 0.172247 -0.583563 -0.79359
47.8506 -5.3635 101.854 0.194179 0 1.8 -0.268725 -0.16222 0.949459
105.987 -10.4408 97.4488 -1.1576 -0.697012 -2.93525 0.542077 -0.243295 -0.804338
68.2193 -2.01062 66.6171 0.605506 0.30368 -4.5 0.0988062 -0.830151 -0.548714
111.598 -11.8124 105.804 -2.80013 -0.297362 -2.63076 0.30218 0.844593 0.441984
89.5395 -6.84975 108.141 -0.33783 0 2.5 -0.709645 0.502634 -0.493723
46.2041 -5.63112 94.5605 0.0290433 0 -0.4 -0.90624 -0.143115 0.397804
96.5245 -16.7259 126.986 -2.9862 -0.763816 -3.5 0.0318366 -0.136092 0.990184
97.225 -10.4785 95.9118 0.682819 0 -3.9 0.216647 0.0105099 -0.976193
58.7395 -26.1278 117.175 -0.518855 -0.73686 -3.5 -0.829295 -0.424922 0.362921
52.8471 -21.7285 103.135 1.411 0.44248 -4.5 -0.412119 0.865005 -0.286223
105.068 -0.31825 126.069 -0.425955 0 -0.7 0.885236 0.17271 0.43189
111.293 -13.6159 119.298 -1.04314 0 -2.77585 0.786277 -0.445387 -0.428251
92.1485 -6.57925 103.662 -0.371188 -0.147936 4.2 -0.970383 0.0134626 -0.241196
72.2458 -14.774 77.763 -0.969922 -0.149475 -3.5 -0.658852 -0.59104 -0.465387
103.429 -34.407 109.479 -0.664378 -0.956824 -3.5 -0.374354 -0.021355 -0.92704
65.213 -31.1015 106.098 -0.0807953 0.133422 -1.56894 -0.181197 -0.753547 0.63193
78.27 -2.627 100.784 -0.375357 0 -1.3 -0.850211 0.461675 0.252977
85.2656 3.93112 97.4894 -1.94388 0 -3.5 -0.678632 0.495631 0.542041
106.588 -6.2125 95.7405 -2.42705 -0.763255 -3.5 0.475054 0.601755 -0.642039
52.3824 5.53894 100.166 0.0132607 0 -4.5 -0.939718 -0.341745 -0.0118709
74.8875 -3.41825 101.578 -0.756294 -0.694201 -0.8 0.259234 0.874007 0.410985
54.5602 8.24813 103.893 0.0931658 0 -4.5 0.65941 -0.459023 0.595379
82.6208 -5.7625 125.989 0.124723 0 -0.4 -0.687382 -0.112772 0.717488
104.461 -1.98875 114.472 0.693517 0 -3.9 0.353452 0.812278 0.463979
112.288 -4.5645 117.248 -0.683924 -0.00685267 -3.5 0.964392 0.107736 -0.241538
60.9147 -15.7183 108.136 -0.0344168 0 -0.279636 -0.543127 -0.0895298 0.834864
77.6206 4.12913 98.5515 -0.83809 0 -3.63352 -0.244195 0.966095 -0.083836
53.8549 -23.4205 97.6028 0.184895 0 1.8 -0.673616 0.19603 -0.712611
77.0269 -35.6779 99.9835 0.00654935 0 -3.5 -0.526597 -0.0950218 -0.844788
105.594 -0.012 98.3114 -1.76535 0 4.5 0.300372 0.176049 -0.937434
87.1568 2.21375 110.182 -0.22558 0 -4.5 -0.941799 0.218655 -0.255352
62.8625 -21.0279 111.828 0.243527 0 -2.94925 -0.7335 -0.659869 -0.162942
106.148 -14.5064 97.8534 -0.467159 0 -1.4624 0.378135 0.219526 -0.899345
56.8815 2.91375 82.154 -0.108067 0 2.8 0.264475 0.776382 -0.572088
77.1555 -3.0275 70.6852 -0.692869 -0.469704 -0.8 0.234214 -0.916297 -0.324876
83.7083 -30.1275 106.814 -0.0532572 0.125308 -4.01153 0.21013 -0.969362 0.127209
57.033 3.45 83.27 -0.322214 0 2.8 0.372055 0.922826 -0.0998408
111.967 -23.5142 115.411 0.839932 0.510174 -0.8 -0.894588 -0.446526 0.0180786
87.9399 -27.4505 99.2919 -0.302033 0 -1.6 0.147334 0.884759 -0.442148
76.482 -24.221 104.738 -0.440694 -0.318792 -1.46667 -0.489673 0.226556 -0.841958
75.8156 7.46562 93.0909 -2.07461 -0.239332 4.5 0.0235639 0.570829 0.820731
77.6253 -25.8162 102.696 -0.893651 -0.111802 -1.3 -0.44986 -0.40927 -0.793804
53.3382 0.9915 90.0654 -0.707113 0 -3.5 0.300639 0.717431 -0.628418
105.509 -28.4825 112.267 -0.451417 -0.163807 2.02947 0.283931 0.0288269 0.958411
79.4431 -38.6245 95.812 -0.241327 0 3.8 -0.627551 -0.194611 -0.753861
105.176 4.0955 104.077 -0.384203 0 -3.5 0.159485 0.964335 0.21124
81.5977 5.53038 82.813 -0.550253 0 -0.7 0.853662 -0.280661 -0.438738
100.06 -36.449 112.128 -0.933525 -0.22499 -0.8 -0.399208 -0.878569 0.262201
47.6572 -0.99725 101.179 0.147398 0 -3.5 -0.683308 0.729888 0.0188201
111.569 -21.3199 99.4981 -0.424665 0 4.5 0.473358 -0.855953 -0.208029
90.766 -29.111 109.853 -1.6775 -0.335043 -1.3 -0.305765 -0.275765 0.911296
55.215 -17.9955 93.565 -1.05121 -0.737985 -1.3 -0.708147 -0.380543 -0.594739
85.638 -13.2063 94.7195 -2.80401 -0.820079 -3.5 -0.00290593 -0.958998 0.283399
74.6182 3.04187 99.4929 -1.50178 0 -3.5 -0.658127 0.61604 0.432856
89.6331 -5.154 109.257 -1.7117 -0.0642733 4.2 -0.767636 0.494387 -0.407819
78.3155 -12.6357 90.4325 -1.66589 -0.393894 -3.5 0.601033 -0.38416 0.700842
103.934 -15.8604 120.884 -1.34254 0 -1.6 0.456382 -0.582865 0.672297
93.988 -5.30825 88.0247 -1.51259 -0.0212229 -0.8 -0.0513286 -0.276493 -0.959644
72.8335 -11.8938 115.47 0.376521 0.0917483 -1.3 -0.168347 0.61145 0.773168
89.6025 -11.7375 132.282 -0.267229 0 -0.9 -0.744931 -0.439357 0.502039
93.816 -2.103 126.724 -0.286438 0.322621 -3.5 0.0978854 0.967356 0.233753
77.5975 -19.4525 90.9141 0.727812 0.290624 -0.4 -0.0891077 -0.995014 -0.0447954
67.9386 -8.98487 111.434 -0.145162 0 -0.7 -0.258073 0.412056 0.873847
56.909 -13.0135 106.965 0.204969 0 -4.5 -0.922439 -0.26782 0.278169
57.4227 -23.1216 92.954 0.709155 0.446681 -0.4 -0.865939 -0.46108 -0.193791
82.417 2.364 100.499 -1.05921 -0.685947 -1.3 0.179012 0.869638 0.460091
78.7634 -12.2664 81.7227 -0.500082 0 -3.5 0.192095 -0.955913 0.222104
85.3033 -2.1745 110.08 0.19707 0.342746 -3.2 0.326776 0.097227 -0.940088
92.1813 -26.4088 97.8227 0.0063916 0.689613 -3.5 -0.557527 -0.830058 -0.0129376
110.969 -11.1445 101.206 -0.660925 0 -1.6 0.551042 0.644546 -0.530012
54.6929 -18.5748 94.6208 -0.198518 0 -0.929359 -0.460247 -0.625834 -0.629686
83.363 -8.80525 113.429 -1.6346 -0.606953 2.84276 -0.264323 0.854622 -0.44694
74.2489 -19.3161 91.0901 0.0632763 0 3.19863 0.326313 -0.877707 0.350927
59.751 6.543 99.216 -0.730035 0 1.9 0.336913 0.93597 -0.102221
64.3909 4.00012 84.179 0.386609 0 -0.8 -0.718956 0.597459 -0.355169
103.73 -0.911 113.675 0.0805942 0 -3.9 0.269476 0.901494 0.33866
105.153 -28.828 103.839 -0.608316 0 -3.5 -0.786664 -0.522923 -0.328195
98.3008 4.52388 107.61 -1.30391 0 -3.5 -0.667004 -0.336971 -0.664497
99.972 -30.9268 97.2375 -0.353034 0 -3.9 0.469236 -0.443703 -0.763509
70.6393 -11.8542 82.1376 -0.285798 0.12399 2.81406 0.319395 -0.392937 0.862315
97.9191 -9.32088 95.6479 -0.244315 -0.27049 -0.8 0.185791 -0.538377 -0.821969
92.5295 -3.34025 98.8506 -1.7284 -0.239827 4.2 -0.355746 -0.579278 0.733404
56.4139 1.89688 89.28 0.678334 0 -0.8 -0.980969 0.120748 -0.152051
82.3088 -2.71669 110.657 -0.232407 0 -3.2 -0.647848 0.0886304 -0.756596
94.4885 -13.2664 96.8574 0.788805 0.442436 -3.9 -0.775394 -0.205864 -0.59698
53.043 -14.8321 98.5561 -0.210905 -0.757999 -0.787535 -0.908092 -0.297624 0.294599
89.5336 -30.2973 100.03 -0.292897 0 -1.6 0.793019 -0.543325 -0.275534
76.309 -31.9428 122.297 0.214647 0 -4.5 0.762879 -0.00176996 0.646539
77.021 -11.7495 82.7525 -0.29379 0 -3.5 -0.252891 -0.95778 -0.136763
65.2494 -9.9635 109.593 0.0801736 0 -0.091739 -0.275905 0.549803 0.788412
117.909 -13.9991 110.134 -0.456853 0 2.8 0.949262 -0.307534 0.0657527
92.1181 11.107 92.6551 -1.1609 0 -3.5 0.103288 0.945354 -0.309255
87.972 -27.2563 100.446 -0.311794 0 -1.6 0.368269 0.928742 -0.0426053
69.6133 -35.2649 121.793 -1.45626 -0.810743 -3.5 -0.53748 0.338103 0.77253
101.105 7.55275 107.091 -1.982 -0.401036 -3.5 0.807436 0.577868 -0.118812
100.95 0.3105 95.5461 -0.901914 -0.208088 -3.5 0.443758 -0.754336 -0.483793
78.5539 -9.55013 109.836 -1.47775 0 -3.5 0.43212 0.0664471 -0.899365
75.2393 -1.9545 100.174 -1.52706 0 -0.8 0.215122 0.508438 0.833795
66.2913 0.060375 72.7339 -0.615848 0 -4.5 -0.250698 0.890102 -0.380618
79.9177 -2.34 69.9248 0.663761 0.215055 -0.8 0.840247 -0.540184 0.046765
100.445 -23.5356 113.729 -0.380502 0 4.2 0.21928 -0.766595 -0.60353
81.7168 -31.069 106.924 1.30376 0.462672 -4.5 0.342291 -0.933418 0.107549
84.453 -10.5463 95.8408 -1.12718 0 -3.5 -0.407651 -0.187365 0.893709
81.3701 -35.5788 102.853 -1.49257 -0.152587 3.8 0.455847 -0.33033 0.82649
108.852 -14.6599 131.108 -1.77369 -0.0913295 -3.5 0.988511 0.0353753 0.146951
80.4118 -5.53575 125.423 -0.0497219 0 -0.9 -0.534422 0.474213 0.699654
52.1885 -7.787 88.87 -0.152547 -0.000122585 -0.7 0.2089 0.776491 -0.594493
114.373 -16.887 110.886 -0.284228 0 -0.0848719 0.784778 -0.379403 -0.490078
91.0228 -16.5103 98.5697 -2.15242 0 -3.5 -0.189141 -0.847839 -0.495374
108.269 -12.5714 97.6755 -0.461693 0 -1.6 0.0225115 0.259019 -0.96561
82.6048 16.1594 87.9137 -2.56223 -0.128724 -3.5 -0.101616 0.905357 0.412315
89.2893 -13.6554 87.7016 -0.246099 0 -1.6 0.412904 -0.454309 -0.789375
90.315 -31.276 107.37 -0.512167 0.957685 -1.3 -0.117972 -0.992708 -0.0247638
113.397 -13.8103 121.412 -1.96361 -0.244162 -3.5 0.994001 0.0268245 0.106035
102.45 -26.785 96.5564 -1.28493 -0.903063 -3.5 0.535313 -0.545858 -0.644577
105.247 -5.13075 125.385 -0.932577 -0.405079 -3.5 0.543158 0.709981 0.448225
73.8067 -25.7897 120.519 -0.157734 0.60559 -3.0033 0.341581 -0.111419 0.933224
59.0215 -31.3619 103.631 -0.164931 0 -0.4 -0.443498 -0.882002 0.159316
104.366 -25.0877 96.201 -0.895269 -0.588611 -3.5 0.339958 -0.686033 -0.643263
104.538 -5.29175 126.614 -0.635201 0 -3.5 0.362128 0.813482 0.455094
98.277 -35.1376 106.567 -2.18794 -0.00959602 -3.5 0.567556 -0.509368 0.646857
98.849 -31.6338 102.884 -0.176038 0 -3.5 0.861605 -0.424992 0.277522
58.1796 -21.2305 89.4454 -0.238197 0 -3.5 -0.995015 -0.0835054 -0.0545162
59.2967 1.3775 107.648 -1.57467 -0.0598505 -3.5 0.526796 -0.342885 0.777763
58.1111 -20.9451 107.714 -0.0602798 -0.492689 -1.41049 -0.529564 0.130897 0.838109
81.7124 -10.6646 115.624 -1.09522 -0.517243 -0.8 -0.95647 -0.0773297 -0.2814
101.827 -27.099 125.106 -0.356664 0 -0.8 0.874503 -0.476348 0.0913073
101.936 -11.451 130.706 -0.0355928 0.0107287 0.421862 -0.271007 -0.100728 0.957293
96.1582 -17.1075 96.5775 -0.323247 -0.90036 4.2 -0.811301 0.345629 -0.47152
95.1789 7.458 93.4922 -0.477197 0 -0.4 0.631826 0.744878 0.214367
88.5393 -1.5235 100.983 -1.17895 0 -1.6 -0.160179 -0.596454 0.786502
73.1904 -4.28587 70.133 -1.76185 -0.211751 -3.5 0.404397 -0.473183 -0.782663
68.2641 -20.53 113.845 -0.863005 0 -0.4 -0.516392 0.843693 -0.146701
79.2 -12.4963 88.668 -0.753486 0 -3.5 0.704831 -0.509857 0.493213
92.1719 -0.742 101.673 -0.178635 0 -1.6 0.106026 -0.738238 0.666156
63.8799 -18.9216 121.576 -1.31938 -0.0179196 -3.5 -0.520059 0.850205 -0.0817917
101.025 -27.3856 118.218 -1.00491 0 -0.8 0.985123 -0.0447303 0.165927
103.712 2.93025 101.367 -0.389416 0 -3.5 -0.4086 0.636028 -0.65461
73.0325 -38.0255 108.669 0.45414 0.580637 -3.9 -0.194081 -0.798593 -0.569721
80.8925 4.74937 94.1769 -0.475295 0 3.53591 -0.464538 0.729223 0.502433
107.98 -25.4144 103.532 -0.313064 0.063487 -2.69077 0.935651 0.00481164 -0.352894
110.472 -13.7025 113.207 -0.523524 0 -1.47795 0.822787 0.539024 0.180209
87.6234 -0.347625 117.135 0.211521 0 4.2 -0.217497 0.966124 -0.138921
53.067 0.487 88.789 0.0128084 0 -0.7 0.0498804 0.497799 -0.865857
47.9227 -7.50475 89.954 -0.000266182 0 -0.7 -0.554312 -0.7085 -0.436768
63.4183 9.20175 111.373 0.999018 0 4.5 -0.60398 0.200817 0.771285
100.503 -22.667 123.605 -0.694981 0 -3.05559 0.46647 0.456773 0.757472
65.5859 -23.5963 121.162 -0.0457369 0 -3.51522 0.00890042 -0.280451 0.959827
49.8295 2.00062 99.9212 0.0757894 -0.499812 -0.7 -0.529644 0.504524 0.68186
54.5158 -15.4676 90.6752 0.563557 0 -3.2 -0.989299 -0.0891535 0.115492
62.4825 -21.419 87.4945 -1.70994 -0.16372 -3.5 0.68751 -0.383624 -0.616573
75.7195 -14.2683 122.424 -0.195992 0 4.5 -0.6158 -0.191909 0.764173
79.7129 -0.880875 74.5215 -0.313085 0 -1.3 0.672201 0.0737259 -0.736689
69.5149 -1.67163 99.424 -0.313155 0 2.8 0.670256 0.647209 0.363148
51.6584 -12.4599 94.397 0.0200885 -0.00820972 1.86006 -0.748723 -0.445619 -0.490752
61.0864 -25.5993 96.8211 -1.80395 0 3.38313 -0.202329 -0.000549059 -0.979318
67.5985 -36.9323 121.297 -2.09351 -0.0698678 -0.7 -0.233604 -0.184716 0.954625
112.734 -17.5945 101.12 -0.723174 -0.139279 -3.5 0.561692 -0.785908 0.258554
91.3 -9.7335 91.4985 -0.0746199 0 -1.6 0.675335 -0.5976 0.432199
72.8978 -29.0733 124.879 -0.137216 0 1.8 -0.354091 -0.183658 0.917
60.9856 -8.1235 109.497 -0.0375074 0 1.8 -0.51705 0.813259 0.266963
86.0251 -15.866 128.719 -1.85798 -0.0474578 -3.5 -0.453384 -0.849151 0.270897
84.9015 -20.5347 121.081 -0.483322 0 4.2 0.231665 -0.616414 0.752572
99.8176 1.69506 104.012 -0.201208 0.34786 -3.64174 0.0628102 0.685861 -0.725017
69.3611 -8.29 109.808 -0.328756 0 -0.7 0.671655 0.739743 0.0407394
110.374 -9.2955 120.994 -0.759681 0 1.68615 0.246713 0.21978 0.943838
91.7444 -23.8242 115.169 -0.347613 0 3.8 -0.152979 -0.737568 0.657716
67.0896 -11.314 76.8131 0.639517 0.758473 -1.05122 -0.202098 -0.0912799 -0.975102
98.2097 -3.74475 95.5393 -0.194824 0 -3.9 0.685048 0.62925 -0.367089
108.636 -13.4714 129.455 -1.30386 0 -3.5 0.986639 0.142939 -0.0781787
64.7336 -30.3029 98.8574 -0.0582972 0 -1.6 -0.551819 -0.83277 -0.0446123
72.6611 -16.9746 87.5676 -0.356228 0 2.06461 -0.00810636 0.193387 -0.981089
81.223 -20.1669 104.065 -0.724595 0 -1.6 0.0355947 -0.0387441 -0.998615
85.6885 0.72125 113.201 0.0411425 0 -3.2 -0.415934 0.895985 0.155592
89.7005 -30.2612 108.756 -0.302674 0 -1.3 -0.420601 -0.680718 0.599764
97.6684 -16.1497 126.619 -2.79006 -0.211997 -3.5 0.0347589 0.101815 0.994196
89.2949 1.24275 109.027 0.290737 0.124233 -4.5 0.0516105 -0.713017 -0.699245
65.3593 -33.2863 114.724 -1.13037 0 -3.5 0.274639 -0.490249 -0.827182
69.8412 3.72762 72.5581 0.457191 0 -3.9 -0.516736 0.202451 -0.831864
89.8221 -24.6309 124.323 -0.113073 0 -3.9 -0.705893 -0.0018422 0.708316
80.2578 2.06175 101.009 0.00542326 0.129194 -2.13728 0.14723 0.43989 0.885901
104.763 3.45225 101.274 -0.397689 0 -3.5 -0.116767 0.692171 -0.712225
57.9706 -25.871 96.9936 0.0952139 0.0977278 -0.8 -0.196404 -0.0994619 -0.975465
76.2925 -13.4629 91.9176 -0.0998439 0.0262116 -0.4 0.788288 0.100713 0.607008
87.019 -12.3465 96.0385 -1.92647 -0.766445 -3.5 0.335953 -0.854494 0.396201
108.957 -16.3899 122.38 -0.70505 0 -3.5 -0.103684 -0.747167 0.6565
108.142 2.26763 103.959 -1.26681 -0.0194537 -3.5 0.279536 0.951716 0.126868
76.6513 4.326 99.9707 -2.22255 -0.793851 -3.5 0.0199515 0.939498 0.341973
86.487 -14.3436 87.9235 -1.70769 0 -0.4 -0.472934 -0.877465 0.0799306
106.295 -17.3167 95.2182 -0.744302 0 4.5 -0.199243 0.802165 -0.562879
106.102 -22.665 118.574 -0.0311408 0 -4.5 0.557952 0.818947 -0.13422
79.3307 -30.7609 108.105 -0.287969 0 -4.5 -0.595524 -0.800095 -0.0721078
97.435 4.3305 97.2029 -0.686129 0.16064 -3.5 -0.0570453 0.991402 0.117764
106.677 -21.6946 97.9037 -0.453957 0 0.0548862 0.878607 -0.354703 -0.319743
111.148 -23.627 106.732 -0.407584 0 1.8 0.933862 0.0490064 -0.35426
97.9175 5.78687 111.389 -0.286776 -0.0220825 -4.25337 -0.00966745 0.988901 0.148262
66.8015 -34.9095 106.48 -1.53822 -0.327846 -3.5 -0.360244 -0.924107 0.127476
75.0821 -19.6661 85.9129 -0.332229 0 3.8 -0.162773 -0.458079 -0.873881
73.8737 -14.7041 103.874 -0.21385 0.446357 -4.5 0.34077 0.923381 0.176758
46.0527 -6.85275 92.7862 -1.15729 -0.80262 -0.4 -0.989384 -0.080924 0.120706
68.42 0.8665 71.2685 0.154444 0.721264 -4.5 -0.143416 0.988829 0.0406026
79.8887 -1.35113 68.9795 0.801543 0.384391 -0.8 0.762166 0.195491 -0.617159
78.2868 -13.3247 77.6275 -1.19642 -0.0166559 -3.5 -0.1069 -0.983 -0.149278
81.4723 -40.865 97.6595 -0.215782 0 3.8 -0.507734 -0.773236 -0.379885
85.5963 9.74575 94.4078 0.0346425 0 -4.5 -0.638059 0.38882 0.664605
87.3552 -9.75 83.5835 -1.23675 -0.848198 -0.8 0.799086 -0.0305479 -0.60044
93.8167 -9.71963 101.064 -0.386663 -0.0861235 -3.9 -0.655922 0.45111 -0.605199
49.9259 -13.3775 98.8552 -0.0118443 0 -0.8 -0.634256 -0.767981 0.0890171
90.7475 -31.1831 105.186 -0.891284 0 -1.3 0.19896 -0.684992 0.700858
61.4695 -9.7715 80.6776 1.21774 0.225735 -3.9 -0.788741 0.0963526 -0.607127
51.8237 -13.1824 91.4498 1.59846 0.746014 -0.7 -0.206167 -0.978513 0.00268862
74.7904 -21.8652 104.801 -0.17131 0.529725 -1.2503 0.121517 -0.226035 -0.96651
84.7225 -2.988 126.513 0.345181 -0.0524611 -0.715911 -0.380629 0.819435 0.428542
96.686 0.297375 136.445 -0.0246804 0 -4.5 -0.174004 0.982157 0.0713492
91.605 -15.8289 97.9401 -1.75684 -0.103412 -3.5 0.0945225 -0.419227 -0.902947
89.2106 4.33337 113.5 0.716753 0.0823816 -4.5 -0.191299 0.464735 0.864538
84.482 -12.1311 103.945 -0.472429 -0.188862 -1.6 -0.446827 0.604023 0.659926
104.709 -8.549 132.002 -0.487201 0 1.8 0.177703 0.683945 0.70756
86.2825 -26.3092 100.658 -0.280466 0 -2.85526 0.385452 0.653544 -0.651389
101.884 -13.245 93.7999 -0.551929 -0.510185 -2.84128 0.482802 -0.276481 -0.830939
78.4619 9.12387 75.4489 -0.18721 0 -0.4 0.582641 -0.0213245 -0.81245
95.0741 1.378 123.494 0.0060999 0 2.8 -0.208784 0.863552 0.459006
61.7834 4.376 78.9678 -1.84129 -0.0195768 -3.5 -0.415981 0.463022 0.782669
72.7401 0.682625 99.0285 -0.486893 0 -3.5 -0.775827 0.19917 0.598685
77.1164 -39.2822 101.071 0.504815 0.816269 -3.5 -0.379762 -0.896506 -0.228161
109.594 -1.746 118.865 -0.329596 0 -3.5 0.255776 0.957655 0.132196
68.237 2.18 96.722 -0.730006 0 2.8 0.998879 -0.0189795 0.0433635
89.7085 -31.2705 106.534 -0.864851 0.507034 -1.53923 0.103714 -0.884791 0.4543
85.5738 -11.7557 96.327 -1.91525 -0.0344174 -3.5 -0.321562 -0.485599 0.812891
55.5775 -19.9159 102.713 0.180144 0 -1.20511 -0.790102 -0.0598365 0.610048
75.9068 -12.0682 77.0315 -0.747094 -0.0450129 -3.5 -0.145606 0.341191 -0.928648
74.8236 -38.2525 117.689 -1.43615 -0.160099 -3.5 0.292963 -0.0884142 -0.952027
68.8552 -4.77262 107.668 -0.0761947 0 -3.5 0.620718 0.400446 0.674057
73.3464 9.90275 74.0044 0.157008 0 -3.5 -0.110118 0.872566 -0.475922
78.4948 -30.544 109.496 -0.0571366 0 -4.5 -0.0855087 -0.889606 -0.448654
51.2477 0.3255 105.594 -1.71845 -0.146197 -3.5 -0.690225 0.134643 0.710958
84.6028 13.9521 91.2479 -0.311168 -0.113307 -0.4 0.587797 0.808987 -0.00588053
66.1784 -30.5814 96.6341 -0.0293164 0 -1.6 0.12903 -0.873653 -0.469128
75.3035 -15.0407 110.903 -0.459787 0 -1.3 0.163124 0.425834 -0.889975
100.159 4.20375 97.3999 0.0589323 0 -3.5 0.299801 0.883687 0.359468
99.2115 -8.0845 94.543 -0.844202 -0.0403355 -0.8 -0.54047 -0.351886 -0.764244
73.901 11.5449 76.4177 -1.43503 0 -3.5 -0.172144 0.975429 -0.137493
48.5348 -0.950875 102.791 0.308189 0.097431 -3.5 -0.689021 0.543099 0.47989
56.1686 -14.1005 105.808 0.0233128 0 -0.7 -0.624761 0.372018 0.686496
66.2166 -1.6575 102.729 -0.476264 0 1.8419 0.740148 0.418742 0.526152
99.5042 -33.3537 117.387 0.253151 0 -3.9 0.0924715 -0.975458 0.199825
77.001 4.49075 71.1125 -0.178214 0 -3.5 -0.511264 0.733484 -0.447895
58.0465 -16.52 106.971 0.0998351 0 -0.7 -0.253006 -0.0291342 0.967026
58.7588 -26.6305 96.7735 -0.191854 -0.353479 -0.8 -0.128097 0.0766252 -0.988797
79.4086 -7.80438 76.4645 0.284228 0.0704652 -0.7 0.847498 -0.446017 -0.287776
57.3102 4.7365 107.859 -1.74552 -0.807809 -3.5 -0.416093 0.887599 0.197574
68.2884 -20.3191 116.827 -0.483935 0.277176 2.40996 -0.809887 0.479406 0.338014
69.0884 7.23375 93.3831 -2.22336 -0.348972 -3.5 0.529866 0.627112 0.570939
93.7001 4.13625 115.474 -0.841432 -0.912795 -0.8 -0.977253 0.0737313 0.198848
58.9354 -24.4045 94.0896 -0.0137742 0 -0.4 -0.210249 -0.970107 -0.121188
93.7766 -0.096375 105.601 -0.598198 0 -3.5 -0.675627 0.0622481 -0.734611
81.621 -8.29225 123.885 -0.46222 0 -0.9 -0.274744 -0.838933 0.469794
92.936 -26.3481 103.54 -0.543948 0 -1.3 -0.39541 -0.543845 -0.740192
108.317 -24.063 119.937 -0.0836883 0.674941 -4.5 0.877199 0.258525 -0.404581
104.656 -26.959 102.895 -0.140657 0.127567 -3.5 -0.761769 -0.618114 -0.194019
47.2086 -2.07075 99.9811 0.0913525 0 -3.5 -0.828877 0.555587 -0.06547
84.4679 -12.7835 109.927 -0.663603 0 -0.7 -0.743502 0.444746 -0.499404
81.6533 -26.3768 117.015 -0.855092 -0.0227596 -2.75179 -0.4307 -0.762292 0.483123
55.4115 3.803 84.8035 -0.0777882 0 2.8 -0.0581942 0.996553 0.059127
63.7817 -1.67975 81.2145 0.121791 -0.36023 -3.5 -0.479021 0.553807 -0.681056
93.8444 -25.0126 113.75 -0.920708 0 -0.670331 0.19328 -0.257856 0.946654
106.723 -18.8046 92.4195 -0.370128 0 4.5 -0.419625 0.845979 -0.328991
104.772 -4.20013 125.07 -0.742017 -0.0713941 -0.92491 0.880182 0.135431 0.454905
60.507 -14.5675 108.253 0.113151 0 -1.6 -0.562656 -0.418049 0.713199
108.163 -26.2008 110.355 0.5068 0.687964 1.95991 0.69598 -0.00521352 0.718042
58.785 -29.9064 100.337 -0.308002 -0.440369 -0.59285 0.037329 -0.998367 -0.0432374
59.2777 -16.2815 107.339 -0.424664 0 -0.442717 -0.403422 0.168243 0.899414
80.3311 -10.0135 94.7885 -0.5324 0 -0.7 -0.411034 -0.905201 -0.107992
64.2807 2.76025 83.3783 -0.231936 -0.786555 -0.8 -0.880164 0.152778 -0.449412
75.3698 -31.7638 100.016 -2.29537 -0.121957 -3.5 -0.0422516 -0.282176 -0.958432
99.7344 -17.3818 126.223 -1.61971 -0.75754 -3.5 0.221629 -0.905237 0.362529
99.2135 -9.6515 133.388 -0.284906 0 -1.6 -0.0660025 -0.781008 0.621024
65.3344 7.34363 110.518 0.254709 0 4.5 0.225993 -0.695356 0.682208
64.3876 -21.0152 123.502 -1.87839 0 -3.5 0.143194 -0.35888 0.922334
100.334 6.92637 105.839 -2.19201 -0.319127 -3.5 -0.0732092 0.368547 -0.926722
57.3656 -23.43 117.371 -0.229797 0 -3.5 -0.987816 -0.140956 0.0659627
108.307 -16.7964 131.139 -2.02228 -0.0237894 -3.5 0.762899 -0.644194 0.0547715
90.551 5.84387 100.589 -0.246246 0 -3.5 0.0834856 0.157576 0.983972
72.5 -19.466 104.226 -1.11532 0 -4.5 0.486378 0.0210122 -0.873496
77.6074 11.491 76.8173 0.26588 0.136647 -2.74856 0.127465 0.870665 -0.475073
71.278 -34.2415 102.391 -0.903686 0 -3.5 0.682959 -0.724508 0.0930338
82.0154 -3.46537 102.707 -0.436281 0 -1.3 0.405294 0.108157 0.907766
75.8863 -12.4244 122.67 -0.249092 0 4.5 -0.297526 0.318868 0.89989
75.4691 -10.0551 112.08 -2.11033 -0.182085 -3.5 -0.75303 0.612247 0.241039
99.2489 -34.5079 105.302 -1.47104 0 -3.5 0.890645 -0.347862 0.29282
58.117 -22.6203 119.609 -1.4251 -0.212819 -3.5 -0.54888 0.167341 0.81898
82.947 -2.09238 117.518 -0.326662 0 -3.5 -0.492762 0.845069 -0.20747
101.017 -33.6403 119.275 1.61004 0.893735 -3.9 0.466587 -0.881109 -0.0770883
103.051 -25.7029 95.7661 -0.438666 0 -3.5 0.325518 -0.693148 -0.643104
91.5098 -10.4064 87.9341 -1.63606 -0.0806386 -1.6 0.788984 -0.287856 -0.542811
98.9427 -30.4137 122.79 -0.396158 0 -3.5 -0.81847 -0.537404 0.203234
100.938 -32.8923 109.46 0.0129693 0 1.04786 -0.0710037 -0.489935 -0.868862
86.8223 -29.8092 97.5295 -0.466661 0 -1.6 0.208215 0.132989 -0.969
83 -20.576 103.509 -0.665997 -0.199182 -1.6 -0.532305 0.00913585 -0.846503
116.852 -21.7166 117.284 -2.68077 -0.830953 -0.8 0.262878 0.0149771 0.964713
46.976 -6.22225 96.6185 -0.226476 0 -0.255191 -0.894879 -0.316478 -0.314695
82.3626 -33.6431 101.899 -0.66544 -0.0440122 3.8 0.551633 -0.335028 0.763844
66.0912 0.3945 67.8333 -0.0322597 0 -4.5 -0.99003 -0.0812173 -0.115085
79.3469 -16.5072 88.2389 -1.75221 -0.879055 -0.4 0.79978 -0.219913 -0.558561
105.721 -2.103 99.2624 -0.5344 0 0.9868 0.297424 -0.160175 -0.941214
95.1235 -5.62375 88.4195 -1.69766 -0.137704 -0.8 0.636891 -0.161221 -0.753908
96.038 -3.398 137.367 0.0515139 0 -4.5 0.332135 -0.877953 0.344797
111.756 -7.2135 108.333 -2.34886 0.591102 -3.22861 0.927157 0.366185 0.0792988
71.97 -30.909 102.74 -1.77188 -0.403364 -3.5 -0.24541 0.927208 -0.282948
90.1911 -14.1545 98.4015 -2.62788 -0.138827 -3.5 -0.452738 0.666259 -0.59256
104.47 -34.4875 98.9635 1.26322 0.847751 -3.9 0.822528 -0.527421 -0.212777
63.4673 4.3575 107.462 -1.76724 0 4.5 0.258063 -0.859124 0.441937
89.3473 -6.46025 96.9545 -0.52879 0 -0.8 -0.283061 -0.446423 0.848871
112.709 -10.7344 113.37 -0.0281445 0.42671 -3.2 0.64088 -0.536999 0.548548
80.8115 -12.799 116.029 -0.771356 0 -3.5 -0.496508 0.867334 0.034802
88.991 4.916 112.644 0.471491 0 -4.5 -0.594457 0.781075 0.191161
95.8299 7.13212 92.187 -0.891529 -0.0874658 -0.4 0.558075 0.829312 0.0281827
74.939 -17.1807 121.962 0.432142 0.657589 3.39247 -0.481529 0.162474 0.861239
93.32 -30.2825 101.638 -0.801 0 -2.32486 -0.638272 0.728845 -0.247778
100.053 -30.4585 125.027 -1.89014 -0.31046 -3.5 -0.100295 -0.693071 0.713858
82.4516 -2.69313 120.377 0.440653 0.452839 -3.5 -0.833171 0.458375 0.309383
80.0326 -11.293 89.9939 -1.13832 -0.671164 -0.979753 0.413677 -0.692537 0.590985
107.826 -19.7593 91.0706 -0.375386 0 4.5 0.198314 0.224729 -0.954027
95.5218 -2.026 103.049 -0.138614 0 3.78311 -0.8254 0.451571 -0.33882
80.8746 8.00587 76.938 -1.30456 -0.0921272 -3.5 -0.177732 0.203397 -0.96283
97.9701 -32.158 96.5895 -2.4044 0 -3.9 -0.0659628 -0.35021 -0.934346
74.7519 -19.8855 94.4035 -0.294717 0.0299145 -3.11289 0.20505 -0.96152 0.182849
105.984 -1.276 112.086 1.375 0.190925 -3.9 0.457101 0.888072 -0.0488484
110.615 -13.2022 115.186 -0.990793 -0.069337 1.8 0.967158 0.192129 -0.166409
81.3709 2.71537 100.294 -0.127328 -0.118142 -4.11338 0.430103 0.615273 0.660644
73.8195 -11.01 88.23 -1.51205 0 -0.4 -0.32454 -0.596784 -0.733841
70.137 -27.4166 122.872 0.328261 0.497618 -3.9 -0.247913 0.419832 0.873087
65.3819 11.1591 108.899 0.0268082 0 4.5 0.0896485 0.969698 -0.227263
102.936 -32.5192 114.404 -1.90853 0 -0.8 0.350644 0.828121 0.437338
84.12 0.7955 82.5145 -0.202376 0 -0.505057 0.593597 0.264306 -0.760122
56.0945 -19.29 93.6849 -1.11977 0 -1.3 -0.601325 -0.647661 -0.467914
84.4102 10.0188 82.5179 -0.187523 0 -0.7 0.74236 0.357846 -0.566434
86.2805 -4.817 128.842 -0.366636 0 -3.5 -0.162799 -0.403374 0.900436
49.3918 -3.2565 103.834 -0.0592782 0 -3.5 -0.377411 -0.217166 0.900222
113.256 -12.1761 119.943 -0.0149999 0.790028 -0.8 0.90989 -0.414819 -0.00501904
79.8876 -18.7412 123.227 -0.481249 0 4.2 0.0628594 -0.279056 0.958215
49.306 0.0565 103.044 0.374962 0.776122 -3.5 -0.573739 0.766097 0.289688
97.5756 -30.4496 118.332 0.465699 0 -3.9 -0.994929 0.0582581 0.0819933
46.8968 -5.179 95.7221 -0.191686 0 -0.4 -0.986647 0.0564766 0.15277
76.682 -4.543 74.4335 -1.16768 -0.743219 -0.780476 0.263847 -0.827635 -0.495383
57.699 -0.11475 105.269 -0.642172 -0.230267 -3.5 -0.810307 -0.139441 0.569174
76.7334 -27.6274 103.06 -0.589971 0 -1.3 0.227117 0.178237 -0.957418
98.5555 -21.744 124.877 -1.76994 -0.0100789 -3.28793 0.514198 0.24283 0.822578
77.0774 -8.52262 106.46 -0.070158 0.883165 -3.9 0.0877398 -0.894349 0.438682
57.5369 6.0225 91.1059 -0.00458577 0 -0.8 -0.302954 0.900164 -0.312926
54.0576 -12.0389 112.226 0.739518 0.782252 -4.5 -0.809143 0.00672999 0.587573
115.866 -20.995 113.121 -1.06825 0 -0.8 0.0782381 -0.262656 -0.961712
58.8577 -29.0164 107.701 0.174319 0 -4.5 -0.30244 -0.950523 0.0709605
100.223 -27.4412 126.441 -0.333546 0 -0.8 -0.0169878 -0.598513 0.800933
67.7969 6.13237 98.4444 -0.239146 0 2.8 0.122861 0.6903 0.713015
84.1845 -13.06 104.281 -0.938646 -0.142334 -1.6 -0.558763 0.331695 0.760107
87.0305 13.5595 87.8075 -0.135566 0 -4.5 0.316512 0.946864 -0.057178
82.7529 -8.54288 125.05 0.22214 0 -3.35896 -0.868209 -0.42717 0.252465
97.4638 1.3325 114.073 1.06036 0 1.9 -0.597868 -0.279768 0.751189
101.824 3.117 96.5605 -0.212353 0 -3.5 0.886045 0.376799 -0.270086
64.0056 -19.3092 114.038 -0.741553 -0.782494 -0.8 0.42271 0.888415 0.178981
96.7513 5.9925 110.166 -0.828458 -0.476315 -4.5 -0.352139 0.903425 -0.244584
60.1356 1.72275 77.1796 0.259965 0.192109 -3.5 -0.880959 -0.381532 0.279902
80.1015 -36.5488 102.298 -0.314081 0.0639805 2.20358 0.457414 -0.548113 0.700246
113.126 -11.5601 107.855 -1.41975 0 2.8 -0.362851 0.826045 -0.431265
78.9545 -8.525 111.542 -2.07659 -0.572169 -3.5 0.598106 0.790055 0.134473
84.7776 8.35112 94.5555 -0.229734 0 -0.939472 -0.430032 0.615492 0.660487
69.7337 -15.1079 116.92 -0.133389 0 -0.7 -0.616273 0.750851 0.23755
107.703 -25.9706 100.71 0.15638 0 -3.5 0.927312 -0.312099 -0.206609
97.4163 -1.147 94.9167 0.21844 0 -2.20186 0.948612 -0.240991 0.205083
82.7735 -10.9095 88.015 -0.640833 -0.356379 -0.4 0.178354 -0.965307 0.190714
108.212 -6.29437 99.6609 -0.422981 0 -1.6 0.491903 -0.542717 -0.680801
93.5615 -14.6468 130.262 -0.303453 0 -0.9 0.392091 -0.889817 0.233433
69.0321 0.914125 69.146 0.21027 0 -4.5 0.593933 0.804469 0.00860965
91.0815 -22.063 100.693 -0.721662 0 3.8 0.0789267 0.0653377 -0.994737
54.3835 -17.6315 85.0111 0.508054 0.0315404 -3.9 -0.188433 -0.128501 -0.973643
100.657 -31.1567 115.31 -0.139742 0 -3.9 0.872178 0.368207 -0.322071
80.6415 -16.3682 92.7124 -2.1169 -0.0212112 3.8 0.980031 0.13116 -0.149453
65.431 -17.2389 110.984 -0.567498 -0.329898 -2.10301 0.0995618 0.125424 0.987095
93.6946 -32.0517 110.739 -0.375393 0.00442888 -3.5 -0.338632 -0.548307 -0.764649
86.8231 -27.6505 112.305 -1.2276 -0.344293 -2.24278 0.449415 -0.682586 0.576284
82.4952 -27.0819 98.4536 1.37088 0.375633 -3.9 0.383256 0.167547 -0.908318
97.6525 -6.348 133.713 -0.0821425 0 -2.35837 0.0671949 0.0154797 0.99762
100.368 5.44438 112.242 0.284211 0 1.9 0.470186 0.862028 0.189297
89.4983 9.14662 98.0275 -0.869503 -0.0271251 -3.5 -0.115643 0.891869 0.437259
52.2513 2.6905 91.1852 -0.0915592 0 -1.94006 -0.40034 0.489647 -0.77458
76.8438 5.56525 74.6718 -0.775401 0 3.8 0.577916 0.634098 -0.513743
96.5545 -28.8452 95.151 -0.4954 -0.00825143 -0.8 -0.175936 -0.912427 -0.36949
54.558 -1.38663 86.8736 0.591086 0 -3.5 -0.482698 0.325144 -0.813194
54.7166 -13.6926 110.598 1.00386 0.068124 -4.5 -0.65713 -0.631228 -0.411986
70.2674 6.86188 92.9354 -0.98043 0 3.8 0.209856 0.795333 0.568688
91.766 -35.4825 102.189 0.444494 0.314097 -0.93538 0.234953 -0.971848 0.0175776
93.1234 1.79037 102.608 -0.228056 0 -1.6 -0.283047 0.0806228 0.955711
82.4395 -3.1095 115.749 -0.785642 0 -3.32995 -0.696413 0.705161 0.133257
59.16 2.893 108.135 -1.29113 0 -3.5 0.682844 -0.0364413 0.729655
60.7179 9.53613 93.3141 -0.161997 0 3.8 0.594169 0.794495 -0.125466
53.1805 -26.3295 104.731 0.629301 0.436945 -4.5 0.027911 -0.995035 0.0955298
101.518 2.60663 95.3194 -0.837669 0 -3.5 0.846427 0.274873 -0.456077
58.7158 -28.6647 111.779 0.369196 0.205786 -4.5 -0.0189257 -0.999802 -0.00620303
69.3231 -2.84313 68.2209 0.625892 0.443556 -4.5 0.423854 -0.517388 -0.743409
58.7101 -23.6187 90.5559 0.0668244 0 -3.5 -0.688097 -0.725559 0.00925988
62.6655 6.6685 110.498 7.13215 0 4.5 0.0102142 -0.687964 0.725673
86.8258 -5.0605 97.9013 -0.54473 0 -0.8 -0.102504 -0.940245 0.324703
106.465 -21.9265 116.192 -0.172565 0 -3.5 0.797341 0.303033 0.521937
68.5242 2.37575 73.7171 0.287939 0 -3.9 -0.91083 -0.0170374 -0.412431
89.5257 -13.5243 92.4179 -0.457617 0 -1.6 -0.109506 -0.664198 0.739493
84.756 -30.2586 118.216 -2.09334 -0.426815 -3.5 -0.0612081 -0.992592 0.104954
83.3351 -39.8175 97.0845 -0.22666 0 3.8 0.766795 -0.228093 -0.599999
101.381 -16.5944 92.9501 -1.31998 -0.85152 -3.5 0.73501 -0.222408 -0.640542
105.961 -32.7955 108.626 -1.86526 -0.102106 -3.5 0.372353 -0.123366 -0.919856
54.1199 8.788 105.358 0.532808 0.173738 -4.5 0.435093 -0.452884 0.778197
70.429 -35.6968 122.315 -1.88204 -0.098525 -3.5 -0.303966 -0.217917 0.927425
70.7885 3.801 71.682 0.270943 0 -3.9 -0.426658 0.197206 -0.882651
101.164 -26.4936 120.493 -0.151087 0 -3.5 0.767878 0.293437 -0.569437
85.1131 -11.7051 110.144 -0.745945 0 -0.7 -0.776484 0.559892 -0.289124
93.3759 6.81625 83.5319 -0.215971 0 4.5 0.348335 0.0918106 -0.932863
67.7188 7.9455 107.659 -0.214685 0 4.5 0.971612 -0.162106 0.172314
93.2864 -6.39675 88.593 -0.366701 -0.394167 -0.8 0.132975 -0.0490121 -0.989907
102.668 1.25137 125.899 -0.247494 0 -0.7 -0.454001 0.844799 0.283191
76.4526 -4.22113 72.2247 -2.08827 -0.00156318 -0.8 0.171869 -0.921965 -0.347047
62.9367 -14.6676 78.9599 1.18041 0 -3.9 -0.918194 -0.0368329 0.394416
76.237 -30.999 106.38 -0.744924 -0.194904 -3.63324 -0.572726 -0.818541 0.0444484
81.7025 -32.2914 103.574 -0.428682 0 -0.8 0.151088 -0.803879 0.575283
115.955 -9.03525 103.216 -2.68545 -0.513444 -3.5 0.291992 0.949995 -0.110683
58.9147 4.3235 107.829 -1.08728 -0.124203 -3.5 0.46786 0.613963 0.635733
65.1839 -31.253 101.715 -0.264352 0 1.8 0.0872822 -0.823244 -0.560938
79.3625 3.37363 76.1821 0.0107448 0 -3.07031 0.801147 0.167969 -0.574413
66.768 -29.4504 96.2635 0.133267 0 3.65158 0.600215 -0.509069 -0.61692
53.4495 -24.1256 100.081 0.254064 0 1.8 -0.991432 0.055107 0.118426
67.7988 -6.31225 72.4805 0.473061 -0.430332 -2.5473 -0.453695 -0.624322 -0.635911
56.9038 -3.49375 107.86 0.260256 0.427318 -0.7 -0.58257 0.168856 0.795047
110.107 -20.5855 95.1085 -0.412334 0 4.5 0.842352 -0.536825 -0.0475507
73.6314 -21.3989 89.2405 -0.202958 0 3.8 -0.0967002 -0.934646 0.342177
96.9672 6.29712 92.3159 -0.326577 0 -0.4 0.840428 0.441434 -0.314352
94.2822 -3.419 118.18 0.117092 0 4.2 -0.854105 0.519796 -0.0178093
73.3887 -23.3645 103.774 -0.443398 0 -0.7 0.861262 0.110329 -0.496039
85.5792 -3.64075 128.954 -1.54632 -0.0310452 -3.5 -0.378789 0.112796 0.918583
98.4304 -12.9727 93.8417 0.0228706 0 -3.5 -0.216459 0.831195 -0.512114
73.3037 -24.2873 100.788 -0.629214 0 -0.7 0.654006 -0.742039 -0.147155
90.1451 1.18537 101.905 0.066264 0 -1.6 -0.140691 0.11023 0.983898
69.5126 -39.9292 117.425 -1.10676 -0.275525 -3.5 -0.303912 -0.854033 0.422215
82.0464 -17.6794 96.795 -0.606802 0 3.8 0.974191 0.219557 -0.0524151
111.22 -10.9544 116.255 -0.763955 -0.209156 0.548247 0.828186 -0.528692 -0.185988
92.6781 -24.9088 101.317 -0.526692 0 -3.5 -0.839162 -0.514241 0.177097
78.358 -20.36 93.428 -0.0904823 0 3.8 -0.0066306 -0.865801 -0.500344
72.8705 -8.017 75.01 -0.734732 0 -1.28459 0.687433 -0.586582 -0.428203
84.7094 -2.4825 78.4856 0.212986 0.485516 -1.3 0.947784 -0.155058 -0.278678
55.215 -4.07363 106.009 -1.2063 0 -0.7 -0.454585 0.330576 0.827087
78.1045 -14.053 109.134 -1.60552 0 4.2 -0.442864 0.528073 -0.724576
70.2181 7.18125 75.0485 0.463535 0.272857 -3.56057 -0.609149 0.710092 -0.353138
97.1975 6.129 112.741 -0.545808 -0.0526762 -1.00792 0.222171 0.949692 -0.220739
87.2585 -7.84062 127.324 1.24998 0 -3.68376 -0.374011 0.166058 0.912437
83.6516 -6.21225 79.4379 -0.963017 -0.221119 -3.5 0.0915536 -0.554831 -0.826911
81.7387 -4.01638 120.141 -0.417057 0 -3.5 -0.760103 0.39928 0.512659
75.8493 -5.279 107.049 1.28271 0.0329086 -3.9 -0.829108 0.488305 0.272282
72.8221 9.5165 83.1488 0.282398 0 2.31849 -0.518344 0.796474 -0.311365
83.6745 7.92487 76.6925 -1.48785 -0.779356 -3.5 0.742095 0.429366 -0.514723
52.5209 -15.0548 94.862 0.180042 0.76254 4.2 -0.549735 -0.385955 -0.740831
64.1137 5.31325 86.5521 -0.339461 -0.0640965 -0.667836 -0.445968 0.338888 -0.828413
62.4497 -19.3819 114.01 0.714426 0.0475416 -0.8 -0.364891 0.862731 0.35007
73.7995 8.16387 89.2507 0.373977 0.0362517 1.42982 -0.289574 0.699357 0.653488
75.9457 -33.088 123.018 -0.164589 0 -4.5 0.648322 -0.0793947 0.757215
103.477 1.69788 125.201 -0.210988 0 -0.7 -0.0848016 0.991953 -0.0940145
101.582 3.6435 104.488 -0.444743 0 -3.5 -0.45851 0.683214 -0.56832
81.7955 -28.3237 98.2395 2.3014 0.484192 -3.9 0.0319322 -0.543522 -0.838788
63.245 -30.8885 105.717 -0.0943897 0 1.8 -0.0476878 -0.91725 0.395448
65.0404 -2.447 72.3932 0.167198 0 -0.4 -0.674185 -0.110457 -0.730256
101.166 -23.458 127.231 -0.986923 -0.781654 -0.8 0.203324 0.950874 0.233448
78.0384 -24.7921 101.561 0.0367786 -0.000681066 -1.3 -0.690613 -0.128392 -0.711737
107.483 -6.28237 124.68 -2.16041 -0.919749 -3.5 0.7781 0.625637 0.0560186
102.185 -15.4525 93.452 -1.84122 -0.114916 -3.5 0.944663 -0.0660172 -0.321331
54.7366 11.9056 101.303 0.365642 0 -4.5 0.18114 0.840875 -0.510017
96.5229 -7.35488 98.6755 -0.804736 0 -3.9 -0.925917 -0.323113 0.195644
100.553 -31.5935 113.751 0.485729 0 -0.8 0.592953 0.802351 0.0681156
95.368 -11.2852 95.5804 1.82507 0 -3.9 -0.111475 -0.238163 -0.964806
51.8355 -4.31 105.095 -1.40424 -0.841125 -3.5 -0.688694 0.304651 0.657942
91.4098 -24.3589 103.154 -0.639401 0 1.02556 -0.27242 -0.705764 -0.653976
105.519 -7.89375 127.714 -0.613091 0 -3.5 0.647447 0.392105 0.653503
92.6833 -33.445 116.163 0.223786 0.197296 -3.5 -0.106989 -0.0764733 0.991315
74.7613 -13.5407 121.339 -0.258767 0 4.5 -0.941787 -0.278693 0.188064
80.2316 -22.0039 102.923 -1.12444 -0.356496 -2.40846 0.498298 0.415883 -0.76075
101.912 -24.631 128.286 0.615323 0.741874 -0.8 0.543399 0.277612 0.792243
64.996 -29.5028 94.1963 -0.102192 0 4.2 0.258327 -0.566867 -0.782259
97.7398 1.19963 90.5338 -0.399119 0 -1.3917 0.835656 0.300121 -0.460006
91.579 -13.0325 100.487 -0.946713 -0.0563944 -3.61168 -0.218477 0.750357 -0.623884
63.2012 6.783 99.1513 -0.0027371 0 1.9 0.124843 0.955942 -0.265685
65.5139 -15.5576 76.0161 1.75026 0.286923 -3.9 0.358273 -0.082502 -0.929964
80.5013 -17.7558 123.317 -0.0951046 0.0773805 -0.0206116 -0.165941 -0.157698 0.973445
52.7165 1.06337 105.825 -2.12952 -0.0311531 -3.5 0.0992634 0.527641 0.843648
99.3535 -31.8695 104.868 -0.417011 0 -3.5 0.993737 -0.110879 -0.0138639
66.3185 -24.659 121.183 0.154258 0 -3.9 -0.294112 0.322121 0.899854
79.0293 -14.3514 85.7057 -1.11361 -0.792834 -3.5 -0.126647 -0.878473 -0.460701
59.7783 10.0127 93.4334 -0.129594 0 3.8 0.201077 0.975837 -0.0855009
107.88 -31.4955 105.215 0.508663 0.171345 -3.5 0.171195 -0.902264 0.395742
51.8952 1.98775 89.9017 -0.0617839 0 -0.7 0.0179982 0.824569 -0.565475
66.124 10.526 86.1895 0.103559 0 -1.3 -0.318528 0.914986 0.247668
104.876 -0.25275 106.965 -0.646194 0 -0.488395 0.634678 0.679232 0.368548
87.3669 -18.5969 124.559 -0.318949 0 1.8 0.076028 -0.761888 0.643231
87.8846 12.474 86.6748 -0.331986 0 -4.5 0.340855 0.669665 -0.659823
103.685 -8.37325 91.187 -0.278426 0 -3.5 0.534114 -0.366869 -0.761662
87.506 -9.772 111.559 -0.391116 -0.388672 -0.7 -0.745547 0.605922 0.277523
74.8945 7.38 92.513 -1.57533 -0.0880396 4.5 -0.556077 0.73359 0.390671
76.2205 -2.6415 69.5023 -0.390186 -0.0495818 -0.8 0.000225414 -0.753925 -0.65696
87.6314 1.57562 109.389 0.153465 0 -4.5 -0.616567 -0.381025 -0.688959
79.7825 -27.7479 115.587 -0.656435 -0.681143 -0.760714 0.601759 -0.517088 0.608692
75.4584 -10.5627 110.542 -2.60185 -0.372731 -3.5 -0.74286 0.0857283 -0.663935
67.5704 2.67525 68.0766 0.661713 0.110582 -4.5 0.328793 0.934275 -0.137933
100.451 -24.4818 119.756 -1.54018 0 -4.06438 0.724637 -0.616796 -0.307349
78.2589 -5.95825 108.866 1.95065 0.18749 -3.9 0.40852 0.372973 0.833068
81.7855 -7.43237 80.8629 -0.463222 -0.127099 -3.5 -0.23778 -0.435016 -0.868459
93.0303 -4.30013 97.7409 -1.02138 0 4.2 -0.289057 -0.726991 0.62284
102.161 -29.8294 121.65 -0.562759 0 -3.5 0.917414 -0.202313 -0.342666
55.0619 -14.1578 90.0001 0.783227 0 -3.2 -0.978798 0.142262 -0.147365
75.3411 -18.9464 92.5853 0.288527 0.0428582 -3.11175 0.185409 -0.952612 -0.24115
65.2097 -13.1665 82.1105 3.43364 0 -3.9 -0.642495 -0.766209 0.0111222
95.299 -23.534 115.343 -0.903594 0 2.8 -0.29036 -0.953207 -0.0841859
84.6257 -28.8629 99.1827 0.86996 0 -1.6 -0.401144 0.109715 -0.909421
91.3834 -33.1709 115.281 0.453442 0.438142 -3.5 -0.882158 -0.0637038 0.466625
75.0345 -11.3652 98.2564 -2.13721 -0.0291543 -3.5 0.6696 -0.206387 0.71347
62.2837 -21.8132 89.1022 -1.13015 -0.62182 -3.5 0.930008 -0.336548 0.147718
57.2981 -4.473 82.5078 0.475912 0 -0.4 -0.627286 -0.66804 -0.400294
99.3343 -34.2865 115.705 -0.224864 0 -3.9 0.376343 -0.729086 0.571664
73.0036 3.22525 68.2369 0.0867112 0 1.8 -0.755914 0.404098 -0.515071
50.3983 -23.1119 104.703 0.0879849 0 -4.5 -0.922384 0.0358795 -0.384605
63.3003 -1.48819 107.803 -0.383941 0 -0.7 0.367005 0.879838 0.301983
83.2483 -24.7038 100.329 -0.159526 0 -3.9 0.3029 0.707617 -0.638381
75.1594 -29.8464 105.918 -0.909308 0 -1.42865 -0.47209 -0.833414 0.287319
73.571 -17.5098 121.28 -0.15401 0 -3.5 -0.465482 0.539251 0.701808
65.9291 5.3285 99.2086 -0.512143 0 2.19127 0.516824 0.604631 0.606065
83.8607 -4.52725 112.352 -0.787191 0 -3.2 0.175638 -0.982528 0.0615647
70.4443 -31.6502 122.235 0.197695 0.46526 -1.39401 -0.387727 -0.267928 0.881977
68.4975 2.99813 95.2907 -0.960988 0 2.89095 0.756352 -0.290331 0.586207
80.7994 15.1035 87.6097 -0.629981 0 -3.5 -0.431827 0.792481 0.430697
106.735 -23.0635 101.158 -0.170986 0 -2.65003 0.711903 0.26949 0.648513
76.6072 -11.5752 93.9705 0.0407826 0.470194 -3.5 0.859858 -0.29788 -0.414623
106.96 -24.3151 122.834 0.772044 0.822758 -4.5 0.332368 -0.127385 0.934508
107.821 -25.2275 98.9854 -0.206247 0 -3.5 0.886034 0.00456987 -0.463598
71.1325 10.6733 88.9956 0.204635 0.692755 -3.86549 0.427578 0.736503 0.524156
100.217 2.86075 105.269 -0.385499 0.136973 -3.5 -0.227467 0.808597 -0.542614
92.2422 -4.2535 130.639 -1.56297 -0.0399864 -4.5 -0.787632 0.300427 0.53794
63.8162 -30.964 110.634 -0.218302 0 3.8 -0.753375 -0.55931 -0.345831
97.8044 0.170625 135.736 0.458899 0.143519 -4.5 0.472376 0.810811 -0.345612
106.985 -15.9242 126.634 -2.29474 0 -3.5 0.240249 -0.91624 -0.320602
110.62 -9.2165 105.219 -1.68588 -0.0386218 -1.8044 0.965066 -0.107928 0.238744
84.8132 5.13375 77.7308 0.87874 0.799993 -3.5 0.997963 -0.0592046 -0.0237453
59.497 -5.3785 107.5 -0.247024 0 -0.7 0.338715 -0.391461 0.855588
90.3795 -27.287 110.232 -1.00893 0 -2.14251 -0.192724 -0.648485 0.736427
98.4855 -6.728 94.2357 -0.0596591 0 -1.85281 -0.116509 -0.755207 -0.645049
85.156 -14.485 106.858 -1.64211 -0.353053 -3.5 -0.918571 0.355203 0.173376
86.403 7.6665 97.3629 -0.236264 0.189401 -4.5 -0.442283 0.242566 0.863451
63.4336 -13.3027 80.1395 1.48554 0.629179 -3.9 -0.766666 -0.470865 0.436473
75.2663 -17.0798 86.5492 -0.506471 0 3.8 -0.193173 0.628628 -0.753333
105.247 -3.32875 106.746 -1.12004 -0.0863891 2.00777 0.826303 -0.377167 0.418293
92.0636 6.113 96.5931 -0.673255 0 -1.28536 0.993404 0.0805514 -0.0816071
58.752 -5.81563 84.3828 1.09493 0 -0.673768 -0.320618 -0.543273 -0.775924
64.7755 5.75075 94.012 -0.2899 0 -0.313882 -0.611599 0.761209 -0.215655
91.4922 -24.2202 96.1415 0.267376 0.533819 -3.5 -0.766926 0.156698 -0.62231
53.046 -18.7466 85.5751 1.91808 0.811299 -3.9 -0.755252 0.0325146 -0.654628
92.0611 8.434 87.762 -0.130071 0 -4.5 0.905146 0.405276 0.128302
57.3334 -29.5054 104.157 -0.525281 -0.00625976 -0.4 -0.64243 -0.612598 0.460443
88.7555 -20.269 101.132 -0.738202 0 3.8 -0.226802 0.540207 -0.810394
93.4286 -3.22112 133.142 0.113635 0 -4.5 -0.952455 0.221839 -0.208848
101.005 -34.133 100.353 0.169692 0 -3.70651 -0.0761283 -0.752224 0.654495
103.024 -13.8387 121.417 -1.22569 0 -1.6 0.635408 0.0748509 0.76854
104.068 -22.018 122.936 0.046883 0 -4.5 0.288438 0.275263 0.917079
78.4488 -32.3867 100.021 -0.403145 0 -3.5 -0.092421 0.391367 -0.915582
87.9191 -36.2406 101.829 0.302254 0.872234 -3.5 -0.0755726 -0.811477 -0.579477
67.645 -33.1908 110.935 0.571474 0.292744 3.8 -0.529613 -0.77896 0.335754
98.8808 -25.81 95.5212 -0.298071 0 -3.23659 0.398738 0.0948366 -0.912148
93.2937 -21.7437 99.2994 -1.75525 -0.326292 -3.5 -0.23204 0.972605 -0.0140463
51.0272 -0.358375 104.861 -1.11529 -0.00741628 -3.5 -0.630354 -0.120757 0.766858
48.3676 -7.36412 95.607 -0.678885 -0.0340541 -4.5 -0.473852 -0.849014 -0.233753
93.9136 -3.24163 137.489 0.988306 0.828121 -4.5 -0.79165 -0.319522 0.520766
59.7381 -32.4439 115.69 -1.81759 -0.894468 -3.5 -0.654716 0.706283 0.269279
59.3675 -6.8515 84.379 0.845725 0 -3.9 -0.671499 -0.0338617 -0.740232
104.957 -21.1111 93.3874 -0.319432 0 4.5 -0.518105 -0.495503 -0.697169
63.5185 -31.1373 108.095 -0.196677 0 1.8 -0.029882 -0.997238 -0.0680001
63.1021 6.63875 102.066 -0.143687 0 1.9 0.326203 0.927597 -0.182088
84.3335 1.63725 101.896 -0.453506 0 -0.8 -0.475015 0.00547729 0.879961
76.9829 -15.6322 94.532 -0.827787 0 -0.0231432 0.38571 0.749386 0.53819
79.1342 -13.5185 78.4808 -1.75107 0 -3.5 0.00110759 -0.998617 0.0525563
79.4214 -4.62425 104.836 -0.0941373 0 -3.9 0.903845 0.353568 0.240942
66.2538 8.396 111.761 -0.0809597 0 4.5 0.456213 -0.512694 0.727334
100.835 -23.7665 111.332 -0.880617 0 2.52623 0.153921 -0.709595 0.687592
102.976 -1.037 114.334 -0.0996762 0 -3.9 0.663023 0.667766 0.338362
79.1959 -33.7885 113.287 -0.0829482 0 2.8 0.32799 -0.926023 -0.186828
92.5786 -24.7455 102.801 -0.521651 0 1.89932 -0.662051 -0.617036 -0.425388
94.873 -34.1452 103.007 0.0829462 0 -0.8 0.0921956 -0.993353 0.0689147
74.505 -34.2825 123.767 -1.24635 -0.495588 -3.5 0.384156 0.086538 0.919204
69.0696 -34.8703 105.685 -0.394904 0 -3.5 -0.222714 -0.925358 -0.306776
74.0346 -38.7394 108.76 1.94493 0.187702 -3.9 -0.214434 -0.720333 -0.65965
66.4867 -21.4309 112.242 0.0438282 -0.806544 -0.83461 0.0775029 0.942989 0.323673
92.563 -14.834 129.994 -0.446368 0 -0.9 -0.0743851 -0.996644 -0.0341764
93.5932 -1.39975 122.373 -0.078643 0 2.8 -0.562872 0.145734 -0.813595
99.8099 -28.5515 125.61 -1.41034 -0.212147 -3.5 0.140036 -0.400532 0.905519
80.5055 -33.2248 102.91 -0.852169 -0.157677 0.588646 0.125375 -0.380834 0.916104
90.7271 -6.05863 87.569 -0.0443581 0 3.8 0.872819 0.0537652 -0.485073
79.1974 -23.6524 119.509 -0.424935 0 -0.328579 0.370107 -0.490041 0.789228
57.9589 -25.0204 107.256 0.438528 -0.0530615 -4.5 -0.662115 0.150935 0.734045
52.7967 10.8073 102.322 -0.210141 0 -4.5 -0.867069 0.463713 -0.182104
81.2099 -3.71988 116.182 -1.73535 -0.00574395 -3.5 -0.726792 0.539466 -0.425147
74.5245 5.39125 95.7732 -2.03541 -0.362764 3.8 -0.10779 0.819191 0.563301
56.6878 -29.2225 102.842 -1.40827 -0.566993 -0.4 -0.782643 -0.569874 -0.250428
105.749 -1.595 123.767 -1.46011 -0.942437 -0.7 0.955916 -0.279331 0.0905489
73.8915 5.25575 72.744 0.0243014 0.287888 -3.66276 0.570772 0.188569 -0.799162
104.947 -5.415 109.756 -0.95689 0 2.59001 0.82541 0.302274 -0.476789
102.443 2.32225 110.812 -0.635638 0 2.0976 0.98333 0.168896 -0.0673536
66.7718 5.23125 74.2787 1.5464 0.373162 -3.9 -0.633545 0.162098 -0.756535
58.0346 -13.2179 109.201 1.42169 0.417812 -4.5 0.335205 -0.896604 0.289376
99.8464 7.9885 107.753 -2.04574 0 -3.5 -0.096147 0.994246 -0.0472212
90.1492 -35.993 104.109 0.288871 0.427087 -3.5 0.453148 -0.644813 0.615526
117.395 -11.0393 99.531 -2.63344 -0.251653 -3.5 0.348867 0.931439 -0.103506
91.3405 6.8495 100.074 -0.286298 0 -3.5 0.55466 0.439159 0.706747
113.735 -9.2875 116.24 -1.99266 -0.0378965 -0.8 0.848952 -0.349937 -0.396011
94.074 -2.99213 87.6452 -0.388073 0 4.2 0.561596 -0.285651 -0.77654
87.502 -19.849 122.684 -0.568452 0 1.8 -0.0930795 -0.747479 0.657732
78.9467 -29.7534 101.087 -0.117393 0.0611496 -3.53722 -0.437524 0.577295 -0.689422
76.3262 -14.9494 87.099 -0.635573 0 0.318146 -0.357164 -0.311265 -0.880652
100.949 -30.4056 101.915 -0.263121 0 -3.9 0.618629 0.0330411 0.784988
91.7585 -4.50588 108.408 -0.313902 0 3.92122 -0.677802 0.601719 -0.422514
98.4419 -1.5255 129.147 -1.40277 0 -3.5 -0.383128 0.8706 -0.308655
64.0055 0.3095 83.2702 0.435457 0 -0.8 -0.53042 0.634644 -0.562033
111.242 -12.6905 97.9715 0.0123623 0.242392 -2.8016 0.234969 0.629076 -0.740981
77.3845 -17.8915 123.295 -1.36815 -0.677343 4.5 -0.477084 -0.197206 0.856446
70.2795 -33.1177 114.752 -0.111122 0 -1.68301 -0.895858 -0.415983 -0.156191
55.9811 -11.1788 85.4019 0.379933 0.174705 -1.70202 -0.504399 -0.216499 -0.835889
54.087 -13.215 102.024 0.151845 0 -1.50571 -0.797372 -0.580975 0.163297
79.3027 -20.8211 102.141 -2.36684 -0.208846 -3.5 0.409828 0.189027 -0.892362
106.025 -38.5277 110.541 -2.40046 -0.381679 -3.5 0.486998 -0.867096 -0.104776
97.731 -1.54788 119.182 1.22363 0 4.2 -0.332916 0.942183 -0.0381833
77.775 -16.8267 87.2465 -1.12112 -0.0373206 -0.4 0.461188 -0.0961766 -0.882074
84.869 -10.042 111.947 -0.981242 -0 3.8 0.152008 0.69257 -0.705152
66.5146 -32.5895 111.437 -0.144331 0.0244453 3.8 -0.258442 -0.965605 -0.0285624
93.0458 -5.899 131.899 -0.112011 0 -2.65771 -0.785467 0.211837 0.581521
99.8815 -33.4165 118.448 1.60556 0.0177261 -3.9 0.0867546 -0.980155 -0.178243
73.7128 -3.18175 102.195 -0.377482 0.0534671 -0.8 0.255456 0.7478 0.612811
77.2676 -31.5212 100.655 -0.78 -0.02828 -3.5 0.17615 0.311855 -0.933658
56.0095 7.29325 101.164 0.432539 0 -1.29076 0.78667 0.405033 0.465938
91.9354 11.4601 93.9062 -1.84019 -0.0229596 -3.5 0.148079 0.986703 0.0670041
97.3763 2.89975 89.4266 -0.362374 0 1.8 0.958456 0.170544 -0.22864
57.8 -24.8945 115.639 0.0294807 0 -3.5 -0.835593 -0.231191 -0.498333
70.7578 -21.3037 122.191 -0.230523 0 4.2 -0.106616 0.569685 0.814918
91.1387 -11.4746 103.011 -0.617098 -0.0269505 -0.929734 -0.474054 0.775664 -0.416676
103.661 -27.567 99.1715 -0.976615 -0.00177948 -3.5 0.694157 -0.630168 -0.347901
60.6786 -24.206 96.3374 -0.58019 0 0.0346024 0.0997511 -0.732791 -0.673102
75.5895 -38.1194 121.435 -0.953604 0 -3.5 0.65824 -0.321102 0.680892
89.7019 10.3923 92.1651 -0.491358 0 -3.736 0.244464 0.922064 -0.30006
57.8611 2.96725 108.942 -2.56586 -0.783194 -3.5 -0.0832011 -0.153182 0.984689
52.9826 -18.0107 100.802 0.443048 0.144211 -0.7 -0.937444 -0.253351 0.238771
70.5413 -28.3015 99.9229 -0.581299 0 -1.6 0.957344 0.161343 0.239708
69.2868 -10.3225 111.819 0.301008 0.00129023 -0.7 0.0408589 0.246192 0.968359
82.9275 -10.5278 125.568 0.208131 0 -4.5 -0.97205 0.109879 -0.207473
77.1687 2.2445 101.528 -2.28342 -0.527701 -3.5 0.0346542 0.39551 0.917808
95.3175 -7.31388 133.049 -0.85992 -0.560041 -1.6 -0.14292 -0.37563 0.915683
81.727 -11.0274 86.5667 -0.640539 0 -1.24886 0.268026 -0.843754 0.465017
55.215 -7.882 104.132 -0.632826 -0.223518 -3.5 -0.242725 -0.721605 0.64836
98.8146 1.40213 93.5468 -0.511675 -0.115238 -2.04128 0.667229 0.347451 -0.658851
93.9372 3.791 117.644 0.795627 0.542409 -0.8 -0.731198 -0.256094 0.63227
94.4636 7.5465 90.7064 -1.03853 0 -0.4 0.167706 0.812103 -0.558895
76.085 -37.6678 118.442 -1.19563 -0.59047 -3.5 0.860777 0.0518752 -0.506332
83.0871 -37.3758 100.541 0.00314128 0 3.8 0.597384 -0.355981 0.718617
96.1445 -32.8568 98.3095 -0.651565 0 -3.5 -0.649024 -0.312015 -0.69384
110.765 -14.425 96.7558 -0.178685 0 -1.6 0.0880663 0.269654 -0.958922
66.0669 3.82125 76.0339 1.50535 0 -3.69206 -0.381953 -0.135375 -0.914213
54.0825 11.4202 104.937 1.02345 0.890039 -4.5 0.220002 0.76355 0.607117
82.6891 13.1579 93.3831 -0.264485 0 -0.4 -0.175978 0.305102 0.935919
72.7635 -37.863 121.95 -0.547476 -0.0434423 -3.5 -0.434552 -0.501761 0.747931
93.4617 -6.3605 100.355 -0.355809 0 4.2 -0.788493 -0.0489486 -0.613093
53.6575 -15.7714 102.151 0.0439179 0 -0.7 -0.91513 0.176043 0.362692
94.2347 4.81775 85.968 -0.0677571 0.151818 4.5 0.852684 -0.335049 -0.400838
107.678 -16.4767 129.366 -1.37926 0 -3.5 0.456068 -0.859965 -0.229046
88.4434 -8.59988 110.451 -0.202833 -0.105684 3.66469 -0.83044 0.524843 -0.186841
78.1738 -31.198 117.678 0.0341638 0 -4.5 0.837688 0.142064 0.527349
73.3651 -16.7789 119.609 0.0427255 0.216312 -3.5 -0.382143 0.647084 0.659734
67.3965 -38.7163 117.779 -0.643642 -0.865543 -0.7 0.0618859 -0.966754 0.248106
98.062 -35.1411 102.915 -1.64751 -0.239669 -3.5 0.0697765 -0.980355 -0.184484
93.8627 -21.5416 98.324 -2.21661 -0.312285 -3.5 -0.137457 0.990183 -0.0253427
64.9805 6.1695 103.959 -1.29855 -0.333459 1.8 0.740581 0.543674 -0.394916
105.089 -19.3927 117.044 -0.863254 -0.0517236 -3.5 0.718949 -0.178432 0.67177
68.6898 -9.90925 74.2825 0.184926 0 -0.8 -0.716849 -0.355493 -0.599794
77.552 -18.0732 96.2129 -0.347658 0 3.8 -0.497777 0.292815 0.816381
87.0455 -16.764 102.649 -0.910906 -0.748322 -3.5 0.751005 -0.323109 -0.575841
82.5208 -9.74875 92.9304 -0.660004 0 -3.5 -0.549936 -0.752117 -0.363167
80.2787 -18.1268 90.0416 -0.389481 0 -0.4 0.90337 -0.34841 -0.250067
82.2015 -4.2545 111.612 -0.0592478 0 -3.2 -0.476931 -0.774492 -0.41557
103.662 -26.0296 110.627 -1.1863 0 1.8 -0.37849 -0.0055705 0.925589
89.1212 -7.072 109.782 -0.397352 0 2.57271 -0.919758 0.305552 -0.24634
93.5755 -4.263 120.676 0.100154 0 4.2 -0.136563 0.824393 -0.549297
96.5531 -17.8789 126.385 -2.27815 -0.260067 -3.5 0.111704 -0.431902 0.894976
88.4791 -26.7202 112.456 -0.964033 0 -0.7 0.466265 -0.843925 0.265307
62.9403 -14.1139 76.921 0.922947 0 -3.9 -0.817595 0.328513 -0.472883
58.5825 -20.058 117.559 0.424275 0.7773 -3.5 -0.11861 0.886062 0.448136
53.811 11.7347 103.978 0.478778 0.396012 -4.5 -0.297645 0.930705 0.212592
119.319 -12.5332 99.5401 -2.60439 -0.81822 -3.5 0.739083 0.575227 0.350529
95.756 -18.464 98.1298 -0.72007 0 4.2 -0.853258 -0.417425 0.312581
72.0969 -21.7628 97.1693 -2.32008 -0.170076 -0.7 0.813117 -0.366192 -0.452487
78.9788 -15.7607 94.1872 -1.18875 -0.155412 3.8 0.0471611 0.923561 0.38054
50.268 -21.7502 105.543 0.521195 0 -4.5 -0.800306 0.537175 -0.266371
88.6281 -9.15956 129.88 -0.150854 0 -3.2 -0.710401 0.393442 0.583553
80.0101 -15.1266 92.6752 -2.29649 -0.124662 3.8 0.500648 0.865517 0.0152463
96.0066 -23.6011 126.209 -0.625581 0 -0.8 0.372271 0.375262 0.848878
53.1265 -17.6146 88.6339 1.41283 0 -3.9 -0.764973 0.0543348 0.641766
78.9084 -38.2603 102.391 0.169397 0.0106224 -3.5 0.410461 -0.633365 0.656026
62.9354 -4.32662 110.192 0.490744 0.470721 -0.7 0.127432 0.00271539 0.991844
98.005 -3.24662 94.192 -0.154952 0 -3.4758 0.876305 0.239063 0.418257
106.65 -6.56175 108.192 -2.18435 0 -3.5 0.149795 0.904788 0.398649
109.638 -4.91531 106.963 -1.21211 0 -3.5 0.4696 0.848187 0.245059
102.172 2.32838 116.129 -0.672449 0 1.9 0.79854 0.3652 0.4785
77.4734 -13.2816 110.463 -0.729233 0 -3.5 -0.667181 0.178534 -0.723184
60.0196 -32.0354 114.596 -0.47409 -0.0577914 -3.5 -0.811872 0.374961 -0.447513
99.619 -34.1985 104.323 -2.05828 -0.0107649 -3.5 0.999288 -0.0337633 -0.0168132
102.808 -25.6554 125.723 -0.438464 0 -0.8 0.976579 -0.142482 0.161222
60.5869 -25.186 119.925 -0.834591 -0.757669 -3.5 -0.596609 -0.316991 0.737274
46.1688 -7.1925 91.664 -1.42434 0 -0.4 -0.905395 -0.203193 -0.37279
90.2094 -0.504125 117.151 0.311191 0 4.2 0.60488 0.796317 -0.000266333
70.735 -35.5824 106.122 -0.568523 0 -3.5 0.226152 -0.631424 -0.741727
55.9435 -9.33663 109.71 0.291959 0 -4.5 -0.596194 0.694939 -0.402011
57.0713 -21.8853 96.8175 -0.458826 0.500372 0.726916 -0.85836 0.0502326 -0.510583
83.1752 -0.5075 114.561 0.0344563 0 -3.2 -0.438927 0.772413 0.459043
96.7581 -26.7447 93.795 -0.367356 0 -0.8 0.253688 -0.0508687 -0.965948
81.3566 -15.9644 100.96 -0.295655 0.216249 -3.5 -0.919279 -0.182062 0.348968
71.5064 -14.1564 110.35 -0.286105 0 -0.8 0.62275 0.647108 -0.439812
70.4408 -10.2586 111.111 0.699307 0.59936 -0.7 0.775676 0.52257 0.353902
111.753 -8.16588 107.113 -3.69234 -0.392913 -3.5 0.906186 -0.319934 -0.276531
109.116 0.288625 103.043 -1.05664 0 -3.5 0.899543 0.169294 -0.402693
102.437 1.71775 115.111 -0.679497 0 1.9 0.99202 0.121117 -0.0350304
108.275 -15.3798 126.138 -2.23504 -0.286729 -3.5 0.672376 -0.640466 -0.371097
69.7216 8.33212 91.8109 -0.463632 0 2.8 0.486303 0.495581 0.719659
64.8767 -33.3744 120.78 -1.96507 -0.189843 -0.9 -0.266665 -0.0537372 0.96229
84.1403 15.9599 85.8204 -1.43099 -0.0134811 -3.5 0.342819 0.894052 -0.288351
68.9801 9.42037 82.9806 0.269572 0 -1.3 0.593087 0.800622 0.0851596
108.589 -13.1667 130.473 -1.95058 -0.0605931 -3.5 0.870537 0.490503 0.0396478
60.2205 -29.1612 107.912 0.0992516 0 -4.5 -0.184944 -0.967399 0.173018
51.0175 -7.5805 88.1546 0.0896192 -0.148089 -0.7 0.0425356 0.363999 -0.930427
91.1151 -3.35963 118.347 0.121838 0 4.2 0.944613 0.316344 0.0873685
86.5723 -10.696 101.928 -0.40524 0 -1.6 0.156331 0.963456 0.217517
50.9016 0.90025 88.7096 -0.0115752 0 -0.7 -0.294429 0.296019 -0.908672
52.9511 -6.40413 89.8059 0.359986 0 -3.20816 0.0487866 0.0269487 -0.998446
79.4624 3.8975 70.5924 0.560744 0.00152912 -3.5 0.708671 -0.281311 -0.647032
67.0721 -3.02362 107.607 -2.06937 -0.0582843 -3.5 0.38067 0.898564 0.21834
109.771 -17.0623 96.1823 -1.88383 0 4.5 0.262039 0.441538 -0.858126
79.378 -27.6332 99.6292 3.20175 0 -3.9 -0.942424 -0.333734 -0.0214222
71.3805 -37.766 119.888 0.331787 0 -3.5 -0.180675 -0.845552 0.502392
112.162 -6.79325 115.246 -0.644419 -0.400752 -1.96396 0.870739 0.489463 -0.0473243
82.0232 -3.07787 117.053 -0.807459 0 -3.5 -0.504987 0.84448 -0.178444
107.126 -2.5865 119.399 -0.252224 0 -3.5 -0.206713 0.815179 0.541067
79.0375 -37.2332 96.4445 -0.239546 0 3.8 -0.744726 0.369433 -0.55579
82.2676 -10.0365 127.062 -0.245408 0 -4.5 -0.993202 0.0986658 -0.0617715
65.866 0.27825 102.68 -0.295271 0 4.5 0.866236 0.422711 0.266366
61.4934 8.16512 103.41 -0.0132149 0 1.8 0.0830049 0.847294 -0.524599
67.5499 -13.4843 77.3586 1.007 0 -3.9 0.701031 -0.285537 -0.65347
114.705 -12.7045 111.369 -0.885803 0 2.8 0.110611 0.535452 0.837291
61.3768 -4.00163 109.591 0.220818 0.0788423 -0.7 -0.554386 -0.291888 0.779396
108.049 -23.5777 120.795 -0.140846 0 -4.5 0.905476 0.417679 0.0752111
88.678 -0.251125 81.75 0.132046 0.0231374 -0.8 0.411167 -0.376191 -0.830315
101.392 -30.2016 120.124 0.323334 0.645576 -3.76946 0.972919 0.0212563 -0.230166
85.4784 10.094 84.7146 0.419362 0.014717 -0.7 0.732039 0.265132 -0.627554
105.297 0.848375 124.304 0.22714 0.356687 -0.7 0.698279 0.689308 0.193031
79.0727 -5.39375 74.8494 -0.439031 0 -0.7 0.343225 -0.00526028 -0.939238
88.5626 0.41425 113.92 0.425833 0.0177824 -3.2 -0.205278 0.73368 0.647746
98.5765 5.51575 116.213 -0.926214 0 -0.8 0.416419 0.343868 0.841635
80.3357 -16.0228 108.269 -0.703749 0 4.2 0.180186 0.586377 -0.789743
76.3232 -36.036 108.227 0.311345 0 -3.9 0.547478 -0.130447 -0.82659
67.0882 4.40338 99.2124 -0.630711 0 2.8 0.176383 0.27569 0.944925
99.6622 7.06938 110.223 -0.596325 0 -3.5 -0.0384746 0.841965 0.538158
57.4603 -22.148 93.9235 0.822126 0 -0.4 -0.973769 -0.205675 -0.0973207
94.9775 3.494 117.836 0.921283 0.580881 -0.8 -0.0306084 -0.629599 0.776317
91.7106 -34.2486 115.086 0.441122 0.148664 -3.5 -0.645499 -0.676289 0.354913
91.992 -11.1818 101.975 -1.20611 -0.530891 -2.96661 -0.720995 0.546725 -0.425744
57.6221 -30.1409 99.2441 -0.563841 -0.963778 -0.8 -0.516763 -0.722395 0.459457
64.1833 -34.245 119.705 -1.40989 -0.326182 -0.9 -0.866177 -0.331461 0.373994
71.1395 8.01475 72.0266 0.800594 0.701462 -3.5 -0.615032 0.540912 -0.573716
68.2314 -14.7686 80.5163 0.796447 -0.14299 -3.9 0.0274943 -0.994889 0.0971543
69.1693 -8.74737 107.39 -0.539276 -0.309191 -1.54278 0.986077 0.145195 0.0810644
71.7079 -26.2469 121.964 -0.37836 -0.645803 -3.9 -0.00896335 0.621457 0.783397
70.1517 -40.2345 116.2 -0.715857 -0.17316 -3.5 -0.136488 -0.942593 -0.304777
71.8092 -17.9831 102.402 -0.796826 0 -0.8 0.760134 -0.638719 -0.119313
70.7735 -13.0337 115.255 0.0509485 0 -1.3 -0.706428 0.407862 0.578453
75.6143 -16.4095 107.523 -0.257721 0 -3.2 0.0722471 0.987074 0.143059
102.127 -24.4557 120.558 0.103745 0 -4.5 0.112504 -0.840329 -0.530274
108.834 -5.43 111.722 -0.742468 0 -0.7 0.484962 0.716475 -0.501473
78.6448 14.2708 88.437 -1.53276 -0.0588837 -3.5 -0.313985 0.933018 0.175757
98.8408 3.596 93.749 -0.998216 0.631388 -3.5 0.628508 0.385537 -0.675529
73.4473 -2.5135 101.207 -0.636422 -0.118481 -0.8 0.220077 0.882972 0.414641
60.8991 -1.38538 80.2279 -0.12369 0 -0.4 0.200964 0.836235 -0.510221
111.44 -3.22675 115.88 -2.11609 -0.30645 -3.5 0.489586 0.480721 -0.72747
58.6115 -27.1765 116.791 -1.28341 -0.743044 -3.5 -0.910185 -0.380562 0.163514
83.266 -32.829 102.027 -0.409524 0 -3.5 -0.132384 -0.632326 0.763307
102.116 -0.095375 97.0015 0.0120382 0 3.31734 0.62234 -0.133462 -0.771285
84.0705 1.224 122.874 0.148025 0 -3.9 -0.808121 0.586445 0.0549763
105.505 -5.3945 106.332 -1.34065 0 -3.5 0.523908 0.617836 0.586344
65.261 10.0635 85.2095 -0.0161995 0 -1.3 -0.80723 0.56803 -0.160383
88.1309 0.813875 124.379 1.44325 0 -3.9 0.488194 -0.0814335 0.868927
101.983 0.47975 121.036 1.56674 0.853993 -0.8 0.224907 0.967486 0.115704
113.364 -19.5465 107.38 -0.38372 0 2.8 0.984755 -0.0820506 -0.153381
50.3895 -24.147 106.152 0.152329 0 -4.5 -0.95719 -0.249536 0.146693
87.699 7.99137 82.4922 -0.143132 0 3.8 0.106901 0.705213 -0.70089
111.45 -5.34338 113.089 -1.99149 0 -3.2 0.567783 0.643366 -0.51352
117.245 -22.7455 116.426 -2.23933 -0.827289 -0.8 0.555157 -0.783984 0.277795
82.0423 0.584 75.8436 -0.43128 0 -1.3 0.509162 0.247922 -0.82419
68.945 -34.6901 104.097 -0.322024 0 -3.5 -0.0252262 -0.999504 0.0188448
87.9183 8.88875 84.8204 1.02717 0.569724 -3.64754 0.314032 0.668577 -0.674083
74.4648 -37.2023 108.208 1.21146 0.154093 -3.9 -0.00272841 -0.311193 -0.950343
80.2166 -13.824 84.2048 -1.4204 0 -3.5 0.0858098 -0.714936 -0.693904
91.1265 -12.24 101.259 -0.780789 0 -2.96054 -0.401492 0.74414 -0.533911
94.4893 -14.6252 97.8852 -0.157465 -0.258999 -3.54421 -0.265682 -0.36311 -0.893065
81.741 -29.188 114.607 -0.209634 0.510313 -4.5 0.222552 0.0521193 0.973527
55.2127 10.7745 103.63 0.0321759 0 -4.5 0.801365 0.453753 0.389772
78.5474 -12.3335 82.8834 -0.344525 0 -3.5 -0.0328301 -0.858509 -0.511746
96.2214 -35.5373 99.5016 -2.4078 -0.563376 -3.5 -0.760091 -0.542384 -0.357883
112.896 -13.3765 122.343 -2.1372 -0.90249 -3.5 0.82573 0.332061 0.455966
98.3636 -1.24662 130.268 -1.54176 -0.182516 -3.5 -0.46829 0.856957 0.215242
100.231 -24.086 127.892 -0.837002 -0.675104 -0.8 -0.443317 0.514221 0.734198
63.2393 4.31375 79.4532 -0.232859 -0.309601 -3.5 -0.331125 0.664801 0.669624
96.2786 -31.6936 109.869 -0.155093 -0.0274734 -1.02011 -0.311143 -0.900838 -0.302788
113.643 -20.5023 109.587 -0.836694 0 2.8 0.81343 -0.440632 -0.379703
68.096 1.37088 65.7611 0.797892 0.106224 -4.5 0.489398 0.685624 -0.538896
97.5051 -13.0337 94.7415 1.37597 0 -3.5 -0.303955 0.556805 -0.773033
75.6771 -39.8602 119.676 -1.53486 -0.223713 -3.5 0.477871 -0.878226 -0.0189471
91.1468 -8.65812 105.401 -0.476241 0 2.5 -0.661235 0.28207 -0.695129
86.2726 -35.0665 98.3579 -0.195366 0 1.8 0.524387 -0.361471 -0.770945
80.2647 -11.2847 77.3695 -1.92235 -0.054111 -3.5 0.718723 0.400466 -0.568387
79.9788 -28.8649 102.002 0.796483 0.189743 -0.8 -0.761626 0.621814 -0.182408
77.3142 -1.40287 68.8183 -0.856158 -0.919134 -0.8 -0.0532039 0.176369 -0.982885
85.9824 -0.46425 117.987 -1.0352 0 -1.92266 -0.267381 0.895274 -0.356359
63.573 6.23513 109.616 1.8314 0 4.5 0.0784163 -0.712975 0.696791
61.7578 -35.3154 116.834 -1.34425 0 -3.5 0.00458048 -0.32422 0.945971
77.7719 -12.1888 116.285 -0.330458 0 -3.5 0.199346 0.977274 -0.0720941
119.249 -12.8555 98.208 -2.10442 -0.136758 -3.5 0.585242 0.505153 -0.634281
113.766 -9.75625 118.044 -0.844793 0 -0.8 0.932149 -0.333894 -0.140048
114.154 -9.723 109.959 -0.58702 0 -3.2 0.822896 0.562046 -0.0833532
114.717 -11.8645 105.703 -1.39704 -0.166347 0.577078 -0.26691 0.941015 0.207967
87.0981 -14.0399 86.627 -1.52841 0 -0.4 0.156079 -0.845176 -0.511191
72.2477 11.8134 86.3031 2.41591 0.0793673 -3.9 -0.56295 0.77564 -0.28543
83.9218 -10.7207 128.693 -0.0103894 0 -4.5 0.224443 -0.254153 0.940761
95.7572 0.3845 89.5 -0.632666 0 2.17436 0.499235 -0.305275 -0.810908
104.372 -12.987 125.519 -1.39342 -0.957383 -3.5 0.147746 -0.00443486 -0.989015
107.677 -16.5819 132.146 -2.56442 -0.827633 -3.5 0.27948 -0.468536 0.838072
64.0936 -3.82119 73.8915 -0.525648 -0.690832 -3.43721 -0.847114 -0.19172 -0.495623
63.462 -13.1301 84.805 0.672013 0 -3.05832 -0.330843 0.151011 -0.931525
81.526 6.41813 76.1923 -0.0835081 -0.0183457 -3.5 -0.105368 0.0226513 -0.994175
100.283 -33.6603 120.189 3.10453 0.0515914 -3.9 0.22169 -0.89346 0.390618
72.949 -7.066 73.9526 -0.822358 0 -2.12228 0.515432 -0.61703 -0.594646
86.3294 -10.5225 96.8109 -2.62175 0 -3.5 -0.0726591 0.307064 0.948911
97.3167 6.334 115.619 -0.46669 0 -0.8 -0.0209807 0.906578 0.421517
92.8792 -2.96275 134.325 0.211341 0 -4.5 -0.997852 -0.0363909 -0.0544667
104.17 3.94325 105.284 -0.368247 0 -3.5 0.114566 0.882979 0.455217
72.6608 -33.8228 122.945 -0.990201 -0.0648247 -3.69397 -0.48758 0.0438976 0.871974
86.5173 -21.1481 102.02 -0.763467 -0.175424 1.78771 -0.122762 0.0197922 -0.992239
78.0616 -26.6029 118.933 0.0606494 0 -1.6 0.616747 -0.496516 0.610814
62.2262 -6.5175 109.319 -0.148737 0 1.71315 -0.587633 -0.0305393 0.808551
95.5665 -0.367 113.503 0.836083 0 1.9 0.00100206 0.0727718 0.997348
90.2205 -31.754 102.295 -0.61069 0 -1.28522 0.044352 0.705034 -0.707785
81.0431 -9.62197 116.16 -0.416616 -0.421091 -0.8 -0.902115 -0.0191071 -0.431073
87.6426 3.70325 101.685 -0.567459 -0.281273 -0.8 0.529301 0.550682 0.645438
64.6342 -15.4777 84.3434 0.259458 0 -3.5 -0.0772828 -0.502013 -0.8614
56.2385 3.6635 105.141 -0.378395 0 -3.5 -0.908743 0.188643 0.37229
70.654 -11.4573 109.354 -0.704173 0 -0.7 0.998619 0.00181747 -0.0525031
74.514 -24.8655 120.811 0.145377 0.844869 -3.5 0.102536 -0.42795 0.897967
50.5984 1.61312 100.503 -0.186452 0 -0.7 -0.495918 0.529967 0.687895
83.0247 5.68356 95.245 -0.65854 0 2.8 -0.184114 0.0960498 0.978201
75.4971 -12.9965 87.3449 -0.550628 0 -3.5 -0.729309 -0.299742 -0.615031
100.981 -32.2465 98.2388 0.289614 0 -3.9 -0.136726 -0.279827 -0.950265
68.3708 -8.52363 74.5281 0.651311 0 -0.8 -0.685512 -0.40336 -0.606113
76.3751 -33.423 121.801 0.0323768 0 -4.5 0.850045 -0.346415 0.396762
109.136 -1.88525 117.798 -0.315827 0 -3.5 0.207837 0.962251 -0.175716
59.6147 -19.0653 86.377 0.460729 0 -1.6 -0.0634177 -0.355505 -0.93252
104.88 -36.5915 112.377 -1.02452 0 -3.5 -0.161923 -0.549293 0.819791
115.037 -13.9793 104.839 -0.536725 0 -3.5 0.369976 -0.612321 0.698699
91.646 -6.91525 131.387 -0.0882599 0 -0.9 -0.481147 0.870834 0.100723
79.475 -18.745 104.652 -0.956342 0 -3.5 -0.0210192 0.90145 -0.432373
103.95 -24.8881 121.113 -0.175374 0 -4.5 -0.160837 -0.986977 0.00277156
85.0868 -26.0959 120.038 -0.610707 0 -3.5 0.129512 0.237828 0.962634
68.5276 -15.1126 86.6614 -0.601723 0 -4.35419 0.327426 -0.504216 -0.799099
87.747 -4.8395 113.219 -0.92266 0 3.80116 -0.763613 -0.437351 -0.474995
105.278 -15.7222 124.296 -0.389627 0.925398 -4.5 0.581836 -0.196553 -0.789198
75.165 0.24475 100.13 -0.86619 0 -3.5 -0.0524624 -0.27109 0.961123
79.6825 -26.4265 101.494 0.275078 0 -3.9 -0.852187 -0.505913 0.133526
112.487 -12.346 118.729 -0.550547 -0.386938 -0.8 0.695886 -0.556706 -0.453676
103.145 -17.6209 119.197 -0.514961 0.0493925 -1.05875 0.617823 -0.381251 0.687708
69.4229 -27.8114 96.7697 0.31933 0 -1.22556 0.646858 -0.41973 -0.636711
60.6878 -13.695 109.191 0.138486 0 -1.6 -0.549366 -0.227861 0.803913
114.522 -23.5787 114.801 -0.703965 0 -0.8 0.369461 -0.912034 -0.178027
74.7856 -11.514 77.4746 -0.741114 0 -3.5 0.241266 0.788874 -0.565215
63.0384 -26.8706 95.0701 -0.0275174 0 4.2 -0.105035 0.687262 -0.718776
57.763 6.10625 89.8451 -0.18021 0 -0.8 -0.219012 0.961368 0.166749
81.118 -8.538 99.322 -0.684651 0 -0.8 0.0978142 -0.292581 -0.951225
64.7231 -8.17138 77.6941 0.236309 0 2.8 -0.641644 -0.278047 -0.714831
74.3066 -7.64231 102.455 -0.346891 0 -3.9 -0.480167 -0.771812 0.416828
107.83 -22.6157 100.329 -0.321888 0 -1.59696 0.899741 -0.344715 0.26765
75.5826 -23.3286 105.129 0.24877 0 -1.6 -0.0919422 -0.0467489 -0.994666
108.205 -21.493 109.512 -0.261488 0 2.8 0.275344 0.0654637 0.959114
79.1802 12.6666 81.3743 -0.266386 0 -3.5 0.299711 0.923445 0.239631
64.196 -12.07 83.3175 1.76479 0 -3.9 -0.675776 -0.736123 -0.0380738
64.369 -12.752 84.079 0.797957 0 -3.9 -0.750674 -0.248196 -0.61228
67.9961 -14.3759 78.8558 1.56933 0 -3.9 0.489936 -0.761416 -0.424509
62.0525 9.20475 108.336 1.70472 0 4.5 -0.724594 0.683611 -0.087404
79.0841 -19.2296 91.2438 0.00546433 0 -0.4 0.509822 -0.860129 -0.0161408
95.1504 -29.0815 100.214 -1.04093 0 -3.5 -0.843513 0.312431 -0.436891
93.499 -30.4003 111.824 -0.640519 0 -3.5 -0.833107 0.540727 -0.116392
92.3885 10.1695 95.493 -1.87488 -0.690966 -3.5 0.615061 0.400085 0.679435
97.5425 -31.9715 109.36 -0.314753 -0.0200272 -0.8 -0.283341 -0.94732 -0.149343
106.038 -8.686 96.116 -2.55992 -0.403127 -3.5 0.347041 -0.739404 -0.576927
54.1027 -18.5545 89.1165 1.24313 0 -3.9 -0.277899 -0.32528 0.903861
72.0979 -2.21125 99.8254 -0.90769 0 -0.968884 -0.296088 0.745517 0.597107
55.5335 7.257 103.084 -0.0647731 0 -4.5 0.552132 -0.0113228 0.83368
110.468 -20.1899 110.814 -0.104249 0 2.8 -0.565313 -0.428289 0.704975
52.3204 -4.8865 89.196 0.41239 -0.619268 -1.72425 -0.160789 -0.416883 -0.894626
99.6397 -0.705875 91.9029 -0.247382 0 -1.6 0.961 0.253038 -0.111586
75.6581 -37.3864 111.648 1.21148 0 -3.9 0.308436 -0.326399 0.893494
99.6072 -23.6259 112.628 -0.230995 0 4.2 0.622439 -0.782667 0.00155648
108.451 -14.3955 132.104 -1.97222 -0.73925 -3.5 0.551082 0.00428695 0.83444
59.6 -17.7472 86.0579 0.534609 0 -1.6 -0.0183886 -0.122033 -0.992356
112.055 -21.4468 107.407 -0.841613 0 2.8 0.602422 -0.770929 -0.206776
104.021 -10.7343 95.79 -0.903134 0 -1.93334 0.891217 0.011805 -0.453423
103.234 -24.3581 119.678 0.319741 0 -4.5 -0.251107 -0.957914 -0.139091
110.827 -10.5295 104.959 -2.0383 -0.364558 -1.6 0.770615 0.346995 0.534554
103.183 -28.4491 99.4556 -0.590839 -0.0683926 -3.70501 0.921148 -0.384481 -0.0604995
73.0543 6.74438 91.4865 -0.00769075 0 1.9 0.00839287 0.92498 0.379924
97.9914 -3.29638 89.9136 0.308953 0 -1.6 0.32384 -0.481828 -0.81423
101.696 3.81925 113.946 -0.0079945 0 1.9 0.8654 0.488195 0.112909
101.037 -1.868 127.632 -0.736181 -0.680467 -3.5 -0.141479 0.958487 0.24756
87.9958 -6.13725 113.333 -0.697243 0 4.2 -0.947094 0.0582653 -0.315623
93.2852 5.00138 94.9439 -0.119526 0.28441 -0.515468 0.174943 0.744153 0.644695
73.3425 -21.5923 100.862 -0.612836 0 -0.7 0.794826 0.576114 0.190641
100.444 -13.759 129.236 -0.214083 0 -4.5 -0.686454 -0.354145 0.635109
69.1321 -19.182 114.677 -0.275587 -0.296494 -0.7 -0.754864 0.328318 -0.567792
71.2925 -13.3529 88.5778 -0.933296 0 1.04542 0.274278 0.127231 -0.953197
88.4355 -33.8375 102.135 0.0461022 0 -3.5 0.335841 0.381305 -0.861288
80.522 4.994 96.005 -0.348237 0 -4.5 0.29939 0.940189 0.162514
79.6198 0.21925 74.7872 -0.167275 0 -1.3 0.668169 0.224779 -0.709242
101.115 -23.7468 125.64 -1.55829 -0.285727 -0.8 0.323909 0.945799 -0.0233985
87.3565 -0.226562 81.8067 -0.253015 -0.437511 -0.8 -0.309714 -0.360318 -0.879914
73.6586 -16.2526 110.147 -0.132256 0 -2.71125 -0.00535509 0.66168 -0.749767
91.8952 -0.6145 108.705 -0.562729 0 -3.5 -0.975227 -0.083117 0.204997
88.3344 -13.6354 91.107 -0.205543 0 -1.6 -0.668157 -0.506392 0.5451
60.161 -28.4435 113.385 -0.06924 0.0166084 -4.42518 -0.146315 -0.989224 0.005172
89.6331 -26.1524 119.13 2.16181 0 -3.9 -0.134749 -0.063466 -0.988845
92.0075 -17.0346 100.114 -1.22831 0 -3.5 -0.174665 -0.872681 -0.455983
52.8927 -21.9866 105.917 0.348313 0 -4.5 0.661064 0.646729 0.380442
72.53 -10.9478 86.7495 -1.77089 0 2.8 0.0195011 -0.977915 -0.20809
64.2316 5.999 98.2941 -0.223433 0 2.06728 0.279252 0.934662 -0.220059
64.8225 1.503 101.233 -0.4591 0 4.5 0.737381 0.603619 0.303172
73.3279 -30.267 124.243 -0.232789 0 1.8 -0.103495 -0.514013 0.851516
83.944 -29.7463 117.053 -1.27509 -0.593788 -3.5 -0.651112 -0.700778 -0.291484
77.2311 -8.19419 108.525 0.578091 0 -3.82469 -0.306671 -0.941099 -0.142425
54.7514 0.854625 90.1573 -0.969832 0 -3.5 -0.176071 0.787342 -0.59084
91.0579 -3.92563 119.563 0.152887 0 4.2 0.902803 0.412967 -0.120024
68.5895 -6.25 108.089 0.286633 0 -3.5 0.736831 0.102152 0.668315
87.7943 -31.268 99.5041 -0.203168 0 -1.6 0.760446 -0.644825 -0.0769559
88.8495 -0.74225 122.214 0.58171 0 2.90975 0.955035 0.26779 0.127267
79.8792 7.27375 76.811 -0.36273 0 -3.5 -0.0767295 0.218795 -0.972749
82.1145 -5.41738 79.1124 -0.912382 -0.00199069 -3.5 0.0442507 -0.620704 -0.782795
86.271 -30.312 108.705 -0.677228 0 -3.5 0.000402644 -0.936492 0.350688
89.396 -21.6221 117.429 0.417681 0 1.8 -0.168091 -0.954772 -0.245265
77.5908 -3.48569 103.833 -0.285555 0 -3.9 -0.0545986 0.995087 0.0825909
90.1676 10.0358 90.7538 -0.233675 0 -4.25263 0.101717 0.992692 -0.0649295
99.558 -24.4786 113.754 -0.590643 0 -0.174566 0.522775 -0.455759 -0.72041
75.2826 -24.4555 104.931 -0.458076 0 -1.6 0.00771205 0.213679 -0.976873
93.8077 -28.7401 117.874 0.798445 0 -3.9 0.135115 -0.531175 -0.836419
61.1166 -26.6619 96.2807 -0.458542 0 4.2 -0.500374 0.488976 -0.714513
70.1823 0.402312 95.4644 -0.411129 0 0.502147 0.0887928 0.819 0.566882
83.8836 -15.6714 108.016 -0.757347 0 3.8 -0.54819 0.640927 -0.537308
52.4165 -18.6173 96.0718 -0.0900756 0 -0.8 -0.700144 -0.359622 -0.616823
56.5573 -29.277 98.5938 -0.391659 0 -0.8 -0.774532 -0.602856 0.19148
94.8718 -6.91425 99.8754 -0.321431 0 4.2 -0.327552 -0.484903 -0.810912
96.0938 -16.2095 97.1728 0.796216 0.136794 4.2 -0.779851 0.0557032 -0.623482
100.361 -26.3064 127.329 -0.581899 0 -0.8 -0.25153 -0.507808 0.823932
92.5651 -27.8046 104.191 -0.760483 0 -1.3 0.0900571 -0.339303 -0.936356
72.162 3.213 71.2383 0.479807 0 1.17055 -0.529715 0.447077 -0.72078
66.5276 7.20875 109.063 0.099121 0 4.5 0.673938 -0.56821 0.47217
77.5447 -26.0672 119.757 -0.160812 0 -1.6 0.361975 -0.269699 0.892321
61.221 -4.51406 108.644 -0.481243 -0.855401 -0.7 -0.654855 -0.615166 0.439016
73.3343 -10.0253 78.4475 -0.711115 0 -3.5 0.59577 0.355051 -0.720415
99.0468 -26.4691 126.642 0.459434 0 -0.8 -0.190561 -0.315803 0.929492
74.3783 -35.6776 114.309 -0.397521 5.33001e-05 -3.56317 0.768026 -0.628928 -0.120774
69.6218 -21.0871 121.004 -0.195172 0 4.2 -0.454725 0.716516 0.52899
81.8357 -31.5063 99.1635 -1.16503 -0.851457 1.8 -0.317373 0.637715 -0.701851
106.125 -13.8561 121.293 -1.17242 0 -2.08296 -0.346055 -0.241151 0.906693
65.45 -25.2405 93.5636 0.194838 -0.409886 -0.8 -0.676099 0.565341 -0.472525
107.301 -15.2292 122.403 -0.788554 0 -3.5 -0.634344 -0.407054 0.657202
84.3809 13.6663 84.6715 -1.48902 -0.32853 -3.5 0.542392 0.0764012 -0.836644
60.515 -21.4988 109.181 0.836948 0 1.9 -0.209517 -0.550958 0.807804
91.819 -17.7243 101.35 -0.845623 0 -3.5 -0.305403 -0.66404 -0.68248
62.1688 -7.54119 109.542 -0.152673 0 1.8 -0.340311 0.644926 0.684294
103.281 -23.0898 122.888 1.06668 0 -4.5 -0.0618699 0.236837 0.969577
108.423 -14.4192 127.53 -2.34963 -0.214191 -3.5 0.994206 -0.106494 -0.0146263
84.4704 -10.8921 102.979 -0.387413 0 -1.6 0.207628 0.704005 0.679167
100.974 -31.2571 122.356 -0.427654 -0.0495073 -3.58824 0.338921 -0.940772 -0.00894049
90.8925 -11.7921 91.9916 -0.113268 0 -1.6 0.78937 0.0999704 0.605724
88.2605 4.05319 100.614 -0.219076 -0.355626 -2.44543 0.383948 0.424701 0.819886
60.6341 -8.42988 108.172 0.075032 0 1.8 -0.327748 0.938583 0.107906
77.8856 -33.6391 99.5511 -0.0297174 0 -3.5 -0.203468 0.451027 -0.869008
79.3159 -7.17494 77.5691 -0.913132 0 -0.7 0.891745 -0.328381 0.311378
91.9246 -31.8197 103.472 -0.85384 0 -0.8 -0.656743 0.750653 -0.0721767
75.0751 -14.356 120.626 -0.259026 0 4.5 -0.922257 -0.163169 0.350454
97.6224 -22.4055 94.3422 -0.398501 0 -0.8 -0.546373 -0.312489 -0.777063
77.5419 -33.2134 110.248 0.0167683 0 -3.9 0.932934 -0.0861507 -0.349589
97.9993 -0.115313 116 0.719063 0 1.9 -0.99962 -0.0171258 -0.0216189
59.5716 -3.6365 79.26 0.208161 0 -0.4 -0.640477 -0.0286531 -0.767443
90.7945 -0.3905 111.049 -0.733963 0 -0.8 -0.113058 -0.173974 -0.978239
74.8015 -27.7402 121.767 -0.145954 0 1.8 0.902469 0.3434 -0.260049
96.556 -2.52325 131.468 -0.776536 -0.0829652 -4.35493 -0.109525 0.976593 -0.185125
99.5029 4.41019 115.931 -0.031366 0 0.386187 0.27785 0.45027 0.848562
58.5136 -0.880625 81.7299 -0.448662 0 0.99464 -0.471625 0.370146 -0.800351
54.3204 2.63044 83.1363 0.046291 0 2.8 -0.828414 0.364942 -0.42491
53.9367 -8.14375 87.5113 0.0559215 0 -1.3 -0.442181 0.635512 -0.63293
71.8316 -14.4408 88.2095 -0.664456 0 -3.49232 0.157667 0.394479 -0.905277
54.6911 3.52894 83.9779 0.0173906 0 2.8 -0.591746 0.766634 -0.249215
58.4529 -25.0303 117.614 0.10551 0 -3.5 -0.733952 -0.509606 0.449018
59.116 -6.89 106.997 -0.0963479 0 -0.7 0.460031 -0.179984 0.869469
55.5511 -26.0614 98.054 0.768668 0 0.644584 -0.568698 -0.642979 -0.512992
61.2009 -27.2486 111.007 -0.0547122 0 -4.5 0.501407 -0.775797 0.383054
56.6023 -9.8695 107.289 0.396855 0 -4.5 -0.946438 0.322796 -0.00754296
61.1715 -5.711 106.661 -1.19693 0 -0.7 -0.445717 -0.609144 0.655957
98.3638 -18.6146 93.5479 -0.311423 -0.336665 -1.4334 -0.575728 -0.518619 -0.632117
89.4235 -25.9522 122.772 1.57595 0 -3.9 -0.71865 -0.420883 0.553534
65.3004 -9.15594 77.7878 0.612768 0 2.8 -0.49235 -0.176518 -0.85231
55.1128 -19.2615 88.5097 2.13085 0 -3.9 0.193267 -0.577811 0.792958
65.5957 7.957 83.7535 -0.852244 0 -1.3 -0.916653 0.0583977 -0.395396
105.928 -15.9069 126.179 -0.996846 0 -3.69879 0.443407 -0.857604 -0.260587
108.05 -17.6485 94.8985 -0.429889 0 4.5 0.257602 0.907317 -0.332291
83.1225 -30.2854 112.862 0.0548646 0 -4.5 0.940077 -0.196856 0.278394
64.6911 -26.2633 94.7963 -0.136664 -0.143437 2.70171 -0.78244 0.383054 -0.490975
84.9191 -30.0589 108.346 -0.411061 0 -3.5 -0.146769 -0.965665 0.214362
92.4211 -2.93531 128.698 -0.451923 -0.0916235 -3.63129 0.0284216 0.77346 0.633208
56.508 -26.5769 101.47 -1.33423 -0.0023837 1.8 -0.801943 -0.597333 0.0090127
74.9948 -8.0135 103.15 -0.684271 0 -2.82087 -0.728783 -0.655056 0.199442
91.736 0.5735 108.414 -0.928283 0 -3.5 -0.981913 -0.147056 -0.119257
50.5799 -11.1504 91.7876 -0.221016 -0.648883 -0.7 -0.943122 -0.332434 -0.00276813
67.1076 8.99928 110.033 -0.0721647 0 4.5 0.930902 -0.326984 0.162798
93.6648 9.36794 92.1764 -2.05092 -0.668057 -3.5 0.68855 0.342258 -0.639342
86.4561 -12.5382 128.589 -1.11378 0 -3.4441 -0.556701 0.328384 0.763052
57.4537 -6.405 107.824 -0.185846 0 -0.7 -0.13483 -0.378604 0.915685
80.5029 -18.755 103.986 -0.677801 0 -1.6 -0.112129 0.468584 -0.876274
66.1845 -20.8582 114.775 -0.48197 0 -0.8 0.242141 0.918532 -0.312517
100.248 -8.48566 134.054 -0.219683 0 -1.6 0.240095 -0.394723 0.886876
70.8066 -13.0717 103.843 -0.198042 0 -1.6312 0.616133 0.629953 0.4728
76.6667 -33.439 107.895 -0.349774 0 -3.9 0.596328 0.0853169 -0.798194
94.489 -34.5515 101.767 0.220898 0 -0.8 0.232721 -0.972112 0.0289774
88.61 -11.3986 93.1142 -0.448754 0 -1.6 0.484068 -0.351654 0.80126
99.2798 -20.6008 123.888 -2.06927 -0.397165 -3.5 0.677402 0.284068 0.678551
77.1389 -35.4625 109.562 0.646423 0 -3.9 0.964609 -0.165795 -0.205042
114.634 -11.4207 107.6 -1.19265 0 2.8 -0.162235 0.913386 -0.373371
92.498 -29.4735 104.381 -0.875628 0 -1.24478 -0.212333 0.0948255 -0.972586
84.2132 5.70512 82.8584 -0.235597 0 3.8 -0.270912 -0.0850782 -0.958837
57.8755 -5.28656 84.0926 1.4316 0.0718947 -0.4 -0.436445 -0.699348 -0.566064
88.9973 -30.9443 104.032 -1.10773 0 -3.5 0.933249 0.214527 -0.288138
84.9603 -17.3798 99.6056 -0.647944 0 -3.5 0.518535 -0.382225 -0.76487
60.9717 -23.2595 93.4238 -0.662094 0 -3.5 0.503498 -0.850386 -0.15275
94.5714 -27.1092 94.8288 -0.657086 -0.396646 -0.8 -0.843633 -0.453181 -0.287941
63.9242 4.5825 78.0227 -0.0913287 0 -3.5 0.151774 0.9883 -0.0150837
102.035 2.10531 107.049 -0.711768 0 2.8 0.849495 0.350859 0.394025
52.0592 -23.0311 102.266 0.831869 0 -4.5 -0.635074 0.420979 -0.647656
106.801 -15.9354 121.324 -0.0565465 0 -3.5 -0.569001 -0.449269 0.688763
55.031 -8.293 86.4481 0.00636862 0 -1.3 -0.841591 0.148948 -0.519171
104.628 -13.2234 121.164 -1.41365 0 2.37458 -0.040463 -0.44224 0.895984
77.0171 -32.9111 108.946 -0.235603 0 -3.9 0.922084 0.211992 -0.32376
69.3597 -17.2579 110.761 -0.757092 0 -0.917937 -0.098175 -0.850989 0.515926
73.1116 -23.3949 102.715 -0.741349 0 -0.7 0.99599 0.0313559 -0.0837903
69.6105 -33.2684 116.018 0.00304578 0 -0.9 -0.44523 -0.484074 -0.753287
74.2941 3.72575 70.6016 0.697362 0.391701 1.8 0.116257 0.985338 -0.124873
98.3064 -14.9811 92.7383 0.184793 0 -3.5 -0.595777 0.322681 -0.735477
87.488 -7.4415 83.2787 -0.480165 -0.293072 -3.5 0.892321 -0.365948 -0.264283
88.0347 5.6875 98.8601 -0.507723 0 -3.5 -0.804394 0.409887 0.430049
82.0495 6.61125 81.7864 -0.355781 0 -1.39975 0.844528 -0.482767 -0.231749
82.7677 -14.3367 110.481 -0.583631 0 3.8 -0.166466 0.539932 -0.825083
106.394 -20.2841 113.628 -0.166286 0 -3.5 0.928488 0.00354721 -0.371346
79.7308 5.87675 93.1424 -0.586187 0 4.5 -0.10329 0.674527 0.730989
93.8845 -29.378 113.68 -0.584999 0 -3.5 -0.526789 0.540562 0.655962
117.036 -11.7089 103.325 -1.31995 0 -3.5 0.954825 0.240819 0.174114
75.9078 10.5822 75.4545 -0.667919 0 -0.4 0.173943 0.504558 -0.845674
88.0491 7.03394 98.6942 -1.24978 -0.482823 -3.5 -0.751684 0.188949 0.631878
81.1019 -16.0051 98.5742 -0.519445 0 2.27674 -0.976766 0.10316 -0.187846
74.5383 -16.4062 107.181 0.252384 0 -3.75485 -0.0778816 0.814606 0.574762
67.8586 -26.044 121.824 0.13851 0 -3.9 -0.0638974 0.388 0.919442
92.3173 -21.571 124.167 -0.70129 0 -3.9 -0.786354 0.491012 0.374907
100.043 -1.23769 123.596 0.406168 0 2.8 -0.0164022 0.983808 0.178472
67.692 -37.9283 115.548 -0.416038 -0.526709 -2.22199 -0.191897 -0.45806 -0.867961
86.0744 0.416375 101.853 -0.37702 0 -0.8 -0.129391 -0.572834 0.809394
76.4342 -19.7747 88.8075 -0.167593 0 3.8 0.653228 -0.748462 0.114447
46.86 -3.65675 94.644 -0.502614 0 1.8 -0.877802 0.239997 0.414565
113.895 -23.9709 115.639 -0.0638618 -0.174899 -0.8 0.376923 -0.912873 0.15682
91.278 -32.8052 101.686 -0.82361 -0.185271 -0.8 -0.589094 0.405869 -0.698741
67.5492 5.94506 77.5523 2.05779 0.0102868 -3.9 -0.85904 0.427039 0.28229
72.15 -32.2184 103.72 -1.25839 0 -3.5 0.514833 -0.561416 0.647888
84.8402 14.0623 87.7291 -1.36635 0.282183 -3.93171 0.53303 0.65299 0.538036
109.658 -18.09 95.1275 -0.58883 0 4.5 0.512922 0.741266 -0.432939
68.4252 6.0145 96.5455 -0.600077 0 2.8 0.803314 0.590495 -0.0774782
92.518 -0.3865 86.9892 -0.920853 -0.624711 4.5 0.400744 -0.326128 -0.85618
74.9605 -17.1425 101.602 -0.580217 0 -4.5 -0.326876 -0.533285 -0.780231
95.8876 -2.77338 116.644 0.0165804 -0.355501 0.361842 -0.284079 0.874472 -0.39319
92.084 7.1985 95.6925 -0.875439 0 -3.5 0.969248 -0.238266 -0.0615507
102.19 -24.2042 126.565 -0.585659 -0.413333 -0.8 0.759289 0.647443 0.065561
92.5774 8.89806 95.3766 -1.1316 0 -3.5 0.803639 -0.00219833 0.595113
60.4766 -20.855 116.077 0.469819 0 -3.5 0.420738 0.899072 0.121035
86.2779 -30.8559 106.845 0.0639626 0 -3.5 -0.181233 -0.82236 0.539332
79.932 -28.781 100.061 3.23518 0.332842 -3.9 -0.79157 -0.368435 -0.487517
94.7464 -29.0236 103.989 -0.519802 0 2.76593 -0.808023 0.0584712 -0.586242
56.2378 -21.8454 97.7803 1.03592 0.548722 1.8 -0.523425 0.194735 -0.82952
88.3006 9.44162 96.3913 -0.394486 -0.187263 -4.30862 -0.0914235 0.863421 0.496131
82.1417 -22.555 121.668 -0.395522 0 4.2 0.122603 -0.829442 0.544973
67.815 -23.6474 93.7501 -0.662282 0.332789 -3.04517 -0.139823 0.341505 -0.929421
84.3685 -1.9695 79.7887 0.121059 0 -3.5 0.8456 0.485899 0.221048
102.839 -18.6944 119.492 -0.173569 0.454676 -4.5 0.824722 0.287749 0.486862
84.6523 2.53325 83.7591 -0.508596 0 3.8 0.134692 0.00627581 -0.990868
108.69 -10.9629 100.176 -0.28603 0 -1.6 0.123188 0.602067 -0.788886
113.144 -11.0492 118.418 -1.10743 -0.393957 -0.8 0.701871 -0.483041 -0.523497
94.4075 -5.961 99.4108 -0.305045 0 4.2 -0.781661 -0.409999 -0.470008
57.428 -0.8445 82.4295 -0.140122 0 0.59797 -0.658098 -0.133047 -0.741084
71.1574 -13.892 77.4359 -0.20965 0 -3.5 -0.403922 -0.77297 -0.489248
81.7572 -15.444 124.371 -0.515176 -0.388781 -0.8 -0.530507 -0.196433 0.824607
110.142 -5.20075 104.52 -1.84257 -0.0293762 -1.6 0.85156 0.346109 0.393769
77.2523 -31.1185 121.136 -0.0260843 0 -4.5 0.838122 0.403104 0.367504
83.1071 -13.1784 83.0393 -1.32211 -0.884462 -0.8 -0.764374 -0.609366 -0.210727
52.4248 -13.7724 99.5676 -0.161999 0 -0.8 -0.521208 -0.636541 0.56847
66.507 -32.6561 102.793 -0.255151 0 -3.5 -0.655285 -0.574402 -0.490574
90.0719 -23.6651 102.269 -0.632486 0 3.8 0.141607 -0.722589 -0.676618
91.6945 -30.0884 110.021 -1.59806 -0.967765 -1.3 -0.37487 -0.341873 0.86174
75.553 -12.914 96.557 -0.248519 0 -3.5 0.677756 -0.570257 0.464171
109.189 -15.059 97.2085 -0.708431 0 -1.6 -0.287794 0.402 -0.869235
63.9548 0.653875 78.4439 -0.0187414 0 -3.5 -0.673106 -0.676115 0.299661
55.3503 8.40987 102.517 0.123922 0 -4.5 0.953562 -0.0525387 0.296581
99.9831 -12.5586 129.733 -0.787798 0 -4.5 -0.491793 -0.60008 0.630907
99.5246 -34.4324 98.3047 -2.11948 -0.605547 -3.5 0.305844 -0.516401 -0.799868
79.9 12.384 82.9402 -0.154341 0 -3.5 0.275925 0.890096 -0.362761
101.644 2.23525 108.152 -0.856509 0 -3.5 0.928683 0.357783 0.0976702
98.8241 -32.555 103.281 -0.591614 -0.225103 -3.5 0.995801 0.0423762 -0.0811422
91.2185 -29.004 104.673 -0.838069 0 -1.3 -0.103375 -0.450629 -0.886706
93.0247 -28.2712 112.52 -0.660622 0 -1.59792 -0.708322 -0.54079 0.453681
51.7567 -9.69325 87.0295 -0.930734 -0.277929 -0.7 -0.561064 -0.358126 -0.746293
94.4584 -34.1982 100.729 -0.10045 -0.496616 -0.8 -0.119128 -0.789654 -0.601876
112.817 -21.1478 110.616 -1.1209 0 2.8 0.149423 -0.98789 0.0417859
97.6995 -0.45775 114.468 0.955748 0 1.9 -0.846821 0.114056 0.519505
72.8171 -30.914 104.485 -1.14757 -0.339795 0.50177 0.207738 -0.58413 0.784625
94.112 0.509625 100.373 -0.511803 0 -1.6 0.296904 -0.918524 0.26108
67.5659 2.55756 75.7616 0.446656 0 -3.13564 -0.595195 -0.0878296 -0.798767
65.5933 -21.9823 94.6094 0.120558 0 -3.76325 -0.354381 -0.406914 -0.841924
92.7871 -3.376 130.013 -1.24841 -0.397705 -4.5 -0.37905 0.860377 0.340695
78.9309 -7.17431 106.748 1.18605 0 -3.9 0.718598 -0.676481 0.161215
91.8207 5.30631 100.018 -0.258642 0 -3.5 0.595059 0.446195 0.668442
56.0063 -26.9272 99.1328 -0.0371678 0 -0.8 -0.902417 -0.422515 0.0844043
55.2384 -19.4941 96.3065 0.0401713 0 -0.8 -0.179991 -0.972986 -0.144574
69.2739 1.13275 95.0273 -1.06667 0 1.9751 0.226043 0.600389 0.767097
106.316 -18.9125 112.829 0.381387 0 -2.91929 0.826436 -0.530144 -0.189609
104.881 -7.33675 128.616 -0.718979 0 -3.5 0.710924 0.504301 0.490172
82.8856 -1.82281 121.048 0.763276 0.824623 -3.5 -0.840516 0.529501 -0.114727
72.2262 -38.5707 115.221 0.0156542 0.469196 -3.5 0.80587 -0.515859 -0.290625
53.1157 8.80462 99.3307 0.386021 0 -4.5 -0.445208 0.403439 -0.799391
98.0187 -11.4428 130.381 -1.03429 -0.00364759 -0.4 -0.280874 -0.68819 0.668958
55.5865 -12.6855 109.397 0.515555 0 -4.5 -0.677251 -0.382445 -0.628544
65.6599 -32.8042 104.982 -0.394282 -0.635458 -3.5 -0.756624 -0.653845 0.00257115
85.5703 -5.72538 95.7724 -0.942537 -0.271811 3.40748 0.163779 -0.762141 0.626352
93.1799 -29.5021 118.191 1.23998 0 -3.9 0.249595 -0.761716 -0.597906
82.9792 -31.2461 99.8756 0.603876 -0.434974 0.127132 -0.226744 0.432218 -0.872797
89.3641 -22.3715 118.553 -0.0941848 0 1.88968 -0.173969 -0.690258 -0.702338
101.938 -32.8845 115.528 -0.355813 0 -2.97769 0.479261 0.0677904 0.87505
61.6525 -22.8417 120.205 0.142694 0 -3.5 -0.708719 0.239407 0.663627
89.5579 2.95425 101.179 0.607252 0 -1.18856 -0.078264 0.358468 0.930255
82.3808 -16.101 103.666 -0.307014 0 -3.5 -0.813892 0.579909 0.035846
62.3737 -1.80988 81.1288 0.654738 -0.512656 -3.1845 0.23413 0.742079 -0.628094
97.254 -7.705 91.5275 0.199619 0.329974 -0.8 0.676404 -0.637026 -0.369697
82.588 8.57281 78.6082 -1.27281 0 -3.5 0.857364 0.120211 0.500477
108.506 -26.6952 105.376 0.0629545 0 -2.39927 0.937828 0.111839 -0.328589
87.4355 -23.183 118.208 0.0538332 0 -0.985922 0.876481 -0.323008 -0.356996
110.238 -9.49875 108.342 -2.44898 0 -3.2 0.708014 -0.579085 -0.404199
83.6504 -29.2843 113.135 -0.17207 0 -0.4 0.558828 -0.766399 0.316771
67.9446 -7.89125 110.27 -0.0623944 0 -0.7 0.0929896 0.776512 0.623203
70.2611 11.0892 79.9104 -0.170884 0 -0.8 -0.0204671 0.510418 0.859683
101.863 -2.852 127.289 -1.48897 -0.387001 -2.21599 0.759735 0.225889 0.609735
103.674 -32.3307 108.534 -0.493823 0 -0.527163 -0.0786029 -0.43804 -0.895512
62.7174 -20.9479 110.044 0.329701 0 -3.5 -0.478318 -0.755327 0.447987
54.3614 -20.1796 100.196 0.0389641 -0.38838 -0.7 -0.802484 -0.5902 -0.0876504
78.2481 -33.4044 111.745 0.0864324 0 2.8 0.346768 -0.818794 -0.457523
71.8994 -2.43256 101.106 -0.648023 0 -0.8 -0.186172 0.965504 0.182052
98.367 -1.274 135.861 -0.177636 0 -4.5 0.973506 -0.148591 -0.173799
71.2002 -38.8649 112.663 -0.0269749 0 -3.5 -0.0102166 -0.955027 -0.296344
81.9311 -8.87488 122.863 -0.452181 0 -0.9 -0.260526 -0.493958 0.829537
88.4906 0.157312 118.797 0.0660659 0 4.2 -0.0903804 0.992984 -0.0762474
61.7119 -23.2827 89.0369 -0.561365 0 -3.5 0.619002 -0.714814 -0.325388
90.2965 -8.64981 95.5625 -0.72029 0 -0.8 0.0557138 -0.981644 0.182402
105.686 -30.2162 110.965 -0.100805 0 2.61651 0.599645 -0.296128 0.74346
98.8651 -15.2738 126.482 -0.908204 0 -3.5 -0.38094 0.0655161 0.922276
90.513 -7.43 105.992 -0.291983 0 2.5 -0.715536 0.393903 -0.57693
91.104 -2.412 125.43 -0.0495262 0 -3.5 -0.260894 0.786612 -0.559621
96.6159 -12.2136 130.24 0.0780317 0 -0.9 0.758023 -0.434517 0.486412
78.0821 -37.0744 103.17 -0.0027598 0 -3.5 0.153988 -0.330092 0.931304
64.8689 1.79681 81.7286 0.101338 0 -2.26579 -0.989502 0.0256098 0.142234
71.528 3.24575 95.8008 0.0280883 0.0265058 3.8 -0.649421 0.21266 0.730087
61.847 -11.209 83.297 0.693319 0 -3.9 -0.350486 -0.91825 0.184329
99.8424 -1.87338 91.1498 -0.253579 0 -1.6 0.983163 0.0123306 -0.182315
103.023 -5.29787 127.529 -0.0478273 0 -3.5 0.546173 0.737644 0.396959
80.6158 -8.51325 118.46 0.0443755 0.892516 -0.845989 -0.817985 0.36873 -0.441518
76.6683 11.1279 79.5738 -0.290972 -0.0440176 -1.86072 -0.92345 0.370217 -0.100894
54.5995 -15.0055 88.6955 0.746677 0 -3.9 -0.899057 0.33698 0.279537
74.6566 -13.31 87.8714 -0.847881 0 0.535333 -0.382198 -0.0184717 -0.923896
90.8695 5.4865 109.134 0.720298 0 -4.5 -0.229888 0.562761 -0.79401
56.1538 6.83581 92.8222 -0.0597526 0 3.8 -0.639142 0.588231 -0.495462
93.1399 -12.1361 132.302 -0.805147 0 -0.9 0.284018 -0.202431 0.937206
61.7374 -21.2103 115.617 0.510869 0 -0.8 -0.0444639 0.956199 0.289319
89.5348 -20.1446 122.093 -0.391089 0 1.8 0.0626029 -0.451758 0.889942
57.912 -20.1565 90.4948 0.074855 0 -2.08302 -0.973792 -0.172393 -0.148357
72.1406 -16.5868 119.192 -0.06961 0 -0.7 -0.154465 0.61073 0.776627
76.9399 -37.6049 109.692 1.0645 0 -3.9 0.831025 -0.54096 -0.129458
81.942 10.9385 83.307 -1.043 0 -0.7 0.43178 0.660568 -0.614179
85.5113 2.883 102.551 -0.398683 0 -0.8 -0.589278 0.325686 0.739378
62.3246 -14.9768 110.17 0.282948 0 -1.6 -0.719435 -0.102225 0.686996
64.7181 -19.1532 120.309 -1.58817 -0.0110446 -3.5 -0.184249 0.759419 -0.623967
81.4038 -7.11088 116.224 -1.12904 0 -2.25321 -0.953147 -0.127199 -0.274467
92.7436 -0.908375 114.871 0.16982 0 -0.8 0.549356 0.192546 0.813102
65.8449 -2.6645 106.652 -0.700545 -0.266242 -1.64727 0.596743 0.787262 0.155294
94.031 -2.0715 100.108 -0.399953 0 -1.6 -0.418944 0.404328 0.813022
99.37 -32.723 101.879 -0.51366 -0.95103 -3.5 0.74152 -0.217389 0.634737
75.7418 -12.2353 86.0726 -0.181993 0 -3.5 -0.724893 -0.602046 -0.334771
86.9617 -34.8143 105.09 0.0167084 0 -3.5 -0.29725 -0.617762 0.728019
71.72 -20.8536 101.768 -1.15774 0 1.02307 0.779921 0.611998 0.131082
71.4485 -25.1415 121.56 -1.51735 -0.820609 -3.9 0.184048 0.129643 0.97433
95.4148 -7.08369 97.6161 0.426365 0 -3.9 -0.610015 -0.383343 0.693491
84.6534 -15.2009 107.544 -0.917306 0 3.8 -0.755801 0.562004 -0.336031
78.2573 -18.4916 103.135 -0.987205 0 -4.5 0.880776 0.472756 -0.0271002
63.9894 -0.24675 77.6624 -0.76295 -0.787392 -0.4 -0.80985 -0.244894 0.533076
115.063 -16.8976 112.935 0.0680409 0 -1.6 0.964754 0.0602133 0.256172
82.4328 -16.2176 108.553 -0.641576 0 3.8 -0.234611 0.735244 -0.635904
72.0852 -6.44112 73.0916 -0.282031 0 -3.5 0.200945 -0.826636 -0.525636
87.5659 0.892438 120.354 0.513918 0 -3.9 0.23947 0.572022 -0.784503
90.8627 -6.30225 129.159 0.436088 -0.136754 -3.26593 -0.274956 0.392805 0.877555
83.6758 -12.4695 126.505 0.456155 0.134921 -4.5 -0.634932 -0.678184 0.370038
67.5339 0.361562 65.0361 0.406524 0 -4.5 -0.082602 0.129083 -0.988187
102.016 -5.15806 95.6106 -0.467717 0 -1.00452 0.594186 0.798116 -0.0997642
95.1317 -6.35862 133.651 -0.202598 -0.0671671 -3.99923 -0.0758743 -0.676745 0.732297
75.6765 -13.3245 78.9576 -1.07162 0 -3.5 0.702152 -0.710171 0.0513861
64.6507 5.914 91.1252 0.236077 0 -1.30797 -0.50263 0.773565 0.385954
110.945 -14.4284 118.471 -0.714959 0 1.21108 0.949871 -0.304609 -0.0704095
68.4844 6.36272 74.3793 2.05679 0 -3.9 -0.318147 0.765422 -0.559385
89.2572 -0.211125 119.456 0.106833 0 4.2 0.529239 0.806046 0.264945
78.8168 -13.815 84.7108 -0.527054 -0.149256 -3.5 -0.107667 -0.850092 -0.51551
96.806 2.29925 105.522 0.593962 0 -3.9 0.0104741 0.815222 0.579054
61.3604 -7.9565 81.4027 0.679465 0 -3.9 -0.839364 0.0221209 -0.543119
96.7302 -19.3085 99.0684 -0.166526 0 4.2 -0.8609 -0.499533 0.096529
88.322 -26.287 119.484 1.75222 0.00227841 -3.9 0.18286 -0.512758 -0.838834
104.535 -11.9999 122.655 -1.04425 0 4.5 -0.00361852 -0.916388 0.400275
65.5472 -17.5035 77.6537 2.54601 0.0432128 -3.9 0.479713 -0.877246 -0.0177412
76.5498 -8.29625 111.459 -2.09018 -0.412837 -3.5 -0.724528 0.655501 0.213021
79.2209 -12.8947 115.445 -0.150423 0 -3.5 0.108516 0.960893 0.254773
80.4694 -4.60981 76.5526 -0.298584 0 -0.941413 0.798997 -0.430962 -0.419375
54.2492 -13.8411 87.2558 0.518299 0 -3.9 -0.986397 0.1639 -0.0125453
53.7785 2.702 102.092 -0.565944 -0.0234187 -3.5 -0.249913 0.932453 0.260912
71.5202 1.92375 96.2393 0.146221 0.478296 3.8 -0.796478 0.131097 0.590285
81.0212 -6.80694 117.333 -0.919274 0 -3.5 -0.911223 -0.360087 -0.200025
52.7127 5.68525 101.461 0.122504 0 -4.5 -0.715133 -0.49578 0.492734
83.7702 8.84325 81.5829 -0.435093 0 -0.7 0.664393 -0.240336 -0.707686
85.0677 -3.77975 112.714 -1.22245 0 -3.2 0.273313 -0.961911 -0.00518558
83.2069 -23.153 120.226 -0.443395 0 0.466446 -0.0605734 -0.575139 0.81581
106.776 -10.4925 122.657 -1.04431 0 4.5 0.617036 -0.62007 0.484542
92.8016 -25.4321 118.804 -0.122379 0 -3.9 -0.464151 0.294009 -0.835537
70.9732 -14.0292 79.4247 -0.46376 -0.0144866 -3.72916 -0.167029 -0.960281 -0.223521
51.0117 -11.1181 94.8717 0.16897 0 -0.75411 -0.911193 -0.369503 -0.182194
85.217 -1.08975 110.836 -0.435463 0 -3.2 -0.115354 0.637221 -0.761999
87.5104 4.86688 99.2604 -0.583174 0 -3.5 -0.610111 0.767382 0.197202
53.5344 -9.46988 86.8746 -0.431361 -0.0796922 -0.42511 -0.166181 0.321041 -0.932371
53.2622 -4.241 86.089 -0.957754 -0.839087 -3.5 -0.843403 -0.071662 -0.532481
66.1219 -20.428 111.282 0.203961 0.66485 2.97406 0.378018 0.430264 0.819741
72.9489 -10.8616 77.1602 -0.475861 0 -3.5 0.621293 0.468812 -0.627862
54.6234 -12.1163 109.947 -0.211348 0 -4.5 -0.778077 -0.0367439 -0.627094
55.992 -26.9832 97.8139 0.25458 0 -0.8 -0.874394 -0.0881103 -0.47715
109.242 -21.1144 93.9244 -0.39054 0 4.5 0.673042 -0.732258 -0.103982
65.3649 5.13963 100.296 0.0390741 0 1.9 0.905897 0.0657075 0.418369
74.2253 -12.705 98.934 -0.616607 -0.145966 1.62944 0.973805 -0.00920954 0.227199
92.3459 -8.38531 95.7259 0.822362 0 -1.49434 -0.109723 -0.818932 0.563304
112.695 -10.4318 117.566 -0.951861 -0.156749 -0.8 0.594141 -0.674438 -0.438327
75.4399 -33.7984 107.766 -0.245885 0 -3.9 0.0335492 -0.033363 -0.99888
79.3268 -31.5959 116.388 -0.0813923 0 2.8 0.644623 -0.0730443 0.761003
69.8646 -1.67887 68.9486 1.04914 0 -4.5 0.861973 -0.165674 -0.479118
108.611 -1.93275 100.024 0.103151 0 -1.6 0.437704 0.617467 -0.653567
46.2347 -5.2955 92.6884 0.17721 0 -0.4 -0.979112 0.113385 -0.168768
62.3565 -22.3045 93.0275 -1.2566 0 -3.5 0.751354 -0.650094 -0.113334
108.457 -16.7004 116.641 0.295585 0 1.8 0.138639 -0.964535 0.224613
70.2168 -18.1759 114.212 -0.158114 -0.950571 -0.7 -0.766459 0.186622 -0.614583
96.6352 -32.9319 112.049 0.42745 0.315495 -3.9 -0.0279825 -0.631605 -0.774785
51.5252 -13.9747 98.5415 -0.0753069 0 -0.8 -0.373193 -0.839994 0.393873
63.606 -10.3296 110.198 0.152494 0 -1.22875 0.223498 0.388318 0.894012
55.08 -5.8105 85.7925 -0.0091355 0 -1.3 -0.502455 -0.326176 -0.800717
73.1121 -36.527 116.945 0.482732 0 -3.5 0.642787 -0.638585 -0.423124
92.2579 -29.9268 119.538 1.38342 0 -3.9 -0.250139 -0.956255 0.151677
64.6866 -19.8021 113.417 -0.346975 -0.982656 -0.8 0.670384 0.702515 0.238868
73.1458 -32.4019 101.596 -1.88169 -0.367591 -3.5 0.253347 -0.925546 -0.281391
84.2987 -11.4283 111.433 -0.707841 -0.131149 0.332886 -0.32193 0.563886 -0.760522
95.9287 -7.49056 90.3292 -0.141834 0 -0.8 0.799599 -0.213776 -0.561197
109.029 -19.0309 93.2087 -0.412804 0 4.5 0.565884 0.649762 -0.507527
104.162 -22.1904 94.2103 -0.567209 0 -2.01986 0.213402 -0.295196 -0.9313
56.3372 -13.0793 105.549 0.0697173 0 -2.73006 -0.827684 0.104163 0.551443
72.7842 -17.5632 102.783 -0.374788 0 -4.5 0.265558 -0.828107 -0.493678
77.7149 -31.6351 106.223 -1.35644 -0.0769702 -3.5 -0.0642374 -0.883319 0.46435
61.9012 -7.81319 107.623 0.247697 0 -3.5 -0.714665 0.67539 0.181942
106.81 -18.5238 111.931 -0.488847 -0.224283 1.76687 0.414197 -0.872899 0.257854
79.5583 -7.05762 97.8051 -1.57123 0 -3.5 0.0692871 -0.997595 -0.00198754
93.0947 7.38406 87.1516 -0.21144 0 4.5 0.713419 0.567663 0.410843
63.1704 -2.59 80.0831 0.289526 0 -0.4 -0.0428291 0.86028 -0.50802
87.2744 -12.6109 84.4768 -0.415139 0 -0.8 0.896984 -0.439312 -0.04925
93.938 -26.475 100.027 -0.445989 0 -3.5 -0.397762 -0.856601 0.328664
56.0836 -28.1278 98.9434 -0.183678 0 -0.8 -0.898255 -0.2425 0.366514
86.1826 -19.3194 123.366 -1.1505 -0.796287 -0.469282 0.0911504 -0.883743 0.459009
96.1349 -24.5985 126.937 -0.285865 0 -0.8 -0.0119721 0.343826 0.938957
88.8096 12.4214 87.1413 0.451396 0 -4.5 0.375663 0.807434 -0.454893
61.3278 -11.2697 110.285 0.142472 0 1.8 -0.278211 -0.354116 0.892861
56.854 -1.191 83.5882 -0.0336769 0 1.69763 -0.933528 -0.205898 -0.293481
72.9369 -4.45087 102.974 -0.425216 0.124906 -0.8 0.000415827 0.305896 0.952065
82.5251 -25.3164 118.644 -0.543465 0 -3.07084 -0.697056 -0.262234 0.667342
75.8264 8.15594 91.2033 -0.78432 -0.0408411 2.00888 -0.564959 0.748975 0.346205
56.5698 -2.61375 83.1736 0.234786 0 -0.4 -0.891583 0.215894 -0.398082
78.9143 -2.77712 70.3096 -0.612932 -0.769303 -0.8 0.445574 -0.885687 0.130469
75.9299 -7.72575 77.2044 -0.729044 0 -0.7 -0.395268 -0.807936 -0.437038
64.0908 -28.9355 111.705 -0.360226 0 3.8 -0.994918 -0.0379318 0.0932681
81.6515 15.725 86.3142 -1.52926 -0.373942 -3.5 -0.28518 0.958437 -0.00843635
91.8591 -27.1957 117.353 2.47159 0.117275 -3.9 -0.0691259 0.38343 -0.920979
59.3683 -29.8376 97.5634 0.0854719 0 -0.8 0.54722 -0.663013 -0.510846
82.6264 -34.1754 112.079 0.0776304 0 -4.5 0.29285 -0.935188 -0.199156
84.2334 -36.3604 100.244 0.793606 0.524173 3.08945 0.253026 -0.684061 0.684134
83.1494 -7.51412 126.323 0.182482 0 -4.5 -0.93824 0.011488 0.345794
57.1388 0.937813 105.287 -0.971962 -0.0381517 -3.5 -0.67784 -0.475361 0.560861
93.3612 -4.58112 132.161 -0.99515 -0.654483 -4.5 -0.913692 0.0654832 0.401098
53.8009 -25.3662 105.597 0.411525 0 -4.5 0.310298 -0.640147 0.7028
115.16 -18.0853 113.713 0.745692 0 -1.51936 0.789513 0.576121 0.21155
50.9345 -10.6814 100.76 -0.0594006 -0.798322 -0.8 -0.117496 0.351431 0.928812
106.842 -26.6834 99.488 -0.0464094 0 -3.5 0.595595 -0.697186 -0.398996
86.8705 -10.066 128.376 -0.379157 0 -3.2 -0.611663 0.211349 0.762365
77.8665 -32.2784 104.706 -0.705911 -0.0250481 -3.5 -0.139475 -0.82107 0.553526
72.342 3.167 96.7985 0.0200951 0.425383 3.8 -0.50856 0.510794 0.69315
86.205 -0.3955 82.8045 -0.130998 -0.399983 -0.8 -0.358838 -0.152197 -0.920908
87.8189 -24.3592 120.819 1.93792 0 -3.9 -0.799327 -0.214728 0.561221
100.403 -33.8041 115.008 -0.102756 0 -3.9 0.299664 -0.592847 0.747485
67.5934 -13.9585 83.5146 -0.0879925 -0.396917 -3.59375 0.331171 -0.92498 -0.186382
54.9565 -13.5334 88.4563 0.729315 0 -0.4 -0.933194 -0.157405 0.323069
64.4439 4.55975 77.1012 0.161461 0 -3.5 0.098528 0.983203 -0.153636
76.7786 -10.2386 77.8874 -1.33202 0 -3.5 -0.663966 0.0876584 -0.742607
76.6089 -34.3235 99.8571 -0.355964 0 -3.5 -0.67737 0.11395 -0.726763
58.6474 -9.20506 109.457 1.06264 0 -4.5 0.20091 0.878025 0.434404
97.8501 3.48475 102.807 2.198 0.00492916 -3.9 0.555807 0.778988 -0.290269
71.7633 -19.4316 100.381 -0.30679 0 -0.8 0.892486 -0.0947836 0.441005
109.983 -23.5084 105.768 -0.443998 0 1.8 0.624682 -0.0356147 -0.780067
84.8336 -5.48263 97.4649 -0.735511 0 -0.137518 0.277781 -0.864607 0.41868
64.3962 2.32413 80.9 0.398068 0 -3.5 -0.732778 -0.0319421 0.679717
60.7396 4.76481 106.943 -0.0729324 0 3.29305 -0.174628 -0.208408 0.962326
94.4652 -11.5509 96.7301 1.17172 0 -3.9 -0.963528 -0.0966117 -0.24956
90.5315 -23.8366 114.928 -0.345703 0 2.58483 0.140949 -0.398434 0.906302
74.7483 -32.2158 107.787 -0.430052 0 -3.9 -0.179541 -0.0529951 -0.982322
66.5202 7.146 105.891 -0.190443 0 4.5 0.584072 -0.212716 -0.783334
83.0082 -32.052 113.83 -0.274435 0 -4.5 0.933755 0.00982156 0.357779
77.4376 -23.2712 121.629 -1.75233 -0.318252 -3.5 0.265298 -0.478777 0.836893
72.9549 -13.4709 116.369 -0.207997 0 -3.5 -0.740653 0.509982 0.437438
63.4098 -11.6681 82.6069 2.66555 0 -3.9 -0.3891 -0.831372 0.396764
51.2632 -12.1917 92.5824 0.577555 0.159092 -0.7 -0.747501 -0.630896 0.207875
62.9513 0.510938 75.4549 -0.406686 0.222774 -2.5368 -0.297869 0.163441 -0.940511
105.994 -27.8023 101.121 -0.466822 -0.0335317 -3.5 -0.00752136 -0.83051 -0.556952
80.4884 -18.2097 104.837 -0.485447 0 -3.02577 -0.525318 0.748823 -0.40411
93.841 -0.81075 99.6731 -0.558404 0 -1.6 0.424644 -0.0617019 0.903255
65.6726 6.77112 83.4846 -0.762223 0 -1.3 -0.918497 0.032591 -0.394082
63.7649 3.90088 85.208 -1.27182 0 -0.4 -0.51729 0.696934 -0.496684
75.5128 -10.9038 78.4014 -0.974253 0 -3.5 -0.0690242 0.588955 -0.805212
92.4737 -3.76537 87.5445 -0.32227 0 4.2 0.0827456 -0.412767 -0.90707
53.384 -2.42775 104.933 -0.681914 0 -3.5 -0.175051 -0.000732186 0.984559
104.613 -30.5875 111.909 -0.480693 0 2.8 0.506936 -0.175428 0.843943
67.7609 -25.875 92.4874 -0.119086 0 -0.8 0.104326 0.07491 -0.991718
102.862 -1.78112 126.771 -0.620636 -0.20493 -0.7 0.221898 -0.293708 0.929783
85.3738 -11.4883 108.932 -0.803147 0 -0.7 -0.902488 0.392583 -0.177185
107.191 -17.2683 116.372 0.607059 -0.0257244 -0.8 0.500315 -0.838987 0.213975
69.5515 -37.3149 120.679 -0.804366 -0.678456 -1.5499 0.0219679 -0.729507 0.683621
100.57 -27.1975 111.496 -0.55994 0 2.8 -0.00745191 0.250147 0.968179
71.2486 -36.3825 107.218 -1.78229 -0.434792 -3.5 0.332402 -0.501152 -0.798971
76.5017 -10.892 103.72 -0.357408 0 -0.4 -0.704914 -0.645442 0.29411
112.37 -20.9692 115.508 -1.03841 -0.101648 -0.8 -0.853795 0.035204 0.519417
64.4712 -32.5034 112.383 -0.387451 0 3.8 -0.0617377 -0.945268 -0.320402
102.011 -15.6423 96.4402 -0.817831 0 -3.5 0.828581 -0.35871 -0.429862
87.2308 1.33478 124.778 2.61153 0 -3.9 0.182549 -0.145428 0.972382
53.1465 -17.3262 86.5052 1.6959 0 -3.9 -0.888673 0.253579 -0.382045
57.4637 -22.9659 94.7691 0.420868 0 -0.4 -0.894804 -0.444631 -0.0403652
75.903 -9.5595 98.866 -0.605253 0 -3.5 0.322009 -0.825538 0.463462
82.2881 -4.08462 77.8769 -0.156802 0 -1.3 0.459166 -0.719783 -0.520653
56.4516 -18.6192 105.622 -0.0078697 -0.182419 0.687712 -0.644054 -0.459968 0.611248
68.9499 -0.31575 65.6774 0.429762 0 -4.5 0.796419 0.0893785 -0.598104
86.18 -26.0024 119.894 -0.6098 0 -3.5 -0.092263 0.207148 0.973949
69.061 -38.2154 115.099 -0.649625 -0.31839 -3.5 -0.515892 -0.116854 -0.848646
94.9781 -17.4845 97.8214 -0.605782 -0.0201357 4.2 -0.86878 -0.183817 -0.459817
55.0765 -20.506 98.403 0.137553 -0.133334 0.518592 -0.645852 -0.400015 -0.650279
53.8073 5.01044 101.683 -0.0680855 0 -4.5 -0.564039 -0.549124 0.616703
97.9679 1.95094 117.079 0.527134 0 0.284867 -0.718595 0.182303 0.671108
103.211 -0.8335 97.425 0.110052 0 4.5 0.456843 -0.100006 -0.883908
56.1664 -10.3966 108.737 0.878136 0 -4.5 -0.832287 0.357255 -0.423871
74.0284 10.6313 83.4534 0.140026 0 -3.9 -0.446607 0.646405 -0.618629
72.338 -34.9839 107.481 -0.663522 0 -3.53569 0.524674 -0.177278 -0.832641
89.6788 -30.1646 104.887 -1.67726 -0.0356904 -3.07578 0.593867 -0.0530322 -0.802814
57.5655 -21.1898 93.079 0.746537 0 -0.4 -0.959111 -0.0651671 -0.275425
51.126 -23.116 103.508 0.395398 0 -4.5 -0.781796 0.272695 -0.560743
107.151 -7.09163 123.009 -0.959732 0 4.36447 0.859784 0.510527 -0.0115542
92.4341 7.24125 94.6323 -1.26991 0 -3.5 0.761216 -0.192854 0.619159
55.7156 9.41525 101.134 0.360198 0 -4.5 0.990915 0.134487 -0.000239896
62.4795 -20.886 121.799 -1.14089 -0.0752619 -3.5 -0.962704 0.04506 0.266779
76.4894 -12.3915 84.8808 0.169667 0 -3.5 -0.725519 -0.622427 -0.293611
80.0749 -24.6469 100.918 0.137354 0.85721 -1.3 -0.302902 0.635539 -0.710169
77.4811 -11.0794 120.621 -0.325237 0 -0.254136 -0.283297 0.931906 -0.226484
94.9549 -26.7917 101.953 -1.82819 0 4.2 -0.849803 -0.467052 -0.244331
61.5959 5.16113 107.663 -0.597647 0 4.5 -0.623024 -0.436544 0.649053
58.3401 -25.7769 110.287 0.447776 0 -4.5 -0.814671 0.579322 -0.0263953
77.7083 -17.6938 104.525 -0.940733 -0.00170272 -4.42762 0.767149 0.63129 -0.113824
85.2734 12.6632 85.6113 -0.595066 -0.363803 -3.5 0.619709 0.133035 -0.773474
70.9499 -16.6532 119.026 -0.235023 0 -0.7 -0.381557 0.622695 0.683129
85.155 -4.5725 115.567 -0.944774 0 0.286134 -0.351552 -0.632476 -0.690207
71.0745 -22.7505 97.4528 -0.992158 -0.905884 -0.7 0.565467 -0.507208 -0.650375
89.8645 -22.843 101.499 -0.615058 0 3.8 -0.046074 -0.617634 -0.785115
73.8272 -24.1569 104.299 -0.429423 0 -0.7 0.73177 0.1183 -0.671206
113.978 -11.0681 104.503 -2.19664 -0.222464 -3.5 -0.191489 0.740253 0.644482
48.3686 -6.68412 88.5044 0.059633 0 -0.7 -0.272549 -0.568528 -0.776204
82.5166 -25.8201 99.1379 1.03148 0 -3.9 0.417281 0.425962 -0.802765
110.307 -21.3269 100.353 -0.362112 0 4.5 0.123818 -0.972017 0.19963
91.9772 5.5645 109.123 0.300877 0 -4.5 -0.0239843 0.463574 -0.885733
74.4052 -13.6358 99.7721 -0.529885 0 4.2 0.874811 0.299123 -0.381092
109.909 -4.5395 114.201 -0.636229 -0.604612 -2.39071 0.44274 0.81692 -0.369625
88.6115 -26.5722 114.005 -0.435374 0 -0.7 0.540734 -0.838128 0.0717522
82.0863 -6.53538 79.5366 -1.54054 -0.261529 -3.5 -0.280272 -0.582228 -0.76319
56.8859 -8.57769 110.161 0.475026 0.841607 -4.5 0.0924266 0.984356 0.150002
110.821 -2.95187 119.429 -0.140613 0 -3.5 0.65868 0.484866 0.575365
92.7962 -1.25375 100.878 -0.338989 0 -1.6 0.309823 -0.736979 0.600726
56.2503 -19.9904 87.2361 0.74332 0.803065 -3.9 0.349536 -0.935579 -0.0501561
53.1496 -8.99025 103.155 0.173671 0 -1.6 -0.619311 0.214694 0.755222
69.314 -4.0575 103.659 -0.263014 0 -3.5 0.205278 0.924084 0.322382
73.6831 -37.1227 112.716 0.40674 0 -3.5 0.65036 -0.586581 0.482653
86.1992 11.8786 92.1144 -0.250518 0 -2.4088 0.341159 0.939983 0.00656884
77.6311 -20.3314 102.203 -1.46254 -0.434354 -3.8314 -0.196804 -0.29888 -0.933777
81.4727 -6.32075 125.641 0.089673 0 -0.9 -0.236993 -0.173375 0.955916
94.9934 -28.0664 102.691 -1.44944 0 4.2 -0.961837 -0.00394678 -0.273594
105.433 -28.643 102.347 -1.06175 -0 -3.5 -0.710058 -0.562062 -0.424151
61.7239 -21.3204 90.7023 -0.410189 0 -3.5 0.988987 -0.118216 -0.0890444
82.3173 8.34244 94.0151 -0.437429 0 2.8 -0.33489 0.630859 0.699904
82.8972 9.63737 78.4645 -1.99039 -0.577145 -3.5 0.957182 -0.190192 -0.218243
95.745 -22.0268 99.4056 -0.561677 0 -2.54337 -0.291596 0.955678 0.040638
103.678 -11.9174 123.811 -0.632148 0.788019 -0.9 0.306983 -0.939727 -0.150578
92.0166 8.91737 86.7029 -0.119121 0 3.18855 0.558567 0.819604 -0.127483
71.5369 -28.5724 104.109 -0.686858 0.690941 0.251838 0.0840696 -0.18963 -0.97825
79.29 9.27 92.333 -1.14113 -0 -3.5 0.256803 -0.332571 0.907441
99.4768 -1.60012 128.656 -1.85579 0 -3.5 -0.0954398 0.84811 -0.521152
106.638 -23.5536 97.5206 -1.13721 -0.796348 -3.5 0.916276 0.0548284 -0.396778
62.9442 -30.5457 118.486 0.224713 0.787583 -0.9 -0.59542 -0.187975 0.781115
94.7887 -8.47838 100.445 -0.28426 0 -0.621387 -0.509432 -0.0593768 -0.85846
80.8765 12.3585 81.538 -0.3797 0 -3.5 0.475939 0.849425 0.227944
98.015 2.781 99.866 -1.91869 -0.758076 -3.5 0.622384 0.62321 0.473549
60.6636 6.17306 98.3476 -0.418061 0 -0.207075 0.0350327 0.999382 0.00299494
62.5676 -22.8399 113.077 -0.124011 0 -0.8 -0.616419 0.146447 -0.77368
112.485 -22.6357 113.825 -0.434133 0 -0.8 -0.72291 -0.394553 -0.567211
67.2433 -21.9801 121.115 -0.314427 0 4.2 0.176451 0.28532 0.94205
70.7047 10.1046 90.2787 -0.256949 0 2.8 0.674263 0.473746 0.56651
82.0685 13.422 83.5332 -0.454266 0 -3.5 0.0753142 0.0326984 -0.996624
95.6915 -29.046 116.365 -0.457921 -0.112171 -3.5 -0.797067 0.38679 0.463764
101.126 -4.76469 95.0226 -0.607378 -0.290667 -2.08203 0.121776 0.975957 -0.18077
88.2353 2.99022 122.763 2.40896 0 -3.9 0.632408 0.740235 -0.228278
54.7349 -15.5881 105.8 0.118857 0 -0.7 -0.605654 0.217267 0.765492
63.9449 -36.0716 117.187 -0.401542 0 -0.7 -0.871908 -0.410709 0.266634
106.39 -24.9541 118.876 0.152621 0.096223 -4.5 0.300983 -0.874181 -0.381074
83.6902 2.925 83.3734 0.379168 0 3.8 0.607261 0.0347136 -0.793744
98.967 -35.8644 112.091 -0.572748 0 -0.8 -0.558315 -0.829039 -0.0313017
78.5109 -38.1171 98.5288 -0.170142 0 3.8 -0.950688 0.018744 -0.309582
94.3508 -1.3425 137.018 0.240949 0 -4.5 -0.81415 0.551602 0.181371
60.8646 -33.4435 113.845 -0.894785 0 -3.5 -0.508469 -0.060724 -0.858936
51.9036 -26.3671 105.828 0.276725 0 -4.5 -0.0121708 -0.964454 0.263972
83.3624 5.41 83.4985 -0.276764 0 1.31489 -0.153263 -0.199972 -0.967741
108.947 -17.812 113.221 -0.14771 0 -1.6 -0.32174 -0.741979 0.588176
80.297 -17.4085 91.6515 -0.764359 -0.00441677 -0.291765 0.954544 -0.292844 -0.0555768
104.411 2.30369 100.813 -0.413557 0 -3.5 -0.219154 0.569951 -0.791914
102.375 -24.478 124.964 -0.554347 0 -0.8 0.695022 0.705929 0.136415
64.4517 1.75969 83.29 -0.168493 0 -0.8 -0.794393 0.0489746 -0.605426
91.6416 -32.861 104.664 -0.832438 0 -0.8 0.00677053 -0.379001 0.925372
110.32 -15.4356 122.834 -1.32617 0 -3.5 0.0834685 -0.419798 0.903771
102.365 -25.9255 103.073 -0.743337 0 1.8 -0.0736309 -0.902531 -0.424284
81.2863 -15.3877 109.4 -0.669591 0 4.19066 0.24478 0.656536 -0.713472
87.4399 -12.5281 86.0287 -0.619903 0 -0.527839 0.822618 -0.393114 -0.410805
83.3473 -5.082 127.443 0.0871686 0 -0.4 -0.680502 -0.0496124 0.731064
61.473 -12.7907 84.832 0.5756 0 -0.4 -0.128274 0.20227 -0.970893
58.387 -5.12069 82.8407 0.799699 0.206191 -0.4 -0.393741 -0.887503 -0.239387
78.7964 10.1579 76.5061 -0.0888491 0 -0.4 0.608511 0.432836 -0.665107
88.305 -5.98575 112.188 -0.497595 0 4.2 -0.917203 0.0100707 -0.398293
99.3637 -10.434 132.154 -0.631715 0 -1.6 -0.0653645 -0.815171 0.57552
70.5645 -12.7775 114.098 0.0316063 0 -1.3 -0.874183 0.414206 0.253452
82.5921 2.84262 77.8483 0.0691793 0 -1.3 0.757578 -0.112125 -0.643042
101.835 -26.7241 126.759 -0.392073 0 -0.8 0.490702 -0.686908 0.536067
58.2276 -10.5153 110.741 0.755982 0 -4.5 0.647863 0.159206 0.744934
98.8818 -33.3666 119.677 2.06453 0 -3.9 -0.322175 -0.938633 0.123174
70.4019 -19.8892 120.211 -0.505995 -0.232449 1.77599 -0.65692 0.385822 0.647764
78.4311 0.890688 72.2582 -0.0339065 0 -1.3635 0.992521 0.0245604 0.119578
72.3884 1.67694 97.7305 -0.0817065 0 -3.5 -0.80139 0.375933 0.46524
76.4228 11.087 80.702 -0.285499 0 -3.5 -0.955949 0.171272 -0.238387
88.0129 -28.8924 98.1673 -0.260126 0 -1.6 0.417193 0.202496 -0.885971
85.4206 -9.34813 95.8467 -1.11968 -0.0244456 -3.5 -0.0463499 0.394158 0.917873
57.1361 1.99181 81.4991 0.140317 0 2.8 0.0608798 0.238286 -0.969285
74.626 -34.4251 107.849 -0.155096 0 -3.9 -0.0323184 -0.0163808 -0.999343
76.2269 -32.7368 100.396 -0.60705 0 -3.5 -0.406094 -0.0461482 -0.912665
96.9747 2.9665 91.2197 -0.415263 0 -0.990648 0.95385 0.277502 -0.114728
90.7527 -7.35663 130.65 -0.243763 0 -1.00471 -0.509153 0.831704 0.221432
88.5645 -22.5282 115.647 -0.376279 0 -0.7 0.307812 -0.421537 0.85297
74.9979 -32.1729 123.35 0.0747164 0 -0.940598 0.363532 -0.107106 0.925404
95.1181 -0.800781 134.907 0.376504 0 -4.5 -0.568089 0.815175 -0.112982
84.3357 11.9545 93.1181 0.491527 0 -0.711018 0.0935151 0.344956 0.933949
102.894 -33.5203 97.8717 1.51926 0 -3.9 0.0410448 -0.282699 -0.95833
82.3277 -7.93162 103.026 -0.449875 0 -0.8 0.437231 0.421551 0.794433
75.8049 -35.0395 121.45 0.314702 0 -3.5 0.931348 -0.0248685 0.36328
101.463 -28.2924 124.91 -1.03764 -0.0535126 -2.70058 0.760546 -0.0739372 0.64506
76.7043 10.3508 90.2333 -1.19194 0 -3.5 -0.91451 0.336828 0.224096
86.6208 2.11562 82.3263 -0.845864 -0.533991 -0.328634 -0.714232 0.0697625 -0.696423
52.801 -0.834625 88.4794 0.160315 0 -1.00699 -0.472336 0.332983 -0.816101
95.9378 -30.3755 99.3244 -0.327128 0 -3.5 -0.687967 0.16169 -0.707501
95.5471 -0.89625 121.059 -0.159559 0 2.8 -0.584335 0.32283 -0.744536
99.7982 2.13725 118.53 0.0670433 0 1.9 0.0580814 0.741496 0.668439
108.635 -1.30912 106.926 -0.373569 0 -3.5 0.00293164 -0.14754 0.989052
102.823 -0.218625 119.436 0.0212277 0 -0.8 0.553679 0.827303 -0.0949132
106.218 -22.6705 104.321 0.186899 0.267344 2.19688 0.583201 0.374637 -0.720779
72.9254 -20.6909 103.954 -1.1277 -0.55395 -0.7 0.516852 0.365361 -0.774193
81.7385 -37.7245 101.138 -0.0418595 0 3.8 0.259871 -0.464008 0.846855
75.5613 -38.168 108.758 2.22894 0 -3.9 0.312692 -0.560344 -0.766967
52.8186 -16.2716 98.8435 -0.143901 -0.495735 -0.749734 -0.889706 0.247203 0.383815
59.6874 -34.8857 116.682 -1.72929 -0.267342 -3.5 -0.567788 -0.332613 0.752984
70.3935 -4.72844 105.419 -0.284338 0 -3.5 0.78285 0.549763 0.291387
89.1944 -14.8483 89.0975 -0.0536292 0 -1.6 0.192228 -0.950262 -0.245051
108.251 -12.692 127.587 -1.55224 0 -3.5 0.951083 0.248484 -0.183568
88.6076 2.6635 82.1748 -0.11774 0 1.29813 0.671237 -0.0294875 -0.740656
64.7095 -37.7591 117.927 -0.502167 -0.497397 -0.7 -0.873089 -0.407693 0.2674
75.0454 -26.3326 103.601 -1.54176 -0.0412946 -1.3 0.16024 0.675249 -0.719974
94.4758 -18.8972 126.44 -0.914786 0 -0.8 0.0599625 0.0858978 0.994498
95.7747 -21.6519 100.829 -0.755323 0 4.5 -0.266175 0.706859 -0.655364
58.7926 -30.7499 101.949 0.0346635 0 -0.4 -0.310293 -0.851177 -0.423338
106.11 -12.0065 122.284 -1.16473 0 4.5 0.355756 -0.581791 0.731408
103.402 -25.3756 115.828 -0.305958 -0.565057 -1.11521 0.423953 -0.820598 -0.383253
82.7824 -11.216 128.158 0.371255 0 -4.5 -0.682024 -0.443821 0.581263
89.2826 3.46362 108.684 0.219514 0.0416943 -4.5 -0.393755 0.39861 -0.828292
87.5987 -12.2358 92.3522 -0.614416 0 -1.6 -0.319049 -0.921016 0.223466
86.2851 -4.93681 81.7101 0.0724003 0 -3.5 0.899675 0.267916 -0.344681
57.082 7.51837 96.3968 -0.21232 0 3.8 -0.389381 0.802975 0.451235
65.6727 -15.4878 110.998 -0.289637 0 -1.42575 0.0138881 -0.00872417 0.999865
117.298 -14.1988 111.473 -0.376587 0 2.8 0.693012 -0.00267546 0.720921
91.9369 -34.0182 104.061 -0.57977 0 -0.8 0.00956292 -0.53006 0.847906
96.6473 -30.0808 98.0197 0.0491776 0 -3.9 -0.849511 -0.234983 -0.47235
100.606 -9.39341 132.824 -0.350307 0 -1.6 0.406347 -0.76532 0.499167
85.1711 -12.5819 127.992 -0.537923 0 -3.5 -0.570848 0.0972207 0.815279
96.5039 -25.3554 114.47 -1.24616 0 -0.8 -0.75837 -0.45572 0.466041
84.7172 13.3394 92.1726 0.181143 0 -0.4 0.609894 0.632581 0.477359
110.007 -17.6469 114.261 -0.0883731 0 -1.6 -0.622227 -0.659215 0.422219
84.1514 -7.30837 80.7171 -0.372299 -0.236525 -3.5 0.178729 -0.543536 -0.820137
72.9082 -37.5773 114.078 -0.532001 -0.365123 -3.5 0.745513 -0.645759 0.164941
73.312 -7.84869 101.684 -0.790283 0 -2.77109 0.00178464 -0.616003 0.787742
87.1732 -11.3613 104.535 -1.02064 0 -1.264 -0.441192 0.895668 0.0559314
55.0752 -17.3024 106.053 -0.134277 -0.342943 -0.7 -0.426674 -0.330773 0.841747
64.3395 0.0635 81.164 0.0636772 0.0224057 -3.5 -0.95039 0.243276 -0.193845
103.59 2.53525 105.953 -0.167797 0 -3.5 0.260487 0.397705 0.87976
96.0113 -20.3831 97.6864 -0.707185 0 -0.8 -0.851339 0.363709 0.37807
78.8242 -0.752062 73.3849 -0.0593016 0 -0.881745 0.957406 0.187899 -0.219243
83.6758 -11.4676 86.847 -0.257807 0 -0.4 -0.433912 -0.813631 0.386942
102.357 -26.1413 122.614 -1.67997 -0.0551548 -0.8 0.916744 -0.398576 -0.0267819
111.05 -12.2948 107.558 -1.68853 0 2.8 0.404595 0.909714 -0.0933925
56.3782 6.39113 103.205 -1.26709 -0.485862 -3.5 -0.095594 0.811656 0.576261
91.9323 -22.5045 100.007 -0.74672 0 -1.14456 -0.86479 0.326742 -0.381284
62.8635 -36.043 116.266 -0.547306 -0.349597 -2.23179 0.207266 -0.963295 0.1706
101.317 -27.9995 100.499 -0.207231 0.312948 -3.68134 0.438808 0.160925 0.884054
78.828 -23.7778 101.375 0.341338 0.346451 -1.3 -0.222853 0.472847 -0.852498
76.8528 -3.82525 106.622 0.231718 0 -3.9 -0.301412 0.86779 0.395083
68.1079 -28.6206 96.7749 0.540561 0 -1.6 0.376814 -0.496097 -0.78224
80.1314 14.1235 90.1143 0.0135584 0.161983 -1.06695 -0.241902 0.964976 0.101518
70.3485 -12.7997 112.56 -0.108832 -0.091594 -1.13024 -0.842609 0.06653 0.5344
68.5062 11.4771 88.2082 0.138423 0 2.8 -0.47102 0.87138 -0.137247
76.2555 5.1845 95.111 -1.25912 -0.346579 4.18155 0.289392 0.738446 0.609056
106.266 -5.23 122.986 -0.636265 0 1.8 0.812317 0.503313 0.294648
102.162 0.2035 113.405 -0.328387 0 -0.0493271 0.931326 0.359469 0.0584351
81.516 -16.5716 99.4441 -0.273351 0 -3.5 -0.904444 -0.324133 0.277342
89.483 -28.654 103.292 -0.775522 0 -1.54476 0.91434 0.0761497 -0.397723
67.3572 -14.9908 77.8617 0.64511 0 -3.9 0.784865 -0.587448 -0.19721
58.1484 -21.4717 87.57 -1.71121 0 -3.5 -0.926941 -0.0154327 -0.37489
63.532 -24.9137 120.852 0.932518 -0.407014 -3.71997 -0.0304979 0.053492 0.998102
108.142 -5.85294 109.811 -1.72204 -0.662779 -2.79601 -0.172261 0.970409 -0.169211
87.3676 -26.7979 119.123 -0.78076 0 -3.55559 0.747502 -0.3649 -0.555057
91.7171 -26.0615 113.192 -0.430886 0 -0.9 -0.0332534 -0.534705 0.844384
82.8089 -11.4887 124.43 0.38105 0 -4.5 -0.8974 0.354204 0.263083
61.9305 8.5515 107.143 1.27448 0 4.5 -0.74554 0.661183 -0.0837114
97.884 5.5945 106.803 -1.83448 -0.000469703 -3.5 -0.505041 -0.275198 -0.818046
91.1535 -26.7897 112.646 -0.0499151 0.84747 -0.9 -0.290467 -0.784854 0.547387
61.9367 -8.68625 110.554 -0.0500648 0 1.8 0.0856778 0.506888 0.857744
99.962 -29.559 111.969 -0.348191 0 2.8 0.00919958 0.256307 0.966552
85.1664 -34.2115 103.634 -0.191238 0 -3.5 -0.922553 -0.322398 0.212027
104.739 -34.5723 113.46 -0.527 0 -3.5 0.288035 -0.320598 0.902359
107.723 -10.6392 127.486 -1.70132 -0.11337 1.8 0.971213 0.0069427 -0.238112
63.6816 -11.4378 78.6423 3.70587 0 -3.9 -0.62243 0.141726 -0.769737
65.3536 5.7925 105.564 -0.555244 0 2.94485 0.869907 -0.386872 -0.305926
86.7476 -35.5804 101.475 -0.0642243 0.388408 -1.12042 -0.0434732 -0.996306 0.0740549
92.5633 0.455563 109.454 -1.27073 -0.185958 -3.5 -0.928457 -0.236913 0.286078
103.003 1.48669 99.544 -0.433184 0 4.5 0.3737 0.882101 -0.286785
92.4819 -4.62638 88.2691 -0.367532 0 3.16292 0.080802 -0.505115 -0.859261
101.695 -33.9927 114.826 -1.04519 0 -0.8 0.0466775 -0.452661 0.89046
108.334 -16.6689 115.426 0.390729 0 1.8 0.107066 -0.992958 -0.0507086
76.6144 -15.4397 110.576 -0.555998 0 1.64195 -0.259899 0.682739 -0.682876
73.3909 4.06712 95.9561 -0.567296 -0.431345 3.8 -0.127123 0.672139 0.729431
53.4608 -19.4142 100.218 0.547342 0 -0.7 -0.818683 -0.574007 -0.0165607
52.3265 9.3055 103.013 0.183707 0 -4.5 -0.99506 0.0883589 -0.0452579
54.1647 -17.6968 94.2087 -0.0215602 0 -0.8 -0.618068 -0.214175 -0.756387
105.542 -9.55387 96.8666 -2.46758 -0.524106 -3.5 0.431194 -0.426002 -0.795358
72.0261 -16.1689 108.008 0.123498 0 -3.66184 0.794938 0.542397 0.271808
59.2522 -24.8961 96.5434 -0.356271 -0.826356 -0.8 -0.0279169 -0.522063 -0.85245
71.8262 -25.5939 103.343 -0.652149 0 -0.7 0.229772 -0.544074 -0.806962
64.4692 -14.4449 76.0931 1.39627 0 -3.9 -0.202846 0.257903 -0.944637
110.412 -22.2516 105.683 -0.641769 0 2.17559 0.696466 -0.428879 -0.575324
77.6551 10.57 75.5875 -0.0867664 0 -0.4 0.356136 0.513649 -0.780597
60.9637 6.74 102.413 0.334749 0 1.84966 -0.0222359 0.809954 -0.586072
72.3589 -12.1759 81.8304 -0.16601 0.230993 0.859301 -0.0267902 -0.613154 0.789509
55.7812 4.506 103.514 -1.20291 0 -3.5 -0.936168 0.152673 0.31667
72.1964 -30.7716 101.353 -2.22852 -0.306588 -3.5 0.18518 0.956369 -0.225978
70.0174 -34.5096 112.546 0.273113 0 -3.5 -0.862529 -0.272247 0.426527
77.2152 7.54175 75.7879 0.325883 0 1.77845 0.589453 -0.0345047 -0.807065
100.437 -30.0938 102.973 -0.309062 0 4.2 0.8535 -0.519959 0.0343606
74.3354 -35.7897 116.595 0.226185 0.00310346 -4.5 0.200599 -0.918069 -0.341922
112.57 -19.7556 104.994 -0.517733 0 2.8 0.889512 -0.0780229 -0.450201
58.445 -2.0055 81.121 0.213488 0 -0.4 -0.74397 0.22948 -0.627573
107.375 -6.86019 99.0185 -0.763536 0 -2.31175 0.907875 -0.230257 -0.350349
56.9263 -20.3043 96.0268 0.202011 0 -0.686751 -0.852263 -0.519513 -0.061278
46.5855 -8.203 101.518 0.0456741 0 1.8 -0.359888 -0.624292 0.693354
72.2913 -7.24819 104.149 -1.37395 -0.187385 -3.5 0.793584 -0.187359 0.578896
83.4404 13.139 84.0703 -0.634644 0 -3.5 0.356503 0.140611 -0.923653
96.7046 -14.0448 126.566 -1.18053 -0.0660523 -2.46697 0.576638 -0.450761 0.681398
72.1139 10.0251 79.8269 0.173412 0 -0.8 0.465075 0.668643 0.580191
101.179 -5.21225 91.17 -0.701922 0 -3.5 0.173609 0.671219 -0.720642
56.938 -12.569 111.908 -0.131644 0 -4.5 0.645633 -0.357942 0.674563
51.6112 -5.50269 104.067 -1.0477 0 -3.5 -0.829623 -0.392653 0.396926
68.0856 10.8024 89.8057 -0.0877505 0 2.8 -0.780234 0.422009 0.461675
102.329 -6.725 131.112 -0.96215 0 -1.6 0.781922 0.506855 0.362899
96.717 -30.6601 116.477 -0.605388 -0.450203 -3.65088 -0.680751 -0.0756258 0.728601
78.3602 -11.3114 110.077 -1.09895 0 -3.5 -0.0697559 -0.133635 -0.988573
74.3635 -13.5883 77.1503 -1.14719 0 -3.5 0.380229 -0.230081 -0.895817
88.4348 -21.7611 116.59 -0.838201 0 -0.467131 0.454848 -0.842676 0.288115
61.9564 6.544 97.1403 -0.471863 0.817202 -3.2 0.229873 0.963031 -0.140464
60.6039 -22.8425 114.763 0.562689 0.0415402 -3.5 -0.367925 0.340084 -0.865433
59.8325 -9.45025 84.4689 0.448761 0 -1.88963 -0.33773 -0.53698 -0.77304
70.0956 12.2584 79.0406 0.5843 0.0722779 -0.8 0.102584 0.876608 0.470144
110.574 -21.4175 104.294 -0.567579 0 2.8 0.384841 -0.779391 -0.494417
101.533 -31.7078 101.863 -0.331857 0 -3.9 0.335889 -0.0737993 0.939006
90.7536 -1.03688 100.957 -0.0148132 0 -1.6 -0.0117281 -0.827092 0.561945
87.7726 -4.51694 128.969 0.14243 0 -3.5 -0.118487 -0.261315 0.957954
72.1729 -30.9569 107.078 -0.711534 -0.167392 2.42609 0.714071 -0.566034 -0.411956
96.2335 -5.22575 135.104 -0.0246237 0 -4.5 0.424298 -0.632709 0.647804
80.6658 -30.826 115.453 -0.0154971 0 -4.5 0.396659 0.200173 0.895875
96.6113 -2.00213 133.351 0.0126685 0.222118 -4.5 0.702674 0.472885 -0.531628
58.7583 -3.6195 80.5287 0.909962 0 -0.4 -0.790397 -0.110167 -0.602607
70.6452 -24.0095 121.46 -0.239087 0 4.2 -0.070054 -0.140688 0.987572
53.8952 -16.1705 105.079 0.633504 0.366085 -0.7 -0.902553 0.0700852 0.424837
63.5218 -16.3322 78.8311 2.6093 0 -3.9 -0.55864 -0.340131 0.75646
67.2093 -6.74444 110.063 -0.039958 0 -3.5 0.381031 0.0872373 0.920437
102.643 -29.0108 98.2182 -0.616706 0 -3.9 0.861869 -0.118825 -0.493014
60.0828 1.98475 106.179 -0.466495 0.343218 -2.36276 0.614242 -0.25354 0.747278
105.264 -3.93637 110.012 -0.0821375 0.234678 -0.700768 0.889981 -0.111694 -0.442107
101.176 -3.02569 129.388 -1.15885 0 -3.5 0.902683 0.338099 0.266181
90.5133 -3.06675 87.7095 -0.156685 0 4.10729 0.124325 -0.0404587 -0.991416
78.437 -32.782 116.976 0.130877 0 2.8 0.682074 -0.49962 0.533999
95.4488 4.88119 97.7337 -1.19114 -0.0665848 -3.5 0.16241 0.983542 -0.0791665
83.9871 -30.2111 99.3983 0.978876 0 -1.6 -0.58619 0.253089 -0.769628
67.6141 -2.88637 68.8958 0.814854 0 -4.5 -0.624839 -0.525787 -0.577168
104.629 -7.44481 93.3424 -0.42866 0 -3.5 0.924093 0.360617 -0.126517
90.4554 -28.9721 118.206 2.8429 0 -3.9 -0.718737 -0.554441 -0.419539
115.811 -15.7889 97.9482 -0.559668 0 -3.5 0.00400381 -0.770416 -0.637528
106.018 -21.3232 92.2394 -0.366647 0 4.5 -0.752217 -0.351911 -0.557072
105.76 -15.9932 131.166 -1.69452 -0.0131648 -3.5 -0.780166 -0.335954 0.527708
81.8441 4.529 77.1454 0.251242 0 -3.5 0.147446 -0.401928 -0.903722
75.7475 -1.12838 68.9294 -0.714314 -0.220237 1.8 0.309452 -0.146718 -0.939528
67.0372 10.7572 84.0847 0.209463 0 -1.3 -0.0859052 0.995398 -0.042464
64.8895 -27.5345 121.963 0.763648 0.623579 -3.9 -0.24699 -0.415801 0.875275
82.8508 1.67325 77.2688 0.0855211 0 -1.3 0.745257 0.484712 -0.457871
51.635 -16.6171 97.7365 0.4237 -0.0235257 -0.8 -0.92215 0.352064 0.160281
107.059 -23.456 98.552 -0.148419 0 -3.5 0.882295 0.0314855 -0.469643
56.6495 -16.1891 85.3731 0.516526 0 -3.9 0.275755 -0.178711 -0.944469
90.5304 -24.0713 119.133 0.938177 0 1.14727 0.0242022 -0.299699 -0.953727
102.337 -17.2987 126.743 -0.0445781 0 -4.5 0.0287372 -0.999584 -0.00261201
56.0739 2.18756 88.1008 1.0354 0 2.8 -0.878278 0.175399 0.444818
89.227 -23.8874 123.056 0.032614 0.136258 -3.9 -0.726274 0.399497 0.5594
65.6593 5.9785 108.003 0.0455062 0 4.5 0.485216 -0.82092 0.301092
74.3455 10.4978 74.8766 -0.850696 0 -3.5 0.127512 0.763348 -0.633277
87.9585 -10.1465 96.133 -1.28114 -0.801027 -3.5 0.784183 0.0450018 0.618895
74.8313 -37.9501 111.613 2.66029 0 -3.9 0.266426 -0.449841 0.852444
63.6838 -15.596 76.1206 2.40154 0 -3.9 -0.41948 0.0539464 -0.90616
55.8154 -17.289 92.049 -0.517797 0.105002 -3.2 -0.795428 -0.534546 -0.285578
103.772 -10.4157 92.9539 -0.559083 0 -3.5 0.726447 -0.536451 -0.429529
89.815 -28.0158 119.26 2.02965 0.19502 -3.9 -0.880083 -0.415946 -0.229005
106.712 -9.97269 123.908 -1.04662 0 -2.30425 0.6913 -0.709374 0.137454
56.6135 -14.818 84.7008 0.261589 0 -3.9 -0.0556416 -0.0381846 -0.99772
106.485 -21.4197 101.463 -1.20965 0 2.8 0.623678 -0.370142 0.688491
65.07 -0.41775 72.4505 0.00383569 0 -0.4 -0.362936 0.311873 -0.878073
101.941 -8.95088 132.253 -0.467281 0 -1.6 0.322845 -0.647064 0.690709
95.881 -2.00275 100.578 0.283853 0 -1.6 -0.572184 0.753867 0.32294
93.3131 -32.1656 100.693 -0.839998 -0.228364 -1.58873 -0.407022 0.344301 -0.846044
69.3938 -29.2593 97.0475 -0.137637 0 -1.6 0.510959 -0.319692 -0.797946
95.1476 -9.33587 93.5859 3.33651 0 -3.9 0.350852 -0.888579 -0.295516
102.417 -26.0697 117.046 0.145677 0.0875008 -0.8 0.62588 -0.580456 0.520907
64.0055 -2.30525 76.0505 0.00345254 0 -0.4 -0.916899 -0.265216 0.298257
95.1617 -21.6305 98.1564 -0.378926 -0.000320604 -3.5 -0.399228 0.890853 0.21679
66.6069 -0.766375 69.2839 0.513952 0 -4.5 -0.990806 -0.103979 0.086557
74.3285 -14.3984 102.662 -0.321938 0.0802068 -4.5 0.256046 0.925257 0.279892
83.6126 3.60144 79.5458 0.103335 0.702356 -1.23693 0.997646 -0.0680521 0.00840286
76.018 -12.0621 116.405 -0.303147 0 -3.5 0.0167022 0.987604 0.156073
99.6371 -34.1221 100.838 -2.08966 -0.034433 -3.5 0.565931 -0.539923 0.623061
74.8621 -29.1195 119.792 -0.29523 -0.350509 -0.979921 0.666321 0.652577 0.360777
46.6405 -4.76744 97.0842 -0.584747 -0.00915894 1.8 -0.855819 0.0815751 -0.510803
50.7652 0.415938 103.375 -0.270028 0 -3.5 -0.677302 0.699788 0.227066
97.453 -31.6859 119.218 0.883201 0 -3.9 -0.961887 -0.0588059 0.26705
58.1253 -30.4626 103.472 0.182979 0 -0.4 -0.667396 -0.738862 0.0930918
86.7826 -27.3724 117.438 -0.653236 0 -2.03714 0.805361 -0.531248 -0.262999
103.038 -1.98125 115.479 0.164086 0 -3.9 0.504849 0.787365 0.353812
84.5884 5.845 95.8051 -0.699597 0 -4.5 -0.61404 -0.00949929 0.789217
73.1396 -39.6337 119.856 -1.40078 -0.0425101 -3.5 -0.639308 -0.768899 0.00891231
95.8296 -10.3739 95.3571 1.36155 0 -3.9 0.33485 -0.47952 -0.811132
77.1799 -34.9779 110.579 0.23775 0 -3.9 0.982866 -0.15185 0.104476
95.3189 -0.562688 103.58 0.108021 0 -3.9 -0.93664 -0.200141 -0.287486
98.1982 -34.1535 115.979 -0.178315 -0.0611031 -3.9 -0.257964 -0.78035 0.569656
56.504 -1.97325 105.434 -0.754944 -0.31063 -0.7 -0.47395 0.664058 0.578272
63.5881 -27.9495 121.249 2.55187 0.0279596 -3.9 -0.440841 -0.528514 0.725488
77.141 -27.1585 119.461 -0.078926 0 -1.6 0.329273 -0.485303 0.809976
93.4894 -5.12162 101.192 -0.336033 0 4.2 -0.833175 0.37477 -0.406654
73.6158 -23.2232 101.528 -0.645478 0 -0.7 0.980286 -0.0684627 0.185343
103.114 -24.9812 121.706 -0.390851 0 -4.5 0.538411 -0.833872 -0.121539
74.0404 -13.0984 111.078 -0.637647 0 -1.3 -0.0765082 0.421183 -0.903743
103.785 -6.34944 93.0211 -0.465685 0 -3.5 0.82462 0.565383 0.0185375
57.6761 8.8825 94.2096 -0.0825168 0 3.8 -0.570862 0.820455 0.0311495
91.8948 -5.22825 106.944 -0.830046 -0.473564 4.0212 -0.804986 0.570555 -0.162678
83.247 -10.0751 103.121 -0.548432 0 -0.8 0.44421 -0.0451749 0.894783
93.0998 4.72569 98.6839 -0.681423 -0.298424 -3.5 0.382055 0.918285 0.103859
83.0612 2.42812 82.2784 -0.0605613 0 0.214459 0.955561 0.25148 -0.153823
60.5003 -29.2215 97.3586 -0.185342 0 4.2 0.116168 -0.956848 -0.266358
108.247 -27.405 104.273 0.16053 0 -3.5 0.954972 0.098634 -0.279822
58.7381 -12.1466 109.884 0.792223 0 -4.5 0.515692 -0.588956 0.622248
87.8855 10.0127 85.2333 1.33251 0.012673 -4.5 0.0681574 0.30211 -0.950833
95.486 -33.1608 115.109 -0.0419046 0 -3.5 0.0351197 -0.472337 0.880718
104.093 -27.4172 100.834 -1.34162 -0.954263 -3.5 -0.10438 -0.919788 0.37828
94.605 0.353 102.625 -0.0410389 0 -3.9 -0.494583 -0.864245 -0.0920185
60.7762 -24.0088 110.424 0.316885 0.377306 -4.5 -0.10699 0.987389 0.116684
55.2179 2.75519 90.6554 0.534686 0 -3.5 -0.478122 0.0196966 -0.878072
63.9755 -2.38913 73.0099 0.0542257 0 -0.4 -0.6552 -0.29912 -0.693715
62.203 -30.3511 107.035 -0.0755045 0 1.8 -0.487221 -0.843799 0.224986
71.8089 -14.9209 107.334 -0.405156 0 -4.31195 0.819995 0.517481 0.244586
104.923 1.7285 100.083 -0.524758 0 -3.5 -0.0492534 0.741962 -0.66863
73.339 -31.3927 100.824 -1.99298 -0.689157 -3.5 -0.0940697 0.0975242 -0.990777
88.6811 1.33575 101.831 -0.261061 0 -1.18741 0.39716 0.000908037 0.917749
79.9705 -6.61925 125.016 -0.039923 0 -0.9 -0.621664 -0.15946 0.766881
65.8811 4.61275 76.8213 1.31609 0 -3.56767 -0.647513 0.752458 0.120555
98.2011 -19.9187 93.7627 -0.554001 -0.490935 -0.8 -0.441494 0.0984461 -0.891847
102.733 4.08025 104.84 -0.0669151 0.0508817 -3.5 -0.0397785 0.883038 -0.467613
95.6068 -9.60075 98.8091 0.448366 0 -3.9 -0.728401 0.664064 0.168674
78.8721 -17.4712 97.0115 -0.493593 0 3.8 -0.530754 0.477913 0.699928
97.3026 2.99531 116.986 0.304835 0 -0.8 0.0380571 -0.357828 0.933012
106.947 -3.63606 111.549 2.75381 0 -3.9 0.671439 0.173839 -0.720382
48.7228 -1.81438 91.4678 0.278232 0 -0.7 -0.886933 0.431579 -0.164589
83.2533 -16.3485 106.256 -0.551351 0 -1.6 -0.357986 0.84799 0.390844
78.9926 -5.83444 123.955 -0.0253985 0 -0.9 -0.687945 0.380323 0.618131
90.3975 3.19537 113.473 0.332944 0 -4.5 0.0687428 0.21521 0.974145
52.5378 -25.9387 102.654 0.476839 0 -4.5 -0.274149 -0.839284 -0.469516
61.9992 -15.861 109.238 0.142875 0 -1.6 -0.802411 -0.163129 0.574042
72.0182 -15.959 109.173 0.150345 0 -0.8 0.895106 0.36424 -0.257127
93.3002 4.18631 100.518 -0.514691 0 -1.6 0.0342998 0.865612 0.499539
92.984 -29.5753 120.79 1.03784 0 -3.9 0.054262 -0.846987 0.528837
104.222 0.744125 106.531 -0.564549 0 1.59531 0.477166 0.551786 0.683992
69.3585 -12.6586 82.7747 0.0703498 -0.0542262 -3.80749 0.768789 -0.237713 0.59368
104.555 -17.739 96.0013 -0.582816 0 4.5 -0.379597 0.782993 -0.492776
76.064 -20.5534 103.072 -1.00204 -0.62552 -3.68176 -0.529539 -0.57397 -0.624618
93.4287 -34.1591 113.044 0.197711 0 -3.5 -0.179392 -0.86176 -0.47454
69.513 -1.9705 67.685 1.13386 0.284855 -4.5 0.797312 -0.390505 -0.460217
74.413 -25.3949 104.572 -0.706906 0 -1.29147 0.404991 0.453888 -0.793705
99.8345 -30.1766 114.551 -0.337972 0 -3.9 0.454121 0.607519 -0.651686
100.936 -30.2416 111.709 -0.214584 0 2.8 0.14514 0.211086 0.966632
113.464 -11.3514 112.146 -0.23002 0.531508 -3.2 0.785847 -0.323965 0.526774
67.4081 5.45638 79.2097 -0.578852 -0.2772 -2.61849 -0.869178 0.358214 -0.340899
116.732 -12.5785 111.252 -0.749214 0 2.8 0.227358 0.648279 0.726665
74.6738 -5.24613 103.768 -0.120392 0.24429 -1.07183 -0.568272 0.281813 0.773077
66.2226 -2.61669 104.104 -0.607708 -0.0220001 3.67362 0.823456 0.460157 0.331928
75.9867 -39.3481 118 -1.43759 -0.0707028 -3.5 0.594138 -0.484984 -0.641709
101.631 -3.95375 128.615 -0.808374 0 -3.5 0.896169 0.39527 0.2016
79.3366 3.21112 73.0266 0.309502 0 -3.5 0.9432 -0.318134 0.0957296
67.637 -32.6172 113.004 -0.175807 0 3.8 -0.227393 -0.921611 0.314525
70.1841 -38.3654 112.879 0.0915727 0 -3.5 -0.716145 -0.663978 -0.215102
82.6989 9.35881 80.7266 -0.990788 0 -0.7 0.760809 -0.479812 -0.436978
64.1992 -4.75656 109.259 -0.298532 0.0505444 -2.17546 0.224882 0.107414 0.968447
107.629 -6.4115 120.731 -0.559817 0 4.5 0.557997 0.395605 0.729477
61.7222 -28.5171 109.576 0.137006 0 1.8 -0.158339 -0.567217 0.808204
81.1513 -5.29575 121.956 -0.72463 0 -0.9 -0.35119 0.903612 -0.245257
107.371 -3.12856 106.178 -1.0221 -0.0534465 -3.5 0.018149 -0.253288 0.967221
106.555 -4.60644 98.5051 -0.48362 0 -2.16706 0.203836 0.377424 -0.903328
50.3241 -10.44 93.2816 0.0742184 0 -0.7 -0.913149 -0.384653 0.134914
76.9754 -16.6191 107.778 -0.182224 -0.0225748 2.01869 0.0670035 0.947007 -0.314147
85.5706 -19.7775 121.946 -0.642295 -0.0265178 2.28798 -0.094585 -0.807845 0.581756
78.674 1.00194 70.9488 -0.142574 0 -0.8 0.849873 0.27785 -0.447788
48.0491 -1.44313 97.1643 0.0869747 0 1.8 -0.922861 0.323387 0.209161
85.7233 -29.5129 119.602 -1.90427 -0.316812 -3.5 0.240587 -0.912557 0.330692
74.9333 9.28006 78.9109 -0.592732 0 0.141185 -0.287842 0.903685 0.317018
52.6684 -11.7411 89.3554 0.0978438 -0.877825 -0.7 -0.114779 -0.836055 -0.536505
71.8824 -11.4651 112.691 -0.432054 0 -1.3 -0.239279 0.945804 -0.219543
78.1572 5.44175 93.5125 -0.426794 0 4.5 0.235465 0.725983 0.646146
81.486 -24.505 118.645 -1.20592 -0 -1.6 -0.238551 -0.617621 0.749425
99.8136 -9.03887 94.0622 -0.370653 0 -3.5 -0.77479 -0.339522 -0.533315
108.146 -0.603 101.154 -0.413509 0 -1.62548 0.61203 0.463411 -0.640835
71.1837 -13.3678 81.5974 -1.35499 -0.293009 -3.67927 0.377566 -0.418585 0.825972
89.5269 3.42688 83.2657 -0.280302 0 3.82038 0.659562 -0.376294 -0.650678
74.6777 -12.3293 97.9845 -1.17802 -0.118994 -3.5 0.692481 -0.523756 0.496135
102.392 -36.4385 111.778 -0.378429 -0.120219 -3.17521 0.234418 -0.838517 0.491871
90.8551 -21.6271 122.659 -0.448036 0 -3.9 -0.61825 0.586463 0.523285
98.9279 -3.58931 93.1666 -0.231426 0 -1.6 0.657275 0.177663 0.73241
77.1214 -34.1425 115.393 0.0544395 0 -0.0157182 0.491539 -0.843426 0.216844
97.4805 -1.866 126.85 0.370734 0.865745 -3.5 0.055881 0.983133 0.174143
80.7485 -9.27456 92.5365 -0.604556 0 -0.7 -0.263976 -0.950248 -0.165366
85.1583 -3.07275 79.7251 0.287889 0.23562 -3.5 0.840634 0.330709 -0.428913
96.4144 -21.3952 95.5989 -0.558549 -0.0767713 -0.8 -0.769207 -0.0505881 -0.636994
98.289 2.9285 105.047 -0.332117 0.326692 -3.9 0.147476 0.921197 0.360064
92.6694 -33.0346 104.924 -1.35671 0 -0.8 -0.305229 -0.628072 0.715794
90.8744 -7.19613 132.273 0.0972421 0 -0.9 -0.373564 0.889393 0.263496
75.6916 -16.8276 95.8976 -0.0621241 0 -1.27463 0.461806 0.279633 0.841749
64.43 3.751 101.899 -1.03519 0 0.55341 0.997911 -0.0560445 0.0321489
105.739 -22.4239 117.618 -0.200574 0 -4.5 0.706146 0.630616 0.321996
85.8978 -6.69106 80.5936 0.0271836 0.951772 -3.5 0.561811 -0.233171 -0.793725
89.8476 -7.75356 96.8733 -0.611722 0 -0.8 -0.08731 -0.3778 0.921761
64.7279 -35.7737 119.022 -0.470029 0 -0.7 -0.817212 -0.301218 0.491357
54.309 9.7345 99.9262 0.801844 0.717003 -4.5 -0.041062 0.457849 -0.888081
100.273 -0.986625 122.481 0.63421 0 2.8 -0.0751883 0.896411 0.436799
73.8903 -11.9545 112.08 -0.925783 -0.297424 -1.3 -0.253591 0.628843 -0.735015
69.6074 -17.3625 86.9808 0.215306 0.91175 -4.5 -0.034719 -0.067334 -0.997126
111.338 -6.52031 119.763 -0.189245 0 -3.5 0.443256 -0.0148917 0.896271
105.817 -32.7462 111.923 -0.0927963 0 -3.5 0.749661 0.516292 0.414066
81.6623 -10.1692 122.377 -0.421207 0 -3.12201 -0.272843 0.234483 0.933046
104.588 -38.2455 110.67 -1.95677 -0.498881 -3.5 -0.356069 -0.91865 -0.171166
76.2496 -13.5114 86.0824 -0.469039 0 -3.5 -0.707797 -0.464419 -0.532295
83.46 1.71481 80.649 -0.143886 0 -0.8 0.997423 0.0474092 -0.0538552
93.0911 -24.0621 114.928 -0.558094 0 3.8 0.14935 -0.883272 0.444439
78.4726 -33.4657 115.738 0.0813743 0 2.8 0.460924 -0.79333 0.397715
75.2011 -36.9751 122.064 -0.293048 0 -3.5 0.423487 -0.303114 0.853687
70.2952 -29.477 103.444 -0.576229 0 4.2 0.643541 0.229045 -0.730337
91.6576 0.3125 115.77 0.241816 0 -0.8 0.275201 0.186005 0.943221
116.692 -14.2902 100.919 -1.07581 0 -3.5 0.592316 -0.538927 0.598932
100.511 2.428 117.469 0.024103 0 1.9 0.37894 0.657807 0.650918
76.4655 -11.8118 96.4645 -0.574966 0 -3.5 0.792066 -0.420468 0.442537
101.887 -23.7775 123.257 -1.38403 0 -4.5 0.380841 0.596621 0.706402
89.415 -17.1416 126.684 -0.373758 0 -3.5 0.0344916 -0.877351 0.478609
100.85 -11.312 130.672 -0.862496 -0.248217 -3.06686 0.0152208 -0.284185 0.958649
61.3936 -0.17125 83.1988 -0.512241 0 -2.54769 0.130114 0.79882 -0.58733
56.5594 -27.2951 100.168 -0.381451 0 -0.8 -0.836564 -0.472864 0.276694
83.3401 -23.8193 102.202 -0.303688 0 -3.9 -0.0248877 0.728243 -0.684867
71.9938 6.79413 93.6488 -0.507565 0 3.8 0.178581 0.837409 0.516581
96.6644 4.07825 90.1052 -0.422952 0 1.8 0.935083 0.325981 -0.139127
63.0424 -29.3364 95.0553 -0.0829391 0 4.2 -0.379779 -0.707959 -0.595451
107.761 -10.9433 121.753 -1.08928 0 4.5 0.297941 -0.324335 0.897796
60.5319 -28.4983 115.706 -0.155655 -0.78466 -3.5 -0.794987 -0.592755 0.128981
58.4051 -25.9097 113.536 0.519915 0 -4.5 -0.807466 0.507226 0.301199
87.6874 -11.4452 84.0127 -1.00264 0 -0.8 0.912521 -0.149658 -0.380667
104.752 -6.96637 94.8755 -0.653446 0 -3.5 0.389705 0.734023 -0.556184
62.5864 -24.5751 96.1191 -0.20524 0 -3.5 -0.267893 -0.338216 -0.902132
89.7533 -7.51625 85.9925 -0.255886 0 3.8 0.696066 -0.218514 -0.683918
73.9131 7.63044 72.5483 0.470878 0 -3.5 0.493589 0.159867 -0.854876
97.4337 3.74412 108.39 -0.767295 0 -3.5 -0.622792 0.212909 -0.752861
50.9826 -2.5835 89.149 -0.0455255 -0.402781 -0.7 -0.178088 0.102341 -0.978678
77.562 -2.735 99.951 -0.462883 0 -0.953673 -0.307548 0.53559 0.786484
75.642 -34.374 101.99 -0.621785 -0.133868 -3.5 -0.989964 -0.10864 -0.0903804
69.0297 -26.2673 93.0002 -0.244645 0 -0.8 0.67093 -0.292049 -0.681586
57.462 8.04988 92.8242 -0.0324127 0 3.8 -0.571217 0.491668 -0.657247
61.2469 -32.7341 116.974 -0.496973 -0.0158183 -3.5 -0.444803 0.0897133 0.891124
78.8639 -29.4066 102.044 0.482669 0 -1.73247 -0.0876775 0.902049 -0.422634
83.455 -1.834 76.626 -0.248643 0 -1.3 0.649498 -0.195799 -0.734721
57.7121 0.37425 107.079 -1.48171 -0.113048 -3.5 -0.765733 -0.363702 0.530446
81.3506 -3.9745 76.7418 -0.190602 0 -1.3 0.402877 -0.704407 -0.584381
72.4521 7.48287 90.0622 0.486186 0.0552336 1.95931 0.185339 0.815665 0.548033
94.2069 -26.6394 96.2893 -0.884362 -0.15997 -0.8 -0.655556 -0.731683 -0.18678
76.4128 -36.9025 121.514 -0.274456 0 -3.5 0.796142 -0.161564 0.583143
79.2096 14.6229 86.6032 -0.437816 -0.0809645 -3.5 -0.517373 0.851518 0.085107
90.9047 -26.3074 118.425 1.39815 0.390995 -3.9 -0.346925 0.549002 -0.760421
95.2242 -12.3188 95.6304 2.68624 0 -3.9 -0.598517 -0.107714 -0.793835
110.874 -16.4396 120.047 -0.648513 0 -3.5 0.386974 -0.781184 -0.4899
93.9395 -2.37375 114.483 -0.0291876 -0.0683729 -0.8 0.459914 0.574882 0.676749
74.9801 -7.99175 104.348 -1.33758 0 -1.18778 -0.840581 -0.349048 0.414233
99.8518 -33.1283 121.178 2.66941 0.126802 -3.9 0.188733 -0.726565 0.660669
70.6481 0.901875 71.4082 -0.10392 0 -3.99121 -0.350538 0.741856 -0.571641
109.555 -20.6458 96.8667 -0.350902 0 4.5 0.625019 -0.760691 0.175217
62.4883 9.34975 110.136 7.84174 0 4.5 -0.570918 0.748795 0.336688
87.0729 -33.1163 99.7299 -0.318558 0 -0.449153 0.999696 -0.0192261 0.0154595
113.579 -14.7919 106.705 -0.634451 0 2.10913 0.872321 -0.447877 -0.196117
55.8221 -8.79219 111.455 0.293433 0 -4.5 -0.188671 0.957377 0.218707
64.6044 7.84656 86.5811 -0.557503 0 -1.3 -0.880913 0.394896 -0.260861
98.6841 -28.0858 116.256 -0.418302 0.483707 -0.8 -0.105978 0.149568 -0.983055
97.7989 -0.667813 90.1198 -0.175945 0 -1.6 0.34537 0.209817 -0.914711
70.8187 -32.824 105.007 0.531275 0.100337 -3.5 0.979953 -0.0420051 0.194752
78.3631 -15.7168 123.093 -0.297334 0 4.5 -0.150354 0.0621565 0.986676
95.5042 -30.9932 108.402 -0.870467 -0.672907 -3.5 -0.543726 -0.825363 0.152111
106.808 -21.6531 96.5161 -0.406139 0 4.5 0.565207 -0.778402 0.273188
64.2269 3.524 75.8784 0.287133 0 -3.5 0.0693273 0.328403 -0.94199
96.7654 -8.1955 92.8967 0.638804 0.50844 -1.3434 0.7492 -0.652091 -0.116085
89.4786 5.25775 111.671 0.558455 0 -4.5 -0.649206 0.753182 0.106058
92.7939 -3.36188 122.313 0.0819613 0 4.2 0.361627 0.597329 -0.715837
82.5661 6.71494 75.9201 -1.22748 0 -3.5 0.053121 -0.106651 -0.992876
107.018 -5.532 110.557 -0.733409 0 -0.7 0.146611 0.639326 -0.75483
71.9613 -31.1821 123.454 -0.360408 -0.207036 -2.61688 -0.392645 -0.349745 0.850593
64.5301 0.722375 75.0066 -0.701266 0 -0.4 -0.0762242 0.833299 -0.547543
62.8416 -12.3112 79.4569 3.27929 0 -3.9 -0.803827 -0.476075 -0.35667
75.3244 -28.0392 123.47 -0.116209 0 1.8 0.944523 0.298305 0.137442
83.5092 2.34337 100.043 -0.478279 -0.12434 -1.3 -0.284314 0.949311 0.134066
63.6128 7.53412 105.059 0.108186 0 1.8 0.379373 0.71302 -0.589642
67.1038 -28.3495 95.573 0.483856 0 1.08893 0.609333 -0.679707 -0.408303
67.0782 -1.15075 65.6977 0.794794 0.0502741 -4.5 -0.586921 -0.596577 -0.547375
53.6615 -5.28925 89.0557 1.4182 0 -3.5 -0.601161 -0.652532 -0.46131
101.02 -3.96062 130.808 -0.62197 0 -3.5 0.694282 0.573916 0.434273
68.6011 -16.8609 116.372 0.764345 0.538259 -0.7 -0.939381 0.342632 0.0129271
88.9119 -10.2662 131.161 -0.170522 0 -1.31687 -0.933966 0.0464937 0.354326
68.4324 -7.55681 108.896 0.258254 0 -1.40978 0.714329 0.552158 0.429949
50.8085 0.550125 96.4638 0.0285083 0 -0.7 -0.329176 0.728794 -0.600419
107.217 -0.54825 106.823 -0.418943 0 -3.5 -0.000779101 0.299117 0.954216
104.957 -34.2079 108.993 -1.14005 -0.018132 -3.5 0.108299 -0.131255 -0.985415
91.8596 10.6871 91.5339 -0.62261 0 -3.5 0.231617 0.83199 -0.504129
109.362 -1.5 102.206 -0.222367 0 -3.34612 0.859381 0.386699 -0.334557
89.2364 -32.5324 105.893 -1.20811 -0.597619 -3.5 0.419877 -0.253629 0.871421
75.0123 4.20437 96.5508 -1.27577 -0.267961 3.8 -0.017126 0.668173 0.743809
80.9958 12.2816 78.1243 -0.859169 -0.0278998 -3.5 0.195903 0.671774 -0.714382
102.69 -29.4212 124.304 -1.96126 -0.0556602 -3.5 0.934147 0.249548 0.255138
108.716 -23.6381 109.586 0.144968 0 1.84973 0.387282 0.164749 0.907122
90.1323 -22.1091 116.159 -0.163734 0 3.8 -0.241706 -0.889918 0.386813
48.2526 -8.14163 97.6314 0.334509 0 -4.5 -0.510072 -0.776349 -0.370282
114.549 -16.1143 98.0898 -0.528168 0 -3.5 0.0914816 -0.775061 -0.625229
69.3081 -24.9082 121.553 -0.175741 0 -3.9 -0.0574787 0.210452 0.975913
61.4032 1.47444 84.0763 -0.208453 0 -0.4 0.0185255 0.453833 -0.890894
78.8893 3.19469 100.507 -0.553387 0 -4.5 -0.0602959 0.48897 0.870214
69.8902 -23.453 95.6808 -0.622291 0 -0.8 0.960187 -0.118618 -0.252924
70.9084 -27.213 103.301 -0.860701 -0.0874334 3.87163 0.535872 -0.241088 -0.809146
87.2287 -12.4508 82.7555 -0.449108 0 -0.8 0.923943 -0.152875 -0.350654
94.152 5.75975 88.2834 -0.0588926 0 1.8 0.58945 0.786461 -0.184466
68.4893 3.5305 73.1318 0.484479 0 -3.9 -0.687742 -0.077011 -0.721859
56.7257 4.03219 106.189 -0.909168 -0.0259983 -3.5 -0.86165 0.438857 0.25488
78.9792 7.99988 76.7653 -0.354745 0 -0.4 0.320893 -0.218359 -0.9216
88.169 -22.2978 118.21 0.317361 0 1.92647 0.441007 -0.768016 -0.464397
105.695 -19.9244 111.435 -0.737219 0 -0.648854 0.930168 -0.306561 0.20201
65.0209 7.38056 84.9804 -0.569353 0 -1.3 -0.947483 -0.00248125 -0.319796
67.3689 10.3271 87.1762 -0.0651146 0 2.19397 -0.504036 0.837338 0.211691
112.986 -12.0367 106.061 -2.00056 0 -3.09816 -0.0776108 0.980037 0.18304
112.21 -18.2283 99.7005 -1.13518 0 2.83311 0.93965 -0.206436 -0.272841
59.1961 -20.1355 116.089 0.363141 0 -3.5 0.13883 0.971168 -0.193801
96.3551 4.4055 109.546 -0.768362 0 -4.32267 -0.436623 0.428587 -0.790996
81.0078 -10.7813 81.0866 -1.0748 -0.0149286 -3.5 0.731573 -0.450599 -0.511626
82.8309 -3.25756 121.701 0.254557 0.0684348 -3.5 -0.978949 0.146591 0.142022
59.9085 -24.3617 89.6852 -0.164097 0 -3.5 -0.0887327 -0.98948 -0.114262
70.1341 6.47181 73.2736 0.391385 0 -3.82386 -0.724443 0.515059 -0.458145
97.5337 5.168 94.1164 -0.804594 0 -0.4 0.6719 0.680445 0.29248
92.0285 6.4405 109.774 0.136996 0 -4.5 0.125461 0.794343 -0.594372
105.31 -24.9931 117.624 -0.497683 -0.963258 -3.5 0.152229 -0.982614 0.106287
52.8597 -16.5946 87.7781 0.654231 0 -3.9 -0.899916 0.401019 0.171275
107.138 -29.1986 111.07 -0.18981 0 1.8 0.445905 -0.392855 0.804259
104.295 -24.0411 113.803 -0.268221 0 -3.5 -0.273796 -0.960003 -0.0585584
51.8685 1.5135 105.138 -2.0318 -0.864096 -3.5 -0.537179 0.75111 0.38376
75.7174 -9.7195 103.916 -0.825916 0 -0.4 -0.832353 -0.53878 0.130015
93.8566 -5.20519 97.2109 -0.169902 0 -3.9 -0.540787 -0.424921 0.725941
94.4993 -10.0096 97.2536 0.409331 0 -3.9 -0.937457 0.139229 0.319045
102.431 -34.1979 101.257 1.42658 0.695197 -3.9 -0.130503 -0.437412 0.889741
80.7334 -9.705 93.8415 -0.647788 0 -0.7 -0.321964 -0.855119 -0.406338
98.8505 -29.2736 115.589 -0.463897 0 -3.9 -0.138581 0.555544 -0.819857
100.99 -6.79462 134.184 -0.202536 0 -1.6 0.3614 0.24174 0.900529
54.6112 -2.08612 105.048 -0.667376 0 -3.5 -0.131173 0.191339 0.972719
59.8257 -26.324 118.416 -0.03246 0 -3.5 -0.421843 -0.548793 0.721717
62.7777 -29.2122 99.35 -0.681001 -0.0158368 3.29906 -0.370336 -0.916549 -0.150959
69.388 -2.06737 101.248 -2.01048 -0.0701509 2.8 0.652774 0.613299 0.444692
66.2858 -30.8261 101.221 -0.215735 0 -1.6 -0.342051 -0.85452 -0.390893
65.983 -6.21075 73.7871 -0.0224355 0 -3.5 -0.508533 -0.605296 -0.612382
97.024 -33.5776 98.3436 -1.05177 0 -3.5 -0.443848 -0.365778 -0.81805
69.0847 -34.0794 111.179 0.583048 0 0.0693956 -0.687255 -0.406281 0.602176
88.4148 -10.2404 93.0174 -0.330147 0 -1.6 0.574066 0.0229449 0.818487
79.7651 1.42762 75.2422 0.0410191 0 -1.3 0.556051 0.285597 -0.780539
106.343 -3.73438 105.834 -2.1058 0 -3.5 -0.0493577 -0.196597 0.979241
53.2631 -11.478 88.1521 0.28169 0 -0.432654 -0.659311 -0.73733 -0.147151
73.5681 -29.3994 102.828 -1.2296 0 -2.95019 -0.618757 0.374297 -0.690682
91.839 -8.71125 88.2494 -0.223652 -0.137525 0.232546 0.59506 -0.317983 -0.7381
67.8087 -31.7732 114.288 -0.245528 0 -0.9 0.0440084 -0.989782 -0.135625
61.7993 -0.659625 106.852 -0.353557 0 -0.7 0.185568 0.873728 0.449627
82.7263 -22.0745 103.443 -0.570859 0 -1.53035 -0.395283 0.296546 -0.869374
67.3791 6.81356 96.3652 -0.471179 0 2.8 0.448853 0.886753 0.110452
79.4876 -30.3466 116.24 -0.0946001 0 2.8 0.587028 0.154145 0.794757
55.2599 -6.15506 106.179 -2.00051 -0.772297 -2.98567 -0.316817 -0.376198 0.87069
69.5833 -26.7707 94.8674 -0.239704 0 -0.8 0.831723 -0.505149 -0.230352
87.7984 -11.0849 94.2649 -1.37299 0 -3.5 0.946565 -0.285768 0.149503
52.6009 -19.2088 87.0044 3.09593 0 -3.9 -0.992113 -0.0659308 -0.106608
108.923 -5.01006 99.1759 -0.505745 0 -1.6 0.59053 -0.345288 -0.729418
79.2424 -8.57381 121.905 -0.235157 0.220697 -1.58155 -0.874732 -0.293937 0.385285
79.1863 -39.3621 96.786 -0.224764 0 3.8 -0.576063 -0.715953 -0.394414
59.9412 -6.04875 106.641 -0.232688 0 -0.7 0.438732 -0.463681 0.76975
79.6468 -7.19706 105.402 -0.500884 0 -3.51756 0.778347 -0.24004 0.580135
67.0416 2.42606 69.2671 0.527996 0 -4.5 -0.319882 0.801551 0.505164
88.3151 5.8165 82.1405 -0.18513 0 3.8 0.393682 0.160475 -0.905131
75.6148 -4.501 106.139 -0.0384743 0 -3.9 -0.906137 0.248798 0.342075
47.621 -2.65637 97.535 -0.0808789 -0.030578 1.8 -0.838019 0.491862 -0.23621
105.646 -29.6528 107.298 -0.0576316 0.552213 -0.321257 0.0651011 -0.935955 -0.34605
81.878 2.17 77.1825 0.0906423 0 -1.3 0.315247 0.486731 -0.814685
86.3165 12.9932 89.6448 -0.346566 0.0353111 -1.50022 0.466105 0.731319 0.497914
83.3751 -9.85125 124.479 0.7998 0 -4.5 -0.993921 -0.0153062 -0.109023
54.649 2.803 86.1807 0.148928 0 2.8 -0.681487 0.440756 0.584218
91.0257 4.48537 113.152 0.254086 0.577683 -4.5 0.0778869 0.345027 0.935355
97.5308 -24.0018 94.975 -0.135299 0 -0.8 0.0808087 -0.101936 -0.991503
55.734 1.83594 90.3528 0.418757 0 -1.63502 -0.58409 0.226064 -0.779573
101.862 -3.64013 97.9442 -0.216062 0 0.739476 0.492278 0.295504 -0.818743
84.4043 -29.9654 110.542 -0.507747 -0.779101 -3.64088 0.367747 -0.919604 0.138167
53.1946 -4.80506 106.473 -2.50134 -0.873583 -3.5 -0.170771 0.22656 0.95891
91.826 -2.20875 87.002 -0.272638 0 4.2 -0.0436196 -0.170362 -0.984416
98.3288 4.74544 94.8686 -0.422698 0.102658 -3.5 0.138511 0.978807 -0.150835
100.928 -3.85975 96.4768 -0.349784 0 -0.8 0.489956 0.685592 -0.538429
56.5894 -5.785 107.89 -0.26251 0 -0.7 -0.582161 -0.313371 0.750258
77.1488 -29.1956 118.054 0.298808 0 -4.44648 0.663147 0.0736237 0.74486
92.7288 -18.0337 126.043 -1.10881 0 -1.02199 -0.377482 -0.33029 0.86511
76.757 -9.06987 112.403 -1.54078 0 -3.5 -0.336453 0.465075 0.818844
60.2155 9.03137 94.9149 -0.186301 0 3.8 0.476425 0.578601 0.661997
74.1357 -20.1012 86.9015 -0.25613 0 3.8 -0.300895 -0.696026 -0.651928
102.587 -19.1971 120.647 0.165741 0.297144 -4.5 0.699185 0.697236 0.158121
94.011 -6.1975 133.16 -0.138046 0 -4.5 -0.740313 -0.217897 0.63597
96.5287 -2.56363 129.041 -0.952081 -0.180684 -3.5 -0.260363 0.944247 0.201515
94.3902 -0.630125 88.4758 -0.415793 0 4.2 0.657011 0.0504828 -0.752189
61.8722 -15.1628 84.419 -0.546792 0 -2.12543 -0.204974 -0.365849 -0.907822
76.5209 3.54725 70.2278 -0.405632 0 -1.85547 -0.00736389 0.75598 -0.654553
78.921 -15.4449 108.254 -0.896605 -0.680074 4.2 -0.119021 0.352388 -0.928255
113.596 -21.4514 112.513 -0.648095 0 -0.8 -0.143849 -0.783221 -0.604873
109.987 -1.0085 106.947 -1.11073 0 -3.5 0.248146 -0.255208 0.934501
96.7343 -28.9879 114.55 -1.67894 0 -3.5 0.429887 0.89738 0.0995316
108.322 -2.45487 119.734 -0.226027 0 -3.5 -0.18756 0.608503 0.771067
80.359 8.709 92.264 -0.830365 0 2.8 -0.301584 0.0501807 0.952118
103.551 -33.6974 114.802 -1.8438 0 -0.8 0.463377 -0.0776787 0.88275
87.5707 -8.53063 113.8 -0.544576 0 2.48542 -0.82142 0.173894 -0.543167
81.6544 -21.9375 103.787 -0.79681 0 -1.56998 0.106852 0.450725 -0.886245
104.826 -24.8591 115.2 -0.212825 0 -3.5 -0.108909 -0.906417 -0.408101
114.004 -15.0903 104.728 -0.261427 0 -3.5 0.617256 -0.616035 0.489383
57.0663 -17.5452 85.8426 0.508322 0 -3.9 0.263867 -0.413253 -0.871548
110.036 -20.9612 98.8105 -0.328351 0 4.5 0.132586 -0.88902 -0.438252
95.9651 -33.9806 112.775 0.144293 0.127348 -3.55165 0.00778577 -0.854741 -0.518997
83.3679 0.21325 79.8696 -0.446049 -0.193699 -1.04307 0.994163 0.0912687 0.0575245
56.7822 -19.0304 86.7499 0.661426 0 -1.85862 0.0970264 -0.497201 -0.862193
103.969 -27.1164 111.201 -0.704013 -0.00612903 1.92485 -0.405726 0.406875 0.818437
102.069 3.1095 114.845 0.0758308 0 1.9 0.902309 0.428153 0.0502385
115.749 -13.3462 105.229 -0.818039 0 -3.5 0.558093 -0.690667 0.459903
86.6474 2.9295 121.667 1.71272 0.294856 -3.9 -0.219717 0.783537 -0.5812
53.8797 4.01031 97.0751 -0.194005 0 -4.5 -0.726096 0.482878 -0.489504
109.601 -13.7204 123.134 -1.98671 0 -3.5 -0.202792 0.131927 0.970294
111.959 -20.4501 104.074 -0.236454 0 2.8 0.731965 -0.417494 -0.538448
92.8204 -15.3493 97.9296 -2.53662 -0.490387 -3.5 0.0312374 -0.199877 -0.979323
86.8075 -0.651 110.556 -0.343868 0 -3.2 -0.324918 0.110956 -0.939211
62.7169 -20.2575 120.463 -0.383936 0 -3.5 -0.593733 0.773555 -0.22157
75.6792 -12.3064 117.449 -0.808029 -0.131413 -3.5 0.0881388 0.995545 -0.0334827
98.487 -30.3351 121.096 0.142494 0 -3.5 -0.852863 -0.29857 0.428346
78.0312 13.4316 89.0779 -1.36227 -0.225206 -3.5 -0.737774 0.63163 0.238187
74.0596 -10.479 99.1625 -0.75902 -0.0477334 0.562985 0.703722 -0.450844 0.549104
113.074 -8.15687 114.788 -0.879472 -0.335111 -2.3485 0.948036 0.102328 -0.301258
65.9575 -4.71775 72.838 0.441368 0.2271 -1.85419 -0.593893 -0.555054 -0.582414
86.9212 3.84188 122.947 3.1809 0.234104 -3.9 -0.0571654 0.927209 -0.370156
86.6224 -11.6355 90.3641 -0.359601 0 -2.34142 -0.64576 -0.702354 0.299489
75.9161 10.2364 81.2346 -0.230961 0 2.06546 -0.695205 0.651283 -0.304171
108.159 -21.2337 91.163 -0.369567 0 4.5 0.384257 -0.30373 -0.871834
65.1839 -5.58719 109.804 0.0584755 0.311695 -3.5 -0.34906 0.250877 0.902894
102.765 -31.9519 97.3313 0.0297341 0 -3.9 0.139538 0.054308 -0.988726
69.004 -20.3662 88.0872 0.592637 0.676605 -4.5 -0.186856 -0.871307 -0.453771
73.3081 9.09681 80.3097 -0.712939 -0.545018 0.279879 0.110917 0.985888 0.125385
53.788 -21.103 102.434 0.361657 0.218695 -4.16112 -0.723796 0.630064 -0.281315
81.5556 -13.6161 84.9956 -1.70972 -0.896728 -3.5 0.574118 -0.817715 -0.0416014
55.2736 -18.5781 85.6781 2.14839 0 -3.9 0.39579 -0.476978 -0.784756
68.048 -21.341 93.074 -0.301827 0 -4.5 -0.00237001 -0.517124 -0.855907
116.81 -12.7041 104.481 -0.924688 0 -3.5 0.911337 -0.0664994 0.406255
78.5426 -27.6865 103.926 -0.872324 -0.134606 -1.21423 0.177973 0.0912853 -0.979792
64.8324 3.76425 104.874 -0.690966 0 -0.4 0.921026 0.102321 0.37582
73.7428 -4.605 70.9841 -0.53055 0 -3.5 0.453676 -0.60136 -0.657681
64.7455 8.59175 111.855 0.169843 0 4.5 -0.130385 -0.5781 0.805481
91.647 -12.7761 90.1169 -0.174733 0 -1.6 0.959843 -0.243101 -0.140013
107.495 -16.5577 96.4232 -0.997228 0 4.5 0.0879774 0.648629 -0.756003
62.3621 -23.659 121.121 -0.338078 -0.439342 -3.5 -0.410127 -0.00176336 0.912027
99.7852 -14.924 127.458 -0.0866846 0 -4.5 -0.833997 -0.224238 0.50415
94.656 -6.39262 97.5421 0.109974 0 -3.9 -0.709069 -0.449705 0.543127
70.5985 -8.88825 73.5274 -0.109427 -0.0801407 -0.8 0.260481 -0.384966 -0.88541
52.3576 8.63787 101.569 0.442269 0 -4.5 -0.99058 0.128492 0.0473295
101.074 -17.3183 128.089 0.159508 0 -4.5 -0.363824 -0.92387 0.118729
71.9296 -14.0994 106.204 -0.33025 0 -4.5 0.451578 0.772871 0.445811
93.4787 -35.0648 102.392 -0.502249 0 -0.8 0.371382 -0.927748 0.0368577
84.8173 -27.5806 114.833 -0.758639 0 -0.4 0.700921 -0.712581 -0.0306394
84.7716 -11.3491 81.8098 -0.199924 0.0466827 -0.8 0.00581772 0.00311848 -0.999978
84.2923 -14.1025 109.04 -0.731049 0 3.8 -0.715163 0.479707 -0.508353
71.6751 -20.3379 100.818 -0.3507 0 -0.750402 0.834406 0.427959 0.347301
93.643 0.264 101.87 -0.200896 0 -2.08756 0.164291 -0.680113 0.714462
74.2126 -28.2326 125.116 -0.183938 0 1.8 0.345016 0.328797 0.879123
101.788 4.44106 112.42 -1.02575 -0.170086 1.9 0.768242 0.619055 0.163019
82.3029 -7.29219 125.362 0.0852184 0 -0.9 -0.448774 -0.464426 0.763486
99.8096 -26.5156 95.9736 -0.440696 0 -0.937691 0.418138 -0.0370235 -0.907629
98.5079 3.44769 116.521 0.383866 0 1.9 0.165101 0.331255 0.928984
97.6848 -29.9673 113.399 -0.56711 0 -1.87878 0.563625 0.822535 0.0759163
93.701 -3.089 116.077 0.0151709 -0.0309382 1.91912 0.18392 0.943266 0.276445
87.9745 2.77219 102.553 -0.33021 0 -0.8 0.585884 0.312175 0.747855
100.719 1.35794 118.386 0.217871 0 1.9 0.459601 0.590235 0.663619
62.0954 -26.0242 120.416 -0.0919747 -0.112509 -3.59165 -0.549934 -0.404505 0.730717
93.5189 -25.0722 125.928 -0.0725097 0 -0.8 -0.467995 -0.393412 0.791332
81.3063 -31.9842 108.879 0.881184 0 -4.5 0.0842527 -0.694777 -0.714274
53.8576 10.2496 105.512 0.582549 0 -4.5 -0.11211 0.205626 0.972188
78.8545 -10.0949 118.894 0.246527 0 -3.5 -0.816581 0.331359 -0.472648
63.4162 -30.4454 111.832 -0.155583 0 3.8 -0.951807 0.200109 -0.232422
99.096 -7.3485 91.265 0.106905 0.231439 -3.5 -0.571943 -0.723767 -0.386059
109.578 -16.1033 119.348 -0.136257 0 -3.5 0.0253819 -0.93156 -0.3627
76.7217 -8.42844 109.857 -1.72534 -0.603657 -3.5 -0.924389 0.125543 -0.3602
93.7169 5.94613 109.851 -0.321815 0 -4.5 0.398533 0.695231 -0.598185
104.988 -5.30756 108.281 -1.32705 0 1.33918 0.795553 0.582938 0.165161
106.569 -10.6106 125.051 -0.827602 0.121166 -3.5 0.745517 -0.392997 -0.538291
82.6223 1.11137 101.531 -1.21826 -0.0179266 -1.3 -0.0592469 0.506226 0.860364
77.8296 -3.559 105.231 -0.0860084 0 -3.9 0.0827176 0.988414 0.127259
64.4299 -15.0923 79.6342 1.62359 0 -3.9 -0.230247 -0.480731 0.846099
60.2509 7.40475 105.977 0.116005 0 1.8 -0.562137 0.570924 0.598371
92.2254 -1.55537 127.664 0.0611997 0 -3.5 0.369399 0.805898 0.462679
63.1261 -31.8322 112.555 -0.257079 0 -3.5 -0.519226 -0.285903 -0.805396
88.646 -25.4499 103.468 -1.03221 -0.339309 -3.9 0.628412 -0.224951 -0.744645
104.822 -3.26375 124.418 -0.669068 0 -0.265657 0.974373 0.0329788 0.222506
105.587 -5.05162 124.006 -0.997558 -0.469118 -1.37347 0.691695 0.687381 0.221507
85.0934 1.8185 122.018 0.797072 0 -3.9 -0.676013 0.672636 -0.300945
89.4565 5.40319 110.259 0.334064 0 -4.5 -0.716131 0.665668 -0.20986
60.6487 -12.337 85.2821 0.395202 0 -0.4 -0.124358 0.0349553 -0.991621
102.076 -20.2905 123.071 -0.471235 0 -4.5 0.22734 0.357716 0.905735
78.4737 12.9594 82.5449 -0.299173 -0.0143894 -3.5 0.145211 0.986415 -0.0767997
93.3291 3.023 101.743 -0.151148 0 -1.6 -0.130421 0.623919 0.77053
51.5699 -10.7279 88.9492 0.0725751 -0.289957 -0.7 -0.590061 -0.613445 -0.524893
89.3625 -24.5818 103.39 -0.786155 0 3.8 0.26411 -0.724551 -0.636609
87.617 -9.67022 129.016 -0.481629 0 -3.2 -0.685419 0.316713 0.655662
64.3176 -12.2821 111.264 0.591024 0 -1.6 0.0336598 0.325417 0.944971
94.6661 -1.29513 113.536 0.531283 0 1.9 0.185569 0.228327 0.955736
62.6574 -32.3734 117.463 0.0303766 0 -3.5 -0.483177 -0.292301 0.825288
85.7637 -11.6786 89.21 -0.134327 0 -0.4 -0.654534 -0.549698 0.519054
84.4554 -8.5365 113.966 -0.827935 0 -0.8 0.290669 0.711414 -0.639844
71.6597 -28.5915 123.886 0.192412 0.0229966 1.05104 -0.56026 0.12349 0.81906
60.6131 -28.6978 99.1535 -0.0906605 -0.113916 1.4579 0.222782 -0.974688 -0.0187441
100.843 3.49669 116.727 0.171622 0 1.9 0.179625 0.571036 0.801032
81.068 4.24075 97.6777 -0.574454 0 -4.5 0.722046 0.673814 0.156921
116.049 -14.3865 102.35 -0.931319 0 -3.5 0.860736 -0.496595 0.111925
115.82 -11.4815 106.182 -1.05602 0 1.82329 0.527228 0.841458 -0.118229
77.7435 14.1914 87.0759 -1.82599 -0.714645 -3.5 -0.550817 0.834418 0.0186477
79.4644 13.0845 78.8323 -0.274977 0 -3.5 0.014837 0.923005 -0.384501
70.8266 -20.4229 90.5884 0.132543 0.0249249 -4.5 0.299586 -0.946375 0.120923
70.7872 -11.6228 110.395 -0.0773956 -0.176297 -0.7 0.967672 0.0707182 -0.242097
106.848 -14.5737 121.797 -0.94394 0 -3.5 -0.683145 -0.0450323 0.728893
57.8369 -23.7218 107.472 -0.616353 -0.502526 -4.5 -0.33028 -0.141718 0.933183
92.4355 -31.705 115.328 -0.783046 -0.0414402 -3.5 -0.188523 0.37028 0.909589
55.4692 3.42525 86.2364 0.026772 0 2.57725 -0.459753 0.831013 0.313121
70.6556 -24.0607 97.8223 -0.274505 0 -0.7 0.770821 -0.209712 -0.601544
108.252 -7.36428 121.494 -0.559365 0 4.5 0.616095 0.643694 0.453967
54.9414 -15.0316 93.1716 0.075226 0 -1.78626 -0.902955 -0.318538 -0.288453
112.658 -10.3448 102.24 -1.5407 0 -3.5 -0.174386 0.838277 -0.516606
90.7116 6.35262 111.619 0.772241 0 -4.5 -0.327599 0.863353 0.383796
98.8986 0.254 91.1523 -0.228325 0 -1.6 0.701761 0.521961 -0.484858
92.727 1.6105 85.7075 -1.83822 -0.284263 4.5 0.504761 -0.325355 -0.7996
96.8646 -19.7036 100.337 -0.632172 0 4.2 -0.915874 -0.234231 -0.326054
82.6548 -6.05144 97.6418 -0.496273 0 1.8 0.453245 -0.73346 0.506562
92.4434 -24.985 113.706 -0.778889 0 3.55448 0.0150707 -0.578937 0.815233
62.4355 -5.27025 109.634 0.677502 -0.0942328 -0.7 -0.345834 -0.482257 0.804877
90.7992 2.14538 113.9 0.215081 0 -0.8 -0.147931 0.656539 0.739644
87.2255 11.7572 90.0953 -0.321141 0 -4.5 0.510634 0.715539 0.476716
49.3268 0.001625 90.4982 0.297204 0 -0.7 -0.932897 0.250998 -0.258268
83.7501 0.393625 78.5618 -0.870984 -0.920812 -1.3 0.872939 0.471673 0.124504
50.388 -8.4895 93.7505 0.146055 0 -1.28443 -0.886004 -0.394431 0.243765
85.2155 -10.3891 113.115 -1.042 -0.0158263 3.8 0.447075 0.865819 -0.224682
97.9358 -35.0868 98.3793 -1.99287 -0.280208 -3.5 0.00858919 -0.370638 -0.928738
51.9671 -21.4094 103.964 0.996034 0.61305 -4.5 -0.272344 0.844486 -0.461163
87.2394 -25.2997 120.087 0.907484 0 -3.5 -0.594829 0.0313233 0.803242
84.9448 -34.6284 102.019 -0.204608 0 1.8 -0.60516 -0.628823 0.488225
105.905 -7.53762 95.0156 -1.8739 -0.201106 -3.5 0.379382 -0.103827 -0.919396
112.603 -9.51725 115.151 -0.923861 -0.418716 -1.12451 0.795154 -0.60526 -0.0372861
73.181 -38.3438 110.549 3.34692 0 -3.9 -0.529807 -0.848113 0.00307713
94.2925 -3.442 119.979 0.107322 0 4.2 -0.856832 0.511077 0.0681074
70.6591 -15.3771 118.188 -0.176302 0 -0.7 -0.342769 0.628113 0.698558
87.388 -9.45425 108.384 -0.303672 0 -0.7 -0.546843 0.827746 -0.125693
55.6345 -21.8321 105.407 0.742256 0 -4.5 -0.412504 0.740841 0.53009
82.8429 12.2083 79.3463 -2.76997 -0.723632 -3.5 0.588606 0.806981 0.0482112
107.314 -16.9112 114.201 0.372395 0 -0.665099 0.543599 -0.807758 0.228096
63.4173 -6.48875 77.8685 -0.457466 -0.529717 -3.11125 -0.613963 -0.694217 -0.375649
61.6942 5.95563 94.2909 -0.161855 0 3.8 0.753663 0.657144 0.0124172
78.0861 2.42688 70.6712 -0.468037 -0.1875 -3.5 0.477666 -0.142108 -0.866972
60.1368 6.3705 96.9746 -0.358308 0 -3.2 0.183048 0.959758 0.212972
92.3053 -30.8184 104.467 -1.58709 0 -0.8 -0.818132 0.419966 -0.392795
67.3447 -22.5919 93.8817 0.0587062 0.373898 -3.74254 -0.284552 -0.287195 -0.914631
88.2832 -28.9762 109.606 -1.28768 0 -3.5 0.316357 -0.784475 0.533401
66.082 0.293375 74.5748 0.101099 0 -0.4 -0.0123798 0.943663 -0.330677
71.8328 4.08475 71.7001 0.402365 0 -3.9 -0.223836 0.167692 -0.960092
85.6969 0.2325 119.716 -0.487456 0 -3.69601 -0.35009 0.76214 -0.544591
69.0807 5.94575 94.7562 -2.56899 -0.845043 -3.5 0.494093 0.666006 0.558846
51.3097 -24.2944 103.55 0.591345 0 -4.5 -0.845988 -0.231195 -0.480472
48.7849 -1.38412 89.5095 0.91225 0.813405 -0.7 -0.667929 0.323966 -0.670013
50.4908 -9.68175 94.9527 0.224849 0 -0.7 -0.957187 -0.253554 -0.139656
81.1291 -17.8324 94.2249 -0.557034 0 3.8 0.863702 0.187498 -0.467828
80.9208 -7.576 98.8385 -0.697018 0 -1.10039 0.227101 -0.710027 -0.666548
109.171 -21.4935 95.72 -0.394294 0 4.5 0.392112 -0.898569 0.197035
104.099 -9.57856 95.9834 -0.369022 0 -3.5 0.811024 -0.314436 -0.493326
61.091 3.8985 76.4723 -0.420104 -0.00938387 -3.5 -0.556428 0.546642 -0.625756
84.643 0.035 112.77 -0.23259 0 -3.2 -0.407835 0.840435 -0.356848
110.551 -4.48562 119.997 -0.0946874 0 -3.5 0.26828 0.0880218 0.959311
72.7097 -8.67762 101.541 -0.697083 0 2.8 0.433124 -0.379772 0.817421
88.3564 -4.9685 85.0537 0.0069603 0 3.8 0.817368 0.332007 -0.47083
78.7156 -13.0253 80.0104 -1.00233 -0.0188522 -3.5 0.0511173 -0.936289 0.347492
92.3464 -30.1667 113.061 -1.31722 -0.804411 -3.5 -0.488392 0.85236 -0.186963
56.8672 6.66181 101.421 0.164239 0 1.9 0.182245 0.901429 0.3927
93.1711 -8.6215 89.4919 0.620805 0.223491 -0.8 0.295478 -0.860812 -0.414362
97.4281 -30.23 96.7988 -0.437819 0 -2.403 -0.503953 -0.39316 -0.769062
69.3631 7.0175 75.8945 0.934331 0.353214 -3.9 -0.339617 0.834999 -0.43294
78.967 -35.4305 98.2562 0.0431267 0.77121 -3.5 -0.613025 0.285249 -0.736772
78.0536 -2.84625 74.0311 -0.696028 0 -0.845407 0.81126 -0.520471 -0.266396
100.49 -33.098 98.4585 -0.582426 0 -3.9 0.0487811 -0.235543 -0.970639
83.1711 -10.3634 89.0147 -0.478365 -0.728137 -0.914266 0.1206 -0.923611 0.363865
87.5293 11.3576 91.4714 -0.247329 0 -4.5 0.452512 0.881857 -0.13252
60.778 -9.87 82.076 0.666436 0 -3.9 -0.97783 -0.0421734 -0.205109
59.0064 -21.3935 118.478 -0.771893 -0.33106 -3.5 0.07198 0.695825 0.714596
67.5642 -19.9164 92.4145 0.55423 0 -4.5 -0.268389 -0.70884 -0.652314
85.2453 -30.4877 106.804 0.072112 0 -3.5 -0.357783 -0.890274 0.281788
62.4948 4.54513 92.1984 0.15196 0 3.8 0.390405 0.878147 0.276481
57.1338 -19.3136 106.241 0.724654 0 -0.0228229 -0.753685 -0.0325686 0.656428
86.7199 11.3351 85.6175 0.0193824 0 -4.5 0.27169 0.360864 -0.892167
107.943 -20.8401 101.503 -0.325166 0 4.5 0.0918824 -0.845926 0.525325
111.634 -17.2104 98.2777 -1.30752 0 -1.6 0.629016 -0.368548 -0.684479
87.7448 -12.4937 90.9245 -0.425007 0 -1.6 -0.743711 -0.549922 0.380105
49.9834 -22.5933 106.55 0.231654 0 -4.5 -0.936966 0.226913 0.265716
75.2253 -32.5742 101.053 -2.07717 -0.000628668 -3.5 -0.47929 -0.668748 -0.568381
68.7702 -0.95025 100.194 -0.823622 -0.416037 2.8 0.578127 0.702385 0.415241
94.7804 5.06238 110.108 -0.529758 -0.136512 -4.5 0.236248 0.543211 -0.805673
86.255 -12.2343 105.721 -1.47824 0 -3.5 -0.64637 0.744284 0.16807
73.6645 -18.4112 103.79 0.232082 0 -4.5 -0.0816766 -0.562522 -0.822738
92.9365 4.83475 84.3084 -0.190249 0 4.5 0.455675 -0.396261 -0.797081
87.3435 -34.9627 100.618 -0.176239 0 1.8 0.715924 -0.447987 -0.5355
87.6414 3.127 111.6 -0.0859978 0 -4.5 -0.862211 0.504501 0.0455125
72.2426 -13.267 111.526 -0.701468 0 -1.3 0.0854684 0.524586 -0.847056
104.987 -21.6099 121.914 -0.0339082 0 -4.5 0.627999 0.616128 0.475398
93.807 -4.30206 98.7243 -0.56957 -0.0515578 -2.6806 -0.770784 -0.550069 0.321428
96.9676 6.6745 107.388 -2.281 -0.556605 -3.5 -0.882476 0.249735 -0.398584
88.1965 -7.33675 111.209 -0.466126 0 4.2 -0.902708 0.22207 -0.368516
48.2103 -8.6815 100.807 0.209447 0 1.8 0.182575 -0.576383 0.796523
70.4526 -12.2346 107.783 -1.19102 0 -0.7 0.969649 0.226204 -0.092802
58.7955 -22.3355 114.988 0.573316 0 -3.5 -0.460917 0.0471214 -0.886191
79.1113 -8.67313 99.9333 -0.591888 0 -0.716911 -0.0422897 -0.471689 -0.88075
62.2093 -21.5236 113.233 0.809287 0 -0.8 -0.782223 -0.303779 -0.543917
82.4711 -9.19963 92.0428 -0.551525 0 -3.04 -0.376782 -0.926152 -0.0166688
66.1695 9.01872 82.2138 -0.249715 0 -1.3 -0.879258 0.25905 -0.399747
102.915 -24.6245 123.94 -0.437608 -0.0872223 -1.95991 0.885655 -0.094468 0.454634
66.7248 6.97219 80.5607 -0.130239 0 -1.3 -0.923448 0.0269521 -0.382777
55.1231 5.93775 93.5953 -0.106871 0 1.27705 -0.561813 0.815289 0.140249
58.8635 -25.02 112.099 -0.0005603 0 -4.5 -0.678394 0.730306 0.0802222
81.798 -14.987 98.363 -0.771646 0 -3.5 -0.232867 0.165978 -0.95824
99.0744 -29.31 95.3916 -1.71777 -0.406622 -0.8 0.255792 -0.556913 -0.790201
103.175 -37.227 110.216 -1.4644 -0.350537 -3.5 -0.288 -0.957135 0.0307968
73.4259 -22.2449 99.7174 -0.5673 0 -0.7 0.908906 0.0573603 -0.413038
95.0387 -8.0845 97.311 0.63051 0 -3.9 -0.610503 0.146494 0.778348
103.349 -25.9765 101.715 -0.418261 0 -1.23575 -0.38778 -0.891017 0.236039
72.4881 11.0339 78.095 -0.0660079 0 -1.09624 0.61656 0.724663 0.307762
66.8037 -21.2663 119.104 -0.266336 0 -3.15249 0.418897 0.842935 -0.337617
101.605 -31.128 117.415 -0.0122852 0 -3.9 0.988921 0.118326 -0.0896372
81.5161 -21.0627 97.0239 -0.467563 0 3.8 0.824143 -0.392074 0.408737
56.4558 4.86225 104.719 -1.01721 -0.538635 -3.5 -0.781168 0.484809 0.393366
79.729 -10.391 113.521 -0.590332 0 -3.5 -0.191921 0.451596 0.871337
103.121 -36.4749 108.887 -1.84409 -0.386579 -3.5 -0.279783 -0.325385 -0.903242
74.8905 -39.2962 110.788 2.33094 0.410581 -3.9 0.0516819 -0.900446 0.431886
116.715 -11.1377 102.05 -1.32301 0 -3.5 0.764425 0.63728 -0.0976122
56.2798 -28.4164 103.373 -2.15479 -0.109747 -0.4 -0.948257 -0.312982 0.053398
79.7536 -17.3586 107.436 -0.626131 0 1.50418 0.0895145 0.772635 -0.628507
117.964 -20.0942 113.892 -2.22124 0 -0.8 0.810823 0.472371 -0.345589
74.5684 -28.5006 102.472 -1.21225 -0.0403672 -1.37756 -0.211662 0.37053 -0.904382
89.2894 -5.79844 85.3463 -0.149719 0 3.8 0.632827 0.18886 -0.750907
68.2639 -16.2144 111.469 -1.02129 -0.925261 -0.8 -0.21702 -0.0539335 0.974676
54.3468 -22.8098 101.002 0.269228 0 1.8 -0.7632 0.594139 -0.254015
94.6556 -2.13675 105.181 -0.378873 0 1.59479 -0.842772 0.196899 -0.500965
84.0605 -29.4544 111.844 -0.407967 -0.0561413 -0.747735 0.513371 -0.765356 0.388176
82.3639 11.3224 80.6129 -1.45738 -0.23193 -3.5 0.622715 0.6382 0.452688
51.501 -6.85138 89.2312 0.382364 0 -0.7 0.56225 0.252722 -0.787405
103.432 -0.893313 120.74 0.0787285 0 -0.8 0.730562 0.667243 -0.14514
71.489 -40.016 118.358 -0.0442722 0 -3.5 -0.144869 -0.687044 0.712028
77.3056 -36.576 109.811 0.780406 0 -3.9 0.998708 -0.0346394 -0.0371817
97.226 -28.1303 116.058 -0.490515 0.97568 -0.8 -0.427073 0.553964 -0.714655
66.2505 -16.0706 77.4664 1.96794 0 -3.9 0.816771 -0.533282 -0.220216
70.8872 -19.4154 109.369 -0.236861 0 1.24955 -0.730663 0.213628 0.648456
100.383 -2.5445 97.0645 -1.27139 -0.413459 -1.6 0.353219 0.149138 -0.923577
74.5013 -31.8301 104.214 -1.41527 -0.151783 -3.5 -0.18066 -0.734441 0.654185
56.0266 -23.0329 106.816 -0.354016 -0.170299 -4.5 -0.626186 0.125648 0.769483
77.6764 -31.4251 119.408 0.107824 0 -4.5 0.954117 0.167853 0.247965
105.094 -20.4975 116.981 -0.187469 0 -3.5 0.648958 0.202247 0.733451
111.646 -11.7704 121.568 -1.52447 -0.433361 -3.31899 0.334982 0.618076 0.711174
106.884 -23.9564 117.68 -0.00369286 0.181006 -3.5 0.979379 -0.0474369 0.196383
97.1159 -33.3329 116.464 -0.11011 0 -3.9 -0.710381 -0.557416 0.429704
61.6444 -17.9299 109.639 -0.330822 0 -1.24229 -0.48135 0.589528 0.64866
85.7375 -34.3973 104.933 -0.172341 0 -3.5 -0.62195 -0.536866 0.570047
103.181 -18.1916 95.2412 -0.320264 0 1.81645 0.187469 0.880415 -0.435574
106.101 2.455 100.386 -0.477152 0 -3.5 0.16355 0.642331 -0.748774
117.849 -12.1892 110.129 -0.345776 0 2.8 0.82683 0.478192 0.296115
90.9231 -1.63087 99.5975 -0.170032 0.550223 -0.83068 0.180341 -0.758575 0.626132
83.3982 4.65825 95.4082 -0.598878 0 2.8 -0.285228 0.184838 0.940468
88.5054 -5.70881 97.4087 -0.683249 0 -0.8 -0.21615 -0.823479 0.524558
58.2989 -28.7501 105.523 0.0692735 0 -0.4 -0.391588 -0.791081 0.469946
115.53 -22.9776 115.519 -1.80946 -0.625756 -0.8 0.325694 -0.941026 0.0916138
75.154 -5.68025 104.596 -0.229791 0 -3.9 -0.824542 0.138884 0.548491
61.4754 -1.10175 108.505 -0.332771 0 -0.7 0.0196695 0.851938 0.523273
90.8294 2.70062 84.345 -0.233176 0 4.5 0.455352 -0.461875 -0.761135
87.91 0.253125 101.647 -0.353008 0 -0.937508 0.00382977 -0.376104 0.926569
110.758 -6.532 112.065 -0.859084 0 -3.2 0.5019 0.737764 -0.451442
98.695 -33.2617 97.7432 -1.67288 0 -3.5366 0.23315 -0.456789 -0.858478
69.6746 -29.918 102.221 -0.812953 -0.501623 2.32382 0.882112 0.447355 -0.147484
112.304 -13.1071 119.807 -0.6808 0.0248804 -0.863056 0.728464 -0.430042 -0.533296
90.3217 -31.9632 104.842 -0.910883 -0.0877337 -3.15806 0.104939 0.688687 -0.717424
50.5254 -9.31031 88.6302 0.341463 -0.230144 -0.7 -0.738822 -0.24284 -0.628626
108.643 -3.9145 113.511 -0.56995 0 -0.7 0.568271 0.669111 -0.478914
100.627 -11.5917 94.004 -1.04066 0 -3.5 -0.799762 0.149402 -0.581429
57.9898 -28.3616 106.941 0.183863 0 -4.5 -0.532398 -0.839255 0.11047
66.715 -21.7267 93.3994 0.18658 0 -4.5 -0.323653 -0.557186 -0.764717
74.8966 -15.7424 95.824 -0.440312 0 -3.5 0.68256 0.197953 0.70351
102.396 0.0275 117.373 -0.633088 0 1.9 0.931008 0.287714 0.224601
101.646 2.906 109.477 -0.561629 0 -1.32233 0.96921 0.104762 -0.22284
63.3192 -13.281 78.9045 1.81145 0 -3.9 -0.954347 0.226709 -0.194486
83.4337 14.8066 91.9228 -0.304008 0 -0.4 0.323891 0.929057 0.178737
76.0359 9.15831 90.2487 -0.19681 0 1.9 -0.735831 0.512776 0.442283
97.3969 -4.12275 134.149 -0.155728 0 -4.5 0.92532 0.123057 0.358665
61.6776 -22.0934 108.757 0.319379 0 3.17151 -0.044537 -0.377101 0.925101
92.7366 -7.06375 102.1 -0.18882 0 4.2 -0.91406 -0.103731 -0.392088
107.08 -8.18987 98.6351 -2.09251 0 -3.5 0.980648 -0.19435 -0.0236252
59.7116 -4.865 79.731 0.199671 0 -0.4 -0.637706 -0.64267 -0.424624
98.8974 -0.235687 96.5236 -0.284787 0 -2.79933 0.190972 -0.663262 -0.723612
100.984 -17.2074 123.733 -0.552304 0 -4.39392 0.037914 -0.964317 0.262023
90.6184 -2.91156 123.929 0.188836 0 4.2 0.184017 0.976562 0.111642
81.7637 4.44387 95.6208 -0.484364 0 2.8 0.410365 0.415391 0.811819
60.8731 7.53994 94.6619 -0.199473 0 3.8 0.886841 0.216161 0.408397
81.7527 -27.1761 115.354 -1.40724 -0.200717 -0.4 0.133192 -0.707061 0.694496
84.4276 -1.424 101.037 -0.335676 0 -1.3 0.56553 -0.20781 0.798117
63.864 -21.832 110.185 0.179275 0.33956 -3.5 -0.701827 -0.691406 0.171455
106.575 -24.0219 113.223 0.0414302 0.119784 -1.9219 0.882771 -0.466485 0.0557459
93.101 4.8205 108.723 -0.4303 0 -4.5 0.219244 0.450005 -0.865695
72.917 -15.8988 106.953 0.0247815 0 -4.5 0.431416 0.558624 0.708393
82.7514 -3.67506 122.998 -0.485943 -0.721249 -0.4 -0.819528 0.48907 -0.298637
79.2872 -6.14012 78.6629 -0.501545 0 -0.7 0.712431 -0.696492 0.0856757
84.104 -15.35 125.513 -0.326121 0 -0.8 -0.21031 -0.318936 0.924148
89.6517 -34.5648 101.875 -0.419609 0 -3.5 -0.0465998 0.388523 -0.92026
79.9916 -27.942 103.461 -1.20024 -0.784395 -0.8 -0.689088 0.266635 -0.673843
87.7091 -15.0781 100.602 -0.714704 0 -1.6 0.040035 -0.806719 -0.589577
111.875 -11.3533 109.022 -1.73474 0 1.81553 -0.0449429 0.456425 -0.888626
82.8117 -4.34619 113.264 -1.33431 0 -3.2 -0.223892 -0.967509 -0.117467
107.608 -21.4441 98.971 -0.234106 0 4.5 0.565774 -0.681909 -0.463572
86.3866 -14.5408 99.88 -1.35786 -0.299474 -3.33491 0.484353 -0.133015 -0.864702
106.292 -22.8181 122.055 0.0248435 0 -4.5 0.392137 0.727504 0.562997
88.5085 -18.9744 123.656 -0.183065 0 1.8 0.180161 -0.786853 0.590257
81.5239 -3.777 114.469 -0.874876 0.343233 -3.31975 -0.99437 0.10187 -0.0291601
114.627 -17.409 114.353 0.541022 0 -1.6 0.811652 0.307369 0.496735
77.3851 -7.37675 110.222 -1.09914 -0.445435 -3.5 -0.025539 0.900625 0.433847
89.7803 2.12575 84.0641 -0.437308 0 3.7601 0.744362 -0.169567 -0.645889
87.5167 3.13812 124.908 2.22555 0.372793 -3.9 0.112922 0.49215 0.863156
101.837 -28.1059 123.634 -0.98548 0 -2.06217 0.991332 0.072057 0.109854
75.647 -13.5215 95.7623 -0.366025 0 -3.5 0.833754 -0.382859 0.397835
52.0306 -1.69488 104.736 -0.448837 0 -3.5 -0.316858 -0.27912 0.906473
78.6664 -21.0381 96.9143 -0.418655 0 3.8 -0.645637 -0.497694 0.579183
61.5886 -23.4842 95.1809 -0.207366 0 -2.08954 0.255917 -0.808668 -0.529681
87.3821 1.23275 81.1766 0.425662 0 -0.8 -0.25534 0.103601 -0.961285
78.4815 -2.78784 71.267 -0.710179 0 -0.8 0.503981 -0.855941 0.115615
49.7837 -0.749875 104.013 0.0630201 0 -3.5 -0.58024 0.302984 0.755991
91.3901 -25.4095 97.4346 -0.242648 0 -3.5 -0.893522 -0.444536 -0.0632972
65.248 9.22363 87.0594 0.499076 0.389554 -1.3 -0.672145 0.612206 0.416443
61.6483 -11.0658 80.0805 2.60768 0.732035 -3.9 -0.824499 -0.0629776 -0.562348
99.7352 -10.5241 95.6884 -0.747126 -0.187791 -0.789478 -0.644956 -0.0922753 -0.758628
88.4403 -7.28144 128.503 0.519131 0 -3.25762 -0.664602 0.178223 0.725632
90.3463 -35.6343 101.827 -0.124395 0.093612 -3.18455 0.0283505 -0.558968 -0.828705
103.83 -15.7831 123.401 -0.239496 0.504528 -4.5 0.768649 -0.0455105 -0.63805
87.8747 -28.4423 111.034 -2.89166 -0.36101 -3.5 0.516947 -0.628515 0.58115
81.5297 -3.2225 118.688 -0.860775 0 -3.5 -0.734894 0.655055 0.175595
89.7095 5.319 100.451 -0.177645 0 -3.5 -0.0643373 0.168398 0.983617
78.6373 -38.7928 101.21 0.209925 0 -3.5 0.314525 -0.940653 0.12746
68.5667 -36.486 109.261 -1.97636 -0.127207 -3.5 -0.788351 -0.610432 -0.0766531
68.965 -20.6792 92.4812 -0.0297929 0.00224443 -4.5 -0.0330183 -0.926326 -0.375274
55.226 8.23775 99.093 0.376504 0 -4.5 0.276471 0.723871 -0.632119
97.0549 -2.96338 137.548 -0.343962 0 -4.5 0.58077 -0.773305 0.254371
79.3641 4.5775 94.1585 -0.392174 0 3.40142 -0.0212752 0.957962 0.286106
82.5411 -36.0706 101.221 -0.182345 -0.422973 3.8 0.447665 -0.321116 0.834554
68.4821 0.610125 98.0048 0.0396909 0 2.8 0.749363 0.454005 0.48201
92.1137 -9.14262 89.6924 0.144323 -0.172626 -1.58492 0.720498 -0.679084 -0.140454
97.6991 -32.6951 111.566 -0.00966467 0 -1.46724 -0.486155 -0.691029 -0.534912
72.5361 -12.9514 102.833 -0.460109 0 4.2 0.519557 0.559964 0.645369
63.1339 -12.0064 84.7211 0.845577 0 -2.68093 -0.349005 -0.522642 -0.777844
75.6309 -30.2691 100.246 -2.21868 -0.181964 -3.5 0.211644 0.479412 -0.851687
90.5893 -34.3395 104.361 -0.847085 -0.647742 -3.5 0.499041 -0.397864 0.769845
57.5144 -29.1584 101.968 -0.795978 -0.577219 -0.4 -0.73131 -0.591276 -0.339968
82.6038 -11.22 111.372 -0.163151 -0.19744 3.8 0.110674 0.451446 -0.885408
104.218 -15.4043 129.714 -0.257548 0 -3.5 -0.210122 -0.536414 0.817379
91.1643 -25.2897 119.212 2.10447 0 -3.9 -0.106552 0.364499 -0.925088
75.8958 1.95812 68.1011 -0.006143 0 1.8 0.789808 -0.119226 -0.601655
63.7526 -25.8901 95.6809 0.135588 0 4.2 -0.415413 0.286161 -0.863449
70.0844 -12.4061 104.997 -0.400749 0 -3.74453 0.935232 0.320321 0.150783
79.9424 14.2805 88.1869 -0.342975 0 -3.5 -0.188116 0.95279 0.238334
61.5555 -29.219 100.657 -0.418718 -0.00057901 1.8 -0.166257 -0.83454 -0.525263
80.0775 -6.884 104.156 -0.829206 0 -1.26676 0.749558 0.394887 0.531251
93.9009 -23.8577 115.704 -0.537294 0 2.8 -0.154626 -0.986493 -0.0540683
103.454 -5.99725 91.7106 -0.249857 -0.0252951 -3.5 0.66725 0.638091 -0.38421
84.3055 -19.2155 101.113 -0.699988 0 -3.5 -0.0438607 -0.670165 -0.740915
61.7308 -29.5103 108.717 0.0408017 0 1.8 -0.580344 -0.734152 0.352452
100.929 -34.1022 109.623 -0.132884 0 -0.8 -0.0249554 0.0371094 -0.999
85.177 -1.4705 82.944 0.221696 0 3.8 0.237364 0.258079 -0.936511
95.1211 -28.6296 123.74 0.456527 0.247991 -0.8 -0.00326275 -0.937983 -0.346665
89.3669 -9.01906 132.195 -0.202864 0 -0.9 -0.916849 0.302625 0.260394
65.1453 7.78312 105.454 -0.0134414 0 4.5 0.176483 0.351474 -0.919413
93.2633 -20.1119 126.293 -0.656675 -0.0167401 -0.8 -0.725034 0.00192181 0.688711
72.4936 -39.5378 118.51 -0.276309 -0.0179963 -3.5 -0.0451534 -0.903802 0.425562
72.1274 -30.1084 104.04 -0.867529 0 -1.0582 -0.0519188 0.542751 -0.838287
90.345 -28.287 103.887 -0.782554 0 -1.3 0.203302 -0.218262 -0.954479
89.3251 -32.6864 102.726 -0.502953 0 -2.9738 0.232037 -0.177378 -0.956397
57.3537 -18.9188 89.9719 0.188108 0 -1.6 -0.793372 -0.601164 0.0957268
79.945 -38.5273 100.442 0.0115786 0 3.8 0.0769043 -0.873898 0.479987
57.1556 -26.1007 107.073 0.50794 0.189092 -4.5 -0.845947 0.146879 0.512641
73.9502 9.565 88.7411 0.677498 0 -0.647343 -0.132805 0.326936 0.935668
69.475 -35.6615 111.261 -0.85583 -0.0700053 -3.5 -0.817681 -0.153236 0.554902
56.6036 -8.00531 105.59 -0.123108 0 -4.5 -0.858995 -0.305499 0.41085
96.0358 -32.1541 115.827 -0.24217 0 -3.6254 -0.590559 -0.311597 0.744411
58.7556 -8.25275 84.0208 0.418043 -0.0160776 -3.71162 -0.153288 0.0705917 -0.985657
98.7656 -22.4181 94.0482 0.387416 0.15186 -0.8 0.173504 -0.557621 -0.81176
59.8656 -24.1336 114.112 0.238399 0 -3.5 -0.541763 0.729208 -0.41803
88.5892 -19.0904 103.481 -1.10308 0 3.22858 0.162531 0.732901 -0.660636
82.7413 -6.43525 114.912 -1.72353 -0.0312487 -3.5 0.391534 -0.0763348 -0.916992
102.34 -6.35319 90.8675 0.0816341 0 -3.5 0.228073 0.433044 -0.872041
85.076 -6.24438 116.272 -0.793459 0.257904 -2.33491 -0.139641 -0.0115965 -0.990134
76.3641 -12.0959 115.271 -0.452432 0 -3.5 0.0959207 0.995344 -0.00948281
66.3363 4.41594 78.9902 -0.745343 -0.7021 -3.5 -0.268234 0.921122 -0.282107
76.4861 -16.5894 101.332 -0.357806 0.0236359 -4.5 0.306804 0.110229 -0.945368
89.9166 10.0404 95.856 -0.585993 0.136762 -4.18194 -0.159499 0.857489 0.489155
66.5287 9.39775 107.29 0.0334346 0 4.5 0.439243 0.689403 -0.576011
111.984 -14.8095 97.4485 0.312997 0 -2.65278 0.268268 -0.138059 -0.9534
85.3522 3.37231 98.816 -1.38566 -0.111142 -0.8 -0.657056 0.753247 0.0299326
105.157 -27.44 99.5537 -1.42201 -0.00800846 -3.5 0.176618 -0.840619 -0.512021
62.4814 -20.1418 91.4181 -0.383567 0 -3.31302 0.6808 -0.620004 -0.390009
81.0304 -11.6334 87.3761 -0.711293 0 -2.785 0.632385 -0.667125 0.393742
84.6828 -16.2885 99.0592 -0.993044 0 -3.5 0.454938 -0.365834 -0.811909
72.1431 8.6285 72.4981 0.460826 0.261086 -3.5 -0.234099 0.712385 -0.661593
62.2219 -19.9377 87.1963 -0.535336 -0.350744 -2.94949 0.28968 -0.351874 -0.890095
64.0929 -28.788 93.9088 -0.0959851 0 4.2 -0.301037 -0.192986 -0.933881
105.46 -25.7488 98.1752 -0.149538 -0.0580064 -3.5 0.175367 -0.795095 -0.580578
90.2523 1.20575 110.631 -0.643887 0 -4.5 0.306879 -0.60019 -0.738646
54.8148 -10.5726 86.0914 0.541469 0 -0.4 -0.512898 0.0437817 -0.857332
92.8185 -23.1009 117.695 -0.740354 0 1.8 -0.44062 -0.883921 -0.156644
86.1284 -4.56931 80.1084 -0.0146187 0 -3.5 0.84618 0.147302 -0.512134
73.3849 -11.5398 100.006 -0.572394 0 4.15008 0.945813 0.173027 0.274772
58.6699 -25.4964 114.73 0.173904 0.244448 -4.00108 -0.978521 0.0859405 -0.187381
108.354 -25.8065 104.678 -0.387479 -0.0057006 1.8 0.870798 -0.254199 -0.420826
110.769 -12.0164 114.978 -2.13014 -0.405848 1.8 0.959664 -0.229338 -0.16263
55.7337 -15.3876 106.604 0.0614617 0 -0.7 -0.418363 0.0902706 0.903783
98.2452 -29.1419 123.944 -1.15535 -0.908413 -3.5 -0.694586 -0.702777 -0.153801
74.4854 -14.8194 87.7246 -0.866393 0 3.8 -0.275334 0.098424 -0.956297
64.7576 6.31012 95.4796 -0.353011 0 2.8 -0.509401 0.836287 -0.202815
73.7135 -17.0859 108.047 -0.140859 0 -3.40872 -0.109472 0.98026 0.164641
59.331 -9.90781 110.185 0.529342 0 -4.5 0.207164 0.301794 0.930593
88.7113 -0.856 110.218 -1.58898 0 -3.2 -0.00639709 -0.333604 -0.942692
93.5085 -18.0082 100.774 -1.1692 -0.0926174 -0.7 -0.28339 -0.623776 -0.728419
77.1154 -9.13813 92.2213 -0.479018 0 3.8 0.48949 -0.804952 0.335339
77.0294 -34.6389 103.902 -0.128125 0 -3.5 -0.280479 -0.0244355 0.959549
69.2075 -26.4002 122.41 -0.0608169 0 -3.9 -0.0554483 0.371468 0.926789
86.9198 -28.4912 118.376 -2.11303 -0.159667 -3.5 0.797637 -0.483028 -0.361191
82.0147 -17.7148 102.016 -0.54436 0 -3.36236 -0.851476 -0.503604 -0.146187
90.6117 -31.1994 108.953 -0.0195332 0.0627386 -1.3 -0.247196 -0.786375 0.566134
63.8639 -7.31738 78.3453 0.0709936 0 2.8 -0.664448 -0.47934 -0.57336
68.301 -3.8575 106.565 -0.375901 0 -3.5 0.385561 0.920049 -0.0696603
102.366 2.19462 98.6514 -0.318266 0 -3.5 0.846631 0.532108 0.00880932
96.4814 -8.78362 98.5399 0.0443097 0 -3.9 -0.881119 0.468036 0.0676175
100.157 -0.632625 130.111 -1.84085 -0.118152 -3.5 0.104947 0.99003 -0.0939532
95.8471 -24.2327 115.912 -0.754734 0 -0.0379143 -0.458034 -0.844145 -0.278613
76.3008 -14.4344 92.6003 -0.949426 -0.00734853 -3.5 0.676423 0.629978 0.381548
106.249 -6.6145 109.652 -2.04626 0 -0.7 0.165043 0.937802 -0.305432
86.1428 -11.215 103.299 -0.0887528 0 -1.6 -0.0216264 0.950212 0.310854
116.579 -14.947 109.079 -0.861098 0 2.8 0.397807 -0.784325 -0.476008
92.1398 -19.8102 102.026 -0.897137 0 0.0563588 -0.225454 0.051392 -0.972897
97.0671 -22.5333 125.299 -1.53604 -0.0691512 -0.8 0.321051 0.213221 0.922748
65.7646 -32.0044 110.272 -0.198819 0 3.8 -0.396577 -0.798076 -0.453653
87.6276 -8.29981 95.0202 -0.668402 0 -1.23216 -0.195782 0.246059 0.949276
84.9926 -21.9714 102.269 -0.903471 -0.795942 -1.08449 -0.200633 -0.15327 -0.967603
86.9871 -1.83875 125.605 0.00282957 0 -3.66649 -0.00514001 0.822178 0.569207
103.288 -29.545 106.633 -0.392205 0 2.8 0.28626 -0.721262 -0.630743
50.8329 1.83187 97.2634 -0.316116 0 -0.7 -0.566503 0.447646 -0.691872
91.352 -23.6033 124.904 -0.358297 0 -3.9 -0.627094 0.215944 0.748413
90.7659 -13.951 131.557 0.437406 0.169855 -0.9 -0.320483 -0.815981 0.481109
93.1669 -4.31112 104.572 -0.517322 0 4.2 -0.65128 0.754117 -0.0845093
47.2361 -4.43819 101.921 -0.0112097 0 -3.5 -0.729394 -0.118286 0.67379
74.4279 -18.4977 121.741 0.0498295 0 -3.5 -0.282595 0.0502126 0.957924
83.2826 -1.67731 115.317 -0.21194 0 -3.2 -0.569041 0.586965 0.575904
64.8577 -30.3491 97.5317 -0.0273163 0 3.64868 -0.401759 -0.914673 0.0443071
89.7358 -4.08875 98.5303 -1.15955 -0.448928 -0.8 0.529843 -0.565307 0.632214
92.0276 -29.4886 117.444 1.74 0.753949 -3.9 -0.0778265 -0.63238 -0.770739
74.2144 -13.5998 97.0199 -0.416691 0 -3.5 0.734959 -0.511189 0.445557
102.504 -4.2215 126.702 -0.559976 -0.377479 -1.48652 0.671877 0.379399 0.636111
67.5036 -31.5626 98.5922 0.000124472 0 -1.6 -0.0734331 -0.961911 -0.263314
66.4109 1.31237 99.8603 -0.325603 0 2.8 0.518093 0.419861 0.745182
68.3725 8.85538 91.9143 -0.735502 0 -0.2014 -0.22017 0.875967 0.429193
50.9981 -25.4754 107.113 0.705006 0.870531 -4.5 -0.487934 -0.568787 0.662119
108.029 -9.919 122.786 -0.933673 0 4.5 0.52188 -0.652275 0.549708
61.7965 -30.8364 117.649 -0.214286 0 -3.5 -0.685362 -0.176727 0.706432
67.1673 9.33762 111.114 -0.12416 0 4.5 0.962352 0.0279672 0.270364
98.5353 -19.7932 124.304 -2.49546 -0.0475453 -3.5 0.854042 0.142605 0.500276
108.922 -27.0283 109.519 0.192053 0 1.8 0.894455 -0.181245 0.408779
111.883 -19.9756 114.129 -0.663765 0 -1.6 -0.910657 -0.408267 0.0634182
94.9546 -2.46412 139.203 0.5849 0.861559 -4.5 -0.615963 -0.180948 0.766712
59.8817 -28.2437 111.346 0.226403 0 -4.5 0.462795 -0.886078 0.0262209
99.6141 -26.3902 114.446 -0.617445 -0.0113566 -0.8 0.139517 -0.484728 -0.863466
78.1785 -38.7855 99.5665 -0.184543 0 3.01665 -0.390503 -0.902198 -0.183155
55.7848 -9.34275 103.862 -0.0323424 0 -1.6 -0.531273 0.184907 0.826776
61.962 1.17231 75.4808 0.748254 0.151897 -3.5 -0.264312 -0.283834 -0.921725
65.9768 6.75144 93.3689 -1.57325 0 -3.5 -0.763879 0.63765 0.0994553
63.1319 -4.43406 77.7538 -0.874728 -0.0380711 -3.28681 -0.597199 0.643058 -0.479407
88.3155 -2.26231 111.094 -1.06274 0 -3.2 -0.142812 -0.482971 -0.863912
92.5512 -23.5781 126.089 -0.381843 0 -3.9 -0.621165 0.006214 0.783655
94.1529 3.31406 108.663 -1.15148 0 -4.5 0.284405 0.671038 -0.684705
70.2065 -15.0992 115.405 -0.0614276 0 -0.822781 -0.90001 0.435425 0.0196714
63.7277 -30.6035 100.883 -0.340916 0 1.8 -0.286763 -0.751397 -0.59428
95.4551 -14.2589 128.578 -0.0903195 0.722251 -0.9 0.526845 -0.78581 0.323938
79.2764 -8.49063 119.699 -0.0551986 0 -0.9 -0.761396 0.405562 -0.505763
93.424 -28.144 124.011 -0.0907467 0 -0.8 -0.655952 -0.741849 -0.139241
56.9431 -11.0597 112.206 -0.129273 0 -4.5 0.561425 0.0150928 0.82739
75.871 -14.3719 94.3621 -0.660907 0 -3.5 0.897355 0.264104 0.353558
97.4778 -29.3696 117.508 -0.275764 0 -3.9 -0.883585 -0.214152 0.416434
90.998 8.99212 98.4305 -0.946252 0 -3.5 0.223411 0.775488 0.590513
96.2247 -0.182375 100.343 0.327121 0 -1.6 -0.843882 -0.446458 0.297554
79.5293 4.91888 98.6461 0.210824 0.368606 -4.5 0.105707 0.983632 0.145922
99.3619 -1.37538 131.343 -1.78819 -0.847104 -3.5 0.115327 0.575586 0.809568
76.8744 -14.9969 123.079 -0.20875 0 4.5 -0.284337 0.051579 0.957336
95.9466 1.981 113.929 1.82066 0.324209 -0.8 0.0130532 -0.70299 0.711079
60.0001 -22.172 108.254 0.258195 0 1.9 -0.464355 -0.369638 0.804824
94.2514 3.17712 116.379 0.305181 -0.354187 -0.8 -0.579843 -0.745454 0.328756
108.585 -28.4235 110.475 -0.0834249 0 1.8 0.787208 -0.190532 0.586516
48.9764 -7.68488 89.3298 0.244282 0 -0.7 -0.503547 -0.599131 -0.62248
62.4835 -24.9419 111.7 -0.563033 -0.424098 -3.57117 0.173855 0.935329 -0.308113
75.7188 -6.77588 106.828 1.3518 0 -3.9 -0.964828 -0.237786 0.112091
85.7083 -6.56262 127.709 0.587266 0 -3.51886 0.119721 -0.346094 0.93053
117.29 -21.6956 113.51 -2.41439 0 -0.8 0.485309 -0.543582 -0.684831
70.0829 -8.5805 105.619 -0.739477 -0.363256 -2.15529 0.732589 -0.293225 0.614273
93.0144 -8.74725 102.161 -0.127849 0 4.04071 -0.806457 0.0487464 -0.589279
83.0232 -9.11094 81.2623 -0.363756 0 -3.5 0.0337604 -0.402086 -0.914979
47.9987 -8.2305 92.569 -0.873385 -0.186673 -0.4 -0.191937 -0.939427 0.283968
51.9351 -5.64512 105.81 -1.76913 -0.0326451 -3.5 -0.79797 -0.274521 0.536546
69.7933 -37.32 109.114 -1.56668 -0.471794 -3.5 -0.380795 -0.923376 0.0487084
94.9356 -28.2682 121.838 -0.141759 0 -3.9 0.099039 -0.986342 0.131611
59.9024 -28.6555 109.126 0.631446 0 -4.5 -0.0151656 -0.952078 0.30548
105.415 -1.538 108.336 -0.464762 0 2.8 0.931766 0.23795 0.27421
83.0381 -18.4856 102.077 -0.602065 0 -3.5 -0.626209 -0.674394 -0.391222
49.0535 0.397625 97.6767 -0.250926 -0.930297 -0.579732 -0.905444 0.415629 -0.0861577
78.3792 -2.80988 72.5081 -0.719126 0 -0.8 0.790257 -0.61261 -0.0142616
69.8952 -29.8172 122.158 0.0330355 0 -3.9 -0.422691 -0.298154 0.855825
89.2275 -8.6675 96.0485 -0.624148 0 -0.8 -0.298354 -0.608035 0.735716
106.577 -12.9546 97.8757 -0.496531 0 -1.6 0.208527 0.0366379 -0.97733
91.769 -33.834 113.715 -0.592111 0 -3.5 -0.745869 -0.55106 -0.374182
64.2582 -30.6698 95.9686 -0.155781 0 4.2 -0.155674 -0.980186 -0.122482
69.9617 -10.8031 74.1305 -0.071435 0 -0.8 -0.0446231 -0.559011 -0.827959
105.48 -2.72837 115.248 -0.0835072 0 -3.9 0.159622 0.975704 0.150077
75.3558 -36.2149 100.519 -1.80356 -0.00971145 -3.5 -0.642431 0.119261 -0.757007
64.3907 2.27569 101.736 -0.756592 0 3.05575 0.987368 0.158108 -0.0103029
65.5936 -32.3271 103.178 -0.238746 0 -0.758515 -0.180972 -0.909752 -0.373632
88.27 -25.4527 121.945 2.9822 0 -3.9 -0.782497 -0.16887 0.599317
70.9452 -17.8903 110.248 0.249551 0.0513758 -1.58472 -0.791161 -0.599966 0.118765
104.054 1.17025 126.223 -0.283892 0 -0.7 0.423159 0.806717 0.412486
89.644 5.90163 83.0293 -0.182516 0 4.12597 0.473641 0.220654 -0.852629
99.9855 -1.9365 125.804 -0.787989 -0.397767 -0.594046 -0.217918 0.872336 0.437655
88.157 -10.0355 105.634 -1.36704 0 -0.7 -0.354611 0.809812 -0.467393
100.708 1.36038 101.737 -1.06338 0 -3.5 -0.376595 0.886942 0.267413
63.0933 5.88969 97.5577 -0.439196 0.0543949 -1.44468 0.160525 0.964406 -0.210127
90.2113 -10.231 105.267 -1.10833 0 2.23664 -0.402489 0.606456 -0.685721
88.4929 -1.97925 84.8082 -0.184111 0.00592687 -0.8 0.801174 -0.544006 -0.249353
98.2241 -17.6729 126.26 -2.45212 -0.603015 -3.5 0.194128 -0.575801 0.794209
85.9588 -27.5775 98.8268 -0.0663176 0 -1.6 -0.191726 0.719038 -0.668001
107.355 -6.71706 96.8806 -1.96255 0 -3.5 0.948608 0.284626 -0.138315
76.7449 8.47281 92.4901 -1.23283 -0.120227 0.18077 -0.616344 0.219931 0.756142
72.1998 -20.4271 96.5056 -1.55742 -0.58401 -2.06733 0.786928 -0.605872 -0.11689
49.1586 -0.432813 94.1579 0.204557 0 1.8 -0.443414 0.853469 -0.273813
115.605 -15.9084 111.694 -0.410717 0 2.11144 0.729916 -0.670502 0.132853
68.805 -31.9545 114.79 -0.177881 0 -0.270428 -0.211194 -0.975672 -0.0588289
100.586 -4.972 93.7491 -0.77924 -0.0631298 -3.5 -0.116074 0.955634 0.270723
59.2435 -27.5054 115.159 -0.690098 -0.0802525 -3.5 -0.753022 -0.657995 -0.000100593
88.9108 10.8748 89.489 -0.0215056 0.00391082 -4.5 0.427575 0.643077 0.63532
70.9865 4.526 95.312 -0.585049 0 3.8 -0.0943013 0.369117 0.924586
69.0107 -7.3945 72.45 -1.2513 -0.0404692 -0.8 -0.330514 -0.523116 -0.785564
102.353 -26.8578 100.269 -0.536832 -0.0143749 -3.5 -0.0759907 -0.354457 0.931979
74.4497 -11.7924 115.596 -0.468441 0 -3.5 0.142926 0.949598 0.27899
56.3954 -20.0462 94.8678 0.416314 0 -1.3 -0.733723 -0.643082 -0.219308
78.9475 11.2951 93.3717 -1.61332 -0.154485 -3.5 0.409839 -0.050141 0.910779
62.7889 4.81025 108.904 -1.79019 0 4.5 -0.263604 -0.707329 0.655896
85.6345 -29.3261 111.849 -2.10038 -0.452015 -3.5 0.216085 -0.763336 0.60879
97.7809 -28.9403 125.029 -0.350236 -0.142552 -1.83147 -0.191901 -0.933298 0.303527
78.6047 -22.8023 120.75 -0.988775 -0.125708 -0.320376 0.337579 -0.729293 0.595124
92.2903 -2.20425 122.188 0.0907493 0 4.2 0.17565 0.903274 -0.391462
78.2348 8.56812 92.1366 -1.32997 -0.368487 -3.5 0.201537 -0.279725 0.938689
69.9378 -15.53 113.894 0.220293 0 -1.3 -0.996783 0.0781634 -0.0176948
97.9195 -28.4013 94.7308 -1.52376 -0.675641 -0.8 0.26544 -0.430154 -0.862849
63.9539 -19.1541 86.8087 -0.387205 0 1.65335 0.0315366 -0.730915 -0.681739
102.474 4.09963 111.324 -2.00893 -0.0751351 1.9 0.913809 0.405976 -0.0116527
106.785 -6.58988 126.424 -0.987428 0 -3.5 0.539943 0.526387 0.656794
102.419 -32.3427 108.985 -0.0322336 0 2.8 -0.166084 -0.610531 -0.774382
106.002 -0.0469375 123.678 0.516222 -0.0443697 -0.7 0.974852 0.217233 -0.0497344
52.0737 -24.5245 101.958 1.0885 0 -4.5 -0.744773 -0.288515 -0.601725
52.749 4.18794 99.4867 -0.0591208 0 -4.5 -0.915143 0.273993 0.295703
106.273 0.873 99.3816 -1.47854 0 3.84777 0.588788 0.432481 -0.682854
97.6565 -21.2205 93.8265 0.00259661 -0.696065 -0.8 -0.726858 0.0115622 -0.68669
56.2776 -2.71494 85.4929 0.472203 0 -2.29052 -0.613442 0.445754 -0.651914
78.0789 -10.2179 113.283 -0.911077 0 -3.5 -0.192522 0.458291 0.867701
51.5584 -20.8967 105.454 1.40497 0.805732 -4.5 -0.0357774 0.997226 -0.0652713
69.9861 5.44112 72.9979 0.73554 0.0355866 -3.70385 -0.476533 0.357229 -0.803308
74.6595 -26.952 120.24 -0.171728 0 1.11017 0.750538 0.0604139 0.658059
80.5324 0.46175 102.269 -0.397203 0 -1.3 -0.0524848 0.464992 0.883758
84.4826 -12.829 94.0116 -2.42382 -0.220097 -3.5 -0.503373 -0.824235 -0.259331
103.588 -11.7835 94.723 -0.838239 0 -3.12548 0.89966 -0.180986 -0.397311
87.492 -19.7083 102.53 -0.910475 0 3.8 -0.083359 0.643834 -0.760611
66.2442 7.1715 82.1 -0.467539 0 -1.3 -0.946804 -0.00981318 -0.321661
104.335 -2.487 116.364 -0.584672 -0.100468 -3.5 0.143227 0.989634 -0.0105579
96.1424 -28.3657 126.255 -0.367999 0 -0.8 0.112428 -0.768753 0.629586
96.0995 -2.671 114.341 0.293127 0 0.793948 -0.201307 0.706466 0.678514
47.7043 -5.3085 87.8964 0.0575111 0 -0.7 -0.403546 -0.110574 -0.908253
59.6854 -17.9909 108.771 -0.42052 0 1.9 -0.572118 0.530579 0.625434
82.6166 -12.7992 110.747 -0.223561 0.443445 3.8 0.00875081 0.206782 -0.978348
102.164 -14.8872 94.9997 0.745062 0 -3.5 0.92424 -0.318905 -0.209952
85.7254 11.6192 93.6699 -0.189914 0 -4.5 -0.215152 0.667263 0.713071
61.1432 -27.8438 113.072 -0.246865 0.127685 -4.00907 0.253584 -0.801368 -0.541761
111.144 -18.6315 114.98 -1.46628 0 -1.6 -0.760223 -0.578934 0.294782
70.1736 -14.541 112.442 0.218917 -0.201897 -1.19314 -0.898493 0.164309 0.407078
115.363 -13.448 106.784 -0.851493 0 2.8 0.541175 -0.733007 -0.412106
71.908 -24.0788 98.684 -0.507183 0 -0.7 0.706797 -0.532714 -0.465461
105.66 -1.922 110.572 0.3821 0 -3.9 0.851405 0.422226 -0.311183
75.8372 -22.942 121.745 -1.00289 -0.0508775 -3.5 -0.105804 -0.206571 0.972694
91.0104 -10.4908 90.5735 0.165969 0 -1.6 0.953286 -0.129177 0.273055
76.6482 -36.8035 120.475 -0.245857 0 -3.5 0.994784 0.0976464 -0.0294906
80.9845 -13.126 86.6417 -1.63963 -0.0743619 -3.5 0.666241 -0.430479 0.608942
56.421 -3.16062 84.5525 0.578707 0 -0.4 -0.933669 0.127665 -0.33461
94.6815 0.371312 104.345 0.262273 0 -3.9 -0.932718 -0.253386 -0.256579
82.3361 -38.9798 100.219 -0.14915 0 3.8 0.312774 -0.422589 0.850642
78.747 -32.43 110.776 -0.0257241 0 -4.5 0.249859 -0.520967 -0.816189
67.3845 -29.0688 121.638 -0.0297612 0 -3.22151 -0.511837 -0.227989 0.828277
99.7022 -31.8752 121.794 1.14703 0.0966599 -3.9 -0.315457 -0.624497 0.714486
71.7985 -32.4516 107.621 -1.09763 -0.894433 -3.5 0.628635 -0.0557493 -0.775699
80.3431 -21.8713 95.2371 -0.359244 0 3.8 0.179183 -0.826541 -0.533594
106.818 -22.141 92.9894 -0.402621 0 4.5 -0.179121 -0.970186 -0.163262
114.03 -15.612 114.718 -0.400231 0 -1.6 0.536879 0.574426 0.617896
57.7675 -20.3075 87.4587 0.0457869 0 -3.18389 -0.608834 -0.614871 -0.501254
67.2814 0.456187 99.2406 -0.149764 0 2.8 0.617396 0.409347 0.671757
89.2845 -14.2255 130.618 -0.585484 0.490304 -1.18872 -0.192889 -0.57207 0.797201
67.0752 -20.7278 120.432 -0.418193 -0.509963 -2.66687 0.675931 0.736213 0.0332796
98.1324 -29.8581 114.775 -0.852172 -0.120227 -3.75741 0.318224 0.784815 -0.531788
82.0183 -9.26612 103.832 -0.960224 0 -0.8 0.527343 -0.0248842 0.849288
77.8848 -11.098 101.862 -0.232898 0 -0.4 -0.175778 -0.867776 -0.464831
99.1925 6.46881 106.127 -2.48165 -0.327875 -3.5 -0.302342 0.051537 -0.951805
70.2963 -7.66294 72.6598 -1.67112 -0.673117 -0.8 0.273301 -0.454171 -0.847959
97.7855 7.61875 108.324 -1.87303 -0.0296445 -3.5 -0.517077 0.802996 0.29636
61.4375 -20.3245 113.989 0.461957 0.54693 -0.8 -0.870006 0.487073 -0.0764781
56.4879 -17.5442 106.485 0.201658 0 -0.7 -0.474289 -0.266815 0.838963
64.0599 -5.82 74.681 -1.27761 -0.0528081 -3.5 -0.646638 -0.476509 -0.59565
67.0943 7.53006 91.1604 -1.18776 -0.289316 -3.5 -0.595224 0.749817 -0.288935
51.5121 -22.4581 107.548 0.672234 0.0199782 -4.5 0.0302281 0.312596 0.949405
89.2046 7.62913 83.248 -0.106082 0 3.8 0.565233 0.688223 -0.45482
88.2499 -34.8679 101.405 0.0524274 0.0495219 -3.5 0.457946 0.0817744 -0.885211
67.0962 4.80831 77.736 2.21975 0.166689 -3.9 -0.710056 0.675774 0.197866
82.756 -15.4187 109.062 -0.667307 0 3.8 -0.373363 0.653972 -0.657967
100.51 5.60581 113.786 -0.410397 0 1.9 0.583606 0.808254 -0.0782858
51.6012 -11.9915 101.088 0.0944045 0 -1.05695 -0.418541 -0.462384 0.781681
71.077 6.77219 71.8828 0.461106 0 -3.5 -0.651399 0.0865997 -0.753777
64.853 -19.7429 90.3821 -0.1292 0 4.2 0.161197 -0.965768 0.203242
100.495 -25.6628 114.44 -0.91043 0 -0.8 0.27802 -0.262636 -0.923974
96.1321 -9.00925 132.736 -1.67779 -0.276102 -1.6 -0.168656 -0.563967 0.808391
72.8232 -18.7477 97.1587 -0.934769 -0.157735 -1.7793 0.882126 -0.34744 0.318024
85.8495 -2.9585 82.1785 -0.00159764 0.251486 -3.5 0.72296 0.389938 -0.570331
99.1433 5.75056 112.743 -0.298306 -0.0305243 -0.240207 0.194672 0.972363 -0.128895
96.5565 -6.79862 91.216 0.00310286 -0.883007 -0.8 0.517816 0.0268149 -0.855071
87.2982 1.482 102.79 -0.38924 0 -0.8 0.230293 -0.33982 0.911859
106.146 -17.955 116.29 0.126389 -0.623577 -0.8 0.701791 -0.522045 0.484725
76.6059 -3.58194 104.503 -0.275189 0 -3.9 -0.224241 0.973029 0.054134
107.777 -6.2635 108.741 -2.90014 0 -1.39987 -0.4505 0.855639 0.254817
87.5496 12.9823 89.1393 0.0776046 0 -4.5 0.281801 0.772525 0.569029
112.279 -13.7575 112.083 -0.651548 0 -1.6 0.25721 0.553541 0.792108
80.575 -27.3719 97.9863 2.50499 0 -3.9 -0.150489 -0.0110175 -0.98855
93.7497 -16.8039 126.192 -1.23921 0 -0.8 0.0114462 -0.311053 0.950324
83.9064 -38.7421 98.1872 -0.193977 0 3.8 0.929918 0.0679903 -0.361428
70.4919 -17.9109 111.813 0.051181 0 -1.3 -0.864722 -0.5021 -0.0123457
69.9287 -22.6285 94.4617 -0.57805 0 -3.70451 0.766841 -0.358272 -0.532538
60.0407 -8.97269 109.555 0.211863 0 1.8 -0.387477 0.669236 0.634023
101.402 4.7125 113.379 -0.203553 0 1.9 0.847169 0.495102 0.192816
93.415 -28.295 122.052 -0.00690225 0 -3.9 -0.161513 -0.800527 0.577122
82.8161 -13.1806 103.576 -2.16425 -0.3822 -1.6 -0.803026 0.244021 0.543694
105.851 -22.1332 94.4095 -0.418481 0 4.5 -0.0159534 -0.855345 -0.517813
57.2492 -24.3778 96.7767 0.124805 0.442132 -0.477702 -0.325729 -0.324924 -0.887877
59.9333 -3.37869 108.163 -0.405466 0 -0.7 -0.546244 -0.30054 0.781853
93.0932 -12.8208 99.6987 -0.817356 -0.832275 -3.84844 -0.586203 0.522155 -0.619452
69.6159 -11.4459 84.5516 -0.911047 0 4.5 0.829691 -0.556354 -0.0456439
56.882 -7.73375 83.743 -0.763365 -0.0537122 -1.3 -0.0465868 0.449222 -0.892205
85.5706 1.33837 124.687 1.39273 0.845526 -3.9 -0.500967 0.185564 0.845339
112.229 -8.24562 108.611 -1.80661 0.0695912 -3.2 0.853124 0.279143 -0.440748
67.7296 -31.5341 121.833 0.0114871 0 -0.9 -0.374245 -0.30782 0.87475
112.097 -21.3053 113.69 -0.42419 0 -0.8 -0.931105 -0.289209 -0.222266
88.6895 -22.5583 121.825 -0.424706 -0.345729 4.2 -0.352479 0.185998 0.91715
101.615 4.39325 108.457 -0.83372 0 -3.5 0.988141 0.0107671 -0.153172
97.3662 -2.70738 132.264 -0.531533 -0.28177 -4.18782 0.436788 0.784698 0.439848
83.7313 0.0668125 77.2053 -1.07944 -0.157092 -1.3 0.755565 0.365234 -0.543807
88.6189 -8.73812 94.8956 -0.515726 0 -2.64844 0.643913 -0.740866 -0.191034
97.3114 -1.98337 138.894 0.407092 0 -4.5 0.681444 -0.328218 0.654146
104.393 -23.127 123.275 0.954427 0.321763 -4.5 0.223022 0.19979 0.95412
61.4781 -23.403 108.959 0.15295 0.542823 -1.19089 -0.168671 0.430862 0.886515
93.5799 -26.451 113.568 -0.684837 0 -0.9 -0.167247 -0.263708 0.949993
76.512 12.6538 82.8519 -0.30713 -0.114183 -3.84642 -0.535174 0.843502 -0.0457495
74.762 1.64112 100.323 -1.08549 0 -3.5 -0.369041 0.0763644 0.926271
75.2695 -35.303 101.322 -1.19394 -0.685406 -3.5 -0.856059 0.465062 -0.225567
82.217 7.55319 79.8194 -0.724168 0 -3.5 0.932405 0.189182 0.307947
94.3575 7.52738 85.6428 -0.251712 0 4.5 0.84164 0.458621 0.285148
111.77 -5.75637 116.251 -0.648268 0.0217589 -3.5 0.951096 0.202301 -0.233435
73.2207 -19.8472 95.3765 -1.65219 -0.640427 -3.5 0.48194 -0.765332 0.426615
107.584 -3.68675 112.532 0.692358 -0.080041 -0.853406 0.692178 0.534645 -0.484814
105.807 -30.4835 108.42 0.426327 0.551146 1.8 0.392055 -0.520388 -0.75861
101.175 -20.6574 94.3021 -0.406071 0 -0.8 0.0758233 -0.0782905 -0.994043
68.4498 -39.8849 115.969 -2.21579 -0.339738 -3.5 -0.521825 -0.757306 -0.392665
81.195 8.273 93.104 -0.62128 0 2.8 -0.643947 0.364553 0.672632
101.132 -24.7655 114.48 -1.44622 -0.884281 -0.8 0.211771 -0.359523 -0.908788
97.9785 -36.2126 99.1618 -2.13579 -0.816181 -3.5 0.157801 -0.933151 -0.323
65.7384 -1.37038 105.473 -1.72678 -0.269957 4.5 0.75596 0.492109 0.431687
82.8356 -9.06388 126.728 -0.124878 0 -4.5 -0.968695 0.221086 -0.112923
89.2382 -27.0556 111.098 -1.30161 -0.232635 -3.5 0.296906 -0.778336 0.553209
103.952 0.641312 108.079 -0.291905 0 2.8 0.57702 0.807605 0.121747
60.0725 -8.50425 83.2571 0.514636 0 -3.9 -0.734513 -0.351172 -0.580662
81.4157 12.7139 92.7463 -0.572086 0 -0.4 -0.337085 0.255058 0.906267
64.8092 3.25019 81.7048 -0.358842 0 -3.5 -0.891131 0.417759 0.177095
83.5363 -6.87469 127.493 0.330374 0.101135 -4.15381 -0.713636 0.171842 0.679113
77.9039 5.08913 73.3042 0.108818 0 -3.5 0.173524 0.978625 0.110373
54.9341 -25.8165 99.6676 0.256609 0 1.8 -0.543973 -0.833472 0.0970411
94.2278 -32.0639 115.268 -0.0119072 0 -3.5 -0.0654953 0.10017 0.992812
78.9629 -9.02581 78.4372 -0.774709 -0.325497 -0.7 0.980021 0.188965 -0.0620518
86.8746 -3.41794 83.3954 -0.603129 0 -0.8 0.687777 -0.0418324 -0.724716
82.713 14.8964 83.8952 -0.528166 0 -3.5 0.247231 0.414007 -0.876056
86.656 3.23625 81.9129 -0.267818 0 3.8 -0.611474 -0.325372 -0.721271
54.6351 -3.724 85.3333 -1.00775 0 -3.5 -0.38763 0.347353 -0.853867
63.5447 -26.6022 121.594 2.73131 0.260909 -3.9 -0.459108 0.0985931 0.882893
113.672 -23.2962 113.638 -0.54013 0 -0.8 -0.0281594 -0.699204 -0.714368
80.0241 -15.0115 123.441 -0.318314 -0.101254 3.93655 -0.315051 -0.0533668 0.947573
102.006 -34.7159 98.4406 1.76904 0.371439 -3.9 -0.18692 -0.609734 -0.77025
90.8913 4.0175 101.497 -0.113697 0 -1.6 -0.275249 0.471412 0.83786
113.108 -16.9574 115.525 -0.628206 0 -1.6 0.385615 0.26271 0.884468
63.2368 -23.8838 109.083 -0.0522964 0 3.8 -0.216447 0.41405 0.884145
72.4573 -20.3474 99.5574 -0.581555 0 -0.79357 0.965332 0.210868 0.153844
109.394 -21.3146 99.8985 -0.277388 0 4.5 0.177163 -0.972996 -0.147962
94.7025 0.3975 113.69 0.855134 -0.193022 -0.192838 0.452753 -0.24853 0.856299
99.1442 -16.4282 126.775 -1.26896 -0.225182 -3.70636 -0.377193 -0.303059 0.875146
97.5976 -11.989 129.419 -0.299271 0 -0.4 0.147641 -0.802349 0.578307
82.8532 -29.2418 114.365 -0.382384 0 -4.04871 0.578178 -0.23966 0.779919
55.3963 -10.9998 112.605 0.260386 0.076666 -4.5 -0.276104 0.0617275 0.959143
64.4711 -16.615 84.8438 -0.372716 0 -3.5 0.253272 -0.319098 -0.913252
96.3392 -14.8005 96.145 1.1634 0.121525 -2.71612 -0.814054 -0.346126 -0.466383
84.7826 -5.31281 127.939 0.0770927 0 -0.4 -0.308553 -0.199023 0.930153
53.0556 -24.2616 100.999 0.582562 0 -4.5 -0.71215 -0.0541742 -0.699934
102.909 -2.35206 116.967 -0.00176779 -0.222133 -2.34847 0.577788 0.792541 -0.195036
102.89 -14.0831 124.116 -0.888959 0 -4.5 0.695559 0.354996 -0.62464
75.0983 -34.8805 112.893 0.0123091 0.392068 -4.5 0.505945 -0.783946 0.35979
99.8045 -23.3633 124.993 -1.08644 0 -0.8 0.335037 0.806056 0.487878
88.778 1.16131 81.3942 1.25007 0.781441 -0.8 0.640862 0.105655 -0.76035
110.864 -8.34863 103.091 -0.419246 0 -1.6 0.843864 0.450991 -0.290691
103.018 -16.7073 120.173 -1.02424 0 -1.6 0.496974 -0.695063 0.519523
111.313 -12.0016 117.393 -0.878177 -0.60507 0.776785 0.843353 -0.259596 -0.470496
92.0678 -4.48975 118.069 0.105427 0 3.80573 0.434727 0.816749 0.379386
54.9904 -12.8263 90.0134 0.713488 0.105405 -1.43812 -0.872214 -0.44765 -0.197112
85.562 14.6789 85.1482 -1.61178 -0.136387 -3.5 0.735675 0.29338 -0.6105
64.565 9.558 107.076 0.454761 0 4.5 -0.116987 0.72589 -0.677789
55.2481 -7.46244 85.6377 0.103826 0 -1.3 -0.852582 0.158041 -0.498123
49.1056 -9.06006 98.4744 0.394808 0 -0.454521 -0.779296 -0.573975 -0.251496
74.1038 -12.9935 100.791 -0.51866 0 4.2 0.805841 0.565959 0.174099
103.948 -0.382688 122.316 -0.149778 -0.101046 -0.7 0.184659 0.675019 -0.714318
56.6385 -13.0716 85.2467 0.418867 0 -3.9 -0.29491 0.0878559 -0.951478
75.9779 -0.842375 99.743 -0.707118 0 -3.5 0.0466062 -0.287846 0.956542
95.8864 -26.6588 117.672 -0.409386 0.0128397 -2.0845 -0.206789 0.115394 -0.971557
55.8881 5.55656 91.1374 0.0696196 0.407661 -3.12305 -0.340593 0.907671 -0.245213
109.283 -20.5098 92.0279 -0.39095 0 4.5 0.833943 -0.0381478 -0.550531
52.1084 -3.14244 104.596 -0.545886 -0.437445 -3.5 -0.387118 0.132224 0.9125
56.3983 2.0225 105.481 -0.768282 0 -3.5 -0.881266 -0.196571 0.429803
82.0437 -9.90063 99.8785 -1.59611 -0.493466 -0.8 0.0445218 -0.234688 -0.971051
99.4547 -5.18031 94.9753 -0.336388 0 -0.8 0.173493 0.937657 -0.301162
97.579 -32.937 117.958 0.170664 0 -3.9 -0.699719 -0.659783 0.274005
83.2749 11.1103 93.3904 0.0338235 0.439062 -4.5 -0.250824 0.00620514 0.968013
107.975 -16.9464 121.471 -0.427156 0 -3.5 -0.260801 -0.910743 0.320202
77.6442 -37.907 99.8992 -0.308023 0 -3.5 -0.606119 -0.240614 -0.758106
70.1074 -20.3026 92.6303 0.027121 0 -4.5 0.502826 -0.832695 -0.231916
65.3854 -38.8485 116.853 1.2044 0.825137 -0.7 -0.522257 -0.79614 -0.305628
65.0336 1.60238 104.041 0.497351 0.0303814 4.5 0.988087 0.133825 0.075997
70.3926 8.47969 84.9794 0.508379 0 3.96804 -0.0276378 0.921902 -0.386436
102.276 -1.22194 116.137 -0.37727 0 -3.00754 0.976308 0.198969 0.0850557
71.7704 10.0106 75.7599 0.335788 0 -3.22134 -0.316126 0.679714 -0.661856
106.099 -22.9809 101.933 0.225859 0 2.31008 0.876753 0.318022 0.360786
92.189 -25.3515 99.2328 -0.134802 0 -3.5 -0.831737 -0.461968 0.307895
111.682 -9.68675 108.829 -2.53977 0 -3.2 0.192406 -0.273837 -0.942334
104.248 -1.0625 98.3838 -0.265017 0 4.5 0.426234 -0.0857537 -0.900539
84.0515 -10.4011 89.6579 0.00673299 0.884767 -3.5 -0.323371 -0.933368 0.155743
76.6973 11.4839 91.0273 -0.985366 0 -3.5 -0.948991 0.311318 -0.049966
60.3363 7.12406 95.7046 -0.229694 0 3.8 0.57302 0.582516 0.576475
106.636 -2.68088 116.16 -0.406619 -0.320545 -2.4413 -0.162998 0.971954 -0.16952
69.2992 10.158 76.9775 -0.789413 -0.415849 -0.8 -0.637814 0.00451286 -0.770177
55.2122 1.47875 104.495 -1.00164 0 -3.5 -0.105682 0.062801 0.992415
106.737 -20.089 102.771 -0.324183 0 4.5 0.232718 -0.951313 0.202106
46.9299 -1.75238 93.8715 -1.50287 0 1.8 -0.77345 0.601667 -0.199429
95.1044 -20.1046 101.506 -1.16366 -0.12227 2.70402 -0.110033 -0.108813 -0.987954
102.876 0.952438 107.515 -0.417285 0 2.8 0.479029 0.835338 0.269706
63.6738 -4.14819 75.9137 -1.59881 -0.384305 -3.5 -0.967137 0.24747 -0.0583487
70.4084 -19.1152 113.149 0.109446 -0.201834 -1.03697 -0.880531 0.300336 -0.366693
83.9959 -4.82463 98.8779 -1.0206 -0.753297 -0.261239 0.231158 -0.882797 0.408944
65.3412 -36.0924 114.968 -0.288214 0 -0.7 -0.492737 -0.211833 -0.844001
90.5955 -26.4886 104.363 -0.977115 0 -1.3 -0.0502995 0.128247 -0.990466
63.242 -20.204 88.926 -0.278203 -0.0397814 3.84324 0.378729 -0.780128 0.49796
57.7197 6.64419 87.7014 0.887204 0.798121 -0.8 -0.205981 0.862494 -0.462252
58.4225 -18.318 86.1413 0.333048 0 -1.6 -0.085202 -0.357566 -0.929993
87.5534 -7.34613 114.37 -0.66437 0.00873058 3.98432 -0.88411 0.099692 -0.45652
66.1039 -19.7376 87.1192 -0.130375 0 4.2 0.344743 -0.635703 -0.690677
83.1373 -3.03425 125.988 -0.493922 0 -0.4 -0.443349 0.714459 0.541286
54.3381 -16.2887 89.4434 0.577233 0 -3.27343 -0.812398 0.0613502 0.579868
78.7624 -14.2844 88.4944 -1.02291 0 -1.35411 0.861858 0.0537795 0.504289
77.9599 -22.8227 102.751 -1.45048 0 -1.3 -0.781675 0.189414 -0.594228
89.4991 -2.36206 123.223 0.0244933 -0.036332 4.2 0.623453 0.708199 0.331301
52.4238 -11.9081 102.359 0.155296 0 -1.6 -0.81332 -0.440409 0.380197
91.666 -3.14975 120.726 0.127506 0 4.2 0.683172 0.485572 -0.545432
76.5175 -32.3205 107.863 -0.47587 0 -3.9 0.643992 -0.290455 -0.707749
64.8115 4.745 103.388 -1.09933 -0.618763 1.47107 0.970167 0.061579 -0.234485
111.258 -11.2333 114.278 -0.739816 0 -3.2 0.689873 -0.695601 0.200535
79.1557 -0.0175 71.2178 -0.133369 0 -0.8 0.883752 0.4574 0.0988315
105.22 -3.18875 98.9641 -0.416327 0 4.15548 0.241132 0.26358 -0.934013
89.4391 -28.5883 109.703 -1.06898 0 -1.3344 0.142432 -0.584774 0.798594
105.946 -23.5045 95.8948 -1.40295 -0.0831842 -3.5 0.600081 -0.435967 -0.670698
83.1813 -27.3864 119.636 -0.586883 0 -3.5 -0.791734 -0.269453 0.548226
85.5115 1.678 120.662 0.178229 0 -3.9 -0.327466 0.637338 -0.697543
71.0914 -10.8331 85.3736 -1.27345 0 2.8 0.173052 -0.97808 -0.115809
73.6647 9.787 78.4731 -0.806538 0 -0.8 0.231641 0.747337 0.62276
109.06 -3.66175 106.042 -0.82014 0 -3.5 0.642688 0.126103 0.755679
114.105 -13.9331 106.106 -0.737513 0 2.4677 0.64007 -0.755309 0.140779
60.8537 -36.9272 115.812 -2.53572 -0.30081 -3.5 -0.12821 -0.963452 0.235208
99.5427 -30.9256 104.188 -0.182144 0 4.2 0.858483 -0.507132 -0.0763131
112.261 -19.9799 99.7302 -0.528162 0 4.5 0.954388 -0.271635 -0.123924
113.669 -18.0135 109.785 -0.177968 0 2.8 0.943509 -0.0723888 -0.323343
66.8276 -14.6427 76.33 0.313366 0 -3.9 0.612143 -0.174784 -0.771189
79.1526 -12.6609 117.332 -0.328603 0 -3.5 0.162227 0.907863 -0.38661
86.0301 7.53575 82.556 -0.202019 0 3.8 -0.222456 0.361972 -0.905257
82.8014 -40.4321 99.3637 -0.205474 0 3.8 0.393358 -0.702358 0.593265
77.0572 -33.9127 116.677 0.426791 0 -4.5 0.677467 -0.707185 0.202308
75.4929 -3.78625 71.3025 -0.387425 0 -1.21659 0.252225 -0.753892 -0.606654
93.9927 -8.1945 132.705 -0.456645 0 -0.9 0.0088198 -0.156625 0.987619
87.0824 -18.6176 102.94 -1.82047 0 -3.5 0.585486 0.143035 -0.797964
60.7774 -7.76038 106.095 -0.285804 0 -2.43271 0.0255858 0.378784 0.925132
83.0975 -11.6508 102.768 -0.365552 -0.921524 -1.6 -0.493076 -0.00386231 0.869978
71.2247 -4.9565 70.809 -0.672213 -0.269916 -3.5 -0.167037 -0.652566 -0.739091
46.4563 -3.37881 93.5882 -0.458193 0 1.41008 -0.918373 0.357307 -0.170066
96.7191 -28.0441 123.294 0.0893942 0 -0.8 -0.0615117 -0.96225 -0.265124
104.899 -31.6887 111.877 0.13837 0 -3.5 0.553576 0.433426 0.711123
110.218 -10.9377 100.119 -0.593818 0 -1.6 0.336908 0.807927 -0.483475
68.2127 -4.0635 69.3126 0.211836 0 -4.5 -0.17934 -0.611719 -0.770478
75.9873 -30.6219 122.589 0.536785 0.364335 -1.62836 0.796117 0.293192 0.529374
68.6455 -10.7443 75.2213 0.909388 0.092399 -0.8 -0.52156 -0.704845 -0.4808
108.343 -21.3108 104.13 -0.232673 0 2.8 -0.132491 -0.590425 -0.796143
63.3454 -17.1389 76.5693 3.20932 0.188653 -3.9 -0.648459 -0.447239 -0.616019
106.691 -34.2834 112.259 -0.442514 0 -3.5 0.794647 0.402376 0.454565
113.948 -11.7694 100.163 -0.593397 -0.145356 -3.5 -0.346884 0.733069 -0.585049
59.4406 -5.45775 82.7009 0.983944 0.275839 -1.04074 -0.549629 -0.702963 -0.451388
77.4169 -20.4813 94.5407 -0.186241 0 3.8 -0.497016 -0.856718 -0.137872
91.4591 9.7225 89.9427 -0.203191 0 -3.65213 0.721419 0.651902 -0.233618
83.171 -8.30688 96.285 -0.658398 0 -0.7 0.54342 -0.12474 0.830141
72.4575 -9.29025 76.9583 -0.383684 0 -1.3 0.915938 -0.205838 -0.344511
55.0522 2.41456 103.599 -0.801525 0 -3.5 -0.545043 0.726724 0.418091
46.8404 -7.182 93.7557 -0.716174 -0.492214 -0.4 -0.689594 -0.624963 0.365898
53.8446 -25.9781 102.922 0.697087 0 -4.5 -0.099438 -0.930395 -0.352813
54.6524 5.26281 91.0676 0.421353 0 -3.5 -0.258798 0.594854 -0.761033
111.17 -1.79644 105.902 -0.201947 0 -3.5 0.715414 -0.592892 0.369678
69.7326 -16.7631 114.505 -0.00101576 0 -0.992688 -0.875963 0.142119 -0.460967
95.7786 -19.572 96.0825 -1.78514 -0.708377 3.79465 -0.902017 -0.0774717 -0.424692
77.8266 13.4265 83.8155 0.267596 0.355496 -3.5 -0.456668 0.863954 -0.212222
71.793 -27.2218 123.368 0.0127708 0.0254993 -1.76768 -0.351467 0.724319 0.593155
52.1334 -18.8832 97.2311 0.63043 0.0598379 -0.8 -0.661511 -0.747533 0.0599812
85.6985 -10.234 111.38 -0.793658 -0.996188 -0.7 -0.316014 0.94562 -0.0770529
47.2216 -6.77738 95.2949 -0.0911144 0 -0.4 -0.682304 -0.693964 0.229946
63.9577 -19.5845 91.4325 -0.307936 0 3.99441 0.197919 -0.950425 -0.239833
89.263 -15.5854 101.521 -0.845761 0 -3.2403 -0.38428 -0.893284 -0.233178
85.0882 11.3886 84.5697 0.184033 0.485908 -0.870722 0.653412 0.303098 -0.693675
88.402 -27.5385 119.837 0.0679148 0.296864 -3.73954 -0.0963857 -0.899175 -0.426842
53.5292 -22.0746 105.134 0.709416 0 -4.5 0.210498 0.912259 0.351389
80.606 -12.5507 117.165 -0.472322 0 -3.5 -0.461005 0.578359 -0.673034
101.438 0.412375 119.186 0.192045 0 -0.8 0.333636 0.937182 0.101872
57.9805 -16.593 85.9175 0.371021 0 -3.03408 0.169318 -0.232667 -0.957704
86.9207 -20.7533 121.829 -1.3674 -0.106846 4.2 -0.281639 -0.421279 0.862092
78.3064 -8.6775 96.4109 -0.922155 0.0586414 -2.75365 0.452726 -0.693994 0.559832
54.7336 -10.7515 110.333 -0.185458 0 -4.5 -0.875931 0.254962 -0.40956
51.7041 -25.9534 104.19 0.5511 0.0909973 -4.5 -0.619645 -0.699049 -0.356892
67.0057 8.19625 108.991 -0.0158159 0 4.5 0.884504 -0.303955 0.353926
74.332 -9.05425 79.1046 -0.61416 0 -1.13983 0.126237 -0.209779 -0.969565
92.137 -22.603 97.8699 -1.34302 -0.3167 -3.5 -0.757522 0.64291 -0.113258
102.428 -34.9279 109.68 -0.300781 -0.611111 -3.04603 -0.198017 0.206516 -0.958196
104.799 -8.37119 94.7041 -0.56599 0 -3.5 0.822865 -0.471818 -0.316672
94.4828 -34.6157 114.655 0.219891 0.643598 -3.5 0.280616 -0.938623 0.200604
88.3475 -25.4705 118.59 0.197708 0.777228 -3.9 0.610044 -0.22269 -0.760431
83.947 4.345 82.8315 -0.201677 0 3.8 -0.117109 -0.0273011 -0.992744
88.246 -16.477 127.909 -1.102 0 -3.5 -0.116866 -0.961838 0.247405
66.4857 8.644 80.9017 0.0830036 0 -1.3 -0.805272 0.398541 -0.438979
72.5638 2.32525 69.0291 0.144167 0 1.8 -0.818099 0.290066 -0.496564
93.3386 -21.7904 126.915 -1.99649 -0.0897113 -0.8 -0.544198 0.140659 0.827081
99.1837 -24.4945 111.659 -0.675507 0 3.86485 0.647368 -0.446449 0.617736
62.0009 -27.0109 118.619 0.538146 0 -3.8473 -0.688902 -0.4393 0.576567
114.825 -21.412 113.023 -0.708576 0 -0.8 0.320012 -0.450291 -0.833565
85.248 -7.918 115.119 -0.235396 0.179165 -0.890056 -0.042309 0.64219 -0.765377
93.8173 5.12225 116.542 -0.545734 -0.854421 -0.8 -0.849033 0.483015 0.2141
62.5583 -18.043 111.436 -1.37345 -0.494757 -3.5 -0.604619 0.463884 0.647494
79.4295 4.99788 76.147 -0.01319 0 -3.5 0.3289 0.156425 -0.93132
115.539 -11.1289 100.559 -1.63096 -0.09901 -3.5 0.0242282 0.84908 -0.527708
52.9147 -20.269 87.5587 2.4186 0.381379 -3.9 -0.646142 -0.747871 0.152279
62.5346 -11.9718 81.3099 3.281 0 -3.9 -0.545164 -0.807402 0.225607
99.0881 -2.82344 90.0824 -0.154219 0 -1.6 0.595487 -0.240462 -0.766533
91.0063 -2.73738 111.278 0.0416234 0.401482 2.20201 -0.206797 0.168611 -0.963746
63.4333 8.83575 106.131 0.627221 0.179044 2.4968 -0.0324101 0.785625 -0.617854
62.6344 -11.8433 110.387 0.260175 0 -1.01753 -0.421452 0.0108614 0.906786
102.123 -26.1387 121.399 -0.894625 0 -3.5 0.825044 -0.159157 -0.542192
60.0135 6.5095 88.4852 -0.0923007 -0.0936675 -0.710049 -0.189549 0.962546 -0.193844
118.307 -15.0253 99.7335 -1.90585 -0.25278 -3.5 0.39524 -0.714559 0.577227
70.3919 -15.6868 87.0149 0.306048 0 -4.5 0.24828 -0.0184439 -0.968513
103.521 -26.4656 103.395 -0.295201 0 1.8 -0.323921 -0.731641 -0.599813
78.2866 -10.6558 90.8549 -1.4169 -0.165068 -1.23571 0.300513 -0.339709 0.891229
61.3216 -27.9779 117.765 -0.329451 -0.0251465 -3.5 -0.564168 -0.510975 0.648552
88.2379 -6.79294 95.656 -0.923255 -0.100307 1.46154 -0.455795 -0.493858 0.74051
49.6826 -6.61088 88.0331 0.0645211 0 -0.7 -0.123841 -0.31588 -0.940682
96.8968 -35.8861 105.602 -2.6378 -0.781308 -3.5 -0.220038 -0.969355 0.109244
55.3993 3.57506 82.8136 0.238031 0 2.8 -0.216089 0.908968 -0.356486
115.879 -14.9539 97.1627 -0.571338 0 -3.5 0.0061339 -0.43658 -0.899644
79.8306 -8.92625 96.031 -0.168021 0 -0.7 -0.29338 -0.600478 0.743878
72.732 -19.983 93.9402 -0.98376 0 -3.5 0.125041 -0.975655 -0.180174
64.6605 -14.234 111.621 0.164444 0 -1.6 0.19505 -0.0863101 0.976988
45.9007 -5.61719 100.066 0.03085 -0.0744358 1.8 -0.951232 0.133964 0.27787
112.11 -12.4528 112.047 -0.704798 0.0828891 -2.68068 0.249562 -0.367099 0.896079
59.932 -2.31469 79.2191 0.112907 0 -0.4 -0.436287 0.489398 -0.755078
81.1742 -6.21256 102.848 -0.269796 0 -1.17639 0.526561 0.0962515 0.844671
67.0441 -0.719625 101.522 -0.783298 0 2.8 0.511016 0.63903 0.574894
101.824 -23.413 113.172 -0.87367 0 3.70095 -0.230526 -0.945831 -0.228609
78.5308 -6.75681 122.193 -0.124847 0 -0.9 -0.992231 -0.0654414 -0.105807
54.6283 1.38969 82.8229 -0.110029 0 2.8 -0.729838 -0.45348 -0.511558
64.3715 -1.87487 106.83 -0.672076 -0.0904712 1.4518 0.454624 0.780423 0.429252
88.5512 -8.37912 107.809 -0.010589 0 -0.7 -0.722916 0.602434 -0.338327
64.384 -22.7183 110.018 -0.27945 -0.000804372 4.5 -0.875599 -0.144681 0.460861
78.9922 -8.70031 79.767 -0.678918 0 -3.5 0.834001 0.361094 -0.417197
73.8594 -11.0181 86.7832 -0.710254 0 -0.4 -0.373902 -0.906019 -0.198308
89.4721 11.5049 85.8132 0.703457 0 -4.5 0.20308 0.538557 -0.81775
64.5612 -11.9635 77.0898 0.719786 0 -3.9 -0.589494 0.43502 -0.680628
45.8416 -7.95456 100.157 0.0522127 0 1.8 -0.872856 -0.487585 -0.0195671
90.4428 11.6844 86.9868 0.900638 0 -4.5 0.656444 0.741587 -0.138309
84.6158 0.434625 101.545 -0.363094 0 -1.20987 0.0556731 -0.278259 0.958891
91.4315 -29.0224 120.501 1.49236 0.00553322 -3.9 -0.466291 -0.693037 0.549793
76.8254 10.2858 93.0785 -2.57067 -0.522615 -3.5 -0.718948 0.0358867 0.694137
113.803 -12.2692 111.409 -0.723876 0.0381484 1.92354 0.530667 0.179701 0.828312
63.2132 6.23644 90.473 -0.188976 0 -0.7 0.13788 0.839509 0.525561
78.2765 -10.696 76.6902 -1.47506 0 -3.5 0.0883547 0.283801 -0.954804
81.6359 10.9401 82.3401 -0.662199 0 -0.881934 0.596872 0.798561 0.0777395
69.1379 -20.3929 119.135 0.0112745 0 4.2 -0.703658 0.597324 0.384798
61.6258 -22.4755 87.3799 -2.05635 0 -3.5 0.588029 -0.453274 -0.669899
84.8576 -19.066 124.473 -1.8329 -0.0796208 -0.8 -0.0867697 -0.566525 0.819463
71.655 11.3686 79.6686 -0.00397233 0 -0.8 0.480918 0.616213 0.623698
106.509 -9.21031 128.67 -1.42735 -0.892507 1.8 0.476523 0.87863 0.0305955
75.991 -20.1967 122.024 -0.222911 0 -3.5 -0.0718635 -0.163043 0.983998
91.0145 -30.7316 106.173 -0.659891 0 -1.3 0.0368959 -0.98426 0.172834
83.4589 -13.6158 98.6794 -0.686229 -0.242472 -3.5 0.227633 0.452127 -0.862418
93.935 -1.35913 134.191 0.747014 0 -4.5 -0.594512 0.744635 -0.303439
86.928 -7.88013 81.3469 -1.85588 -0.328422 -3.5 0.758696 -0.259361 -0.597589
81.6476 -19.3692 96.7429 -0.5289 0 3.8 0.927348 -0.220066 0.30265
99.7616 -5.90387 133.604 0.121652 0 -1.6 -0.0386976 0.439959 0.897184
105.92 -25.4424 120.634 -0.508626 0 -4.5 -0.158594 -0.987129 0.020607
62.1262 3.2005 79.0993 -0.0280067 0 -3.5 -0.64285 -0.0851314 0.761247
102.144 -32.1816 113.373 -0.140558 0 -0.8 0.236502 0.867383 0.437851
107.577 -3.88125 120.448 -0.269605 0 -3.5 0.499123 0.457175 0.736116
70.9941 5.21063 72.0283 0.720941 0.524263 -3.5 -0.570535 0.170091 -0.803467
94.5034 3.21913 102.059 -0.181582 0.865429 -3.83069 -0.436055 0.762039 0.478699
74.953 3.86138 69.047 0.119874 0 1.8 0.354717 0.915574 -0.189471
95.9723 5.27231 88.7748 -0.320412 0 1.8 0.671895 0.50037 -0.546065
107.134 -22.1494 115.123 0.345462 0.0562416 -3.5 0.953392 0.298052 0.0469971
108.939 -18.0588 112.19 -0.506101 -0.21748 0.319054 -0.224214 -0.930058 0.291068
108.003 -7.54187 124.885 -0.488594 0.129299 -3.5 0.921213 0.372279 -0.113026
64.8564 6.08437 101.015 0.0960893 0 1.9 0.796306 0.561298 0.225479
68.6188 2.90987 98.2011 -0.218064 0 2.8 0.937506 -0.276913 0.210717
96.4525 -1.36762 119.986 0.230365 0 4.2 -0.325146 0.872604 -0.364474
58.012 -19.6407 89.0142 0.333195 0 -1.6 -0.864207 -0.491388 0.108097
70.4814 -13.0265 109.165 -0.633927 0 -0.727145 0.952603 0.293574 -0.0797564
82.9965 -18.4028 100.204 -0.51375 0 -3.5 -0.300749 -0.911609 -0.280213
49.4077 2.84175 98.4173 0.637527 0.465078 -0.7 -0.691052 0.711801 -0.125646
106.388 3.901 103.242 -0.48003 0 -3.5 0.630027 0.757263 0.172101
91.1081 -11.9388 132.77 -0.625643 0 -0.9 0.0413104 -0.286864 0.95708
74.2592 -12.367 82.1679 -0.979681 -0.0435449 3.7232 -0.0269451 -0.650116 0.759357
70.79 9.535 81.1131 0.947932 0.0722665 -0.863175 0.100663 0.867026 0.487988
91.921 2.86262 84.9323 -0.188957 0 4.5 0.397809 -0.442178 -0.803882
62.4563 1.54087 78.4356 0.127603 0 -3.5 -0.484396 -0.654544 0.58046
57.087 0.01 82.027 -0.0449267 0 2.8 -0.449592 -0.460079 -0.765634
107.39 -27.4503 111.245 0.302084 0.0173132 1.84254 0.580708 0.0155478 0.813963
73.1604 -20.7835 90.097 -0.170137 0 3.8 -0.044054 -0.846107 0.53119
54.591 -13.8644 92.5066 0.16411 0 -2.16583 -0.794295 -0.587207 -0.155832
90.1819 -0.0435 101.922 -0.128553 0 -1.6 -0.114388 -0.3493 0.930003
92.1556 1.09 115.257 0.394134 0 -0.8 0.119705 0.575699 0.808852
105.239 -36.5049 108.908 -1.63696 0 -3.5 0.302003 -0.228032 -0.925632
70.7112 -10.9097 82.9348 -0.229968 0.12709 4.2 0.218689 -0.835713 0.503745
94.5971 -26.2936 100.793 -0.711723 0 -3.5 -0.613076 -0.782325 0.110023
97.9786 -2.20381 128.062 -0.63357 0.135695 -3.5 -0.0352407 0.994499 -0.0986413
92.8042 -20.2787 124.453 -0.651301 0 -0.8 -0.95411 0.00336689 0.299439
104.401 -35.6992 112.878 -0.601382 0 -3.5 -0.222852 -0.465942 0.856291
58.8259 6.11331 90.5999 0.10573 0 3.8 -0.202272 0.970135 -0.133883
115.389 -19.9061 116.571 -1.02078 0 -0.8 0.166163 0.546017 0.82113
71.8495 -5.82312 103.586 -1.00247 -0.869465 -1.49562 0.516597 0.342645 0.78468
96.0744 -22.3883 96.3254 0.173434 0.0228245 -1.81259 -0.680685 0.0528156 -0.73067
74.0574 -12.2795 116.537 -0.444647 -0.121942 -3.5 -0.366724 0.896057 0.250191
73.7736 -20.2118 104.428 -0.463623 0.506924 -4.5 0.0842318 -0.130352 -0.987883
94.8501 -3.71187 88.6101 -0.815991 -0.152813 3.39782 0.573408 -0.168129 -0.801833
85.5987 5.6675 97.1152 -0.459578 0 -4.5 -0.56254 0.0987377 0.820853
54.9382 -21.616 99.9347 0.202433 0 1.8 -0.996335 0.0814443 -0.0261515
106.899 -15.8293 132.313 -2.1596 -0.322896 -3.5 -0.312422 -0.0960698 0.945073
115.959 -19.5315 112.806 0.36021 0.904503 -0.8 0.701901 0.136018 -0.699167
91.9889 -2.7455 123.485 0.0589471 0 4.2 -0.59866 0.798714 -0.0605096
103.929 3.988 102.488 -0.354839 0 -3.5 -0.417216 0.870399 -0.261412
65.0178 -16.8997 79.0661 2.65706 0.529061 -3.9 0.148151 -0.531349 0.834098
85.6094 3.142 123.687 2.58585 0 -3.9 -0.653088 0.696815 0.296522
85.3965 -27.37 120.34 -2.00831 -0.579032 -3.5 -0.137383 0.119664 0.983263
85.6764 -0.744875 100.834 -0.37076 0 -0.8 0.059339 -0.644513 0.762288
64.6424 0.38125 73.3688 0.0518398 0 -0.4 -0.398574 0.823924 -0.40285
107.939 -24.4345 121.8 0.220673 0 -4.5 0.874143 -0.272175 0.402236
77.3636 -30.6322 108.988 -0.629482 0 -4.18538 0.614366 -0.722166 -0.317854
76.1038 -16.5335 106.281 -0.0759751 -0.274941 -3.67713 0.504749 0.836826 0.212014
58.7808 -5.03425 81.2592 1.02319 0.804676 -0.4 -0.50267 -0.762178 -0.40793
78.5238 -11.3414 103.667 -0.606582 0 -0.4 0.377769 -0.894189 0.240243
79.5014 -6.24563 80.2181 -0.30618 0 -0.7 0.590534 -0.66025 -0.464047
92.9057 -0.844562 123.721 0.215348 0 2.8 -0.882574 0.455337 -0.117184
93.3841 2.53556 107.073 -2.43884 -0.160071 -3.5 -0.28885 0.647074 -0.705593
93.6018 -26.4942 125.565 -1.06439 -0.975228 -0.8 -0.70034 -0.164519 0.694591
76.8286 9.39569 75.1009 -0.189578 0 -0.4 0.358392 -0.0636714 -0.931397
77.1178 -32.8787 121.065 0.0828777 0 -4.5 0.884134 -0.307518 0.351766
62.3755 6.23912 86.6917 -0.13929 0 -0.7 -0.183593 0.367495 -0.911724
63.9055 -20.114 119.748 -0.524193 0 -3.5 -0.260273 0.813412 -0.52021
107.462 0.581 106.354 -0.870848 0 -3.5 -0.180025 0.355717 0.917091
78.5245 -19.6095 92.1203 0.215854 0.0442854 0.361876 0.0862699 -0.956233 -0.2796
99.7241 -13.0292 93.7685 -0.0910563 0 -3.5 -0.174064 0.588057 -0.789867
108.765 2.21419 105.993 -2.37325 -0.160692 -3.5 0.0641878 0.964199 0.257292
70.595 11.2459 87.2101 0.90354 0 -2.31335 -0.104073 0.980716 -0.165422
97.0652 -3.48688 135.594 -0.0829496 0 -4.5 0.801026 -0.557519 0.218013
63.8007 -34.6319 114.335 -0.441382 0 -3.5 0.407024 -0.600374 -0.688391
104.108 -20.1926 122.02 -0.297449 0 -4.5 0.647835 0.628338 0.430699
77.8324 6.59163 92.5614 -0.822237 -0.196509 4.5 0.29475 0.486791 0.822288
75.5771 -4.65263 73.0145 -0.869921 -0.233621 -0.933306 0.488962 -0.82229 -0.291128
104.788 -10.9729 132.368 -0.399286 0 1.8 -0.10375 -0.452541 0.885688
84.1731 -13.362 84.3015 -1.67342 -0.500777 -0.8 -0.300884 -0.796655 0.524223
104.311 -11.9051 95.9164 -1.10138 -0.243227 -0.7 0.791328 0.025144 -0.610875
71.3307 -19.5012 87.7169 -0.16638 0 2.63442 -0.0735524 -0.489876 -0.868684
68.5541 9.94556 80.9444 0.25096 0 -1.3 -0.26353 0.952296 0.153897
86.1011 -0.873937 117.029 -0.105938 0 4.2 -0.413923 0.904839 -0.0996736
73.905 -26.42 103.055 -0.937234 -0 -1.3 0.127957 0.463728 -0.876689
60.0035 -23.3447 119.395 -0.259624 -0.056097 -3.5 -0.269319 0.125933 0.954782
79.2229 -31.8519 105.427 -0.939783 0 -1.40152 0.0185544 -0.892519 0.450628
76.5775 -16.6619 122.707 -0.0761509 -0.0799714 4.5 -0.445725 -0.0323914 0.894584
61.883 -24.5014 110.218 0.0166899 0.69977 -4.5 0.439752 0.834433 0.332175
91.9492 -4.94588 104.866 -1.8983 -0.039671 4.2 -0.855138 0.471808 -0.214792
62.7066 4.4525 76.3668 -0.174982 0 -3.5 0.114696 0.738565 -0.664354
62.148 -28.9576 98.416 -0.237981 0 4.2 -0.271964 -0.934921 0.227942
88.2297 -24.2171 102.272 -0.443277 0 3.38365 0.243394 -0.466435 -0.85041
94.9143 -29.0812 120.598 0.226729 0 -3.9 0.159196 -0.912277 0.377369
89.2042 -1.56537 127.416 0.34362 0.110469 -3.5 -0.22698 0.944097 0.239085
107.041 -25.6899 98.2321 -0.297088 0 -3.5 0.604925 -0.453785 -0.654327
62.2993 -17.1645 110.08 -0.902485 -0.0573551 -3.29387 -0.854965 0.239671 0.459992
55.2432 -26.2904 104.638 0.129486 0 -4.5 -0.406336 -0.840843 0.357594
59.7095 -0.1795 107.154 -0.502921 0 -2.13699 0.315679 0.375269 0.871505
75.4224 -14.0014 111.289 -0.560028 0 -1.3 0.0921239 0.194517 -0.976563
61.0426 -31.89 105.215 -1.66083 0 1.8 -0.284295 -0.8407 0.460868
57.3899 -11.2696 84.9053 0.105135 0.104763 -3.53138 -0.14734 -0.237538 -0.960139
91.2181 -22.9374 101.803 -0.746825 0 3.8 -0.356758 -0.708862 -0.608472
104.934 -14.3619 124.997 -1.03309 -0.0357476 -4.46247 0.220533 0.362383 -0.905563
84.3255 -27.5923 99.2564 0.132346 0 -3.9 0.0950498 0.242016 -0.965605
56.5501 -24.5095 106.755 0.376615 0.243442 -4.5 -0.456201 -0.202551 0.866518
78.7667 -11.6493 118.152 -0.351417 0 -3.5 -0.488565 0.658785 -0.572108
82.8344 11.3567 77.8512 -2.50628 -0.127985 -3.5 0.489477 0.364795 -0.792046
101.586 -12.2386 93.0864 -1.894 -0.0889208 -3.5 -0.105074 -0.337382 -0.935485
113.31 -16.3223 104.354 -0.556607 -0.237697 -1.39572 0.886979 -0.461439 -0.0185079
62.6826 -28.3631 113.433 -0.0697909 0.194414 -3.5 -0.304417 -0.343121 -0.888594
112.043 -22.216 115.534 -0.578668 -0.504261 -0.8 -0.978959 0.113612 0.169504
71.4976 -11.8124 111.767 -0.427809 0.025688 -1.19197 0.567527 0.600321 -0.563496
98.6299 2.61987 106.888 -0.81889 0 -3.66539 -0.701792 0.55541 -0.446103
68.5218 -30.0081 122.001 -0.0988876 0 -0.9 -0.310263 -0.139553 0.940352
61.044 -4.97388 78.583 -1.37672 -0.618729 2.8 -0.478696 -0.132131 -0.867981
105.459 -26.8901 111.679 0.344719 0 2.47219 -0.0531161 0.178143 0.98257
51.9223 -10.3989 101.137 0.0127806 0 -1.6 -0.741464 0.263887 0.616924
90.9939 -1.84256 116.499 0.279303 -0.329798 2.35334 0.74283 0.364387 0.561628
79.5185 -15.842 89.639 -0.692305 0 -0.4 0.846856 0.509998 -0.150788
86.4368 -9.80013 114.196 -0.63338 0 -0.9 -0.144922 0.471153 -0.870065
107.343 -20.559 104.248 -0.192872 0 2.8 -0.124993 -0.725612 -0.676656
65.7605 -2.8555 71.0209 0.222479 0 -4.5 -0.862707 -0.0838961 -0.498697
66.8181 -4.52025 109.274 -0.413478 0.0281266 -3.5 0.223566 0.619458 0.752523
63.7743 1.33312 105.722 0.0592136 0 1.00713 0.242841 -0.241406 0.939548
45.8895 -6.86931 101.454 0.00784107 0 1.8 -0.864819 0.0550356 0.499058
51.9518 -14.9807 97.2837 -0.159918 -0.329181 2.23312 -0.833824 -0.35801 0.420198
84.1468 -15.3887 105.346 -0.864508 0 -3.13769 -0.687115 0.551663 0.472801
109.927 -5.91575 101.659 -1.40886 -0.273023 -1.6 0.82079 -0.155923 -0.549537
69.4799 -7.11637 107.565 -0.238855 0 -3.5 0.787701 -0.11261 0.605678
106.917 -1.87775 99.485 -0.404325 0 -1.6 0.280796 0.331283 -0.90078
69.6566 -33.0303 121.041 -0.472795 0 -0.9 -0.470129 -0.318491 0.82313
76.7545 -16.4792 104.824 -0.504457 0 -4.40312 0.774847 0.521636 0.357082
60.4591 2.40963 75.6975 0.33718 0.140027 -3.5 -0.681962 0.00392447 -0.731377
96.7774 -21.2447 100.113 -0.651341 0 -0.8 -0.837544 0.537124 -0.100088
81.9741 -14.3835 101.377 -0.981667 0 -3.5 -0.805613 0.17429 0.566225
99.2246 1.23962 101.61 -0.232241 0 -3.69587 0.345178 0.912556 0.219304
83.3699 -7.69694 100.815 -0.454275 0 -0.8 0.875003 0.343045 -0.341599
73.625 -15.8932 98.3226 -0.650922 0 2.34492 0.948549 -0.290753 -0.125368
92.3511 -32.5749 112.095 -0.0563339 0 -3.5 -0.654845 -0.362447 -0.663182
87.2451 -34.2557 99.1791 -0.295796 0 1.8 0.909454 -0.25687 -0.326972
53.5636 6.405 102.634 0.779708 0.230863 -4.5 -0.47557 -0.551725 0.685152
79.929 -28.079 100.803 2.92694 0 -3.9 -0.953503 -0.108917 0.281015
69.9701 10.274 85.8574 0.501768 0.142697 0.484904 0.00444113 0.557837 -0.829939
75.8445 -11.6845 113.185 -0.861927 -0.224516 -3.18855 0.0559734 0.726241 0.685158
55.2245 -12.6073 112.753 0.720994 0.192364 -4.5 0.0257177 -0.273919 0.961409
76.2658 -25.2045 120.089 -0.146956 0.0441857 -1.78864 0.245291 -0.353682 0.90263
69.632 10.7692 90.4825 -0.178171 0 2.8 0.0576759 0.752184 0.656425
63.2466 -22.4899 121.999 -0.604251 0 -3.5 -0.46502 -0.504013 0.727824
95.1452 -19.9532 126.48 -0.874723 -0.0619416 -0.8 0.121411 0.251313 0.960261
93.0679 -34.4287 115.59 -0.0205221 0 -3.5 0.0555703 -0.733015 0.677938
70.3838 2.7365 71.9453 0.247022 0 -3.9 -0.543781 0.176393 -0.82048
66.0039 5.12119 75.2974 2.10792 0.722409 -3.9 -0.903888 -0.0566176 -0.424007
97.8399 -17.0875 92.1404 0.46434 0.000522201 -3.5 -0.679796 -0.15931 -0.715889
77.6275 -29.51 101.617 -0.426428 0 -3.5 0.0146431 0.667151 -0.744778
74.7933 -12.3439 121.245 -0.30435 0 4.5 -0.869033 0.431152 0.242671
90.9466 -1.21325 118.941 0.154173 0 4.2 0.856221 0.485075 0.177732
81.2797 -4.54812 123.775 -0.530188 -0.0245078 -0.484826 -0.614966 0.788406 -0.0152518
66.856 7.31262 94.6666 -1.18643 -0.0515542 -0.227388 -0.308462 0.89154 0.331675
58.1916 6.156 104.434 -0.232903 0 -2.20006 -0.505392 0.823071 0.2591
94.9488 -1.92275 128.137 -2.20111 -0.647635 -3.5 -0.0733566 0.953898 0.291027
101.072 -28.1303 96.7428 -1.02399 0 -3.5 0.499059 -0.271237 -0.823026
66.657 -31.4365 108.726 -0.265165 0 3.8 -0.758313 -0.51332 -0.401827
70.0886 -27.9928 102.741 -1.73193 -0.779144 4.2 0.862536 -0.215909 -0.45762
68.4672 -2.962 102.449 -0.619342 -0.0701451 -0.17 0.378209 0.603596 0.701876
99.1935 -28.3429 111.607 -0.35634 0.603601 0.200851 0.0373566 0.0407351 0.998471
77.1641 -32.1741 110.144 -0.111288 0 0.264339 0.791016 -0.103142 -0.603038
61.0779 8.45494 92.6749 -0.151977 0 3.8 0.919438 0.246333 -0.306519
52.644 -0.356687 105.875 -2.32084 -0.655572 -3.5 -0.00865593 -0.255626 0.966737
62.9249 -32.1828 104.026 -0.249306 0 1.8 -0.197673 -0.948505 0.247513
90.038 -1.49425 86.883 0.0469352 0.0793474 3.10179 0.450102 -0.472167 -0.757936
79.0876 -2.31713 102.652 -0.299278 0 -1.3 -0.364238 0.444613 0.818321
88.9613 -11.0545 87.2676 -0.356265 -0.0150931 -0.550046 0.585009 -0.33029 -0.740725
65.011 -13.4785 80.8727 2.9527 0 -3.9 -0.429075 -0.727316 0.535636
65.9687 -34.0271 105.793 -2.60903 -0.577495 -3.5 -0.896188 -0.438282 -0.0689604
80.7814 -25.1068 117.865 -0.524805 0 -1.6 0.0709718 -0.643752 0.761936
89.9796 -25.5763 114.591 -0.352437 0 -0.7 0.580807 -0.557189 0.593467
112.569 -15.6482 121.511 -2.31529 -0.786889 -3.5 0.78907 -0.607732 0.0896131
107.994 -22.7685 104.467 -1.10045 -0.741304 1.8 0.199301 0.220019 -0.954919
97.5776 2.25381 107.615 -0.889351 -0.139993 -3.58915 -0.214382 0.765515 -0.606652
116.707 -10.2098 104.023 -2.39508 -0.42147 -3.5 0.858242 0.394273 0.328587
72.8281 -23.8346 120.999 -0.0499496 0 4.2 0.183022 -0.20637 0.961205
77.8309 -13.6586 122.79 -0.253558 0 4.5 -0.0802005 0.210195 0.974364
85.7657 -29.7457 117.457 -2.47742 -0.605523 -3.5 0.525598 -0.721128 -0.451356
89.4617 -8.55756 130.456 -0.137958 0 -1.2708 -0.806213 0.505633 0.307176
56.4571 -20.3224 97.5458 0.10823 0.069641 0.048238 -0.668636 -0.521598 -0.529964
100.798 -26.9822 103.732 -0.486239 0 4.2 0.57119 -0.35282 -0.74112
84.6586 -33.2482 103.592 -0.446095 -0.0975614 -3.5 -0.70974 -0.647352 0.277858
99.0892 -25.1952 126.837 -0.956504 -0.466458 -0.8 -0.444371 0.126739 0.886833
69.257 -32.1915 121.596 -0.378509 0 -0.9 -0.228382 -0.603443 0.764002
83.4307 7.59212 95.3225 -0.228246 0 2.8 -0.232037 0.553178 0.800096
101.867 -17.8594 120.693 -0.746934 0.512214 -3.79556 0.941176 0.0187693 0.337394
81.8135 -12.3317 83.7079 -0.312154 0.238944 -3.5 -0.218037 -0.650171 -0.727831
109.398 -4.00325 99.1849 -0.483593 0 -1.6 0.709564 -0.0414114 -0.703423
82.5684 -11.9633 99.8033 -0.524162 0.140745 -2.28994 -0.128291 0.491293 -0.861494
108.563 -29.0121 108.901 -0.0273992 0 1.8 0.883302 -0.446907 -0.141605
85.5322 -27.7502 116.452 -0.878661 -0.139172 -3.07031 0.59871 -0.586972 -0.544987
56.1688 -22.9694 97.2608 0.687663 0.226895 1.8 -0.386158 0.333351 -0.860093
70.8414 -3.43544 69.8106 -0.546923 -0.494677 -3.96044 0.267795 -0.258942 -0.928028
91.0922 -8.57675 94.1745 -0.703618 -0.895258 -0.8 -0.176771 -0.976211 0.125556
67.8213 -34.784 106.835 -1.09756 -0.491774 -3.5 -0.374084 -0.926741 -0.0348078
94.4372 1.42931 105.494 -0.659505 0 -3.9 -0.786756 0.527461 -0.320624
62.3408 -31.5977 102.933 0.171885 0 1.8 -0.223947 -0.883848 -0.410682
50.2289 0.38025 101.135 0.462396 0 -0.7 -0.542797 0.768859 0.337975
84.059 16.0225 87.0935 -1.94936 -0.570895 -3.5 0.42795 0.86467 0.263067
69.8637 -27.4105 100.898 -0.78348 -0.220073 1.24264 0.982302 -0.148658 0.113947
93.1714 -16.5584 99.1142 -1.54304 0 -3.03496 -0.104453 -0.746598 -0.657024
62.8796 -20.7781 115.928 0.287085 -0.0618945 -1.50283 -0.412015 0.861876 0.295657
56.7104 -28.6374 97.0648 -0.0689688 0 -0.8 -0.635729 -0.279264 -0.719625
72.8949 -35.068 123.647 -2.1266 -0.0807629 -3.5 -0.472064 -0.000887297 0.881564
93.0536 -26.9739 117.661 1.08532 0 -3.9 -0.123227 0.333888 -0.934523
100.967 -29.2978 118.645 -0.56762 0 -3.87651 0.991252 0.0937318 -0.0929159
57.6434 -22.3937 91.4304 0.50313 0.152534 -2.83835 -0.953277 -0.263104 -0.148453
89.891 -8.144 133.043 0.0419564 0 -0.9 -0.714633 0.565094 0.412273
54.1073 -25.4234 98.1506 0.173005 0 1.8 -0.634856 -0.593567 -0.494606
58.4164 -24.4244 95.7533 -0.0360339 0 -0.4 -0.442236 -0.837896 -0.319932
90.1505 -1.33975 126.066 0.392598 0.550559 -3.5 -0.0731887 0.899374 -0.431011
47.279 -3.012 102.509 0.15696 0 -3.5 -0.804903 -0.0506296 0.591242
85.9631 4.58681 102.029 1.29337 0.873624 -0.8 -0.272855 0.741452 0.613024
71.1391 -40.7975 117.271 0.867672 0.789773 -3.5 -0.00932694 -0.998387 0.0559995
85.8783 -19.4899 102.151 -1.15899 0 -3.13461 0.424329 0.0338493 -0.904875
99.501 -30.308 112.545 -0.316237 0 -3.9 0.389083 0.740665 0.54775
75.8238 -8.553 100.366 -1.11278 0.33012 -3.5 0.0246729 -0.993066 0.114941
70.1268 -3.55225 102.155 -0.343288 0 -0.765975 0.146508 0.792761 0.591663
85.1856 -23.6639 102.044 0.0343851 0.185173 -3.9 0.0350491 0.396139 -0.917521
108.945 0.670875 107.04 -1.27409 0 -3.5 -0.0241613 0.347132 0.937505
56.6393 -20.5333 105.294 0.294605 0 -3.74368 -0.863145 0.201709 0.462919
73.0221 -17.2349 97.9242 -0.595233 0 -3.13286 0.865743 -0.361876 0.345738
54.0393 6.24956 92.4512 1.03735 0.430877 -3.5 -0.0990667 0.990939 -0.0906906
54.8474 -20.4461 86.4301 3.2901 0.0958901 -3.9 0.165106 -0.893585 -0.417428
58.3533 -3.60212 108.044 0.0475798 0.0086369 -0.7 0.0586899 0.00972028 0.998229
76.3735 -31.4871 107.275 -0.649511 -0.0931916 -3.82478 -0.158233 -0.774737 -0.612164
81.4344 -10.1818 112.154 -0.671785 -0.0265037 3.8 0.0335921 0.843712 -0.535745
85.4879 15.0939 86.5532 -2.31692 -0.838749 -3.5 0.744345 0.6266 0.230918
56.6003 -1.40519 85.263 0.245757 0 2.8 -0.878153 -0.170236 -0.447064
88.442 -10.4529 85.4339 -1.46284 -0.544803 -0.8 0.859829 -0.307017 -0.407963
73.0817 -10.7374 113.609 -1.51474 -0.0335539 -1.3 0.0950245 0.995455 0.00636461
73.3108 -11.9109 101.808 -0.537401 0 4.2 0.75155 0.400136 0.524465
98.9864 -16.6523 91.55 -0.491235 0 -3.5 -0.0691983 0.0497246 -0.996363
66.655 -4.24069 70.2393 0.255439 0 -4.5 -0.678805 -0.485679 -0.550763
91.0711 -28.4438 117.349 3.24085 0.0402916 -3.9 -0.464748 -0.0736234 -0.882377
93.0352 0.645813 114.994 0.762917 0 -0.8 0.428627 0.0148301 0.90336
113.687 -8.9125 111.198 -0.883954 0 -3.2 0.907872 0.356144 0.2212
86.5349 -24.5723 101.8 0.526718 0.720828 -3.9 0.478786 0.251708 -0.841075
94.0919 0.7125 122.522 0.0841015 0 2.8 -0.707023 0.537365 -0.459736
68.21 10.9484 77.6123 -0.702672 -0.820439 -0.8 -0.905884 0.0664588 -0.418279
66.1021 10.0988 112.072 -0.0797791 0 4.5 0.315943 0.288826 0.903748
96.3616 -13.4641 127.667 -0.518585 -0.173966 -0.9 0.519606 -0.805097 0.286058
66.2924 11.0672 109.852 -0.0673349 0 4.5 0.433697 0.893647 -0.115337
46.6909 -8.15725 92.0209 -1.67476 -0.14975 -0.4 -0.607722 -0.786859 -0.107365
99.203 -1.45075 96.8619 -0.66776 0 -1.6 0.248119 -0.168394 -0.953981
109.998 -3.54625 104.418 -0.787437 0.024351 -1.65009 0.980515 -0.136781 0.141003
94.6176 -9.15425 90.6451 -0.0465245 0 -0.8 0.321161 -0.879956 -0.350046
99.0755 2.9715 105.983 -0.677272 0 -3.5 -0.433015 0.753049 -0.495394
91.8471 -4.64463 97.2778 -0.259597 0 4.2 0.144318 -0.343092 0.928149
75.9156 -18.3929 95.8717 -0.130473 0 3.8 -0.00165327 -0.364242 0.931303
67.9996 5.10038 73.3928 1.25197 0 -3.9 -0.518418 0.181953 -0.835546
103.012 -23.7569 112.45 -1.13886 0 2.5 -0.231599 -0.957275 0.173166
97.7966 -0.649625 117.475 0.880881 0 2.46117 -0.879137 0.475918 0.0249289
77.053 -34.604 112.551 0.00840776 0 2.21138 0.473866 -0.880193 0.0266609
104.34 -1.07775 110.449 -0.326782 0 2.64138 0.489339 0.854628 0.17366
91.6813 9.75594 96.1916 -0.940859 0.152964 -3.5 0.552444 0.529598 0.643685
54.0145 2.3375 90.8398 0.372681 0 -3.5 -0.0343547 0.382913 -0.923145
59.4683 -16.0213 85.9744 0.16631 0 -1.79331 -0.152041 -0.344471 -0.926403
100.601 -10.1029 131.237 -0.920859 0 -0.466029 0.329173 -0.675388 0.659921
97.9047 6.70525 113.984 -0.700724 0 -0.8 0.052477 0.960111 -0.274649
78.4154 -19.6449 122.357 -0.608061 -0.0661692 4.46361 -0.199101 -0.478076 0.855454
64.5369 10.8647 111.234 0.0756956 0 4.5 -0.465682 0.785166 0.408233
81.9795 14.382 91.8773 -0.0730744 0 -0.4 -0.334161 0.737651 0.586692
67.9155 -11.004 111.391 -0.179418 -0.645116 -0.7 -0.258528 -0.0735693 0.963198
101.791 -16.8457 95.0371 -0.559606 0 -2.41154 0.987621 0.128893 -0.0893988
98.3506 -27.9735 125.809 0.000640673 0 -0.8 -0.0565575 -0.459214 0.886523
69.9404 -37.1151 113.179 -0.61787 0 -3.5 -0.998289 -0.0245128 -0.0530906
101.629 0.045625 125.097 -0.104022 0 -0.7 -0.751518 0.659713 0.000436083
49.3835 -7.459 95.2795 -0.0545399 -0.281516 -2.44951 -0.670916 -0.641363 -0.37219
93.7534 -24.1549 117.033 -0.33631 0 2.8 -0.581666 -0.747316 -0.32122
88.599 -30.3576 98.5883 -0.358904 0 -1.6 0.675145 -0.379389 -0.632648
75.22 -36.8205 117.668 0.0150689 -0.163796 -3.83126 0.510656 -0.345474 -0.787323
50.6049 0.133813 94.9514 0.800987 0 1.8 -0.371677 0.922627 -0.103033
95.8161 6.63062 112.032 -1.52141 -0.163554 -4.5 -0.159077 0.98323 -0.0891859
77.4106 -13.7079 90.6519 -0.464439 -0.548137 -2.1732 0.784805 0.0795236 0.614619
63.1521 -1.3555 74.8109 0.017698 -0.177345 -0.4 -0.998985 0.0420919 -0.0160533
86.1917 5.51056 81.9645 -0.210526 0 3.8 -0.33455 0.220319 -0.916262
116.213 -15.9508 100.536 -0.698461 0 -3.5 0.694884 -0.671268 0.257945
53.9851 -17.9247 103.848 0.500333 0.0202637 -0.7 -0.908748 -0.394095 0.137354
81.4468 -18.1971 103.337 -0.453297 0 -1.6 -0.690006 -0.156941 -0.706584
52.4104 -6.89519 104.077 -0.734588 0 -3.5 -0.648178 -0.680605 0.34153
89.5605 -0.746938 83.1434 -0.278179 0 -0.8 0.861541 -0.437139 -0.25818
81.5113 -14.0635 124.506 0.64363 0.316264 -0.8 -0.5326 0.143726 0.834074
111.949 -5.31381 114.262 -2.33648 -0.337492 -3.2 0.865343 0.476634 -0.154921
77.0676 -33.4081 119.476 0.287621 0 -4.5 0.888003 -0.444805 0.116615
61.203 -6.35025 81.7287 1.07171 0 -3.9 -0.805389 -0.400606 -0.436879
59.141 -25.0946 118.803 -0.132807 0 -3.5 -0.637352 -0.459631 0.618484
52.7515 -8.176 101.577 0.158986 0 -2.55941 -0.926925 -0.217419 0.305842
57.5096 2.92575 85.8733 -0.34591 -0.834192 2.8 0.100296 0.897418 -0.42963
95.9751 6.73362 114.512 -0.257444 0 -0.8 -0.214124 0.97462 0.0653169
68.5557 9.33775 78.1986 -0.610665 -0.82214 -0.8 -0.916654 0.0107742 -0.399536
86.7144 -12.9493 99.7707 -0.662099 0 -1.6 -0.0409779 0.168255 -0.984891
94.8033 -2.27588 121.324 -0.0173493 0 3.66727 -0.906796 0.209253 -0.365969
86.6596 -8.90669 127.824 0.210168 0 -3.25936 -0.222093 0.328337 0.918079
86.1547 13.4605 86.2195 -0.554048 0 -3.72889 0.702781 0.454563 -0.547241
90.7395 -34.2949 101.425 0.423393 -0.163729 -0.8 -0.650107 0.143355 -0.746197
69.1 -1.01363 66.7436 0.47333 0 -4.5 0.860367 -0.155099 -0.485502
80.9954 -11.9668 78.9259 -2.24781 -0.753474 -3.5 0.999011 0.0415419 -0.0158756
87.473 -12.0454 99.9892 -0.562215 0 -1.6 0.17855 0.543207 -0.820394
99.6783 -20.8398 93.6429 1.097 0.519323 -0.8 0.233952 -0.185398 -0.954408
48.6987 -6.42 101.907 0.0508979 0 1.8 0.412401 -0.285667 0.865055
96.4264 -17.7424 95.4256 -0.768197 -0.51466 4.2 -0.78309 0.131018 -0.60795
62.831 -0.397625 76.1159 -0.832803 0.0283345 -0.945592 -0.856355 -0.515233 0.0345155
93.6826 0.339125 124.245 0.145485 0 2.8 -0.580221 0.723624 0.373781
90.7838 -10.495 92.241 -0.105294 0 -1.6 0.667361 -0.0837282 0.740012
61.9012 7.233 88.0526 -0.0765693 0 -0.7 -0.182581 0.942818 -0.278853
109.705 -1.952 100.968 0.0352633 0 -1.6 0.780857 0.555978 -0.284871
80.3066 -12.8071 79.3873 -2.40305 -0.655601 -3.5 0.559501 -0.663684 0.496469
87.0454 1.12344 113.11 0.173974 0 -3.2 -0.452072 0.654383 0.606146
60.2041 6.10563 106.359 0.104721 0 1.8 -0.563558 0.268962 0.781064
72.1256 -10.6594 83.7069 -0.670329 0.281069 4.2 -0.114008 -0.945832 0.303979
107.35 1.79463 101.175 -0.575226 0 -3.5 0.630757 0.380429 -0.676328
75.2128 6.11156 93.9465 -0.761474 -0.174105 4.14998 -0.141806 0.7962 0.588181
100.171 -18.215 122.662 -0.951784 0 -4.01485 0.243821 -0.541083 0.804848
87.9043 -15.8121 102.867 -0.67361 0.734371 -3.5 0.338359 -0.78204 -0.52338
83.7654 -32.0833 104.488 -0.390712 0 -3.19078 -0.3659 -0.642984 0.672821
72.8116 -36.5132 108.206 -0.505132 -0.430271 -3.5481 0.162547 -0.269357 -0.949223
108.948 -6.92494 100.799 -0.482411 0 -1.6 0.657676 -0.431069 -0.617772
70.549 -14.4885 87.5496 -0.0393399 0 -4.5 0.530962 0.37153 -0.761607
70.1689 -26.3019 101.614 -0.851064 -0.355517 3.84145 0.908934 -0.374777 -0.182704
65.304 -24.6574 94.771 -0.191873 -0.939994 -0.8 -0.622822 0.273593 -0.732967
70.3864 -25.466 95.7229 -0.297707 0 -0.8 0.990432 -0.013563 -0.13733
85.1247 -14.6736 82.0677 1.19835 0.858901 -0.8 -0.00359325 -0.825767 -0.564
92.2649 -1.97738 110.38 -0.125402 0.00798026 -0.91215 -0.882054 -0.0245666 -0.470507
90.8743 -13.9277 91.1762 -0.201548 0 -1.6 0.595682 -0.778023 0.199609
88.49 2.528 124.447 1.8938 0.573838 -3.9 0.773127 0.264692 0.576379
52.6032 7.84088 103.603 0.730438 0.313942 -4.5 -0.822477 -0.47633 0.310871
71.456 -4.0965 103.076 -1.42882 -0.784502 -0.8 0.136572 0.653695 0.744333
90.7973 -4.60656 87.4016 -0.191718 0 4.14621 0.588722 -0.0489006 -0.806855
68.6736 -5.77269 71.8513 0.119819 0 -4.5 -0.00483437 -0.698886 -0.715217
102.614 -9.02637 91.2185 -0.22808 0 -3.5 0.0630149 -0.560748 -0.825585
84.0303 15.2288 88.0305 -1.93101 -0.658089 -3.5 0.530974 0.576842 0.620741
81.6631 -21.2735 95.8979 -0.43744 0 3.8 0.7086 -0.705413 0.0166893
51.7614 1.44175 93.7809 -0.043814 -0.392632 -0.33035 -0.858348 0.467864 0.210577
57.4375 -22.95 95.9327 -0.101696 0 -0.4 -0.907818 -0.228152 -0.35187
90.46 -13.9591 88.485 -0.0208981 0 -1.6 0.647351 -0.614928 -0.450332
98.3106 -26.7506 115.606 -0.339336 0.220526 -0.8 -0.374131 -0.66306 -0.648365
77.1813 -15.4916 109.645 -0.514424 0 4.2 -0.701372 0.537114 -0.4686
73.1859 -31.9131 108.014 -0.411118 0 -3.9 0.301612 -0.0328389 -0.952865
111.903 -21.8334 108.783 -0.33282 0 2.8 0.688476 -0.713071 0.132406
102.421 -19.9319 94.1101 -0.254101 0 -0.8 -0.0076862 0.090061 -0.995907
94.3238 -28.4858 125.952 0.0957307 -0.558344 -0.8 -0.341176 -0.494675 0.799309
98.7199 -26.9235 111.465 -0.0553207 0.49912 0.501412 0.463259 -0.0821118 0.882411
91.7327 6.27212 83.4413 -0.192756 0 4.5 0.0630046 0.205523 -0.976622
59.074 -14.648 107.56 -0.862701 0 -0.7 -0.285055 -0.370505 0.884008
69.6831 -13.7534 78.7063 0.404283 0 -3.72309 -0.0654052 -0.792523 -0.606325
89.2807 7.92944 84.9789 0.355362 0 -3.6524 0.368061 0.613029 -0.699089
58.6516 -28.5392 113.177 0.422511 0.129476 -4.5 -0.357934 -0.868152 0.343796
102.442 -12.8057 130.602 0.033855 0.443334 1.25169 -0.0985608 -0.290056 0.951921
98.025 -13.9043 93.2249 0.142126 0 -3.5 -0.519838 0.449532 -0.726422
106.126 -37.5926 109.609 -2.30454 -0.0445851 -3.5 0.425737 -0.463506 -0.777116
59.8208 4.12587 107.027 -0.309583 0 -3.5 0.504937 0.129717 0.853353
66.089 -22.1645 121.694 -0.4443 0 -3.5 0.596672 -0.296305 0.745778
83.3248 -4.4695 100.567 -0.301576 0 -1.3 0.672444 -0.566307 0.476566
89.1862 -26.5518 104.054 -1.52977 0 -3.9 0.588226 0.240611 -0.772073
50.7077 -13.8737 97.6601 -0.067834 0 0.302075 -0.734923 -0.677422 -0.0314349
79.552 -14.944 86.8682 -0.762237 -0.883199 -3.5 0.735568 -0.6774 -0.00830651
105.284 -16.2973 127.612 -0.416347 0.721048 -4.44423 0.165532 -0.986151 -0.010227
108.741 -28.7461 104.789 0.1738 0 -3.5 0.987938 0.122759 -0.0943841
59.0141 -21.0013 108.811 0.421715 0 1.9 -0.647781 -0.381426 0.659466
91.7295 -4.81294 119.918 0.160719 0 4.2 0.499098 0.776601 -0.384438
94.9651 -25.8202 126.752 -0.446876 0 -0.8 -0.433015 -0.131773 0.891703
69.6842 0.529312 70.3718 0.323552 0 -4.5 0.269395 0.962849 -0.0186362
107.748 -29.338 107.139 -0.00409124 0.0135037 0.903759 0.517896 -0.78268 0.345248
107.085 -10.9838 98.3625 -0.675182 -0.0105244 -1.67409 0.634739 0.322072 -0.702407
62.4448 -10.9244 79.2015 4.16647 0.217879 -3.9 -0.597438 0.0861595 -0.797273
76.1731 -38.218 101.948 -0.392032 0 -3.5 -0.5076 -0.801077 0.317203
89.6037 -7.21394 129.62 0.266696 0 -3.2 -0.529962 0.477289 0.700953
68.3926 9.84175 90.6859 -0.210392 0 2.8 -0.701403 0.478648 0.528139
76.5474 -34.4835 114.429 -0.00338007 0 -1.12977 0.309551 -0.948423 -0.0683577
107.407 -12.1346 126.028 -2.15011 -0.780368 -3.5 0.79854 0.244015 -0.550264
63.8141 -32.1754 102.278 -0.202577 0 1.8 -0.193033 -0.838479 -0.5096
69.7325 -10.4685 107.067 -1.05131 0 -0.550858 0.93857 0.256663 -0.230673
72.3271 11.1716 76.7695 -0.109507 0 -0.864974 0.14274 0.93121 -0.335372
101.674 -14.6096 93.2208 -1.86902 -0.211325 -3.5 0.661627 0.169134 -0.730509
80.8141 12.9294 80.2811 -0.504841 0 -3.5 0.342091 0.907202 0.244865
56.8565 4.00663 86.9647 0.0863802 0 1.51783 -0.287589 0.766818 -0.573832
103.453 -9.1755 132.124 -0.480448 0 1.8 -0.223418 -0.140828 0.964496
112.404 -8.12225 113.176 -0.826063 0 -3.2 0.894075 0.444933 -0.0516248
67.1272 7.87844 79.837 0.0448106 0 -1.3 -0.787513 0.224428 -0.573981
99.1336 -33.6752 110.182 -0.11575 0 -0.8 -0.542669 -0.115488 -0.831969
107.552 -22.7978 111.201 0.0672759 0 2.5 0.878167 0.306825 0.366989
62.8097 -20.6131 118.332 0.164549 0.153668 -3.5 -0.391768 0.911063 -0.128381
68.5359 -27.8183 94.1455 -0.204186 0 -0.8 0.365342 -0.857446 -0.36237
75.1152 -29.3666 121.619 0.303498 0 -3.48071 0.865389 0.481022 -0.140429
54.2511 -11.9221 86.2191 0.519922 0.232439 -3.22445 -0.710115 -0.169146 -0.683466
57.9306 -28.4712 96.543 -0.115371 0 -0.8 -0.114181 -0.101673 -0.988244
47.0079 -4.72375 91.3299 0.164118 0 -0.7 -0.91855 0.331141 -0.215896
112.535 -14.5288 123.055 -2.49985 -0.0154484 -3.5 0.547467 -0.154548 0.822432
81.0196 -13.8443 99.977 -0.189366 0 -3.5 -0.911928 0.408007 0.0437949
86.5331 10.7092 94.9979 0.0349916 0 -4.5 -0.369625 0.67313 0.640526
93.6639 -3.14188 131.411 -0.835462 -0.00475964 -4.5 -0.598063 0.800897 -0.0297496
48.8825 -10.0905 100.305 0.0822935 0 -0.8 -0.556807 -0.46568 0.687829
81.3845 5.3385 95.213 -0.497052 0 2.8 -0.427081 0.708958 0.561231
71.56 10.004 85.438 2.10551 0 -3.9 -0.525983 0.418234 -0.740556
96.1198 -20.7006 101.275 -0.703309 0 4.5 -0.538323 0.0778789 -0.839132
98.9673 0.267312 119.443 0.286898 0 1.9 -0.549341 0.670067 0.499234
83.7134 -26.1049 99.7845 0.465696 0 -3.9 0.448169 0.441009 -0.777596
107.592 -22.0756 110.066 -0.22472 0 2.8 0.70766 0.36801 0.603147
83.2695 -28.7805 99.4865 0.688864 0 -1.75308 0.00051183 -0.288892 -0.957362
81.0874 -10.4101 102.979 -0.533269 0 -0.8 0.0889795 -0.781706 0.617267
96.3379 -1.05075 100.922 0.527073 0 -1.6 -0.943533 0.208675 0.257295
52.9994 -14.6232 99.9387 -0.123469 0 -0.7 -0.954545 -0.0298829 0.296564
89.6322 1.8155 113.716 0.251541 0 -2.88162 -0.329258 0.324865 0.886596
63.4324 -22.6807 94.9534 0.397062 0 -3.5 0.0723637 -0.410836 -0.908833
55.9761 3.41206 89.6234 0.351832 0 -0.8 -0.93704 -0.18302 -0.297422
79.5725 -32.2985 110.214 0.0229192 0 -4.5 -0.522708 -0.665026 -0.533401
93.2056 -2.31787 106.987 -0.353746 0 -3.5 -0.811136 -0.172585 -0.558813
78.3863 -7.62006 97.5826 -0.494057 0 -3.5 0.592659 -0.785356 0.178804
98.846 -11.9911 95.8019 -0.0756934 -0.0967259 -0.7 -0.248886 0.455193 -0.854901
97.3845 3.8195 104.553 0.353239 0.844312 -3.9 0.260943 0.86425 0.430093
106.308 -12.978 124.906 -1.96417 -0.999814 -3.5 0.135973 -0.101226 -0.985528
104.241 -33.4357 100.312 2.14339 0 -3.9 0.849144 -0.17488 0.49837
54.7215 0.7545 87.698 0.161147 0 2.12814 -0.859887 0.484514 0.160752
95.4886 -8.86969 92.2031 0.917889 0.0334232 -0.8 0.53773 -0.805375 -0.249436
52.5254 -16.252 100.647 0.131424 0 -0.7 -0.966283 0.121982 0.226753
65.904 -1.48625 71.943 0.391718 0 -4.5 -0.791646 0.360775 -0.493091
54.2189 -0.5715 105.233 -1.00707 0 -3.5 0.266266 0.0983832 0.958866
83.0602 -14.7705 125.003 -0.146714 0 -0.8 -0.346204 0.0617882 0.936122
67.2467 -34.0277 102.68 -0.359865 0 -3.5 -0.65764 -0.613199 -0.437603
104.967 -4.307 108.168 -0.955893 0 2.8 0.987392 -0.151565 0.045655
63.4245 -14.21 84.2225 0.452611 0 -3.5 -0.186167 0.0496528 -0.981263
109.725 -12.9478 97.6442 -0.0122901 0 -1.6 -0.070403 0.366077 -0.927918
53.8228 -16.7214 85.7446 0.853208 0 -3.9 -0.71229 0.334486 -0.617059
103.567 3.75419 103.886 -0.11682 0 -3.5 -0.315459 0.933243 -0.171884
103.601 0.629125 98.5864 -0.349611 0 -0.195675 0.433761 0.55456 -0.710151
69.0762 9.11906 84.8687 0.155153 0 -1.3 0.440768 0.807801 -0.391383
81.6768 -16.4735 101.796 -0.542789 0 -3.5 -0.960169 0.125679 0.249559
69.2853 -23.2959 121.526 -0.132376 0 4.2 -0.198293 -0.0730922 0.977414
93.0383 -4.56394 102.269 -0.366012 0 4.2 -0.791102 0.557147 -0.252478
102.109 -28.7738 122.457 -0.972603 -0.101153 -3.5 0.991585 0.0824214 -0.0998331
54.1175 -19.9192 97.0947 0.0924847 0 -0.8 -0.139391 -0.986235 -0.088945
77.7175 -4.4205 74.1565 -0.686609 -0.373626 -0.8 0.445452 -0.543113 -0.711759
111.769 -17.9172 103.966 -0.694926 -0.171079 0.217212 0.846175 -0.237356 -0.477127
96.4837 -1.16197 113.709 1.03246 0 1.9 -0.356533 0.212066 0.909897
114.194 -14.8584 97.494 -0.462089 0 -3.5 -0.109857 -0.443785 -0.889374
61.053 -29.082 113.878 0.0624686 0.236559 -3.5 -0.690246 -0.462342 -0.556597
101.012 -30.4941 107.396 -0.610187 0 2.8 0.166784 -0.780336 -0.60271
93.8779 -24.3443 95.9918 -0.460344 0 -3.5 -0.0814522 0.599718 -0.796055
74.9993 -18.543 102.518 -0.615698 0 -4.5 -0.656982 -0.449165 -0.605496
86.4221 -3.04675 111.373 -0.382306 0 -3.2 0.421354 -0.653171 -0.629148
106.815 -35.7198 110.172 -0.83945 -0.0830945 -3.5 0.87934 -0.122433 -0.460186
102.325 1.02159 97.6235 0.373663 0 -1.7061 0.859108 0.177059 -0.480192
59.239 -7.952 107.078 0.0657248 0 1.8 0.321703 0.635375 0.702001
63.9589 -0.0473125 105.407 0.0458784 0 4.5 0.369043 0.302791 0.878707
89.3176 -4.40731 86.4968 -0.0728932 0 3.8 0.591669 0.431645 -0.68089
61.832 -23.7406 113.045 -0.619099 0.406069 -4.5 -0.314218 0.696576 -0.645019
52.3226 -10.1895 102.43 0.336562 0 -1.6 -0.93806 0.201305 0.281994
67.1155 -7.7005 74.3895 0.147417 0 -3.5 -0.572966 -0.710994 -0.407672
73.2628 -22.4866 121.082 0.15078 0 -2.06201 0.065579 -0.142117 0.987675
91.711 -22.3873 124.496 -0.607345 0 -3.9 -0.644857 0.499454 0.578537
74.4052 -16.29 87.5284 -0.379837 0 3.8 -0.220986 0.40631 -0.88661
47.3893 -8.53091 99.0889 0.161439 0 1.8 -0.392203 -0.821395 -0.414111
88.3925 -1.59275 124.979 -0.0123909 0.0154975 -2.924 0.385834 0.860956 0.331493
117.1 -11.6536 108.285 -0.440274 0 2.8 0.753243 0.654918 -0.0608842
111.59 -14.8834 119.841 -1.1467 0 -3.5 0.699319 -0.350447 -0.623009
90.3861 9.52725 85.7166 0.629016 0 -4.5 0.463366 0.221498 -0.858039
71.7386 2.32069 71.0667 0.318402 0 0.718601 -0.63696 0.43651 -0.635406
68.4805 -18.4075 115.232 0.208463 -0.000409956 -0.7 -0.868363 0.071786 -0.490706
65.7797 -15.7794 84.7947 0.0151831 0 -3.5 0.395932 -0.624497 -0.673232
75.3198 11.7779 83.4329 -0.00813153 0 -3.9 -0.514835 0.615952 -0.596279
73.9561 9.40006 81.4692 -0.10272 0 4.5 -0.270332 0.930376 -0.247631
94.1909 -10.3977 94.7376 2.0108 0.299247 -3.9 -0.178259 -0.874439 -0.451199
101.387 -25.9439 96.1183 -0.164983 -0.0398013 -3.5 0.0665726 -0.467367 -0.881553
72.855 4.4235 71.583 0.341833 0.128676 1.8 0.052093 0.546115 -0.836089
105.841 -1.70481 113.198 1.96484 0 -3.9 0.393145 0.822624 0.410764
68.6866 5.08044 98.2383 -0.284192 0 2.8 0.841529 0.233405 0.487187
77.6317 -9.87775 95.3119 -0.582089 0.0282117 -3.5 0.810543 -0.585061 -0.0269085
74.9524 -35.9166 107.893 0.282881 0 -3.9 0.0596968 -0.168974 -0.983811
75.162 -13.734 78.063 -1.24601 -0 -3.5 0.804099 -0.490781 -0.335499
51.2058 -5.554 88.7605 -0.510898 -0.295588 -0.7 0.457561 0.0213206 -0.888922
69.2162 -12.3617 111.779 -0.597447 -0.742662 -0.7 -0.474885 -0.116586 0.872291
110.609 -19.0883 111.972 -0.125388 0 -1.6 -0.552429 -0.730646 0.401222
92.1127 -7.40513 96.7394 -0.300579 0 -0.8 0.113897 -0.254681 0.960294
74.4703 -19.3471 103.938 0.534352 0.207479 -4.5 -0.519148 -0.509529 -0.686197
79.5632 -19.7699 97.7827 -0.499919 0 3.8 -0.294199 -0.140785 0.945318
66.4983 -33.318 104.255 -0.262575 0 -3.5 -0.726226 -0.60218 -0.331625
61.9755 5.666 91.7465 -0.00123087 0 0.675622 0.58962 0.699212 0.40429
78.8389 -12.7885 109.931 -0.944244 -0.100982 -2.46081 -0.176336 0.26715 -0.947384
52.6079 6.86 99.5607 0.399508 0 -4.5 -0.822378 0.0543937 -0.566336
103.78 -24.5536 118.672 -0.180088 0 -4.5 -0.281405 -0.948686 0.144243
89.4002 -1.65566 122.19 0.136606 0 4.2 0.541674 0.812998 0.213597
102.017 -6.47781 132.528 -0.0326152 0 -1.6 0.832082 0.405443 0.378491
109.603 -4.79403 100.498 -0.388495 0 -1.6 0.9101 -0.23389 -0.342073
70.2856 -35.5947 113.012 0.452541 0 -3.5 -0.98041 0.0952213 0.172419
99.528 -3.95509 96.3157 -0.19485 0 -0.969825 0.178233 0.635585 -0.751175
59.559 -13.004 108.742 0.160709 0 -2.32074 -0.142462 -0.554797 0.819698
83.3798 -7.75216 114.907 -0.878875 0 -0.8 0.162691 0.572176 -0.803832
66.5736 -33.9548 115.082 -0.200648 0 -0.7 0.321299 0.0248609 -0.946651
93.6461 -9.05341 96.0071 2.81765 0 -3.9 -0.755201 -0.46433 0.462676
106.846 -8.37169 127.176 -1.19491 0 -3.5 0.467161 0.541167 0.699213
57.2654 -3.44587 82.0141 0.187531 0 -0.4 -0.746092 -0.0367249 -0.66483
89.3157 -28.5447 101.402 -0.0530406 0 -1.6 0.846214 0.514734 0.137735
113.325 -17.3311 106.616 -1.0996 -0.150433 0.395332 0.962995 -0.182714 -0.198133
96.1824 -9.33356 94.6222 1.3275 0 -3.9 0.456198 -0.711057 -0.535052
79.4859 -18.4602 97.8404 -0.513813 0 3.8 -0.360536 0.0852311 0.928843
81.0654 -26.0639 98.5638 1.82201 0 -3.9 -0.0646094 0.510387 -0.857514
67.7294 3.44513 74.6744 1.84832 0 -3.9 -0.798851 -0.396618 -0.452251
72.8725 3.1415 70.1172 0.444766 0 1.8 -0.699484 0.662417 -0.268192
102.436 -19.3274 122.042 -0.459026 0 -4.5 0.688813 0.486067 0.537844
80.7825 -9.66362 113.803 -0.657795 0 -2.8058 -0.564656 0.682724 0.463736
95.1602 -30.5055 115.628 -1.51081 -0.0352297 -3.5 -0.632951 0.0903126 0.768906
76.684 -35.437 111.9 0.0523635 0 -3.9 0.702119 -0.379904 0.602247
74.0619 -7.89412 77.6572 -0.521048 0 -0.988099 0.269034 -0.840778 -0.469801
102.708 -30.6307 100.964 0.131855 0 -3.9 0.533696 0.245055 0.809393
58.1312 -25.9772 108.976 1.21425 0 -4.5 -0.799437 0.501937 0.330092
64.1335 -18.1541 111.88 -0.769305 -0.0764173 -3.5 0.223613 0.510121 0.830526
68.2803 1.5285 70.1913 0.43573 0.330505 -4.5 0.25697 0.866035 0.428894
76.5975 -12.5105 80.33 -0.884631 0 -3.5 0.0514587 -0.933663 0.354436
64.9194 -37.2992 116.374 -0.0779037 0 -0.7 -0.78752 -0.466528 -0.402695
71.3253 -34.0899 106.196 -0.43546 0 -3.5 0.867403 -0.0667183 -0.493113
109.848 -5.37516 105.706 -1.34168 0 -3.5 0.835328 0.549749 -0.00199109
91.3771 -30.7038 105.287 -0.892555 0 -1.3 -0.210177 -0.00992007 -0.977613
66.6507 -8.37734 109.969 0.15369 0 -0.7 -0.534415 0.330229 0.778042
58.5885 -27.2492 114.15 0.629239 0 -4.5 -0.680827 -0.387465 0.621567
84.006 4.40912 78.7969 0.291395 0 -3.5 0.888437 -0.43098 0.157908
71.6785 9.0825 84.863 0.605331 0 4.5 -0.598057 0.670053 -0.439725
91.5027 -14.2144 128.963 -0.677495 0 -3.5 -0.147746 -0.984024 0.0993342
93.3587 -2.25125 135.771 0.498878 0 -4.5 -0.918444 0.329112 0.219422
84.258 -28.764 116.038 -0.646911 -0.641803 -3.5 -0.158305 -0.739046 -0.65479
71.8207 -12.1138 88.5146 -1.65092 -0.00789874 3.8 0.120187 -0.337933 -0.933465
92.4652 -30.6889 110.426 -0.708184 -0.360263 -2.27413 -0.872452 -0.444867 0.202292
85.422 -29.7581 98.1503 0.335698 0 -1.6 -0.575707 0.330723 -0.747786
73.3298 11.6716 85.0126 0.918069 0 -3.9 -0.493642 0.735806 -0.46358
63.2967 -24.1581 112.633 -1.00081 -0.618987 -3.5 -0.27196 0.492847 -0.826523
54.028 -14.1335 101.361 -0.145391 0 -0.807899 -0.952301 0.0504642 0.300959
68.8043 -27.5039 95.7591 0.0758124 0 -0.8 0.551385 -0.792553 -0.260452
90.716 -17.954 102.019 -0.762215 0 -1.28979 -0.673805 -0.385666 -0.630277
105.787 -19.0299 93.4883 -0.0699512 0 4.5 -0.425763 0.671002 -0.607027
82.1407 -8.42612 100.02 -0.803778 0 -0.8 0.538481 -0.0580216 -0.840638
79.7484 10.4429 77.4104 -1.30434 0 -3.5 0.18936 0.321554 -0.927764
98.2751 3.71469 98.6073 -0.880086 0.0415632 -3.5 0.221948 0.789442 0.572295
67.0803 -15.001 85.0991 -0.680661 0 -3.5 0.521635 -0.703894 -0.48211
78.4374 0.986375 73.6237 0.109271 0 -3.5 0.938171 -0.0542801 -0.341891
115.733 -10.868 105.205 -1.32857 -0.727295 -3.5 0.229728 0.575806 0.784648
91.773 -5.22669 129.486 -0.51762 0.140221 -3.30191 -0.637469 0.00298005 0.77047
98.9187 -0.564937 123.012 0.025708 0 2.8 0.433331 0.829909 0.35139
86.945 -32.5405 97.8848 -1.56415 -0.467797 -1.6 0.715473 -0.333029 -0.614158
87.0235 -27.0495 114.365 -0.895374 0 -0.7 0.140723 -0.989754 -0.0241519
77.3265 -9.223 99.9062 -0.47181 0 -2.80271 -0.0379135 -0.92696 -0.373239
107.982 -14.4266 125.037 -1.59233 -0.764255 -3.5 0.585531 -0.0122211 -0.810558
107.902 -5.2455 111.027 -0.696605 0 -0.7 0.384261 0.722946 -0.574189
55.6562 -25.8731 101.946 -1.08286 0 0.293468 -0.553023 -0.79128 -0.260848
72.7459 -18.9764 121.12 -0.919218 -0.674711 -0.975524 -0.244859 0.217751 0.94479
70.3085 -27.1192 98.0508 -0.404143 0 -1.6 0.942137 -0.190229 -0.276026
55.5412 4.31422 102.096 0.148185 0.212595 -4.00284 -0.702881 -0.286651 0.650991
83.2126 -32.7801 97.8117 -0.155506 0 1.8 -0.236502 0.322726 -0.916468
87.9843 -11.3481 103.751 -0.788264 0 -1.6 -0.0395941 0.97334 -0.225925
68.0372 -18.8674 87.5447 0.0971479 0 -3.8871 -0.0224761 -0.439029 -0.898192
97.6263 -1.83487 89.5458 -0.0100613 0 -1.6 0.270657 0.130891 -0.953736
76.1383 -34.7075 119.992 0.538054 0 -3.5 0.961902 -0.26715 0.0581046
92.5372 5.66206 112.148 0.429161 0 -4.5 0.0588188 0.731178 0.679647
71.3271 -24.9361 101.772 -1.05471 -0.923419 -0.7 0.514898 -0.841787 -0.162091
83.452 6.705 82.7605 -0.331157 0 -0.313423 0.123957 -0.61066 -0.782131
114.14 -15.8208 108.234 -0.531783 0 2.8 0.842259 -0.389027 -0.373172
95.9284 -4.55284 89.4951 -0.603393 -0.0875613 -0.8 0.620434 -0.290169 -0.728604
65.85 -7.78575 76.6789 0.00368617 0 -3.5 -0.454838 -0.58642 -0.670249
87.6956 2.16019 121.265 1.1921 0 -3.9 0.255127 0.667397 -0.699636
69.0004 -18.8809 117.756 -0.173258 0.0933853 -0.7 -0.922079 0.113085 0.37011
55.873 0.2045 84.1345 -0.653069 0 2.8 -0.64142 -0.699199 -0.315754
94.0844 -30.1844 103.268 -0.310104 0 -0.8 -0.630617 0.763716 -0.138056
87.1802 -5.147 82.5882 0.0604427 0 -3.5 0.677463 0.408336 -0.611805
50.6759 -0.87725 89.0547 -0.280249 0 -0.7 -0.274561 0.0575392 -0.959847
106.003 -5.8495 107.554 -1.4213 0 -3.5 0.0124305 0.867442 0.497383
62.8012 2.86794 84.6314 -0.0366129 -0.097135 -0.4 -0.403612 0.47665 -0.780962
88.1972 -8.85878 84.8129 -0.941423 0 0.334608 0.792298 -0.124761 -0.597243
63.0312 -0.54725 82.106 -0.797469 -0.571184 -3.5 -0.206325 0.763619 -0.611813
53.7696 -19.6886 101.872 0.670447 0.0129333 -0.7 -0.813407 -0.386091 0.435088
70.8561 -11.6327 103.162 -0.169523 0 4.2 0.830614 0.0625051 0.55333
74.3136 -39.6211 118.328 -1.33021 -0.393776 -3.5 0.0224572 -0.889464 -0.456452
74.5357 -15.6427 110.343 -0.269297 0 -1.3 0.034173 0.509168 -0.859989
92.9893 -9.66625 94.0475 2.51123 0 -3.9 -0.485821 -0.865826 -0.119681
78.6556 -0.151906 69.5504 -0.314123 -0.245797 -0.8 0.443465 0.68752 -0.575026
71.6781 -8.48344 102.818 -0.896307 -0.435008 -3.00061 0.815175 -0.448419 0.366621
84.7961 -2.82394 100.166 -0.762897 0 -1.01061 0.581789 -0.248349 0.774496
106.4 -14.9446 125.156 -1.68875 -0.345553 -3.77785 0.314044 -0.390938 -0.865184
67.7852 -21.4408 118.074 -0.397129 0 4.01373 -0.216501 0.974437 0.0599999
100.506 -18.5825 93.7696 -0.328452 0 -0.8 0.496142 -0.368616 -0.786108
87.2927 -3.22209 111.866 -0.295815 0 -3.2 -0.171457 -0.664936 -0.726955
80.09 -9.525 112.701 -0.708515 0 -3.5 0.301014 0.916373 0.263914
79.8601 -12.7952 77.1062 -2.3568 -0.835444 -3.5 0.471459 -0.436216 -0.766447
84.8955 -34.6762 97.7905 0.00190849 0 1.8 0.162653 -0.328685 -0.930328
73.2469 -16.9601 100.168 -0.479884 0 4.2 0.603123 -0.791166 -0.101484
84.4864 -25.3132 100.6 -0.0640574 0 -3.9 0.353912 0.470681 -0.808211
107.201 -15.6814 97.4348 -0.916325 0 4.5 0.0859473 0.563795 -0.821431
107.112 -10.6085 130.396 -1.00277 0 1.8 0.781796 0.118727 0.612126
61.3698 0.866219 77.3804 -0.117388 0 -3.5 -0.433415 -0.822301 0.368745
76.7713 -8.10013 76.3113 -0.606751 -0.255338 -0.7 -0.482378 -0.633803 -0.604653
79.0794 -19.2626 103.432 -1.49773 0 -3.5 0.359679 0.771859 -0.524275
92.6234 -10.2235 132.796 -0.723104 0 -0.9 0.355694 -0.249235 0.900757
65.3305 -20.8946 112.9 -0.0424086 0 -1.37193 0.708432 0.662795 0.242542
101.531 -35.5912 114.081 -0.167531 0 -0.8 0.170742 -0.692441 0.70098
100.154 -2.957 131.252 -1.66942 0 -3.5 0.524864 0.299758 0.796657
78.1165 -33.0729 103.854 -0.0361799 0 -3.5 0.22529 -0.486597 0.844078
77.8239 12.7679 90.5667 -1.22836 0 -3.5 -0.719523 0.693808 0.0302819
71.8734 -11.1491 87.5809 -1.16377 0 2.8 0.119472 -0.920493 -0.372047
56.4477 0.171656 104.519 -1.06321 0 -3.5 -0.17224 0.0306138 0.984579
92.0495 -1.4285 125.731 0.0438325 0 -3.5 0.0408878 0.975417 -0.21654
67.3243 -34.3936 120.225 0.27621 0 -0.7 -0.045162 0.207743 0.97714
80.6069 -39.9969 97.3216 -0.205018 0 3.8 -0.240203 -0.895579 -0.374486
54.0501 -19.2404 98.7227 -0.0289096 0 -0.8 -0.694551 -0.719373 -0.0100672
64.4155 1.87888 75.924 -0.259231 0 -3.5 0.156668 0.300382 -0.940864
69.1201 -18.3781 109.23 0.163094 0 -0.8 0.429545 -0.273246 0.860713
83.4545 3.36425 80.6592 0.303768 0 -0.8 0.879303 0.378181 0.289492
106.432 -25.4892 112.123 0.162689 0.152589 2.5 0.33962 -0.415765 0.843681
94.0756 2.24325 114.964 0.765585 0.499637 -0.8 -0.250212 -0.398101 0.882559
102.71 -0.513062 118.186 -0.202187 0 -0.8 0.735932 0.604821 -0.304295
105.902 -20.665 103.149 -0.173183 0 2.8 0.823256 -0.559218 -0.0975948
80.5515 -10.7606 117.621 -0.106505 0 -1.89894 -0.685741 -0.0963912 -0.721435
82.3375 -31.187 115.329 0.0384513 0 -4.5 0.574636 0.138468 0.80661
72.7673 -21.8176 102.845 -1.00864 -0.565517 -0.7 0.873027 0.457696 -0.168337
71.1024 -13.5498 105.541 0.093879 0 -4.5 0.668442 0.735216 0.112442
93.3877 -30.3514 109.787 -0.708698 -0.0329963 -3.23594 -0.101558 -0.817573 -0.566798
66.8545 -24.8008 93.2269 -0.323111 -0.134704 -0.8 -0.264098 0.603334 -0.752489
65.6847 0.702812 101.262 -0.361719 0 4.5 0.714065 0.649885 0.260309
101.646 1.38188 95.9954 -0.882387 -0.0950778 -3.5 0.916338 -0.114328 -0.383737
55.2049 -15.4488 85.2708 0.447024 0 -3.9 -0.506299 0.266836 -0.820037
53.6378 -15.5357 86.6922 0.516322 0 -3.9 -0.834017 0.442963 -0.328937
83.9761 -13.8518 125.145 0.296321 0 -3.3319 -0.544649 -0.208292 0.812387
59.8762 -27.7132 96.5134 -0.30424 0 3.85326 -0.391922 -0.110786 -0.913304
86.7949 -15.9504 101.186 -0.460198 0.160282 -3.5 0.733896 -0.472314 -0.488176
48.32 -2.92256 90.0927 0.461043 0.0655744 -0.7 -0.797042 0.560132 -0.225779
109.62 -20.6123 103.234 -0.269085 0 2.8 0.098232 -0.935948 -0.338158
69.2129 -16.791 117.753 -0.111684 0 -0.7 -0.782652 0.389054 0.485895
92.4362 7.98853 96.4902 -0.552003 0 -3.5 0.970105 0.239649 0.0382736
100.558 -15.2157 129.064 0.159024 0 -4.5 -0.763047 -0.201935 0.613989
86.735 -13.7863 83.2979 -0.437401 0 -0.8 0.64908 -0.747874 -0.139213
107.088 -12.8128 121.961 -1.14939 0 -3.5 -0.1869 0.0382223 0.981635
64.483 -35.3932 114.954 -0.358668 0 -0.803639 -0.0863806 -0.459925 -0.883746
103.108 0.786469 123.884 -0.00759281 0 -0.7 -0.350919 0.852566 -0.387281
96.4155 -34.3164 103.155 -0.502707 0 -3.5 -0.30598 -0.951987 0.00986572
91.5569 -27.2737 123.416 0.0159491 0 -3.9 -0.0335244 -0.867485 0.496333
73.3395 -26.7851 123.979 -0.154651 0 1.8 0.0104766 0.921873 0.38735
63.3888 3.07894 106.334 -0.28934 0 -0.4 0.194262 -0.377041 0.905595
116.489 -13.4351 97.3069 -0.822026 0 -3.5 0.148804 0.400492 -0.904137
73.1752 -39.0095 116.952 0.288897 0.0867038 -3.5 0.757146 -0.390566 -0.52363
86.3135 -3.91744 113.256 -0.951746 -0.213726 -1.01586 -0.332397 -0.846473 -0.415927
52.5055 2.902 95.3775 -0.195817 0 -3.29602 -0.789317 0.563484 0.243853
80.2352 -5.19562 103.369 -0.179056 0 -3.62328 0.630194 0.104731 0.769342
112.724 -7.72306 118.523 -0.549141 -0.0540576 -0.8 0.789982 0.445936 0.420796
92.7301 -30.8578 106.763 -0.935761 0 -1.11169 0.0872118 -0.89289 0.441749
111.258 -17.6575 116.078 -0.498948 0 -1.6 -0.192871 -0.274964 0.941911
81.5717 -16.8719 103.689 -0.204782 0 -1.6 -0.88469 0.445998 -0.13568
91.6902 -7.00612 88.1212 0.301946 0 1.92467 0.401034 0.20753 -0.892246
106.833 -18.5392 114.267 0.333564 0.566135 -3.5 0.879681 -0.437261 0.186986
113.262 -10.4972 108.787 -1.2162 0 -3.2 0.0979538 0.533552 -0.840076
80.2371 15.476 85.071 -0.323215 0 -3.5 -0.336401 0.89703 -0.286656
95.472 -34.3245 104.658 -0.593146 0 -3.5 -0.50742 -0.855879 0.0999773
57.7109 -1.19938 107.102 -0.524028 -0.0664369 -0.7 -0.430913 0.545182 0.71909
79.0214 -0.357844 101.808 -0.463838 0 -1.3 -0.646896 0.184116 0.740018
92.5845 -25.4658 96.094 -0.0732814 0 -3.5 -0.48148 -0.444048 -0.755645
108.962 -11.715 121.677 -1.79219 -0.378717 -3.5 -0.0021257 0.366869 0.93027
114.203 -9.81556 103.63 -2.94272 -0.116055 -3.5 -0.43124 0.867559 0.247735
96.6294 4.62475 117.624 0.0163527 0 -0.8 0.286575 0.0626726 0.956006
69.7751 -34.7123 116.16 0.716855 0 -3.5 -0.558091 0.218749 -0.800427
67.7775 -32.3046 101.02 -0.521418 0 -3.5 -0.687567 -0.551803 -0.47198
72.4086 -13.797 103.859 -0.44204 0 -4.5 0.376294 0.880673 0.28778
111.234 -14.2791 116.539 -0.475946 0 1.8 0.999972 0.00495792 -0.00557868
63.7719 -19.558 123.231 -2.32198 -0.872759 -3.5 -0.307336 0.549663 0.776798
75.2224 6.39181 73.7815 -0.317077 0 -3.5 0.642844 0.223525 -0.732659
108.256 -16.2401 119.414 0.322394 0 -0.396547 0.154866 -0.979258 -0.130655
50.2839 -4.63656 88.5339 -0.11058 -0.148518 -0.7 0.340054 0.298243 -0.89186
80.8405 10.9917 92.3574 -1.32215 0 -3.5 -0.0566707 -0.127523 0.990215
97.1438 -16.6968 93.2625 0.815106 0.8972 -3.5 -0.938801 0.000681792 -0.34446
68.1765 -21.0215 119.938 -0.27397 0 4.2 -0.126035 0.895875 0.426056
69.9772 -34.5858 102.212 -1.25058 0 -3.5 0.00618152 -0.999605 0.0274258
97.2306 -2.46187 115.91 0.518878 0 1.9 -0.592425 0.798958 -0.103435
48.3964 -1.29553 98.6788 0.366257 0 -3.5 -0.819447 0.568803 -0.0705013
65.3524 -13.4911 76.3576 0.897899 0 -3.9 -0.0446886 0.245177 -0.968448
71.8611 -8.47381 73.7886 -0.303372 0 -0.8 0.5531 -0.371631 -0.745635
63.1988 -18.9539 112.633 0.576964 0.403304 -3.297 -0.323629 0.834446 0.446053
102.996 -21.3697 123.05 -0.118844 0 -4.5 0.249132 0.176342 0.95228
77.9741 -18.1619 88.1548 -0.265525 0 0.890796 0.61826 -0.532129 -0.57844
99.9188 -7.67969 93.2377 -0.137781 0 -3.5 -0.780261 -0.550455 -0.29697
77.4783 -5.12216 108.44 1.62323 0 -3.9 0.00734052 0.579279 0.815096
90.2285 -19.1025 102.217 -0.871188 0 3.8 -0.0960336 0.640714 -0.76175
83.5847 -30.2326 108.55 -0.0663991 0 -3.95875 0.530145 -0.835983 -0.141703
91.6319 2.08013 102.166 0.0489671 0 -1.6 -0.190981 0.205471 0.959848
98.8446 4.94991 96.8802 0.922824 0.290447 -3.5 -0.0173017 0.978357 0.206198
91.1513 8.41431 85.6441 0.0789043 0 -2.25582 0.026199 0.729346 -0.683643
99.1049 -32.1578 109.307 0.26607 0.686224 -0.8 -0.16463 -0.851876 -0.497197
90.0003 -2.46325 128.851 0.225831 0 -3.5 -0.0106499 0.510808 0.859629
63.3275 -21.0025 93.3982 -0.211841 0 -1.3 0.49808 -0.71431 -0.491607
81.5407 -9.14825 114.923 -0.845564 0 -0.8 -0.893861 0.186176 -0.407861
75.0208 -32.9087 102.693 -0.719376 0.0784153 -3.5 -0.603723 -0.719032 0.344256
86.0199 -18.1431 101.827 -0.813821 -0.0245655 -3.5 0.761265 -0.405861 -0.505719
110.689 -20.1279 102.135 -0.384193 0 4.5 0.607756 -0.757244 0.239196
87.9922 -22.7478 101.792 -0.449075 0 3.8 -0.275535 -0.294833 -0.914961
84.5831 -11.1056 88.2164 -0.256124 0 -0.4 -0.472277 -0.752181 0.459541
71.2921 0.950156 95.7826 -0.315027 0 1.18721 -0.670046 0.390968 0.631017
88.7621 0.449062 109.992 -0.499302 0 -4.5 0.00518385 -0.385164 -0.922833
57.4668 -28.6656 100.359 -0.335114 -0.232758 -0.8 -0.779653 -0.543824 0.310479
76.8112 12.2041 87.849 -0.797223 -0.00168355 -3.5 -0.671051 0.663748 0.330347
83.9749 -0.544594 123.732 0.130831 0 -3.9 -0.802603 0.396157 0.445969
88.384 -26.1116 116.561 0.0645927 0.468531 -0.7 0.806588 -0.241359 0.539594
72.2926 -9.30538 75.385 -0.445663 0 -0.8 0.888805 -0.367684 -0.273557
83.3051 -0.967922 111.861 -0.7913 0 -3.2 -0.392044 0.794321 -0.464064
97.7019 -0.835875 96.0038 -0.780725 0 -3.9 0.808224 -0.383783 -0.446638
96.4385 -28.5729 117.032 -0.375197 0 -3.9 -0.978146 -0.195704 -0.0702229
80.2342 -33.9366 98.8328 -0.285499 -0.45794 -0.750886 -0.396949 0.532086 -0.747874
67.917 10.4748 85.2926 0.067761 0 0.245819 0.297688 0.954638 -0.00695529
76.0447 10.9556 77.7641 -0.066809 0 -3.5 -0.427366 0.78636 0.44609
70.3776 -9.8112 109.577 -0.451754 0 -0.7 0.904033 0.425179 -0.0441222
60.6151 6.34694 101.244 0.376145 0 1.9 0.137014 0.976169 -0.168292
73.3568 -7.05 103.744 -0.607333 -0.00505415 -3.86633 -0.287418 -0.514436 0.807927
82.0312 -31.7614 104.982 -0.312361 0 -0.8 0.202204 -0.895561 0.396338
90.6917 1.51325 108.905 -0.459183 0 -4.5 -0.302795 -0.786415 -0.538392
88.8347 6.49331 100.169 -0.285462 0 -3.5 -0.523591 0.236636 0.818447
93.8573 -25.5225 117.932 -0.464219 0 -3.29655 -0.38477 -0.0745732 -0.919995
77.109 -11.7844 102.923 -0.502019 0 -0.4 -0.398507 -0.897598 -0.188441
59.929 -30.2365 105.272 -0.350759 0 1.8 -0.524429 -0.587001 0.616769
98.0709 -1.12688 115.757 1.11607 0 1.9 -0.947221 0.319165 -0.0300992
62.4514 0.389969 105.64 -0.204608 0 -0.423115 -0.000351085 0.322153 0.946688
108.573 -14.4369 97.706 -0.442584 0 -1.6 -0.21641 0.272976 -0.937364
70.294 -0.486 97.815 -0.413487 -0.0951816 0.63257 0.0675528 0.753867 0.653545
106.164 -11.9648 131.43 -0.543041 -0.171054 -3.5 0.101407 0.0710998 0.992301
65.9333 -7.25884 75.4837 -0.181082 0 -3.5 -0.4625 -0.801691 -0.378663
66.2179 -32.0634 106.455 -0.500474 0 -3.5 -0.786776 -0.130248 0.603339
71.3313 -20.6672 94.6166 -0.259004 0 -4.35244 0.601205 -0.701251 -0.383146
90.597 -0.0138437 115.918 0.361894 0 -0.8 0.169188 0.557273 0.81291
46.8917 -6.43375 90.6456 -0.356185 0 -0.542653 -0.944598 -0.164377 -0.284104
92.0471 -22.8099 116.645 -0.26253 0 2.15658 -0.428333 -0.890009 0.156253
64.7606 -16.841 75.7931 2.46225 0.552107 -3.9 -0.0185488 -0.652273 -0.757757
56.2593 5.87813 89.3215 -0.0207382 0 -0.8 -0.705938 0.692161 -0.150219
101.208 -26.1303 101.045 -0.388765 -0.0703417 -2.18689 0.389727 -0.600261 0.698426
87.3461 -24.4802 116.566 -0.684878 -0.853878 -1.10273 0.889341 0.164632 0.426578
88.4874 -11.5302 100.817 -0.484034 0 -1.6 0.380911 0.84499 -0.375365
76.1336 -16.1386 87.2281 -0.631825 0 3.8 -0.00328225 0.273428 -0.961887
101.485 -32.491 116.356 -0.24636 0 -3.9 0.880087 -0.463139 0.104635
65.7701 -7.19938 109.563 0.119074 0 -3.5 -0.292736 -0.117383 0.948961
54.0171 -5.56238 86.5094 -0.615817 -0.00604834 -3.5 -0.786795 -0.572542 -0.230541
73.2852 -13.4288 88.25 -1.8502 0 3.8 -0.206038 0.117623 -0.971449
61.6292 -30.2234 113.643 0.539559 0.614044 -3.5 -0.514249 0.177049 -0.839167
82.0849 9.22544 77.1243 -1.28187 -0.54694 -3.5 0.221666 0.532432 -0.816933
89.2653 -0.167125 115.005 0.671601 0 -1.17977 -0.201955 0.870958 0.447935
77.8528 -27.7146 118.312 0.377822 0 -1.6 0.600585 -0.423334 0.678297
75.2702 -6.10459 75.1641 -0.511012 0 -0.7 0.207537 -0.65069 -0.730432
103.682 -20.1013 119.65 -0.18409 0 -4.5 0.863415 0.499605 -0.0700694
84.0877 -21.9126 120.778 -0.190763 0.292397 4.2 0.223956 -0.433755 0.872754
71.2241 8.654 83.7236 0.527948 0 2.80206 -0.00122799 0.990937 0.134324
71.1542 -32.0016 106.479 0.53475 0.310881 0.0401406 0.878168 -0.366746 -0.307114
103.371 -36.2601 112.109 -0.492228 0 -3.2318 -0.186064 -0.751153 0.633364
79.2921 2.29731 74.8967 0.114739 0 -2.58432 0.95005 0.130897 -0.283322
82.4466 -1.16283 102.084 -0.845216 0 -1.3 0.338995 0.154474 0.928019
92.7645 -27.1029 124.185 -0.44974 -0.142169 -3.43785 -0.601682 -0.629724 0.491352
59.7566 0.641219 83.4891 -0.172863 0 2.8 0.526156 0.600453 -0.602176
76.7264 12.852 86.294 -0.361927 -0.186205 -3.52498 -0.352224 0.920963 0.166628
73.4905 -37.323 117.746 0.589294 0 -3.5 0.54316 -0.0555382 -0.837791
100.112 -4.0745 92.7968 -0.250178 -0.42484 -3.27041 0.603734 0.761919 0.23449
63.6797 -13.1962 76.958 0.848545 0 -3.9 -0.556546 0.520435 -0.647614
109.012 -11.804 98.4682 -0.388606 0 -1.6 0.103135 0.814353 -0.571132
71.2367 7.29425 91.9555 -0.311178 0 3.8 0.363412 0.850339 0.380599
98.6462 -13.1112 127.723 -0.752942 0 -4.5 -0.34772 -0.824607 0.446223
102.502 -28.3663 111.874 -1.17979 -0.0110731 2.8 -0.0386728 0.377387 0.925248
62.0959 6.82062 89.7838 -0.118411 0 -0.7 0.178395 0.924653 0.33644
54.3114 4.741 94.9612 -0.205787 -0.0324237 -4.5 -0.791724 0.590927 0.154847
64.2842 4.74738 92.3979 -0.262482 0 -3.5 -0.513438 0.850814 0.111788
100.015 -28.3428 115.263 -0.478074 0 -0.8 0.336242 -0.182606 -0.923903
84.9835 8.50594 82.9127 -0.182447 0 -0.7 0.659104 0.238505 -0.71323
110.062 -21.4028 110.103 -0.249853 0 2.8 -0.193359 -0.576884 0.79361
79.7911 -20.6584 94.2751 -0.296395 0 3.8 0.131837 -0.684736 -0.716767
66.6319 -12.8182 76.6802 0.645471 0 -3.9 0.31914 0.044798 -0.946648
97.5259 0.916375 122.005 0.275239 0 2.8 0.444319 0.869854 -0.214324
72.4839 -14.655 117.637 -0.177118 0 -0.7 -0.459736 0.745616 0.482389
82.2588 15.5074 84.9022 -0.800105 0 -3.5 -0.0474839 0.877503 -0.477215
79.5316 -29.1001 115.74 -0.251967 0 2.8 0.733977 0.0383907 0.678089
71.1927 -19.3317 102.462 -1.16041 0 3.43354 0.996215 -0.0110221 -0.0862239
95.4836 -28.3549 96.1479 -0.427231 0 -0.8 -0.645014 -0.763954 -0.0182079
66.8566 -21.4334 113.481 0.0608593 0 3.8 -0.052377 0.986816 -0.153139
61.5969 -34.6627 113.611 -0.594705 0 -3.5 -0.159438 -0.414578 -0.895938
58.9227 8.18297 95.6287 -0.157892 0 3.8 0.122873 0.657351 0.7435
103.206 -29.4317 99.701 -0.322553 0 -3.9 0.949583 0.311541 0.0351187
91.384 -31.751 102.243 -0.695692 0 -0.8 -0.613296 0.69765 -0.370341
85.0407 -12.6939 81.514 -0.525461 -0.555274 -0.8 -0.0592475 0.0309584 -0.997763
60.3777 -30.1019 101.359 0.118491 0 -0.4 0.0861542 -0.742362 -0.664437
67.8303 -33.6154 116.053 0.43874 0 -0.9 0.333425 -0.174367 -0.926512
72.4062 -20.9323 121.423 -0.141507 0 4.2 0.0903168 0.186938 0.978211
92.7353 -4.30762 106.048 -0.919012 -0.385689 4.15499 -0.725158 0.655438 -0.21106
85.9045 4.177 81.8577 -0.192515 0 3.8 -0.503176 -0.144673 -0.851988
74.3825 -29.8324 107.66 -0.737642 0 -1.3 -0.331911 -0.741401 -0.583231
105.024 -1.48637 125.56 -0.67954 0 -0.7 0.910286 -0.245929 0.333014
68.8036 -38.3291 118.438 -0.464035 0 -2.02684 -0.166563 -0.855805 0.489749
82.4084 -38.6619 96.5405 -0.220915 0 3.8 0.45241 -0.138068 -0.881057
66.4178 -14.281 80.9025 2.71144 0 -3.9 -0.248456 -0.865297 0.435351
86.3988 -11.4765 91.577 -0.579272 0 -3.5 -0.34214 -0.902658 -0.261054
62.5947 4.57094 86.4759 0.0129963 0 -0.459295 -0.185961 0.510798 -0.839348
93.1834 -29.978 108.022 -1.15256 0 -1.3 0.00491488 -0.998947 0.0456212
100.427 -36.745 109.283 0.922229 0.790733 -0.8 -0.32088 -0.295659 -0.89979
94.8946 5.65569 113.855 -0.191776 0 -3.06342 -0.62591 0.775326 0.0842936
80.6239 -22.2623 121.268 -0.451935 0 4.2 -0.0895551 -0.85815 0.505528
59.2264 -23.5962 91.5397 0.355422 0 -1.39962 -0.102238 -0.994256 0.031672
90.8548 -22.8725 118.003 -0.252028 0 1.8 -0.308559 -0.826764 -0.470376
105.686 -2.83225 119.121 -0.531524 -0.115475 -3.5 0.201285 0.873729 0.442811
57.6305 -7.5995 107.609 -0.0563125 0 -1.45265 -0.218232 0.330363 0.918278
62.927 -2.30338 109.147 -0.206015 0 -0.7 0.360633 0.508951 0.781609
95.3164 2.2995 106.47 -1.80037 -0.0356018 -3.5 0.040875 0.971936 -0.231667
72.9631 -20.8259 87.5749 -0.203095 0 3.8 -0.329469 -0.765609 -0.552533
115.558 -14.5904 108.469 -1.27803 0 2.8 0.438955 -0.763669 -0.473422
107.471 -10.3115 125.702 -0.620331 0 -3.5 0.886791 -0.425371 -0.180723
100.606 -1.19763 124.981 0.0133995 0 2.8 -0.439441 0.858243 0.26516
97.105 -26.693 113.87 -0.743234 -0.307593 -0.8 0.346251 -0.863065 0.367736
82.611 -26.9159 118.216 -0.567376 0 -3.5 -0.871076 -0.388037 0.301088
99.722 -25.284 111.14 -0.585023 0 2.8 0.262133 -0.0716433 0.962369
53.1585 5.13025 93.594 -0.0635545 0 -3.5 -0.494251 0.733386 0.466755
106.793 -31.1995 109.76 -0.398501 -0.00798545 -3.5 0.906326 -0.421971 -0.0226856
112.145 -4.95087 119.267 -0.854892 0 -3.5 0.807549 0.213197 0.54992
84.7636 3.02431 100.823 -0.998264 -0.161007 -0.8 -0.731761 0.627674 0.265616
76.228 -30.0837 119.838 0.491058 0 -4.5 0.651907 0.647684 0.394364
107.612 -13.8759 97.8994 -0.216302 0 -1.6 -0.0674328 0.0580323 -0.996035
76.92 1.12691 70.0229 0.127291 0 -0.8 0.553721 0.164853 -0.816221
71.6715 -10.655 102.064 -0.573598 0 3.08167 0.695169 0.105815 0.711016
105.868 -2.10781 117.904 -1.02193 -0.107871 -3.5 -0.00189927 0.998709 0.0507513
100.824 -28.5756 117.129 -0.484647 0 -0.8 0.980572 -0.131282 -0.14575
86.3919 -7.07425 95.0328 -0.692084 0 3.8 -0.0745475 -0.296166 0.952223
57.571 -8.401 108.22 0.0402432 0 -4.5 -0.514122 0.818782 0.255488
83.9437 -20.0462 122.679 -0.695615 -0.0539795 -0.0964054 0.334233 -0.721771 0.606082
89.4405 -1.26384 120.483 0.111079 0 4.2 0.705229 0.652927 0.276293
72.5685 -18.1151 99.7493 0.0179784 0 -0.8 0.919655 -0.311285 0.23945
66.8249 -32.8274 120.359 -0.094151 0 -0.9 -0.0859365 -0.246503 0.965324
59.1037 -14.889 85.4561 0.0236032 0 -0.4 -0.153407 -0.261061 -0.953055
96.2192 -28.9196 119.826 -0.0657716 0 -3.9 -0.21564 -0.955318 -0.202158
102.173 -5.2608 129.997 -0.820346 -0.23686 -3.5 0.822328 0.502449 0.26706
79.7782 -2.06155 74.7148 -0.33835 0 -1.3 0.538444 -0.306448 -0.784964
93.0369 4.46737 113.379 0.377215 0 -4.5 -0.513143 0.589236 0.624087
90.1125 0.120406 84.7382 -0.253362 0 -0.8 0.837321 -0.382606 -0.390521
60.4673 -20.8125 114.737 0.266836 0.661078 -3.5 -0.149637 0.64382 -0.750403
110.742 -6.75606 105.247 -1.49616 -0.187974 -3.5 0.938612 0.3184 -0.132775
76.048 -14.3975 103.195 -0.135865 0 -4.5 0.334502 0.942164 -0.0208545
72.5369 -27.7591 103.494 -0.141903 0.469664 -1.3 -0.278678 -0.0585795 -0.958596
95.671 3.42134 104.1 2.31227 0 -3.9 -0.50898 0.744846 0.431445
60.2674 -24.0275 94.9023 -0.0691921 0 -0.4 0.33518 -0.917275 -0.215082
93.6889 6.319 94.3621 -0.429398 0 -0.4 0.210159 0.235299 0.94893
95.0137 -32.0021 99.2495 -0.0975297 0 -3.5 -0.626454 0.0309641 -0.778843
75.2584 -20.6175 88.8954 -0.201403 0 3.8 0.369766 -0.916165 0.154643
70.5287 -34.791 114.108 0.0163662 0 -3.5 -0.999794 0.0192571 0.00637052
55.1995 -12.2712 104.368 0.186152 0 -1.6 -0.510688 0.0799906 0.856037
93.0835 8.39792 91.1691 -0.48245 0 -3.5 0.589847 0.494348 -0.638514
59.7491 5.58619 87.2686 -0.155221 0 -0.787594 -0.0760836 0.462982 -0.883096
85.6734 -27.2946 113.719 -0.547871 0 -0.7 0.360541 -0.885991 0.291599
108.184 -8.87844 124.124 -0.646743 0.0109591 -3.5 0.974172 -0.225386 -0.0137804
93.8682 -3.29675 104.04 -0.287743 0 4.2 -0.760159 0.649377 -0.0216281
59.5253 0.175187 82.1298 -0.686222 0 -0.4 0.347274 0.639942 -0.685475
102.001 -16.8526 122.098 -0.743374 0.0195377 -4.5 0.808367 -0.588361 0.0193406
95.3234 -1.44144 125.414 -0.456722 0 2.8 0.0964069 0.703346 0.70428
74.8345 -16.2731 100.839 -0.50382 0 4.2 0.556906 -0.55081 -0.621662
81.7317 -6.41294 99.2158 -0.473193 0 -1.24449 0.834764 -0.495058 -0.241011
76.7642 -9.31612 101.506 0.598495 0 -0.4 -0.421784 -0.742432 -0.520474
79.3711 -1.436 71.948 -0.230032 0 -0.8 0.934309 -0.245409 0.258536
90.2261 -17.8697 124.48 -0.23385 0.210979 -3.5 0.0704301 -0.867423 0.492562
75.5812 -11.7296 82.8702 -1.58611 -0.611468 3.47674 -0.032105 -0.99817 0.0512338
47.7958 -3.41147 91.6838 0.132168 0 -0.7 -0.802638 0.512756 -0.304719
103.945 -31.014 100.494 0.0061326 0 -3.9 0.729272 0.453385 0.51245
93.7475 -4.47412 133.513 0.221352 0 -4.5 -0.945659 -0.300218 0.124894
60.5171 2.60753 84.7753 -1.18292 -0.118007 1.79091 -0.000920083 0.649836 -0.760074
85.8142 -33.3713 105.706 -0.285976 0 -3.5 -0.492827 -0.40719 0.768972
77.5412 -6.77806 75.1518 -0.497854 0 -0.7 -0.135198 -0.38649 -0.912331
79.9477 -3.78644 75.5014 -0.141783 0 -1.3 0.512327 -0.222842 -0.829375
101.695 -0.226625 123.174 0.201077 0 -0.7 -0.460984 0.880276 0.11229
68.669 -20.341 111.931 -0.718364 -0.283071 -0.4 -0.246655 0.968702 0.0278801
85.5337 13.5262 88.5467 -0.483131 0.709489 -3.82405 0.286771 0.926787 0.242544
53.4269 -4.74269 87.5637 0.0585143 -0.270625 -3.5 -0.832665 -0.496854 -0.24455
89.4264 -14.5745 90.7814 -0.18404 0 -1.6 0.022316 -0.908733 0.41678
91.9573 -0.80575 110.118 -0.543517 -0.00921233 -0.968707 -0.83527 -0.116022 -0.53746
97.873 1.81556 92.6058 -0.441958 0 -1.6 0.784765 0.396748 -0.476166
106.273 -20.8718 110.38 -0.67183 0 3.75301 0.775159 0.306747 0.5523
91.0092 -6.21409 107.493 -0.119268 -0.213842 3.05548 -0.64333 0.582442 -0.496878
73.3354 1.70387 99.7629 -0.565444 0 -3.5 -0.651618 0.306503 0.693865
80.8874 -31.168 107.86 0.369125 0 -4.5 -0.000591708 -0.965601 -0.260029
63.7856 -8.72275 109.307 -0.619088 -0.456166 -1.10568 0.243401 0.262982 0.933593
99.3578 -3.75147 91.1977 -0.0961795 0.0823735 -2.00863 0.864675 -0.296072 -0.405805
75.9147 -21.9334 104.697 -0.44841 0 -3.5 -0.421369 -0.406244 -0.810811
104.103 -2.307 120.433 0.421743 0.031665 0.00371984 0.789774 0.613355 0.00730513
67.2439 1.08794 75.4313 -1.05761 -0.462795 -0.8 -0.420701 0.553567 -0.718731
111.7 -7.2475 111.164 -1.38369 0 -3.2 0.622195 0.780906 -0.0553083
94.2685 -3.005 101.843 -0.279736 0 4.2 -0.751718 0.654539 -0.0806103
62.2135 8.5255 105.163 0.749955 0.623101 1.8 -0.0181495 0.98586 -0.166588
46.8588 -3.62306 100.547 -0.171261 -0.085955 -0.897567 -0.890513 0.278764 0.35955
107.774 -27.0689 102.706 -0.368539 0 -3.5 0.956885 -0.023233 -0.289537
65.9406 -19.3714 92.2365 0.257753 0.481331 -4.5 -0.0156562 -0.88986 -0.455964
51.9487 2.74144 99.7533 -0.0875229 0 -0.7 -0.275288 0.770719 0.574639
68.9211 -35.8399 107.322 -0.841799 0 -3.5 -0.592838 -0.658088 -0.464181
75.2516 11.1214 88.3181 0.07482 0 -3.9 -0.183058 0.582869 0.791678
70.629 -30.3521 100.042 -0.905428 0 -1.6 0.927623 0.314207 -0.201965
93.4689 9.01325 94.7045 -2.90253 0 -3.5 0.567799 -0.0261638 0.822751
102.908 -32.3965 101.255 0.915396 0 -3.9 0.376769 -0.0374627 0.925549
106.234 -29.9518 105.647 -0.0684042 0 -3.5 -0.565373 -0.769091 0.298081
91.2228 10.3944 87.3447 0.707448 0 -4.5 0.865615 0.495659 -0.0709465
92.3129 -18.8856 124.46 -1.56009 -0.616441 -0.8 -0.674082 -0.61657 0.406761
79.1984 14.213 84.1506 0.481999 0.340602 -3.5 -0.214696 0.748605 -0.627293
86.3962 -9.80375 109.487 -1.28604 -0.398121 -0.7 -0.615398 0.788017 -0.0177355
68.3269 -30.4581 97.57 0.0952459 0 -1.6 0.304475 -0.571773 -0.76182
64.6278 -22.508 121.949 -0.651636 0 -3.5 0.134926 -0.632387 0.762812
103.332 -0.69525 111.675 0.121142 0 -2.92815 0.595989 0.781328 0.185264
94.0201 -25.451 94.8543 -0.273138 0 -0.8 -0.791838 0.22403 -0.568157
96.176 2.64944 116.173 0.543784 0 -0.8 -0.201663 -0.937175 0.284666
106.488 -16.8498 130.193 -2.30961 -0.549801 -3.5 -0.300741 -0.937582 -0.174629
73.0376 -12.9324 76.6861 -0.569195 0 -3.5 0.076815 -0.292825 -0.953076
74.3604 -36.6438 122.604 -0.452251 -0.00978183 -3.5 0.320093 -0.570517 0.756341
75.4766 4.48694 72.8129 0.402599 0 -3.57274 -0.0166713 0.71436 -0.699579
81.2858 -30.08 99.9133 0.103271 0.642918 -3.9 -0.328081 -0.0128799 -0.944562
88.3719 -0.511 124.294 0.173009 0 -3.9 0.800521 0.123788 0.586381
107.561 1.80184 105.675 -1.51834 -0.961028 -3.5 -0.100192 0.735273 0.670324
81.5485 -0.683 75.6995 -0.841038 0 -1.3 0.430746 0.0240021 -0.902154
110.822 -6.74425 109.843 -2.32829 0 -3.2 0.693803 0.689353 0.208398
104.539 -17.1324 119.326 -0.442559 0 -0.8 0.245679 -0.757326 0.605061
101.411 -31.2121 97.7469 -0.00824138 0 -3.9 0.0474351 -0.276694 -0.959787
55.3424 -9.09972 85.3242 -0.219328 -0.00178941 -1.3 -0.8882 -0.0414178 -0.457586
108.83 -5.26162 120.214 -0.399412 0 -3.5 0.178968 0.0996051 0.9788
103.809 -7.55863 129.857 -1.26474 -0.194294 -3.5 0.514973 0.767677 0.381411
93.8445 -4.15691 135.433 0.562178 0 -4.5 -0.764322 -0.562318 0.315612
109.474 -3.22719 115.58 -0.688272 -0.228682 -3.5 0.436386 0.704336 -0.559892
108.756 -19.6071 109.783 -0.512144 0 3.09161 -0.259857 -0.421228 0.868931
83.7844 -9.67475 100.59 -0.327654 0 -0.8 0.651129 0.287721 -0.702316
65.0946 5.03416 84.9205 -0.209824 0 -1.20541 -0.845837 0.385851 -0.368346
69.3583 -4.71594 70.7262 0.200533 0.589777 -3.79725 0.231234 -0.762996 -0.603629
89.5317 -4.55463 129.069 0.0313824 -0.0347037 -3.5 -0.104771 -0.0628183 0.99251
67.9352 -9.728 75.6535 1.11417 0.1602 -0.8 -0.824071 -0.25398 -0.50636
114.86 -11.7443 110.399 -0.95802 0 2.8 0.448309 0.548299 0.705966
87.175 -16.2566 126.812 -0.783582 0 -3.5 -0.406957 -0.906953 0.108728
89.3076 10.8849 94.2785 -0.369741 -0.585555 -3.83989 0.092884 0.953753 0.285881
90.7525 -14.5631 128.247 -0.785738 0 -3.5 0.397701 -0.779641 0.483729
81.662 -8.3415 97.2355 -0.669625 0 -0.7 0.153661 -0.313421 0.9371
76.1609 -12.9931 77.9052 -0.944158 0 -3.5 0.184625 -0.837425 -0.514425
95.3295 -28.508 117.086 -0.369597 0 -3.9 -0.0409874 -0.666039 -0.74479
89.6619 -30.7234 101.702 -0.3622 0 -1.6 0.978769 -0.186029 -0.0860463
112.857 -10.197 103.368 -1.53487 0 -2.55443 0.243087 0.90522 0.348548
74.6424 -16.7446 108.83 0.100007 0 -3.2 -0.238644 0.941083 -0.239608
64.379 -2.108 78.9945 -0.192207 0 -0.8 -0.993401 0.0882075 0.0733127
76.2114 -29.34 101.893 -1.02382 0 -3.5 0.0989264 0.705681 -0.70159
60.5345 6.80575 90.7365 -0.0236467 0 0.40952 0.25956 0.899509 -0.351442
54.1989 -22.128 98.249 0.204414 0 1.8 -0.7169 0.557474 -0.418662
69.8431 -36.2585 114.668 0.00217667 0 -3.5 -0.792107 0.264579 -0.550058
113.224 -14.577 112.951 -0.380679 0 -1.6 0.252875 0.793104 0.554113
74.5484 -9.2145 101.43 -0.590675 0 2.8 -0.00837343 -0.842784 0.538187
62.2269 -2.51048 79.7547 -0.0286235 0 -0.4 0.333673 0.699329 -0.63214
101.218 4.89325 106.163 -0.685756 0.0283802 -3.5 0.541559 0.542738 -0.641989
83.1655 -35.8485 97.9672 0.0717064 0 2.60128 0.27127 0.106608 -0.956581
93.9622 -7.67072 96.6799 1.4202 0 -3.9 -0.398697 -0.237002 0.885929
105.671 -11.9385 124.017 -1.14155 -0.681289 -3.5 0.491636 -0.854072 -0.169869
94.7115 -29.1477 118.972 0.514552 0 -3.9 0.421291 -0.880535 -0.21719
74.7648 -10.9623 84.7753 -0.378418 0 3.2142 -0.411221 -0.90372 0.119111
82.7075 -12.8785 124.903 0.0681531 0.0932475 -4.5 -0.760053 0.0280746 0.649254
111.683 -15.5802 115.619 -0.481148 0 1.31097 0.748634 0.351189 0.562329
106.913 -2.35641 113.926 -0.229789 -0.272167 -0.7 0.289477 0.956683 0.0309962
111.609 -7.90534 120.005 -0.543923 0 -0.8 0.247595 0.540693 0.803958
70.8975 -11.9684 76.4538 -0.0784024 0 -1.66189 -0.205131 -0.709997 -0.673666
91.0775 -26.1408 124.561 -0.163098 0 -3.9 -0.423754 -0.46447 0.777625
70.974 0.3765 69.3905 0.0165772 0 1.8 0.172474 0.335721 -0.926037
98.2389 -1.65691 93.7425 0.286516 0 -1.6 0.68719 -0.160127 0.708611
108.072 -14.3118 123.415 -1.08927 0 -3.5 -0.338426 0.144972 0.929759
51.2266 2.118 92.0215 -0.196751 -0.00480567 -0.91438 -0.878403 0.467552 0.0990108
68.7195 1.04825 96.643 -0.525929 0 2.8 0.750417 0.609256 0.256282
73.1107 -25.3248 103.091 -0.656097 0 -0.964742 0.558286 -0.0916363 -0.824572
68.7889 11.1684 86.9551 0.309044 0 2.8 -0.106974 0.880735 -0.461371
82.135 5.89675 80.8047 -0.270905 0 -3.5 0.903026 0.0146374 0.429336
60.9174 -31.0065 116.13 -0.312046 0 -3.5 -0.92454 0.188102 0.331428
102.052 -25.1963 110.695 -0.964569 0 2.50891 0.0273946 -0.267818 0.96308
97.5799 -1.46544 124.933 -0.39831 0 2.8 0.123737 0.826569 0.549065
78.0888 6.24366 76.6773 0.19477 0 -0.981068 0.433605 0.371221 -0.821086
61.3365 -19.793 110.696 0.140352 0 1.9 -0.577352 -0.125537 0.806787
92.7571 -1.22075 125.051 -0.000968534 0 1.40146 -0.520529 0.79982 0.298895
101.588 -1.1045 127.076 -0.514624 0 -0.7 -0.306026 0.424049 0.852368
67.4833 -20.5244 115.713 -2.15859 -0.109826 3.8 -0.444069 0.895224 -0.0371101
67.891 -19.9665 111.207 -0.0972236 0.0141313 -1.32774 0.368963 0.394048 0.841779
98.5715 -5.0265 91.553 0.0320636 0 -3.5 0.103912 -0.134782 -0.985412
53.2638 11.2422 103.137 0.0167436 0 -4.5 -0.679557 0.729821 0.074587
81.5983 3.32329 98.5544 -0.464541 0 -4.5 0.799398 0.593169 0.0954656
79.923 -4.8995 122.961 -0.435096 0 -0.9 -0.347875 0.936864 -0.0356085
60.8441 -9.44334 82.9996 0.703875 0 -3.9 -0.945502 -0.27857 -0.168594
54.9525 6.23696 96.3913 -1.59704 -0.607425 -4.5 -0.559479 0.763113 -0.323485
85.3193 8.43357 95.4087 -0.0705866 0 -4.5 -0.73044 0.566724 0.381158
63.7741 -20.4016 115.635 -0.39659 -0.200629 -0.8 -0.240555 0.883659 0.401598
89.5945 -15.4037 128.653 -1.45287 0 -3.5 0.667825 -0.496386 0.554627
85.7595 -3.07 81.118 0.107109 0.771329 -3.5 0.873669 0.466358 -0.138611
49.6115 -2.0622 104.025 -0.570749 0 -3.5 -0.430758 -0.0446035 0.901365
95.9855 -0.129493 137.084 -0.207942 0 -4.5 -0.304225 0.932443 0.194927
89.956 -16.284 99.302 -1.76202 -0.533274 -3.5 -0.607018 -0.787655 -0.105497
63.5051 -12.3285 81.696 3.27318 0.114728 -3.9 -0.512012 -0.774525 0.371423
113.474 -15.8394 106.668 -0.744401 0 -0.365489 0.970716 -0.089289 -0.223019
94.7925 -31.0185 99.6045 -0.320186 0 -3.5 -0.57555 0.213131 -0.789505
89.6635 -1.40117 100.933 -1.2506 0 -1.6 0.230011 -0.726306 0.647745
88.5755 -8.744 109.237 0.110719 -0.356122 1.12225 -0.790614 0.611251 0.0360637
100.749 -13.7034 93.4561 -0.502483 -0.157716 -3.5 0.148878 0.21834 -0.96445
90.4416 -10.2985 87.3563 -2.24015 -0.0207418 -1.6 0.325781 -0.249482 -0.911935
81.5759 -29.0803 98.9605 1.33405 0 -3.9 0.0565098 -0.803644 -0.592422
101.512 4.17674 107.066 -1.15514 0.0279276 -3.5 0.976071 0.210116 -0.0560156
81.2215 -34.528 103.038 -1.52716 -0.241165 3.8 0.347975 0.0105591 0.937444
78.5635 -9.177 120.062 0.0334111 0.154796 -3.5 -0.888528 0.4202 -0.184258
76.0744 -30.2289 121.308 0.240442 0 -4.5 0.632823 0.756791 0.163713
52.0725 0.97025 88.7927 -0.0265995 0 -0.7 0.227693 0.460883 -0.857754
113.345 -18.4501 107.002 -0.491528 -0.0736465 2.3471 0.976711 -0.0364013 -0.211449
56.3402 3.46925 85.5875 -0.244173 0 2.8 0.221776 0.972899 -0.0654447
80.0192 -5.15212 124.152 -0.257309 0 -0.9 -0.56666 0.711864 0.414905
89.7856 -23.1651 115.265 -0.264362 0 -0.181437 0.100658 -0.398142 0.911784
48.1891 -9.15325 99.6065 0.169503 -0.0219851 1.7059 -0.444339 -0.780845 -0.43914
100.325 -32.2745 101.872 -0.403921 0 -3.9 0.18411 -0.390288 0.902097
94.6183 -34.1406 113.072 0.0961123 0 -3.5 0.0331067 -0.949587 -0.311752
97.6023 -2.20178 137.02 -0.310891 0 -4.5 0.864182 -0.469462 0.181092
86.2968 -33.3324 98.0046 -0.588137 -0.445271 -0.168276 0.496496 -0.346731 -0.795782
110.449 -19.0942 97.4393 -0.895922 0 4.5 0.83897 -0.26018 -0.477949
90.5219 -16.6616 100.12 -1.37433 0 -3.5 -0.590168 -0.792453 -0.154012
68.7306 5.38987 95.6702 -1.11943 -0.165444 0.215453 0.873161 0.312125 0.37439
110.957 -18.2085 97.912 -1.20389 0 4.5 0.770845 -0.211226 -0.600983
98.2149 0.118 120.837 0.186265 0 2.8 -0.0299602 0.869691 -0.492686
55.7581 6.47022 95.3538 -0.538051 0 1.2543 -0.750852 0.660466 0.00252502
3 1316 7461 1038
3 1038 7461 8378
3 7461 7621 1605
3 3900 1833 846
3 1833 3900 7476
3 3900 4340 6472
3 7407 4857 4900
3 4857 846 1316
3 8169 1723 4817
3 1723 359 8378
3 1723 8378 4817
3 2446 8378 7713
3 7713 8378 7020
3 3344 2130 7713
3 2130 3344 4895
3 3344 7020 4557
3 1605 637 4557
3 2118 6778 3538
3 6778 3067 7894
3 3422 7894 3709
3 7299 6472 2723
3 2723 57 7299
3 2723 6472 5128
3 5128 7770 2723
3 2723 7770 2424
3 2723 2424 57
3 7407 4562 7397
3 5831 4756 7397
3 4562 5638 405
3 5638 445 2134
3 8169 6344 6541
3 8169 3619 1543
3 4605 3619 2446
3 4817 2446 3619
3 8378 2446 4817
3 1929 2713 4799
3 4895 2357 8476
3 4895 3344 3944
3 3132 3944 6181
3 5032 3132 6181
3 6181 7075 5032
3 2370 2060 3944
3 6181 3944 2060
3 2060 2238 6181
3 438 7802 3538
3 3538 1878 438
3 37 2238 3215
3 7789 37 3215
3 5880 1409 2081
3 2627 7195 5880
3 5880 7195 7613
3 7350 7949 7613
3 3825 2627 3762
3 3825 3762 334
3 3762 3422 1762
3 3762 1762 4764
3 2222 3709 4298
3 4298 3709 7299
3 4298 4328 2578
3 4328 2424 6733
3 6340 6733 3210
3 2397 7074 2944
3 7074 2964 4334
3 7074 7745 2964
3 7745 5270 8222
3 8222 4756 5831
3 5831 7380 7889
3 8352 7380 7332
3 7332 3663 880
3 6703 3663 3901
3 7108 1303 2104
3 1303 7332 2134
3 1303 2134 3984
3 3984 2104 1303
3 3984 3316 2104
3 3316 3984 6344
3 3316 6344 7081
3 7081 3467 3319
3 7081 3319 3316
3 3316 3319 1536
3 4461 3467 7514
3 3467 4485 7514
3 4705 1291 5416
3 7699 1291 1543
3 1291 4485 255
3 1291 255 1543
3 1543 255 8169
3 7699 1543 3749
3 3749 1543 3619
3 3619 4605 3749
3 3749 4799 4898
3 6258 6899 5127
3 5127 4792 6258
3 6502 6258 4792
3 6899 284 5127
3 284 6894 5127
3 6894 2357 7307
3 2624 7307 5032
3 7307 2624 5917
3 6894 7307 5917
3 2624 6552 879
3 2624 879 5004
3 4016 4235 6556
3 6552 3895 6529
3 6529 3895 3708
3 3895 7075 7782
3 7782 7075 6181
3 7782 644 3268
3 3268 644 5980
3 136 5980 7949
3 644 7789 5980
3 7350 2488 4010
3 2601 2488 4065
3 2601 4065 3028
3 3028 4065 3890
3 7350 7195 5183
3 1367 5183 7195
3 3825 1367 7195
3 5672 334 5836
3 5836 334 4764
3 334 3762 4764
3 7622 7857 1040
3 4533 3169 7857
3 1040 7857 3169
3 4533 4764 1762
3 2222 2578 4533
3 3169 2578 1183
3 1183 1680 3169
3 1183 4328 5813
3 5908 6340 5586
3 6340 3767 5586
3 7066 3262 4334
3 7066 1584 3262
3 4701 3941 5968
3 3796 7454 5968
3 830 8222 7889
3 8222 5831 7889
3 8123 6732 3010
3 8123 3010 2800
3 2800 3010 4164
3 6732 8064 6409
3 8064 6732 6703
3 8064 6703 5293
3 5293 6703 3644
3 6732 6305 6703
3 6703 283 2229
3 1357 2229 283
3 1357 3901 4492
3 1536 7774 7108
3 3901 7108 7774
3 8452 8139 3981
3 7016 2360 8139
3 2360 7016 4461
3 2360 4461 495
3 4461 3333 8381
3 4461 8381 495
3 8381 3333 4705
3 4705 5416 8381
3 3518 8381 143
3 3518 143 1737
3 8381 5416 143
3 143 5416 1453
3 143 1453 4356
3 143 4356 1737
3 7396 3936 1576
3 2011 6502 3936
3 6502 5045 3936
3 3936 5045 1576
3 5045 7664 1576
3 1576 7664 7919
3 7664 5917 7919
3 7664 6894 5917
3 1934 6269 1786
3 1786 4987 1934
3 1786 5004 4016
3 4987 1786 4016
3 4016 1287 4987
3 1287 7726 4987
3 4235 6529 6556
3 6529 3286 181
3 798 6953 3486
3 136 537 5980
3 537 3957 7042
3 7042 3957 514
3 2488 2601 3957
3 8337 2601 3028
3 3028 4230 1757
3 246 6202 4230
3 6202 246 3602
3 3602 7780 6202
3 3602 3890 2560
3 3602 2560 5225
3 8027 7904 7917
3 5225 4203 632
3 4203 7917 5205
3 5205 7917 718
3 4551 718 6073
3 4551 6073 1470
3 1470 6073 6224
3 8102 4551 7405
3 7405 4000 5520
3 4000 355 5520
3 4000 6224 3219
3 3219 7622 1040
3 3909 1680 4711
3 5908 4711 5813
3 3052 1184 7524
3 4767 3007 1251
3 3013 40 1211
3 40 5908 1211
3 1211 5908 5586
3 6347 3013 6668
3 6347 6668 6521
3 1211 626 3013
3 6668 3013 626
3 6848 6668 3262
3 626 3262 6668
3 5586 626 1211
3 6848 5290 2518
3 2518 5290 437
3 5290 7972 6814
3 437 5290 4663
3 3796 8163 7972
3 3796 289 8163
3 289 4164 8163
3 3848 3079 397
3 8491 4599 4700
3 4599 5051 7758
3 5051 4205 8452
3 1589 88 8452
3 8452 88 4942
3 88 1376 3922
3 3922 1376 8305
3 3922 8305 1065
3 1376 3437 8305
3 3347 8257 6588
3 3437 3981 8139
3 2360 192 6588
3 3347 2649 367
3 8381 7134 495
3 367 4576 7981
3 7981 270 367
3 577 1964 7981
3 1964 1904 7981
3 179 577 5806
3 179 5806 7637
3 1882 179 7637
3 5941 8047 7637
3 3546 7637 8047
3 8047 6164 3546
3 6112 3546 6164
3 3546 6112 5462
3 4578 5462 5679
3 6112 7655 82
3 4249 7655 4486
3 6799 875 7655
3 6799 6482 875
3 6164 5413 6799
3 6164 7396 5413
3 4463 6482 5413
3 7308 4463 5413
3 7330 7308 7396
3 3089 6269 1934
3 1570 7726 2895
3 2895 7726 7221
3 2895 7221 4153
3 4153 7221 79
3 4231 5567 5102
3 5567 5590 8295
3 8316 5976 5893
3 2137 5893 5976
3 8316 5273 5976
3 8316 798 5570
3 5590 6556 3155
3 5570 3486 1869
3 514 3026 7042
3 8337 3949 514
3 1869 3949 3115
3 6011 6985 4800
3 166 876 6985
3 3826 876 4804
3 7186 3326 166
3 6011 6202 6104
3 8069 7780 4203
3 7780 2451 960
3 8432 1960 7541
3 8069 6152 5729
3 7933 464 5699
3 5699 464 931
3 5699 931 7118
3 4627 464 337
3 337 6154 4627
3 6154 337 355
3 4892 4627 4608
3 4627 6154 4608
3 1892 6154 2020
3 1892 5014 3281
3 7524 3281 3052
3 489 7524 3141
3 4058 4706 2427
3 4706 5069 5751
3 5889 1778 6521
3 7887 6978 5182
3 6978 1286 5816
3 5816 1286 5687
3 1286 6521 5687
3 5687 6521 6668
3 6978 5816 1750
3 5816 437 5563
3 437 4663 2573
3 5838 3685 8232
3 5838 7298 3685
3 1195 5838 8232
3 7298 5838 2534
3 2197 7267 7165
3 1444 7165 5866
3 4945 2809 678
3 5817 3848 2809
3 2809 3848 678
3 8362 3848 5817
3 7972 8163 2384
3 678 6063 2766
3 4700 6063 8064
3 4121 4942 395
3 5051 8452 4942
3 395 4942 88
3 395 3922 4121
3 854 7724 7399
3 2997 8506 6090
3 182 8471 3347
3 182 3347 2080
3 2080 3347 251
3 270 1972 2080
3 1972 270 7981
3 7981 5705 1972
3 7981 1904 5705
3 6373 5705 2214
3 2214 3436 6373
3 1610 6373 3436
3 3436 2214 5156
3 2214 2455 6623
3 6623 6153 2214
3 2455 1964 6623
3 7828 6153 1882
3 7828 3595 910
3 7828 910 1451
3 910 3595 4578
3 3733 5364 2843
3 5679 5194 5952
3 6745 3928 806
3 806 3928 2780
3 2780 3377 806
3 8205 3928 1677
3 1677 3928 3412
3 1677 3412 4249
3 8377 1057 6656
3 6656 6134 8377
3 6134 6656 2508
3 3651 3371 7655
3 875 6482 4312
3 4312 6482 4807
3 6482 2716 4807
3 2716 4366 861
3 310 861 4366
3 310 5204 861
3 310 4680 4951
3 4680 6206 4951
3 6525 2332 6840
3 6206 4680 162
3 162 4680 7594
3 6840 2332 4153
3 6840 5081 6525
3 8296 5081 6840
3 8296 1306 5081
3 8296 3263 3814
3 3263 5309 3814
3 5309 79 7221
3 5529 2619 2418
3 5548 1788 7215
3 403 6137 1103
3 6990 7215 5893
3 6990 5893 2137
3 2137 6040 6990
3 7054 1554 6040
3 2350 7418 3400
3 2350 5944 7418
3 5707 5820 2976
3 5820 5944 2976
3 4536 2976 16
3 16 5570 1869
3 2976 4536 5707
3 5707 2204 858
3 2204 2491 858
3 858 2491 1521
3 1521 2491 2631
3 2491 5165 6284
3 5165 2204 1329
3 1329 2204 45
3 1329 45 7846
3 7846 45 3826
3 4804 4828 7846
3 4828 7151 3892
3 1035 3326 3484
3 6104 960 5935
3 7412 3958 4566
3 5496 7412 7139
3 6708 7139 7412
3 5949 2070 6708
3 2070 7139 6708
3 2070 5254 7139
3 4566 5610 5949
3 4566 1810 5610
3 1401 4985 1197
3 1197 4985 2802
3 6810 7285 1810
3 7285 6810 4985
3 4985 6810 1960
3 1960 2802 4985
3 4584 8432 7693
3 7836 5274 6173
3 6173 5699 7118
3 7118 411 6173
3 1698 1585 4892
3 2308 4892 1585
3 1585 315 2308
3 1698 4608 6236
3 4144 5575 2685
3 4144 2685 1768
3 1768 2685 6948
3 5979 5575 1055
3 5460 3522 5575
3 1500 5575 3522
3 7346 4144 2427
3 7346 2427 4706
3 5258 7346 6499
3 2089 5751 5802
3 8119 6499 2089
3 8119 5931 6499
3 8118 7925 8119
3 3531 7925 8118
3 4165 8118 5802
3 5802 7887 4165
3 6240 4165 7302
3 3652 5182 3475
3 3652 3953 7597
3 1352 7597 3888
3 3953 3390 6955
3 1362 3475 8408
3 3390 7224 6955
3 7256 6955 2842
3 3646 7224 3046
3 3646 3046 2534
3 2534 3618 3646
3 5603 3646 3618
3 1290 7298 3046
3 2534 3046 7298
3 8408 7298 1290
3 1750 8408 6978
3 5077 5603 1444
3 3618 1444 5603
3 412 7137 7267
3 412 2809 4945
3 3719 3720 463
3 4945 2766 3720
3 3720 2766 7915
3 3720 7915 463
3 7915 4108 463
3 7915 6229 6546
3 6229 7907 2453
3 8225 161 3563
3 8225 7341 161
3 3450 785 7399
3 7399 785 4121
3 3450 7399 7305
3 7305 8225 3450
3 5754 6413 3398
3 7305 4906 5442
3 6413 6277 3870
3 6277 4224 2997
3 2997 664 6277
3 6277 664 8272
3 6277 8272 1569
3 1217 3143 3401
3 1109 3401 2195
3 6913 2080 1972
3 6373 1972 5705
3 6373 1610 2107
3 6373 2107 497
3 497 2107 5952
3 6373 497 6913
3 6913 497 3070
3 6913 3070 3401
3 497 5952 3070
3 1217 3377 2153
3 4630 3377 2780
3 8205 4374 4630
3 5042 4374 2272
3 6162 5306 2371
3 8377 6453 5306
3 5306 6453 4407
3 6942 6453 7444
3 7444 7297 6942
3 7297 7444 1532
3 7444 8377 6134
3 7444 6134 1532
3 1532 6134 5453
3 2113 2508 2138
3 5899 5958 7811
3 2508 7811 5958
3 5958 2138 2508
3 4951 5204 310
3 1131 7853 6206
3 1131 6206 2749
3 1131 2749 814
3 814 8135 3031
3 5958 3031 4868
3 8135 2749 1373
3 1373 8214 7620
3 8214 1487 6525
3 1421 6525 5081
3 7469 1306 995
3 5296 995 1588
3 1306 2559 995
3 995 2559 4207
3 995 4207 1588
3 5260 8296 3814
3 5260 6700 6334
3 6700 2418 5407
3 3610 5541 8370
3 8231 8370 2073
3 1144 1327 1189
3 1222 6671 602
3 1222 602 1463
3 2866 4545 6671
3 7445 2866 5837
3 5861 7445 403
3 5837 403 7445
3 3077 2251 5438
3 6284 2135 34
3 2135 5861 6990
3 7215 6990 5861
3 34 2135 6990
3 34 233 6284
3 34 6990 233
3 233 6990 6040
3 1554 233 6040
3 1554 6180 233
3 233 6180 6284
3 6180 2631 6284
3 174 3077 5763
3 5763 1907 174
3 4545 174 1907
3 5763 6310 7592
3 6310 4825 4582
3 2448 4582 3892
3 2448 3892 7151
3 7151 3484 18
3 893 5539 8461
3 8461 5728 4588
3 5539 7861 7063
3 2278 18 1029
3 1029 1834 4681
3 1029 4681 7861
3 4681 1834 2471
3 2471 625 4681
3 625 7722 6823
3 5496 2001 1315
3 7412 5496 1315
3 1315 4311 7412
3 1315 2001 3247
3 7189 3247 2001
3 7189 2234 6764
3 6764 5080 5352
3 5080 5254 2070
3 6731 5080 5949
3 5080 2070 5949
3 6731 5949 7133
3 5949 5610 7133
3 6731 7133 7419
3 7133 781 6309
3 781 7398 6309
3 7133 7285 781
3 781 7285 2212
3 2212 7285 4985
3 7261 2212 1401
3 2212 4985 1401
3 7261 7710 5568
3 5698 5568 5821
3 5698 5821 5857
3 1342 7693 4300
3 1337 4300 5568
3 5568 4300 2142
3 5932 411 5322
3 4621 5322 5948
3 5322 7118 5948
3 315 5758 2308
3 4240 2308 5758
3 5979 6610 6583
3 6583 6610 6579
3 4226 6610 7725
3 1055 457 7725
3 457 1055 1500
3 7725 457 7440
3 593 7440 6532
3 1759 6532 3522
3 1759 3522 5258
3 5258 3522 5460
3 6499 5931 1759
3 6532 1759 5931
3 6532 5931 5114
3 7925 4932 5114
3 5114 4932 4226
3 4932 6610 4226
3 3531 8118 6226
3 8118 6240 6226
3 2935 6226 6240
3 1352 4329 7597
3 7302 7597 4329
3 8470 7256 877
3 7256 1764 877
3 877 1764 5794
3 877 5794 6754
3 1764 2842 2915
3 7554 7391 6033
3 7554 6200 6863
3 6863 6200 5556
3 7993 2436 6171
3 2436 5866 5666
3 5666 5866 5862
3 5666 5862 7521
3 7521 5862 8061
3 5866 7165 5862
3 5862 7165 7730
3 8061 463 1145
3 1145 463 1660
3 463 4108 1660
3 8061 1145 7468
3 1145 3802 7468
3 3802 5562 7468
3 5562 3802 5565
3 5565 7456 5562
3 3563 7878 2453
3 2453 7878 6689
3 6689 7878 8493
3 7878 3563 4502
3 4502 3563 161
3 4502 8339 1282
3 3860 1282 2322
3 1133 7447 8339
3 7447 7807 8339
3 3794 7447 1133
3 7807 7447 338
3 5442 3794 7341
3 5442 7341 8225
3 1366 1484 2877
3 2877 1484 8431
3 8256 338 8431
3 896 1366 3870
3 3870 1366 6413
3 4952 6560 1573
3 6560 6868 1573
3 7327 6868 6560
3 7327 6560 8272
3 2200 7327 6723
3 6723 6188 2200
3 190 6188 7100
3 190 7100 3485
3 7100 6188 1921
3 5498 7100 5042
3 1921 5042 7100
3 5498 2064 5085
3 5498 5085 3381
3 5823 2872 2903
3 3507 2272 4247
3 4247 8205 6162
3 2371 4407 5134
3 5134 2570 3682
3 5134 3682 7508
3 2570 5234 7353
3 2570 7353 3682
3 249 6614 7353
3 6614 1963 7353
3 377 6143 2699
3 2699 6143 5903
3 6143 5234 803
3 803 6942 6143
3 6942 5903 6143
3 2149 3653 6966
3 6966 3653 7297
3 1532 281 7297
3 281 3042 7297
3 5453 1278 1532
3 281 1532 1278
3 3042 281 3839
3 1278 3839 281
3 6431 5453 3223
3 5453 2113 3223
3 3223 2113 959
3 2138 959 2113
3 959 2138 4030
3 4030 2138 7120
3 7120 2138 5958
3 4030 7120 5382
3 4030 5382 4958
3 4958 5382 1557
3 3366 330 7120
3 5382 7120 330
3 330 3990 5382
3 6231 3366 587
3 4868 587 3366
3 587 377 6231
3 4868 3031 8135
3 3990 6231 5527
3 1182 5527 6231
3 1182 2699 1135
3 3320 2149 6966
3 3320 6966 2533
3 3320 2533 4973
3 7420 4973 2533
3 5587 1668 7034
3 1668 7744 7034
3 4889 2464 3042
3 2464 6966 3042
3 4889 109 2679
3 4889 2679 7744
3 3839 2679 109
3 3839 6431 4702
3 6431 1429 4702
3 4702 1429 453
3 4702 453 6616
3 1429 4958 453
3 4834 1557 3990
3 5382 3990 1557
3 6616 4834 3879
3 6616 3879 5139
3 5527 3879 4834
3 5139 3879 5587
3 7742 7034 344
3 6614 3329 1963
3 7317 3329 275
3 275 4305 7317
3 275 3329 7620
3 4305 275 7946
3 7620 7946 275
3 7252 7946 7469
3 7946 7252 4305
3 7252 3919 4305
3 7252 5767 6327
3 1496 6327 5767
3 7000 1496 5767
3 7000 5767 5296
3 7469 5767 7252
3 7000 5296 2552
3 7000 2552 4789
3 3824 2552 7619
3 2552 1588 7619
3 1189 1327 7765
3 1327 1463 7765
3 2857 7765 1463
3 2857 7973 7765
3 2857 1463 318
3 2879 318 7460
3 318 1463 602
3 602 7460 318
3 6091 7460 3056
3 2386 348 3056
3 1802 1907 5763
3 2386 5763 7592
3 348 8008 4935
3 8008 7437 8172
3 5016 8172 2611
3 8461 7437 7592
3 8461 7592 6829
3 6829 1298 8461
3 2611 4588 6782
3 4588 5728 6871
3 7236 7274 3049
3 7584 7274 7236
3 7584 7236 6289
3 6003 8026 7948
3 7584 6289 3317
3 4440 6289 2034
3 2034 5959 4440
3 8007 2034 2786
3 3604 7861 4681
3 3604 4681 6687
3 6687 4681 3568
3 6823 7601 6687
3 6717 4311 6823
3 6823 4311 929
3 2224 4311 1315
3 2224 1315 3247
3 7601 3232 11
3 6019 3726 7419
3 7419 3003 6731
3 7419 6309 4953
3 5583 8044 7261
3 7704 262 5521
3 7704 3499 262
3 3966 5821 2142
3 2142 5821 5568
3 2142 4739 3966
3 3966 4739 4805
3 4739 2142 7220
3 4805 6157 3501
3 4811 1241 1752
3 1752 1241 4621
3 4621 8292 1752
3 8292 7708 4957
3 7708 5948 4240
3 7708 3891 4957
3 3891 4679 797
3 797 4679 6128
3 797 4179 4161
3 4179 1347 3739
3 1347 4437 7486
3 4437 2176 7486
3 7486 2176 2055
3 3184 2176 6128
3 3184 6128 7175
3 3184 7175 1843
3 7175 7342 1843
3 5423 1843 7342
3 6579 7342 197
3 6579 7415 7342
3 6226 2935 7415
3 7415 2935 8321
3 7415 7759 5469
3 2849 6566 812
3 1727 7923 6566
3 7923 1655 6566
3 7923 1727 6032
3 7441 1332 6450
3 6450 1332 6902
3 1332 4766 6902
3 6754 4766 1332
3 4766 2901 2044
3 2044 6902 4766
3 2044 7867 6902
3 2901 5794 1593
3 1991 4426 1593
3 4281 6863 7611
3 3754 5556 7463
3 7463 5556 81
3 81 5556 6200
3 7463 81 734
3 734 5561 1261
3 6048 7521 204
3 6048 204 3813
3 6048 3813 4590
3 4590 4593 1548
3 4593 2382 1548
3 2382 4593 7790
3 3860 8355 3629
3 3860 3629 2382
3 2382 3629 1548
3 8066 8355 8287
3 2322 3137 8355
3 515 3137 8339
3 8256 4011 2112
3 8256 7482 4011
3 1796 7663 416
3 3735 1796 416
3 3735 416 3190
3 416 7663 6868
3 6868 3190 416
3 6868 6721 3190
3 6758 272 3414
3 8258 5112 3620
3 5112 6988 1926
3 6988 3485 4206
3 6527 4206 1838
3 1838 4206 4911
3 4206 3381 4911
3 4911 3381 2591
3 2787 7968 5320
3 5085 5320 2591
3 5085 2064 5823
3 5085 5823 2903
3 5085 2903 2612
3 2612 5320 5085
3 3043 2872 7091
3 170 6368 7353
3 170 1963 3712
3 8116 3712 5305
3 4305 3919 7317
3 5305 7317 3919
3 5499 8116 7029
3 8116 5305 7465
3 7465 3833 7660
3 6327 3932 3833
3 7660 3833 3932
3 5981 3932 1672
3 1167 1672 7000
3 1912 1167 6075
3 1912 6075 5981
3 1394 4789 3774
3 3824 4789 2552
3 3824 5505 4789
3 5505 3824 3229
3 3824 7619 3229
3 5505 6204 6460
3 6460 6204 5724
3 5724 4619 915
3 6037 6120 7157
3 3611 23 207
3 3611 207 1110
3 1110 6091 3128
3 3729 6809 1583
3 1147 5615 6809
3 1583 6809 5615
3 3836 1147 2655
3 3836 2655 8465
3 1147 3128 2655
3 2655 3128 4935
3 8172 5841 8008
3 8008 5841 8092
3 8172 4917 5841
3 5016 7185 7703
3 6289 2897 3317
3 2897 6788 1804
3 4440 5959 6788
3 1509 169 3502
3 7601 2516 6950
3 6950 2516 3416
3 2516 11 7593
3 4953 7593 5878
3 7593 4953 7398
3 7593 2346 2790
3 2790 6804 3852
3 5116 2777 3852
3 2516 3852 2777
3 6260 5159 6924
3 6924 6083 6260
3 6804 3745 5159
3 5159 3745 6924
3 8193 6924 3745
3 3745 6395 8193
3 6395 5857 8193
3 5326 8193 5521
3 5326 4272 4827
3 6924 4827 6083
3 6083 4827 8276
3 4272 180 4827
3 4827 1292 8276
3 180 5872 6282
3 7587 6282 3971
3 5326 5521 262
3 5872 3499 1640
3 1640 3499 7888
3 7888 3499 7704
3 7704 3966 7888
3 1640 7888 8121
3 7888 4805 8121
3 3501 4712 5517
3 5606 0 8292
3 8292 0 1752
3 8292 4957 6494
3 8292 6494 2998
3 3739 5736 6494
3 7486 5076 5736
3 5736 5076 2338
3 2338 5076 5988
3 5076 4707 2750
3 7128 6974 1888
3 2055 6974 4707
3 2055 841 6974
3 841 3613 6974
3 3613 1888 6974
3 3613 2806 1888
3 2806 3379 1888
3 2806 3963 3379
3 3613 5469 2806
3 499 7128 3379
3 499 1992 7128
3 1992 7344 7128
3 7344 1992 4147
3 499 3973 1992
3 1992 3973 4147
3 1519 3973 7282
3 7282 7961 1519
3 7282 1011 1655
3 3963 1011 7282
3 1655 1011 6566
3 5412 7923 3192
3 3192 7923 2385
3 5451 7923 5396
3 7923 6032 5396
3 5450 5907 8479
3 6655 5107 4977
3 5107 6856 4977
3 6450 5107 7441
3 8251 5247 6856
3 6142 7867 3698
3 4348 6999 5444
3 917 6999 4348
3 917 4348 1593
3 1593 4426 917
3 917 1622 6720
3 6720 1622 1694
3 6720 1694 3102
3 1622 7611 7045
3 1622 7045 1694
3 3687 5341 1261
3 5341 7463 734
3 5341 734 1261
3 3687 6394 8068
3 3687 8343 6394
3 8343 1261 5561
3 8343 5561 191
3 8343 191 820
3 820 191 7521
3 820 1400 8247
3 8247 1548 3629
3 4830 8066 4631
3 8287 5914 8066
3 7562 2522 2299
3 2199 2299 6435
3 2199 6435 6486
3 2522 2112 2456
3 6435 2456 843
3 6435 6901 238
3 51 3015 4085
3 4327 7188 3161
3 843 2725 3015
3 4011 7482 4327
3 4327 7482 5788
3 4327 5788 4293
3 4293 5788 3620
3 7482 3886 5788
3 5788 8258 3620
3 7044 2828 4293
3 3620 7044 4293
3 4293 2828 7188
3 663 7030 7188
3 7030 1922 7188
3 7030 7870 1922
3 529 7030 663
3 7870 7030 3748
3 3748 7030 5284
3 3451 6730 4809
3 3451 1321 7654
3 1321 2828 7654
3 4425 7654 6988
3 4425 6527 1906
3 1838 5645 6527
3 1906 5645 8503
3 8503 6730 1906
3 5645 7968 8503
3 7968 2787 1826
3 4523 6917 8453
3 7509 3747 4523
3 7176 3747 7029
3 3747 5320 2612
3 3747 2612 7029
3 3937 4110 7465
3 2093 6513 7719
3 7719 2399 2093
3 5731 2093 2399
3 6075 7535 7829
3 6075 3774 905
3 3774 5505 7625
3 220 905 2225
3 1676 220 2225
3 1676 2225 3561
3 7625 2225 905
3 3561 2225 7071
3 3044 7625 6460
3 3044 6460 4721
3 2208 3044 8204
3 8204 3884 5279
3 3884 5207 5279
3 8204 5279 6685
3 8204 6685 5414
3 6773 7608 6375
3 6685 5279 7608
3 5279 290 7608
3 7608 290 6348
3 290 7973 6120
3 6037 5334 1692
3 6037 1692 878
3 3567 5334 3096
3 8265 3096 4924
3 3096 5334 7049
3 3096 7049 4924
3 7126 4218 7157
3 7157 3729 3213
3 3213 7126 7157
3 3729 1583 3213
3 1583 5615 7213
3 3836 8104 5615
3 8104 3836 8465
3 8465 2655 2469
3 8092 2469 8008
3 5841 4917 2269
3 2269 4917 2577
3 2269 2577 5592
3 4917 5016 2577
3 2577 5016 8473
3 5016 7703 8473
3 4472 7703 7884
3 5652 3496 2714
3 486 7884 3539
3 2503 2330 6780
3 2330 6490 8327
3 8327 6490 5652
3 8327 6189 6780
3 6189 1970 6780
3 3317 2897 6957
3 6189 6957 1970
3 2897 1804 6957
3 1970 6982 5197
3 6402 8016 6982
3 7039 4955 1890
3 4955 4530 1890
3 7039 7078 2500
3 2692 4909 7078
3 4909 2692 6851
3 2692 65 4304
3 2692 4304 6851
3 4304 4530 169
3 4304 5959 8007
3 4304 8007 3491
3 6851 29 3416
3 29 3491 3416
3 6851 2777 6837
3 5116 6260 8212
3 4674 8212 6260
3 8212 4674 150
3 8212 150 7596
3 7596 150 512
3 4674 2325 150
3 150 2325 512
3 2325 287 7698
3 7698 287 4143
3 6512 7050 6932
3 1490 6932 7050
3 4143 1490 7050
3 3948 1081 7587
3 6512 1081 7023
3 7087 3948 2445
3 2445 6399 6975
3 5441 2540 3832
3 2540 4450 5517
3 6896 8332 5606
3 5832 5606 288
3 288 8292 3459
3 3459 2338 1375
3 3459 1375 288
3 2338 5988 1375
3 1375 5988 2131
3 7197 1848 1775
3 710 7344 3847
3 3847 7344 8050
3 3847 8050 389
3 389 8050 6606
3 7344 4147 8050
3 4147 4116 4393
3 8050 4393 6376
3 4116 3973 1519
3 12 2479 5430
3 7961 3192 8034
3 8034 3192 5888
3 8034 5888 2719
3 5888 3192 3182
3 3182 4423 5888
3 4423 3182 8285
3 3182 3192 2385
3 3182 2385 5071
3 6203 7546 6655
3 6203 1492 7546
3 4977 390 6203
3 390 3699 6203
3 3699 390 3950
3 3950 5247 6235
3 6235 7388 3950
3 6235 6159 5043
3 8170 6159 8251
3 8251 7475 8170
3 1013 1850 6142
3 7475 6142 1850
3 5574 1013 5444
3 3698 5444 1013
3 5444 6999 1985
3 1985 6999 6720
3 1985 1601 8218
3 1601 3102 7187
3 7187 3102 1254
3 1254 3102 7335
3 7335 7045 1094
3 7045 8436 4063
3 353 8429 5777
3 2819 4821 2941
3 2101 6025 5744
3 6025 4830 5744
3 4830 1391 7258
3 1391 2817 2162
3 2817 4631 8415
3 5576 6486 238
3 6486 6435 238
3 5576 5348 6784
3 5348 4100 6221
3 8202 6221 4100
3 5052 6487 8202
3 6487 8455 8202
3 6182 2409 7870
3 7643 6182 7870
3 6006 5284 2966
3 196 5475 3358
3 5058 2919 7814
3 2215 1642 1228
3 6397 3441 1642
3 1642 3441 1310
3 1642 1310 1228
3 1228 1310 7114
3 3441 6397 4947
3 4309 2215 5158
3 2215 1228 6151
3 5158 2215 6467
3 6151 6467 2215
3 1458 5745 5884
3 8503 7968 1826
3 7509 4783 2929
3 7509 4523 4783
3 4523 8453 4783
3 4504 6766 8216
3 2383 5461 8216
3 2399 7829 3149
3 7829 2399 7719
3 7829 7535 5863
3 6175 8075 267
3 2275 399 8075
3 3391 2275 7071
3 7071 4478 3391
3 4478 1959 3391
3 3323 7874 2208
3 3323 5414 6779
3 7512 4389 5278
3 6275 1525 2905
3 2701 6275 6375
3 2701 6375 542
3 5062 2701 542
3 6275 6773 6375
3 6375 7732 2326
3 542 2326 4845
3 7732 999 2326
3 4845 2326 7640
3 1355 999 7117
3 6962 1355 7117
3 7117 7732 4615
3 4097 1240 7537
3 7537 1240 6594
3 7117 7537 6254
3 6594 6254 7537
3 73 4275 6594
3 3321 6594 4275
3 1388 4275 73
3 4275 1388 419
3 419 7651 4275
3 419 1388 608
3 419 608 5552
3 7651 419 5036
3 5552 5036 419
3 608 4097 1558
3 3001 1558 8265
3 1558 4097 8265
3 6715 8125 5962
3 5962 8125 1456
3 8125 4924 6458
3 4924 7049 6458
3 4271 4689 2141
3 4689 8360 8270
3 8464 4689 8270
3 8464 8270 5592
3 2577 4472 2223
3 4472 7884 4346
3 977 4346 7563
3 4346 6593 7563
3 7563 6593 5764
3 5764 6593 89
3 6593 2155 5953
3 6755 745 2924
3 2155 486 2838
3 3496 5248 6755
3 5248 1382 6755
3 6755 1382 62
3 62 1382 2739
3 1673 4837 2736
3 2503 2736 4837
3 2736 2503 6780
3 5566 2603 1673
3 4837 1673 2603
3 5566 1673 4565
3 1673 5197 4565
3 4565 5197 6982
3 6982 5343 4565
3 1299 6511 4565
3 7788 4565 6511
3 1299 7452 6511
3 7452 1299 3999
3 7452 3999 6401
3 6401 2071 7452
3 6401 3999 7112
3 3179 7938 8234
3 8234 1218 3179
3 8234 7606 2432
3 7606 8234 7938
3 7039 5569 3448
3 7606 3448 3330
3 2188 6336 1477
3 7078 5289 6937
3 5289 4909 3636
3 5133 6292 886
3 7596 7665 4376
3 1710 4376 7665
3 3975 1710 7665
3 7698 7665 7596
3 287 8276 4143
3 4143 8276 1490
3 2495 3259 4496
3 4496 3259 4727
3 3259 7023 4727
3 7087 7023 3948
3 7087 4278 4794
3 1473 4984 4278
3 4794 4278 4984
3 1473 5039 3959
3 5039 2445 6975
3 6399 1101 6975
3 1101 1545 1711
3 1101 1711 6975
3 1545 5441 1711
3 4297 5580 5536
3 6405 3253 2727
3 2727 3253 7906
3 6405 6896 3253
3 8184 5832 2131
3 2131 292 8184
3 8184 7408 3346
3 6852 3346 1529
3 6852 1529 6611
3 6756 8380 4372
3 3847 4372 1775
3 3955 1464 4333
3 1494 3490 4333
3 4333 3490 6684
3 3490 7577 4146
3 7523 4146 8298
3 7577 8298 4146
3 3490 3858 7577
3 3858 6606 8050
3 3858 4501 7577
3 3858 8050 4501
3 3742 4501 6376
3 362 6376 12
3 2719 667 4115
3 2719 4115 5430
3 4115 7449 5430
3 667 1955 4115
3 7820 4115 1265
3 1955 2707 7223
3 6315 2707 1675
3 6315 1675 74
3 667 5888 2707
3 74 1675 3683
3 1675 4423 3683
3 5329 4423 8285
3 5329 4031 3683
3 4031 5329 5452
3 4031 5452 7847
3 5329 4302 5452
3 6127 5452 4302
3 8285 4302 5329
3 4302 8285 3016
3 6127 1661 6819
3 6819 1661 5798
3 5798 1661 7546
3 4302 3016 1661
3 6819 5798 414
3 1492 3283 696
3 3283 1492 6203
3 7388 8224 3283
3 7388 6235 8224
3 414 5798 8224
3 6819 5043 7369
3 7369 5043 8170
3 5043 6159 8170
3 3513 5307 3095
3 8263 5307 7369
3 8263 217 4724
3 4724 521 4021
3 217 1850 1060
3 521 2083 8418
3 1979 2083 8058
3 5574 5444 8058
3 7950 8218 6515
3 7187 4246 6599
3 6291 5395 349
3 6291 349 1288
3 1288 349 7777
3 7777 6249 7804
3 7804 6249 353
3 7804 7043 5909
3 7804 8088 7043
3 5777 458 7804
3 458 8088 7804
3 458 7520 8088
3 2697 252 5678
3 5678 252 3931
3 5678 418 7520
3 7520 418 7498
3 2140 7498 418
3 2140 5370 7498
3 5370 4779 7498
3 4779 5370 4286
3 2318 5608 1042
3 5370 1042 5608
3 5608 4286 5370
3 5608 2318 5890
3 2318 1042 6963
3 6963 1042 92
3 6963 92 3599
3 1042 1867 92
3 92 1867 7258
3 92 7258 3599
3 3599 7258 2162
3 2318 6963 2861
3 6963 3599 6324
3 3599 2162 2889
3 7146 2889 5913
3 5913 5576 7146
3 6784 2420 7429
3 2420 1037 2353
3 2420 2353 7578
3 1037 32 5287
3 32 6221 8202
3 7639 7928 8455
3 8202 8455 7928
3 7639 8455 7568
3 7896 7639 7568
3 6121 7568 8455
3 7568 3082 5094
3 3357 7568 5094
3 6006 5094 3082
3 5094 2967 3357
3 3357 2967 2206
3 6006 2967 5094
3 1769 2967 2966
3 1769 2966 8253
3 196 5017 6419
3 5017 3358 2510
3 5017 2510 6951
3 4597 7106 5058
3 612 7106 7480
3 7480 7106 163
3 7572 7106 4597
3 163 7106 7125
3 4597 1471 7572
3 6349 1471 6122
3 2258 1566 4476
3 6122 6467 2731
3 2801 3209 1431
3 3314 363 1530
3 363 5884 6044
3 6044 1530 363
3 6044 8368 1530
3 5804 8191 6044
3 8191 4172 6044
3 8368 6044 4780
3 4172 4780 6044
3 2247 3376 4780
3 4654 5340 4577
3 5192 3149 5863
3 5192 5863 3985
3 3092 5192 3985
3 3985 2365 3092
3 1380 2209 6540
3 6427 6839 8206
3 4279 712 3624
3 7068 712 3775
3 712 4279 4905
3 4905 3775 712
3 2694 4279 2369
3 2369 966 2694
3 6503 5926 2369
3 6503 6427 5584
3 3679 6741 4017
3 8312 4017 8075
3 7733 8312 6920
3 8070 399 3391
3 8070 1959 6930
3 6930 6779 8113
3 6779 4427 264
3 1413 4427 7512
3 1413 6311 6293
3 6293 6311 6156
3 6293 6156 6874
3 3529 6311 1413
3 3529 1413 5278
3 3529 5278 2905
3 8072 3529 2905
3 1525 4795 8072
3 3081 8428 6150
3 7595 6275 2701
3 3520 4102 6185
3 4102 5062 1200
3 4845 5799 1200
3 6649 1200 5799
3 5799 4845 6559
3 4845 7640 6559
3 3772 2434 3146
3 2333 5384 6254
3 5384 2333 7602
3 3321 329 5956
3 329 3468 5956
3 8265 2460 3001
3 5759 3001 2460
3 5962 3464 5759
3 5962 4264 3464
3 3464 2492 8045
3 3464 8045 5084
3 3827 1032 8278
3 8278 1032 5198
3 3827 1293 6042
3 3827 6042 1032
3 5198 1032 5533
3 1032 6042 5533
3 4264 668 1293
3 1187 1293 668
3 1187 668 1456
3 1456 668 5962
3 1187 8060 7485
3 8125 6458 8060
3 1908 8060 6458
3 1908 7960 2526
3 4808 2526 8464
3 8464 8078 4808
3 8060 4808 7485
3 8078 8464 708
3 6796 4039 977
3 6796 977 1122
3 7178 1122 4430
3 1122 977 5764
3 4430 1122 5764
3 7563 5764 977
3 4692 8160 484
3 8160 4692 1454
3 1454 4692 6593
3 3614 484 8160
3 8160 4835 3614
3 3614 4835 4060
3 4060 4835 8393
3 2562 7644 4835
3 7644 2562 5953
3 2155 5714 7644
3 5714 2155 2838
3 6619 7581 5269
3 1406 7788 7581
3 2603 7788 1406
3 7788 6511 5269
3 5269 6511 1990
3 5269 1990 6641
3 974 3830 459
3 3830 7033 5998
3 7033 2071 8457
3 2071 6401 8457
3 8457 6401 7938
3 5266 8457 3179
3 8457 5266 5130
3 5130 5266 4023
3 6018 1218 575
3 1511 6018 8271
3 575 1218 8234
3 1753 6658 280
3 1753 280 8271
3 5097 6658 6646
3 5097 6646 2273
3 5097 2273 2953
3 2953 2273 1477
3 2188 1477 2273
3 1346 6937 6292
3 2953 5133 4157
3 2953 4157 5097
3 5097 4157 7011
3 2758 3716 5133
3 4157 5133 3716
3 7011 4157 7658
3 3716 7658 4157
3 5133 886 2758
3 886 5022 2758
3 4572 5022 1710
3 5708 7092 7978
3 4982 7092 7873
3 7921 5673 8157
3 7028 853 8392
3 4984 6118 853
3 8392 853 6118
3 6118 6246 8392
3 6454 4984 1473
3 6454 1473 3959
3 3623 7885 2950
3 3844 3623 2950
3 3844 5919 3623
3 5919 3844 8115
3 8115 5536 4062
3 6852 6725 5694
3 2844 7822 2727
3 6852 6611 6725
3 6725 6611 4350
3 6725 4350 5659
3 6912 6611 6756
3 6912 6756 3955
3 6912 3955 4333
3 6611 6912 758
3 4333 6684 6912
3 6912 6684 7315
3 758 7315 8220
3 7523 3022 4629
3 3022 8335 2846
3 6561 8298 4042
3 4424 4042 1478
3 874 4728 3742
3 7820 1265 953
3 5484 953 4040
3 5484 8022 8233
3 5484 8233 5564
3 4040 8097 8022
3 8097 7361 5497
3 2958 7473 5497
3 2958 7361 7812
3 4636 6315 6353
3 4636 6353 6163
3 7528 4636 6163
3 2762 790 787
3 6353 3980 790
3 790 3980 4369
3 790 4369 787
3 5812 4369 3980
3 5812 2468 4369
3 5812 4031 7847
3 7847 5667 5812
3 3095 4133 3513
3 7847 4133 8447
3 47 3095 4724
3 4724 4021 47
3 7386 8418 5236
3 5420 7950 7115
3 7950 3362 7115
3 6515 4986 3362
3 6515 6599 4986
3 7831 1630 1702
3 1630 6599 4118
3 1630 4118 7735
3 2054 6599 4246
3 2054 5023 7618
3 7618 5023 7918
3 6291 6242 5023
3 5023 6242 7918
3 6242 3131 7550
3 7550 7777 1893
3 141 6738 7586
3 4919 1161 4177
3 1161 8088 7520
3 4177 7498 4220
3 4220 7498 4779
3 4177 4220 6738
3 4177 6738 869
3 4286 5608 7586
3 5608 5890 7586
3 6442 7586 5890
3 5220 6442 6298
3 5220 6298 7648
3 6442 5890 6298
3 7648 6298 2167
3 2167 6298 5641
3 2861 5890 2318
3 2167 5641 3018
3 5641 2640 455
3 455 3018 5641
3 2594 455 2640
3 2594 2640 7792
3 7881 7429 2625
3 2053 7578 3927
3 7578 2353 1331
3 5287 8241 1331
3 7896 5390 4185
3 4520 5390 1845
3 1845 3357 4330
3 6951 2344 8383
3 2344 2510 6858
3 7326 1799 612
3 612 7480 7326
3 7326 7480 1551
3 1551 7480 4448
3 4448 694 7119
3 694 5995 7119
3 4510 3339 5625
3 6573 4510 7249
3 5625 7572 6349
3 6349 6122 2316
3 7059 6679 5486
3 4583 4744 3345
3 868 3345 6476
3 3345 4215 5209
3 4215 729 1063
3 3626 4610 729
3 8368 4610 1530
3 4610 3626 1431
3 1530 4610 3314
3 1431 3314 4610
3 1063 7239 4411
3 7239 3711 5433
3 5433 4411 7239
3 1178 449 4577
3 1178 4577 3092
3 3668 1178 3092
3 3761 3449 7667
3 2365 7206 5512
3 5512 7206 6654
3 6654 6117 2963
3 2963 6117 3125
3 5011 6117 6540
3 3624 7068 6540
3 5011 6540 7068
3 3775 658 7068
3 3458 5502 3775
3 2864 2694 3566
3 2513 2864 4274
3 7555 2864 3566
3 7555 3493 2864
3 4274 2864 7902
3 3493 7902 2864
3 3493 7555 1647
3 7555 7181 1647
3 3635 5926 6503
3 3635 6503 316
3 5584 316 6503
3 8435 6597 2094
3 6597 3679 6981
3 6981 3679 2284
3 6981 2284 7733
3 7300 6981 7733
3 7733 4014 7300
3 4014 7733 6920
3 8158 8113 6625
3 2202 2110 1294
3 1294 2110 4217
3 6625 6874 2110
3 8428 3081 5335
3 3081 6150 7839
3 7839 5265 1243
3 1243 5265 5005
3 5265 7839 3820
3 5265 3520 7980
3 5265 7980 5005
3 6185 4653 398
3 4653 2756 4002
3 398 4653 4002
3 2756 4922 4002
3 4922 8081 4002
3 3992 3988 4922
3 3988 8081 4922
3 3988 3992 6559
3 3992 5799 6559
3 7138 3988 6559
3 7138 6559 3772
3 3146 6800 7138
3 5800 1699 5384
3 5384 1699 6962
3 5800 5384 7370
3 8110 7602 2797
3 2797 1703 8110
3 7052 5749 2797
3 5749 1703 2797
3 7052 6645 8489
3 6645 899 8489
3 7052 6534 1322
3 1322 6534 2027
3 2696 3983 6534
3 3983 2696 2881
3 2881 2696 5956
3 2881 5956 707
3 2881 2290 621
3 361 2881 621
3 2290 7678 720
3 621 720 1533
3 1533 4544 621
3 720 3265 3951
3 6439 7061 7583
3 7583 5180 6439
3 7583 7061 2154
3 7061 4708 2154
3 4708 7061 188
3 188 4844 4708
3 4874 653 7583
3 653 5180 7583
3 7490 420 7021
3 4874 5084 7021
3 2154 2425 4874
3 2425 5084 4874
3 4392 2489 7490
3 311 2489 7161
3 2489 4392 7951
3 7951 4392 8278
3 4392 8045 8278
3 7930 4155 3577
3 7930 3577 1978
3 3577 5533 1978
3 8166 5533 7485
3 7178 3731 7854
3 3731 588 7854
3 4060 7854 588
3 7854 4060 8393
3 7644 408 8393
3 7268 2599 6129
3 6129 6619 3040
3 6641 7268 6129
3 7268 6641 713
3 6270 459 2987
3 200 2987 2439
3 2439 4135 5998
3 3803 4445 24
3 2690 24 4445
3 6673 2690 5998
3 5998 7033 6673
3 333 6414 2372
3 6414 8457 5130
3 5130 2372 6414
3 2372 6074 1374
3 1415 6074 383
3 2670 383 6074
3 2670 4023 1511
3 383 2670 1328
3 2670 8271 1328
3 8271 3784 3906
3 8271 3906 2452
3 7570 280 1072
3 5928 1974 613
3 955 5189 1974
3 6331 1974 5189
3 5124 5189 3251
3 955 1650 7011
3 8219 3645 4251
3 3645 4753 1716
3 1716 4753 7696
3 1716 7696 1940
3 1940 8382 6911
3 2380 4753 4187
3 5357 2380 3264
3 4187 3264 2380
3 7670 7978 4187
3 3264 4187 7921
3 7978 7921 4187
3 2514 7921 8157
3 3770 2514 3930
3 8157 3930 2514
3 2730 8157 2933
3 7028 1713 2730
3 2730 1713 3930
3 3930 1713 4197
3 3930 4197 3411
3 3411 4197 312
3 8392 6246 3972
3 8046 6246 5437
3 3978 7823 2419
3 8046 3978 2419
3 3786 7823 6477
3 6477 7823 4009
3 4009 1378 6477
3 4009 6412 2473
3 1378 2473 5659
3 1378 5659 4350
3 2473 8115 5659
3 68 6477 7214
3 4350 758 7214
3 758 4350 6611
3 7214 8220 68
3 8220 1575 7459
3 1575 2643 7459
3 2087 2586 3189
3 7523 4629 1790
3 1790 4629 2586
3 3189 2586 21
3 3022 2846 3465
3 2846 5637 4257
3 5637 2846 8335
3 5637 8335 2136
3 2136 8335 1535
3 2913 8298 8335
3 8335 8298 6561
3 8335 6561 1535
3 1535 6561 4754
3 3165 5637 2136
3 8174 5637 3165
3 5637 8174 4257
3 4257 8174 3797
3 7953 8229 5108
3 1478 7953 5108
3 1478 4728 7953
3 7953 4728 58
3 6987 58 8233
3 7953 6987 8229
3 8442 5770 7473
3 1749 7473 5770
3 2928 8351 7517
3 4285 2928 231
3 7517 231 2928
3 8442 967 7517
3 6163 967 7812
3 3138 2183 3829
3 3829 2183 2557
3 2557 1425 3829
3 787 4369 2557
3 2557 4369 1425
3 4369 2468 1425
3 1425 2468 4570
3 2468 5667 4570
3 5667 8398 4570
3 4570 8398 1852
3 1045 4570 1852
3 2593 8447 7386
3 2593 7088 580
3 3989 7183 6622
3 7183 3989 7115
3 3989 5236 5420
3 7115 3989 5420
3 6622 7183 2680
3 2680 8171 6622
3 3063 4556 7379
3 7183 7115 4556
3 4556 7115 7831
3 4556 7831 7379
3 8416 7379 7831
3 8416 1702 7384
3 7384 276 6213
3 7735 4118 7618
3 276 7618 6213
3 6213 7618 2198
3 6213 2198 1185
3 2198 7618 7918
3 2198 7918 6251
3 6251 7918 543
3 6242 7550 4655
3 7550 6727 4655
3 7550 6449 6727
3 6449 7550 1893
3 1893 5909 6449
3 1877 8374 1734
3 1734 8374 6727
3 7999 2821 7648
3 5164 7752 7999
3 3461 5790 5164
3 7752 5164 5790
3 3461 3018 1966
3 3018 3461 2167
3 1966 6748 5790
3 5790 6748 5006
3 6748 3018 1520
3 1520 2594 336
3 336 7329 2704
3 2704 7329 3688
3 2594 7792 7329
3 4521 1809 7329
3 5725 7488 6191
3 5725 6191 3927
3 1652 7488 6795
3 7362 6178 6607
3 6178 7488 5725
3 5725 7518 6178
3 7963 3002 5012
3 5012 4185 5945
3 5945 7963 5012
3 8025 3804 5945
3 4250 4315 8025
3 4250 8248 4315
3 4250 4547 1857
3 6061 1725 365
3 8194 1725 6596
3 7326 8096 1725
3 4152 8096 7326
3 4067 792 4152
3 8096 4152 792
3 792 1233 8096
3 3872 792 4067
3 792 6119 1233
3 3066 3872 2970
3 7764 3066 7257
3 3872 7119 2970
3 2970 7119 8164
3 14 3896 7249
3 5989 2769 14
3 2634 14 2769
3 2769 7312 2634
3 5989 7249 595
3 595 7249 2029
3 5417 4263 7895
3 2334 8468 3791
3 7059 4291 1166
3 4291 6476 2152
3 6476 5209 3607
3 2152 6476 3607
3 3607 4433 4506
3 4506 2218 3607
3 8151 4506 3423
3 8151 3423 3761
3 1663 4411 7303
3 1663 1067 4411
3 1067 5209 4215
3 7667 528 3837
3 3837 528 5512
3 3837 5138 3523
3 2519 3523 8140
3 5138 3837 2524
3 5138 2524 3051
3 3837 6654 2524
3 157 2524 2963
3 2524 6654 2963
3 2524 157 3051
3 157 4106 3051
3 8176 5065 4106
3 3125 4360 8176
3 5065 8176 838
3 6889 2804 6649
3 6889 1681 838
3 838 1681 5065
3 6889 2756 4050
3 6889 4050 1681
3 2756 4653 4050
3 1681 4050 805
3 4106 5065 3419
3 805 5696 3419
3 4429 3419 5696
3 5696 805 3458
3 3051 4429 5138
3 5138 4429 3875
3 6933 6537 810
3 5696 6537 4429
3 810 6537 2513
3 6933 2362 7464
3 7464 2362 476
3 810 7180 2362
3 6058 2362 7180
3 4274 7180 810
3 7902 7180 4274
3 1383 1777 7902
3 1383 7902 1647
3 1647 7902 3493
3 1383 1647 3810
3 1383 3810 1777
3 1777 3810 1439
3 1647 1416 3810
3 3810 1416 1023
3 1023 1416 85
3 1416 8041 6781
3 1416 6781 85
3 2776 7910 4294
3 8348 8041 7181
3 8348 7181 8211
3 8211 3635 8348
3 8041 5933 2776
3 840 5933 80
3 840 80 5075
3 6390 5075 544
3 6355 5676 544
3 5075 5824 6355
3 1682 7300 4469
3 568 4469 8329
3 7300 4014 2722
3 2722 6252 8329
3 1154 2232 3532
3 1154 3532 1294
3 2232 1154 7628
3 2639 7553 6341
3 7553 4217 5335
3 4217 5631 5335
3 5335 5631 8428
3 1918 7839 1243
3 6568 1918 1243
3 6568 2048 1918
3 6568 900 5318
3 5318 900 6029
3 900 4296 6029
3 4296 1726 1225
3 1726 5005 7980
3 4410 7980 195
3 4410 752 1989
3 1989 752 6925
3 752 4002 8081
3 2490 7728 4628
3 6800 8002 8081
3 3393 6800 2922
3 8110 5410 4682
3 2918 2348 5410
3 3183 4007 3641
3 2241 4007 737
3 2241 737 3487
3 2027 6534 7467
3 6307 4171 6297
3 6534 342 4171
3 4544 2658 361
3 789 4544 1533
3 789 1533 3951
3 789 3951 7784
3 5783 4134 25
3 7920 8443 7784
3 7920 7784 5668
3 5668 7784 7270
3 7270 7784 3951
3 7270 3265 6439
3 7270 2286 5668
3 1637 7270 6439
3 4347 4897 1637
3 5044 1637 4897
3 4897 4347 7762
3 3806 7762 3074
3 4237 7762 5180
3 4237 5180 653
3 7490 311 1693
3 7161 7677 3812
3 7677 2037 5773
3 2037 6201 5773
3 5773 2437 1143
3 3812 1143 5415
3 2437 5773 5331
3 3455 5331 7404
3 5331 5773 3065
3 3065 6995 2916
3 2916 6995 4888
3 313 6474 7930
3 1597 5047 2684
3 2599 4518 5047
3 5047 4518 2684
3 2684 4518 3579
3 6222 3579 4518
3 3579 6222 3195
3 2439 992 4449
3 2439 3803 992
3 7227 8320 7685
3 8320 5285 4127
3 4127 5285 2395
3 5285 5327 2395
3 2395 5327 6372
3 5327 4154 6372
3 6372 4154 6012
3 5327 24 3397
3 5383 3621 333
3 5383 6074 1415
3 6114 3906 7570
3 4459 7316 8011
3 319 5635 4459
3 7248 5635 5938
3 319 4494 2248
3 8433 1528 8156
3 6331 2098 4232
3 6166 2098 6517
3 6331 5189 5124
3 6517 1837 1671
3 1837 5124 4400
3 1671 1837 4400
3 4400 3251 184
3 4400 184 1716
3 4400 1716 1940
3 1940 6911 4400
3 5272 5925 3940
3 1651 3940 5925
3 1815 8012 1335
3 1815 1335 3242
3 8012 5272 1335
3 3242 1335 1995
3 5272 8382 5146
3 1995 7921 2514
3 2514 8167 1995
3 2514 3770 8167
3 1363 672 1117
3 1117 672 3596
3 3596 672 312
3 312 3995 3596
3 3596 2126 1117
3 2126 3596 5842
3 5842 3596 6295
3 6765 6295 1643
3 3995 6295 3596
3 6295 3995 6165
3 1643 6295 4139
3 6295 6165 2401
3 6295 2401 4139
3 2401 6165 4865
3 6165 852 3445
3 852 6165 8384
3 4001 8384 5206
3 6165 3995 8384
3 8384 3483 5206
3 3483 3696 5206
3 1491 7159 3193
3 2419 6690 1491
3 6690 7159 1491
3 3020 7159 1901
3 3020 1901 4995
3 7159 3549 1901
3 6690 5964 7159
3 3549 7159 5964
3 5252 3549 5964
3 3549 5252 562
3 562 6792 3549
3 3335 562 5252
3 562 7275 6792
3 396 3335 7200
3 3335 5252 7107
3 7107 8220 7459
3 3189 7459 2087
3 3189 4883 7459
3 7459 4883 7244
3 552 4883 7751
3 7751 4883 1264
3 4883 1785 1264
3 4883 21 5070
3 4541 2281 7565
3 7565 5001 4541
3 5454 7565 4618
3 205 5454 3797
3 4618 3797 5454
3 205 5240 5454
3 4355 8174 4860
3 4860 8174 5187
3 4322 8174 3165
3 8174 4322 5187
3 8229 5187 4322
3 5174 6381 3715
3 3715 3084 5048
3 3084 3843 3180
3 3084 6381 3843
3 3180 328 5792
3 3180 4505 5365
3 5365 3203 328
3 328 3203 4080
3 7809 2050 6743
3 3138 7971 5787
3 1889 8010 4759
3 5787 7971 8424
3 116 6186 7971
3 6186 116 1852
3 1852 8398 6186
3 3311 8447 761
3 761 8447 2593
3 8197 2979 761
3 2979 3311 761
3 8398 3311 4202
3 3311 5819 4202
3 2441 8171 8197
3 8197 5002 2271
3 8197 8171 5002
3 5002 8171 5399
3 5399 5780 2773
3 2773 5780 894
3 8416 46 7694
3 4038 7694 452
3 46 4956 7694
3 4956 7384 6213
3 6319 4559 7798
3 3637 2025 6455
3 6251 543 4491
3 6251 4491 3327
3 4930 8009 7864
3 8009 4491 3417
3 480 3417 4655
3 4365 480 1118
3 3730 1118 480
3 1118 4961 4365
3 1742 6481 7647
3 7647 6481 4735
3 4961 7999 6481
3 6481 7752 4735
3 7140 5790 6495
3 5006 6495 5790
3 1095 2822 6495
3 7196 6495 2822
3 3142 5006 2704
3 7320 4438 3142
3 981 7320 1809
3 3688 1809 7320
3 1809 3688 7329
3 2192 7875 4798
3 1938 4798 7875
3 7875 1652 6795
3 1809 4521 2537
3 4521 574 2537
3 2537 574 6191
3 6232 4790 2192
3 4790 6232 2815
3 5628 3689 302
3 3689 1628 302
3 3689 198 1628
3 198 7362 8203
3 7362 6607 6346
3 6346 6607 1004
3 1004 6607 7963
3 6045 2558 425
3 7962 3511 1684
3 7962 1684 7238
3 3842 6682 897
3 5338 6931 6682
3 6422 6682 6931
3 2096 6422 5089
3 6931 5089 6422
3 6119 5338 1233
3 6596 1233 5338
3 6596 8096 1233
3 6119 1623 3721
3 1623 4141 3721
3 4667 3721 7833
3 4141 1623 6857
3 1623 7764 6857
3 7312 928 6056
3 7154 928 4761
3 3214 3140 4244
3 7686 5417 3140
3 4244 3140 6263
3 6263 6835 1348
3 1348 6835 3697
3 1348 4574 7540
3 3855 6968 2230
3 3697 598 4574
3 4574 598 6968
3 598 6452 6968
3 2230 6968 8308
3 8308 6452 6653
3 8308 6653 5135
3 6653 4622 2363
3 4324 2364 4622
3 4886 4622 2364
3 2363 4737 2218
3 2363 7142 6653
3 6653 7142 8245
3 8245 3662 2519
3 1611 1351 4843
3 2957 4843 1351
3 1351 1611 465
3 1351 465 7855
3 4555 139 476
3 1611 7464 139
3 139 7464 476
3 4555 7633 8347
3 4555 8347 2945
3 4555 476 7633
3 7633 476 629
3 629 476 6058
3 1263 6279 3808
3 3808 6279 3744
3 7007 5544 4773
3 7378 7902 1777
3 7378 1777 1567
3 1567 2358 7218
3 1439 3525 1777
3 3525 7891 7631
3 3525 1439 7690
3 3525 7690 7891
3 7891 7690 152
3 1439 7309 7690
3 152 7690 140
3 140 7690 7492
3 8414 2891 7690
3 8414 7309 8031
3 7309 1023 5443
3 1023 7309 3810
3 1439 3810 7309
3 4467 7417 7458
3 7969 1174 2906
3 7417 7969 3867
3 7417 3867 7458
3 6893 2965 5676
3 5972 3693 4509
3 2968 7634 4192
3 7634 3693 3882
3 3693 8346 3882
3 8346 1682 4469
3 8346 4469 6964
3 6964 4469 568
3 4386 3166 6964
3 3166 1441 6964
3 4386 8329 3014
3 2639 2759 5960
3 2639 5960 7628
3 6805 5318 2463
3 3310 2463 2717
3 5318 6029 5779
3 5779 5519 2808
3 5519 6629 5775
3 1225 4410 1989
3 7152 1225 1989
3 6925 990 7152
3 5188 6925 2490
3 4379 6706 5188
3 942 7406 3086
3 6706 4379 6675
3 4379 4628 6675
3 7989 4628 8185
3 6959 7989 997
3 6959 997 4352
3 2348 5765 997
3 997 5765 4352
3 5765 5805 3388
3 525 3388 5805
3 3388 525 5157
3 5157 3168 3388
3 5157 1255 5301
3 5301 2205 6908
3 6908 2205 1731
3 3487 1731 2205
3 1731 5010 6908
3 737 4007 3183
3 6337 1879 1728
3 1728 1879 7467
3 8494 6307 6297
3 5985 1498 6634
3 6634 1498 4813
3 6634 4813 4914
3 4914 6545 7253
3 7253 6545 5208
3 6545 6133 5208
3 6133 8443 5208
3 5208 8443 25
3 5208 25 4134
3 3076 5783 6096
3 2572 2785 6096
3 6877 1571 2798
3 2798 1571 254
3 2798 254 3552
3 1571 1320 2818
3 1571 2818 3120
3 1320 5668 2818
3 254 3120 3112
3 3643 3112 3120
3 3643 3120 5044
3 3643 5044 3806
3 3806 5044 4897
3 4380 3270 4036
3 3806 4036 3270
3 3806 1493 4036
3 1493 8291 4036
3 7123 1493 113
3 7123 113 5905
3 1493 3074 113
3 113 3074 1693
3 113 1693 5905
3 5154 2706 1865
3 5154 1865 3914
3 3914 1865 5528
3 1015 7642 2706
3 1015 7161 3812
3 5415 1015 3812
3 6451 247 735
3 6451 6632 247
3 3360 4716 6632
3 4310 4716 6676
3 8134 1814 3455
3 7404 4888 6676
3 4888 7404 2916
3 6676 2788 75
3 6676 75 4310
3 2788 4888 1199
3 1199 4888 6995
3 2481 5632 2684
3 2481 3579 3301
3 3301 3195 7169
3 7610 7169 4449
3 7169 7610 3301
3 7227 5087 7610
3 7083 7610 5087
3 5087 7227 7685
3 4127 601 8100
3 4127 3809 601
3 3809 4713 601
3 6372 701 6079
3 6079 701 8011
3 2259 28 850
3 28 5231 850
3 5231 7316 3024
3 5231 3024 3622
3 3024 7248 3622
3 4997 5332 6816
3 6816 5332 7715
3 5332 1340 3481
3 1664 3481 6332
3 3481 1340 5938
3 5938 345 3481
3 345 6332 3481
3 345 7768 6332
3 345 8433 7768
3 5733 4113 1664
3 1664 4113 6101
3 4113 3236 3822
3 4113 5733 3236
3 3822 3236 6713
3 5617 7110 5181
3 7110 5617 1765
3 6952 1550 1577
3 7768 1577 4256
3 1577 1550 4256
3 4456 1937 4256
3 3675 4534 4695
3 4534 5925 4695
3 4695 5925 7818
3 7970 7818 2109
3 5946 5925 5272
3 824 3242 4842
3 824 4842 5642
3 5642 1466 6822
3 6822 1466 5842
3 8167 4842 3242
3 1466 4842 2126
3 1466 2126 5842
3 824 5642 6438
3 6196 965 1862
3 8186 5842 6765
3 4831 6050 6765
3 4831 6922 5193
3 3257 6922 8430
3 8430 7650 3257
3 6922 4139 8430
3 8430 4139 478
3 8430 478 6807
3 6807 478 6522
3 478 2401 6522
3 6807 6522 8330
3 2401 4865 6522
3 6478 7821 4253
3 7701 7821 7659
3 7701 7659 4001
3 4001 5206 7701
3 3020 2091 7159
3 4995 3204 8054
3 6158 3204 8454
3 3204 6273 5616
3 8454 3204 5616
3 5616 6273 8112
3 5772 5481 6630
3 5895 7275 8319
3 8319 7275 396
3 8319 7200 7723
3 115 1459 4361
3 1459 115 4192
3 1459 4192 7723
3 115 6367 4192
3 6367 7751 3750
3 1264 3302 7751
3 5237 7751 3302
3 4012 5237 3302
3 7392 1264 1785
3 1785 4541 7392
3 1715 7392 1508
3 1715 1508 1275
3 7392 8262 1508
3 7172 8262 4377
3 844 807 8262
3 8262 807 4377
3 4377 807 3478
3 807 2517 6734
3 2517 844 3795
3 2517 3795 6022
3 6022 3795 5454
3 844 5001 3795
3 3795 5001 7565
3 3795 7565 5454
3 4860 7615 4355
3 4860 4546 7615
3 4546 7347 7615
3 7615 7347 3410
3 4860 7858 4546
3 816 7858 4860
3 5671 7575 1958
3 6609 5360 7688
3 3334 3315 1012
3 1499 7073 3315
3 1499 6492 3908
3 3908 6492 2283
3 7809 7799 2235
3 2235 3258 2050
3 2235 2050 7809
3 2235 7799 2092
3 2235 2092 6492
3 6492 2092 2283
3 991 8082 1479
3 5137 4759 8082
3 7809 6743 5137
3 1479 8082 4759
3 8082 991 7483
3 1552 7483 3640
3 1552 3640 1591
3 5891 3640 7483
3 1591 3640 8089
3 5891 4787 5915
3 5915 4787 5440
3 615 8424 4787
3 1905 4202 5819
3 2271 8005 3303
3 8005 2271 703
3 8005 703 2422
3 8005 2422 5868
3 2271 5002 703
3 8089 2422 851
3 5002 386 8238
3 2422 8238 851
3 5399 2773 386
3 851 8238 8357
3 2773 4543 3584
3 1538 6615 894
3 6615 4038 4688
3 3815 4688 3861
3 4688 452 3861
3 3861 452 60
3 6319 7798 8449
3 5936 1260 7798
3 1206 2025 1359
3 3678 1616 5063
3 5373 3524 1616
3 5063 1616 2689
3 1616 3524 1359
3 1616 1359 2689
3 3678 5063 1730
3 6538 1212 3327
3 1212 2689 4859
3 4969 6728 7959
3 7959 6728 5526
3 4969 7501 6728
3 4735 7501 4969
3 6728 4052 7966
3 6407 839 6973
3 6407 6973 2815
3 31 6973 4438
3 2822 4438 6973
3 6973 4790 2815
3 6407 2815 385
3 8161 6407 385
3 8161 3068 4943
3 8161 3025 3068
3 3068 3025 3904
3 3904 3025 7560
3 3929 6232 3025
3 3025 5628 7560
3 1289 4841 3471
3 1628 8203 4841
3 4841 8203 3471
3 1289 2040 4841
3 4841 2040 6034
3 4841 6034 6161
3 1289 4043 2040
3 6468 2040 6683
3 4043 6683 2040
3 3415 4043 3471
3 3415 3471 2936
3 2936 3463 3415
3 2936 5750 3463
3 3463 5750 6045
3 1004 7963 6602
3 3075 1678 3415
3 1678 6683 3415
3 1678 3075 5449
3 1678 5449 7877
3 7877 5449 6000
3 6666 3075 3938
3 8390 6666 7403
3 6666 3938 7238
3 3938 425 7238
3 6007 3173 4415
3 4415 8148 8266
3 4415 8266 7265
3 2096 8148 6422
3 8266 8148 5870
3 5870 5089 4667
3 4667 5089 3721
3 611 7700 5286
3 7833 7729 7700
3 8361 3240 2938
3 2938 6857 4793
3 2429 6098 5983
3 5983 6098 7154
3 513 232 2254
3 232 7892 2927
3 232 2927 8421
3 3071 7892 8472
3 4761 8472 7892
3 2927 3071 5657
3 2927 5657 8421
3 5657 3071 519
3 519 3087 5657
3 3214 519 3071
3 3087 519 618
3 5106 3214 4244
3 618 5106 3430
3 618 3430 5629
3 3855 2324 5815
3 203 4068 2324
3 5411 203 7714
3 5411 7714 4538
3 4538 6639 5411
3 4538 7714 5762
3 5762 7714 8308
3 5636 5135 7478
3 7478 5135 6653
3 7478 6653 8245
3 8245 2957 6870
3 2957 3913 6870
3 3913 8076 6870
3 8076 7855 1125
3 1125 3543 8076
3 3543 1125 2013
3 2945 8347 594
3 594 8347 6698
3 8347 7633 8031
3 8423 7394 661
3 6698 661 1883
3 723 2668 6047
3 7458 3867 4829
3 7458 4829 762
3 3867 429 4829
3 6507 429 2328
3 6507 2328 6361
3 429 3867 3769
3 3769 3867 7969
3 5091 7969 2413
3 2413 7969 2906
3 2413 6390 2965
3 6893 3147 2965
3 2965 3147 2413
3 2413 3147 5091
3 3147 6893 7055
3 7005 7055 5136
3 7055 6893 370
3 7055 370 6853
3 5136 7055 1839
3 6853 1839 7055
3 6853 1522 2968
3 7026 6893 5676
3 2968 4192 6853
3 5136 1839 3750
3 5136 3750 5253
3 5253 3750 4234
3 1839 6367 3750
3 3750 7751 5237
3 6302 4012 7997
3 7977 1670 6895
3 1670 3302 6895
3 6895 3302 1715
3 6895 2914 3776
3 6798 3478 7495
3 3478 6798 7834
3 7495 3478 3856
3 3478 807 3856
3 3856 807 6734
3 7495 3856 4998
3 3856 1324 4998
3 279 1324 6734
3 3154 279 6734
3 6734 4934 3154
3 2517 6022 4934
3 6022 829 155
3 6022 155 4934
3 4934 155 5256
3 829 7615 155
3 155 7615 2710
3 155 2710 5256
3 5256 2710 3710
3 7615 3410 2710
3 215 520 4612
3 215 2853 520
3 2374 520 2853
3 4612 4690 4878
3 4690 7347 4276
3 4878 4276 2650
3 980 3994 2839
3 2839 3994 6752
3 6752 7325 2839
3 3846 2839 7325
3 3994 2650 4927
3 6674 282 4162
3 8190 277 282
3 282 277 4145
3 4162 282 4145
3 2090 4145 277
3 2090 277 4149
3 4241 1782 7575
3 3956 6628 8275
3 8275 6628 4499
3 2323 2182 6628
3 6628 2182 4499
3 3349 2182 2323
3 3349 2323 3878
3 3878 2323 4026
3 6628 4026 2323
3 4026 7073 3878
3 4219 3878 7073
3 6100 4219 4190
3 7073 4190 4219
3 5066 1499 433
3 4190 5066 5975
3 2283 2092 3849
3 7263 1552 4806
3 3849 5378 7483
3 3849 7483 1552
3 4806 1552 1591
3 7263 4806 5550
3 4806 4444 1064
3 1064 4444 8357
3 8357 4444 8089
3 8089 2761 5868
3 7374 4976 7573
3 5059 7374 3489
3 5059 4591 7374
3 7374 4591 4976
3 4591 5059 3862
3 4591 3862 5867
3 5059 6220 3862
3 3862 6220 5380
3 6220 5059 1632
3 5059 3489 1632
3 4550 1437 1061
3 4550 1061 4255
3 1061 2865 4255
3 1706 3121 1403
3 1706 1403 2778
3 2616 2865 2778
3 2616 7430 2865
3 7959 5526 8000
3 5079 676 4138
3 5618 8000 7966
3 4803 4176 8400
3 8400 5161 8161
3 8161 1868 8400
3 1868 935 8400
3 935 1868 7260
3 935 7260 1688
3 4943 8460 1317
3 7260 1317 2868
3 4943 6167 8460
3 6483 6167 7560
3 6167 3904 7560
3 6468 1008 6718
3 7877 422 1008
3 422 6718 1008
3 422 7877 6813
3 6813 6718 422
3 1828 7484 5761
3 2295 5682 8390
3 2295 8390 3173
3 1828 5761 4446
3 4446 6176 2718
3 5538 6176 7265
3 5538 7265 646
3 646 7265 8266
3 646 5286 84
3 5538 5961 7410
3 7796 7729 1389
3 1389 4913 7796
3 1389 7729 5643
3 1389 5643 8361
3 4913 1389 8361
3 2429 6544 1607
3 1607 6544 8361
3 7113 7208 6702
3 7113 4099 5513
3 6753 4398 5203
3 5513 5203 2405
3 2405 8421 3482
3 232 8421 2254
3 3482 8421 6965
3 4941 3087 4132
3 5629 394 4132
3 5629 8209 394
3 3967 4132 394
3 3967 325 4132
3 8209 6909 4839
3 4839 6909 1783
3 1783 6909 424
3 424 7272 1783
3 7272 5715 8179
3 6639 7204 6296
3 7204 4538 3367
3 7204 5636 6842
3 3954 3543 392
3 2013 392 3543
3 392 3237 3954
3 2013 535 392
3 392 535 4959
3 2013 7337 535
3 5897 535 7337
3 5897 7337 594
3 535 5897 4091
3 4081 3935 1883
3 1883 3935 5897
3 723 6047 8315
3 6047 5400 3129
3 1124 4439 2485
3 1124 2485 4659
3 15 2771 1021
3 4439 6507 2256
3 2246 3313 5239
3 5239 3313 2256
3 3313 1474 1021
3 1021 1474 7143
3 1474 4159 7143
3 1474 2175 4159
3 2175 2246 3846
3 2175 3846 7325
3 6674 7325 8190
3 6674 1935 6601
3 1935 4162 2505
3 2505 4745 4090
3 4745 3191 4090
3 4090 3191 6076
3 6076 3191 4668
3 3191 835 4668
3 6030 5389 56
3 5855 56 1177
3 5389 2869 56
3 56 2869 1177
3 5389 4145 2869
3 1177 2869 3153
3 5855 6403 4419
3 5855 8128 6479
3 1782 4241 8128
3 7824 8128 4241
3 250 8128 7824
3 250 2681 8128
3 2681 250 8275
3 6403 6479 48
3 4499 48 6479
3 48 4762 6403
3 1027 50 5620
3 50 1027 4027
3 7494 6370 4027
3 6089 4027 6370
3 3878 6370 7494
3 3174 6100 5009
3 7556 2415 3404
3 5315 8358 3227
3 7934 8358 5315
3 7082 7934 1510
3 5315 8357 7934
3 1510 7934 4976
3 6898 7082 4591
3 4591 5867 6898
3 5867 3378 4656
3 2047 5380 2956
3 2956 5380 6220
3 2279 4550 6928
3 6928 4550 4255
3 6928 3181 8311
3 2335 7503 3181
3 3181 7503 6567
3 4066 6567 4803
3 4803 935 1688
3 4803 1688 825
3 1688 3718 825
3 6722 2231 6343
3 6330 4395 1506
3 4395 7260 1506
3 1506 7260 2868
3 2191 6219 2147
3 2191 5397 6219
3 7438 305 2191
3 5508 305 7438
3 2191 305 5397
3 305 5508 5397
3 5397 5508 4881
3 5397 4881 6446
3 6446 4881 3589
3 1283 4777 6034
3 6034 8032 1283
3 8235 1283 8032
3 8235 8032 3871
3 3589 4881 8235
3 6446 5013 4098
3 4098 5013 4104
3 5013 3548 4104
3 3548 5719 7241
3 5719 666 5990
3 666 8235 5990
3 6333 2157 379
3 6333 379 5807
3 2858 6813 2157
3 379 2157 2203
3 1828 379 2203
3 4446 833 1828
3 1828 833 4893
3 4893 833 8260
3 833 7410 5313
3 5313 7410 2791
3 2791 7410 6760
3 2986 5055 5860
3 2986 5860 7474
3 5055 730 5860
3 7477 5860 3331
3 3498 3331 5860
3 7113 3331 3498
3 2405 4648 6464
3 3979 5195 5457
3 5457 8385 3979
3 978 7757 5457
3 7757 978 6965
3 6965 3676 7757
3 6965 376 3676
3 3676 376 7057
3 5169 7057 325
3 4209 450 8179
3 8179 6667 4209
3 1967 4949 8179
3 3036 7525 6194
3 4996 6842 7525
3 7525 6842 4687
3 6194 8482 6834
3 4687 4525 2052
3 4525 3237 2052
3 4525 3954 3237
3 2653 3237 2992
3 7024 2992 3915
3 1760 3915 4869
3 4785 4609 4741
3 4785 983 4609
3 4785 4659 983
3 983 4659 15
3 4741 4609 3673
3 4741 3673 1100
3 1100 3673 623
3 431 623 3673
3 623 431 6088
3 3673 7143 431
3 431 7143 4159
3 431 4159 8286
3 4159 2175 8286
3 5492 6763 2505
3 3 8363 5492
3 1851 5492 8363
3 8363 7837 7826
3 7826 7837 1846
3 6076 4668 7837
3 1846 7837 6617
3 3226 6617 7837
3 456 3226 133
3 456 133 4851
3 3226 2303 133
3 4851 133 8485
3 7668 2303 835
3 4668 835 2303
3 4419 7668 6030
3 7731 8067 369
3 369 8067 6406
3 1981 8067 3080
3 346 1858 3080
3 3080 5620 346
3 237 6742 346
3 346 6742 6808
3 2764 237 8063
3 2764 8063 7264
3 2764 7264 933
3 6362 3340 2008
3 6362 2008 5003
3 3340 3174 5009
3 1108 4151 5934
3 5934 1074 1108
3 1108 1074 2008
3 2008 1074 6416
3 6416 8404 3912
3 8404 912 8324
3 8404 8324 4709
3 7082 8349 2396
3 2396 8349 6108
3 2396 6108 8324
3 8324 6108 4709
3 4709 6108 5487
3 6898 5867 8349
3 2139 8349 5867
3 8349 2139 7355
3 7355 2139 8074
3 7355 6343 6043
3 1825 6043 2231
3 6343 2231 6043
3 1825 6330 8035
3 6519 8404 5487
3 8035 5487 6108
3 1488 2973 6543
3 8404 5356 3912
3 5356 7232 3912
3 6543 6038 6223
3 4098 6219 6446
3 2827 2921 3548
3 5807 2476 1446
3 3657 5353 7371
3 2074 6539 5353
3 7958 2988 2394
3 5358 7190 1920
3 2986 7474 6285
3 6285 7474 2394
3 7477 8388 4542
3 8388 884 4458
3 8388 4458 860
3 4458 7393 860
3 2072 8338 7393
3 5588 2072 6464
3 5588 6464 1621
3 1621 6464 4648
3 4648 3979 1621
3 750 1188 5588
3 4483 8385 750
3 750 8385 1395
3 750 1395 4686
3 4686 1395 3205
3 3205 1395 8333
3 5649 3526 5110
3 3526 144 3517
3 3517 144 1112
3 144 3133 1875
3 144 1875 1112
3 3517 1112 5697
3 4209 6667 6312
3 7502 6667 1044
3 4949 1044 6667
3 1044 3477 7502
3 1044 4949 3818
3 1044 3818 3477
3 3818 7166 3477
3 7166 3818 6288
3 4691 5978 6631
3 5978 5692 6631
3 7024 973 2012
3 2477 2012 973
3 4638 2477 973
3 4638 973 5067
3 185 3740 8439
3 5825 3050 5737
3 5825 5737 7695
3 6371 4869 7084
3 5597 6088 1944
3 1944 6088 1851
3 1944 1851 4962
3 4962 1386 1944
3 979 7162 5546
3 7162 979 3630
3 979 6617 3630
3 3630 6617 456
3 3630 4851 6918
3 6918 6523 6746
3 4851 6523 6918
3 4851 1590 6523
3 1590 3765 6523
3 1590 3350 369
3 1590 369 6406
3 1086 6406 6808
3 1858 6808 6406
3 3765 1086 5153
3 3765 5153 8145
3 5153 1236 7830
3 6147 7830 5916
3 6808 7947 1236
3 6742 7947 6808
3 7947 6742 2196
3 933 3097 7102
3 7783 7102 709
3 3097 709 7102
3 7264 3097 933
3 709 3097 3724
3 8475 6089 6980
3 1709 6416 7232
3 5660 2480 3728
3 6704 6582 3728
3 2894 6582 6382
3 7232 6223 6704
3 6253 4532 6038
3 6038 8017 6253
3 6253 8105 6382
3 5602 8280 7427
3 8105 6253 4020
3 2921 4020 8017
3 6253 8017 4020
3 8456 2921 2827
3 5622 8456 1446
3 5622 1446 8055
3 8055 1446 2476
3 8055 2476 5602
3 2476 5807 8260
3 7371 7778 4236
3 66 6539 7778
3 2123 6078 3551
3 6078 1090 3551
3 1090 6078 6897
3 6897 6078 7290
3 6354 6078 2123
3 6354 2123 4473
3 6354 4473 6841
3 4473 6539 7096
3 7096 6539 2074
3 7190 2982 7096
3 7845 2982 2319
3 2319 8181 2609
3 5115 5993 8388
3 4015 5993 5853
3 5115 7393 872
3 3212 3178 5215
3 5853 6480 3962
3 3212 1542 7504
3 1542 1795 7504
3 4990 2932 4873
3 4873 2302 4990
3 3205 3781 2302
3 426 4222 2433
3 6211 426 2433
3 4290 3727 6211
3 1718 3763 1422
3 1909 3763 3664
3 1909 3664 257
3 257 3664 2217
3 3763 4 3664
3 4 778 3664
3 2217 3664 7502
3 2016 2217 8331
3 294 8331 7697
3 3477 7697 8331
3 3477 7166 7697
3 6267 6288 3474
3 5067 6775 4638
3 6504 185 6621
3 185 8439 6621
3 7964 3322 7991
3 6505 7991 3322
3 6505 3322 5900
3 6247 7964 2407
3 8073 7991 5825
3 7695 8073 5825
3 1697 2812 1249
3 7806 7162 4715
3 1279 2812 8073
3 8073 2812 2407
3 7748 6247 2812
3 2407 2812 6247
3 5844 5718 7916
3 4396 891 4974
3 4208 4974 4614
3 891 6523 8145
3 6147 5916 1897
3 1897 4614 6147
3 5916 5171 1897
3 736 6553 5646
3 3807 2457 7102
3 3807 7783 8326
3 7290 309 5311
3 7783 5311 309
3 5489 3724 5885
3 2543 2894 266
3 2894 6382 6281
3 7266 3551 1090
3 7266 1090 6062
3 6062 1090 6897
3 3506 5489 5885
3 7290 1257 309
3 3533 6841 7519
3 3533 7519 6696
3 2082 7519 6770
3 1863 6770 7519
3 1863 4003 6770
3 6770 4003 7845
3 7242 3962 3660
3 3527 2609 3903
3 5226 3939 3854
3 2796 7504 3488
3 3488 7504 6398
3 3488 6398 5196
3 5196 6398 6051
3 4487 4990 1308
3 1308 4990 4295
3 2932 4990 4487
3 4295 4990 2127
3 4295 2127 6496
3 3781 6496 2127
3 8033 83 4796
3 3674 4796 83
3 8033 8180 4749
3 8033 4749 1422
3 3763 6001 8033
3 8033 6001 4345
3 4345 434 8033
3 3440 6001 1909
3 3252 3440 257
3 1909 257 3440
3 7099 4549 7632
3 3252 5894 244
3 2217 2016 5894
3 494 5095 4720
3 2069 4720 5095
3 494 244 6364
3 7912 6364 244
3 5793 7912 8331
3 5793 8331 294
3 5793 294 8297
3 294 7697 8297
3 7697 7558 8297
3 7558 7697 1824
3 7558 7048 8297
3 4812 3997 1824
3 3997 218 7909
3 1339 6811 218
3 4569 7585 4211
3 3654 6861 4569
3 6861 4140 4569
3 6861 3654 5224
3 5224 3654 6272
3 3654 7931 6272
3 5224 5665 5522
3 3580 4763 5999
3 4763 1481 5
3 5 1481 3555
3 5 3555 4283
3 6505 3515 2391
3 3866 1079 2757
3 3515 5900 4641
3 4641 5900 6424
3 4641 5362 2757
3 4641 3277 5362
3 2757 5362 6591
3 3277 2980 7283
3 5523 7283 3355
3 7283 2980 4288
3 7283 4288 2792
3 6424 4288 2980
3 6424 3380 4288
3 3380 5374 4288
3 7851 5374 4994
3 273 5374 3380
3 4564 273 3380
3 4564 3380 5031
3 5031 6265 4564
3 7996 6443 2660
3 7203 5718 5844
3 1284 4208 5844
3 2159 5844 4208
3 4208 4862 2159
3 4862 8057 2159
3 8057 7539 2023
3 7539 8057 1897
3 7539 1897 5171
3 3741 2752 5171
3 2023 2752 1070
3 4166 5646 818
3 818 5646 2026
3 6696 2030 818
3 922 6696 7519
3 7519 2082 922
3 4432 922 2082
3 5226 4432 6770
3 1424 5226 4441
3 6770 4441 5226
3 5226 1424 3660
3 822 3854 2796
3 822 2796 4535
3 3363 5392 6565
3 3363 656 3342
3 656 5196 3342
3 3342 5196 5040
3 3342 5040 6437
3 5196 6051 5040
3 8365 1308 4295
3 5339 6496 6554
3 5339 4051 2743
3 1738 6554 8180
3 4051 4498 4954
3 4954 4498 4916
3 4916 4498 1816
3 1816 4498 4796
3 1816 3674 4252
3 561 3674 120
3 3560 120 434
3 3560 434 4549
3 3560 3107 7001
3 7001 561 3560
3 4005 1170 3107
3 5020 2579 2069
3 2069 5095 1793
3 7749 8437 1793
3 8437 7749 2373
3 2373 7749 1800
3 2373 1800 7182
3 7182 1800 6135
3 7182 6135 2376
3 2376 5166 7182
3 7184 1717 2376
3 1717 7184 3873
3 7184 753 3863
3 3863 753 4918
3 201 6767 6491
3 753 976 158
3 158 976 4634
3 158 4634 6408
3 8297 7675 3933
3 7048 7558 423
3 423 6873 7048
3 4517 423 7558
3 1599 4517 8208
3 1599 8208 4107
3 4107 3799 1599
3 4517 5585 8208
3 4107 8208 4733
3 5585 2937 2144
3 2144 2937 1824
3 3997 7909 2144
3 2144 7909 4054
3 8279 7019 7585
3 2474 8279 6278
3 6278 3479 8367
3 8367 3479 5740
3 3479 3570 5740
3 5376 4442 7101
3 7072 3402 4442
3 4140 6861 7072
3 3119 7072 6861
3 4078 4763 4283
3 7072 4078 5325
3 3307 855 1301
3 5325 1 5361
3 4283 7222 1
3 5041 1 7222
3 3233 5041 3866
3 7222 3866 5041
3 2036 3866 6591
3 2036 6591 4771
3 4771 6591 7702
3 7702 6591 2728
3 470 7702 2728
3 2728 5939 470
3 2728 1776 5939
3 1776 5523 5939
3 5523 3355 4685
3 4387 7851 5619
3 4387 5619 8165
3 7851 1823 5619
3 7566 1823 7851
3 7604 7566 6850
3 2952 7911 6850
3 6647 3840 8175
3 8175 3254 6351
3 531 3840 635
3 1190 3029 3840
3 3840 3029 635
3 3029 6960 2454
3 3029 2329 6179
3 5476 8051 7442
3 6437 6695 533
3 8051 6437 533
3 6695 5465 533
3 5465 5747 533
3 5465 6695 742
3 700 1861 5465
3 5465 1861 5747
3 1861 700 8450
3 8199 1034 1812
3 8450 700 3996
3 924 3996 2741
3 2741 3996 4652
3 4652 3996 3780
3 700 742 3996
3 3780 3996 1163
3 3996 742 5213
3 1163 3996 2743
3 4652 2411 2741
3 4652 5345 2411
3 4652 3780 8117
3 5345 4652 8117
3 1982 8117 4916
3 4954 4916 8117
3 4252 4916 1816
3 1982 7001 7944
3 7927 6146 6294
3 4694 4738 6023
3 6023 4738 6832
3 7545 2581 7926
3 7926 2581 258
3 7926 258 6300
3 6300 258 5020
3 6300 5403 7926
3 6300 8437 5403
3 8437 6106 5403
3 5609 6106 8437
3 7230 1581 1609
3 1581 754 1609
3 1609 754 4306
3 754 4651 2942
3 754 2942 4306
3 4651 5166 2942
3 1717 5166 2376
3 5321 2942 3873
3 5321 4306 2942
3 4417 1903 4940
3 7761 7194 7202
3 1903 5321 20
3 5007 4752 4918
3 7775 7791 5007
3 546 8290 7775
3 8290 7791 7775
3 7775 620 546
3 388 546 620
3 620 3073 388
3 4397 620 7775
3 620 6650 3073
3 620 4397 6767
3 6767 6650 620
3 6650 6767 6873
3 6767 201 7048
3 6767 7048 6873
3 5971 6873 1599
3 3799 274 5753
3 6087 3759 274
3 1162 6087 4107
3 6991 8192 2600
3 6977 4733 8208
3 5491 4054 234
3 234 4054 1555
3 1555 4054 7909
3 1555 7825 234
3 2166 1555 5176
3 2166 5176 4497
3 5176 2896 4497
3 1555 7909 2474
3 5243 4611 4561
3 4611 8367 4561
3 4561 8367 1755
3 1755 4373 4561
3 7470 4373 2746
3 7098 7101 300
3 2185 2482 5199
3 3402 5325 5199
3 8049 7098 300
3 3598 1707 8049
3 1707 2359 5292
3 2185 855 3598
3 8228 3598 855
3 8228 7800 2359
3 3466 368 3307
3 3466 3307 3233
3 3233 4866 3466
3 3233 3866 4866
3 3866 2036 4866
3 368 3466 210
3 4866 1547 3466
3 3466 1547 2908
3 3466 2908 210
3 210 2908 6880
3 8478 4665 8502
3 5495 7702 6992
3 5939 4507 470
3 470 4507 322
3 7702 322 6992
3 6992 2850 7333
3 5251 4507 5939
3 7402 5251 971
3 5939 971 5251
3 971 5939 4685
3 6107 7402 949
3 949 7402 6363
3 4188 1497 7402
3 7136 1497 6299
3 4188 7803 2975
3 320 2975 8165
3 320 7649 5572
3 7649 8165 5619
3 7649 3291 5572
3 4488 7734 1149
3 1089 4776 7604
3 8484 4776 7876
3 4776 1089 1150
3 1089 7144 1150
3 1626 6237 7144
3 6237 1626 4313
3 4313 1447 6237
3 1626 2984 4313
3 4313 2984 4033
3 7832 4313 531
3 4033 531 4313
3 6850 4033 2984
3 6850 261 4033
3 3254 4033 6351
3 261 6351 4033
3 261 6850 2028
3 2028 6351 261
3 7832 3029 2454
3 5056 1447 7832
3 6179 8466 8250
3 8250 8466 8371
3 8371 5747 1128
3 1128 6358 8250
3 6358 8450 5261
3 7746 2411 940
3 940 6821 7746
3 940 5345 5943
3 5345 8117 7944
3 4586 7324 7927
3 7324 5943 7927
3 7324 1350 5943
3 7324 4861 7356
3 7324 121 4861
3 4861 121 7626
3 7356 4861 7626
3 121 7135 1465
3 5830 1465 6352
3 7135 7927 6294
3 7135 6294 6832
3 7813 6832 3312
3 3312 6832 4738
3 5403 4602 7926
3 7545 7926 4602
3 4602 2880 7515
3 2678 4554 2417
3 6855 1297 7230
3 1609 3534 7230
3 6855 3534 7129
3 3534 1609 1830
3 1830 7129 3534
3 2227 5163 2993
3 2742 1696 4371
3 7129 6633 1696
3 6633 7129 4940
3 7216 6633 7194
3 4940 7194 6633
3 1546 4454 7194
3 2582 4454 5560
3 5560 6678 2582
3 3290 2582 6678
3 1841 5317 3332
3 4092 5401 5317
3 5401 3332 5317
3 954 5401 4092
3 954 7761 5401
3 5401 7761 7791
3 5401 7791 1773
3 5401 1773 3332
3 7791 2664 1773
3 2664 7791 8290
3 2664 8290 1999
3 8325 8290 546
3 8053 388 3073
3 3073 2604 8053
3 2604 3073 6497
3 6873 5971 6497
3 6497 5971 5753
3 274 3759 5753
3 6663 5753 3759
3 6444 6772 4872
3 3738 3759 6087
3 6592 6991 3088
3 4624 951 7942
3 1936 6035 2075
3 1936 1732 6035
3 1732 6777 6035
3 2100 6777 2228
3 2228 6777 5228
3 5057 5228 942
3 942 5228 3375
3 7470 5243 4561
3 3361 1250 6716
3 1870 2805 3361
3 1250 3361 2805
3 7098 6103 1870
3 7007 209 6103
3 7007 5292 3053
3 5292 4529 2458
3 2458 2891 8414
3 4529 7793 4318
3 7793 210 6884
3 210 6880 6884
3 2542 6884 1269
3 2682 7409 8502
3 5238 8122 7816
3 8029 8502 5495
3 5540 5495 6992
3 5540 6992 610
3 610 6992 1232
3 1232 7333 4131
3 4131 7333 1689
3 3583 5795 5251
3 3583 5251 6107
3 6107 949 6250
3 6250 949 1407
3 6250 1407 5233
3 5233 1407 4416
3 949 6363 1407
3 7136 5553 6363
3 714 6956 5553
3 6956 7801 4195
3 1230 4195 7801
3 6299 2470 7801
3 7247 8079 7842
3 7842 8079 2807
3 8079 1020 4965
3 1020 7734 4488
3 4965 1020 4488
3 5027 7766 4482
3 4482 7766 2807
3 2807 7766 6831
3 5027 7876 7153
3 7153 7876 3061
3 3061 1150 1614
3 1150 1098 1614
3 1614 1098 3304
3 7576 1150 7144
3 7576 5471 2493
3 5471 2276 6737
3 2276 5471 7144
3 2276 7144 6237
3 1805 1447 5056
3 1805 5056 3658
3 3658 6214 1805
3 3658 6935 6214
3 6214 6935 6276
3 6276 3650 6214
3 3427 6009 1151
3 5785 1151 6009
3 6009 6555 5785
3 7111 6009 3427
3 6009 7987 6555
3 6821 1159 7746
3 7987 6821 6555
3 3868 1350 2305
3 2305 1350 4199
3 4199 1350 7324
3 2305 4199 1248
3 7356 3752 6339
3 3752 3218 890
3 4189 7813 3500
3 4189 2888 5281
3 6465 5281 538
3 5281 2888 3134
3 3134 2923 5281
3 3134 2961 2923
3 3134 2888 645
3 3134 645 4743
3 1017 3134 7567
3 4743 7567 3134
3 4269 4743 1227
3 1227 7515 4269
3 3500 1227 4743
3 1227 3312 7515
3 1017 1050 2961
3 2961 1050 4013
3 2961 4013 483
3 483 4013 1193
3 1050 7721 4013
3 2417 8403 2678
3 7564 2793 6462
3 1022 3773 6
3 7255 6 3773
3 6 2993 1022
3 6 2227 2993
3 3773 1022 7756
3 3965 2993 2742
3 4371 5282 883
3 5282 3055 883
3 4371 1696 5477
3 1696 7216 5477
3 5477 7216 2582
3 7194 2582 7216
3 6585 5477 2582
3 6585 3290 5264
3 3290 6678 5264
3 5264 6678 6389
3 6389 6678 1130
3 1923 1130 6678
3 1130 6066 6389
3 6066 1130 2315
3 1467 1847 8155
3 492 8155 1847
3 1773 1847 1467
3 7064 4810 8107
3 8107 4414 7737
3 4810 1999 8325
3 6547 8325 8053
3 3530 6308 4772
3 4772 870 3530
3 7905 3443 1224
3 4730 3083 1691
3 3083 4587 4212
3 3083 4212 1691
3 4587 5060 4212
3 1691 4212 6592
3 5060 8192 4212
3 5814 6592 951
3 5814 951 4624
3 5814 4624 763
3 763 4624 3615
3 1442 3615 1586
3 3197 1586 3615
3 7942 8080 5808
3 8138 5808 8080
3 8138 8080 5431
3 5479 6035 6777
3 6575 2100 2228
3 942 3086 5057
3 7435 6675 7989
3 5808 6882 5086
3 4243 3168 6882
3 1058 6887 1975
3 5301 4950 5157
3 4950 6887 5157
3 6887 4950 1229
3 1975 6887 1229
3 4848 5301 6908
3 2949 3977 4848
3 3881 4848 3977
3 3977 1827 3881
3 2949 4877 834
3 834 4877 5703
3 5010 627 4877
3 6875 7653 4484
3 7653 8494 4662
3 7653 4662 524
3 524 4087 7653
3 4484 7653 4087
3 5985 524 4662
3 4087 524 2466
3 5875 7259 4579
3 7259 2431 7284
3 7284 6031 7259
3 2431 2767 7069
3 1932 1158 4025
3 1158 149 4025
3 4025 149 4022
3 149 7253 4022
3 5304 7253 5208
3 7253 5304 4022
3 2651 5391 2720
3 2720 1266 2651
3 5882 2651 1266
3 2720 3076 6096
3 4301 6096 2785
3 5589 4301 2496
3 5589 2496 1962
3 2496 4301 2041
3 2041 4301 2726
3 2726 467 2041
3 8420 2005 4114
3 8420 4114 2580
3 3552 2125 2798
3 3552 7487 93
3 3552 93 4268
3 4268 93 5054
3 7487 5858 93
3 93 5858 5054
3 1983 4326 8317
3 7487 3112 8317
3 8317 3112 1983
3 4326 1983 4380
3 4326 4036 5658
3 5658 4036 8291
3 5658 8240 8317
3 194 8240 1503
3 2084 7123 5154
3 1115 3914 2530
3 1115 2530 7671
3 6350 1115 7671
3 7671 2530 3341
3 2530 3914 1613
3 5406 3914 5528
3 6271 8237 5406
3 6256 8309 2930
3 6271 923 2794
3 7886 5558 6451
3 7886 6451 735
3 735 7385 7886
3 7886 7385 8490
3 4644 7385 6054
3 3389 6054 7385
3 5018 4644 6054
3 7385 735 3389
3 735 3850 3389
3 735 247 3850
3 3389 3850 5500
3 3850 4716 5500
3 5500 4716 4310
3 3234 6448 1443
3 6448 4310 849
3 5087 849 7083
3 7685 640 5087
3 640 2931 468
3 4968 3811 946
3 946 3811 7705
3 3587 3811 5223
3 4406 5223 3811
3 4968 662 5923
3 662 4713 5923
3 662 4968 4650
3 662 4650 599
3 4713 662 599
3 4650 565 599
3 599 565 8100
3 5923 1312 5299
3 5299 1312 1735
3 1735 1312 8283
3 8283 4997 6816
3 1489 6944 6816
3 1489 3198 8137
3 5332 704 3198
3 704 3481 1664
3 704 1664 5704
3 704 5704 3198
3 1664 6101 5704
3 3198 5704 8137
3 6101 5982 4382
3 5982 3822 6234
3 3822 6802 6234
3 6802 3822 6713
3 6072 2729 5147
3 6072 4391 2729
3 6072 5359 1794
3 1794 7970 5319
3 7970 6049 1745
3 2576 4056 7840
3 5902 2576 7840
3 4056 8012 1645
3 7352 5902 7727
3 5849 3492 5883
3 3492 6822 3294
3 6994 3294 501
3 3294 8186 501
3 6994 501 3841
3 2143 6994 2571
3 1900 6994 3841
3 3841 2351 1900
3 3841 7240 2351
3 2351 957 1900
3 7868 1043 1608
3 1043 3732 1608
3 4585 7090 7240
3 7240 5892 4585
3 4585 5892 1638
3 5892 5549 1638
3 6050 5122 5549
3 5122 5193 3723
3 3723 5193 7650
3 7650 5173 3723
3 7650 6415 5173
3 6613 4388 4903
3 314 8430 6807
3 314 6807 225
3 6080 1860 314
3 4903 314 1860
3 1860 6080 3564
3 8454 5616 5966
3 5966 5616 4992
3 5515 5966 1876
3 4768 4336 7538
3 8372 4768 1516
3 8372 1516 6317
3 8084 3882 8346
3 1625 950 2539
3 2539 950 5984
3 950 5184 5984
3 950 1625 5776
3 950 5776 8090
3 5184 950 8090
3 1625 3166 5776
3 5776 3166 2021
3 7781 5911 8144
3 8144 4221 5716
3 2717 8144 3310
3 5716 4221 3612
3 2648 3612 7218
3 4221 6306 3612
3 7218 3612 4912
3 30 5105 972
3 569 30 2239
3 2239 4912 569
3 6768 4773 2239
3 6768 209 4773
3 4912 4773 7218
3 1656 6789 5630
3 3123 7891 152
3 7492 373 721
3 1048 2891 4318
3 4318 7793 1565
3 1565 7793 6884
3 1565 6884 721
3 721 6884 2542
3 5605 6972 1269
3 7376 8187 5238
3 7816 3118 63
3 5238 63 7376
3 8177 5117 7145
3 2472 5965 8189
3 1712 2472 4006
3 4006 8177 4931
3 1232 4131 7009
3 5991 7630 6107
3 6113 7422 1518
3 7422 4416 4128
3 4416 1898 4128
3 2859 7536 3285
3 183 2428 3260
3 2486 6548 2428
3 1025 6548 498
3 3751 2955 1215
3 6548 5553 6956
3 2774 3666 3267
3 3267 3666 567
3 3267 567 1215
3 3666 4019 567
3 1215 567 7965
3 4019 472 4850
3 746 3899 472
3 4675 3899 7358
3 746 958 5846
3 958 1071 1379
3 1379 1071 7842
3 7842 881 5846
3 5846 881 5132
3 881 780 5132
3 1695 2807 6831
3 6831 4321 1695
3 2475 1614 3304
3 2475 3304 2216
3 3309 3304 2146
3 3309 2146 4238
3 4238 2146 8086
3 8310 7085 4666
3 3304 1098 3910
3 3392 3910 7576
3 1098 7576 3910
3 4558 3392 2493
3 2493 6155 4558
3 4666 7866 8252
3 4239 7866 4558
3 4239 6862 3100
3 6862 4239 3456
3 3456 4239 5459
3 6155 5459 4239
3 2276 3172 7424
3 7424 6711 5459
3 3172 6214 7424
3 6214 6404 7424
3 7424 6404 6711
3 7105 4575 3706
3 7105 3706 2744
3 2744 3706 3705
3 4575 6404 3706
3 2744 3705 6339
3 4928 6533 998
3 6533 7689 7985
3 6533 7985 998
3 7985 7689 518
3 518 4471 7985
3 518 7689 3218
3 518 3218 5830
3 548 538 2923
3 548 4075 2672
3 6465 2672 2525
3 6465 2525 7808
3 7400 6570 2461
3 6067 7564 6462
3 3590 7079 3008
3 6462 3590 633
3 7079 1928 3008
3 633 3008 6338
3 7922 1928 4126
3 1928 7079 4126
3 7079 7160 4126
3 7079 3773 7160
3 7756 7160 3773
3 4884 7756 4325
3 7967 4884 4325
3 7089 4580 7147
3 212 2097 3055
3 2097 212 7319
3 212 3276 6854
3 3276 6640 6854
3 8108 6854 7414
3 8108 7414 6068
3 6640 6389 6066
3 7414 6640 3062
3 7414 3062 2038
3 2315 1130 5942
3 5323 2172 8155
3 5323 8155 492
3 7064 8396 5323
3 5323 8396 2172
3 1708 8396 3434
3 8107 7277 7062
3 7737 7526 6387
3 4414 7526 7737
3 4414 6701 7526
3 1984 7905 8236
3 72 381 4699
3 72 4699 1784
3 364 7579 381
3 4699 381 7579
3 1736 364 2444
3 4730 1736 7810
3 3961 4730 6739
3 6739 4495 3961
3 6739 6592 5814
3 763 3615 1442
3 122 1058 1789
3 1116 1789 1058
3 6882 1058 122
3 975 5275 1392
3 5275 975 7022
3 1229 7022 975
3 1827 5381 3881
3 2547 7022 557
3 7579 5381 4699
3 2721 5381 6729
3 5781 6729 7360
3 6729 3977 451
3 1874 451 1540
3 1540 5703 3883
3 6493 2898 5703
3 6493 6875 2898
3 6875 4484 1495
3 6875 1495 2898
3 4484 7345 1495
3 2466 4035 7345
3 7345 4035 4769
3 4769 4035 3497
3 3497 4035 1307
3 3497 1307 4993
3 1307 7284 4993
3 4993 7284 4894
3 4452 6195 3642
3 4452 3642 2667
3 2767 1932 7795
3 6904 7795 6670
3 1266 384 5882
3 4105 5882 384
3 5882 4105 6670
3 1962 384 5589
3 4105 1962 4228
3 2017 4228 1962
3 2017 1962 165
3 165 1962 2496
3 165 2496 2041
3 2732 7177 7018
3 3324 7177 3413
3 8019 240 2014
3 3324 906 8474
3 8474 906 3136
3 7428 4349 3136
3 3136 467 7428
3 7428 467 41
3 41 467 4718
3 4718 467 2726
3 3838 4268 695
3 4268 5054 1102
3 4268 1102 695
3 5858 6886 5054
3 5172 6886 5858
3 6886 5172 2467
3 2467 7416 3480
3 3480 1059 7229
3 7229 1059 2989
3 148 7229 2989
3 263 4095 194
3 3105 263 1503
3 1503 1155 3105
3 1088 643 6350
3 1088 6350 5864
3 39 5864 4029
3 7671 3369 4819
3 3341 3158 3369
3 3158 3341 1613
3 1613 8237 3158
3 3158 8237 8267
3 5229 6557 1770
3 8309 5670 6824
3 1770 8309 6824
3 5670 4644 7561
3 4644 5018 5421
3 5018 5145 3356
3 5145 802 3356
3 6054 510 5018
3 5145 5018 510
3 5500 3234 6054
3 510 1443 5404
3 5404 7705 510
3 5145 510 7705
3 468 1443 6448
3 6059 802 556
3 556 802 8399
3 556 8399 6385
3 6385 6421 556
3 86 3587 8399
3 7705 3587 86
3 8399 5223 3686
3 3686 5223 1594
3 1594 5223 988
3 1114 5223 4406
3 1114 4406 5299
3 1735 3275 5299
3 6944 3275 6816
3 1735 6816 3275
3 3686 5202 6385
3 3686 4124 5202
3 4124 3117 5375
3 5375 3117 8071
3 6264 8071 3117
3 2106 5216 7163
3 7163 5216 2378
3 5216 4788 7773
3 8249 4788 8137
3 4788 8071 8137
3 717 2406 6101
3 717 4382 503
3 4382 5532 503
3 5532 4382 2882
3 8004 3692 5466
3 8004 6817 6266
3 5466 856 4480
3 5466 6234 856
3 4480 856 5760
3 4391 5760 856
3 5760 4391 6072
3 2795 5319 6817
3 5599 6817 5319
3 5319 507 5599
3 5319 1745 507
3 1946 5595 5614
3 7352 5595 5827
3 5849 7582 2226
3 7582 4512 751
3 4512 7582 3170
3 7582 5883 8095
3 5743 1900 35
3 6910 4781 7041
3 2972 7041 1390
3 4781 7314 7041
3 7041 6016 1390
3 7090 4585 3732
3 2494 3732 4585
3 2494 4585 6749
3 2608 6749 3576
3 2608 3576 6016
3 6749 8201 2566
3 827 137 2523
3 137 5534 2523
3 8201 2523 5534
3 827 3723 2745
3 5021 5654 2646
3 2646 5654 5298
3 7638 5298 5654
3 6415 2556 5379
3 6613 4903 488
3 488 4903 4598
3 4903 1860 4598
3 4598 1860 2770
3 4598 2770 1513
3 1860 3564 2770
3 5515 5447 4596
3 8372 6317 3224
3 3224 6317 248
3 6317 7976 7941
3 2539 5984 6317
3 248 1844 3224
3 7348 1844 2220
3 5184 2220 1844
3 2220 6116 7348
3 2211 5037 293
3 5184 2852 5037
3 293 5037 6576
3 8144 6997 7781
3 6997 8144 7929
3 1480 5277 6125
3 3736 1656 5630
3 6125 1235 2981
3 6125 2981 1480
3 1235 3771 3917
3 1235 3917 2981
3 7997 7977 3771
3 7977 3600 3771
3 3600 6798 7495
3 7495 4998 3917
3 3917 4998 3572
3 3917 3572 350
3 4998 2331 3572
3 2158 3572 6789
3 6972 4282 2158
3 6972 5605 4282
3 4282 7513 350
3 350 7513 2981
3 350 2981 3917
3 7513 1480 2981
3 7513 4282 509
3 6936 7513 509
3 509 4282 5605
3 7716 5405 357
3 5405 4500 8189
3 657 5405 2813
3 8189 2813 5405
3 8189 7588 2813
3 7588 7739 2813
3 1961 6659 7856
3 5965 1712 4931
3 6900 7322 3877
3 7422 866 3877
3 866 5113 6900
3 6900 5113 8152
3 8152 2304 7940
3 8152 7940 8395
3 8395 7940 183
3 2304 4128 1898
3 4034 5607 8395
3 5607 4034 2298
3 2298 4034 1604
3 5276 1604 1025
3 3260 1025 1604
3 7127 1119 134
3 7127 134 4344
3 1119 498 134
3 1215 5125 3751
3 1215 7965 6635
3 4850 7965 4019
3 4850 4671 7965
3 4850 2628 4671
3 4671 2628 401
3 4671 401 3790
3 2628 4850 4675
3 6976 4675 1223
3 3019 7591 6976
3 5997 7591 3019
3 5997 6225 7591
3 2996 7219 4180
3 2996 4180 1440
3 4180 7173 1774
3 6217 7173 5132
3 780 6217 5132
3 780 3631 6217
3 780 8030 3631
3 3631 8030 4823
3 780 4321 8030
3 1504 1245 8030
3 1504 6831 6316
3 4746 6316 4238
3 6618 609 4238
3 4746 4238 609
3 609 1245 4746
3 609 5578 1245
3 8086 5677 6618
3 8215 8086 8310
3 4666 7924 8310
3 8215 8310 7924
3 5677 8215 7924
3 1880 5663 3235
3 7105 6172 6862
3 1880 2487 4082
3 7985 7624 7819
3 4471 815 7985
3 7624 815 4384
3 2525 460 4471
3 815 4471 460
3 460 4384 815
3 2461 7747 4075
3 4384 7747 5669
3 8013 7363 5263
3 6338 7363 3359
3 6338 3874 7363
3 6304 8043 3923
3 3923 8043 6447
3 6207 7160 6304
3 6304 3072 7245
3 7245 3072 8445
3 7245 8445 324
3 3072 7967 8445
3 6849 8412 5973
3 1370 4178 8412
3 8445 7328 1370
3 7328 4178 1370
3 8313 7089 7147
3 7286 2943 7147
3 8108 61 2943
3 2943 61 2018
3 2018 8313 2943
3 61 8373 2018
3 8313 2018 8294
3 6815 6068 5350
3 5350 6068 7414
3 222 5350 8359
3 222 8359 8131
3 5350 2051 8359
3 2038 1534 2051
3 2051 1534 2219
3 8038 2219 8264
3 8505 8264 2219
3 3783 8264 1832
3 7898 2410 7754
3 2410 2315 5942
3 6303 8396 427
3 5942 427 660
3 5942 660 2410
3 4915 2904 7936
3 2904 5408 7936
3 6672 5408 7277
3 6672 7277 1219
3 7737 5766 1219
3 6426 1219 5766
3 5766 6387 404
3 404 4123 5766
3 1582 5271 1784
3 7360 6587 8059
3 6587 7360 6662
3 7360 1874 6662
3 3883 2898 8195
3 1495 8195 2898
3 8195 4465 7225
3 984 749 7014
3 7014 3287 3926
3 2085 3287 2644
3 2085 7345 4769
3 1387 4769 3497
3 1371 2851 4403
3 2851 984 4403
3 1371 1273 2851
3 2851 1273 2262
3 1273 6195 2262
3 2262 1300 2851
3 8183 8417 516
3 8417 6195 4539
3 4539 6195 4452
3 4452 6904 4539
3 6904 7869 4539
3 2667 6904 4452
3 6670 5255 6904
3 6904 5255 7869
3 1798 7680 6941
3 4105 6459 5255
3 4228 6459 4105
3 6459 4228 4616
3 4158 4616 2732
3 4616 4158 7516
3 7516 4317 4616
3 7018 240 1432
3 240 7018 2014
3 1432 5755 7516
3 5755 4163 1046
3 1046 4163 3163
3 4929 3163 4163
3 4929 1237 3163
3 1237 4929 3691
3 3691 7051 1237
3 4929 5149 27
3 8422 4349 178
3 178 4349 2602
3 178 2602 2917
3 4349 6392 2602
3 2602 6392 4455
3 943 2602 4455
3 8350 6392 695
3 7428 3838 6392
3 695 6392 3838
3 8350 2236 4455
3 1102 6886 8350
3 4045 8350 6886
3 4045 5757 3439
3 3439 4041 4468
3 6357 5633 2161
3 7952 6357 1801
3 1801 6357 6230
3 4736 2067 5573
3 7093 2067 148
3 2067 6230 148
3 5886 6709 7093
3 5937 1971 5429
3 3105 1155 142
3 5429 142 4029
3 142 1155 39
3 142 39 4029
3 7548 5429 1917
3 7548 1917 2404
3 1917 7359 2404
3 8303 2404 7359
3 8303 4175 2404
3 4175 4181 2671
3 5363 6869 3156
3 8267 6528 6198
3 6528 8267 1629
3 1763 6210 5229
3 5828 5229 6210
3 448 1763 3098
3 7786 1763 6824
3 6824 7561 7786
3 7561 6824 5670
3 7786 7561 8052
3 7163 6059 6421
3 6421 2106 7163
3 6421 5202 2106
3 6385 5202 6421
3 8052 2378 1175
3 8052 1175 3098
3 3098 1175 2265
3 2265 3395 7373
3 7373 2554 6359
3 6359 2554 7871
3 6359 7871 2339
3 2339 7871 7755
3 2339 4519 6384
3 241 6266 5554
3 5554 7168 241
3 5730 241 7168
3 6266 1946 5554
3 5599 1946 6266
3 1946 5614 5554
3 4748 8369 7908
3 7908 8369 6643
3 8207 2686 2501
3 4658 2501 2686
3 8207 4512 4979
3 1714 4660 3399
3 3248 4920 1714
3 4920 4660 1714
3 3248 2571 5743
3 6910 6949 5259
3 2317 5259 6949
3 2317 6949 6071
3 2972 1390 1377
3 1390 8101 1377
3 1377 8101 4760
3 2782 3295 3831
3 2782 996 3295
3 2782 600 5303
3 3354 2124 2566
3 8438 3354 2566
3 8438 2566 2991
3 2991 2566 8201
3 2991 1600 8048
3 5534 2751 8048
3 2117 2751 6212
3 2751 5534 5711
3 5021 4938 7901
3 7901 4938 7600
3 7600 4938 7899
3 7998 5969 4938
3 2646 7210 5021
3 323 3571 7998
3 5955 1156 6116
3 6116 1156 5025
3 5025 1156 2115
3 293 6576 1179
3 2835 4855 1365
3 2835 7013 3284
3 357 5405 7013
3 5405 657 7013
3 7720 657 2813
3 2813 7739 7720
3 7739 1214 7720
3 1214 8085 7720
3 1214 7739 4775
3 331 1961 7856
3 1961 331 724
3 4649 724 7994
3 6126 7856 235
3 2605 6669 5033
3 5033 286 2605
3 5033 7598 1148
3 5000 5856 2497
3 2497 1006 4814
3 8395 5607 6420
3 8395 6420 8152
3 6420 2327 8152
3 1849 8269 566
3 4944 566 8269
3 551 7127 4944
3 566 4944 7127
3 7127 551 5276
3 551 2298 5276
3 6747 566 6790
3 6747 6790 1649
3 1649 1107 6747
3 1649 6790 3409
3 7657 6790 4344
3 7657 4344 1239
3 1239 7965 7657
3 1639 3880 7657
3 3880 1639 6205
3 4479 3880 6205
3 5200 1639 3790
3 3790 6969 5200
3 7591 5881 3280
3 7591 5093 5881
3 5881 2711 4925
3 2049 6225 6883
3 6736 6430 1564
3 1564 6430 435
3 6883 435 6580
3 4988 6736 5822
3 5822 7306 3805
3 5822 3805 4988
3 7306 5845 3805
3 4879 3175 1047
3 3005 4823 4032
3 4032 4823 8030
3 5578 1772 4032
3 1772 5578 5644
3 2596 5297 5644
3 5297 2366 5644
3 2366 8501 1973
3 4261 6762 6967
3 3299 6967 6762
3 5297 3452 3299
3 6967 3299 3452
3 5297 5677 3452
3 6967 5219 4513
3 6967 4513 4343
3 5179 4513 7924
3 5179 1455 4262
3 4262 4343 5179
3 4262 3680 4343
3 2565 7291 2320
3 1859 7291 2565
3 2565 7624 1859
3 326 1859 7624
3 1859 2860 8328
3 1338 8013 5263
3 3874 2995 4077
3 7207 819 4077
3 7207 6130 819
3 7207 2995 8065
3 8043 6130 6447
3 6130 8043 2823
3 819 6130 1445
3 2823 1445 6130
3 2946 154 6843
3 6843 154 5354
3 154 6849 5973
3 154 5973 5354
3 903 5342 2368
3 903 2368 5973
3 5973 2368 7785
3 3588 2656 4782
3 5422 832 4178
3 4178 832 8412
3 3845 4178 7328
3 504 4782 5422
3 8294 8373 1091
3 1627 5160 2462
3 2575 5160 8282
3 6660 2575 8282
3 8282 2210 4567
3 2210 7132 5314
3 2210 5314 4567
3 4567 5314 7095
3 5314 3632 7095
3 7095 3632 5019
3 5019 3632 8131
3 3632 7301 8131
3 8359 7769 8131
3 8301 8359 5634
3 8038 689 5634
3 689 8038 8459
3 8301 689 8459
3 8459 4119 2674
3 2674 4119 147
3 4119 8264 147
3 8345 2674 665
3 2674 913 665
3 913 4778 7805
3 7740 7805 4778
3 7740 6065 5150
3 4265 7510 3834
3 6065 4018 135
3 4018 1832 135
3 135 1832 8264
3 135 8505 7510
3 3834 7510 4292
3 2066 4292 7754
3 6426 5766 6638
3 2498 7652 5291
3 7351 1602 3681
3 1485 2116 4111
3 6010 7827 2019
3 6010 8059 6600
3 6600 8059 6587
3 6010 6600 3853
3 811 7547 6662
3 6662 5346 811
3 811 5346 7225
3 1051 6891 7547
3 6891 1051 5930
3 5349 7827 5930
3 2851 7590 984
3 7590 1300 8183
3 2108 490 8183
3 2108 5582 490
3 5695 2108 5096
3 516 8417 8037
3 8037 8417 5782
3 7680 6052 7869
3 7680 1798 6052
3 3200 7709 6941
3 8091 4317 7516
3 8091 5755 3047
3 8091 3047 2541
3 2541 3047 1030
3 3625 3047 1046
3 3047 5755 1046
3 3625 1046 4367
3 4367 1046 3163
3 186 7279 4359
3 8254 7743 175
3 2825 3722 4563
3 7051 4071 3722
3 4071 7211 4420
3 7211 2550 2253
3 2253 2550 2917
3 2917 2602 943
3 2253 943 6558
3 943 4455 6558
3 4455 2236 6558
3 6558 2236 8389
3 5633 7952 2442
3 7952 7017 7047
3 7017 4736 8448
3 1579 8448 5573
3 2620 4381 7093
3 5573 7093 4381
3 4381 1579 5573
3 1579 4381 1902
3 4381 7411 2614
3 7479 2614 6238
3 7411 2620 3737
3 4070 3737 1136
3 2620 7093 3737
3 1136 3737 7548
3 4070 6996 6131
3 8196 1956 1412
3 6345 7679 6996
3 7679 6345 4963
3 6345 110 4963
3 110 2404 4175
3 7679 8021 7692
3 6627 8021 1820
3 5828 4037 2068
3 2068 4037 2447
3 2068 2447 2589
3 6384 4519 4037
3 4519 5142 755
3 3616 755 1252
3 755 5142 3558
3 755 3558 1252
3 1252 3558 3536
3 5142 2416 5730
3 5730 7168 7908
3 2665 372 1646
3 372 6643 1646
3 1646 6643 265
3 1646 265 3960
3 6643 8369 3429
3 2165 3429 8369
3 2165 8369 4658
3 4658 2686 4592
3 4592 2686 1005
3 8207 3894 7817
3 4858 1123 8488
3 4858 6916 2590
3 6916 2652 6071
3 5217 6916 6071
3 2652 4660 4920
3 5259 4920 3248
3 6071 6949 7167
3 7167 6949 4490
3 4490 7372 7167
3 1831 8284 3295
3 3831 8284 4280
3 3857 4760 8284
3 8284 4760 8101
3 8284 8101 4280
3 4280 8101 6535
3 8284 3831 3295
3 8083 3351 8048
3 8039 895 1733
3 895 8048 1733
3 1733 8048 469
3 1733 469 2117
3 469 8048 2751
3 469 2751 2117
3 1733 2117 8024
3 5073 8024 6212
3 7104 1562 3150
3 6046 1562 1612
3 1612 1562 4595
3 8024 5073 7104
3 7600 7104 5073
3 4775 1618 8085
3 4938 5969 7899
3 5082 7899 5969
3 3876 3571 1418
3 2637 1418 2211
3 3876 2637 6396
3 1618 4775 7104
3 7104 4775 4649
3 4775 7739 2184
3 1612 1209 4200
3 8426 7994 6126
3 2078 5685 8014
3 5685 5525 5601
3 6946 335 5525
3 5525 335 4814
3 335 6946 7339
3 286 335 2605
3 7339 2605 335
3 5986 1349 2826
3 1349 1687 2826
3 4303 3039 7322
3 4303 7322 4625
3 4625 2327 4303
3 3823 4503 1083
3 6064 5455 3889
3 8269 1849 1568
3 6094 1849 6747
3 566 6747 1849
3 6747 2705 6094
3 296 2705 5218
3 296 5218 8334
3 5218 2705 6516
3 6516 2705 6844
3 4882 6844 2705
3 6844 6707 6516
3 6707 6844 5681
3 5419 2509 8407
3 6844 1107 4635
3 4635 1107 3409
3 8407 4635 2181
3 3409 2181 4635
3 2181 4479 8407
3 2181 3880 4479
3 8407 4479 3700
3 8407 3700 6605
3 4479 6205 3700
3 6605 3700 4475
3 6205 8273 3700
3 5200 6969 6287
3 5200 6287 5474
3 5474 6287 3296
3 5474 3296 8273
3 3296 6287 7116
3 3405 6287 3756
3 6969 5910 6287
3 3756 6287 5910
3 5910 5987 3756
3 5910 3009 5987
3 5910 5881 1537
3 5881 4925 1537
3 5910 1537 160
3 5910 160 3009
3 1537 8379 160
3 8379 1537 4925
3 8379 1191 4697
3 8379 4697 6283
3 3171 2662 1191
3 4697 1191 2662
3 2662 3694 4697
3 3370 4697 3694
3 1191 4925 3171
3 3171 4925 2711
3 1667 3694 2662
3 3171 5090 87
3 5090 3045 5446
3 6761 2783 1633
3 7276 1633 2783
3 5970 7276 6580
3 7276 5970 1633
3 1633 5970 2939
3 8188 2831 4173
3 8501 2342 3032
3 8501 6430 1973
3 6762 2128 6489
3 2128 6762 4142
3 4142 4261 6473
3 6967 3725 7937
3 6967 4343 3725
3 3725 4343 4125
3 4343 3680 4125
3 4194 7439 7390
3 7390 7439 1285
3 4125 7390 1285
3 4194 1198 7439
3 4194 2024 1198
3 2024 4194 8154
3 8154 6693 8427
3 7291 8427 1949
3 2320 7291 1949
3 1925 8328 3228
3 3228 8328 3157
3 918 5100 5473
3 5280 2002 592
3 5473 1781 3907
3 2002 5280 7226
3 7323 2002 7226
3 7226 2150 7323
3 7226 5280 4864
3 7226 4864 8405
3 1617 3157 1338
3 1617 3703 8405
3 8375 8405 6843
3 2691 8375 6843
3 2691 6843 5354
3 2691 7785 1595
3 6598 1595 3897
3 7243 1436 4462
3 3897 4462 71
3 4462 8141 71
3 1436 8307 8141
3 8141 8446 505
3 3588 4782 5977
3 6572 4782 504
3 504 5302 6572
3 1129 1560 1091
3 1560 1129 7500
3 1129 2920 7500
3 6572 7500 8409
3 2920 1129 2045
3 2045 6660 6661
3 6661 4672 1559
3 4672 4824 2900
3 4672 2900 1813
3 1813 4676 4672
3 5920 4088 1404
3 1404 4088 8282
3 5726 5478 3628
3 3628 5478 3403
3 8463 7769 8301
3 1305 7097 8459
3 8459 6360 1305
3 985 7530 6360
3 5996 7530 5177
3 985 6360 4378
3 985 4378 7656
3 665 7805 8462
3 7805 7557 8462
3 7557 1724 5150
3 7351 3681 7124
3 6714 7794 4265
3 7351 6445 5244
3 7862 7351 5244
3 6714 4265 4991
3 7294 2390 1246
3 7294 5291 5504
3 7124 3681 7983
3 6866 7124 7349
3 7712 8099 5741
3 8099 936 6657
3 936 7590 8183
3 5695 7893 3669
3 7893 5877 5118
3 5877 5096 5190
3 5096 8037 5190
3 5190 8037 485
3 5190 485 3425
3 3425 485 5426
3 6366 3425 5426
3 6366 3684 3425
3 3425 3684 947
3 534 3425 7375
3 7375 6563 534
3 7375 5786 6563
3 7375 2541 1030
3 1030 7199 7375
3 4367 3318 1411
3 3777 6036 5706
3 2426 5706 6036
3 6036 3777 7760
3 7760 6095 6036
3 7760 3777 6393
3 6393 3777 5680
3 6393 5680 3428
3 3777 5706 186
3 5482 4359 8254
3 1662 7743 8254
3 5245 7103 4563
3 4563 7103 4732
3 7278 4732 7103
3 1806 5245 22
3 22 7645 1806
3 4563 2675 5245
3 817 6943 6081
3 7645 6081 6943
3 4084 7645 7431
3 6943 7431 7645
3 8389 7531 6943
3 6943 2442 7431
3 7952 7047 2442
3 2442 7047 7431
3 7431 7047 4101
3 4548 7047 6642
3 6642 7047 4057
3 4057 7047 7017
3 4057 8448 3758
3 3758 8448 8246
3 3758 8246 7559
3 2775 7559 8246
3 8133 8448 1579
3 4308 8133 1902
3 4308 7479 7217
3 2261 5840 7479
3 211 2261 6215
3 1842 6423 2122
3 5494 5796 7426
3 7736 6238 2122
3 3586 5494 7426
3 2296 8196 7672
3 8196 1994 5974
3 8196 5974 7672
3 5974 1994 8040
3 8040 1412 3993
3 8040 3993 8340
3 6627 446 8340
3 8340 446 4354
3 4354 446 5723
3 446 1820 5723
3 5723 1820 7280
3 5723 7280 5579
3 5579 7280 3649
3 5579 3649 5904
3 5904 3649 8111
3 5904 782 153
3 782 3616 153
3 153 3616 1598
3 5904 4049 2300
3 206 3960 1385
3 206 1385 4404
3 4049 5873 3960
3 1385 3960 265
3 1385 265 4404
3 4404 265 3429
3 4404 3429 8178
3 1502 7817 3835
3 6830 7683 6139
3 6139 6710 1330
3 6710 4332 1330
3 1330 4332 2529
3 5874 6710 3633
3 5874 3633 6916
3 5874 6916 5217
3 7167 2772 5217
3 1137 6771 6144
3 7636 6771 1137
3 6144 6771 5123
3 3426 5377 7636
3 5377 8500 7636
3 8039 7636 8500
3 6432 7636 8039
3 5506 2867 7772
3 2867 916 4854
3 916 8024 4854
3 4854 8024 3150
3 8426 4643 1822
3 8426 4401 1780
3 8426 1780 4643
3 4643 1780 5506
3 8014 5947 2078
3 360 8274 6245
3 360 6245 3924
3 1930 8274 4875
3 4875 4287 1930
3 4875 1687 4287
3 1687 4875 2826
3 8062 2826 4875
3 4287 6064 8481
3 6094 296 6064
3 3859 2887 3559
3 321 1915 5218
3 321 5218 6516
3 5366 321 6516
3 6707 5681 7251
3 747 7251 5681
3 7251 747 59
3 747 6255 59
3 747 5119 6255
3 5119 2163 6506
3 5119 747 3707
3 2129 5119 3707
3 5681 3707 747
3 3707 7271 2129
3 3707 5681 6751
3 6751 7271 3707
3 1748 8407 6605
3 7271 1748 6057
3 341 617 6057
3 1486 6057 617
3 617 341 2266
3 253 7914 1172
3 2266 1172 7914
3 8386 7914 253
3 8386 8353 8006
3 8006 8353 8273
3 8006 930 6193
3 3405 3756 4816
3 2015 4633 3582
3 4633 5987 3000
3 5987 3009 3000
3 3000 3009 1685
3 3009 2635 1685
3 7860 8379 6283
3 6283 6983 5720
3 6983 4697 3370
3 3601 3370 5896
3 2613 3370 7674
3 3694 7674 3370
3 7674 7387 2613
3 7387 8124 2613
3 7674 1667 6069
3 6761 2939 8124
3 5896 6160 4751
3 6192 1722 5470
3 1722 6170 3821
3 6170 7935 2874
3 7935 6590 1343
3 1343 8188 3792
3 3792 8188 4173
3 1343 6590 1818
3 1343 1818 8188
3 3702 683 4714
3 3792 4173 4714
3 683 2734 2310
3 683 2310 4394
3 2734 3250 1259
3 1259 3250 1267
3 156 7779 3250
3 3945 7779 156
3 6473 3945 4142
3 3768 6473 6216
3 6473 7937 6216
3 7457 6216 7937
3 4320 8136 7457
3 8136 938 3202
3 8136 4167 938
3 4167 1285 938
3 517 938 1285
3 517 1285 7439
3 517 1186 3202
3 5250 1186 2009
3 2009 3574 1556
3 882 3574 5627
3 1157 5168 6803
3 6803 5168 7439
3 7439 1198 6803
3 6803 4341 5627
3 7676 5627 4341
3 1198 4341 6803
3 4341 1198 2024
3 5627 7676 8036
3 8036 8154 5967
3 6488 5967 1056
3 7291 918 8427
3 918 5473 1393
3 6111 3907 2063
3 7323 2150 8147
3 5387 7738 2388
3 6323 7738 2180
3 7738 8375 7880
3 7880 6598 2855
3 7880 2855 2180
3 2180 2855 4870
3 6712 6598 5170
3 5170 6598 3897
3 6712 5826 2221
3 5826 5170 5386
3 5170 1450 5386
3 5386 1450 4227
3 5386 5664 5826
3 3438 505 3887
3 8307 659 6377
3 659 8307 6740
3 8409 3239 6740
3 6335 7500 1965
3 1965 7500 2920
3 2512 6123 6661
3 2512 5026 5950
3 2512 5950 6123
3 6691 5950 1194
3 7130 3535 5026
3 7507 5026 3535
3 3406 1559 4672
3 3406 4672 2561
3 2561 4672 4676
3 4676 1813 5748
3 3387 6208 3628
3 6208 3387 8094
3 6208 8094 6457
3 1873 6208 6457
3 7060 5368 563
3 563 5368 527
3 3403 5996 3628
3 5368 5177 527
3 527 5177 6564
3 7656 2654 6564
3 2947 2886 2657
3 2657 7493 2947
3 2657 7893 5118
3 2657 5118 7493
3 8020 8411 409
3 5402 8354 8411
3 409 8411 3789
3 8411 3127 3667
3 3667 3789 8411
3 3127 1797 6197
3 1797 1221 5786
3 5786 1221 6563
3 1221 8354 6563
3 3704 5210 7199
3 2799 3704 7199
3 2799 7199 4267
3 4267 7199 4186
3 7879 6243 2633
3 7879 2633 245
3 4684 1457 245
3 245 1457 7574
3 4684 3428 7850
3 7850 3428 4527
3 7850 4527 1578
3 3428 5680 4527
3 6620 2177 8127
3 7278 5739 4732
3 7278 4832 1950
3 7278 1950 2177
3 6624 2177 1950
3 1950 4832 2789
3 2789 4832 2535
3 4832 3037 2535
3 3037 297 4120
3 7103 4120 297
3 3004 2403 298
3 298 4084 3004
3 298 2403 7645
3 7645 4084 298
3 3004 3421 2693
3 7010 5257 2836
3 112 4101 3421
3 5257 3421 4548
3 4101 4548 3421
3 5257 4548 5859
3 5859 4548 7863
3 7863 6642 7559
3 7863 7559 1160
3 7863 1160 216
3 7863 216 4259
3 216 1160 7843
3 487 7148 7843
3 487 2911 7148
3 2911 487 6940
3 6940 7053 1256
3 7025 5710 211
3 5840 211 5710
3 5710 7025 239
3 5710 239 5516
3 5516 239 7706
3 7736 5871 239
3 5871 7736 2122
3 6423 7706 5871
3 8210 7706 5811
3 3586 2810 6227
3 677 5721 8227
3 6471 8495 1165
3 5901 7672 479
3 5901 479 4723
3 4723 479 6699
3 173 7672 885
3 6132 173 6136
3 885 6136 173
3 885 7672 5974
3 5246 616 4937
3 7254 5246 6907
3 5246 4937 6907
3 3540 4937 7121
3 616 8040 8340
3 6551 7121 6812
3 5579 2300 828
3 2687 3196 3851
3 3851 5510 2687
3 5510 3851 5581
3 8356 1196 1927
3 5510 5653 3516
3 1196 2666 1700
3 2666 8356 5771
3 5771 8356 6830
3 2529 5771 6830
3 4383 5771 2529
3 4383 2529 2622
3 2622 2529 4332
3 2622 4332 5123
3 783 7191 6905
3 6905 7191 6878
3 6905 6878 7797
3 6905 7797 3869
3 6878 7191 5485
3 5123 6771 7191
3 7636 6432 777
3 5640 2255 7797
3 3559 6626 4948
3 6626 3559 5596
3 5596 3559 5688
3 5366 3609 2763
3 2763 3609 4447
3 2763 4447 5688
3 5688 4447 5596
3 3609 1296 2022
3 1296 7251 59
3 2022 49 3603
3 2022 3603 5232
3 49 6255 3603
3 5232 3603 1134
3 5769 3603 6255
3 5267 1134 1767
3 3454 6193 8497
3 584 1881 2847
3 994 4516 1641
3 994 1641 7015
3 2709 1641 3582
3 2709 3582 4633
3 3000 1213 2314
3 2355 1462 4069
3 8387 1399 219
3 1886 1449 7860
3 7860 1449 1419
3 7865 1449 2292
3 2292 3819 7865
3 3819 7691 7865
3 2292 1886 2347
3 5720 1886 7860
3 2179 387 3601
3 6983 3370 387
3 387 3370 3601
3 3601 801 2606
3 801 4493 2606
3 5470 1039 7841
3 7841 1039 4191
3 5351 4191 1039
3 6170 2874 8492
3 2874 7995 8492
3 2874 224 7995
3 7995 224 7605
3 1942 6578 1259
3 1267 6586 1942
3 1267 332 6586
3 332 1267 6680
3 6388 7779 4273
3 2088 6388 7448
3 4273 7448 6388
3 4273 3768 2341
3 2341 2119 4273
3 7448 4273 2119
3 2341 865 2119
3 2119 865 242
3 8136 3202 865
3 242 865 3202
3 7448 4183 1556
3 4183 5250 1556
3 1556 5250 2009
3 6680 786 882
3 2088 1556 3574
3 786 2088 3574
3 786 3574 882
3 6612 3542 6586
3 7158 6586 3542
3 33 7158 3542
3 8036 6681 6612
3 3542 6612 6681
3 33 3542 6681
3 4242 7956 6833
3 256 6681 5600
3 5600 4921 8147
3 8147 5387 1097
3 256 1097 1427
3 1097 5387 1427
3 8419 7956 1427
3 6325 2003 6833
3 2003 6325 6092
3 6325 8419 5308
3 176 8434 7209
3 7462 4870 42
3 42 4870 7354
3 2221 5826 4999
3 7293 5826 5664
3 5435 2443 7293
3 2443 8159 7293
3 5664 3221 5435
3 8159 2443 5789
3 6846 4896 1657
3 6846 1657 1619
3 1619 1657 4670
3 4896 3575 1657
3 4670 1657 5367
3 1318 3575 3887
3 407 8446 4722
3 3006 4722 3788
3 3788 2873 6691
3 7032 3006 8341
3 8341 3006 1194
3 8300 4112 1855
3 8300 1855 3220
3 3220 6141 8300
3 3220 375 6141
3 3535 7130 7992
3 5034 7992 7130
3 5034 7130 3406
3 5702 5034 2561
3 3406 2561 5034
3 2563 4676 5748
3 2563 5748 8323
3 8323 5748 3352
3 4270 8323 6457
3 2630 8094 2700
3 3186 2630 3383
3 2700 3383 2630
3 8094 7060 563
3 8094 563 7231
3 7231 563 527
3 7231 527 5559
3 527 6564 5559
3 5559 2886 2947
3 382 6199 4046
3 6055 837 4046
3 837 6055 3655
3 3655 6055 6017
3 1361 6017 8020
3 6017 1361 7038
3 1361 5129 7038
3 5129 3282 7038
3 5129 3789 3282
3 6197 3667 3127
3 6197 1797 3338
3 6859 6197 576
3 2799 1461 4939
3 2178 5593 2753
3 3130 1941 7984
3 725 1941 4774
3 3569 1941 3130
3 3569 6243 1941
3 1941 6243 7879
3 1941 7879 4774
3 8410 919 2294
3 1168 7879 7574
3 3292 8217 1531
3 1531 8217 2832
3 1428 4299 2567
3 2567 1014 1428
3 2724 1988 6926
3 1683 1988 2392
3 3207 2392 8127
3 2392 4527 8127
3 3207 6624 2768
3 1683 2356 1988
3 6228 6624 1950
3 6228 2789 299
3 4137 3446 6228
3 3905 6228 3446
3 299 6865 4137
3 3677 4137 6865
3 4137 3677 2549
3 3677 6865 3124
3 3124 1854 8001
3 1854 2288 6665
3 5598 1669 3817
3 1669 4904 7289
3 1669 7289 4703
3 4225 7010 4904
3 4216 4904 7010
3 4216 2836 481
3 481 2836 7684
3 481 7684 3241
3 3241 7684 5369
3 187 2836 5859
3 187 3550 4109
3 3550 4259 216
3 7122 7767 3550
3 4109 3550 7767
3 5151 7767 1368
3 7122 1368 7767
3 1368 7122 6986
3 2911 6940 7122
3 4337 4047 7589
3 2985 4169 6595
3 4899 2748 2747
3 7589 8441 8322
3 3396 8441 6313
3 7589 6313 8441
3 8441 5516 8425
3 8425 570 7304
3 7004 2250 7771
3 2250 8210 7771
3 2520 6227 8293
3 2810 8293 6227
3 2810 5712 8293
3 5511 5712 6484
3 677 8227 3035
3 6383 6934 4723
3 8223 4723 6934
3 7771 8223 6934
3 4822 6383 6699
3 3034 7237 6132
3 3034 2661 7237
3 3034 3255 3462
3 5675 4362 4607
3 7254 6907 7357
3 6726 3196 2687
3 4731 4784 4669
3 2583 6026 6365
3 6923 4160 2076
3 2076 5167 6923
3 2666 5771 1397
3 5167 2076 4383
3 1247 783 4464
3 783 6905 4464
3 6905 3869 4948
3 4948 4464 6905
3 716 4948 6626
3 4464 3472 5167
3 716 6093 3472
3 5167 3472 6923
3 6365 6093 4508
3 6093 3272 4508
3 6626 5596 3272
3 5144 3272 5596
3 8132 5144 5596
3 5596 4447 8132
3 8132 4447 5232
3 547 2546 1993
3 7455 547 1993
3 1993 2546 4846
3 4846 5267 2544
3 2544 5267 5684
3 7366 3432 2837
3 3432 3064 1334
3 3432 584 3064
3 1334 3064 7015
3 1705 3297 7939
3 2781 7939 3297
3 3297 1705 759
3 8387 3946 2709
3 219 1419 7865
3 3273 7865 7691
3 3273 7691 987
3 4418 6500 7522
3 7036 3819 3269
3 3269 2336 7036
3 2336 3266 2408
3 821 4751 2402
3 2402 7841 1238
3 2402 1238 821
3 7841 5689 8261
3 5689 5372 64
3 3510 2190 7368
3 3510 7368 5372
3 269 3998 8299
3 2190 7995 8056
3 8480 6433 8056
3 8299 8056 7158
3 6433 7158 8056
3 3384 7956 4242
3 3293 4647 6092
3 2003 6092 4647
3 2632 7109 5778
3 3541 550 7109
3 7109 550 3382
3 3407 7109 3382
3 8434 3407 3382
3 550 5308 3382
3 3382 1092 8434
3 3865 176 4214
3 4885 6984 7293
3 4885 7293 8159
3 4277 7673 2592
3 2592 7890 168
3 168 7890 4130
3 4130 7890 3433
3 3433 7890 5367
3 5367 6826 3433
3 6589 1771 8451
3 1771 3238 8153
3 6239 7032 8341
3 6239 8341 6652
3 6652 8341 8300
3 7872 2574 6077
3 6141 2465 2574
3 2574 2465 1482
3 2574 1482 6077
3 5288 3078 3292
3 2832 7542 5468
3 5394 5468 7542
3 7542 2832 6218
3 1014 2567 6218
3 6926 6218 2567
3 268 6218 6926
3 268 8397 6218
3 2111 268 6926
3 2111 6926 2356
3 3108 2111 2356
3 268 2111 7859
3 7859 3108 3905
3 7859 3905 581
3 3108 6228 3905
3 581 1986 5577
3 1986 3446 5432
3 5432 3446 2549
3 5577 1986 8077
3 5432 8077 1986
3 7599 5432 70
3 70 5432 6906
3 5432 2549 6906
3 5992 1052 4170
3 5120 3418 2715
3 2715 3418 4613
3 6906 8344 3418
3 3418 8344 4613
3 4613 8344 7292
3 6562 8001 7571
3 6665 8173 8001
3 911 6665 3817
3 3605 8173 911
3 3817 4703 3605
3 4703 7289 3920
3 7289 5488 3920
3 5488 7289 3241
3 7767 4910 5531
3 5524 5531 4910
3 4910 5151 1792
3 4876 1787 1121
3 6986 2985 823
3 4852 823 2985
3 7170 4852 6595
3 6595 3934 7170
3 3934 2748 6259
3 2748 4899 6259
3 6184 6008 8003
3 8003 6954 6184
3 6954 1658 6184
3 8003 3103 7262
3 8003 1381 3103
3 3103 1381 5626
3 3103 5626 3671
3 3038 1894 6818
3 7838 6818 1894
3 8302 7838 1894
3 1894 7004 6097
3 4822 7237 2909
3 7237 2875 2909
3 3671 5626 6744
3 3103 3671 6688
3 6688 1007 5074
3 1007 214 5074
3 873 2099 7635
3 5456 6744 1744
3 5456 1744 1417
3 5675 4174 8023
3 2738 8023 4936
3 4174 3556 8142
3 6998 4607 4731
3 4669 8142 3556
3 8142 2583 2421
3 2421 6365 1541
3 1541 6365 2695
3 4508 8149 2695
3 8149 3230 1398
3 2695 1398 436
3 3230 536 1398
3 1398 536 3755
3 1398 3755 436
3 3755 536 227
3 4677 227 536
3 227 3337 3755
3 4677 1993 4846
3 3337 227 1821
3 3337 1821 2910
3 1821 2544 5046
3 5458 4370 8182
3 3337 2910 2926
3 4435 3297 7131
3 7131 3297 5727
3 685 2733 5727
3 43 5727 2733
3 685 759 1634
3 685 1634 7246
3 7246 1634 6542
3 685 7246 2733
3 2733 7246 8306
3 8306 4966 2733
3 987 4511 8306
3 4418 545 5738
3 5738 545 5918
3 5918 545 4600
3 5918 4600 4284
3 7612 3243 4600
3 4284 4600 3243
3 7612 4418 7522
3 7612 7522 8106
3 7036 4826 7522
3 4826 8106 7522
3 2297 2408 6470
3 739 6470 3266
3 2408 3266 6470
3 739 1238 1120
3 1120 1238 7841
3 1120 7841 8261
3 8413 5463 172
3 3460 7974 5463
3 3460 2065 7974
3 3460 8261 5689
3 3460 5689 2065
3 2065 5689 6569
3 7228 6569 6004
3 5689 2450 6569
3 7269 6569 7434
3 986 430 2450
3 430 7543 2450
3 7368 4477 986
3 269 8299 7109
3 7109 8299 7008
3 4477 1653 7543
3 1653 5879 7543
3 1653 5778 6888
3 7174 3865 8444
3 7273 2669 6888
3 7273 7174 8444
3 1580 8444 1976
3 1976 8444 8159
3 1580 2035 8143
3 968 354 8162
3 354 1580 4083
3 6648 4083 6425
3 6425 4083 7957
3 2814 8162 6648
3 3495 3647 2814
3 2814 3647 4742
3 2814 4742 7313
3 4277 6027 3647
3 4277 2592 6027
3 779 6027 8451
3 6589 8451 6027
3 6027 779 4742
3 779 5537 4742
3 6027 4742 3647
3 4742 5537 7313
3 5537 5611 7313
3 5611 5537 6686
3 5537 8451 6686
3 6686 8451 8129
3 6686 8129 5535
3 5797 6084 8440
3 5992 4170 5797
3 2715 4613 2321
3 2321 4613 1872
3 4613 7292 8406
3 5661 7687 6562
3 8239 5661 6562
3 6562 493 8239
3 493 2046 8239
3 2046 7571 6774
3 2046 6774 511
3 5121 7235 6774
3 5488 5650 6024
3 6785 3473 6110
3 6785 4683 3473
3 3591 5268 6024
3 3591 6024 5650
3 2 6039 3591
3 3670 6039 2
3 3670 5524 6039
3 6060 1787 6469
3 3473 6892 6110
3 6892 6469 7932
3 1835 7932 2156
3 6469 726 5068
3 726 788 5068
3 5545 4522 7170
3 6041 5398 6428
3 1410 4331 6041
3 3934 4331 1410
3 6259 4331 3934
3 2414 1658 6828
3 2414 6828 7311
3 6259 2414 7311
3 380 6286 7262
3 6828 1658 6954
3 3779 7086 6318
3 6318 7086 7635
3 7086 5324 5074
3 3420 4936 4198
3 4198 4936 2871
3 4198 2871 5371
3 4198 5371 6919
3 6919 5371 5458
3 5458 5371 3139
3 6440 2708 4335
3 4335 3755 3139
3 8182 7882 2990
3 3094 2990 7882
3 6938 7423 8289
3 6463 1665 4571
3 6463 5727 43
3 1665 6463 7527
3 6463 2841 7527
3 6463 1280 2841
3 2841 1280 4248
3 1280 8306 4008
3 1280 4008 4248
3 2194 6378 4008
3 6378 7382 982
3 5918 7382 5738
3 3109 5030 1073
3 343 8255 508
3 1031 8255 2193
3 6584 8255 3243
3 3243 7612 6584
3 6584 7612 2504
3 2504 7612 8106
3 2504 8106 339
3 339 8106 4076
3 3023 1358 6872
3 3734 3023 6872
3 522 3271 2297
3 6872 522 3476
3 3476 1596 6872
3 1596 3734 6872
3 8413 5448 8261
3 8413 172 596
3 682 596 7506
3 7974 2065 671
3 671 2065 7228
3 7037 7228 5927
3 5927 2645 7037
3 7228 6004 7607
3 6004 4594 7607
3 4594 6004 4481
3 7269 4481 6004
3 5439 4481 7269
3 5439 5639 4481
3 5439 2010 4314
3 2010 7434 4314
3 4314 7434 7070
3 7070 7434 4908
3 4908 7543 744
3 744 7543 6806
3 7543 5879 3245
3 7543 3245 6806
3 5879 2527 3245
3 3245 2527 2133
3 2133 2527 421
3 5879 3325 2527
3 2527 3325 7534
3 3325 2669 963
3 3325 963 7534
3 461 3508 2669
3 963 2669 3508
3 3508 993 963
3 2645 3508 461
3 1271 5927 7607
3 2971 3764 3145
3 3145 3764 1539
3 3764 5639 6838
3 3764 6838 1539
3 6838 5639 5439
3 2971 3145 7534
3 1423 1620 1916
3 1423 1916 1146
3 1146 1916 7070
3 3665 7070 1916
3 7534 421 2527
3 7156 3509 7037
3 4514 3509 6099
3 7156 6099 3509
3 4514 6021 7506
3 6021 171 5851
3 5851 171 8146
3 6149 3885 2035
3 5833 5922 6149
3 6825 2515 3152
3 5922 4245 7205
3 7205 4245 447
3 5922 1272 4245
3 4086 1272 8162
3 8162 7313 1408
3 7313 5611 1408
3 4245 8406 447
3 447 8406 675
3 675 3300 5235
3 3801 8239 2046
3 511 3435 4747
3 1262 6885 624
3 6885 511 6774
3 6885 4524 5092
3 4524 4428 2959
3 4524 2959 5092
3 6785 6110 6274
3 4428 6274 5428
3 7446 6110 1835
3 1835 2156 7446
3 5428 6274 5336
3 3447 4970 3457
3 393 3457 4970
3 3110 393 7932
3 2156 7932 393
3 7932 5068 3110
3 3110 5068 5312
3 5312 5068 2969
3 5312 2969 2430
3 7707 285 6797
3 5312 2430 285
3 285 2430 2423
3 285 2423 6797
3 1951 2430 5398
3 4849 1062 1951
3 2423 1951 1062
3 6797 2423 1062
3 1062 4849 5191
3 5191 8230 1062
3 5191 5398 6041
3 5191 6041 4802
3 4802 7311 6268
3 6268 6828 1911
3 6268 1911 1679
3 6268 1679 3898
3 6268 3898 5078
3 2902 3898 4229
3 4229 1505 2902
3 1505 4229 4604
3 867 636 17
3 6015 17 636
3 636 3094 6015
3 1987 867 4338
3 1987 4338 6581
3 8498 7425 6318
3 589 3420 1840
3 6581 1840 5835
3 6581 5835 1987
3 3094 3969 1743
3 2626 1743 3969
3 6791 3199 6801
3 8289 7423 3199
3 3199 7423 6801
3 6801 7423 1665
3 3199 6791 1085
3 366 6791 6380
3 6380 6791 428
3 6380 428 7527
3 7527 7852 6380
3 7527 7943 7852
3 7852 7943 417
3 417 7943 4201
3 809 4201 7943
3 604 7389 6378
3 6140 3976 604
3 7389 604 3976
3 6140 1659 6574
3 6574 1659 4890
3 1659 982 53
3 1659 53 4890
3 6574 1572 6140
3 1572 6148 8093
3 4890 7499 352
3 6138 6322 2193
3 5924 8255 8458
3 8458 1924 5140
3 5467 2361 4657
3 2856 7250 808
3 1924 7753 7466
3 7753 2349 54
3 339 4076 6501
3 628 2779 6577
3 3023 2617 4489
3 2617 6827 4489
3 6369 2912 6827
3 6369 4747 2912
3 3021 4960 2515
3 4960 2617 7505
3 2617 3023 3734
3 3734 1596 7505
3 1596 4453 7505
3 1596 1344 4453
3 2059 4453 5624
3 5624 8146 2059
3 5624 1344 2151
3 5701 6485 5851
3 5851 3353 682
3 5851 8146 5701
3 8146 3152 2059
3 2059 3152 2515
3 7205 3152 8146
3 8146 5922 7205
3 1864 6827 2912
3 2912 4815 1864
3 4489 6827 4168
3 1864 3514 6013
3 6013 1210 7497
3 5310 4815 3435
3 7497 1202 2959
3 7497 7982 303
3 4466 3447 4693
3 3457 4693 3447
3 4466 4693 756
3 3457 7707 4693
3 756 8314 2449
3 228 4431 4933
3 228 6321 8259
3 6321 6508 8259
3 6508 6321 7179
3 7179 6321 1751
3 2033 6571 1947
3 2033 2960 8302
3 8302 2960 1719
3 1719 2960 7844
3 7844 2960 7661
3 5467 4657 5514
3 2361 7466 4657
3 7198 7250 2345
3 7198 2345 3099
3 2345 6085 3099
3 3099 6085 6248
3 2856 1372 6085
3 1372 6577 6085
3 6498 4168 6827
3 6498 6827 6013
3 6498 6013 303
3 6498 303 7982
3 1314 6085 2779
3 756 6248 4466
3 2449 6248 756
3 3099 2449 8259
3 7198 7040 5514
3 2712 7040 8302
3 7838 8302 7040
3 4933 6797 8230
3 8230 4802 5078
3 5887 5078 2902
3 8093 1505 146
3 6356 146 1085
3 1505 4604 146
3 146 4604 1085
3 1085 4604 2626
3 2626 4604 1743
3 1085 6791 6356
3 8243 6356 6791
3 6791 366 8243
3 8243 5424 7532
3 7532 5424 378
3 5424 111 4201
3 111 366 6380
3 5424 4201 378
3 4201 809 378
3 8243 7532 6140
3 5428 2959 4428
3 3713 5535 8129
3 8129 6084 3713
3 5537 779 8451
3 7859 5099 78
3 5099 1369 78
3 78 1369 3217
3 1354 8042 7872
3 6652 8300 7872
3 7913 6652 7872
3 2312 5543 6077
3 2312 4726 2164
3 2164 4726 4044
3 2164 4044 3217
3 5227 3217 4044
3 5227 4044 4838
3 4044 4661 4838
3 4661 5468 4838
3 4838 5468 5394
3 547 7455 8149
3 3627 3648 8087
3 3648 3627 7489
3 7489 2294 919
3 5702 2563 8410
3 8410 2563 8323
3 6183 8410 8323
3 3130 7984 6509
3 500 6509 7984
3 7496 6509 500
3 2120 6199 2245
3 2245 6199 382
3 2245 7569 2120
3 2120 7569 6859
3 5732 3943 5098
3 3030 3282 6914
3 7234 1323 939
3 1323 614 1969
3 1323 1969 939
3 614 4770 1969
3 7234 4390 2538
3 4390 1969 8477
3 4863 7569 6914
3 7992 7489 3220
3 3220 1855 7992
3 4921 410 6488
3 2310 7605 4394
3 8386 6193 3454
3 3454 6506 8386
3 7914 3921 306
3 306 3921 2163
3 7271 1811 2129
3 7271 1486 1811
3 6057 1486 7271
3 7271 6751 1748
3 2887 3859 6245
3 3924 6245 3859
3 6245 8334 2887
3 6245 1930 8334
3 8334 8481 6064
3 360 3924 5640
3 534 6563 5190
3 534 5190 3425
3 7656 842 3669
3 842 7656 4617
3 6657 842 4617
3 2150 7226 3444
3 8405 8375 7226
3 2267 8438 8083
3 3616 2589 2447
3 2589 8111 6198
3 2019 7827 4213
3 4213 7827 5349
3 7547 6891 3853
3 5644 5578 2596
3 1772 5644 432
3 5644 908 432
3 7373 6384 6210
3 6210 448 7373
3 8195 5346 2610
3 1485 5781 8059
3 357 6936 7716
3 8187 7716 6936
3 1270 6936 357
3 6936 1270 2623
3 1365 2623 1270
3 6936 2623 7080
3 7080 7513 6936
3 7080 6997 7513
3 556 6421 6059
3 3154 5256 5253
3 3154 5253 4553
3 1319 5253 5256
3 7005 2207 7776
3 7005 7776 4740
3 2853 3372 2374
3 4553 5253 4234
3 4553 4234 1563
3 4234 6302 1563
3 5083 8281 1862
3 1686 5808 8138
3 1586 5808 5086
3 1586 3197 5808
3 5963 2899 654
3 7435 3982 3057
3 1984 6701 7905
3 4772 1169 4872
3 6444 4872 1169
3 1169 4772 6547
3 2647 1426 44
3 44 1426 3177
3 6555 3177 5785
3 5553 2486 6363
3 972 3167 6768
3 6768 3167 2805
3 3167 2170 2805
3 972 2948 3167
3 2948 2263 3167
3 5921 2170 2263
3 5921 2263 6629
3 5921 8391 1341
3 8391 3375 6716
3 2359 1707 8228
3 6977 8192 4733
3 3363 6565 932
3 2752 2023 7539
3 4412 4797 3104
3 4412 3104 4637
3 4637 2660 4412
3 4637 7996 2660
3 6696 2026 3512
3 3512 1171 7666
3 2061 4974 8145
3 4236 7778 8280
3 6312 778 3727
3 2072 5588 8338
3 6088 5597 623
3 623 5597 6531
3 6343 8074 8311
3 3404 6876 7556
3 6479 6403 5855
3 6361 2328 4074
3 2616 2778 8449
3 7723 4192 7634
3 655 8283 4339
3 5231 655 850
3 655 4339 4357
3 850 655 4357
3 3809 4357 4339
3 4843 2957 8245
3 2048 3964 6341
3 2048 6341 1918
3 7312 7257 8164
3 6727 6449 1734
3 5252 5964 1885
3 4102 1200 6649
3 5390 2114 1845
3 8103 2243 6442
3 7586 6442 2243
3 5564 8233 2824
3 7820 5564 874
3 2824 874 5564
3 6786 7146 7429
3 6784 7429 7146
3 4297 2950 2398
3 4297 2398 1066
3 1066 2398 6975
3 6975 2398 5039
3 6937 1477 6336
3 5804 5884 5745
3 5804 5745 2735
3 252 2697 2941
3 7029 271 5499
3 8026 6003 2663
3 8431 7533 2877
3 4226 7725 593
3 3011 3247 159
3 3247 7189 1325
3 3247 1325 159
3 159 1325 7031
3 1325 1701 5352
3 1325 5352 7031
3 1701 6764 5352
3 7641 7281 4907
3 7281 1054 3400
3 7281 3400 4907
3 7281 7641 7054
3 2285 3400 7418
3 2848 4148 5028
3 1203 5156 8467
3 1524 6153 7828
3 4967 4578 3733
3 8467 5249 3656
3 5249 5221 5364
3 5249 5364 3656
3 5221 2843 5364
3 7949 7789 2977
3 1833 7461 1316
3 1833 1316 846
3 1605 7020 7461
3 7461 7020 8378
3 4557 7020 1605
3 6472 7954 3900
3 5128 6472 4340
3 7407 5128 4857
3 4857 5128 4340
3 4900 4857 6257
3 579 6257 1316
3 1316 6257 4857
3 5638 4900 3012
3 5638 3012 445
3 3012 6257 1140
3 6257 3012 4900
3 3984 445 3012
3 3984 3012 6541
3 3984 6541 6344
3 1140 6541 3012
3 1723 8169 6541
3 2370 4557 7802
3 3344 4557 2370
3 3344 2370 3944
3 1409 1878 7894
3 1409 7894 2081
3 6778 7894 3538
3 1878 3538 7894
3 3709 7894 7299
3 7299 8496 7954
3 7894 8496 7299
3 7299 7954 6472
3 7407 7397 2397
3 7407 2397 5128
3 3984 2134 445
3 4485 7081 255
3 255 7081 8169
3 6344 8169 7081
3 6899 4799 2713
3 7307 2357 3132
3 7307 3132 5032
3 2060 2370 3639
3 3639 2370 7802
3 3216 3215 3639
3 3216 3639 1878
3 1878 3639 438
3 7802 438 3639
3 2060 3639 3215
3 2060 3215 2238
3 2977 7789 3408
3 3408 7789 3215
3 3408 3215 3216
3 2845 2977 3408
3 3408 3216 1878
3 7613 2977 2845
3 7613 2845 1666
3 7613 1666 5880
3 5880 1666 1409
3 1409 1666 1878
3 3408 1878 1666
3 3408 1666 2845
3 7949 2977 7613
3 7195 7350 7613
3 3825 7195 2627
3 2578 2222 4298
3 5813 6733 6340
3 6733 5813 4328
3 6705 3210 6733
3 6705 6733 7770
3 7770 6733 2424
3 2820 7770 5128
3 2820 5128 2397
3 6705 7770 2820
3 3210 6705 2944
3 2944 6705 2820
3 2944 2820 2397
3 3767 2944 4334
3 4334 2944 7074
3 2944 3767 3210
3 4701 8222 3941
3 8222 4701 2964
3 8222 2964 7745
3 7380 8352 7889
3 8352 6305 8123
3 880 6305 8352
3 6703 6305 3663
3 3663 6305 880
3 3901 3663 7108
3 1303 7108 7332
3 7332 7108 3663
3 7774 1536 3319
3 6461 7774 3319
3 7016 6461 3467
3 3467 6461 3319
3 7016 3467 4461
3 7699 5416 1291
3 7699 3749 4898
3 5416 7699 1453
3 6258 4356 7699
3 6258 7699 4898
3 7699 4356 1453
3 2011 4356 6258
3 6502 2011 6258
3 2624 5004 5917
3 5004 6510 5917
3 3058 6510 5004
3 4016 5004 4235
3 4235 5004 879
3 6529 4235 879
3 6529 879 6552
3 3268 1515 7782
3 3890 8027 2560
3 5225 2560 8027
3 4065 5183 8027
3 4065 8027 3890
3 5672 7904 8027
3 5672 8027 1367
3 5672 1367 3825
3 5183 1367 8027
3 6073 4642 7622
3 7622 4642 5836
3 4642 5672 5836
3 7904 5672 4642
3 7904 4642 7917
3 7917 4642 6073
3 3219 6224 7622
3 7857 7622 5836
3 3169 4533 2578
3 4711 1680 1183
3 1183 5813 4711
3 626 5586 1817
3 626 1817 3262
3 1817 5586 3767
3 4334 3262 1817
3 3767 4334 1817
3 1584 7066 7454
3 7066 4701 5968
3 7454 7066 5968
3 3010 6732 6409
3 8452 2229 1357
3 1357 4492 8452
3 8452 4492 7835
3 7774 6461 2641
3 2641 6461 7016
3 7835 1512 8139
3 1512 7835 2641
3 2641 7835 7774
3 4492 7774 7835
3 7835 8139 8452
3 1512 2641 7016
3 8139 1512 7016
3 3554 5806 4576
3 3554 4576 7134
3 3554 7134 2536
3 7134 8381 2536
3 3249 2536 3518
3 3249 3554 2536
3 5803 3249 3518
3 1737 5803 3518
3 8381 3518 2536
3 5941 3554 3249
3 3554 5941 5806
3 5803 4117 3249
3 3249 4117 8047
3 5941 3249 8047
3 8047 3054 6164
3 7396 3054 4117
3 7396 4117 2270
3 2270 4117 5803
3 4117 3054 8047
3 6164 3054 7396
3 7330 7396 1576
3 177 7919 6510
3 177 6510 3058
3 177 3058 6269
3 181 6556 6529
3 3155 181 6953
3 3155 6953 798
3 181 3286 6953
3 3486 6953 7042
3 7042 6953 1000
3 1000 6953 5212
3 3026 3486 7042
3 7042 1000 5212
3 3286 5212 6953
3 100 7042 3268
3 7042 5212 3268
3 537 7042 100
3 537 100 5980
3 5980 100 3268
3 3268 5212 1515
3 1515 5212 3708
3 3028 1757 8337
3 4230 6202 6011
3 7780 3602 632
3 5225 632 3602
3 8027 7917 5225
3 632 4203 7780
3 6152 5205 718
3 6152 718 4551
3 6073 718 7917
3 7622 6224 6073
3 8102 6152 4551
3 2020 6154 355
3 2020 355 4000
3 5014 2020 3219
3 5014 3219 1040
3 3219 2020 4000
3 3281 5014 3909
3 3281 3909 3052
3 4711 5908 3052
3 5908 1184 3052
3 1184 5908 4767
3 4711 3052 3909
3 1251 1184 4767
3 1184 1251 3141
3 1184 3141 7524
3 7295 5069 3141
3 7295 3141 1402
3 1402 3141 1251
3 1402 1251 3007
3 1778 7295 1105
3 1105 7295 1402
3 1105 1402 6347
3 6347 1402 3007
3 6521 1778 1105
3 6521 1105 6347
3 1584 5290 6848
3 5290 1584 7454
3 4663 5290 6814
3 5294 2573 4663
3 5294 4663 6814
3 7972 5294 6814
3 5464 6456 5294
3 5464 5294 7972
3 6409 8163 3010
3 3010 8163 4164
3 2384 8163 6409
3 2384 6409 3079
3 6063 397 3079
3 8064 6063 6409
3 6409 6063 3079
3 5503 4599 7758
3 8257 8305 3437
3 6588 1438 892
3 892 1438 8139
3 2360 6588 8139
3 6588 892 8139
3 3437 8139 8257
3 8257 8139 1438
3 8257 1438 6588
3 3347 6588 2649
3 192 2649 6588
3 367 7134 4576
3 7134 367 2649
3 7134 2649 192
3 7134 192 495
3 1882 6623 179
3 6623 1964 179
3 577 179 1964
3 5462 3595 7637
3 5462 7637 3546
3 4578 3595 5462
3 5194 5679 1113
3 1113 5679 5462
3 1113 5462 6112
3 5194 1113 6745
3 6112 6745 1113
3 3928 6745 82
3 82 6745 6112
3 4249 3412 7655
3 7655 3412 82
3 82 3412 3928
3 3371 4486 7655
3 5413 6482 6799
3 5876 6417 7308
3 8098 7330 199
3 8098 199 7919
3 7330 8098 5876
3 7330 5876 7308
3 7330 7919 199
3 4902 8098 740
3 4902 740 3089
3 3089 740 6269
3 6269 740 177
3 8098 177 740
3 8098 7919 177
3 2895 2237 8150
3 2237 7594 8150
3 7594 4680 6417
3 7594 2237 2332
3 2237 2895 2332
3 4153 2332 2895
3 1570 2895 8150
3 6417 8150 7594
3 2698 7221 7726
3 2698 7726 4231
3 5102 2698 4231
3 5567 8295 7945
3 8295 1788 7945
3 1788 8295 8316
3 7215 1788 5893
3 5893 1788 8316
3 5944 2350 5273
3 5944 5273 8316
3 5570 5944 8316
3 3155 798 8295
3 8295 5590 3155
3 798 8316 8295
3 181 3155 6556
3 3949 1869 3026
3 3949 3026 514
3 3486 3026 1869
3 1757 5847 8337
3 8337 5847 3949
3 3949 5847 3115
3 5847 1757 4800
3 4620 3115 5847
3 4620 5847 4800
3 2204 4536 45
3 45 4536 4620
3 45 4620 3826
3 6985 3826 4800
3 4800 3826 4620
3 876 3826 6985
3 4804 876 166
3 4804 166 3326
3 2451 7780 8069
3 4786 2755 1674
3 2755 4786 4156
3 4786 1674 2451
3 960 2451 1674
3 2755 4156 3701
3 4156 4786 8069
3 8069 4786 2451
3 3701 4156 3958
3 6608 3958 4156
3 6608 4566 3958
3 6608 4156 8069
3 4566 6608 1810
3 1592 7541 692
3 692 7541 6810
3 1592 692 6608
3 692 6810 1810
3 5729 7541 1592
3 8069 1592 6608
3 6608 692 1810
3 1960 6810 7541
3 5729 1592 8069
3 8102 5729 6152
3 8432 5940 5656
3 5940 7933 539
3 4627 7118 931
3 4627 931 464
3 4892 7118 4627
3 6236 4608 3519
3 3519 4058 6236
3 3519 4608 6154
3 6692 489 4058
3 6692 4058 3519
3 6692 3519 1892
3 1892 3519 6154
3 7524 489 6692
3 7524 6692 3281
3 6692 1892 3281
3 1768 6236 4058
3 1768 2427 4144
3 2427 1768 4058
3 1778 5889 7295
3 7295 5889 5069
3 5751 5069 5889
3 5802 5751 5889
3 4004 5802 5889
3 4004 5889 6521
3 5802 4004 7887
3 5182 6978 3475
3 8408 3475 6978
3 5612 1750 5563
3 5612 5563 3685
3 5612 3685 7298
3 5816 5563 1750
3 6456 3593 673
3 673 3593 681
3 681 3593 3685
3 8232 3593 6456
3 681 3685 5563
3 8362 8232 6456
3 6456 673 5294
3 5294 673 2573
3 2573 673 681
3 2573 681 5563
3 3685 3593 8232
3 5464 8362 6456
3 2534 5838 2197
3 2534 2197 3618
3 2197 5838 1195
3 3618 7165 1444
3 7165 3618 2197
3 7267 2197 1195
3 7137 7165 7267
3 3079 3848 8362
3 3079 8362 5464
3 3079 5464 2384
3 2384 5464 7972
3 4193 2766 6063
3 7915 2766 4193
3 4193 6063 4700
3 7915 4193 5503
3 4599 5503 4193
3 4599 4193 4700
3 6229 7915 491
3 2242 7915 5503
3 7915 2242 491
3 6549 4639 2242
3 6549 2242 5503
3 491 2242 4639
3 491 4639 6229
3 7758 6290 6549
3 7758 6549 5503
3 3450 7907 785
3 4121 785 6290
3 4121 6290 7758
3 6290 785 7907
3 4942 4121 7758
3 4942 7758 5051
3 229 7724 6787
3 229 6787 5754
3 1053 5754 6787
3 8257 6787 8305
3 6787 7724 8305
3 1053 6787 8506
3 6090 8506 2195
3 2195 8506 8471
3 2195 8471 182
3 2195 182 1109
3 2080 1109 182
3 5952 2311 5679
3 3070 5952 5194
3 3070 5194 6745
3 3070 6745 340
3 340 6745 806
3 8205 1677 6162
3 7811 2508 6656
3 3651 7811 3371
3 3371 7811 6656
3 5899 7811 3651
3 5899 3651 7853
3 7853 3651 4981
3 4981 3651 4312
3 1373 2749 6206
3 1373 6206 2340
3 1373 2340 8214
3 1487 8214 2340
3 6525 1487 7594
3 7594 1487 693
3 1487 2340 693
3 7594 693 162
3 2332 6525 7594
3 6206 162 693
3 6206 693 2340
3 7221 2619 5529
3 7221 2698 2619
3 2619 2698 5102
3 2418 2619 5571
3 5571 2619 6536
3 6536 2619 5102
3 7377 36 6536
3 7945 7377 5567
3 5567 7377 6536
3 6536 36 5571
3 1788 5548 7945
3 2095 7945 5548
3 5548 5850 2095
3 5850 5548 4717
3 5944 16 2976
3 5570 16 5944
3 2204 5707 4536
3 6284 2631 2491
3 7846 7988 1329
3 4825 5438 7988
3 4825 7988 7846
3 5165 1329 7988
3 3892 4582 4828
3 7846 4828 4582
3 7846 4582 4825
3 1035 7151 4828
3 1035 4828 3326
3 3326 4828 4804
3 1029 18 3484
3 1834 1029 6759
3 6759 1029 3484
3 6759 3484 3326
3 6759 7186 5935
3 7186 6104 5935
3 7722 2471 6759
3 7722 6759 5935
3 1674 7722 5935
3 1674 5935 960
3 6717 7722 2755
3 6717 2755 3701
3 1674 2755 7722
3 3958 6717 3701
3 7412 6717 3958
3 7693 8432 5656
3 5274 7836 7693
3 5274 7693 5656
3 6173 5274 7681
3 5699 6173 7681
3 5656 7681 5274
3 5699 539 7933
3 5940 539 7681
3 5940 7681 5656
3 5699 7681 539
3 5948 7118 2257
3 2308 2257 4892
3 2257 2308 5948
3 1585 1698 6236
3 6948 315 1585
3 6948 1585 221
3 6236 221 1585
3 1768 221 6236
3 221 1768 6948
3 2089 6499 7346
3 7346 5751 2089
3 7925 5931 8119
3 6240 8118 4165
3 7597 5182 3652
3 5182 7597 7302
3 3888 7597 3953
3 6955 6190 3953
3 6190 6955 7256
3 2842 6955 5131
3 347 5131 6955
3 7224 347 6955
3 5603 5111 3646
3 3646 5111 347
3 7224 3646 347
3 347 5111 5131
3 5612 7298 8408
3 5612 8408 1750
3 5077 6033 5603
3 3017 7730 7137
3 3017 7137 412
3 7165 7137 7730
3 3720 3719 7730
3 3720 7730 3017
3 3720 3017 4945
3 4945 3017 412
3 6689 6546 6229
3 6689 6229 2453
3 7907 6229 4639
3 7907 4639 6549
3 7907 6549 6290
3 229 7399 7724
3 4906 7305 3398
3 5754 3398 229
3 229 3398 7305
3 229 7305 7399
3 4906 732 2877
3 1366 2877 6413
3 6413 2877 732
3 3398 6413 732
3 3398 732 4906
3 6277 6413 4224
3 3143 4266 8272
3 4266 3143 2153
3 2153 3143 1217
3 6090 3143 8272
3 3401 3143 2195
3 3143 6090 2195
3 6913 1972 6373
3 340 3401 3070
3 6723 7327 4266
3 6723 4266 2153
3 6188 6723 6002
3 6002 6723 2153
3 6002 2153 4630
3 4630 2153 3377
3 1921 6188 6002
3 6002 4374 1921
3 4374 5042 1921
3 4374 6002 4630
3 4247 2272 4374
3 4247 4374 8205
3 4407 6453 5234
3 803 5234 6453
3 803 6453 6942
3 814 5899 1131
3 7853 1131 5899
3 5958 5899 3031
3 814 3031 5899
3 7620 8214 7946
3 1421 7946 8214
3 1421 8214 6525
3 7469 7946 1421
3 7469 1421 5081
3 5767 995 5296
3 995 5767 7469
3 7619 1588 4207
3 6604 7619 4207
3 6604 4207 6334
3 6334 8296 5260
3 8296 6334 2559
3 2559 6334 4207
3 5850 4717 5541
3 5850 5541 4405
3 2418 4405 5407
3 5407 4405 5541
3 2352 5850 4405
3 2352 4405 5571
3 5571 4405 2418
3 5850 7377 2095
3 2095 7377 7945
3 36 7377 2352
3 36 2352 5571
3 2352 7377 5850
3 2978 6700 5407
3 2978 5407 3610
3 5541 3610 5407
3 6334 6700 2978
3 6334 2978 6604
3 6604 2978 8231
3 8231 2978 3610
3 2073 8015 8231
3 1144 8015 4646
3 4646 2073 5837
3 5837 2073 8370
3 2073 4646 8015
3 1327 1144 4646
3 1327 4646 1222
3 1222 4646 2866
3 2866 4646 5837
3 1463 1327 1222
3 7460 602 6671
3 4545 2866 7445
3 174 4545 7445
3 174 7445 3077
3 3077 7445 2251
3 2251 7445 5861
3 7988 5438 2251
3 7988 2251 688
3 6284 7988 688
3 6284 688 2135
3 688 5861 2135
3 5861 688 2251
3 7988 6284 5165
3 4582 2448 6310
3 6829 2448 7151
3 2448 6829 7592
3 2448 7592 6310
3 1298 6829 7151
3 5728 8461 6860
3 6860 8461 5539
3 7236 6860 5539
3 3027 7236 7063
3 2034 6289 7236
3 2034 7236 3027
3 5539 7063 7236
3 1029 7861 2278
3 7722 625 2471
3 6717 6823 7722
3 7412 4311 6717
3 10 7398 781
3 10 781 2212
3 8044 7398 10
3 8044 10 2212
3 8044 2212 7261
3 5568 5698 7261
3 5568 7710 1337
3 7220 7836 7711
3 5932 7711 7836
3 4300 7220 2142
3 7836 7220 7693
3 7693 7220 4300
3 5322 411 7118
3 4240 5948 2308
3 6948 5758 315
3 4679 5758 7511
3 6948 7511 5758
3 7175 2685 5979
3 5979 2685 5575
3 2685 7511 6948
3 7511 2685 7175
3 7342 7175 6583
3 6583 7175 5979
3 197 7342 6583
3 197 6583 6579
3 5575 1500 1055
3 5114 5931 7925
3 831 8321 3176
3 2935 4329 8321
3 8321 4329 3176
3 6032 831 6664
3 6664 831 3176
3 6664 3176 3888
3 4079 1414 2638
3 2638 3947 5746
3 3987 1414 6664
3 3888 3987 6664
3 6190 3987 3953
3 3953 3987 3888
3 3987 6190 1414
3 1414 6190 2638
3 8470 2638 7256
3 7256 2638 6190
3 5131 7391 2842
3 2915 2842 7391
3 6033 7391 5111
3 6033 5111 5603
3 7391 5131 5111
3 7787 1764 2915
3 3565 7554 6863
3 7554 3565 7391
3 7391 3565 7787
3 7391 7787 2915
3 3719 5862 7730
3 8061 5862 3719
3 4502 1282 7790
3 4502 7790 7878
3 3860 7790 1282
3 8493 7878 7790
3 3137 2322 95
3 8339 3137 95
3 1282 8339 95
3 1282 95 2322
3 4906 2877 7533
3 4906 7533 5442
3 3735 8431 1796
3 1796 8431 7663
3 6721 6868 7327
3 6721 7327 2200
3 190 4526 1139
3 1807 6721 1139
3 1807 1139 4526
3 190 1139 6188
3 6188 1139 2200
3 2200 1139 6721
3 6988 4526 3485
3 3485 4526 190
3 3381 4206 3485
3 5498 3381 7100
3 3485 7100 3381
3 2591 3381 5085
3 7353 6368 3682
3 3682 6368 7508
3 6162 2371 5134
3 6162 5134 4247
3 5234 2570 4407
3 5134 4407 2570
3 1204 6614 249
3 1204 249 6143
3 3042 6966 7297
3 6431 1278 5453
3 6231 3990 330
3 6231 330 3366
3 6143 377 587
3 6143 587 1204
3 8135 6614 1204
3 6614 8135 1026
3 8135 1204 4868
3 4868 1204 587
3 5587 7420 2533
3 6431 3839 1278
3 4834 6616 453
3 4834 453 1557
3 1557 453 4958
3 3879 5527 7420
3 3879 7420 5587
3 4801 5305 3919
3 4801 6327 3833
3 3919 6327 4801
3 3932 6327 2264
3 1496 622 2264
3 1672 3932 2264
3 1672 2264 622
3 7000 622 1496
3 6327 1496 2264
3 622 7000 1672
3 8015 5724 6204
3 8015 6204 8231
3 23 7973 2857
3 23 2857 207
3 2879 207 2857
3 2879 2857 318
3 4935 3128 6091
3 4935 3056 348
3 3056 4935 6091
3 1802 3056 7460
3 2386 3056 5763
3 5763 3056 1802
3 8172 7437 8461
3 8172 8461 2611
3 4588 2611 8461
3 6782 4588 2663
3 6782 2663 6003
3 2663 4588 6871
3 3049 5728 6860
3 6871 5728 3049
3 3049 6860 7236
3 473 6871 7471
3 7274 7471 3049
3 3049 7471 6871
3 356 7274 7584
3 7471 7274 1099
3 1099 7274 356
3 7067 2934 356
3 2934 1099 356
3 2934 7471 1099
3 8026 2934 7067
3 7584 7067 356
3 7948 8026 3317
3 3317 8026 7067
3 3317 7067 7584
3 5155 8007 2786
3 5155 2786 6687
3 7861 3604 7063
3 7063 3604 3027
3 3027 3604 2786
3 2034 3027 2786
3 2786 3604 6687
3 6950 8007 5155
3 6950 5155 7601
3 7601 5155 6687
3 929 7601 6823
3 3232 7601 929
3 3232 929 2224
3 3232 2224 5878
3 4311 2224 929
3 4953 6309 7398
3 3745 6804 2790
3 3745 2790 8044
3 3745 8044 5583
3 2346 8044 2790
3 3745 5583 6395
3 5857 6395 5698
3 7220 7711 6157
3 7220 6157 4739
3 4739 6157 4805
3 6157 7711 8332
3 8332 7711 4811
3 5322 4621 1241
3 5322 1241 5932
3 4161 3891 797
3 7175 6128 4679
3 7175 4679 7511
3 3739 4161 4179
3 3184 841 2055
3 3184 2055 2176
3 1843 5423 841
3 3613 841 5423
3 1843 841 3184
3 7415 6579 6226
3 7759 8321 2849
3 7415 8321 7759
3 5469 7759 760
3 760 7759 812
3 812 7759 2849
3 2806 760 3782
3 2806 3782 3963
3 3782 812 6566
3 812 3782 760
3 1011 3963 3782
3 1011 3782 6566
3 2638 5746 4079
3 1414 4079 6664
3 6664 4079 6032
3 102 6921 4079
3 5396 6032 6921
3 6921 102 5450
3 5450 102 5907
3 5907 102 5746
3 5746 102 4079
3 4079 6921 6032
3 8479 5907 7441
3 7441 5907 5746
3 2044 2901 4348
3 1593 4348 2901
3 7787 5794 1764
3 1593 5794 7787
3 1593 7787 1991
3 4281 7787 3565
3 4281 3565 6863
3 1991 7787 4281
3 7521 191 5666
3 5666 191 5561
3 2436 5666 5561
3 2436 5561 6171
3 7790 3860 2382
3 8247 3629 8355
3 8247 8355 6475
3 8287 8355 3137
3 8287 3137 515
3 8287 515 7562
3 3336 843 2456
3 3336 2456 4011
3 2112 4011 2456
3 7979 8431 3735
3 8256 8431 7979
3 7482 8256 7979
3 7979 3735 3190
3 7979 3886 7482
3 3886 7979 6758
3 6758 7979 272
3 3190 272 7979
3 8258 3414 1514
3 6721 3414 272
3 6721 272 3190
3 5112 8258 1514
3 4526 1514 3414
3 4526 3414 1807
3 3414 6721 1807
3 7044 3620 5112
3 7044 5112 1926
3 7654 2828 7044
3 7654 7044 1926
3 7654 1926 6988
3 7029 2612 271
3 271 2612 3043
3 3043 2612 2903
3 3043 2903 2872
3 5499 271 3043
3 5499 3043 7091
3 7091 6368 170
3 6368 7091 2872
3 8116 5499 3712
3 3712 7091 170
3 7091 3712 5499
3 5305 3712 7317
3 7317 3712 1963
3 3833 7465 4801
3 4801 7465 5305
3 1167 1912 1672
3 1672 1912 5981
3 7625 5505 6460
3 5724 4721 6460
3 7973 5207 7765
3 7157 6120 7973
3 3729 7157 3611
3 3611 7157 7973
3 3611 7973 23
3 6809 3729 3611
3 6809 3611 1110
3 6091 1110 2879
3 2879 1110 207
3 3836 5615 1147
3 2469 2655 4935
3 2469 4935 8008
3 5016 4917 8172
3 5756 7703 7185
3 5756 7185 8327
3 5756 8327 5652
3 6782 2784 7185
3 7185 2784 8327
3 1804 6788 6402
3 4530 3502 169
3 6950 3491 8007
3 3416 3491 6950
3 5878 7593 3232
3 3232 7593 11
3 3852 7593 2790
3 2516 7593 3852
3 6260 5116 5159
3 4827 6924 8193
3 4827 8193 5326
3 8276 1292 6932
3 6677 6932 1292
3 180 6677 4827
3 4827 6677 1292
3 6512 6932 6677
3 7587 6512 6677
3 7587 6677 6282
3 180 6282 6677
3 8121 3971 6282
3 5872 1640 6282
3 6282 1640 8121
3 5517 4450 8121
3 8121 3501 5517
3 3501 8121 4805
3 5201 4712 6157
3 5201 6157 8332
3 6157 4712 3501
3 5517 4712 3832
3 6896 5201 8332
3 5988 5076 2830
3 3060 2830 7340
3 3060 7340 857
3 7340 2830 5076
3 1848 7197 857
3 1848 857 7340
3 1848 7340 259
3 259 7340 2750
3 2750 7340 5076
3 7128 259 2750
3 7128 2750 6974
3 6974 2750 4707
3 3379 7128 1888
3 760 2806 5469
3 5412 7961 7282
3 3192 7961 5412
3 5451 5396 6921
3 5451 6921 5450
3 2385 7923 5451
3 2385 5451 5071
3 5071 5451 5450
3 8479 5071 5450
3 7669 5107 6655
3 5107 7669 7441
3 6450 6856 5107
3 6142 6856 6450
3 6142 6450 7867
3 4348 3698 2044
3 2044 3698 7867
3 3698 4348 5444
3 917 6720 6999
3 7045 7611 8436
3 3754 8436 7611
3 5717 8436 5341
3 5717 5341 3687
3 5717 3687 8068
3 4409 8068 6394
3 4409 6394 6475
3 6475 6394 8247
3 8343 8247 6394
3 820 8247 8343
3 2160 5178 4409
3 8068 4409 5178
3 2101 5178 6025
3 6025 5178 2160
3 6475 2160 4409
3 4830 6025 8066
3 8066 6025 2160
3 8066 2160 6475
3 5914 4631 8066
3 8415 5914 5015
3 2199 8415 5015
3 2199 5015 2299
3 2299 5015 7562
3 7562 5015 8287
3 8287 5015 5914
3 6486 8415 2199
3 6435 2299 2522
3 2456 6435 2522
3 6487 5052 6901
3 6487 6901 51
3 6487 51 4085
3 6487 4085 6121
3 3015 51 6901
3 2409 4085 3015
3 3161 1922 2725
3 2725 1922 2409
3 7188 1922 3161
3 3015 2725 2409
3 4011 4327 3336
3 843 3336 2725
3 2725 3336 4327
3 2725 4327 3161
3 8258 3886 6758
3 3414 8258 6758
3 5788 3886 8258
3 4947 8253 5284
3 8253 4947 6397
3 4809 4947 5284
3 4809 5284 7030
3 3441 4947 4809
3 6730 3441 4809
3 1906 6730 7654
3 3451 7654 6730
3 1906 7654 4425
3 7176 4504 6917
3 3747 7176 4523
3 4523 7176 6917
3 6766 4504 7176
3 6766 7176 4110
3 6766 4110 3937
3 7465 4110 8116
3 8116 4110 7029
3 7029 4110 7176
3 4710 6766 6513
3 4258 2093 5731
3 4710 6513 2093
3 4710 2093 4258
3 7660 7719 6513
3 7829 7719 5981
3 5981 7719 7660
3 1676 7535 6075
3 220 1676 6075
3 905 220 6075
3 7071 2225 7625
3 7874 4478 5330
3 2208 7874 5330
3 7625 5330 7071
3 7071 5330 4478
3 5330 3044 2208
3 3044 5330 7625
3 6685 7608 358
3 358 7608 6773
3 6348 6375 7608
3 6120 6037 290
3 290 6037 6348
3 6348 6037 878
3 4615 5906 7537
3 7537 5906 4097
3 5906 4615 3567
3 3567 4615 1692
3 3567 1692 5334
3 8265 5906 727
3 8265 727 3096
3 3096 727 3567
3 3567 727 5906
3 7049 4218 7126
3 4218 7049 5334
3 4351 7126 3213
3 4351 3213 1583
3 4351 1583 7213
3 6820 7094 638
3 638 7094 5615
3 638 5615 8104
3 5615 7094 7213
3 104 6820 8104
3 2862 104 8104
3 6820 104 1747
3 1747 104 2862
3 638 8104 6820
3 8465 2862 8104
3 8360 8465 3503
3 5818 3503 8465
3 5818 2469 8092
3 2469 5818 8465
3 8360 3503 5148
3 5148 3503 5818
3 8270 8360 5148
3 8270 5148 8092
3 8092 5148 5818
3 2269 8270 8092
3 8092 5841 2269
3 5592 8270 2269
3 7703 5756 1527
3 7703 1527 7884
3 5652 2714 5756
3 5756 2714 1527
3 3496 4470 2714
3 3539 2714 4470
3 2714 3539 1527
3 1527 3539 7884
3 2838 486 3539
3 4470 3496 6755
3 6189 8327 2784
3 6189 7948 6957
3 6957 7948 3317
3 6003 7948 6189
3 6003 6189 2784
3 6003 2784 6782
3 6982 1970 6957
3 6402 6982 1804
3 1804 6982 6957
3 5343 6982 7112
3 7112 6982 8016
3 7155 7938 5493
3 4909 6851 2863
3 2863 6851 6837
3 3636 4909 2863
3 3636 2863 8212
3 3636 8212 2587
3 6837 8212 2863
3 7698 512 2325
3 6932 1490 8276
3 3259 7050 6512
3 1081 6512 7587
3 7023 1081 3948
3 6399 2445 3948
3 6929 3832 6405
3 6929 5441 3832
3 6896 6405 5201
3 5201 6405 4712
3 4712 6405 3832
3 5517 3832 2540
3 1754 3253 6896
3 1754 6896 5606
3 1754 5606 5832
3 6970 3060 7408
3 7408 857 7197
3 857 7408 3060
3 2830 3060 5988
3 5988 3060 6970
3 5988 6970 2131
3 6970 292 2131
3 7408 292 6970
3 3346 7408 8380
3 3346 8380 1529
3 7408 7197 8380
3 6756 1529 8380
3 4342 8380 7197
3 4372 8380 4342
3 4372 4342 1775
3 1775 4342 7197
3 4393 8050 4147
3 6376 4393 12
3 2479 12 4393
3 4393 4116 2479
3 5430 8034 2719
3 2479 8034 5430
3 7669 8285 5071
3 5071 8285 3182
3 7669 6655 8285
3 8285 6655 3016
3 6142 7475 6856
3 6856 7475 8251
3 1850 1013 5574
3 1060 1850 5574
3 1060 5574 2083
3 8058 1985 8218
3 1985 8058 5444
3 5395 7335 349
3 349 6249 7777
3 1094 6249 7335
3 7335 6249 349
3 8429 6249 3041
3 1068 3041 1094
3 1068 1094 7045
3 1094 3041 6249
3 4063 3041 1068
3 4063 1068 7045
3 8429 3041 4063
3 5854 4063 8436
3 353 6249 8429
3 2697 5777 8429
3 2941 8429 2819
3 8429 2941 2697
3 2819 8429 4063
3 2819 4063 5854
3 5717 5854 8436
3 5854 5717 4821
3 5854 4821 2819
3 4821 5717 8068
3 6105 2941 4821
3 2941 6105 252
3 6105 4821 8068
3 3931 252 6105
3 5178 6105 8068
3 3931 6105 5744
3 3931 5744 5898
3 5744 6105 2101
3 2101 6105 5178
3 5744 7258 5898
3 7258 5744 4830
3 7258 1867 5898
3 2162 7258 1391
3 2889 2817 5913
3 2817 2889 2162
3 8415 4631 5914
3 5576 5913 6486
3 6121 8455 6487
3 2966 5284 8253
3 5475 8253 3545
3 3358 2919 5058
3 2919 3358 5475
3 2919 5475 3545
3 4309 7814 2919
3 1642 4309 3545
3 1642 3545 6397
3 3545 4309 2919
3 2215 4309 1642
3 733 1310 3441
3 733 3441 6730
3 4059 7114 8503
3 8503 7114 6730
3 6730 7114 733
3 733 7114 1310
3 6151 1458 5884
3 474 7114 4059
3 2929 4059 8503
3 2735 5745 7114
3 2735 7114 474
3 2564 2735 474
3 969 2564 5088
3 2564 474 5088
3 8453 969 4783
3 4783 969 5088
3 5088 2929 4783
3 2564 969 5700
3 5700 969 8453
3 2929 5088 4059
3 4059 5088 474
3 5700 8453 5518
3 8216 8191 5518
3 4172 8191 8216
3 8216 5518 8453
3 4504 8216 8453
3 4504 8453 6917
3 2247 4172 8216
3 4258 2383 8216
3 4258 8216 4710
3 4710 8216 6766
3 5461 2383 4258
3 5461 4258 5731
3 5863 3149 7829
3 2057 5863 7535
3 6326 2057 8206
3 8206 2057 7535
3 8206 7535 6175
3 5445 8206 2703
3 2703 8206 267
3 267 8206 6175
3 6102 5445 2703
3 6102 2703 6741
3 6741 2703 8075
3 8075 2703 267
3 4017 6741 8075
3 3391 399 2275
3 3106 1959 4478
3 6779 7874 3323
3 7874 3106 4478
3 3106 7874 6779
3 7512 4427 6779
3 7512 6779 5414
3 7512 5414 6685
3 7512 6685 4389
3 358 6773 5278
3 358 5278 4389
3 2905 5278 6773
3 2905 6773 6275
3 6685 358 4389
3 4795 1525 7595
3 2326 542 6375
3 1355 7640 999
3 2326 999 7640
3 7537 7117 4615
3 2333 6254 6594
3 3608 2333 6594
3 3608 6594 3321
3 3986 5552 608
3 3986 1558 3001
3 1558 3986 608
3 8265 6715 2460
3 5906 8265 4097
3 668 4264 5962
3 7401 7049 7126
3 7049 7401 6458
3 5834 7960 7401
3 5834 7401 4351
3 4351 7401 7126
3 5834 7336 2141
3 5483 7960 5834
3 5483 5834 2141
3 4271 2141 7336
3 7213 7336 4351
3 4351 7336 5834
3 1326 371 639
3 4271 639 132
3 639 371 132
3 8360 132 4055
3 4055 132 1747
3 1747 132 371
3 7213 1326 7336
3 7336 1326 639
3 7336 639 4271
3 8360 4271 132
3 1326 7094 6820
3 7213 7094 1326
3 1326 6820 371
3 371 6820 1747
3 8360 4055 8465
3 2862 8465 4055
3 2862 4055 1747
3 2526 7960 5483
3 2526 5483 8464
3 4689 8464 2141
3 2141 8464 5483
3 3188 8464 5592
3 3188 5592 2577
3 2223 4039 708
3 2223 708 3188
3 3188 708 8464
3 4346 977 4039
3 4346 4039 2223
3 4346 2223 4472
3 6755 2924 4470
3 4470 2924 3539
3 3539 2924 2838
3 2739 1382 4150
3 4565 7788 5566
3 2071 444 7452
3 7938 7112 5493
3 5493 7112 8016
3 5493 8016 7849
3 6401 7112 7938
3 6658 8234 2432
3 6658 2432 6646
3 5869 6646 466
3 5869 466 1997
3 1997 466 7606
3 7606 466 2432
3 2432 466 6646
3 3448 7606 7155
3 7039 3448 7155
3 7938 7155 7606
3 7039 7155 4955
3 4955 7155 5493
3 2188 4316 738
3 738 4316 650
3 650 4316 3330
3 5569 738 650
3 2188 738 6336
3 6336 738 5569
3 3448 5569 650
3 3448 650 3330
3 6336 5569 2500
3 2500 5569 7039
3 6937 6336 7078
3 2500 7078 6336
3 2587 684 3636
3 3636 684 5289
3 6292 6937 684
3 6292 684 2587
3 5289 684 6937
3 6292 2587 4376
3 4376 5022 6292
3 6292 5022 886
3 4376 1710 5022
3 7698 7873 7665
3 4982 7050 2495
3 2495 7050 3259
3 1624 7023 4794
3 4794 7023 7087
3 7885 3959 2398
3 7885 2398 2950
3 2398 3959 5039
3 1066 6975 1711
3 5580 4297 1066
3 5580 1066 1711
3 1711 5441 6929
3 1711 6929 5580
3 7822 5536 5580
3 7822 6929 2727
3 6929 7822 5580
3 6405 2727 6929
3 1754 7906 3253
3 4260 1754 5832
3 4260 7906 1754
3 2531 7906 4260
3 2531 4260 8184
3 8184 4260 5832
3 5694 7906 2531
3 5694 2531 607
3 5694 607 3346
3 5694 3346 6852
3 8184 3346 607
3 8184 607 2531
3 6756 6611 1529
3 1464 3955 4372
3 1464 4372 3847
3 6756 4372 3955
3 1494 4333 1464
3 1464 389 1494
3 1494 389 6606
3 389 1464 3847
3 6684 3490 4146
3 670 4042 7577
3 670 7577 3742
3 4501 3742 7577
3 362 7449 6376
3 7820 7449 4115
3 953 1265 4040
3 4040 1265 3798
3 3798 1265 4115
3 3798 4115 1955
3 1636 8097 4040
3 1636 4040 3798
3 945 1636 3798
3 8097 1636 7361
3 7361 1636 945
3 1955 945 3798
3 945 7223 7361
3 7223 945 1955
3 2707 6315 7223
3 7223 6315 3261
3 4423 1675 5888
3 5888 1675 2707
3 5329 3683 4423
3 6655 7546 1661
3 6655 1661 3016
3 7369 6127 6819
3 5307 6127 7369
3 3095 5307 8263
3 8263 4724 3095
3 2083 521 4724
3 2083 4724 1060
3 1060 4724 217
3 2083 1979 8418
3 8058 2083 5574
3 2754 8418 1979
3 2754 1979 7950
3 7950 1979 8218
3 8058 8218 1979
3 6599 6515 7187
3 5023 5395 6291
3 1893 7777 7804
3 1893 7804 5909
3 7520 458 5678
3 5678 458 5777
3 2697 5678 5777
3 6298 2861 7192
3 7192 2861 6963
3 2640 5641 6324
3 6963 6324 7192
3 7192 6324 5641
3 7881 2640 6324
3 7881 6324 6786
3 2483 6324 3599
3 2483 6786 6324
3 7146 6786 2889
3 2889 2483 3599
3 2483 2889 6786
3 7578 7429 2420
3 5287 2353 1037
3 3357 2114 7568
3 4363 2206 2967
3 4363 1769 6419
3 2967 1769 4363
3 5475 196 6419
3 5475 6419 8253
3 8253 6419 1769
3 4363 6419 5017
3 6951 2206 4363
3 6951 4363 5017
3 5865 2510 3358
3 5865 3358 5058
3 6858 2510 5865
3 6858 5865 7106
3 6858 7106 1799
3 1799 7106 612
3 7106 5865 5058
3 7106 7572 7125
3 1471 6349 7572
3 7814 6122 1471
3 7814 1471 4597
3 6122 2731 2316
3 2316 2731 4476
3 2316 4476 4460
3 4460 4476 1566
3 2258 4476 2801
3 2801 4476 3209
3 4583 2258 2801
3 6467 3209 2731
3 2731 3209 4476
3 3209 6467 3314
3 3209 3314 1431
3 363 3314 6151
3 5884 363 6151
3 6467 6151 3314
3 4780 4172 2247
3 4048 351 3376
3 4048 3376 1939
3 1939 5731 5340
3 5731 1939 5461
3 5461 1939 3376
3 4780 3376 351
3 4048 3711 351
3 4048 1939 4654
3 4654 1939 5340
3 4577 5340 5192
3 3092 4577 5192
3 7206 2365 2209
3 7206 2209 1380
3 2209 2365 3985
3 6326 2209 3985
3 6839 6540 2209
3 6839 2209 6326
3 6839 6326 8206
3 3624 6839 6427
3 712 7068 3624
3 3374 4905 4279
3 3374 4279 2694
3 5584 6427 8206
3 8206 5445 5584
3 5584 8435 316
3 5584 5445 8435
3 6102 8435 5445
3 6102 6741 8435
3 8435 6741 3679
3 8312 7733 2284
3 4017 8312 3679
3 3679 8312 2284
3 8070 6920 8312
3 399 8070 8312
3 5594 6920 8070
3 6930 5594 8070
3 8113 5594 6930
3 6779 6930 3106
3 3106 6930 1959
3 6625 8113 264
3 6779 264 8113
3 4427 1413 6293
3 264 4427 6293
3 264 6293 6625
3 8072 5490 3529
3 6311 3529 3348
3 3348 3529 5490
3 3348 5490 8428
3 8428 5490 8072
3 4795 6150 8072
3 8072 6150 8428
3 3820 7839 6150
3 3820 6150 7595
3 4795 7595 6150
3 5265 3820 799
3 799 3820 7595
3 3520 5265 799
3 3520 799 2701
3 2701 799 7595
3 3772 6559 7640
3 6962 2434 1355
3 1355 2434 7640
3 3772 7640 2434
3 1699 3146 2434
3 1699 2434 6962
3 7602 7370 5384
3 7370 7602 7413
3 1704 7602 3608
3 5956 899 1704
3 5956 1704 3321
3 3321 1704 3608
3 2333 3608 7602
3 7602 1704 899
3 7602 899 6645
3 8489 899 2696
3 2696 899 5956
3 7678 188 7061
3 188 7678 4844
3 4708 5036 5552
3 5552 4061 2154
3 2425 2154 4061
3 5230 5084 2425
3 5230 2425 4061
3 5230 4061 3986
3 5230 3986 3001
3 3986 4061 5552
3 5230 3001 5759
3 3464 5084 5230
3 5759 3464 5230
3 3827 8278 8045
3 5533 6042 7485
3 7485 6042 1187
3 1293 1187 6042
3 8060 1908 2526
3 8060 2526 4808
3 7485 4808 8078
3 8166 7485 8078
3 8166 8078 7178
3 7178 8078 6796
3 4039 6796 8078
3 4039 8078 708
3 1122 7178 6796
3 7644 8393 4835
3 2155 7644 5953
3 7581 5714 2838
3 7581 2838 2924
3 7581 2924 745
3 6619 5714 7581
3 5269 7581 7788
3 5566 7788 2603
3 1990 6511 7433
3 6641 1990 713
3 713 1990 7433
3 713 7433 974
3 3830 974 7433
3 3830 7433 7452
3 4135 459 3830
3 4135 3830 5998
3 2071 7033 444
3 1511 4023 5266
3 1511 5266 6018
3 1072 280 6658
3 1072 6658 5928
3 1650 5928 6658
3 5097 1650 6658
3 5869 2188 2273
3 2188 5869 4316
3 4316 5869 3330
3 3330 5869 1997
3 7606 3330 1997
3 6646 5869 2273
3 3537 7658 3716
3 549 3537 3716
3 2636 3537 549
3 2758 549 3716
3 4572 549 2758
3 549 4572 2636
3 2636 4572 8219
3 5022 4572 2758
3 5708 8219 3975
3 5708 7670 8219
3 1710 3975 4572
3 4572 3975 8219
3 7978 7670 5708
3 7092 5708 3975
3 7092 3975 3289
3 7921 7978 5673
3 5673 7978 7092
3 7873 7092 3289
3 8157 6514 2933
3 4496 2933 2495
3 6514 2495 2933
3 2495 6514 4982
3 4982 6514 7092
3 7092 6514 5673
3 5673 6514 8157
3 6454 6118 4984
3 8028 6454 3959
3 8028 3959 7885
3 6118 8028 5437
3 6118 5437 6246
3 7885 6530 8028
3 5659 8115 4062
3 5659 4062 6725
3 5694 6725 2844
3 2844 4062 7822
3 7822 4062 5536
3 6725 4062 2844
3 7315 758 6912
3 4146 7523 2629
3 4146 2629 6684
3 4424 4754 6561
3 4042 4424 6561
3 1478 4042 670
3 1478 670 4728
3 4728 670 3742
3 58 4728 2824
3 58 2824 8233
3 874 2824 4728
3 5484 5564 7820
3 953 5484 7820
3 7473 8097 5497
3 8442 7473 2958
3 2676 8442 2958
3 967 8442 2676
3 967 2676 7812
3 2958 7812 2676
3 7528 7812 889
3 7528 889 7223
3 7223 889 7361
3 7361 889 7812
3 6315 4636 3261
3 4636 7528 3261
3 3261 7528 7223
3 2762 6353 790
3 2468 5812 5667
3 4031 5812 3980
3 4133 7847 3513
3 3513 5452 5307
3 5307 5452 6127
3 5452 3513 7847
3 2103 4133 47
3 8447 4133 2103
3 2103 47 4021
3 3095 47 4133
3 8447 2103 7386
3 7386 2103 4021
3 5420 5236 8418
3 7950 5420 8418
3 7950 8418 2754
3 4986 7115 3362
3 7831 7115 4986
3 4118 6599 2054
3 7618 4118 2054
3 8103 6449 5909
3 8103 5909 2243
3 2243 5909 7043
3 8103 3581 1877
3 5693 8374 3581
3 5693 3581 5220
3 5693 5220 2821
3 6442 5220 3581
3 1877 3581 8374
3 7648 2821 5220
3 7192 5641 6298
3 2861 6298 5890
3 1520 3018 455
3 2594 1520 455
3 2004 7792 2640
3 7881 2004 2640
3 2625 7792 2004
3 7792 2625 2053
3 2625 2004 7881
3 2053 2625 7578
3 7578 2625 7429
3 5725 3927 2377
3 2377 3927 7578
3 5725 2377 7518
3 7518 2377 7578
3 1331 7518 7578
3 1331 2353 5287
3 7318 8241 7928
3 5287 7928 8241
3 1943 7928 7639
3 1943 7639 7896
3 7318 7928 1943
3 7318 8018 8241
3 8018 7318 1943
3 8018 1943 7896
3 8018 7896 4185
3 8025 4185 5390
3 1845 2114 3357
3 6951 8383 4330
3 6951 4330 2206
3 6061 365 2344
3 8383 2344 365
3 6061 2344 6858
3 7326 6061 1799
3 1799 6061 6858
3 3896 5995 6573
3 7249 3896 6573
3 4510 6573 3339
3 3339 6573 7125
3 7572 3339 7125
3 5995 7125 6573
3 2029 7249 4510
3 2029 4510 5625
3 4696 7895 2029
3 7895 4696 6915
3 6915 4696 5625
3 4696 2029 5625
3 5486 7895 4460
3 4460 7895 6915
3 4460 6915 2316
3 2316 6915 6349
3 6349 6915 5625
3 6867 7895 5486
3 3345 868 4583
3 2258 4583 7059
3 2258 7059 845
3 7059 4583 868
3 6476 3345 5209
3 7239 1063 4610
3 4610 1063 729
3 8368 7239 4610
3 4048 4654 7303
3 4048 7303 5433
3 4048 5433 3711
3 4573 3423 6410
3 6410 3423 1132
3 6410 1132 560
3 560 1132 7303
3 3423 4573 3761
3 449 6410 4654
3 4654 6410 560
3 4654 560 7303
3 3449 4573 3668
3 3668 4573 1084
3 1084 4573 6410
3 3668 1084 1178
3 1084 6410 1178
3 1178 6410 449
3 3761 4573 3449
3 5512 528 3668
3 5512 3668 2365
3 3668 528 3449
3 3449 528 7667
3 4360 3125 5011
3 3125 6117 5011
3 2804 658 5502
3 2804 5502 6649
3 5502 658 3775
3 4102 6649 3442
3 3442 6649 5502
3 4653 3442 4050
3 4050 3442 5502
3 4050 5502 805
3 805 5502 3458
3 13 6537 5696
3 13 5696 3458
3 2864 2513 3374
3 2864 3374 2694
3 4905 3374 13
3 4905 13 3458
3 13 3374 6537
3 6537 3374 2513
3 3635 316 8348
3 8348 316 8435
3 7718 8348 8435
3 7718 8435 2094
3 7718 2094 5933
3 80 6597 5075
3 2094 6597 80
3 2094 80 5933
3 2240 5075 6597
3 2240 6597 6981
3 7300 5824 6981
3 5824 2240 6981
3 5075 2240 5824
3 5824 7300 5972
3 2722 4014 6252
3 8158 4755 6920
3 4755 3532 6252
3 4755 8158 2202
3 4014 6920 6252
3 6252 6920 4755
3 5594 8113 8158
3 5594 8158 6920
3 1294 3532 4755
3 1294 4755 2202
3 5631 4217 2110
3 6874 5631 2110
3 6989 5631 2031
3 6874 2031 5631
3 3348 8428 6989
3 6311 3348 6156
3 6874 6156 2031
3 2031 6156 3348
3 2031 3348 6989
3 7980 3520 6185
3 3146 7138 3772
3 6800 3146 2922
3 5800 4053 2922
3 5800 2922 1699
3 3146 1699 2922
3 7413 4871 7370
3 7370 4871 5800
3 7413 1353 4871
3 4053 4871 1276
3 1276 4871 1353
3 1276 1353 4682
3 4682 1353 8110
3 8110 1353 7413
3 4053 5800 4871
3 7602 8110 7413
3 3641 5749 7052
3 342 6534 2658
3 2658 3983 361
3 3983 2658 6534
3 3983 2881 361
3 621 2290 720
3 3951 1533 720
3 5552 2154 4708
3 4237 653 420
3 4237 420 7490
3 420 653 4874
3 7021 420 4874
3 311 7490 2489
3 7951 7161 2489
3 6474 3065 6201
3 5773 6201 3065
3 6474 6201 7930
3 8166 1978 5533
3 6005 1978 8166
3 6005 8166 7178
3 7854 6005 7178
3 2062 408 6129
3 4704 8393 408
3 4704 408 2062
3 2599 2062 6129
3 6619 6129 408
3 2595 6222 6270
3 2595 6270 2987
3 2439 2987 4135
3 4135 2987 459
3 2439 4445 3803
3 3397 24 2690
3 3621 3397 6673
3 2690 6673 3397
3 6414 333 6673
3 6673 333 3621
3 7990 7338 8130
3 7990 8130 4734
3 7570 2499 4734
3 7570 4734 8130
3 613 4734 2499
3 613 2499 5928
3 1072 5928 2499
3 1072 2499 7570
3 3672 4734 613
3 613 1974 3672
3 3672 1974 6331
3 3251 5189 7011
3 7011 5189 955
3 184 3251 7658
3 184 7658 4251
3 7658 3251 7011
3 2121 8219 4251
3 2121 4251 7658
3 2636 8219 2121
3 2636 2121 3537
3 3537 2121 7658
3 184 4251 1716
3 1716 4251 3645
3 8382 1940 7696
3 5146 8382 7696
3 5146 7696 2380
3 2380 7696 4753
3 8157 2730 3930
3 312 4197 3995
3 8384 3995 4197
3 4197 3972 8384
3 6530 7823 3978
3 6530 3978 8028
3 8028 3978 5437
3 8046 5437 3978
3 3786 2419 7823
3 2419 3786 6690
3 1378 4009 2473
3 1885 5964 2282
3 1885 2282 68
3 68 2282 6477
3 1885 68 8220
3 7315 2643 1575
3 7315 1575 8220
3 2629 2087 2643
3 2087 7459 2643
3 1790 2087 2629
3 1790 2629 7523
3 6684 2629 2643
3 2586 2087 1790
3 5070 21 2586
3 5070 2586 4629
3 107 4629 3022
3 5070 585 2281
3 2281 585 4618
3 4618 585 3465
3 3465 585 107
3 3465 107 3022
3 107 585 4629
3 4629 585 5070
3 4618 4257 3797
3 4257 4618 3465
3 4257 3465 2846
3 6987 7953 58
3 5752 5418 3162
3 5752 3162 6987
3 5752 6987 8233
3 6381 3162 5418
3 1749 5418 4358
3 1749 4358 7473
3 4358 5418 5752
3 4887 4358 8233
3 4887 8233 8022
3 8097 4887 8022
3 7473 4887 8097
3 5752 8233 4358
3 4358 4887 7473
3 5954 5770 8442
3 5954 8351 4505
3 8442 8351 5954
3 4505 8351 4645
3 2102 4645 8351
3 8351 2928 2102
3 2762 7517 6163
3 6163 7517 967
3 2762 6163 6353
3 2928 4285 8010
3 2928 8010 2102
3 4645 2102 8010
3 1889 6743 8010
3 5787 8010 4285
3 5787 4285 3138
3 7183 4556 2680
3 5780 2680 4556
3 5780 4556 3063
3 8416 7831 1702
3 6251 1185 2198
3 4491 543 3417
3 3417 7918 4655
3 4655 7918 6242
3 7918 3417 543
3 6727 3730 4655
3 1734 6449 8103
3 1877 1734 8103
3 6727 8374 3730
3 8374 2042 3730
3 2042 1118 3730
3 4961 1118 2042
3 7999 4961 2042
3 7999 2042 5693
3 5693 2042 8374
3 2821 7999 5693
3 1966 5790 3461
3 5006 6748 2704
3 336 2704 1520
3 1520 2704 6748
3 7362 1938 6795
3 6178 7362 6795
3 6178 6795 7488
3 3002 6607 6178
3 3002 7963 6607
3 3002 6178 7518
3 2521 5012 3002
3 3002 7518 2521
3 8018 4185 5012
3 8018 5012 2521
3 8018 2521 8241
3 2688 7963 5945
3 2688 5945 1761
3 7962 1761 5945
3 3804 7962 5945
3 3804 8025 4315
3 8248 1857 8194
3 8248 8194 6682
3 1857 8248 4250
3 8383 1857 4547
3 1725 8194 365
3 365 8194 8383
3 1857 8383 8194
3 6596 1725 8096
3 6119 3066 523
3 6119 792 3066
3 3066 792 3872
3 7764 523 3066
3 7257 3066 2970
3 2970 8164 7257
3 3896 8164 5995
3 5995 8164 7119
3 8164 2634 7312
3 2634 3896 14
3 3896 2634 8164
3 2769 5989 887
3 887 5989 7686
3 6867 5417 7895
3 6867 5486 6679
3 6835 5417 6867
3 475 6867 6679
3 475 6679 2334
3 1295 3697 1690
3 3697 6835 1690
3 1295 1690 475
3 1295 475 2334
3 6867 475 1690
3 6867 1690 6835
3 598 3697 586
3 3791 586 1295
3 3791 1295 2334
3 598 586 6452
3 6452 586 4324
3 4324 586 3791
3 1295 586 3697
3 2364 4324 3791
3 2364 3791 8468
3 7059 1166 6679
3 4737 3607 2218
3 8151 2218 4506
3 3423 4506 1132
3 1132 4506 1663
3 1132 1663 7303
3 5433 7303 4411
3 2519 3662 7667
3 2519 7667 3523
3 3523 7667 3837
3 8140 3523 5138
3 8140 5138 3875
3 6889 838 2804
3 6537 3875 4429
3 3875 6537 6933
3 8140 6933 7464
3 6058 476 2362
3 7902 6279 7180
3 4294 6781 8041
3 4294 8041 2776
3 7718 8041 8348
3 8041 7718 5933
3 1174 2776 5933
3 6390 2906 840
3 840 2906 1174
3 840 1174 5933
3 5075 6390 840
3 8329 4469 2722
3 2722 4469 7300
3 7553 2639 7628
3 7553 7628 1154
3 6341 7553 5335
3 6989 8428 5631
3 1918 6341 3081
3 3081 6341 5335
3 6805 3964 2048
3 6805 2048 6568
3 6805 6568 5318
3 5779 6029 7193
3 5623 7193 6029
3 4296 5623 6029
3 6185 195 7980
3 6925 7728 2490
3 7728 6925 752
3 8081 7728 752
3 8185 4628 8002
3 7728 8081 8002
3 7728 8002 4628
3 4682 8185 2951
3 6800 3393 8002
3 8002 3393 2951
3 8002 2951 8185
3 5410 8185 4682
3 2951 1276 4682
3 1276 2951 3393
3 1276 3393 2922
3 2922 4053 1276
3 5765 2348 2918
3 5765 2918 5805
3 2241 5805 649
3 649 5805 5749
3 1703 5749 2918
3 2918 5749 5805
3 5749 3641 4007
3 5749 4007 649
3 649 4007 2241
3 342 4813 4171
3 5734 342 2658
3 5734 4813 342
3 6379 5734 2658
3 4544 6379 2658
3 6133 3201 6379
3 6133 6379 2502
3 6379 3201 5734
3 374 5734 3201
3 6545 3201 6133
3 4544 2502 6379
3 8443 789 7784
3 789 2502 4544
3 2502 789 8443
3 2502 8443 6133
3 5783 25 8443
3 7920 8120 8443
3 3265 7270 3951
3 2818 5668 2286
3 2818 2286 3120
3 5044 3120 2286
3 1637 5044 2286
3 1637 2286 7270
3 3806 4897 7762
3 3074 7762 7490
3 7490 7762 4237
3 1693 3074 7490
3 7161 1693 311
3 1143 3812 7677
3 1143 7677 5773
3 7141 4673 2437
3 5415 1143 4673
3 1814 7141 3455
3 3455 7141 2437
3 2437 4673 1143
3 5331 3455 2437
3 2916 7404 5331
3 5331 3065 2916
3 1597 6474 313
3 6474 1597 5632
3 5632 1597 2684
3 4704 6005 7854
3 6005 4704 313
3 1597 313 4704
3 1597 4704 5047
3 4704 2062 5047
3 5047 2062 2599
3 3195 2595 2987
3 3195 2987 200
3 6222 2595 3195
3 200 4449 3195
3 3195 4449 7169
3 8320 7227 4449
3 8320 4449 992
3 8100 8320 4127
3 6012 4154 1253
3 1253 4154 3621
3 3621 4154 3397
3 3397 4154 5327
3 6012 1253 6114
3 6114 1253 5383
3 5383 1253 3621
3 8011 6012 471
3 8011 471 7338
3 471 6012 6114
3 7338 471 8130
3 8130 471 7570
3 7570 471 6114
3 3906 6114 2452
3 3024 7316 4459
3 3024 4459 5635
3 3024 5635 7248
3 5938 5635 2248
3 2248 5635 319
3 1528 8433 2248
3 1528 2248 4494
3 8277 8156 1528
3 5617 8156 8277
3 4494 8277 1528
3 1765 5617 8277
3 7990 8277 4494
3 7110 1765 8277
3 6524 7110 8277
3 3672 6524 114
3 6524 8277 114
3 114 8277 7990
3 6524 3672 6331
3 3672 114 7990
3 4734 3672 7990
3 1952 7110 4232
3 4232 7110 6331
3 6331 7110 6524
3 6517 2098 5124
3 5124 2098 6331
3 1837 6517 5124
3 5146 5357 1335
3 5146 1335 5272
3 1335 5357 1995
3 2380 5357 5146
3 6295 6765 5842
3 6945 4865 3445
3 6945 3445 6386
3 6165 3445 4865
3 6386 3445 6845
3 4001 7659 6845
3 6845 7659 6386
3 6845 3445 852
3 8384 4001 6845
3 8384 6845 852
3 3696 3483 8046
3 7701 3696 3193
3 7701 3193 2091
3 3193 3696 8046
3 7159 2091 3193
3 2282 5964 6690
3 2282 6690 6477
3 6477 6690 3786
3 7275 562 3335
3 7275 3335 396
3 7200 3335 7107
3 7200 7107 7244
3 1885 8220 7107
3 1885 7107 5252
3 4361 7244 552
3 552 7244 4883
3 7751 4361 552
3 2281 1785 5070
3 5070 1785 4883
3 4541 1785 2281
3 816 8229 5174
3 816 5174 3715
3 5187 8229 816
3 3162 6381 5174
3 3162 5174 6987
3 6987 5174 8229
3 5048 7858 3715
3 3715 7858 816
3 5792 5048 3084
3 3180 5792 3084
3 6381 5418 5770
3 5418 1749 5770
3 6381 5954 3843
3 5954 6381 5770
3 5365 328 3180
3 8010 4623 4645
3 4505 4645 5365
3 5365 4645 4623
3 3203 5365 4623
3 3334 4080 3203
3 6492 3334 3203
3 6492 3203 3258
3 3258 4623 2050
3 4623 3258 3203
3 4759 8010 8424
3 8424 8010 5787
3 5819 3311 2979
3 7395 5819 2979
3 8197 7395 2979
3 7395 8197 2271
3 1538 894 5780
3 5780 5399 2680
3 2680 5399 8171
3 3063 1538 5780
3 7694 4038 7379
3 7694 7379 8416
3 5829 7694 4956
3 5829 4956 6319
3 3637 6455 4559
3 1359 2025 4859
3 1359 4859 2689
3 6429 7864 4757
3 6429 4757 4365
3 4757 7864 8009
3 4365 4961 1742
3 480 4365 4757
3 480 4757 3417
3 3417 4757 8009
3 7140 7501 4735
3 7140 4735 7752
3 7196 7501 6495
3 6495 7501 7140
3 2822 1095 3142
3 5006 3142 1095
3 5006 1095 6495
3 4438 2822 3142
3 4790 4438 7320
3 4790 7320 2192
3 7875 2192 7320
3 7875 7320 981
3 1938 7875 6795
3 3929 2815 6232
3 8203 1628 198
3 5750 3471 8203
3 2000 5750 8203
3 6346 2000 8203
3 8203 7362 6346
3 3368 2000 6346
3 3368 6346 1004
3 6602 7963 2688
3 6045 6602 2558
3 2558 6602 1761
3 1761 6602 2688
3 7962 2558 1761
3 2558 7962 7238
3 2558 7238 425
3 7403 7238 3842
3 3842 7238 1684
3 6682 3842 8248
3 8248 3842 1684
3 8248 1684 3511
3 897 6422 8390
3 8390 6422 8148
3 6422 897 6682
3 6931 5338 6119
3 4196 5089 6931
3 6119 4196 6931
3 3721 5089 4196
3 3721 4196 6119
3 4141 7833 3721
3 7154 6098 6056
3 928 7154 6056
3 4761 928 3469
3 3469 928 7312
3 4923 3469 2769
3 4923 2769 887
3 2769 3469 7312
3 4761 3469 4923
3 4761 4923 8472
3 7686 4923 887
3 3140 4923 7686
3 6263 5417 6835
3 5417 6263 3140
3 7540 6263 1348
3 6968 3855 4307
3 6968 4307 4574
3 4574 4307 7540
3 4737 2363 4886
3 4886 2363 4622
3 4555 465 139
3 139 465 1611
3 7855 465 2945
3 2945 465 4555
3 3744 6279 5544
3 7218 4773 7378
3 7378 5544 6279
3 5544 7378 4773
3 7378 6279 7902
3 1567 7218 7378
3 2358 1567 3525
3 7631 2358 3525
3 3525 1567 1777
3 5443 8031 7309
3 5852 2829 6735
3 5852 4537 7910
3 6781 4537 6735
3 6781 6735 5443
3 6735 4537 5852
3 4294 7910 4537
3 4294 4537 6781
3 4467 7910 7417
3 7910 4467 5852
3 7417 1174 7969
3 1174 7417 2776
3 6355 7026 5676
3 4509 7026 5824
3 4509 5824 5972
3 5824 7026 6355
3 2968 7026 4509
3 2968 4509 7634
3 7634 4509 3693
3 2021 3166 4386
3 5960 2759 2343
3 2343 2759 5427
3 5911 3310 8144
3 3310 5911 2032
3 2032 5911 5427
3 2032 5427 2759
3 2032 2759 3964
3 6805 2032 3964
3 2032 6805 3310
3 3310 6805 2463
3 6306 4221 2717
3 6306 2717 2808
3 2808 2717 3424
3 5318 5779 3424
3 5318 3424 2463
3 2463 3424 2717
3 3424 5779 2808
3 6306 2808 1914
3 1914 2808 5775
3 5775 2808 5519
3 2263 2948 6629
3 5775 6629 2948
3 5775 2948 5105
3 5105 2948 972
3 4818 1024 990
3 990 1024 7152
3 7152 1024 5623
3 5623 1024 6629
3 6629 1024 4818
3 4296 1225 5623
3 7152 5623 1225
3 4971 4818 5843
3 5188 5843 6925
3 990 6925 5843
3 990 5843 4818
3 8391 5921 4971
3 8391 4971 7406
3 7406 4971 5843
3 7406 5843 5188
3 7616 901 6706
3 6706 901 3086
3 5057 3086 901
3 5057 901 3864
3 3864 7616 6575
3 5188 6706 7406
3 7406 6706 3086
3 7616 3864 901
3 3785 6575 7616
3 3785 7616 6675
3 6675 7616 6706
3 7989 6675 4628
3 5765 3388 4352
3 5010 1731 2039
3 2039 1731 3183
3 2039 3183 6337
3 3183 1731 737
3 737 1731 3487
3 7253 5875 4914
3 4914 5875 6634
3 3201 6545 4914
3 3201 4914 374
3 4813 374 4914
3 4813 5734 374
3 2572 6096 5783
3 2572 5783 307
3 307 5783 8120
3 8443 8120 5783
3 3274 307 8120
3 2572 307 1836
3 3274 1836 307
3 6877 3274 8120
3 6877 8120 7920
3 1836 3274 2005
3 2005 3274 4114
3 4114 3274 6877
3 2798 2125 6877
3 6877 2125 4114
3 254 1571 3120
3 3270 3112 3643
3 1983 3112 3270
3 1983 3270 4380
3 3806 3270 3643
3 2706 5154 7123
3 2706 7123 5905
3 5528 1865 7642
3 7642 1865 2706
3 7642 1015 5415
3 7141 7642 4673
3 1814 5558 7141
3 5415 4673 7642
3 7642 7141 923
3 849 4310 75
3 849 75 7083
3 7083 75 2788
3 7083 1199 7610
3 1199 7083 2788
3 5632 2481 6995
3 7627 3144 1808
3 565 3144 8100
3 1080 8100 3144
3 1080 3144 7627
3 1080 7627 7685
3 1808 3144 565
3 1808 565 4650
3 8320 1080 7685
3 1080 8320 8100
3 4357 3809 2086
3 2086 3809 6372
3 3622 8283 5231
3 655 5231 8283
3 8433 345 5938
3 8433 5938 2248
3 5982 6101 4113
3 5982 4113 3822
3 3236 5733 1937
3 1577 7768 7986
3 1577 7986 6952
3 8433 7986 7768
3 5617 5181 8156
3 5181 8336 8156
3 8433 8156 8336
3 4232 8336 5181
3 4232 5181 1952
3 7110 1952 5181
3 6166 8336 4232
3 6166 4232 2098
3 6952 7986 6166
3 6952 6166 6517
3 1550 4456 4256
3 4456 1550 7076
3 7076 1550 6911
3 223 3236 4456
3 3236 1937 4456
3 6713 3236 223
3 3675 223 4456
3 6713 223 4695
3 4695 223 3675
3 5359 4695 7818
3 5359 7818 7970
3 2109 7818 5946
3 5946 7818 5925
3 8012 1815 6438
3 6438 1815 824
3 1466 5642 4842
3 5642 5691 2337
3 2337 965 8242
3 965 2337 5691
3 5691 5642 6822
3 5642 2337 6438
3 6196 8242 965
3 2833 1862 965
3 2833 5691 583
3 583 5691 6822
3 583 6822 1819
3 5691 2833 965
3 3294 6822 8186
3 3841 6411 7240
3 501 8186 6411
3 501 6411 3841
3 6411 8186 6765
3 7240 6411 5892
3 5892 6411 6050
3 6050 6411 6765
3 5193 6050 4831
3 7650 5193 3257
3 6922 3257 5193
3 6522 6945 5994
3 8330 6522 5994
3 6386 5994 6945
3 4865 6945 6522
3 8330 5994 6478
3 6386 7659 5994
3 5994 7659 6478
3 6158 8330 6478
3 8454 8330 6158
3 6158 6478 4253
3 8054 6158 4253
3 8054 4253 7821
3 2091 8054 7821
3 7701 2091 7821
3 3696 7701 5206
3 3020 8054 2091
3 4995 8054 3020
3 8054 3204 6158
3 4992 5616 8112
3 4992 8112 4336
3 6070 4336 8112
3 8268 6630 5895
3 8268 5895 1791
3 5772 6630 8268
3 7275 5895 6630
3 7275 6630 5481
3 7634 3882 8084
3 8319 7723 7634
3 8319 7634 8084
3 7200 1459 7723
3 4361 1459 7200
3 4361 7200 7244
3 6853 4192 6367
3 1839 6853 6367
3 7392 3302 1264
3 1715 3302 7392
3 8262 7172 1508
3 3410 7347 3206
3 4690 4612 3206
3 4690 3206 7347
3 3757 7858 7164
3 7858 3757 7347
3 7858 7347 4546
3 4276 6971 2650
3 6971 4276 3757
3 6971 3757 7164
3 7347 3757 4276
3 4149 277 6109
3 278 4149 2884
3 278 2884 2588
3 2884 4149 6109
3 7575 4149 278
3 1958 7575 278
3 1958 278 6609
3 2588 6609 278
3 7688 1958 6609
3 5671 1958 7688
3 4080 7688 5360
3 3334 7688 4080
3 5671 7688 3956
3 1012 3956 7688
3 3334 1012 7688
3 6628 3956 4026
3 3315 4026 1012
3 1012 4026 3956
3 4026 3315 7073
3 3258 2235 6492
3 2761 8089 3640
3 2761 3640 5891
3 5891 5915 2528
3 8424 7971 6186
3 3303 7395 2271
3 5530 1905 5819
3 7395 5530 5819
3 5530 7395 3303
3 5868 2422 8089
3 8238 2422 703
3 8238 703 5002
3 3584 8238 386
3 3584 386 2773
3 7374 6615 3815
3 7374 3815 3489
3 3815 6615 4688
3 3861 3489 3815
3 1336 60 7694
3 60 3121 3861
3 3121 60 1336
3 1336 7694 5829
3 452 7694 60
3 748 3121 1336
3 748 1336 3911
3 5829 3911 1336
3 3911 5829 8449
3 8449 5829 6319
3 3453 8449 7798
3 1616 3678 5373
3 3453 4930 8449
3 7864 8449 4930
3 7959 2616 8449
3 7959 8449 6429
3 6429 8449 7864
3 7959 6429 7647
3 7959 7647 4969
3 1742 7647 4365
3 4365 7647 6429
3 7430 2616 7959
3 5526 6728 7966
3 3659 5618 7966
3 3659 7966 5161
3 5161 7966 4052
3 5161 4052 800
3 4943 1868 8161
3 6167 4943 3068
3 6167 3068 3904
3 8032 6034 2040
3 6468 8032 2040
3 3415 6683 4043
3 5750 2936 3471
3 6602 6045 5750
3 6602 5750 3368
3 6602 3368 1004
3 5750 2000 3368
3 6666 5449 3075
3 7238 7403 6666
3 5449 6666 6000
3 6000 6666 5682
3 5682 6666 8390
3 4415 3173 8390
3 8361 5643 3240
3 3240 5643 7833
3 6857 2938 4141
3 4141 2938 3240
3 4141 3240 7833
3 5983 6753 2429
3 7154 513 5983
3 3071 2927 7892
3 618 519 5106
3 3214 5106 519
3 5629 3430 5621
3 3430 5106 7540
3 4307 3855 5815
3 4307 3430 7540
3 3430 4307 5815
3 3430 5815 5621
3 4068 5815 2324
3 5621 4068 8209
3 5621 5815 4068
3 6909 8209 4068
3 5547 6909 4068
3 5547 4068 203
3 5411 5547 203
3 7549 7478 6870
3 7478 7549 5636
3 8245 6870 7478
3 7337 2013 1125
3 7337 1125 7855
3 7337 7855 2945
3 594 7337 2945
3 1606 2829 8423
3 2829 8347 6735
3 6698 8347 2829
3 6698 2829 1606
3 661 6698 1606
3 661 1606 8423
3 4081 1883 661
3 4081 661 7394
3 3935 4081 7394
3 3935 7394 723
3 723 7394 2668
3 4467 7458 8423
3 4467 8423 2829
3 4467 2829 5852
3 6507 4829 429
3 3769 3547 2328
3 3769 2328 429
3 6993 3769 4474
3 4474 7969 5091
3 7969 4474 3769
3 6993 3547 3769
3 370 1522 6853
3 1522 370 6893
3 2968 1522 7026
3 7026 1522 6893
3 5237 4234 3750
3 4234 5237 6302
3 6302 5237 4012
3 279 2148 1324
3 2517 4934 6734
3 3710 2710 2207
3 2207 2710 3410
3 2207 3410 7776
3 7776 3206 4612
3 3206 7776 3410
3 2374 4740 520
3 7776 520 4740
3 520 7776 4612
3 699 6993 952
3 6993 4474 952
3 952 4474 532
3 2853 699 3372
3 3372 699 952
3 3372 952 532
3 5091 532 4474
3 6993 699 7451
3 7451 699 215
3 215 699 2853
3 3372 532 5091
3 2313 6993 7451
3 2313 7451 3211
3 1756 3211 7451
3 1756 7451 4878
3 4690 4276 4878
3 3114 1756 980
3 2839 6783 94
3 2839 94 980
3 980 94 3114
3 3114 94 6783
3 3114 6783 6361
3 3846 6783 2839
3 7325 6752 8190
3 6109 8190 4927
3 4927 8190 6752
3 4927 6752 3994
3 2884 6109 5211
3 5211 6109 4927
3 2588 2884 5211
3 2588 5211 6971
3 2588 6971 7164
3 6971 5211 4927
3 6971 4927 2650
3 6674 8190 282
3 2869 4145 2090
3 3153 2869 2090
3 4149 7575 3153
3 4149 3153 2090
3 6100 6370 4219
3 4219 6370 3878
3 5009 6100 4190
3 5066 7073 1499
3 7073 5066 4190
3 3634 5975 5066
3 3634 5066 2870
3 2870 937 2415
3 937 2870 433
3 433 2870 5066
3 7472 2415 937
3 7472 3908 2283
3 3908 937 433
3 3908 7472 937
3 3404 2415 7472
3 3404 7472 7263
3 3404 7263 5550
3 7263 7472 2283
3 1552 7263 3849
3 2283 3849 7263
3 2484 8005 5868
3 2484 5868 2761
3 2484 2761 5891
3 2528 2484 5891
3 7421 8005 2484
3 5530 7421 5915
3 5530 5915 1905
3 5915 7421 2528
3 2528 7421 2484
3 5440 1905 5915
3 3303 8005 7421
3 3303 7421 5530
3 7934 8357 1069
3 7934 1069 4901
3 7934 4901 4976
3 4901 1069 8238
3 3584 7573 4901
3 3584 4901 8238
3 8357 8238 1069
3 4901 7573 4976
3 2865 1061 1706
3 2865 1706 2778
3 8449 2778 1403
3 8449 1403 748
3 8449 748 3911
3 748 1403 3121
3 8000 7430 7959
3 6567 7503 7
3 6567 7 4176
3 6567 4176 4803
3 4176 7 5618
3 5618 7 7503
3 8400 4176 3659
3 3659 4176 5618
3 5161 8400 3659
3 7260 1868 4943
3 1317 7260 4943
3 2868 8460 7438
3 1317 8460 2868
3 5508 7438 8460
3 6167 6483 8460
3 5508 8460 6483
3 5990 8235 3871
3 5990 3871 7603
3 2203 7484 1828
3 7484 2203 6813
3 7484 6813 6000
3 2295 2925 5761
3 2295 5761 2293
3 5761 7484 2293
3 2925 2295 6007
3 6000 2293 7484
3 3173 6007 2295
3 5682 2295 2293
3 5682 2293 6000
3 4446 5761 2925
3 4446 2925 6176
3 6176 2925 6007
3 6176 5538 7410
3 6176 7410 2718
3 6760 7410 5961
3 7796 6760 5961
3 4913 5055 7796
3 5643 7729 7833
3 2429 6753 6702
3 2429 6702 6544
3 6544 6702 7208
3 6753 4099 6702
3 6702 4099 7113
3 5203 5513 4099
3 5203 4099 6753
3 2405 5203 8421
3 8421 5203 4398
3 8421 4398 2254
3 4941 376 6965
3 6965 5657 4941
3 4941 5657 3087
3 5621 8209 5629
3 496 5715 5547
3 496 5547 5411
3 5547 5715 6909
3 6909 5715 424
3 424 5715 7272
3 496 5411 6639
3 4996 8179 5715
3 4996 5715 6296
3 6639 6296 496
3 496 6296 5715
3 6842 4996 6296
3 7204 6842 6296
3 4687 6842 2244
3 4525 4687 2400
3 2400 4687 2244
3 2400 2244 7549
3 3954 4525 4353
3 3954 4353 3543
3 4353 4525 2400
3 3543 4353 8076
3 8076 4353 6870
3 6870 4353 7549
3 4353 2400 7549
3 2992 3237 392
3 4959 2992 392
3 5709 5897 3935
3 723 8315 3935
3 5709 3935 8315
3 8315 6047 7012
3 3129 7012 6047
3 6047 2668 4659
3 4659 2668 1124
3 1124 2668 7394
3 15 4659 2771
3 2771 4659 2485
3 2771 2485 3313
3 3313 2485 2256
3 2256 2485 4439
3 2771 3313 1021
3 2256 6507 5239
3 6361 5239 6507
3 3846 2246 5239
3 3846 5239 6783
3 6783 5239 6361
3 8286 4368 6601
3 6601 4368 6674
3 4368 2175 7325
3 2175 4368 8286
3 7325 6674 4368
3 6763 6601 1935
3 2505 6763 1935
3 5855 6030 56
3 3349 3151 2182
3 2182 3151 4762
3 2182 4762 48
3 2182 48 4499
3 5620 3080 3151
3 3151 3080 4762
3 4762 3080 8067
3 8063 4027 6089
3 6418 5934 5801
3 5801 5934 1779
3 5934 5509 1779
3 5801 1779 1913
3 5509 5934 4151
3 1779 3634 7556
3 1779 6876 1913
3 1779 7556 6876
3 3634 5509 5975
3 5509 3634 1779
3 2415 7556 2870
3 3634 2870 7556
3 3404 5550 6876
3 8358 6418 5801
3 8358 5801 3227
3 8358 7934 1517
3 7082 6750 7934
3 7934 6750 1517
3 8324 8358 1517
3 8324 1517 6750
3 2396 8324 6750
3 2396 6750 7082
3 8311 2047 2956
3 8311 2956 2279
3 8311 2279 6928
3 8074 2047 8311
3 6722 8311 3181
3 6722 6567 4066
3 6567 6722 3181
3 2973 6519 8244
3 2659 2973 4983
3 2659 4983 2147
3 7438 2147 4983
3 7438 4983 2868
3 2868 4983 8244
3 8244 4983 2973
3 6543 2973 2659
3 77 2659 2147
3 6219 6543 77
3 6038 6543 6219
3 6038 6219 1954
3 2147 6219 77
3 2659 77 6543
3 4881 5508 6483
3 4881 6483 1283
3 4881 1283 8235
3 1283 6483 4777
3 6333 5990 1603
3 6333 1603 2157
3 2203 2157 6813
3 4375 3657 8260
3 4375 8260 5313
3 5313 8260 833
3 1920 3657 4375
3 5358 1920 4375
3 5358 4375 6285
3 6285 4375 2791
3 2791 4375 5313
3 6760 6285 2791
3 2986 6285 6760
3 884 3331 7113
3 4458 884 7113
3 7393 4458 5513
3 5513 4458 7113
3 5651 5457 7757
3 3676 8126 7757
3 4941 7057 376
3 1875 7057 5169
3 3133 7057 1875
3 5697 4839 1783
3 5697 1783 4209
3 4209 1783 7272
3 6834 2052 2012
3 2052 6834 8482
3 2653 2012 2052
3 3237 2653 2052
3 2375 7024 3915
3 2375 3915 1760
3 4869 3915 6836
3 8315 7453 728
3 728 7453 6836
3 6836 7453 4869
3 4869 7453 7084
3 4091 8315 728
3 728 4959 4091
3 4959 728 6836
3 5709 8315 4091
3 5709 4091 5897
3 7012 7084 7453
3 8315 7012 7453
3 7084 7012 1933
3 6233 1933 3129
3 7012 3129 1933
3 7233 5737 7084
3 3305 7233 6531
3 6531 7233 6233
3 6233 7233 1933
3 1933 7233 7084
3 6518 3305 6531
3 5597 6518 6531
3 8286 6088 431
3 6763 6088 6601
3 8286 6601 6088
3 5492 1851 6763
3 6088 6763 1851
3 6617 3226 456
3 7668 8485 133
3 7668 133 2303
3 3350 8485 7668
3 3350 7668 7731
3 7731 7668 4419
3 5855 4419 6030
3 7731 369 3350
3 1981 6406 8067
3 6808 1858 346
3 2196 6742 2764
3 2196 2764 933
3 2764 6742 237
3 4151 1108 2008
3 4151 2008 3340
3 6108 8349 7355
3 1825 8035 6043
3 6519 5487 8035
3 6519 8035 8244
3 6043 8035 6108
3 6043 6108 7355
3 6038 1954 8017
3 8456 7241 1446
3 7241 8456 2827
3 6333 1446 1420
3 1420 1446 7241
3 1446 6333 5807
3 6333 1420 5990
3 5990 1420 5719
3 5719 1420 7241
3 3657 7371 8260
3 7848 5358 2988
3 2394 2988 6285
3 6285 2988 5358
3 5358 7848 7190
3 872 7393 2187
3 8338 2187 7393
3 5215 8338 1188
3 5215 1188 3504
3 1188 8338 5588
3 4686 4873 3504
3 4686 3504 1188
3 4686 1188 750
3 5951 8333 8385
3 8385 8333 1395
3 5457 5651 8385
3 7757 8126 5651
3 5951 8385 5651
3 5649 5951 8126
3 5651 8126 5951
3 1899 1615 5110
3 5110 1615 5649
3 5649 1615 5951
3 3968 1899 2260
3 3968 3288 4290
3 3288 3968 2260
3 5110 2260 1899
3 3517 2260 5110
3 3517 5110 3526
3 5697 6280 3517
3 3517 6280 2260
3 6312 3727 6280
3 6312 6280 5697
3 4209 6312 5697
3 3664 778 7502
3 6667 7502 6312
3 6312 7502 778
3 6288 3818 6631
3 6631 3818 4949
3 4949 1967 6631
3 5692 5912 706
3 706 5912 3787
3 706 3787 7058
3 7058 3787 7903
3 5978 5912 5692
3 5768 605 5912
3 6244 7903 605
3 6244 605 5768
3 5768 5912 5978
3 3787 5912 605
3 7903 3787 605
3 3942 8376 5768
3 3942 5768 454
3 4638 454 970
3 970 454 5768
3 5768 5978 970
3 2477 970 6834
3 2477 4638 970
3 2477 6834 2012
3 6834 970 5978
3 7750 1760 7975
3 1760 7750 2375
3 7024 2375 973
3 973 2375 7750
3 973 7750 5067
3 6504 5067 559
3 185 6504 3740
3 3740 6504 559
3 7975 3740 7750
3 7750 3740 559
3 7750 559 5067
3 8439 3740 7975
3 5825 8439 7975
3 7991 8439 5825
3 5825 7975 3050
3 3991 7695 2301
3 5737 2301 7695
3 741 2301 3305
3 2301 103 3305
3 6518 7806 3991
3 6518 3991 741
3 6518 741 3305
3 7233 3305 103
3 7233 103 2301
3 7233 2301 5737
3 2301 741 3991
3 1697 1249 4715
3 6918 4715 3630
3 3630 4715 7162
3 1697 4715 6918
3 7748 1697 6746
3 6746 1697 6918
3 3765 1590 6406
3 1086 3765 6406
3 3606 8145 5153
3 3606 7830 6147
3 7830 3606 5153
3 6209 7830 7947
3 6209 6553 5916
3 1887 6209 7947
3 1236 7947 7830
3 7830 6209 5916
3 7102 2457 3122
3 7102 3122 2196
3 2196 3122 7947
3 3724 3097 2532
3 7201 2532 7264
3 7264 2532 3097
3 6089 8475 1396
3 6089 1396 8063
3 8063 1396 7264
3 7264 1396 7201
3 7201 1396 8475
3 6939 2532 7201
3 6939 7201 1931
3 3279 1931 7201
3 3279 6362 5660
3 5660 5003 2480
3 5003 5660 6362
3 3728 6582 2543
3 2543 6582 2894
3 6253 6382 4532
3 4532 6382 6582
3 4532 6582 6704
3 6223 4532 6704
3 6038 4532 6223
3 2291 8105 4020
3 2921 8456 4020
3 4020 8456 2291
3 5622 4603 8456
3 4603 4073 8456
3 1549 4073 4603
3 1549 4603 69
3 69 4603 6020
3 2291 8456 4073
3 2291 4073 8105
3 8055 6020 4603
3 8055 4603 5622
3 848 5602 2476
3 8260 7371 848
3 8260 848 2476
3 848 7371 5602
3 5602 7371 4236
3 4443 7778 6539
3 67 7290 6078
3 67 6078 6890
3 6890 6354 6841
3 6078 6354 6890
3 4003 6841 4473
3 7096 4003 4473
3 2982 7845 7096
3 7096 7845 4003
3 7958 8181 7848
3 7848 2982 7190
3 2982 7848 8181
3 2982 8181 2319
3 2988 7958 7848
3 5993 4015 2609
3 5993 2609 8181
3 7958 5993 8181
3 7958 8388 5993
3 4542 8388 7958
3 5993 5115 5853
3 4184 872 2187
3 872 4184 5115
3 5115 4184 5853
3 6480 5853 4184
3 6480 4184 3244
3 3244 3178 3212
3 3178 3244 4184
3 3178 4184 2187
3 5215 3178 8338
3 8338 3178 2187
3 6480 3212 7504
3 3244 3212 6480
3 426 2597 4222
3 4222 2597 3781
3 5480 2433 4222
3 5480 4222 8333
3 1615 1899 5480
3 1615 5480 8333
3 1615 8333 5951
3 2433 5480 3968
3 2433 3968 4290
3 3968 5480 1899
3 3373 2597 2213
3 426 2213 2597
3 3373 4749 8180
3 4749 3373 2213
3 6211 2213 426
3 4749 2213 1422
3 1422 2213 6211
3 3727 4290 6280
3 6280 3288 2260
3 3288 6280 4290
3 1909 6001 3763
3 1824 7697 4812
3 4812 7697 7166
3 1339 4812 7166
3 1339 7166 402
3 6267 402 7166
3 3135 6267 4880
3 3135 4880 8376
3 6267 3474 4880
3 4880 3474 2677
3 2677 8376 4880
3 2677 3474 7903
3 2367 3474 6288
3 7903 3474 7058
3 7058 3474 2367
3 5692 2367 6288
3 6631 5692 6288
3 706 7058 5692
3 5692 7058 2367
3 2677 7903 6244
3 8376 2677 5768
3 5768 2677 6244
3 8376 6272 7931
3 705 6272 3942
3 705 3942 6775
3 6775 454 4638
3 454 6775 3942
3 8376 3942 6272
3 5665 705 2145
3 2145 705 6775
3 6504 6775 5067
3 5665 2145 6621
3 6621 2145 6504
3 6504 2145 6775
3 6621 8439 5774
3 6793 5774 8439
3 944 5029 2233
3 5029 7002 2233
3 7002 5029 6793
3 6793 5029 5774
3 5774 5029 2737
3 2737 5029 944
3 2737 944 5522
3 5522 944 2233
3 6301 7002 6793
3 1481 3580 6301
3 1481 6301 6505
3 6505 6301 6793
3 6424 5900 3322
3 6424 3322 5031
3 5031 3322 7964
3 3380 6424 5031
3 6265 5031 7964
3 7996 6265 7964
3 6247 7996 7964
3 8073 3187 1279
3 7695 3991 3187
3 3187 3991 921
3 8073 7695 3187
3 1249 1279 3187
3 2812 1279 1249
3 1249 921 4715
3 4715 3991 7806
3 3991 4715 921
3 3187 921 1249
3 7748 7916 6247
3 4208 1284 4396
3 4208 4396 4974
3 8145 4974 891
3 2061 3606 6147
3 8145 3606 2061
3 4974 2061 4614
3 4614 2061 6147
3 7666 6209 1887
3 7666 6553 6209
3 2457 7666 3122
3 3122 7666 1887
3 3122 1887 7947
3 1171 6553 7666
3 8326 3512 7666
3 2457 8326 7666
3 3807 8326 2457
3 5885 2532 6939
3 2532 5885 3724
3 5885 6939 2551
3 2551 6939 1931
3 1648 3506 5885
3 1648 5885 2551
3 266 2551 1931
3 3279 266 1931
3 3728 2543 3279
3 3728 3279 5660
3 3279 2543 266
3 2551 266 4891
3 2551 4891 1648
3 2894 4891 266
3 5662 1896 4891
3 1896 1648 4891
3 1896 3506 1648
3 6014 5662 4891
3 6014 4891 6281
3 6281 4891 2894
3 6382 8105 6281
3 7427 6014 1016
3 1016 6281 8105
3 6281 1016 6014
3 5662 6014 7427
3 5662 7427 2186
3 2186 7427 8280
3 2186 8280 7266
3 2186 7266 1896
3 2186 1896 5662
3 1896 6062 3506
3 6062 1896 7266
3 6890 1257 67
3 7290 67 1257
3 8326 1257 6890
3 8326 6890 3533
3 6841 3533 6890
3 3660 3962 3939
3 7504 3939 6480
3 6480 3939 3962
3 5226 3660 3939
3 2796 3854 3939
3 3939 7504 2796
3 1795 6398 7504
3 6398 1795 4487
3 4487 1308 6051
3 4487 6051 6398
3 3373 8180 6554
3 3373 6554 6496
3 3373 6496 2597
3 2597 6496 3781
3 434 4345 4549
3 7632 4345 3440
3 4549 4345 7632
3 7632 3440 3252
3 6001 3440 4345
3 2954 7632 3164
3 3164 7632 3252
3 4720 3164 494
3 494 3164 244
3 244 3164 3252
3 494 6364 7749
3 494 7749 5095
3 7609 7749 1895
3 6364 1895 7749
3 1895 6364 5793
3 5793 6364 7912
3 3933 1895 5793
3 3933 5793 8297
3 6811 8342 3638
3 6811 3638 7909
3 6811 7909 218
3 7909 3638 8279
3 8342 6811 3135
3 3135 6811 6267
3 6267 6811 402
3 402 6811 1339
3 8376 8342 3135
3 4211 7585 7019
3 4211 7019 7931
3 8342 7931 7019
3 6301 3580 7002
3 7002 3580 2233
3 2233 5999 5522
3 5999 2233 3580
3 7072 3119 5999
3 7072 5999 4763
3 4763 5 4283
3 3555 1481 2391
3 2391 1481 6505
3 3555 2391 7222
3 7222 4283 3555
3 3866 7222 1079
3 1079 7222 2391
3 1079 2391 3515
3 2757 1079 4641
3 3515 4641 1079
3 2728 6591 5362
3 2728 5362 1776
3 1776 5362 2277
3 2277 5362 3277
3 5523 1776 2277
3 7283 5523 2277
3 7283 2277 3277
3 5374 7851 2792
3 5374 2792 4288
3 7911 2952 5374
3 7911 5374 273
3 5374 2952 4994
3 6903 7911 2840
3 6903 2840 3104
3 2840 7911 273
3 4637 3104 2840
3 4637 2840 4564
3 4564 2840 273
3 7996 4637 6265
3 6265 4637 4564
3 6443 7996 6247
3 6443 6247 7916
3 1041 8175 5104
3 1041 5104 679
3 2765 1041 679
3 679 5104 961
3 5104 4412 961
3 4797 5104 8175
3 8175 1041 6647
3 6647 1041 2765
3 2765 679 5718
3 5718 679 6443
3 6443 679 961
3 6443 961 2660
3 2660 961 4412
3 4797 4412 5104
3 7203 5844 2159
3 2379 7203 2159
3 2379 8057 3573
3 8057 2379 2159
3 2752 7539 5171
3 6565 2545 2752
3 6565 2752 3741
3 1070 2752 2545
3 5646 4166 736
3 736 4166 6565
3 736 6565 3741
3 3363 932 2030
3 818 2030 4166
3 4166 2030 932
3 4166 932 6565
3 822 4535 2030
3 3854 822 922
3 2030 922 822
3 922 2030 6696
3 4432 3854 922
3 5226 3854 4432
3 2545 6565 5392
3 2545 5392 291
3 2545 291 1070
3 1070 291 8051
3 6437 8051 291
3 3342 6437 5392
3 3342 5392 3363
3 5392 6437 291
3 8365 5040 6051
3 1308 8365 6051
3 742 6695 8365
3 5213 2743 3996
3 2743 5213 5339
3 5339 5213 8365
3 8365 5213 742
3 3560 561 120
3 6146 7001 3107
3 6023 6294 1170
3 6023 1170 4694
3 1170 6146 3107
3 6146 1170 6294
3 258 2581 2579
3 2579 2581 1170
3 2579 1170 4005
3 1170 2581 4694
3 5020 258 2579
3 7099 2579 4005
3 3494 2069 2579
3 3494 2579 7099
3 3494 7099 2954
3 4720 2069 3494
3 4720 3494 2954
3 4720 2954 3164
3 7632 2954 7099
3 1793 5095 7749
3 8437 2373 7182
3 1793 8437 5020
3 20 5321 3863
3 20 3863 4752
3 4752 3863 4918
3 3873 7184 3863
3 3873 3863 5321
3 6767 4397 6491
3 6491 4918 158
3 158 4918 753
3 4918 6491 4397
3 6408 6491 158
3 7609 6408 4634
3 6135 4634 976
3 7749 7609 1800
3 1800 7609 4634
3 1800 4634 6135
3 4233 6408 7675
3 4233 7675 8297
3 7675 6408 7609
3 1895 3933 7609
3 7609 3933 7675
3 6491 6408 4233
3 6491 4233 201
3 201 4233 1036
3 1036 4233 8297
3 7048 1036 8297
3 1036 7048 201
3 4517 1599 423
3 423 1599 6873
3 8279 2474 7909
3 7019 8279 3638
3 7019 3638 8342
3 8367 5176 6278
3 5176 8367 2896
3 5376 5740 3570
3 4140 3570 4569
3 4569 3570 7585
3 3479 7585 3570
3 4442 3570 4140
3 3570 4442 5376
3 3402 7101 4442
3 4763 4078 7072
3 5199 5361 2185
3 5361 5199 5325
3 855 2185 1301
3 5361 1301 2185
3 3307 1301 5041
3 3307 5041 3233
3 5361 1 5041
3 5361 5041 1301
3 4685 5939 5523
3 7803 4685 3355
3 8165 2975 4387
3 4387 2975 3355
3 3355 2975 7803
3 8484 7566 7604
3 6850 7566 2952
3 2952 7566 4994
3 2028 6903 3104
3 6903 2028 6850
3 6903 6850 7911
3 6351 2028 3104
3 4797 8175 6351
3 3254 8175 531
3 531 8175 3840
3 6179 6960 3029
3 8466 6647 2765
3 8466 2765 7203
3 7203 2765 5718
3 8466 7203 2379
3 3573 8466 2379
3 8466 3573 5476
3 8371 8466 7442
3 7442 8466 5476
3 4926 1034 8199
3 1034 4926 8450
3 1812 1034 924
3 3996 924 1034
3 3996 1034 8450
3 8199 1812 6864
3 2741 6864 924
3 924 6864 1812
3 7746 6864 2411
3 2411 6864 2741
3 7927 7944 7001
3 6146 7927 7001
3 6023 6832 6294
3 5683 5609 1297
3 7230 1297 8487
3 1581 7230 8437
3 8487 8437 7230
3 1830 4306 4417
3 4940 7129 1830
3 4940 1830 4417
3 7202 4940 1903
3 5007 7761 7202
3 5007 7202 4752
3 20 4752 1903
3 1903 4752 7202
3 7791 7761 5007
3 3799 5753 1599
3 5971 1599 5753
3 6145 8208 5585
3 5491 6145 5585
3 8364 6145 5491
3 2600 5557 202
3 202 5557 8364
3 234 7825 8364
3 234 8364 5491
3 202 8364 7825
3 202 7825 7443
3 7443 7825 2166
3 2166 7825 1555
3 4497 7443 2166
3 6278 5176 2474
3 2474 5176 1555
3 7443 3714 1258
3 4497 3714 7443
3 2673 7046 1258
3 2673 1258 3714
3 2673 3714 1936
3 1936 3714 1435
3 1435 3714 4497
3 1435 4497 4611
3 1732 1936 1435
3 1732 1435 4611
3 5243 6777 1732
3 4611 5243 1732
3 7470 4561 4373
3 3361 2746 7098
3 2746 4373 5740
3 5376 7101 2746
3 5376 2746 5740
3 2746 7101 7098
3 300 7101 2482
3 300 2482 8049
3 2482 7101 1635
3 5199 1635 3402
3 3402 1635 7101
3 2482 1635 5199
3 6103 7098 8049
3 6103 8049 7007
3 5292 7007 1707
3 8049 1707 7007
3 8228 1707 3598
3 7409 6880 2908
3 7409 2908 8502
3 322 7702 470
3 6992 322 2850
3 2850 322 4507
3 3069 7333 2850
3 3069 2850 4507
3 3069 4507 5795
3 5795 4507 5251
3 6107 5251 7402
3 6363 7402 1497
3 6363 1497 7136
3 6299 4188 5572
3 5572 4188 2975
3 5572 2975 320
3 1497 4188 6299
3 2470 6299 5572
3 2470 5572 3661
3 3661 5572 3291
3 4776 8484 7604
3 7876 4776 3061
3 1447 4313 7832
3 3254 531 4033
3 8250 2598 6179
3 8250 8371 1128
3 2598 8250 7111
3 7111 8250 3308
3 7111 3308 7310
3 4725 7310 3308
3 4725 3308 2584
3 2584 3308 6358
3 8250 6358 3308
3 7987 7310 4725
3 5261 4725 2584
3 5261 2584 6358
3 4204 4725 5261
3 8450 4204 5261
3 1910 4725 4204
3 8199 1910 4926
3 4926 1910 4204
3 4926 4204 8450
3 8199 6864 7746
3 3868 6821 940
3 3868 940 5943
3 7927 5943 5345
3 7927 5345 7944
3 5830 7626 1465
3 1465 7626 121
3 6352 2354 7813
3 7135 2354 1465
3 1465 2354 6352
3 7135 7813 2354
3 1227 3500 7813
3 1227 7813 3312
3 4269 7515 2880
3 8403 4269 2678
3 2678 4269 2880
3 6314 2417 4554
3 553 7334 6106
3 6106 6314 4554
3 6314 6106 7334
3 6314 7334 7255
3 5683 7334 5609
3 7334 553 5609
3 5609 553 6106
3 6 7255 7334
3 6 7334 2227
3 2227 7334 5683
3 6855 2227 5683
3 1297 6855 5683
3 6855 7230 3534
3 2227 6855 5163
3 2742 2993 5163
3 2742 5163 1696
3 1696 5163 7129
3 7216 1696 6633
3 7202 7194 4940
3 2582 7194 4454
3 1923 6678 5560
3 6636 1923 5560
3 1841 6636 5317
3 5317 6636 5560
3 8053 8325 388
3 8192 6592 4212
3 8192 6991 6592
3 951 6592 3088
3 7942 951 3088
3 7942 3088 8080
3 8080 3088 7046
3 2673 8080 7046
3 8080 2673 2075
3 2075 2673 1936
3 5431 8080 2075
3 2228 5228 5057
3 3375 5228 8483
3 5243 5228 6777
3 6716 3375 8483
3 1870 6768 2805
3 209 6768 6103
3 6103 6768 1870
3 5544 7007 3053
3 2458 5544 3053
3 2458 3744 5544
3 8414 3808 3744
3 8414 3744 2458
3 2458 3053 5292
3 4318 2891 2458
3 4318 2458 4529
3 1269 6884 8122
3 1269 8122 898
3 8122 6884 6880
3 7816 8122 6880
3 7816 6880 7409
3 3118 7816 7409
3 3118 7409 2682
3 3118 2682 3194
3 3194 2682 8029
3 5495 5540 8029
3 6697 7897 3069
3 6697 3069 5795
3 7333 3069 7897
3 7630 7897 6697
3 3583 7630 6697
3 3583 6697 5795
3 6107 7630 3583
3 2859 4416 1407
3 2859 1407 7536
3 7536 1407 6363
3 6363 2486 7536
3 5553 7136 714
3 4195 1230 2774
3 7842 1071 7247
3 1230 7801 7247
3 1230 7247 2774
3 2774 7247 1071
3 8079 2470 3661
3 7801 2470 8079
3 7801 8079 7247
3 2807 8079 4482
3 4482 8079 4965
3 7153 7766 5027
3 2475 7153 3061
3 2475 3061 1614
3 5471 7576 7144
3 5459 6155 603
3 603 6155 6737
3 7424 603 6737
3 7424 6737 2276
3 6404 6214 3650
3 3148 317 6404
3 3148 6404 3650
3 6404 317 3706
3 3706 317 1426
3 1426 317 3148
3 3148 3650 1151
3 3177 1426 3148
3 3177 3148 5785
3 3148 1151 5785
3 7310 7987 6009
3 7310 6009 7111
3 6821 7987 1159
3 1159 7987 4725
3 7746 1159 1910
3 7746 1910 8199
3 1910 1159 4725
3 6555 6821 6550
3 6821 3868 6550
3 3868 2305 6550
3 6555 6550 3177
3 3177 6550 1248
3 6550 2305 1248
3 2647 44 4199
3 1248 4199 44
3 1248 44 3177
3 6339 3705 2647
3 6339 2647 7356
3 4199 7356 2647
3 6339 3752 890
3 5281 6465 4189
3 4189 6465 6352
3 6352 6465 7808
3 7813 4189 6352
3 538 5281 2923
3 1017 2961 3134
3 8403 7567 4743
3 8403 4743 4269
3 7564 8403 2417
3 5053 2793 6314
3 7255 2885 5053
3 6314 7255 5053
3 2417 6314 2793
3 2417 2793 7564
3 3590 6462 2793
3 3590 2885 7079
3 5053 2885 3590
3 5053 3590 2793
3 3773 7079 2885
3 7756 1022 8394
3 7756 8394 4325
3 8394 1022 3965
3 3965 1022 2993
3 4632 4325 8394
3 6124 1452 8394
3 6124 8394 2742
3 8394 3965 2742
3 883 6124 2742
3 8394 1452 4632
3 2097 5141 6124
3 3055 2097 883
3 883 2097 6124
3 6124 5141 1452
3 1452 5141 4632
3 4371 6585 5282
3 5477 6585 4371
3 5282 6585 5264
3 1130 6636 5942
3 5942 6636 6303
3 6303 6636 1841
3 1923 6636 1130
3 8107 4810 8325
3 8107 8325 4414
3 8290 8325 1999
3 6701 4414 3505
3 3505 4414 8325
3 3505 6547 6308
3 6701 3505 6308
3 6547 3505 8325
3 6308 7905 6701
3 7905 6308 3530
3 5316 7905 1224
3 8236 7905 5316
3 8236 5316 2444
3 7810 1224 3443
3 5316 1224 7810
3 5316 7810 1736
3 5316 1736 2444
3 3083 4730 7810
3 3083 7810 6772
3 6772 7810 3443
3 5479 5431 6035
3 6575 2228 3864
3 2228 5057 3864
3 7343 2100 6575
3 3057 3785 7435
3 3785 3057 6575
3 6575 3057 7343
3 3111 327 6959
3 6959 327 7989
3 7989 327 555
3 555 7435 7989
3 6961 7435 555
3 5963 6961 3111
3 3111 6961 327
3 327 6961 555
3 1686 719 631
3 631 719 5963
3 1686 631 6882
3 631 5963 3111
3 8138 5963 1686
3 1686 6882 5808
3 6882 631 4243
3 4243 631 3111
3 1686 5963 719
3 1058 6882 6887
3 6887 6882 3168
3 6887 3168 5157
3 2890 7022 4950
3 2890 4950 5301
3 2890 5301 4848
3 4950 7022 1229
3 2890 4848 3881
3 2890 3881 557
3 2890 557 7022
3 3977 834 5703
3 2949 834 3977
3 6493 4877 627
3 6493 627 1180
3 6337 1180 627
3 2039 6337 627
3 2039 627 5010
3 6875 1180 6337
3 6875 6337 7653
3 1180 6875 6493
3 2466 4579 6031
3 4579 2466 524
3 4579 524 5985
3 5875 4579 6634
3 5985 6634 4579
3 6031 4579 7259
3 7284 7069 4894
3 7069 7284 2431
3 5391 1741 4025
3 4025 1741 1932
3 2651 1741 5391
3 5589 1266 6096
3 4301 5589 6096
3 2720 6096 1266
3 384 1266 5589
3 3552 4268 2125
3 2125 2580 4114
3 2580 2125 4268
3 7416 5172 6342
3 6342 5172 5858
3 3365 7416 6342
3 3365 6342 4719
3 6342 5858 8317
3 4719 6342 8317
3 643 5658 8291
3 643 8291 2084
3 643 2084 6350
3 1115 6350 2084
3 3914 1115 5154
3 2084 5154 1115
3 1613 3341 2530
3 8237 1613 5406
3 5406 1613 3914
3 2794 6557 8237
3 2794 8237 6271
3 2930 6557 2794
3 6557 2930 8309
3 6557 8309 1770
3 6256 2930 634
3 2930 2794 634
3 2189 6256 634
3 634 7141 2189
3 5558 2189 7141
3 7141 2794 923
3 2794 7141 634
3 6256 2189 7886
3 7886 2189 5558
3 8309 6256 8490
3 6256 7886 8490
3 3234 5500 6448
3 6448 849 5087
3 2931 640 7627
3 2931 7627 1808
3 7627 640 7685
3 5404 468 2931
3 7705 5404 946
3 946 5404 2931
3 946 2931 4968
3 3587 7705 3811
3 1735 8283 6816
3 8071 6264 6944
3 8137 8071 6944
3 8137 6944 1489
3 5332 3198 7715
3 2406 8137 5704
3 2406 5704 6101
3 2882 4382 5982
3 6234 3692 5982
3 5982 3692 2882
3 6234 5466 3692
3 1794 5359 7970
3 5827 1745 6049
3 5902 5827 6049
3 5946 4056 2576
3 5946 2576 2109
3 2109 2576 6049
3 6049 2576 5902
3 4056 7171 7840
3 6196 7171 8242
3 1645 8242 7171
3 1645 7171 4056
3 6438 8242 1645
3 6438 1645 8012
3 6438 2337 8242
3 7171 6196 7840
3 8281 1553 3893
3 1862 8281 3893
3 5902 1553 8281
3 6196 3893 7840
3 7840 3893 1553
3 5902 7840 1553
3 5083 2833 583
3 5083 583 1819
3 4978 7727 8281
3 5083 4978 8281
3 8281 7727 5902
3 1819 4978 5083
3 7727 4978 5849
3 5849 4978 3492
3 1819 3492 4978
3 5883 3492 3294
3 5883 3294 8095
3 8095 3294 6994
3 8095 6994 2143
3 3732 7314 1608
3 8201 5549 295
3 295 5549 5122
3 295 5122 2523
3 2745 5173 5654
3 3723 5173 2745
3 5379 7638 5654
3 5379 5654 5173
3 5379 5173 6415
3 2556 6415 4388
3 2556 4388 6613
3 7650 4388 6415
3 4903 4388 8430
3 8430 4388 7650
3 314 4903 8430
3 6320 6080 7580
3 8454 5966 6320
3 8454 6320 7580
3 1876 5966 4992
3 1876 4992 4336
3 8372 5447 4768
3 4768 1876 4336
3 1876 4768 5447
3 7976 1516 7538
3 4768 7538 1516
3 6070 7538 4336
3 6769 7538 4840
3 4840 7538 6070
3 7976 7538 6769
3 2962 6769 4840
3 2962 4840 8268
3 6070 2132 4840
3 4840 2132 8268
3 5772 8268 2132
3 5772 2132 8112
3 8112 2132 6070
3 5848 6769 2962
3 5848 2962 5333
3 1791 5333 8268
3 2962 8268 5333
3 2268 5848 5333
3 2268 5333 1791
3 2268 1791 8319
3 5895 8319 1791
3 213 5848 3278
3 213 3278 5647
3 213 5647 7941
3 2268 3278 5848
3 8084 2268 8319
3 2268 8084 3278
3 3278 8084 8346
3 3278 8346 5647
3 6964 5647 8346
3 5776 5960 2343
3 5776 2343 8090
3 8090 2343 5427
3 8090 5427 5911
3 8090 5911 5591
3 5591 5911 7781
3 5716 7929 8144
3 2648 5716 3612
3 7623 569 3612
3 569 4912 3612
3 569 7623 30
3 7623 3612 6306
3 5775 5105 1914
3 1914 5105 7623
3 1914 7623 6306
3 7623 5105 30
3 4912 2239 4773
3 7929 5716 2648
3 5277 7929 7631
3 2358 7631 2648
3 2648 7631 7929
3 2148 4323 2331
3 2331 4323 3572
3 3572 4323 5630
3 3572 5630 6789
3 1565 721 373
3 4318 1565 1048
3 2891 1048 7690
3 7690 1048 373
3 7690 373 7492
3 373 1048 1565
3 5238 8187 8122
3 8122 8187 898
3 63 5238 7816
3 7376 3116 6958
3 3093 6958 3116
3 3118 3116 63
3 63 3116 7376
3 3194 8029 3093
3 3093 8029 8177
3 3194 3093 3116
3 3118 3194 3116
3 3093 8177 6958
3 7376 6958 7145
3 7145 6958 8177
3 3159 4931 8177
3 5540 610 8029
3 8029 610 7009
3 8029 7009 8177
3 8177 7009 3159
3 4093 4931 3159
3 4093 3159 7009
3 4093 7009 4131
3 4931 4093 6113
3 5126 6113 2585
3 2585 6113 4093
3 2585 4093 4131
3 19 5233 5126
3 19 5126 2585
3 5991 19 2585
3 5991 2585 1689
3 6082 5991 1689
3 7897 6082 7333
3 7333 6082 1689
3 7630 6082 7897
3 5991 6082 7630
3 19 5991 6250
3 19 6250 5233
3 6250 5991 6107
3 2859 1898 4416
3 7940 1898 2859
3 3285 7940 2859
3 7940 3285 183
3 2428 183 3285
3 2428 3285 2486
3 7536 2486 3285
3 1025 2428 6548
3 2428 1025 3260
3 5125 498 3751
3 2955 3751 6548
3 6548 3751 498
3 6956 2955 6548
3 2774 3267 4195
3 2955 4195 3267
3 4195 2955 6956
3 2955 3267 1215
3 7965 567 4019
3 472 4675 4850
3 472 3899 4675
3 2996 7358 7219
3 7219 7358 5846
3 5846 7358 3899
3 5846 3899 746
3 5132 7173 7219
3 5132 7219 5846
3 1379 5846 958
3 780 881 4321
3 4321 881 1695
3 1695 881 7842
3 1695 7842 2807
3 145 691 4528
3 4528 691 597
3 691 6316 597
3 4528 597 2274
3 3309 4238 691
3 3309 691 145
3 3309 145 2216
3 2216 145 4528
3 6831 2274 597
3 6831 597 6316
3 6316 691 4238
3 2216 4528 5929
3 5929 4528 2274
3 7153 5929 7766
3 7766 5929 2274
3 6831 7766 2274
3 2216 5929 2475
3 2475 5929 7153
3 3309 2216 3304
3 8086 4589 8310
3 2146 4589 8086
3 8310 4589 7085
3 7085 4589 3910
3 3910 4589 2146
3 7085 3910 3392
3 7866 4666 7085
3 7866 7085 3392
3 7866 3392 4558
3 6155 2493 6737
3 6737 2493 5471
3 3235 680 541
3 5663 8252 680
3 5663 680 3235
3 3100 3235 541
3 3100 541 4239
3 4239 541 7866
3 7866 541 680
3 7866 680 8252
3 7424 5459 603
3 6339 890 1953
3 6339 1953 2744
3 6172 7105 2744
3 6172 2744 1953
3 6172 1953 4928
3 4928 1953 6533
3 2672 6465 538
3 2672 538 548
3 3359 2461 6570
3 6067 3359 6570
3 633 3590 3008
3 6520 6338 3008
3 5109 6520 3008
3 5109 3008 1928
3 7922 5109 1928
3 6207 7922 4126
3 7160 6207 4126
3 4884 7160 7756
3 4580 7089 7967
3 7967 7089 8445
3 6262 7147 4580
3 6262 5141 7319
3 7319 5141 2097
3 4632 5141 4580
3 4580 5141 6262
3 7286 6262 7319
3 7286 7319 8108
3 8108 7319 6854
3 212 6854 7319
3 7414 6854 6640
3 8505 2219 1534
3 8505 1534 7898
3 7898 1534 3062
3 6640 7898 3062
3 2038 3062 1534
3 8396 7064 3434
3 3434 7064 8107
3 7062 3434 8107
3 2252 7277 5408
3 7277 2252 7062
3 8236 8221 1984
3 8221 8236 5271
3 5271 8236 72
3 5271 72 1784
3 381 72 8236
3 381 8236 2444
3 3386 1192 2547
3 1192 3386 364
3 364 3386 7579
3 3961 2547 1192
3 1736 3961 1192
3 1736 4730 3961
3 1736 1192 364
3 5381 7579 3881
3 3881 7579 3386
3 3881 3386 557
3 2547 557 3386
3 4699 2721 5735
3 2721 4699 5381
3 5781 2043 6729
3 6729 2043 2721
3 2043 5735 2721
3 1874 7360 6729
3 1874 6729 451
3 1540 451 5703
3 5703 451 3977
3 2898 3883 5703
3 8195 1495 2644
3 8195 2644 3287
3 2644 1495 7345
3 6031 4035 2466
3 2667 3642 189
3 189 7069 2767
3 7069 189 3642
3 6904 2667 5008
3 6904 5008 7795
3 7795 5008 2767
3 2767 5008 189
3 189 5008 2667
3 5882 6670 7795
3 2651 5882 7795
3 2651 7795 1741
3 1741 7795 1932
3 4228 2017 2732
3 7177 2732 2017
3 7177 2017 165
3 2014 7018 7177
3 2014 7177 2459
3 2459 7177 3324
3 8422 2014 2459
3 8019 2014 8422
3 8474 8422 3324
3 2459 3324 8422
3 3838 7428 8420
3 4268 3838 2580
3 2580 3838 8420
3 6886 1102 5054
3 7416 2467 5172
3 5757 6886 2467
3 3480 5757 2467
3 6357 4434 1360
3 4434 3480 7229
3 5757 3480 4434
3 6230 6357 1360
3 6230 1360 7229
3 7229 1360 4434
3 148 6230 7229
3 7093 2989 5886
3 5886 2989 4095
3 5886 4095 647
3 263 647 4095
3 3365 194 4095
3 8240 194 3365
3 8240 4719 8317
3 4719 8240 3365
3 6709 5886 647
3 6709 647 2478
3 6709 2478 5937
3 263 2478 647
3 1971 5937 2478
3 1971 2478 3105
3 3105 2478 263
3 5809 1155 1503
3 5658 5809 8240
3 8240 5809 1503
3 1088 1155 5809
3 1088 5809 643
3 643 5809 5658
3 39 1155 5864
3 5864 1155 1088
3 8303 7359 5864
3 6350 7671 5864
3 5864 7671 4819
3 5864 4819 8303
3 4181 8303 4819
3 4181 4819 4182
3 4182 4819 6869
3 3369 6869 4819
3 3156 6869 5061
3 3156 5061 8267
3 3369 5061 6869
3 3158 5061 3369
3 5061 3158 8267
3 5229 1629 6557
3 6557 1629 8237
3 8237 1629 8267
3 6059 5421 3356
3 802 6059 3356
3 5404 1443 468
3 6385 8399 3686
3 2511 988 5223
3 2511 5223 1114
3 2511 1114 5299
3 6264 2511 6944
3 6944 2511 3275
3 5299 3275 2511
3 2378 7773 1175
3 1175 7773 3395
3 2378 5216 7773
3 6169 3395 7773
3 5839 6169 7773
3 5839 7773 8249
3 4788 8249 7773
3 717 6169 5839
3 503 6169 717
3 2406 717 5839
3 2406 8249 8137
3 8249 2406 5839
3 2440 503 5532
3 7288 2440 5532
3 7288 3692 8004
3 2882 3692 7288
3 5532 2882 7288
3 7755 7871 7288
3 8004 7755 7288
3 7288 7871 2440
3 241 7755 8004
3 241 8004 6266
3 7970 1745 5319
3 1141 4748 4791
3 1141 4791 7552
3 2171 1141 7552
3 2171 7552 7352
3 1803 7352 7552
3 4748 1141 2226
3 2226 1141 2171
3 2226 2171 5849
3 5849 2171 7727
3 7727 2171 7352
3 8369 4748 2226
3 8369 2226 2501
3 2501 2226 7582
3 2143 1758 8095
3 8095 1758 3170
3 8095 3170 7582
3 6910 7041 6949
3 6949 7041 2972
3 2494 7314 3732
3 7314 2494 6016
3 6016 2494 2608
3 2608 2494 6749
3 2124 3576 6749
3 2124 6749 2566
3 295 2523 8201
3 5654 8401 2745
3 2745 8401 827
3 137 827 8401
3 137 8401 5534
3 3816 5434 7638
3 3816 7638 5379
3 6879 3816 5379
3 2607 5434 3816
3 2607 3816 6879
3 6879 5379 2556
3 6613 6879 2556
3 1364 2607 606
3 606 2607 6879
3 2607 1364 5434
3 1364 606 488
3 6613 488 606
3 6613 606 6879
3 5434 1364 2115
3 2115 1364 4598
3 4598 1364 488
3 4596 3793 2770
3 4596 2770 5515
3 5515 2770 3564
3 2770 3793 1513
3 6320 5515 3564
3 6320 3564 6080
3 5966 5515 6320
3 1507 7348 3793
3 1507 4596 8372
3 8372 4596 5447
3 3224 7348 1507
3 3224 1507 8372
3 3793 4596 1507
3 5984 248 6317
3 7976 6317 1516
3 213 7941 7976
3 213 7976 6769
3 213 6769 5848
3 3224 1844 7348
3 2211 6116 2220
3 2211 2220 5037
3 5037 2220 5184
3 506 6576 5037
3 4855 6576 4729
3 4729 6576 506
3 2852 506 5037
3 3185 4855 4729
3 7781 3185 4729
3 7781 4729 5591
3 5591 4729 2852
3 506 2852 4729
3 8090 5591 2852
3 4855 3185 1365
3 7080 3185 7781
3 3185 7080 1365
3 1365 7080 2623
3 6997 7080 7781
3 6125 5277 3736
3 6125 5630 3343
3 6125 3343 1235
3 5630 6125 3736
3 4323 3343 5630
3 7495 3771 3600
3 2158 4282 350
3 2158 350 3572
3 7145 5117 4500
3 7145 7716 7376
3 7376 7716 8187
3 5405 7716 7145
3 5405 7145 4500
3 1996 7739 7588
3 1996 6659 1961
3 6659 1996 7588
3 6659 7588 6669
3 5674 5965 7598
3 1148 7598 1356
3 1148 1356 5000
3 5000 1356 3246
3 6113 1356 7598
3 4931 7598 5965
3 1518 3246 1356
3 1518 1356 6113
3 6113 7598 4931
3 1898 7940 2304
3 6635 4344 134
3 6635 134 5125
3 6635 5125 1215
3 498 5125 134
3 1239 4344 6635
3 7965 1239 6635
3 4675 6976 2628
3 6441 4750 1891
3 5997 1891 4750
3 5997 4750 6225
3 1564 6441 6736
3 7358 1891 5997
3 1440 6736 6441
3 1440 6441 2996
3 2996 6441 1891
3 2996 1891 7358
3 5822 6736 1440
3 5822 1440 1774
3 1774 1440 4180
3 4746 1245 1504
3 6316 4746 1504
3 5578 609 2596
3 2596 609 6618
3 2596 6618 5297
3 5677 5297 6618
3 8215 5677 8086
3 8252 7924 4666
3 8252 5663 7383
3 6172 4928 4364
3 6172 4364 6862
3 6862 4364 3100
3 3100 4364 3235
3 3235 4364 1880
3 1880 4364 2487
3 2487 4364 7819
3 7819 4364 4928
3 2565 2320 2487
3 4082 2487 2320
3 2565 2487 7819
3 7819 7624 2565
3 815 7624 7985
3 7747 2672 4075
3 2672 7747 460
3 2672 460 2525
3 460 7747 4384
3 5669 7747 7363
3 5669 7363 8013
3 2461 7363 7747
3 3874 5263 7363
3 3359 7363 2461
3 1884 3874 6338
3 1884 6338 6520
3 2995 3874 1884
3 1948 5347 6520
3 6520 5347 1884
3 1884 5347 8065
3 1884 8065 2995
3 8065 5347 6651
3 6651 5347 7922
3 5109 7922 5347
3 5109 5347 1948
3 5109 1948 6520
3 5262 7207 8065
3 5262 8065 6651
3 5162 7006 6651
3 6447 7006 5162
3 7922 5162 6651
3 6207 5162 7922
3 5162 6207 3923
3 5162 3923 6447
3 6849 5337 7245
3 7089 8313 7328
3 7089 7328 8445
3 2943 7286 8108
3 7286 7147 6262
3 8373 8294 2018
3 3916 7301 1627
3 7301 3916 6815
3 6815 3916 8373
3 222 7301 6815
3 222 6815 5350
3 8131 7301 222
3 2051 6374 8359
3 2051 2219 6374
3 6374 2219 8038
3 1311 7898 5186
3 5186 7898 7754
3 1311 5186 8505
3 7510 8505 5186
3 7510 5186 4292
3 4292 5186 7754
3 8505 7898 1311
3 427 5942 6303
3 540 660 427
3 4915 540 3778
3 3778 540 427
3 5555 660 540
3 5555 540 5690
3 5690 540 4915
3 3778 427 8396
3 2904 4915 7062
3 1708 7062 3778
3 1708 3778 8396
3 3778 7062 4915
3 5408 2904 2252
3 2252 2904 7062
3 7149 7936 6672
3 7149 6672 6426
3 6672 7936 5408
3 1219 6426 6672
3 5766 7737 6387
3 7614 4123 404
3 2498 7614 5271
3 2498 5271 7652
3 5271 7614 8221
3 8221 7614 404
3 8221 404 6387
3 5791 5735 4111
3 5781 4111 2043
3 2043 4111 5735
3 4111 5781 1485
3 5930 7225 2876
3 5930 2876 5349
3 2876 7225 4465
3 7014 7955 2876
3 7955 8402 2876
3 8402 5349 2876
3 7014 749 7955
3 1387 4403 7014
3 1387 7014 3926
3 7014 4403 984
3 1387 3926 4769
3 4769 3926 2085
3 2085 3926 3287
3 5782 8417 4539
3 5782 4539 7869
3 7680 7869 5255
3 6459 6941 7680
3 6459 7680 5255
3 4616 4228 2732
3 1281 7516 4158
3 7051 3691 4071
3 2550 3691 27
3 27 3691 4929
3 3691 2550 4071
3 2917 2550 8019
3 8019 27 5149
3 27 8019 2550
3 178 2917 8422
3 8019 8422 2917
3 4455 6392 8350
3 8389 2236 8350
3 582 8389 4045
3 8350 4045 8389
3 4468 8389 582
3 4468 582 3439
3 3439 582 4045
3 4041 3439 5757
3 4434 6357 4041
3 4434 4041 5757
3 8389 4468 7531
3 7531 4468 2161
3 2161 4041 6357
3 4041 2161 4468
3 7531 2161 5633
3 7952 1801 7017
3 7093 5573 2067
3 3737 7093 6709
3 3737 6709 5937
3 3737 5937 7548
3 7548 5937 5429
3 1971 142 5429
3 142 1971 3105
3 2974 4182 6869
3 4181 4182 775
3 4181 775 2671
3 8021 2671 775
3 8021 775 1820
3 1820 775 4182
3 1820 4182 2974
3 7280 2974 5363
3 7280 5363 8111
3 5363 2974 6869
3 3156 6198 5363
3 6198 3156 8267
3 1629 5229 5828
3 1629 5828 6528
3 6210 1763 448
3 7786 3098 1763
3 3098 7786 8052
3 7163 2378 8052
3 6059 7163 8052
3 6059 8052 5421
3 5421 8052 7561
3 1175 3395 2265
3 7373 6359 6384
3 6384 6359 2339
3 241 5730 7755
3 7755 5730 2416
3 5599 6266 6817
3 7662 7168 5554
3 7662 5554 5614
3 1803 7662 5614
3 4791 7168 7552
3 7552 7168 7662
3 1111 7168 4791
3 1111 4791 1829
3 1803 7552 7662
3 4748 1829 4791
3 7908 1829 4748
3 2501 4658 8369
3 1123 4979 5152
3 1123 5152 8488
3 3399 5152 1758
3 1758 5152 3170
3 3170 5152 4512
3 4512 5152 4979
3 2143 3399 1758
3 1377 4490 2972
3 2972 4490 6949
3 6016 7041 7314
3 996 2782 2124
3 3354 996 2124
3 6212 2751 5711
3 7901 5711 8401
3 7901 8401 502
3 8401 5711 5534
3 8486 502 8401
3 6212 5711 7901
3 502 8486 7901
3 5073 6212 7901
3 7600 5073 7901
3 5955 3571 3225
3 5955 3225 1156
3 3225 3571 323
3 5434 2115 1156
3 5434 1156 3225
3 5434 3225 7638
3 7638 3225 5298
3 1418 3571 5955
3 1418 5955 2211
3 2211 5955 6116
3 1179 2637 293
3 4855 2835 6526
3 4855 6526 6576
3 6576 6526 1179
3 6526 3284 6396
3 2637 1179 6396
3 2835 3284 6526
3 6526 6396 1179
3 7720 3284 7013
3 6396 3284 7720
3 7720 7013 657
3 1961 7739 1996
3 4649 2184 724
3 724 2184 1961
3 1961 2184 7739
3 7994 724 331
3 6126 7994 331
3 235 7339 6946
3 7856 6126 331
3 7856 7339 235
3 6659 131 7856
3 6669 2605 131
3 6669 131 6659
3 7856 131 7339
3 7339 131 2605
3 1148 5000 5143
3 1148 5143 5033
3 5033 5143 286
3 4814 286 5143
3 4814 5143 2497
3 2497 5143 5000
3 2438 1006 5957
3 2438 5957 5986
3 7529 5957 1006
3 7529 1006 2497
3 7529 2497 5856
3 6900 4625 7322
3 1107 1649 3409
3 7657 3409 6790
3 3409 7657 2181
3 3880 2181 7657
3 1639 5200 6205
3 6205 5200 5474
3 6976 6969 3790
3 6976 3790 2628
3 2628 3790 401
3 3280 6969 6976
3 3280 6976 7591
3 3045 2049 5446
3 6883 7276 2783
3 6883 2783 5446
3 6883 5446 2049
3 989 6883 4750
3 989 4750 6441
3 4750 6883 6225
3 435 6883 989
3 1564 989 6441
3 989 1564 435
3 3032 6580 435
3 3032 435 6430
3 2342 6580 3032
3 8501 3032 6430
3 1772 5845 4032
3 4032 5845 3005
3 5179 4343 4513
3 7390 3680 888
3 4262 2058 3680
3 462 888 2058
3 462 2058 4626
3 4626 2058 4262
3 4626 4262 7383
3 6693 7390 888
3 6693 888 462
3 3680 2058 888
3 6693 462 1949
3 2320 1949 4082
3 4082 1949 4626
3 4626 1949 462
3 1925 7291 1859
3 1859 8328 1925
3 1338 3157 8328
3 1338 8328 8013
3 8013 8328 5669
3 5669 8328 2860
3 7006 6447 6130
3 6651 7006 5262
3 7207 5262 7006
3 7207 7006 6130
3 2823 8043 5337
3 7245 5337 8043
3 7245 8043 6304
3 8405 1445 2823
3 8405 2823 6843
3 6843 2823 2946
3 5337 2946 2823
3 903 8412 5342
3 8412 903 5973
3 7243 7785 2368
3 7243 2368 4581
3 4581 2368 5342
3 5422 4782 2656
3 832 5422 2656
3 5302 8294 1560
3 1091 1560 8294
3 4094 1091 8373
3 4094 8373 3916
3 2462 4094 3916
3 2462 3916 1627
3 2045 1129 4094
3 2045 4094 2462
3 2045 2462 6660
3 6660 2462 2575
3 2575 2462 5160
3 7769 8359 8301
3 6374 5634 8359
3 5634 6374 8038
3 8301 5634 689
3 1856 6360 8459
3 8345 8459 2674
3 8345 1856 8459
3 7794 5150 6065
3 7794 6065 2760
3 7794 2760 4265
3 7510 4265 2760
3 7510 2760 6065
3 7510 6065 135
3 2066 8168 5648
3 5555 8213 7754
3 8168 2066 8213
3 8213 2066 7754
3 5690 8213 5555
3 193 8213 5690
3 193 5690 7936
3 8168 8213 193
3 8168 193 7149
3 7149 193 7936
3 4096 8168 7149
3 4096 7149 6426
3 5648 8168 4096
3 3562 5648 6638
3 6426 6638 4096
3 4096 6638 5648
3 3562 6638 4123
3 4991 3562 2390
3 2390 3562 1246
3 1246 3562 4123
3 686 7614 2498
3 7294 1246 686
3 7294 686 5291
3 5291 686 2498
3 4123 7614 686
3 4123 686 1246
3 5504 5291 1602
3 5504 1602 7351
3 1602 5291 7652
3 8318 3681 1602
3 8318 1602 7652
3 7983 3681 8318
3 5507 7983 8318
3 5507 4111 2116
3 4111 5507 8318
3 4111 8318 5791
3 5507 2116 8402
3 7955 7349 8402
3 5507 8402 7349
3 5507 7349 7983
3 3695 7955 7712
3 7590 7712 749
3 749 7712 7955
3 5582 2108 5695
3 5096 2108 8037
3 8037 2108 516
3 5782 6052 3431
3 3431 6052 5426
3 5782 7869 6052
3 6366 5426 6052
3 3625 1030 3047
3 186 5706 7279
3 1662 7279 5742
3 1662 5742 2740
3 7743 1662 7051
3 7051 1662 2740
3 6177 175 7743
3 2825 6177 3722
3 3722 6177 7051
3 7743 7051 6177
3 4420 4563 3722
3 4420 3722 4071
3 2675 4563 4420
3 2675 4420 7211
3 2675 7211 6081
3 6558 6081 7211
3 7211 2253 6558
3 2917 943 2253
3 1345 1902 4381
3 1345 4381 2614
3 1345 2614 7479
3 6238 2614 7411
3 3737 4070 7411
3 1842 6238 7411
3 1842 7411 5494
3 5494 7411 5796
3 5796 7411 6131
3 6131 7411 4070
3 7426 5796 6131
3 3256 7426 6261
3 3256 6261 1956
3 6261 6131 6996
3 6131 6261 7426
3 3993 1412 1956
3 3993 1956 6261
3 6261 6996 7692
3 6261 7692 3993
3 7692 6996 7679
3 651 7692 6627
3 8340 3993 651
3 8340 651 6627
3 8021 6627 7692
3 7692 651 3993
3 3649 7280 8111
3 2974 7280 1820
3 2068 2589 6198
3 2068 6198 5828
3 5828 6198 6528
3 4037 4519 2447
3 755 3616 4519
3 2447 4519 3616
3 3558 5142 5730
3 3558 5730 7908
3 3536 3558 2665
3 2665 3558 7908
3 265 6643 3429
3 8178 3429 2165
3 5581 8178 4592
3 5581 4592 6757
3 4592 8178 2165
3 4592 2165 4658
3 3364 6757 4592
3 3364 4592 1005
3 8207 1005 2686
3 1502 1005 7817
3 8207 7817 1005
3 7683 7817 3894
3 4858 5344 3894
3 5344 7683 3894
3 1123 4858 3894
3 1123 3894 4979
3 2590 5344 4858
3 4289 7683 5344
3 4289 5344 6710
3 3633 6710 5344
3 3633 5344 2590
3 2590 6916 3633
3 2317 6071 2652
3 2317 2652 4920
3 2317 4920 5259
3 7212 1831 1945
3 1945 1831 2267
3 1945 2267 4136
3 8438 2267 1831
3 8438 3351 8083
3 1618 7104 7600
3 1618 7600 7899
3 7899 8085 1618
3 8085 7899 5082
3 2637 3876 1418
3 2184 4649 4775
3 6946 6126 235
3 8426 6126 2883
3 5604 2883 5947
3 5947 2883 2078
3 5685 2078 6946
3 6946 2078 6126
3 6126 2078 2883
3 2438 1746 3048
3 4814 2438 3048
3 4814 3048 5525
3 286 4814 335
3 5986 1746 2438
3 1349 5957 2553
3 2553 5957 7529
3 5455 1687 1349
3 5455 1349 2553
3 2553 7529 2006
3 2006 7529 5856
3 5986 5957 1349
3 1083 4303 6420
3 1083 6420 3823
3 6420 4303 2327
3 6420 8269 3823
3 4503 3889 2553
3 4503 2553 2006
3 3889 5455 2553
3 1083 4503 2006
3 6064 3889 6094
3 6094 3889 1568
3 1568 3889 4503
3 6094 1568 1849
3 296 6094 2705
3 6751 2509 5419
3 2509 6751 6844
3 6844 6751 5681
3 8407 2509 4635
3 4635 2509 6844
3 8273 4475 3700
3 5474 8273 6205
3 3296 7116 6115
3 6115 7116 8226
3 8226 7116 6794
3 8226 6794 6028
3 6794 7116 6287
3 6028 6794 7450
3 6287 3405 6794
3 6794 3405 4816
3 6794 4816 7450
3 2662 3171 87
3 1667 2662 415
3 2662 87 7321
3 415 7321 1176
3 5090 7321 87
3 7321 415 2662
3 5090 5446 6241
3 6241 5446 6761
3 6761 5446 2783
3 7321 5090 6241
3 8124 2939 8188
3 8188 2939 5970
3 1818 6192 8124
3 1818 8124 8188
3 4173 6489 4714
3 3702 4714 2105
3 2105 4714 2128
3 2128 4714 6489
3 3945 3702 2105
3 3945 2105 4142
3 4142 2105 2128
3 4261 4142 6762
3 7937 6473 4261
3 6967 7937 4261
3 3680 7390 4125
3 1949 8427 6693
3 1925 918 7291
3 5100 918 1925
3 5100 1925 3228
3 5473 5100 1781
3 592 1781 5100
3 592 5100 3228
3 592 3228 5280
3 3907 1781 3385
3 1781 5722 3385
3 3907 3385 2063
3 5722 592 2002
3 592 5722 1781
3 2063 3385 2940
3 2940 3385 5722
3 7323 5722 2002
3 8405 4864 1617
3 7738 3444 8375
3 2691 7880 8375
3 7880 2691 1595
3 7880 1595 6598
3 5300 3897 1595
3 5300 1595 7785
3 4462 5300 7243
3 4462 3897 5300
3 7243 5300 7785
3 8141 4462 1436
3 8446 8141 6377
3 6377 8141 8307
3 3208 8307 4581
3 7500 5302 1560
3 5302 7500 6572
3 4824 4672 6661
3 6660 4824 6661
3 7027 554 5726
3 2900 554 7027
3 2900 7027 1813
3 5920 5726 554
3 5920 554 4088
3 4088 554 2900
3 5478 5726 8463
3 8463 5726 5920
3 7097 5478 8301
3 8301 5478 8463
3 5478 3766 3403
3 5478 7097 3766
3 7530 3403 3766
3 7530 3766 1305
3 7530 1305 6360
3 1305 3766 7097
3 5996 3403 7530
3 6564 5177 7530
3 6564 7530 985
3 6564 985 7656
3 4378 1856 8345
3 1856 4378 6360
3 8099 4617 8462
3 8462 8345 665
3 8345 8462 4617
3 8345 4617 4378
3 4378 4617 7656
3 8462 7557 7544
3 8462 7544 5741
3 6866 5741 7544
3 8099 8462 5741
3 7124 6866 7544
3 7124 7544 7557
3 7124 7557 5150
3 6445 7124 2287
3 5150 2287 7124
3 7794 2287 5150
3 7794 722 108
3 108 722 6714
3 108 6714 5244
3 2287 7794 108
3 2287 108 6445
3 6445 108 5244
3 6714 722 7794
3 4210 6714 3594
3 7862 4210 3594
3 2390 7294 3594
3 2390 3594 6714
3 2390 6714 4991
3 5244 6714 4210
3 5244 4210 7862
3 5504 7862 7294
3 3594 7294 7862
3 7351 7862 5504
3 7124 6445 7351
3 6866 7349 7955
3 6866 3695 5741
3 5741 3695 7712
3 7955 3695 6866
3 842 6657 5582
3 842 5582 3669
3 5695 3669 5582
3 2654 3669 2854
3 2854 3669 7893
3 2854 7893 2886
3 5402 5118 8354
3 8354 5118 5877
3 6563 8354 5877
3 5877 5190 6563
3 3431 5426 485
3 3431 485 8037
3 3431 8037 5782
3 5210 5786 7375
3 7199 5210 7375
3 1411 7199 1030
3 1411 1030 3625
3 1411 3625 4367
3 1729 2426 4186
3 3318 1729 1411
3 1411 1729 4186
3 1411 4186 7199
3 5706 2426 1729
3 5706 1729 3318
3 7279 5706 3318
3 7279 3318 5742
3 6095 7760 6243
3 6393 558 7760
3 6243 7760 2633
3 2633 7760 558
3 2633 558 4684
3 4684 558 6393
3 4684 6393 3428
3 186 5680 3777
3 5680 4359 5482
3 4359 5680 186
3 8254 4359 7279
3 8254 7279 1662
3 5739 1010 2825
3 2825 1010 105
3 1010 8254 105
3 6620 1010 5739
3 5739 2825 4732
3 6177 2825 105
3 6177 105 175
3 175 105 8254
3 8254 1010 6620
3 2412 7103 5245
3 2412 5245 1806
3 7645 22 6081
3 6081 22 2675
3 2675 22 5245
3 4101 7047 4548
3 3758 6642 4057
3 6642 3758 7559
3 8246 8448 8133
3 2775 8246 7053
3 1345 7479 4308
3 1345 4308 1902
3 6423 1842 5494
3 1956 8196 3256
3 1871 3256 572
3 5721 1871 572
3 5721 572 8227
3 8227 572 3256
3 3256 8196 8227
3 7426 3256 1871
3 7426 1871 3586
3 2296 8227 8196
3 6812 828 6551
3 4404 6551 828
3 4404 828 206
3 206 828 2300
3 3851 99 5581
3 8178 5581 99
3 4404 8178 6551
3 6551 8178 99
3 6551 99 3851
3 8356 1927 3835
3 3835 1927 5653
3 3835 5653 6757
3 1502 3364 1005
3 6757 3364 3835
3 3835 3364 1502
3 6139 7683 4289
3 6710 6139 4289
3 4332 6144 5123
3 6144 4332 6710
3 1945 4136 5874
3 7212 1945 2772
3 5217 1945 5874
3 1945 5217 2772
3 5506 6432 8039
3 5506 8039 2867
3 7772 4854 6046
3 4854 7772 2867
3 1766 1780 4401
3 777 6432 3059
3 777 3059 2702
3 4401 2702 1766
3 1766 2702 3059
3 6947 5485 2702
3 6947 2702 4401
3 5485 6947 2803
3 5409 2803 6947
3 2803 5409 5640
3 5409 6947 8426
3 8426 6947 4401
3 360 5640 8274
3 5409 8274 5640
3 5551 8274 3528
3 3528 8274 5409
3 3528 5409 2381
3 8426 2381 5409
3 8426 5604 2381
3 2883 5604 8426
3 6847 2381 5604
3 3528 2381 6847
3 5947 6847 5604
3 8014 6847 5947
3 3528 6847 5551
3 5551 6847 6724
3 6724 6847 8014
3 5601 6724 8014
3 5601 8014 5685
3 6724 2618 8274
3 2618 6724 5601
3 8274 5551 6724
3 1930 6245 8274
3 2826 8062 5986
3 5986 8062 5655
3 5986 5655 1746
3 98 5655 164
3 8062 2618 164
3 8062 164 5655
3 1746 5655 3048
3 3048 5655 98
3 3048 98 5525
3 5525 98 5601
3 5601 98 164
3 5601 164 2618
3 8334 6064 296
3 2887 8334 1915
3 5688 3559 2887
3 5688 2887 1915
3 2763 5688 1915
3 2763 1915 321
3 2763 321 5366
3 8497 5769 6255
3 3454 5119 6506
3 5119 8497 6255
3 8497 5119 3454
3 2129 2163 5119
3 1748 6751 5419
3 5419 8407 1748
3 5175 4103 6168
3 6168 4103 1881
3 6193 930 5175
3 3222 4103 5175
3 3222 5175 6115
3 6115 5175 930
3 4103 3222 4122
3 4122 55 4103
3 4103 55 1881
3 4122 3222 8226
3 8226 3222 6115
3 3743 2077 7682
3 8226 2077 3743
3 3743 7682 4122
3 7682 55 4122
3 6028 2077 8226
3 8226 3743 4122
3 1881 55 7682
3 1501 7682 6028
3 2077 6028 7682
3 2847 1881 7682
3 2847 7682 4516
3 1501 4516 7682
3 4516 7450 3582
3 7450 4516 1501
3 2015 3582 7450
3 4816 2015 7450
3 4633 2015 4816
3 4816 5987 4633
3 3756 5987 4816
3 2635 1462 1685
3 4069 1462 2635
3 5896 2613 6160
3 2613 5896 3370
3 7617 7674 907
3 7617 907 8109
3 8109 907 6069
3 208 8109 6069
3 6069 907 7674
3 7387 7674 7617
3 1176 6069 415
3 1667 415 6069
3 208 6069 1176
3 208 1176 8109
3 8109 1176 7321
3 7331 8109 6241
3 6241 8109 7321
3 7331 6241 6761
3 7331 6761 4223
3 4223 8124 7387
3 8124 4223 6761
3 8109 7331 7617
3 7387 7617 4223
3 4223 7617 7331
3 3952 4751 6160
3 3952 6160 5470
3 5470 6160 6192
3 7605 224 4394
3 7935 4394 224
3 2874 7935 224
3 7935 1343 3101
3 3792 3101 1343
3 4394 7935 3101
3 4394 3101 1644
3 683 4394 4714
3 4714 1644 3792
3 3101 3792 1644
3 1644 4714 4394
3 6578 7605 2310
3 6578 2310 1259
3 1259 2310 2734
3 6680 1267 3250
3 7779 6680 3250
3 3768 7779 3945
3 3768 3945 6473
3 517 3202 938
3 6803 3574 1157
3 3574 6803 5627
3 5600 6681 5388
3 5600 5388 410
3 5388 6681 8036
3 6488 5388 5967
3 8036 5967 5388
3 5388 6488 410
3 5967 8154 8427
3 5967 8427 1056
3 1056 8427 1393
3 1393 8427 918
3 4560 1056 1393
3 1393 5473 4560
3 6488 1220 4921
3 1220 6488 4560
3 4560 6488 1056
3 6111 4560 3907
3 4560 6111 1220
3 1220 6111 3231
3 1220 3231 4921
3 6881 2940 7323
3 2940 6881 2063
3 2063 6881 6111
3 6111 6881 3231
3 5722 7323 2940
3 3231 6881 4921
3 8147 4921 6881
3 8147 6881 7323
3 7481 7738 6323
3 7738 7481 2388
3 2388 7481 8419
3 2855 6598 6712
3 4870 2855 6712
3 4870 6712 7354
3 7354 6712 2221
3 3239 8409 2873
3 2873 8409 6335
3 2873 6335 6691
3 1965 6691 6335
3 7500 6335 8409
3 6661 6123 2045
3 2045 6123 2920
3 1965 6123 5950
3 1965 5950 6691
3 1194 5950 8341
3 5950 7507 8341
3 7507 5950 5026
3 3406 7130 1559
3 7027 3352 5748
3 5748 1813 7027
3 6329 3352 7027
3 6329 7027 5726
3 5559 6564 956
3 5559 956 2854
3 5559 2854 2886
3 2854 956 2654
3 2654 956 6564
3 3338 1797 5786
3 5210 3704 3338
3 5210 3338 5786
3 245 2633 4684
3 2568 7574 1457
3 1457 4299 2568
3 7850 2724 4299
3 5680 5482 4527
3 2177 6620 7278
3 5739 7278 6620
3 6865 299 2789
3 6865 2789 2535
3 6865 2535 7815
3 7815 2535 3037
3 2893 7815 3037
3 2893 3037 4120
3 2893 4120 7035
3 7035 4120 4225
3 2403 4225 1806
3 1806 4225 4120
3 1806 4120 2412
3 2412 4120 7103
3 7010 4225 3004
3 3004 4225 2403
3 7010 3004 2693
3 5257 7010 2693
3 5859 2836 5257
3 3421 5257 2693
3 7381 6940 7077
3 7381 7077 4047
3 4047 7077 7589
3 1256 7217 7077
3 6940 1256 7077
3 4308 7217 1523
3 4308 1523 8133
3 8133 1523 8246
3 8246 1523 7053
3 7053 1523 1256
3 1256 1523 7217
3 7589 7077 7217
3 7589 7217 6313
3 2261 211 5840
3 7706 239 5871
3 5811 7706 6927
3 6423 6927 7706
3 6227 6927 5494
3 5494 6927 6423
3 5712 2810 2169
3 5712 2169 6484
3 2169 2810 3586
3 5721 2169 1871
3 3586 1871 2169
3 2169 5721 6484
3 6484 5721 677
3 3035 8227 2296
3 6053 3035 2296
3 1165 8495 5901
3 1165 5901 4723
3 173 6132 479
3 173 479 7672
3 479 6132 6699
3 6136 885 167
3 167 885 5246
3 5246 885 5974
3 3255 6136 167
3 3255 167 7254
3 167 5246 7254
3 6907 4937 3540
3 4354 7121 4937
3 4354 4937 8340
3 8340 4937 616
3 7121 4354 6812
3 6812 4354 5723
3 6812 5723 5579
3 5579 828 6812
3 4531 3516 5653
3 962 4531 5653
3 962 5653 1927
3 962 1927 1196
3 6466 4531 962
3 1700 6466 962
3 1700 962 1196
3 5485 7191 2702
3 2702 7191 777
3 777 7191 6771
3 777 6771 7636
3 2803 6878 5485
3 6878 2803 7797
3 5640 7797 2803
3 5232 4447 2022
3 2022 4447 3609
3 1767 1134 3603
3 1767 3603 5769
3 5684 5769 4678
3 6168 7366 4678
3 7366 5684 4678
3 6168 4678 5175
3 5175 4678 5769
3 2847 994 3064
3 994 7015 3064
3 4516 994 2847
3 2847 3064 584
3 7015 1641 3946
3 3946 1641 2709
3 7865 1419 1449
3 3269 3819 2179
3 2179 3819 2347
3 2347 3819 2292
3 387 2179 6983
3 6983 2179 2347
3 6983 2347 5720
3 5720 2347 1886
3 2402 4751 3952
3 3510 4191 5351
3 6578 6433 7605
3 5425 6578 1942
3 6586 5425 1942
3 786 6680 6388
3 7779 6388 6680
3 6388 2088 786
3 5425 6586 7364
3 7364 6586 7158
3 1097 5600 8147
3 8419 1427 5387
3 8419 5387 2388
3 5308 8419 7481
3 1092 5308 7481
3 8434 1092 7209
3 6323 7462 7481
3 7481 7462 7209
3 7481 7209 1092
3 4698 7209 690
3 7209 7462 690
3 690 7462 3760
3 3760 7354 3470
3 4698 690 3470
3 690 3760 3470
3 42 7354 3760
3 7462 42 3760
3 7209 4698 176
3 4214 176 4698
3 4885 4214 4698
3 4885 4698 6984
3 6984 3470 7354
3 3470 6984 4698
3 2221 4999 7354
3 7354 4999 6984
3 7293 6984 4999
3 7293 4999 5826
3 5789 2443 4568
3 7957 4568 6846
3 5435 6846 4568
3 5435 4568 2443
3 1619 7957 6846
3 5367 1657 6826
3 6826 1657 3575
3 1318 6826 3575
3 8153 3238 6826
3 8153 6826 1472
3 8153 1472 711
3 711 1472 4722
3 711 4722 3006
3 407 4722 1318
3 1318 4722 1472
3 1318 1472 6826
3 3788 4722 8446
3 2873 3788 3239
3 3239 3788 8446
3 3239 8446 6377
3 711 3006 7032
3 8153 711 6400
3 6400 711 7032
3 2249 7992 5034
3 7992 2249 7489
3 6329 8323 3352
3 6208 1873 6329
3 3186 4270 6457
3 2630 3186 6457
3 2630 6457 8094
3 3383 2700 2435
3 7231 2435 8094
3 8094 2435 2700
3 2947 6199 5559
3 4863 3282 3789
3 3667 4863 3789
3 6197 3338 576
3 2799 4939 3704
3 3704 4939 3338
3 3338 4939 576
3 6859 576 226
3 226 576 4939
3 226 4939 3383
3 3383 4939 7496
3 7496 4939 1461
3 7496 1461 2753
3 2178 2753 1461
3 6509 7496 2753
3 6183 7984 1941
3 6183 1941 725
3 725 8410 6183
3 5702 8410 2294
3 3078 8087 8217
3 3078 8217 3292
3 1014 2832 1428
3 1428 2832 8217
3 1428 2568 4299
3 2568 8217 7574
3 8217 2568 1428
3 6926 2567 2724
3 2724 2567 4299
3 3207 1683 2392
3 5482 8127 4527
3 6926 1988 2356
3 2549 3446 4137
3 3124 6865 7815
3 3124 7815 1854
3 1082 101 7815
3 1082 7815 2893
3 2288 1854 101
3 2288 101 1082
3 2288 1082 5598
3 5598 1082 7035
3 7035 1082 2893
3 7815 101 1854
3 3817 6665 2288
3 3817 2288 5598
3 4703 3817 1669
3 4216 7289 4904
3 3241 7289 481
3 481 7289 4216
3 7684 2836 3557
3 3557 2836 187
3 5531 3557 4109
3 4109 3557 187
3 6986 7122 7381
3 7381 7122 6940
3 1181 2985 6986
3 1181 6986 7381
3 4169 1181 4047
3 4047 1181 7381
3 4337 4169 4047
3 2985 1181 4169
3 2748 6595 2747
3 4337 8322 2747
3 4337 2747 4169
3 4169 2747 6595
3 4899 796 7056
3 3753 796 8322
3 2747 8322 796
3 2747 796 4899
3 7056 796 3753
3 578 3753 8322
3 578 8322 8441
3 5516 8441 5710
3 3038 8200 7304
3 8425 7304 8200
3 8200 6818 6008
3 3038 6818 8200
3 4064 1574 7304
3 2250 4064 8210
3 4064 7304 8210
3 1574 3038 7304
3 7004 4064 2250
3 570 8210 7304
3 1587 8210 5811
3 2520 1587 1152
3 1587 5811 1152
3 6979 7771 1587
3 6979 1587 2520
3 8210 1587 7771
3 1152 6227 2520
3 6227 1152 6927
3 5811 6927 1152
3 8293 5511 6471
3 5712 5511 8293
3 3035 6053 6187
3 3035 6187 677
3 677 6187 6484
3 5511 6484 6187
3 5511 6187 6471
3 8495 6471 6053
3 6053 6471 6187
3 8223 1165 4723
3 1165 8223 6471
3 6471 8223 8293
3 6979 8293 8223
3 6979 8223 7771
3 6132 7237 6699
3 5626 5686 1744
3 5686 2661 3034
3 902 1417 5686
3 1087 1417 902
3 4362 902 3462
3 3462 902 5686
3 3462 5686 3034
3 5686 1417 1744
3 3462 3255 5103
3 4607 5103 7357
3 7357 5103 7254
3 7254 5103 3255
3 4362 3462 5103
3 4362 5103 4607
3 6726 7357 6907
3 4731 4607 7357
3 4731 7357 6726
3 4254 4731 6726
3 4254 6726 3516
3 2687 3516 6726
3 4784 4731 4254
3 4784 4254 4531
3 4531 4254 3516
3 4784 4531 6466
3 4669 4784 7491
3 7491 4784 4765
3 4765 4784 6466
3 7491 4765 2583
3 6026 2583 4765
3 6026 4765 909
3 6026 909 4160
3 4160 909 6466
3 6466 909 4765
3 6365 6026 6093
3 6093 6026 6923
3 6923 6026 4160
3 6923 3472 6093
3 3472 4464 4948
3 3472 4948 716
3 8149 4508 3272
3 8132 8149 5144
3 3272 5144 8149
3 5684 1767 5769
3 1767 5684 5267
3 2837 5046 7366
3 2910 5046 2837
3 4457 2910 2837
3 4457 2837 573
3 4457 573 7939
3 573 3432 7939
3 1334 7939 3432
3 3432 573 2837
3 1634 3946 6542
3 6542 3946 8387
3 7015 3946 1634
3 7015 1634 1705
3 1705 1634 759
3 7865 8387 219
3 8387 7865 6542
3 6542 7865 3273
3 6542 3273 7246
3 2336 4826 7036
3 2336 2408 4826
3 5470 7841 3952
3 3952 7841 2402
3 4191 3510 5372
3 7368 3998 4664
3 2190 3998 7368
3 8056 8299 3998
3 2190 8056 3998
3 7364 7158 6433
3 6578 7364 6433
3 5425 7364 6578
3 3384 7008 8299
3 7109 3407 5778
3 1092 3382 5308
3 3865 4214 8444
3 4885 8444 4214
3 8159 8444 4885
3 4083 1580 1976
3 4083 1976 5789
3 4083 5789 7957
3 8159 5789 1976
3 4568 7957 5789
3 8129 8451 1771
3 8129 8153 6400
3 1771 8153 8129
3 8129 6400 6084
3 6084 6400 5810
3 5810 6400 7032
3 7032 6239 5810
3 8300 6141 7872
3 7872 6141 2574
3 5288 4726 3078
3 3078 4726 1482
3 3078 1482 2465
3 8087 3078 2465
3 7859 2111 3108
3 7913 8077 7599
3 7599 8077 5432
3 7913 5393 3970
3 3970 5393 3597
3 3970 3597 5992
3 3597 5393 7287
3 7287 5393 7599
3 7913 7599 5393
3 1052 5992 3597
3 1052 3597 7287
3 7287 70 6906
3 7287 7599 70
3 4451 4170 1052
3 4451 1052 4089
3 4451 4089 5120
3 3418 5120 4089
3 3418 4089 6906
3 6906 4089 7287
3 7287 4089 1052
3 8001 7687 3124
3 3124 7687 8344
3 3124 8344 3677
3 7292 8344 7687
3 6562 7687 8001
3 5542 8173 3605
3 6391 3920 6024
3 6024 3920 5488
3 4703 3920 6391
3 4703 6391 3605
3 3605 6391 5542
3 5531 5524 7684
3 3557 5531 7684
3 7767 5151 4910
3 1792 5151 6060
3 6060 5151 1121
3 6060 1121 1787
3 4522 4852 7170
3 3934 6595 2748
3 2414 6259 4899
3 2414 6184 1658
3 6184 2414 7056
3 7056 2414 4899
3 6008 6184 8200
3 7056 8200 6184
3 578 8441 8425
3 578 8425 3753
3 3753 8200 7056
3 8200 3753 8425
3 5686 5626 2875
3 5686 2875 2661
3 2875 5626 1093
3 1093 5626 1381
3 2875 1093 2033
3 2033 1093 6571
3 6571 1093 1381
3 4064 7004 1574
3 1574 7004 1894
3 3038 1574 1894
3 791 6097 5072
3 5072 6097 7004
3 6097 791 1654
3 1654 791 1313
3 1313 791 5072
3 2909 6097 1654
3 2909 1654 4822
3 4822 1654 1313
3 4822 1313 6383
3 6383 1313 5072
3 6383 5072 6934
3 6934 5072 7004
3 8302 6097 564
3 8302 564 2033
3 2033 564 2875
3 2875 564 2909
3 2909 564 6097
3 2738 7635 2099
3 2738 5456 8023
3 6744 5456 2738
3 6744 2738 2099
3 5456 1417 1087
3 5456 1087 8023
3 8023 1087 5675
3 4362 5675 1087
3 4362 1087 902
3 2871 4936 8114
3 8114 4936 8023
3 8114 8023 4174
3 8288 236 8114
3 6440 236 8288
3 6440 8288 2708
3 4174 8288 8114
3 2871 8114 236
3 8142 8288 4174
3 2583 8142 7491
3 4669 7491 8142
3 8288 8142 2708
3 2708 8142 871
3 871 8142 2421
3 4335 2708 871
3 1541 4335 871
3 1541 871 2421
3 4508 2695 6365
3 1398 2695 8149
3 3139 4370 5458
3 4370 3139 3337
3 3337 3139 3755
3 8182 2781 4435
3 2781 8182 2926
3 2926 4370 3337
3 4370 2926 8182
3 4457 2926 2910
3 2926 4457 7939
3 2926 7939 2781
3 8182 4853 7882
3 7882 4853 6938
3 4853 8182 4435
3 2615 6938 4853
3 7131 2615 4853
3 7131 4853 4435
3 8306 3273 987
3 3273 8306 7246
3 2194 8306 5738
3 5738 8306 6500
3 6500 8306 4511
3 5738 6500 4418
3 1231 8106 4826
3 1231 4826 2408
3 3271 8106 1231
3 3271 1231 2297
3 2297 1231 2408
3 6470 1853 5448
3 6470 5448 2297
3 2297 5448 7900
3 739 1853 6470
3 7883 2297 7900
3 8261 5448 1853
3 8261 1853 1120
3 1120 1853 739
3 8413 8261 5463
3 6569 7228 2065
3 7269 6004 6569
3 7543 7434 2450
3 6569 2450 7434
3 4477 7543 430
3 4477 430 986
3 4664 3998 269
3 7368 4664 4477
3 4477 4664 2632
3 2632 4664 7109
3 7109 4664 269
3 6888 5879 1653
3 8143 8444 1580
3 8444 8143 7273
3 6099 7156 2035
3 8143 2035 7156
3 3885 6099 2035
3 968 5922 5833
3 5833 354 968
3 6648 8162 4083
3 354 4083 8162
3 7913 1919 8077
3 8077 1919 8042
3 8440 3970 5992
3 5797 8440 5992
3 3970 8440 7913
3 1469 4170 4451
3 5613 1469 5120
3 5120 1469 4451
3 5797 4170 5613
3 5613 4170 1469
3 2715 2321 5613
3 2715 5613 5120
3 4086 1872 8406
3 8406 1872 4613
3 5436 8406 7292
3 5661 5436 7687
3 7687 5436 7292
3 5542 7235 5121
3 5542 5121 8173
3 6785 7235 5542
3 6785 5542 6391
3 6391 6024 6785
3 6892 3473 6060
3 6892 6060 6469
3 6060 3473 4683
3 4683 6039 1792
3 4683 1792 6060
3 5068 7932 6469
3 2969 5068 5545
3 5545 5068 788
3 6428 2430 2969
3 7170 6428 2969
3 7170 2969 5545
3 1968 1911 6286
3 4338 1679 1911
3 4338 1911 1968
3 1968 6286 7425
3 7425 6286 380
3 6286 1911 6954
3 6828 6954 1911
3 7262 6286 6954
3 7262 6954 8003
3 5074 214 7086
3 5835 1840 4198
3 4198 1840 3420
3 6919 5835 4198
3 3139 6440 4335
3 6440 3139 5371
3 236 6440 5371
3 236 5371 2871
3 1987 5835 6919
3 1987 6919 301
3 301 6919 2990
3 3094 301 2990
3 1665 7423 4571
3 7423 2615 4571
3 2615 7423 6938
3 7131 4571 2615
3 5727 4571 7131
3 4248 7943 2841
3 2194 4008 8306
3 7389 4248 4008
3 6378 7389 4008
3 5738 7382 2194
3 4890 53 7499
3 7499 53 1866
3 343 1866 5918
3 5918 1866 7382
3 7382 1866 53
3 7382 53 982
3 7499 1866 1073
3 5030 7499 1073
3 508 1073 1866
3 508 1866 343
3 3109 1073 6322
3 1073 508 6322
3 6322 1031 2193
3 1031 508 8255
3 508 1031 6322
3 8255 6584 2389
3 8458 8255 243
3 243 8255 2389
3 5242 2389 6584
3 2349 8458 5242
3 2389 5242 8458
3 2389 8458 243
3 54 2349 2504
3 54 2504 339
3 2504 5242 6584
3 5242 2504 2349
3 4076 6872 1358
3 6872 4076 8106
3 3271 6872 8106
3 6872 3271 522
3 1344 1596 3476
3 2151 1344 3476
3 2151 3476 8366
3 8366 3476 7883
3 5448 2174 8366
3 8413 2174 5448
3 7900 5448 8366
3 7883 7900 8366
3 3353 8366 2174
3 3353 2174 8413
3 3353 8413 682
3 596 682 8413
3 7506 7974 4514
3 7974 7506 596
3 7974 596 172
3 7974 172 5463
3 3509 4514 7974
3 3509 7974 671
3 3509 671 7037
3 7037 671 7228
3 4314 6838 5439
3 4908 7434 7543
3 2971 3508 5927
3 2971 5927 1271
3 5927 3508 2645
3 5851 7506 6021
3 6719 642 3885
3 6719 3885 6149
3 3885 642 6099
3 6099 642 6021
3 6021 642 171
3 171 642 6719
3 171 6719 8146
3 5235 6825 3152
3 5235 3152 7205
3 4086 8406 4245
3 4086 4245 1272
3 8162 1272 968
3 968 1272 5922
3 675 8406 5436
3 8239 3300 5661
3 3300 5436 5661
3 3300 675 5436
3 3300 8239 2892
3 3300 2892 6825
3 3300 6825 5235
3 3801 6369 2892
3 3021 6825 6369
3 6369 3801 4747
3 8239 3801 2892
3 6825 2892 6369
3 511 4747 3801
3 511 3801 2046
3 2912 4747 3435
3 2912 3435 4815
3 6274 4428 6785
3 6274 6110 7446
3 7932 1835 6892
3 6892 1835 6110
3 5336 6274 7446
3 2621 5336 7446
3 4970 2621 7446
3 26 3457 3110
3 3110 3457 393
3 5312 7707 26
3 5312 26 3110
3 26 7707 3457
3 285 7707 5312
3 1951 2423 2430
3 5191 4802 8230
3 6828 6268 7311
3 2902 5078 3898
3 6015 4604 4229
3 6015 4229 17
3 301 3094 636
3 301 636 1987
3 867 1987 636
3 1968 7425 6581
3 8498 6581 7425
3 1968 6581 4338
3 7532 3976 6140
3 6148 5887 8093
3 5887 8230 5078
3 6148 5713 5887
3 5887 5713 8230
3 4933 8230 352
3 352 8230 5713
3 4890 352 5713
3 6321 4933 5030
3 7499 5030 352
3 352 5030 4933
3 1751 6321 5030
3 7717 6322 6138
3 6322 7717 3109
3 5030 3109 7717
3 5030 7717 1751
3 7717 6138 1980
3 7717 1980 2007
3 6637 1751 7717
3 6637 7717 2007
3 7661 1980 6138
3 2960 2007 1980
3 2960 1980 7661
3 7844 7661 5924
3 7844 5924 8304
3 8304 5140 7432
3 7432 5140 5467
3 2361 5467 5140
3 2361 5140 1924
3 8458 5140 8304
3 4657 7466 808
3 4657 808 7250
3 2361 1924 7466
3 2856 808 1372
3 1372 808 7753
3 1372 7753 6501
3 7466 7753 808
3 6501 7753 339
3 339 7753 54
3 1358 6577 6501
3 1358 6501 4076
3 3021 6369 4960
3 7505 2515 4960
3 4453 2515 7505
3 5701 8146 5624
3 260 5701 5624
3 6485 5701 260
3 6485 260 2151
3 6485 2151 8366
3 5624 2151 260
3 3353 5851 6485
3 8366 3353 6485
3 6149 5922 6719
3 6719 5922 8146
3 6013 6827 1864
3 303 6013 7497
3 5472 7982 5428
3 5472 5428 5336
3 2507 7982 5472
3 7982 2507 2387
3 630 6248 2387
3 630 2387 2507
3 652 2507 5336
3 652 5336 5064
3 1126 630 652
3 1126 652 5064
3 5064 2621 2569
3 4466 1126 2569
3 1126 5064 2569
3 3447 4466 2569
3 3447 2569 4970
3 4970 2569 2621
3 2621 5064 5336
3 5472 5336 2507
3 2507 652 630
3 630 1126 6248
3 6248 1126 4466
3 8314 756 4693
3 8314 4693 7707
3 8259 2449 8314
3 228 8259 4431
3 8314 4431 8259
3 1947 6571 6637
3 6637 6571 7179
3 6637 7179 1751
3 2007 2960 1947
3 2007 1947 6637
3 7844 413 1719
3 8302 1719 413
3 7844 7432 4072
3 2712 8302 4072
3 7844 8304 7432
3 7844 4072 413
3 413 4072 8302
3 5514 2712 4072
3 5514 4072 5467
3 7432 5467 4072
3 4657 7250 5514
3 7198 5514 7250
3 6577 1372 6501
3 2779 6085 6577
3 6498 2779 4168
3 1314 6498 7982
3 1314 7982 2387
3 1314 2387 6248
3 2712 5514 7040
3 6508 6436 8259
3 8259 6436 7838
3 6818 7838 6436
3 6571 6818 7179
3 7179 6818 6436
3 7179 6436 6508
3 8093 5887 2902
3 8243 8093 6356
3 6356 8093 146
3 5535 2321 6686
3 5613 2321 5535
3 5613 5535 3713
3 7859 5577 5099
3 2164 3217 5543
3 5543 3217 1369
3 2312 2164 5543
3 7913 7872 1919
3 7872 8042 1919
3 5810 8440 6084
3 6652 7913 8440
3 6239 6652 8440
3 6239 8440 5810
3 2520 8293 6979
3 2294 7489 2249
3 2294 2249 5702
3 5034 5702 2249
3 6859 2435 7231
3 2435 226 3383
3 226 2435 6859
3 6199 2120 6859
3 6199 6859 7231
3 1969 4770 8477
3 4863 6914 3282
3 1323 7234 8499
3 1323 8499 5732
3 3667 6197 7569
3 3667 7569 4863
3 5506 1766 3059
3 5506 3059 6432
3 1780 1766 5506
3 7908 1111 1829
3 1111 7908 7168
3 4553 2148 279
3 4553 279 3154
3 5136 5253 2548
3 2548 5253 1319
3 3710 2207 2548
3 3710 2548 1319
3 2548 2207 7005
3 7055 7005 1739
3 7055 1739 3147
3 5091 3147 3372
3 2374 3372 3147
3 2374 3147 1739
3 4740 2374 1739
3 4740 1739 7005
3 6961 3982 7435
3 3982 6961 654
3 5963 654 6961
3 2899 7343 3982
3 3057 3982 7343
3 5479 7343 2899
3 654 2899 3982
3 5431 5479 2899
3 5431 2899 8138
3 2263 2170 3167
3 202 7443 2600
3 2600 7443 1258
3 6977 5557 2600
3 6977 2600 8192
3 6145 8364 1226
3 1226 8364 124
3 6145 1226 8208
3 1226 124 6977
3 124 8364 6977
3 8208 1226 6977
3 5557 6977 8364
3 3512 8326 3533
3 3512 3533 6696
3 3512 5646 1171
3 1171 5646 6553
3 5646 3512 2026
3 5774 2737 6621
3 6621 2737 5665
3 5665 2737 5522
3 6020 8055 5602
3 6020 5602 7427
3 6020 7427 69
3 69 7427 1549
3 4073 1549 1016
3 4073 1016 8105
3 1016 1549 7427
3 8311 6722 6343
3 3211 1756 3114
3 3211 3114 4074
3 4074 3114 6361
3 6993 2313 3547
3 3547 2313 4074
3 3547 4074 2328
3 4074 2313 3211
3 5526 7966 8000
3 8330 8454 7580
3 8336 6166 7986
3 8336 7986 8433
3 3875 6933 8140
3 6454 8028 6118
3 5700 5518 8191
3 2564 5700 8191
3 2564 8191 2735
3 2735 8191 5804
3 6527 5645 1906
3 2934 8026 3090
3 2934 3090 1460
3 2934 1460 7471
3 7471 1460 473
3 6871 473 2663
3 2663 473 3090
3 8026 2663 3090
3 1460 3090 473
3 3794 7533 7447
3 7447 7533 8431
3 7447 8431 338
3 5442 7533 3794
3 8102 5940 7541
3 7541 5940 8432
3 5729 8102 7541
3 7933 5940 8102
3 3089 6417 4902
3 8098 4902 5876
3 5876 4902 6417
3 8150 6417 3089
3 7352 1803 5614
3 7352 5614 5595
3 1842 2122 6238
3 6744 5626 1744
3 437 2573 5563
3 5443 6735 8031
3 8031 6735 8347
3 7621 7461 1833
3 7621 1833 7476
3 359 1723 697
3 359 697 1038
3 697 579 1038
3 1038 579 1316
3 1038 8378 359
3 1723 6541 697
3 697 6541 1140
3 697 1140 6257
3 6257 579 697
3 7713 7020 3344
3 7621 7476 6174
3 7621 6174 637
3 7621 637 1605
3 637 6174 2118
3 2118 6174 6778
3 3900 846 4340
3 4340 846 4857
3 7954 3067 3900
3 3900 3067 7476
3 7476 3067 6174
3 6174 3067 6778
3 4900 4562 7407
3 4900 5638 4562
3 4562 405 7397
3 7397 405 5831
3 4817 3619 8169
3 7713 2130 2713
3 7713 2713 1929
3 7713 1929 2446
3 2130 4895 2713
3 2357 4895 3132
3 3132 4895 3944
3 2118 7802 637
3 637 7802 4557
3 7802 2118 3538
3 2627 1483 3762
3 1483 2627 2081
3 2627 5880 2081
3 1483 2081 3422
3 7894 3422 2081
3 1483 3422 3762
3 3709 2222 3422
3 1762 3422 2222
3 7299 57 4298
3 4298 57 4328
3 4328 57 2424
3 7397 7074 2397
3 7745 7397 4756
3 7745 4756 5270
3 5270 4756 8222
3 7745 7074 7397
3 7380 405 5638
3 5831 405 7380
3 7332 880 8352
3 2134 7332 5638
3 5638 7332 7380
3 1291 4705 4485
3 7081 4485 3467
3 4605 1929 4799
3 1929 4605 2446
3 3749 4605 4799
3 6899 4898 4799
3 6258 4898 6899
3 8476 2357 284
3 8476 284 6899
3 2357 6894 284
3 3895 6552 7075
3 6552 5032 7075
3 6552 2624 5032
3 2238 37 7782
3 2238 7782 6181
3 7789 644 37
3 37 644 7782
3 7789 7949 5980
3 2488 7350 4065
3 7350 5183 4065
3 3825 334 5672
3 7857 4764 4533
3 4764 7857 5836
3 1762 2222 4533
3 4328 1183 2578
3 6340 5908 5813
3 3767 6340 3210
3 7066 4334 4701
3 2964 4701 4334
3 3941 3126 7150
3 3941 7150 5968
3 3126 3941 8222
3 8222 830 3126
3 3126 2800 7150
3 3796 5968 7150
3 3126 830 2800
3 2800 830 8123
3 8352 830 7889
3 830 8352 8123
3 6305 6732 8123
3 3901 283 6703
3 283 3901 1357
3 2104 3316 1536
3 1536 7108 2104
3 4705 7514 4485
3 7514 4705 3333
3 7514 3333 4461
3 4356 2011 1737
3 5803 1737 3936
3 2270 5803 3936
3 2270 3936 7396
3 3936 1737 2011
3 5045 6502 4792
3 7664 5045 4792
3 7664 4792 5127
3 5127 6894 7664
3 5917 6510 7919
3 5004 1786 3058
3 6269 3058 1786
3 6556 5590 4231
3 6556 4231 1287
3 1287 4231 7726
3 6556 1287 4016
3 5212 3286 3708
3 3708 3286 6529
3 3708 3895 7782
3 1515 3708 7782
3 4010 2488 3957
3 537 4010 3957
3 537 136 4010
3 4010 136 7949
3 4010 7949 7350
3 2601 8337 3957
3 3890 246 3028
3 3028 246 4230
3 3602 246 3890
3 7917 4203 5225
3 7405 4551 1470
3 7405 1470 439
3 1470 6224 439
3 439 6224 4000
3 439 4000 7405
3 3169 1680 1040
3 1040 1680 5014
3 3909 5014 1680
3 4767 40 3013
3 4767 3013 3007
3 4767 5908 40
3 3007 3013 6347
3 3262 1584 6848
3 3796 7972 7454
3 5290 7454 7972
3 4164 289 3796
3 4164 3796 7150
3 4164 7150 2800
3 8452 4205 2229
3 4205 5051 5293
3 5293 5051 8491
3 8491 5051 4599
3 3644 6703 2229
3 3644 2229 4205
3 3644 4205 5293
3 3981 1589 8452
3 3437 1376 3981
3 3981 1376 1589
3 1589 1376 88
3 3901 7774 4492
3 495 192 2360
3 577 7981 4576
3 4576 5806 577
3 5941 7637 5806
3 6112 6164 6799
3 7655 6112 6799
3 7396 7308 5413
3 1576 7919 7330
3 1570 308 4987
3 1570 4987 7726
3 1570 8150 308
3 4987 308 1934
3 8150 1934 308
3 4231 5590 5567
3 5570 798 3486
3 8337 514 3957
3 4230 6011 4800
3 4230 4800 1757
3 166 6985 7186
3 7186 6985 6104
3 6104 6985 6011
3 4408 7780 1274
3 4408 1274 6104
3 6104 6202 4408
3 4408 6202 7780
3 5205 6152 8069
3 5205 8069 4203
3 7405 7933 8102
3 464 7933 7405
3 464 7405 5520
3 464 5520 337
3 355 337 5520
3 1892 2020 5014
3 5069 4706 3141
3 3141 4706 489
3 489 4706 4058
3 6521 7887 4004
3 6521 1286 7887
3 6978 7887 1286
3 5816 2518 437
3 2518 5816 5687
3 5687 6668 6848
3 6848 2518 5687
3 7267 1195 5817
3 7267 5817 2809
3 5817 1195 8232
3 8362 5817 8232
3 397 6063 678
3 678 3848 397
3 88 3922 395
3 1065 8305 7724
3 7724 854 1065
3 1065 854 3922
3 367 270 3347
3 3347 270 251
3 251 270 2080
3 1964 2455 1904
3 2455 2214 5705
3 5705 1904 2455
3 6153 6623 1882
3 1882 7637 7828
3 7637 3595 7828
3 4578 5679 3733
3 3733 2311 5364
3 2311 3733 5679
3 2780 3928 8205
3 4486 6656 1057
3 4486 1057 4249
3 4486 3371 6656
3 4312 3651 875
3 7655 875 3651
3 2716 4463 4366
3 7308 4366 4463
3 4463 2716 6482
3 7308 6417 4366
3 310 4366 4680
3 6417 4680 4366
3 1934 8150 3089
3 3263 8296 6840
3 6840 4153 3263
3 3263 4153 79
3 3263 79 5309
3 7221 5529 5309
3 5102 5567 6536
3 7215 4717 5548
3 1103 6137 7215
3 6137 4717 7215
3 6137 403 5837
3 6137 5837 8370
3 3974 6040 2137
3 3974 5976 6434
3 5273 6434 5976
3 5976 3974 2137
3 5273 2350 6434
3 3974 6434 1207
3 3974 1207 7054
3 3974 7054 6040
3 7054 1207 7281
3 5820 7418 5944
3 4536 1869 3115
3 4536 16 1869
3 4536 3115 4620
3 2204 5165 2491
3 3826 4804 7846
3 7186 6759 3326
3 1274 7780 960
3 1274 960 6104
3 4566 6708 7412
3 5949 6708 4566
3 7285 5610 1810
3 7285 7133 5610
3 1960 8432 2802
3 2802 8432 4584
3 2257 7118 4892
3 4608 1698 4892
3 4144 7346 5460
3 4144 5460 5575
3 5751 7346 4706
3 5802 8119 2089
3 8118 8119 5802
3 4165 7887 7302
3 5182 7302 7887
3 3652 1362 3390
3 3652 3475 1362
3 3652 3390 3953
3 7224 3390 1362
3 7224 1362 1290
3 3046 7224 1290
3 1290 1362 8408
3 5077 1444 7993
3 7993 1444 5866
3 2809 412 7267
3 678 2766 4945
3 7915 6546 4108
3 7907 3450 674
3 674 3450 8225
3 674 8225 3563
3 4121 3922 854
3 4121 854 7399
3 5754 1053 4224
3 5754 4224 6413
3 8506 2997 1053
3 1053 2997 4224
3 6090 664 2997
3 664 6090 8272
3 1109 2080 6913
3 4148 1610 5028
3 5028 1610 3436
3 2107 1610 4148
3 2107 4148 5952
3 3436 5156 1203
3 3436 1203 5028
3 5952 4148 2311
3 2311 4148 2848
3 2311 2848 5364
3 2214 6153 5156
3 5156 6153 1524
3 1451 910 4967
3 4967 910 4578
3 4967 6644 1451
3 1451 6644 3033
3 1451 3033 7828
3 1216 5249 1524
3 1524 3033 1216
3 1216 3033 6644
3 6644 4967 2843
3 4967 3733 2843
3 3033 1524 7828
3 5221 6644 2843
3 5249 1216 5221
3 5221 1216 6644
3 2848 5028 3656
3 3656 5028 1203
3 3656 1203 8467
3 2848 3656 5364
3 3377 340 806
3 1217 3401 340
3 1217 340 3377
3 2780 8205 4630
3 1057 8377 5306
3 1057 5306 4249
3 4249 5306 1677
3 1677 5306 6162
3 6453 8377 7444
3 2508 2113 6134
3 4981 4807 771
3 5204 4981 771
3 771 4807 1173
3 771 1173 5204
3 5204 1173 2716
3 5204 2716 861
3 5204 4951 4981
3 4981 4312 4807
3 1173 4807 2716
3 6206 7853 4951
3 4951 7853 4981
3 2749 8135 814
3 5081 1306 7469
3 2559 1306 8296
3 5260 5309 6700
3 5260 3814 5309
3 6700 5309 5529
3 6700 5529 2418
3 8370 5541 6137
3 6137 5541 4717
3 8370 8231 3610
3 1222 2866 6671
3 1103 7215 5861
3 5861 403 1103
3 6180 1554 7054
3 1309 1054 7281
3 1309 7281 1207
3 1309 1207 6434
3 1309 6434 2350
3 1309 2350 1054
3 1054 2350 3400
3 4907 2285 3085
3 4907 3085 7641
3 4907 3400 2285
3 1201 2631 6180
3 1201 6180 7641
3 1201 7641 3085
3 3085 2285 4946
3 4946 2285 5820
3 4946 5820 5707
3 5820 2285 7418
3 7641 6180 7054
3 1521 4946 858
3 1521 2631 1201
3 1521 1201 3085
3 1521 3085 4946
3 4946 5707 858
3 3077 5438 4825
3 6310 5763 3077
3 3077 4825 6310
3 3484 7151 1035
3 18 2278 7151
3 2278 7861 893
3 7861 5539 893
3 2471 1834 6759
3 7139 2234 2555
3 2555 5496 7139
3 7139 5254 2234
3 5254 5080 6764
3 5254 6764 2234
3 2555 2234 7189
3 2555 7189 2001
3 2555 2001 5496
3 5080 3003 5352
3 3003 5080 6731
3 7261 1401 7710
3 1401 1197 7710
3 4584 7693 1342
3 4584 7710 1197
3 4584 1197 2802
3 1337 7710 1342
3 4584 1342 7710
3 1342 4300 1337
3 411 7836 6173
3 7836 411 5932
3 7725 5979 1055
3 5979 7725 6610
3 1500 3522 7440
3 457 1500 7440
3 7440 3522 6532
3 7346 5258 5460
3 6499 1759 5258
3 3531 4932 7925
3 3531 6226 477
3 3531 477 4932
3 4932 477 6610
3 2935 6240 4329
3 4329 6240 7302
3 4329 1352 3176
3 3888 3176 1352
3 7256 2842 1764
3 6033 5077 7554
3 5077 7993 7554
3 7993 6200 7554
3 6200 7993 6171
3 7993 5866 2436
3 3719 463 8061
3 3802 1145 1660
3 3690 3802 1660
3 3690 1660 4108
3 3690 4108 6546
3 3690 6546 6689
3 3690 6689 4820
3 3690 4820 5565
3 5565 3802 3690
3 2453 7907 674
3 2453 674 3563
3 7341 3794 1133
3 1133 8339 7341
3 8339 4502 7341
3 7341 4502 161
3 5442 8225 7305
3 1484 896 1106
3 1484 1106 8431
3 1484 1366 896
3 896 3870 5049
3 896 5049 1106
3 1106 5049 4952
3 1106 4952 7663
3 1106 7663 8431
3 4952 5049 6560
3 1569 8272 6560
3 1569 6560 5049
3 1569 5049 3870
3 3870 6277 1569
3 4266 7327 8272
3 1109 6913 3401
3 2272 3507 5042
3 2064 5498 5042
3 2064 5042 7508
3 3507 7508 5042
3 2064 7508 5823
3 5823 7508 6368
3 5823 6368 2872
3 5306 4407 2371
3 249 7353 6143
3 5234 6143 7353
3 6942 3653 2149
3 7297 3653 6942
3 2113 5453 6134
3 7120 5958 4868
3 4868 3366 7120
3 1373 7620 8135
3 3329 6614 1026
3 8135 7620 1026
3 1026 7620 3329
3 3919 7252 6327
3 5296 1588 2552
3 482 6204 3229
3 482 3229 7619
3 482 7619 6604
3 8231 482 6604
3 8231 6204 482
3 8015 1144 1189
3 8015 1189 4619
3 4619 1189 7765
3 1907 2816 4545
3 2816 1907 1802
3 2816 1802 7460
3 2816 7460 6671
3 4545 2816 6671
3 7592 7437 2386
3 2386 7437 8008
3 2386 8008 348
3 2056 1298 2278
3 2056 2278 893
3 8461 2056 893
3 8461 1298 2056
3 1298 7151 2278
3 8007 5959 2034
3 6823 6687 3568
3 4681 625 3568
3 625 6823 3568
3 3726 5352 3003
3 3011 6019 5878
3 2224 3011 5878
3 3011 2224 3247
3 3003 7419 3726
3 1701 1325 7189
3 1701 7189 6764
3 7031 3726 6019
3 7031 6019 3011
3 7031 3011 159
3 7031 5352 3726
3 6309 7419 7133
3 7398 8044 2346
3 5698 6395 7261
3 7261 6395 5583
3 5821 648 5857
3 5521 5857 648
3 5521 648 7704
3 7704 648 5821
3 1241 4811 5932
3 5932 4811 7711
3 4621 7708 8292
3 4621 5948 7708
3 7708 4240 5758
3 7708 5758 3891
3 4679 3891 5758
3 4437 4179 743
3 2176 4437 743
3 6128 2176 743
3 4437 1347 4179
3 4179 797 6128
3 4179 6128 743
3 5423 7342 5469
3 6610 477 6579
3 477 6226 6579
3 4226 593 5114
3 5114 593 6532
3 7440 593 7725
3 1727 2849 8321
3 1727 8321 831
3 1727 831 6032
3 1727 6566 2849
3 7441 5746 3947
3 7441 3947 1332
3 6754 1332 3947
3 6754 3947 2638
3 4766 5794 2901
3 4766 6754 5794
3 6863 5556 7611
3 7611 5556 3754
3 6200 6171 81
3 81 6171 5561
3 81 5561 734
3 8061 7468 7521
3 7521 7468 204
3 3813 7456 4590
3 3813 204 7468
3 3813 7468 5562
3 3813 5562 7456
3 4593 7456 4820
3 4820 7456 5565
3 7456 4593 4590
3 4820 6689 8493
3 3860 2322 8355
3 7807 8256 2112
3 7807 7562 8339
3 8339 7562 515
3 8256 7807 338
3 1573 7663 4952
3 1573 6868 7663
3 5112 4526 6988
3 5112 1514 4526
3 5320 4911 2591
3 4911 5320 7968
3 1963 170 7353
3 4247 5134 3507
3 5134 7508 3507
3 1963 3329 7317
3 6231 377 2699
3 2149 3320 5903
3 2149 5903 6942
3 2699 5903 1135
3 2699 1182 6231
3 1135 5903 3320
3 6966 2464 2533
3 1668 2533 2464
3 2533 1668 5587
3 7744 1668 2464
3 4889 7744 2464
3 109 3042 3839
3 109 4889 3042
3 4958 1429 1104
3 6431 3223 8
3 1429 6431 8
3 1429 8 1104
3 1104 8 3223
3 1104 3223 959
3 4030 1104 959
3 1104 4030 4958
3 4834 3990 5527
3 4973 7420 5527
3 4973 5527 1182
3 4973 1182 1135
3 4973 1135 3320
3 5139 5587 7034
3 7034 7742 5139
3 4385 7742 7763
3 7744 344 7034
3 5139 7742 4385
3 5139 4385 6616
3 3839 7763 2679
3 3298 7763 7742
3 3298 7742 344
3 344 7744 3298
3 3298 7744 7763
3 7763 7744 2679
3 7763 3839 4702
3 7763 4702 4385
3 4385 4702 6616
3 4789 1394 7000
3 7000 1394 1167
3 6075 1167 1394
3 6075 1394 3774
3 5505 3229 6204
3 4619 7765 5207
3 4619 5724 8015
3 7460 6091 2879
3 1110 3128 6809
3 6809 3128 1147
3 2611 7185 5016
3 7185 2611 6782
3 4440 2897 6289
3 2897 4440 6788
3 1509 6788 5959
3 1509 5959 169
3 7601 11 2516
3 6019 7419 4953
3 6019 4953 5878
3 7593 7398 2346
3 5159 5116 6804
3 5116 3852 6804
3 5521 8193 5857
3 4272 5872 180
3 96 757 3499
3 757 262 3499
3 3499 5872 96
3 96 5872 4272
3 96 4272 757
3 757 4272 5326
3 757 5326 262
3 5821 3966 7704
3 4805 7888 3966
3 1752 0 4811
3 4811 0 8332
3 8332 0 5606
3 6494 4957 4161
3 6494 4161 3739
3 4957 3891 4161
3 1347 7486 5736
3 1347 5736 3739
3 4707 7486 2055
3 7486 4707 5076
3 5423 5469 3613
3 7342 7415 5469
3 499 3379 764
3 7282 499 764
3 7282 3973 499
3 3379 3963 764
3 764 3963 7282
3 7282 1655 7923
3 7282 7923 5412
3 6902 7867 6450
3 1991 4281 4426
3 917 4426 1622
3 1622 4426 7611
3 7611 4426 4281
3 1740 5341 8436
3 8436 3754 1740
3 7463 1740 3754
3 1740 7463 5341
3 3687 1261 8343
3 1400 820 6048
3 820 7521 6048
3 1548 1400 4590
3 4590 1400 6048
3 1400 1548 8247
3 6475 8355 8066
3 2112 2522 7807
3 7807 2522 7562
3 843 6901 6435
3 3015 6901 843
3 1321 663 2828
3 1321 3451 529
3 1321 529 663
3 663 7188 2828
3 4809 7030 529
3 529 3451 4809
3 4206 4425 6988
3 4425 4206 6527
3 4911 7968 1028
3 1028 7968 5645
3 1838 1028 5645
3 1028 1838 4911
3 5320 3747 2787
3 2787 7509 1826
3 3747 7509 2787
3 3937 7660 6513
3 3937 6513 6766
3 3937 7465 7660
3 3932 5981 7660
3 6075 7829 5981
3 4789 5505 3774
3 905 3774 7625
3 4721 8204 3044
3 915 3884 4721
3 4721 3884 8204
3 4721 5724 915
3 915 4619 5207
3 915 5207 3884
3 5207 7973 290
3 5279 5207 290
3 5334 6037 4218
3 6037 7157 4218
3 2330 2503 4150
3 2330 3592 6490
3 5652 6490 3496
3 3592 2330 4150
3 2330 8327 6780
3 38 8016 6402
3 3502 38 6402
3 1509 3502 6402
3 1509 6402 6788
3 441 4530 7849
3 4955 7849 4530
3 7849 4955 5493
3 7849 8016 441
3 441 8016 38
3 441 38 3502
3 441 3502 4530
3 4530 4304 65
3 4530 65 1890
3 2692 1890 65
3 7078 1890 2692
3 7078 7039 1890
3 5959 4304 169
3 4304 29 6851
3 29 4304 3491
3 2516 2777 3416
3 3416 2777 6851
3 5116 8212 6837
3 5116 6837 2777
3 6083 2325 4674
3 6083 4674 6260
3 8276 287 6083
3 6083 287 2325
3 3948 7587 3971
3 3948 3971 6399
3 8121 4450 1998
3 8121 1998 3971
3 3971 1998 6399
3 5606 8292 288
3 6494 5736 2998
3 2998 3459 8292
3 2338 2998 5736
3 2998 2338 3459
3 7128 91 259
3 259 91 710
3 259 710 1848
3 7344 710 91
3 7344 91 7128
3 1848 710 1775
3 710 3847 1775
3 3973 4116 4147
3 1519 7961 4116
3 4116 7961 8034
3 4116 8034 2479
3 6203 6655 4977
3 4977 5247 3950
3 5247 4977 6856
3 390 4977 3950
3 5247 8251 6159
3 6159 6235 5247
3 3698 1013 6142
3 1694 7045 3102
3 7335 3102 7045
3 3102 1601 6720
3 6720 1601 1985
3 4631 1391 4830
3 2817 1391 4631
3 6486 5913 2817
3 6486 2817 8415
3 6901 5348 238
3 238 5348 5576
3 5348 6901 5052
3 5348 5052 4100
3 8202 4100 5052
3 6182 4085 2409
3 4085 6182 6121
3 2409 1922 7870
3 4327 4293 7188
3 7870 3748 7643
3 6006 7643 3748
3 6006 3748 5284
3 8253 6397 3545
3 7114 5745 1458
3 7114 1458 1228
3 6151 1228 1458
3 1826 7509 8503
3 8503 7509 2929
3 1676 6175 7535
3 3561 6175 1676
3 2275 8075 3561
3 6175 3561 8075
3 7071 2275 3561
3 2208 8204 3323
3 8204 5414 3323
3 7595 1525 6275
3 999 7732 7117
3 6348 7732 6375
3 3800 1692 4615
3 3800 4615 7732
3 878 3800 6348
3 7732 6348 3800
3 3800 878 1692
3 1388 1240 4097
3 1388 4097 608
3 6594 1240 73
3 73 1240 1388
3 4924 8125 6715
3 6715 8265 4924
3 4271 8360 4689
3 2577 2223 3188
3 486 6593 7884
3 7884 6593 4346
3 6593 486 2155
3 3496 6490 5248
3 5248 6490 3592
3 3592 4150 1382
3 3592 1382 5248
3 4150 2503 2739
3 2739 2503 4837
3 5197 2736 6780
3 5197 6780 1970
3 2736 5197 1673
3 3999 1299 5343
3 3999 5343 7112
3 5343 1299 4565
3 4909 5289 7078
3 7698 7596 512
3 2587 7596 4376
3 2587 8212 7596
3 7050 7873 4143
3 4143 7873 7698
3 4982 7873 7050
3 6512 7023 3259
3 4278 7087 2445
3 4278 2445 5039
3 1473 4278 5039
3 5441 1545 2540
3 2540 1545 4450
3 4450 1545 1998
3 6399 1998 1101
3 1101 1998 1545
3 1375 5832 288
3 5832 1375 2131
3 7408 8184 292
3 1494 6606 3490
3 3490 6606 3858
3 8050 6376 4501
3 12 5430 362
3 667 2707 1955
3 5888 667 2719
3 4302 1661 6127
3 696 5798 7546
3 7546 1492 696
3 7388 3283 3699
3 7388 3699 3950
3 3283 6203 3699
3 5043 414 8224
3 8224 6235 5043
3 5043 6819 414
3 7369 8170 8263
3 7475 217 8170
3 8170 217 8263
3 217 7475 1850
3 7187 8218 1601
3 8218 7187 6515
3 4246 7187 5395
3 7187 1254 5395
3 7335 5395 1254
3 3131 1288 7777
3 1288 3131 6291
3 5777 7804 353
3 3931 5898 418
3 5898 2140 418
3 3931 418 5678
3 5370 2140 1867
3 1867 2140 5898
3 1042 5370 1867
3 1430 2420 6784
3 1430 6784 5348
3 1430 5348 6221
3 6221 1037 1430
3 6221 32 1037
3 1430 1037 2420
3 2642 6121 6182
3 6182 7643 2642
3 2642 7643 3082
3 3082 6121 2642
3 7643 6006 3082
3 3082 7568 6121
3 2967 6006 2966
3 196 3358 5017
3 7814 4597 5058
3 5158 6467 6122
3 5158 6122 7814
3 5158 7814 4309
3 6044 5884 5804
3 8216 5461 2247
3 2247 5461 3376
3 5192 76 3149
3 5192 5340 76
3 5731 76 5340
3 76 5731 2399
3 76 2399 3149
3 2057 6326 5863
3 5863 6326 3985
3 6503 2369 4279
3 4279 3624 6427
3 4279 6427 6503
3 399 8312 8075
3 3391 1959 8070
3 1413 7512 5278
3 2905 1525 8072
3 2701 5062 3520
3 3520 5062 4102
3 5062 542 4845
3 4845 1200 5062
3 6962 7117 6254
3 7651 3468 4275
3 4275 3468 329
3 4275 329 3321
3 3468 4844 669
3 3468 669 707
3 3468 7651 4844
3 3468 707 5956
3 669 4844 7678
3 6715 5962 5759
3 6715 5759 2460
3 2492 3827 8045
3 4264 1293 2492
3 3827 2492 1293
3 4264 2492 3464
3 1187 1456 8060
3 8060 1456 8125
3 7960 1908 6458
3 7960 6458 7401
3 4692 89 6593
3 89 4692 5764
3 4835 8160 2562
3 2562 8160 1454
3 2562 1454 5953
3 1454 6593 5953
3 62 2739 4847
3 1406 4847 4837
3 4837 4847 2739
3 1406 4837 2603
3 1406 7581 4847
3 4847 7581 745
3 745 6755 4847
3 4847 6755 62
3 7452 7433 6511
3 3830 7452 444
3 3830 444 7033
3 7938 3179 8457
3 1218 6018 5266
3 1218 5266 3179
3 575 1753 6018
3 8234 6658 575
3 575 6658 1753
3 1477 6937 2953
3 1346 2953 6937
3 5133 1346 6292
3 2953 1346 5133
3 7665 7873 3289
3 7665 3289 3975
3 4496 4727 7023
3 1624 7028 4496
3 1624 4496 7023
3 4496 7028 2933
3 1624 4794 853
3 1624 853 7028
3 853 4794 4984
3 7885 3623 6412
3 6530 7885 6412
3 5536 3844 4297
3 8115 3844 5536
3 3844 2950 4297
3 2727 7906 2844
3 2844 7906 5694
3 8298 4989 7523
3 4989 8335 7523
3 3022 7523 8335
3 8298 7577 4042
3 3742 6376 7449
3 7449 874 3742
3 362 5430 7449
3 4040 8022 5484
3 7361 2958 5497
3 3683 3980 6353
3 3683 6353 74
3 3683 4031 3980
3 74 6353 6315
3 696 3283 5798
3 3283 8224 5798
3 521 8418 7386
3 521 7386 4021
3 6515 3362 7950
3 6599 1630 4986
3 4986 1630 7831
3 5395 2054 4246
3 2054 5395 5023
3 7777 7550 3131
3 3131 6242 6291
3 7043 8088 2168
3 1161 4919 8088
3 8088 4919 2168
3 2168 7629 7043
3 7043 141 2243
3 141 7043 6738
3 6738 7043 7629
3 7520 7498 1161
3 1161 7498 4177
3 4286 4413 4779
3 4779 4413 4220
3 4413 4286 7586
3 7586 6738 4413
3 4413 6738 4220
3 7881 6786 7429
3 6784 7146 5576
3 32 8202 5287
3 7928 5287 8202
3 5390 7896 7568
3 5390 7568 2114
3 2206 4330 3357
3 2510 2344 6951
3 4448 7480 694
3 163 5995 694
3 5995 163 7125
3 7480 163 694
3 7572 5625 3339
3 1566 2258 845
3 5486 1566 845
3 1566 5486 4460
3 5486 845 7059
3 4744 3626 729
3 4744 729 4215
3 4744 4215 3345
3 3626 4744 2801
3 4744 4583 2801
3 1431 3626 2801
3 3711 8368 351
3 4780 351 8368
3 7239 8368 3711
3 449 4654 4577
3 3092 2365 3668
3 1380 6540 6117
3 1380 6117 7206
3 6654 7206 6117
3 6839 3624 6540
3 3458 3775 4905
3 3566 2694 966
3 3566 966 7555
3 966 2369 5926
3 966 5926 8211
3 966 8211 7555
3 7555 8211 7181
3 8435 3679 6597
3 6625 2110 2202
3 6625 2202 8158
3 6625 6293 6874
3 3442 6185 4102
3 4653 6185 3442
3 4922 2756 6889
3 4922 6889 3992
3 3992 6889 5799
3 6649 5799 6889
3 6254 5384 6962
3 6645 2797 7602
3 2797 6645 7052
3 7678 2290 669
3 669 2290 2881
3 669 2881 707
3 7678 3265 720
3 5036 948 7651
3 948 5036 4708
3 948 4708 4844
3 948 4844 7651
3 2154 4874 7583
3 7021 5084 8045
3 8045 4392 7021
3 4155 7930 6201
3 4155 6201 2037
3 4155 2037 8278
3 4155 8278 5198
3 7951 8278 2037
3 4155 5198 3577
3 3577 5198 5533
3 3731 4430 1127
3 1127 4430 4024
3 4430 5764 4024
3 4024 4692 484
3 1127 4024 3614
3 484 3614 4024
3 1127 3614 588
3 1127 588 3731
3 7178 4430 3731
3 4024 5764 4692
3 3614 4060 588
3 5714 6619 7644
3 7644 6619 408
3 3040 5269 6641
3 6129 3040 6641
3 5269 3040 6619
3 713 974 6270
3 6270 974 459
3 2690 4445 5998
3 5998 4445 2439
3 6673 7033 6414
3 6414 7033 8457
3 2372 731 6074
3 731 117 2173
3 6074 731 2173
3 4023 2173 117
3 117 5130 4023
3 4023 2670 2173
3 6074 2173 2670
3 2372 5130 731
3 731 5130 117
3 2670 1511 8271
3 1753 8271 6018
3 8271 280 3784
3 3906 3784 7570
3 3784 280 7570
3 1650 955 5928
3 5928 955 1974
3 1650 5097 7011
3 4753 3645 7670
3 7670 4187 4753
3 3645 8219 7670
3 2933 7028 2730
3 8392 1713 7028
3 4197 1713 3972
3 3972 1713 8392
3 3483 6246 8046
3 3483 3972 6246
3 7823 6530 4009
3 3623 5919 6412
3 4009 6530 6412
3 2473 6412 5919
3 8115 2473 5919
3 1378 4350 7214
3 1378 7214 6477
3 7214 758 8220
3 6684 2643 7315
3 2913 8335 4989
3 2913 4989 8298
3 1721 5108 8229
3 1721 3578 1019
3 1019 3578 4754
3 3578 4322 3165
3 1721 4322 3578
3 4424 5108 1721
3 4424 1721 1019
3 4424 1019 4754
3 5108 4424 1478
3 7449 7820 874
3 8351 8442 7517
3 6163 7812 7528
3 2183 231 787
3 2183 787 2557
3 2183 3138 4285
3 2183 4285 231
3 787 231 7517
3 787 7517 2762
3 8447 8398 5667
3 8447 5667 7847
3 6622 8171 7088
3 2441 7088 8171
3 7088 2441 580
3 7088 2593 7386
3 5236 3989 7088
3 7088 3989 6622
3 5236 7088 7386
3 1630 7735 1702
3 7384 1702 7735
3 7735 276 7384
3 276 7735 7618
3 3581 8103 6442
3 141 7586 2243
3 869 7629 4919
3 869 6738 7629
3 7629 2168 4919
3 4919 4177 869
3 3461 5164 7648
3 7648 2167 3461
3 7648 5164 7999
3 1966 3018 6748
3 2594 7329 336
3 7792 7741 7329
3 7329 7741 4521
3 1242 7741 2053
3 1242 2053 3927
3 2053 7741 7792
3 7488 1652 6191
3 1331 8241 2521
3 1331 2521 7518
3 4185 8025 5945
3 4520 4547 4250
3 4520 1845 4547
3 5390 4520 8025
3 8025 4520 4250
3 8383 4547 4330
3 1845 4330 4547
3 6061 7326 1725
3 4152 7326 1551
3 3872 4067 1142
3 1142 4067 128
3 1142 128 4448
3 1142 4448 7119
3 3872 1142 7119
3 4067 4152 128
3 128 4152 1551
3 128 1551 4448
3 7249 5989 14
3 2029 7895 595
3 595 4263 5989
3 595 7895 4263
3 2334 6679 8468
3 4291 7059 868
3 4291 868 6476
3 4433 3607 5209
3 5209 1067 4433
3 1663 4506 4433
3 1663 4433 1067
3 1063 1067 4215
3 1063 4411 1067
3 530 3761 7667
3 530 8151 3761
3 5512 6654 3837
3 1476 3125 8176
3 1476 8176 4106
3 1476 4106 157
3 1476 157 2963
3 1476 2963 3125
3 7068 658 443
3 838 4360 2804
3 443 658 4360
3 2804 4360 658
3 4360 838 8176
3 4360 5011 443
3 443 5011 7068
3 1681 805 3419
3 1681 3419 5065
3 2513 4274 810
3 6933 810 2362
3 8041 1416 7181
3 7181 1416 1647
3 3635 8211 5926
3 6355 544 5075
3 1682 5972 7300
3 5972 1682 3693
3 3532 8329 6252
3 8329 3532 3014
3 3014 3532 2232
3 4217 1154 1294
3 7553 1154 4217
3 3081 7839 1918
3 766 5005 1726
3 766 1726 900
3 766 900 6568
3 5005 766 6568
3 1243 5005 6568
3 900 1726 4296
3 398 195 6185
3 195 398 4410
3 4410 398 752
3 752 398 4002
3 3988 7138 8081
3 6800 8081 7138
3 2918 5410 1703
3 1703 5410 8110
3 1322 3641 7052
3 1322 3183 3641
3 3183 1322 1879
3 2027 7467 1322
3 7467 1879 1322
3 6534 4171 1468
3 6534 1468 7467
3 1468 4171 6307
3 621 4544 361
3 7678 7061 3265
3 6439 3265 7061
3 4347 5180 7762
3 1637 6439 4347
3 5180 4347 6439
3 4392 7490 7021
3 7951 7677 7161
3 2037 7677 7951
3 3065 6474 6995
3 6995 6474 5632
3 1978 6005 7930
3 7930 6005 313
3 8393 4704 7854
3 6222 4518 7268
3 6222 7268 6270
3 4518 2599 7268
3 713 6270 7268
3 200 2439 4449
3 5285 3803 5327
3 8320 992 5285
3 992 3803 5285
3 3803 24 5327
3 5383 1374 6074
3 2372 1374 333
3 333 1374 5383
3 2452 7365 767
3 767 7365 1328
3 7365 383 1328
3 767 1328 8271
3 767 8271 2452
3 2452 6114 7365
3 5383 7365 6114
3 7365 5383 1415
3 1415 383 7365
3 925 1434 319
3 925 319 4459
3 925 4459 8011
3 925 8011 7338
3 925 7338 1434
3 7990 1434 7338
3 4494 1434 7990
3 1434 4494 319
3 3251 4400 5124
3 1651 6911 8382
3 1651 7076 6911
3 1651 8382 3940
3 3940 8382 5272
3 1995 3264 7921
3 3264 1995 5357
3 672 1363 768
3 672 768 3411
3 3411 768 3770
3 3411 3770 3930
3 312 672 3411
3 768 1363 8167
3 8167 3770 768
3 3483 8384 3972
3 8046 1491 3193
3 8046 2419 1491
3 4883 3189 21
3 7565 2281 4618
3 3797 5240 205
3 3797 4355 5240
3 8174 4355 3797
3 3165 2136 1535
3 1535 4754 3578
3 1535 3578 3165
3 1721 8229 4322
3 6381 3084 3715
3 4505 3843 5954
3 3843 4505 3180
3 6743 4623 8010
3 4623 6743 2050
3 3829 7971 3138
3 118 1425 1076
3 2393 118 1076
3 2393 1076 1045
3 116 2393 1045
3 1045 1852 116
3 2393 116 7971
3 7971 3829 2393
3 2393 3829 118
3 1425 118 3829
3 1076 1425 4570
3 1076 4570 1045
3 8398 8447 3311
3 2593 580 761
3 8197 761 2441
3 2441 761 580
3 8416 7384 46
3 4956 46 7384
3 6213 3637 4559
3 6213 4559 4956
3 4956 4559 6319
3 6213 1185 3637
3 6251 2025 1185
3 1185 2025 3637
3 4859 2025 6251
3 8009 6538 4491
3 3327 4491 6538
3 3730 480 4655
3 4961 6481 1742
3 7752 6481 7999
3 7752 5790 7140
3 2704 3688 3142
3 7320 3142 3688
3 1809 2537 981
3 7875 981 2537
3 7875 2537 1652
3 6191 4422 1242
3 4422 7741 1242
3 6191 1242 3927
3 4422 6191 574
3 4521 4422 574
3 4521 7741 4422
3 2537 6191 1652
3 3689 6232 4798
3 4798 198 3689
3 3689 5628 6232
3 6232 2192 4798
3 198 4798 1938
3 198 1938 7362
3 3804 3511 7962
3 8248 3511 4315
3 4315 3511 3804
3 8194 6596 6682
3 6682 6596 5338
3 523 1623 6119
3 7764 1623 523
3 5222 6056 3746
3 7257 5222 7764
3 7764 5222 3746
3 3746 6056 6098
3 5222 7257 7312
3 5222 7312 6056
3 4263 5417 7686
3 5989 4263 7686
3 4574 1348 3697
3 8308 6968 6452
3 4324 4622 6452
3 6452 4622 6653
3 4291 2152 4886
3 4291 4886 1166
3 2364 1166 4886
3 3607 4737 2152
3 2152 4737 4886
3 8151 7142 2218
3 2218 7142 2363
3 934 8245 7142
3 7667 3662 530
3 530 3662 7142
3 530 7142 8151
3 7142 3662 934
3 934 3662 8245
3 8140 4843 2519
3 8140 1611 4843
3 7464 1611 8140
3 4429 4106 3419
3 4106 4429 3051
3 6058 7180 1263
3 7180 6279 1263
3 7690 7309 8414
3 6781 5443 85
3 5443 1023 85
3 7910 2776 7417
3 5676 6390 544
3 6390 5676 2965
3 3693 1682 8346
3 4386 568 8329
3 4386 6964 568
3 2232 7628 3014
3 4386 3014 7628
3 7628 2021 4386
3 2639 6341 3964
3 2639 3964 2759
3 5519 5779 7193
3 5623 6629 7193
3 7193 6629 5519
3 7980 4410 1726
3 1225 1726 4410
3 1989 6925 7152
3 5188 2490 4379
3 4379 2490 4628
3 2348 997 5410
3 8185 5410 997
3 7989 8185 997
3 2205 1255 3487
3 3487 1255 2201
3 1255 2205 5301
3 1255 5157 2201
3 5157 525 2201
3 525 5805 2201
3 5805 2241 2201
3 2241 3487 2201
3 3183 1879 6337
3 3918 7467 1468
3 3918 1468 6307
3 6307 1728 3918
3 3918 1728 7467
3 4813 1498 4171
3 4171 1498 6297
3 6297 1498 5985
3 5783 3076 4134
3 6086 4134 3076
3 5668 1320 7920
3 1320 6877 7920
3 6877 1320 1571
3 3806 3074 1493
3 1493 7123 8291
3 5905 7161 1015
3 2706 5905 1015
3 1693 7161 5905
3 6676 4716 3360
3 3360 6632 8134
3 6632 3585 8134
3 8134 3585 1814
3 6632 6451 3585
3 7404 6676 3360
3 7404 3360 8134
3 7404 8134 3455
3 6676 4888 2788
3 2481 2684 3579
3 3579 3195 3301
3 7227 7610 4449
3 3809 2395 6372
3 2395 3809 4127
3 6012 701 6372
3 701 6012 8011
3 7316 5231 28
3 28 2259 7316
3 7316 2259 6079
3 8011 7316 6079
3 5332 7248 1340
3 7248 5332 4997
3 4997 3622 7248
3 1340 7248 5938
3 3622 4997 8283
3 1550 6952 1671
3 6911 1550 1671
3 6952 6517 1671
3 6911 1671 4400
3 1651 5925 4534
3 4534 7076 1651
3 4534 3675 7076
3 7076 3675 4456
3 5272 8012 5946
3 8167 3242 1995
3 824 1815 3242
3 1363 1117 4842
3 1363 4842 8167
3 1117 2126 4842
3 6822 5842 8186
3 6922 4831 1643
3 6922 1643 4139
3 6765 1643 4831
3 2401 478 4139
3 7659 7821 6478
3 6273 4995 1234
3 1234 4995 1901
3 6273 3204 4995
3 5481 8112 6273
3 5481 6273 6792
3 6792 6273 1234
3 6792 1234 1901
3 3549 6792 1901
3 8112 5481 5772
3 5481 6792 7275
3 7200 8319 396
3 7107 7459 7244
3 7751 115 4361
3 115 7751 6367
3 7392 5001 8262
3 5001 7392 4541
3 5001 844 8262
3 807 844 2517
3 4355 7615 5240
3 5240 6022 5454
3 5187 816 4860
3 1077 5360 6609
3 7164 1077 6609
3 7164 7858 1077
3 1077 7858 5048
3 1077 5048 5360
3 5360 5048 5792
3 7164 6609 2588
3 5360 328 4080
3 5360 5792 328
3 3334 6492 3315
3 3315 6492 1499
3 7799 7809 1078
3 7799 1078 8082
3 7799 8082 5378
3 5378 2092 7799
3 7809 5137 1078
3 1078 5137 8082
3 1889 4759 5137
3 1889 5137 6743
3 991 1479 615
3 991 615 7483
3 1479 8424 615
3 5891 7483 4787
3 7483 615 4787
3 8424 1479 4759
3 6186 8398 8424
3 4787 8424 8398
3 4787 8398 4202
3 4787 4202 5440
3 5399 386 5002
3 4543 2773 894
3 3063 7379 4038
3 4038 1538 3063
3 1538 4038 6615
3 4688 4038 452
3 927 6455 5784
3 927 5784 5936
3 5936 7798 927
3 927 7798 4559
3 927 4559 6455
3 6455 2025 1206
3 6455 1206 5784
3 5784 5373 5936
3 1260 5936 5373
3 1260 5373 3678
3 3524 5373 5784
3 3524 5784 1206
3 3524 1206 1359
3 2689 1212 6538
3 6538 5063 2689
3 6251 3327 9
3 6251 9 4859
3 4859 9 1212
3 1212 9 3327
3 5063 6538 8009
3 5063 8009 1730
3 4930 1730 8009
3 7647 4735 4969
3 6728 7501 7196
3 6728 7196 4052
3 839 6407 800
3 4052 839 800
3 839 4052 7196
3 7196 2822 5328
3 5328 2822 6973
3 5328 6973 839
3 5328 839 7196
3 4790 31 4438
3 31 4790 6973
3 3025 8161 385
3 3025 385 3929
3 385 2815 3929
3 6232 5628 3025
3 4841 6161 302
3 4841 302 1628
3 302 6161 5628
3 4043 1289 3471
3 1001 3463 425
3 425 3463 6045
3 3938 1001 425
3 1001 3938 3075
3 3075 3415 1001
3 1001 3415 3463
3 897 7403 3842
3 8390 7403 897
3 4415 8390 8148
3 2096 5870 8148
3 2096 5089 5870
3 7833 7700 4667
3 7700 611 4667
3 4667 611 5870
3 6857 7764 3746
3 6857 3746 6098
3 4793 6857 6098
3 4793 6098 1607
3 1607 6098 2429
3 7892 232 513
3 7892 513 7154
3 7892 7154 4761
3 3071 8472 3214
3 7540 4244 6263
3 5106 4244 7540
3 3855 2230 2324
3 7714 2230 8308
3 203 2324 7714
3 7714 2324 2230
3 5135 3367 5762
3 5762 8308 5135
3 3367 5135 5636
3 7855 3913 2957
3 7855 2957 1351
3 2519 4843 8245
3 8076 3913 7855
3 3808 7633 629
3 8031 7633 8414
3 3808 8414 7633
3 1263 3808 629
3 1263 629 6058
3 209 7007 4773
3 2648 7218 2358
3 3123 7492 6789
3 3123 6789 1656
3 3123 1656 7891
3 140 3123 152
3 3123 140 7492
3 2413 2906 6390
3 1625 715 1441
3 3166 1625 1441
3 2539 715 1625
3 715 2539 702
3 715 702 6964
3 715 6964 1441
3 7628 5960 2021
3 8144 2717 4221
3 30 972 2239
3 2239 972 6768
3 4971 5921 4818
3 4818 5921 6629
3 7406 942 8391
3 8391 942 3375
3 6675 7435 3785
3 3388 3168 4352
3 4352 3168 4243
3 4352 4243 6959
3 6959 4243 3111
3 2949 4848 6908
3 6908 4877 2949
3 5010 4877 6908
3 6307 8469 1728
3 6297 5985 4662
3 8494 6297 4662
3 5875 7253 149
3 5875 149 7259
3 7259 149 1158
3 7259 1158 2431
3 1158 1932 2431
3 2767 2431 1932
3 6086 5304 4134
3 4134 5304 5208
3 6086 3076 5391
3 5391 3076 2720
3 4301 2785 127
3 127 2785 590
3 590 2785 1836
3 2572 1836 2785
3 590 1836 2005
3 590 2005 4718
3 590 4718 127
3 127 4718 2726
3 4301 127 2726
3 7487 8317 5858
3 3112 7487 254
3 254 7487 3552
3 4380 4036 4326
3 4326 5658 8317
3 7123 2084 8291
3 923 6271 7642
3 5528 7642 6271
3 5528 6271 5406
3 1814 3585 5558
3 5558 3585 6451
3 247 6632 3850
3 6632 4716 3850
3 6448 5500 4310
3 6995 2481 3301
3 6995 3301 1199
3 1199 3301 7610
3 4968 2931 4650
3 4650 2931 1808
3 3811 4968 4406
3 4406 4968 5923
3 599 8100 601
3 8283 1312 4339
3 4339 1312 5923
3 4339 5923 4713
3 4713 599 601
3 4713 3809 4339
3 2086 6079 2259
3 2086 2259 4357
3 2259 850 4357
3 6372 6079 2086
3 7715 3198 1489
3 1489 6816 7715
3 3481 704 5332
3 5733 1664 6332
3 6332 1937 5733
3 6332 4256 1937
3 4256 6332 7768
3 4695 5359 5147
3 4695 5147 6713
3 6072 5147 5359
3 2109 6049 7970
3 8012 4056 5946
3 1862 3893 6196
3 6822 3492 1819
3 3732 1043 7090
3 125 2351 4028
3 1043 125 4028
3 7090 1043 4028
3 7090 4028 7240
3 125 1043 7868
3 125 7868 957
3 125 957 2351
3 7240 4028 2351
3 6050 5549 5892
3 5193 5122 6050
3 6807 8330 225
3 7580 225 8330
3 314 225 6080
3 6080 225 7580
3 1670 4012 3302
3 7997 4012 1670
3 7997 1670 7977
3 1275 1508 2914
3 7172 2914 1508
3 2914 6895 1275
3 6895 1715 1275
3 7172 7834 2914
3 2914 7834 3776
3 7977 6895 3776
3 3776 7834 6798
3 7834 4377 3478
3 7172 4377 7834
3 1324 3856 6734
3 7615 829 5240
3 5240 829 6022
3 4612 7451 215
3 4612 4878 7451
3 3994 4878 2650
3 4878 3994 1756
3 1756 3994 980
3 6109 277 8190
3 2907 4241 5671
3 7575 5671 4241
3 2907 5671 826
3 826 5671 3956
3 826 3956 8275
3 3908 433 1499
3 8082 7483 5378
3 5378 3849 2092
3 4444 1591 8089
3 4806 1591 4444
3 4202 1905 5440
3 8357 8089 851
3 6615 4543 894
3 4543 7573 3584
3 6615 7374 4543
3 7573 4543 7374
3 1437 4550 6220
3 1437 6220 1632
3 1632 3861 1437
3 1437 3861 1706
3 1437 1706 1061
3 3121 1706 3861
3 3861 1632 3489
3 1260 3678 1730
3 1730 3453 1260
3 1260 3453 7798
3 1730 4930 3453
3 5079 8000 776
3 776 8000 5618
3 776 5618 7503
3 776 7503 676
3 776 676 5079
3 5079 7430 8000
3 6407 5161 800
3 6407 8161 5161
3 7560 5628 6161
3 8032 7603 3871
3 8032 6468 7603
3 1008 6468 6683
3 1008 6683 7877
3 7877 6683 1678
3 7877 6000 6813
3 7265 6176 6007
3 7265 6007 4415
3 5870 611 8266
3 8266 611 5286
3 646 8266 5286
3 7296 84 5286
3 7296 5286 7729
3 5286 7700 7729
3 7796 7296 7729
3 7296 7796 5961
3 7296 5961 5538
3 646 7296 5538
3 646 84 7296
3 8361 6544 7208
3 8361 7208 4913
3 4793 1607 2938
3 8361 2938 1607
3 2254 4398 5983
3 5983 4398 6753
3 513 2254 5983
3 8421 5657 6965
3 618 5629 3087
3 4132 3087 5629
3 3967 8209 4839
3 3967 394 8209
3 6639 4538 7204
3 3367 5636 7204
3 3367 4538 5762
3 2244 5636 7549
3 2244 6842 5636
3 594 6698 5897
3 5897 6698 1883
3 8423 7458 1384
3 8423 1384 1124
3 8423 1124 7394
3 1124 1384 4439
3 4439 762 4829
3 4439 4829 6507
3 762 4439 1384
3 762 1384 7458
3 5136 2548 7005
3 6302 4323 1563
3 2148 4553 4323
3 4323 4553 1563
3 3343 6302 7997
3 3343 4323 6302
3 7997 3771 1235
3 7997 1235 3343
3 3600 3776 6798
3 3600 7977 3776
3 1324 2148 2331
3 1324 2331 4998
3 5256 3154 4934
3 5256 3710 1319
3 2246 2175 1474
3 3313 2246 1474
3 4162 1935 6674
3 4162 4145 4745
3 4745 4145 5389
3 2505 4162 4745
3 4745 5389 3191
3 3191 5389 835
3 835 5389 6030
3 1782 3153 7575
3 1782 8128 1177
3 1782 1177 3153
3 1177 8128 5855
3 250 7824 8275
3 8275 7824 826
3 4241 2907 7824
3 7824 2907 826
3 6479 2681 4499
3 8275 4499 2681
3 7494 1027 5620
3 3349 7494 3151
3 5620 3151 7494
3 7494 3349 3878
3 1027 7494 4027
3 6100 3174 6370
3 6370 6980 6089
3 6980 6370 3174
3 5009 4190 5975
3 5509 5009 5975
3 3227 5801 1544
3 4806 1544 5550
3 847 5315 3227
3 3227 1544 4806
3 3227 4806 1064
3 3227 1064 847
3 847 1064 8357
3 847 8357 5315
3 1510 4976 4591
3 1510 4591 7082
3 3378 5867 3862
3 3378 3862 1138
3 1138 3862 5380
3 1138 5380 2047
3 1138 2047 8074
3 4550 2279 6220
3 6220 2279 2956
3 4255 4138 4515
3 4255 4515 6928
3 4138 4255 2865
3 7503 2335 4515
3 7503 4515 676
3 676 4515 4138
3 4138 7430 5079
3 2865 7430 4138
3 4515 2335 6928
3 2335 3181 6928
3 4803 8400 935
3 2231 3828 6330
3 2231 5295 3828
3 3828 5295 3718
3 4436 3718 1688
3 4436 1688 7260
3 5295 2231 6722
3 4436 7260 4395
3 4395 6330 3828
3 4395 3828 3718
3 4395 3718 4436
3 1506 2868 8244
3 1506 8244 6330
3 2147 7438 2191
3 7560 4777 6483
3 6034 4777 6161
3 6161 4777 7560
3 5013 6446 3589
3 3589 8235 5013
3 5013 8235 666
3 5013 666 3548
3 3548 666 5719
3 2858 5990 7603
3 2858 7603 6718
3 2858 6718 6813
3 1603 2858 2157
3 2858 1603 5990
3 7603 6468 6718
3 2718 833 4446
3 2718 7410 833
3 2986 6760 5055
3 5055 6760 7796
3 7208 730 4913
3 730 5055 4913
3 7113 3498 7208
3 7208 3498 730
3 730 3498 5860
3 5513 2405 6464
3 978 5195 3482
3 978 3482 6965
3 978 5457 5195
3 3482 5195 2405
3 4941 4132 7057
3 325 7057 4132
3 4839 5697 3967
3 3967 5697 5169
3 3967 5169 325
3 4209 7272 450
3 450 7272 8179
3 1967 8179 3036
3 3036 8179 7525
3 4996 7525 8179
3 4687 2052 8482
3 2653 2992 7024
3 2992 4959 6836
3 2992 6836 3915
3 535 4091 4959
3 4552 6233 5400
3 4552 5400 772
3 4552 772 4741
3 4741 772 4785
3 4552 4741 1100
3 4552 1100 6531
3 4552 6531 6233
3 3129 5400 6233
3 772 5400 4785
3 4659 4785 5400
3 4659 5400 6047
3 4609 983 7143
3 4609 7143 3673
3 15 7143 983
3 15 1021 7143
3 5492 2505 4090
3 5492 4090 3
3 3 4090 6076
3 3 6076 8363
3 6076 7837 8363
3 7837 4668 2303
3 7837 2303 3226
3 835 6030 7668
3 6403 7731 4419
3 7731 6403 8067
3 8067 6403 4762
3 2681 6479 8128
3 3080 1858 1981
3 4027 8063 50
3 50 8063 237
3 5620 50 346
3 346 50 237
3 3174 3340 6980
3 6362 6980 3340
3 5009 5509 4151
3 5009 4151 3340
3 5934 6418 406
3 5934 406 1074
3 6876 5550 1913
3 5550 1544 1913
3 1913 1544 5801
3 912 8404 406
3 912 406 6418
3 8404 6416 406
3 1074 406 6416
3 8358 912 6418
3 8358 8324 912
3 6898 8349 7082
3 4656 4758 2139
3 4758 4656 3378
3 2139 5867 4656
3 4758 3378 1138
3 4758 1138 8074
3 8074 2139 4758
3 8074 6343 7355
3 5295 1009 3718
3 3718 1009 825
3 1009 5295 4066
3 1009 4066 825
3 825 4066 4803
3 4066 5295 6722
3 2231 6330 1825
3 6330 8244 8035
3 6519 2973 1488
3 6519 1488 5356
3 5356 8404 6519
3 6543 6223 1488
3 1488 6223 5356
3 7232 5356 6223
3 4098 904 6219
3 6219 904 1954
3 1954 904 8017
3 5397 6446 6219
3 4104 3548 5101
3 5101 3548 2921
3 5101 2921 8017
3 5101 8017 904
3 5101 904 4098
3 5101 4098 4104
3 3548 7241 2827
3 1828 4893 379
3 379 4893 5807
3 5807 4893 8260
3 3657 1920 5353
3 5353 7190 2074
3 7190 5353 1920
3 7474 5860 7477
3 3331 884 7477
3 8388 7477 884
3 5513 6464 7393
3 7393 6464 2072
3 5195 3979 4648
3 5195 4648 2405
3 4483 698 130
3 3979 4483 130
3 3979 8385 4483
3 4483 750 698
3 698 750 5588
3 698 5588 1621
3 698 1621 130
3 130 1621 3979
3 3676 7057 3133
3 3676 3133 8126
3 304 3133 144
3 304 144 3526
3 3526 5649 304
3 304 5649 8126
3 304 8126 3133
3 5169 5697 1112
3 5169 1112 1875
3 8179 4949 6667
3 3036 6194 4691
3 3036 4691 6631
3 3036 6631 1967
3 6194 6834 5978
3 4691 6194 5978
3 2653 7024 2012
3 7975 6371 3050
3 7975 1760 4869
3 7975 4869 6371
3 5737 3050 6371
3 6371 7084 5737
3 5597 1944 7806
3 5597 7806 6518
3 7806 1944 5546
3 1100 623 6531
3 7826 1386 4962
3 7826 4962 8363
3 4962 1851 8363
3 7826 1720 1386
3 1386 1720 5546
3 1386 5546 1944
3 6617 1720 7826
3 1720 6617 979
3 979 5546 1720
3 6617 7826 1846
3 3630 456 4851
3 1858 6406 1981
3 1236 1086 6808
3 1236 5153 1086
3 933 7102 2196
3 6980 6362 8475
3 2008 6416 5003
3 2480 5003 1709
3 1709 5003 6416
3 3912 7232 6416
3 8404 4709 5487
3 1709 7232 6704
3 1709 6704 2480
3 2480 6704 3728
3 5353 6539 66
3 5353 66 7371
3 7371 66 7778
3 4443 2123 3551
3 6539 4473 2123
3 6539 2123 4443
3 7190 7096 2074
3 4542 7474 7477
3 4542 7958 7474
3 7474 7958 2394
3 5115 8388 860
3 5115 860 7393
3 2932 1542 1002
3 1002 1542 5215
3 1002 5215 3504
3 1002 3504 4873
3 1002 4873 2932
3 2932 1795 1542
3 1542 3212 5215
3 3781 3205 4222
3 4686 3205 2302
3 4686 2302 4873
3 8333 4222 3205
3 4290 6211 2433
3 765 778 4
3 765 4 3763
3 765 3763 1718
3 765 1718 6211
3 765 6211 3727
3 765 3727 778
3 3477 8331 7502
3 7502 8331 2217
3 6288 6267 7166
3 8439 7991 6505
3 8439 6505 6793
3 7964 7991 8073
3 2407 7964 8073
3 7162 7806 5546
3 2812 1697 7748
3 5844 7916 7748
3 6523 891 4396
3 6523 4396 6746
3 6523 3765 8145
3 5916 6553 941
3 5916 941 5171
3 941 6553 736
3 7783 3807 7102
3 7783 709 5311
3 709 3724 5311
3 5489 5311 3724
3 3551 8280 7778
3 3551 7266 8280
3 4443 3551 7778
3 5602 4236 8280
3 5489 7290 5311
3 7290 5489 6897
3 1863 7519 4003
3 7519 6841 4003
3 4972 6770 7845
3 4972 7845 3527
3 3527 7845 2319
3 2319 2609 3527
3 3527 3903 4972
3 4972 4441 6770
3 4441 4972 591
3 3903 591 4972
3 3903 7242 591
3 3962 7242 5853
3 4015 7242 3903
3 4015 3903 2609
3 7242 4015 5853
3 2932 4487 1795
3 3781 2127 2302
3 2127 4990 2302
3 8180 8033 4796
3 8180 4796 4498
3 3763 8033 1422
3 1718 1422 6211
3 257 5894 3252
3 2217 5894 257
3 8331 7912 2016
3 5894 7912 244
3 2016 7912 5894
3 7558 1824 2937
3 4812 1339 3997
3 1339 218 3997
3 7931 8342 8376
3 4211 7931 3654
3 4211 3654 4569
3 6272 705 5224
3 5665 5224 705
3 5522 5999 3119
3 5522 3119 5224
3 6861 5224 3119
3 3580 1481 4763
3 6505 5900 3515
3 2980 4641 6424
3 2980 3277 4641
3 7916 5718 6443
3 4396 1284 7748
3 4396 7748 6746
3 5844 7748 1284
3 4614 4862 4208
3 4614 1897 4862
3 8057 4862 1897
3 736 3741 941
3 941 3741 5171
3 2026 6696 818
3 7783 1257 8326
3 309 1257 7783
3 5489 3506 6897
3 3506 6062 6897
3 4432 2082 6770
3 1424 591 7242
3 1424 7242 3660
3 1424 4441 591
3 656 526 4535
3 656 4535 619
3 619 4535 3488
3 2796 3488 4535
3 526 656 3363
3 5196 656 619
3 5196 619 3488
3 4295 6496 5339
3 8365 4295 5339
3 1738 4051 5339
3 1738 5339 6554
3 8180 4498 1738
3 1738 4498 4051
3 4796 3674 1816
3 83 8033 120
3 8033 434 120
3 83 120 3674
3 4549 7099 4005
3 3560 4549 4005
3 4005 3107 3560
3 7184 2376 6776
3 6776 976 753
3 6776 753 7184
3 2376 6135 6776
3 976 6776 6135
3 2937 4517 7558
3 4517 2937 5585
3 3997 2144 1824
3 7585 3479 6278
3 8279 7585 6278
3 4442 4140 7072
3 5325 4078 4283
3 5325 4283 1
3 3866 2757 6591
3 7283 2792 4387
3 7283 4387 3355
3 2792 7851 4387
3 7566 7851 4994
3 4797 6351 3104
3 1190 2329 3029
3 6647 1190 3840
3 1190 6647 8466
3 1190 8466 2329
3 8057 5476 3573
3 2023 8051 8057
3 5476 8057 8051
3 2023 1070 8051
3 526 2030 4535
3 2030 526 3363
3 5040 8365 6695
3 6695 6437 5040
3 700 5465 742
3 4954 3780 1163
3 1163 4051 4954
3 4954 8117 3780
3 1163 2743 4051
3 4252 3674 561
3 4252 561 7001
3 4252 7001 4916
3 1982 4916 7001
3 2581 7545 4694
3 7545 4738 4694
3 2069 1793 5020
3 8437 6300 5020
3 4651 4836 1631
3 1631 5166 4651
3 4651 754 1581
3 4651 1581 8437
3 4836 4651 8437
3 7182 4836 8437
3 1631 4836 5166
3 7182 5166 4836
3 3873 2942 5166
3 3873 5166 1717
3 4306 5321 4417
3 4417 5321 1903
3 4397 7775 4918
3 5007 4918 7775
3 3799 6087 274
3 3799 4107 6087
3 4733 5060 1162
3 1162 4107 4733
3 4733 8192 5060
3 1162 5060 1033
3 1162 1033 6087
3 2144 4054 5585
3 5585 4054 5491
3 4497 2896 4611
3 2896 8367 4611
3 5740 1755 8367
3 5740 4373 1755
3 7072 5325 3402
3 2482 2185 3598
3 2482 3598 8049
3 3307 8228 855
3 3307 368 7800
3 3307 7800 8228
3 2289 4665 1547
3 2289 1547 4866
3 2036 2289 4866
3 4771 2289 2036
3 2289 4771 4665
3 4665 8478 1547
3 7702 4665 4771
3 4665 5495 8502
3 5495 4665 7702
3 7803 7402 971
3 4685 7803 971
3 7803 4188 7402
3 7649 320 8165
3 1149 7734 7649
3 1149 7649 5619
3 7649 7734 3291
3 4488 1823 7566
3 4488 1149 1823
3 1823 1149 5619
3 1626 7604 2984
3 1626 7144 1089
3 1626 1089 7604
3 7604 6850 2984
3 7832 635 3029
3 7832 531 635
3 7832 2454 5056
3 6179 2329 8466
3 7442 533 5747
3 5747 8371 7442
3 7442 8051 533
3 1861 1128 5747
3 8450 6358 1861
3 1861 6358 1128
3 2411 5345 940
3 1982 7944 8117
3 7135 121 4586
3 4586 121 7324
3 4586 7927 7135
3 6832 7813 7135
3 7545 4602 4129
3 7545 4129 4738
3 4738 4129 3312
3 2678 2880 97
3 2678 97 4554
3 4554 97 5403
3 4554 5403 6106
3 4602 5403 97
3 4602 97 2880
3 1830 1609 4306
3 7129 5163 6855
3 4092 1546 7761
3 4092 7761 954
3 5317 5560 4092
3 4454 4092 5560
3 4092 4454 1546
3 1546 7194 7761
3 546 388 8325
3 6497 3073 6650
3 6650 6873 6497
3 3113 6663 6694
3 3113 6694 2604
3 2604 6497 3113
3 3113 6497 5753
3 5753 6663 3113
3 6772 6663 3738
3 3759 3738 6663
3 6663 6772 6444
3 4587 1033 5060
3 1033 3738 6087
3 3738 4587 6772
3 3738 1033 4587
3 3088 6991 7046
3 7046 6991 1258
3 1258 6991 2600
3 3361 7470 2746
3 7470 6716 8483
3 3361 6716 7470
3 3361 7098 1870
3 2359 4529 5292
3 7800 4529 2359
3 7800 7793 4529
3 368 210 7793
3 368 7793 7800
3 8502 8029 2682
3 7333 1232 6992
3 6299 7801 714
3 7801 6956 714
3 714 7136 6299
3 926 7734 1020
3 926 1020 8079
3 926 8079 3661
3 3291 926 3661
3 926 3291 7734
3 5027 4965 7876
3 5027 4482 4965
3 7876 4965 4488
3 1150 7576 1098
3 1150 3061 4776
3 6237 1447 3172
3 6237 3172 2276
3 1805 3172 1447
3 3658 5056 2454
3 3658 2454 6960
3 3658 6960 6935
3 6179 2598 3521
3 6935 6179 3521
3 6179 6935 6960
3 3427 1151 3650
3 3427 3650 6276
3 3427 6276 6935
3 3427 6935 3521
3 3521 2598 3427
3 3427 2598 7111
3 5943 1350 3868
3 7324 7356 4199
3 3752 7356 7626
3 5830 3218 7626
3 7626 3218 3752
3 5830 6352 7808
3 2888 4189 3500
3 2888 3500 645
3 4743 645 3500
3 4129 7515 3312
3 7515 4129 4602
3 7721 7567 8403
3 7721 8403 7564
3 7567 7721 1050
3 1050 1017 7567
3 3773 2885 7255
3 2742 4371 883
3 6585 2582 3290
3 3332 1773 1467
3 3332 8155 1841
3 3332 1467 8155
3 1847 1773 2664
3 1999 7436 2664
3 7436 1847 2664
3 7436 4810 7064
3 1999 4810 7436
3 6663 6444 6694
3 8053 2604 6694
3 870 4772 4872
3 870 4872 6772
3 3443 7905 3530
3 3530 870 3443
3 3443 870 6772
3 6772 4587 3083
3 4624 3197 3615
3 3197 4624 7942
3 2075 6035 5431
3 2100 5479 6777
3 1341 2170 5921
3 1341 8391 6716
3 1250 1341 6716
3 1341 1250 2805
3 1341 2805 2170
3 2542 3544 721
3 1269 6972 2542
3 6972 3544 2542
3 3544 7492 721
3 1269 898 5605
3 898 2878 5605
3 2878 898 8187
3 5117 8177 4006
3 5117 4006 2472
3 5965 2472 1712
3 610 1232 7009
3 1689 2585 4131
3 5233 4416 7422
3 5126 5233 7422
3 7422 6113 5126
3 2486 5553 6548
3 746 230 958
3 230 3666 958
3 1071 958 3666
3 230 746 472
3 230 472 4019
3 3666 230 4019
3 1071 3666 2774
3 1379 7842 5846
3 3304 3910 2146
3 3392 7576 2493
3 4558 6155 4239
3 6214 3172 1805
3 7105 2999 4575
3 7105 3456 2999
3 5459 2999 3456
3 5459 6711 2999
3 6711 4575 2999
3 6404 4575 6711
3 2647 3706 1426
3 3705 3706 2647
3 7689 890 3218
3 6533 1953 7689
3 7689 1953 890
3 5830 7808 518
3 2923 2961 548
3 548 2994 4075
3 7400 1208 6570
3 6570 1208 4013
3 3925 548 483
3 3925 483 1193
3 1193 4013 1208
3 1193 1208 3925
3 3925 1208 7400
3 3925 7400 2994
3 3925 2994 548
3 548 2961 483
3 4013 7721 6570
3 6067 6570 7721
3 6067 7721 7564
3 4632 7967 4325
3 4580 7967 4632
3 3276 5282 5264
3 5282 3276 212
3 212 3055 5282
3 6640 3276 5264
3 6640 5264 6389
3 2315 7898 6066
3 7898 6640 6066
3 6303 8155 2172
3 8155 6303 1841
3 5323 492 5214
3 5323 5214 7064
3 492 1847 7436
3 492 7436 5214
3 5214 7436 7064
3 8107 7737 7277
3 6701 1984 7526
3 6547 4772 6308
3 8053 1169 6547
3 1169 6694 6444
3 6694 1169 8053
3 381 2444 364
3 6739 4730 1691
3 1691 6592 6739
3 5814 8198 6739
3 6739 8198 4495
3 5814 763 8198
3 1586 5086 5241
3 1442 5241 4640
3 4640 5241 122
3 4640 122 1789
3 8198 763 1789
3 4640 1789 763
3 763 1442 4640
3 5241 1442 1586
3 5086 6882 5241
3 5241 6882 122
3 7942 5808 3197
3 2899 5963 8138
3 2100 7343 5479
3 1229 975 1975
3 1975 975 1116
3 1975 1116 1058
3 5275 3961 4495
3 1392 5275 4495
3 1392 4495 8198
3 7022 2547 5275
3 3961 5275 2547
3 6729 5381 1827
3 3977 6729 1827
3 6493 5703 4877
3 7345 4484 4087
3 7345 4087 2466
3 6031 7284 1307
3 6031 1307 4035
3 4894 7069 3642
3 4894 3642 6195
3 1096 4022 6086
3 1096 6086 5391
3 1096 5391 4025
3 1096 4025 4022
3 4022 5304 6086
3 1962 4105 384
3 906 3413 467
3 906 467 3136
3 3324 3413 906
3 2041 467 3413
3 2041 3413 165
3 165 3413 7177
3 4718 2005 8420
3 4718 8420 41
3 7428 41 8420
3 7416 3365 4095
3 7416 4095 1059
3 7416 1059 3480
3 4095 2989 1059
3 1503 263 194
3 7671 3341 3369
3 7385 4644 5670
3 5421 5018 3356
3 3389 5500 6054
3 510 3234 1443
3 3234 510 6054
3 5087 640 468
3 5087 468 6448
3 794 5145 7705
3 794 7705 86
3 794 86 8399
3 802 794 8399
3 802 5145 794
3 3587 5223 8399
3 4406 5923 5299
3 4124 1594 3117
3 3117 1594 859
3 859 988 6264
3 3117 859 6264
3 1594 4124 3686
3 1594 988 859
3 6264 988 2511
3 2506 6328 5216
3 6328 5375 8071
3 6328 8071 4788
3 5216 6328 4788
3 5216 2106 2506
3 6328 2506 5375
3 6101 4382 717
3 5466 4480 8004
3 8004 4480 6817
3 6802 2729 4391
3 4391 856 6802
3 6802 856 6234
3 5147 2729 6713
3 6802 6713 2729
3 6817 5760 2795
3 2795 5760 6072
3 1794 2795 6072
3 1794 5319 2795
3 5595 1946 507
3 507 1946 5599
3 507 1745 5595
3 5827 5595 1745
3 5902 7352 5827
3 2833 5083 1862
3 7582 5849 5883
3 1900 5743 2571
3 1900 2571 6994
3 957 7868 793
3 957 793 35
3 957 35 1900
3 5743 35 793
3 4781 6910 804
3 4781 804 7868
3 4781 7868 1608
3 4781 1608 7314
3 5549 8201 1638
3 6749 1638 8201
3 1638 6749 4585
3 5122 3723 827
3 827 2523 5122
3 1876 5447 5515
3 702 2539 1018
3 702 1018 7941
3 702 7941 5647
3 702 5647 6964
3 8090 2852 5184
3 5984 5184 1844
3 5984 1844 248
3 2021 5960 5776
3 7929 5277 1480
3 7929 1480 6997
3 7891 1656 3736
3 3736 7631 7891
3 7631 3736 5277
3 6789 7492 3544
3 6789 3544 2158
3 2158 3544 6972
3 509 5605 2878
3 8189 4500 2472
3 2472 4500 5117
3 5965 5674 7588
3 8189 5965 7588
3 5674 6669 7588
3 4006 4931 1712
3 1518 7422 3877
3 1518 3877 3246
3 7322 3246 3877
3 2304 5113 4128
3 5113 866 7422
3 5113 7422 4128
3 8152 5113 2304
3 183 3260 8395
3 2811 4034 8395
3 2811 8395 3260
3 1604 2811 3260
3 2811 1604 4034
3 498 1119 1025
3 1025 1119 5276
3 5276 1119 7127
3 1223 7358 3019
3 1223 3019 6976
3 1223 4675 7358
3 3019 7358 5997
3 7219 7173 4180
3 4321 6831 1504
3 8030 4321 1504
3 6618 4238 8086
3 7105 6862 3456
3 4928 998 7819
3 7819 998 7985
3 7808 2525 4471
3 4471 518 7808
3 7400 4075 2994
3 2461 4075 7400
3 633 6338 6067
3 6067 6338 3359
3 6462 633 6067
3 6207 6304 3923
3 3072 6304 7160
3 7160 4884 3072
3 3072 4884 7967
3 1370 324 8445
3 7245 324 6849
3 6849 324 8412
3 1370 8412 324
3 6068 61 8108
3 8373 61 6815
3 6815 61 6068
3 5350 2038 2051
3 7414 2038 5350
3 8038 8264 4119
3 2410 7898 2315
3 2172 8396 6303
3 3434 7062 1708
3 7277 7737 1219
3 6387 1984 8221
3 1984 6387 7526
3 5735 1784 4699
3 1582 1784 5791
3 5791 1784 5735
3 1116 975 1392
3 1116 1392 1789
3 1789 1392 8198
3 7360 8059 5781
3 1540 3883 2610
3 1540 2610 1874
3 8195 3287 4465
3 4465 3287 7014
3 4465 7014 2876
3 2644 7345 2085
3 4993 1371 3497
3 4993 4894 6195
3 4993 6195 1273
3 4993 1273 1371
3 1371 4403 1387
3 1371 1387 3497
3 2262 6195 8417
3 1300 2262 8183
3 8183 2262 8417
3 6670 4105 5255
3 7018 4158 2732
3 1281 4158 7018
3 1277 4929 4163
3 1277 4163 1432
3 1277 1432 240
3 5755 1432 4163
3 4929 1277 5149
3 5149 1277 240
3 5149 240 8019
3 4349 7428 6392
3 1102 8350 695
3 5757 4045 6886
3 6357 7952 5633
3 6230 2067 4736
3 1801 6230 4736
3 7093 148 2989
3 5429 4029 1917
3 7359 1917 4029
3 7359 4029 5864
3 4181 4175 8303
3 1770 6824 5229
3 5229 6824 1763
3 4644 5421 7561
3 2506 4124 5375
3 5202 4124 2506
3 5202 2506 2106
3 503 2554 6169
3 3395 6169 2554
3 3395 2554 7373
3 2440 2554 503
3 2554 2440 7871
3 5142 2339 2416
3 7755 2416 2339
3 4519 2339 5142
3 4480 5760 6817
3 7582 751 2501
3 8207 2501 751
3 8207 751 4512
3 2571 3248 1714
3 2571 1714 2143
3 2143 1714 3399
3 804 6910 5259
3 804 5259 793
3 804 793 7868
3 793 5259 5743
3 6016 2280 1390
3 8101 1390 6535
3 6535 1390 2280
3 2782 3831 600
3 5303 600 4601
3 5303 4601 2280
3 5303 2280 6016
3 2280 4601 6535
3 2782 5303 3576
3 2782 3576 2124
3 3576 5303 6016
3 1600 5534 8048
3 1600 2991 8201
3 1600 8201 5534
3 4938 5021 7210
3 5021 7901 8486
3 7210 7998 4938
3 4399 3225 323
3 4399 323 7998
3 4399 7998 7210
3 5298 4399 2646
3 2646 4399 7210
3 4399 5298 3225
3 5025 4598 1513
3 4598 5025 2115
3 5025 1513 7348
3 5025 7348 6116
3 7348 1513 3793
3 6317 7941 1018
3 6317 1018 2539
3 2835 1365 1270
3 1270 7013 2835
3 7013 1270 357
3 6936 509 2878
3 6936 2878 8187
3 1480 7513 6997
3 7495 3917 3771
3 5674 5033 6669
3 5674 7598 5033
3 5000 3246 7322
3 5000 7322 3039
3 5000 3039 5856
3 866 6900 3877
3 551 4944 1333
3 551 1333 2298
3 4944 8269 1333
3 5607 2298 1333
3 5607 1333 8269
3 2298 1604 5276
3 6790 7127 4344
3 566 7127 6790
3 7965 4671 7657
3 4671 1639 7657
3 1639 4671 3790
3 5093 7591 6225
3 6225 2049 5093
3 5093 2049 3045
3 5093 3045 2711
3 5093 2711 5881
3 6430 6736 4988
3 3306 7306 5822
3 3306 5822 1774
3 6217 3631 3175
3 1047 3175 3631
3 3175 4879 6603
3 6603 7306 3306
3 7173 3306 1774
3 7306 6603 4879
3 7306 4879 3005
3 7306 3005 5845
3 3175 3091 6217
3 3175 6603 3091
3 6603 3306 3091
3 3091 3306 7173
3 3091 7173 6217
3 836 4823 3005
3 3005 4879 836
3 836 4879 1047
3 836 1047 3631
3 836 3631 4823
3 1245 5578 4032
3 8030 1245 4032
3 2366 5297 3299
3 2366 3299 6762
3 5677 7924 5219
3 5677 5219 3452
3 3452 5219 6967
3 4513 5219 7924
3 1455 7383 4262
3 1455 5179 7924
3 7924 8252 1455
3 1455 8252 7383
3 4082 7383 5663
3 7383 4082 4626
3 5663 1880 4082
3 2860 326 4384
3 4384 5669 2860
3 2860 1859 326
3 7624 4384 326
3 5263 3874 4077
3 4077 2995 7207
3 5337 6849 154
3 5337 154 2946
3 687 5342 1003
3 1003 3588 687
3 687 3588 3208
3 4581 687 3208
3 687 4581 5342
3 5342 8412 832
3 5342 832 1003
3 1003 832 2656
3 1003 2656 3588
3 3845 5422 4178
3 7328 8313 3845
3 504 5422 3845
3 8313 7147 2943
3 7132 2210 5160
3 7132 5160 1627
3 8282 5160 2210
3 7132 862 5314
3 5314 862 3632
3 862 7132 1627
3 862 1627 7301
3 862 7301 3632
3 8038 4119 8459
3 3783 4778 147
3 3783 147 8264
3 147 4778 2674
3 913 2674 4778
3 4778 1475 7740
3 1475 4778 3783
3 3783 1832 1475
3 1475 1832 4018
3 1475 4018 7740
3 4018 6065 7740
3 8505 135 8264
3 2066 1977 4292
3 1977 3834 4292
3 1977 2066 5648
3 660 5555 2410
3 7754 2410 5555
3 4915 7936 5690
3 5766 4123 6638
3 7652 1582 5791
3 1582 7652 5271
3 7652 5791 8318
3 442 1485 6010
3 6010 2019 442
3 442 2019 4213
3 442 4213 2116
3 442 2116 1485
3 1485 8059 6010
3 7547 6600 6662
3 6600 6587 6662
3 7225 5346 8195
3 2610 3883 8195
3 2610 5346 1874
3 6662 1874 5346
3 7225 5930 1051
3 7225 7547 811
3 1051 7547 7225
3 5349 8402 4213
3 4213 8402 2116
3 984 7590 749
3 2851 1300 7590
3 516 2108 8183
3 1268 4616 4317
3 1268 4317 3200
3 3200 6941 1268
3 1268 6941 6459
3 1268 6459 4616
3 3200 4317 920
3 920 4317 8091
3 1432 7516 1281
3 1432 1281 7018
3 5755 8091 7516
3 1237 7051 2740
3 1237 2740 1526
3 1237 1526 3163
3 5742 1526 2740
3 2550 7211 4071
3 4736 5573 8448
3 4736 7017 1801
3 4381 2620 7411
3 4070 1136 1448
3 1448 1136 4402
3 1448 4402 6345
3 1448 6345 6996
3 1136 7548 4402
3 6996 4070 1448
3 7548 2404 4402
3 6345 4402 110
3 2404 110 4402
3 5501 7679 4963
3 5501 8021 7679
3 4963 110 5501
3 5501 110 4175
3 5501 2671 8021
3 2671 5501 4175
3 5363 6198 8111
3 5828 6210 4037
3 4037 6210 6384
3 448 3098 2265
3 448 2265 7373
3 7908 372 2665
3 6643 372 7908
3 4979 3894 8207
3 6916 4660 2652
3 4660 6916 4858
3 4858 8488 4660
3 5743 5259 3248
3 2079 7372 1405
3 1405 7372 4490
3 1405 4490 1377
3 1405 1377 4760
3 1405 4760 2079
3 2079 4760 813
3 2079 813 7372
3 1164 7372 813
3 1164 813 4964
3 1164 4964 7212
3 4964 8284 7212
3 1831 7212 8284
3 3857 8284 4964
3 3857 4964 813
3 3857 813 4760
3 4280 4601 600
3 4280 600 3831
3 4280 6535 4601
3 996 3354 3295
3 1831 3295 8438
3 8438 3295 3354
3 8048 3351 2991
3 8438 2991 3351
3 8048 895 8083
3 8024 2117 6212
3 8024 7104 3150
3 1562 7104 4595
3 90 3571 3876
3 90 3876 5082
3 90 5082 5969
3 90 5969 7998
3 90 7998 3571
3 293 2637 2211
3 7720 8085 5082
3 7720 5082 6396
3 3876 6396 5082
3 1214 4775 8085
3 106 7994 1209
3 106 1209 1612
3 106 1612 4595
3 106 4595 4649
3 106 4649 7994
3 6946 5525 5685
3 1006 2438 4814
3 5856 3039 4303
3 4625 6900 8152
3 2327 4625 8152
3 5607 8269 6420
3 8269 1568 3823
3 4503 3823 1568
3 1107 4882 6747
3 4882 1107 6844
3 4882 2705 6747
3 3280 5881 6969
3 6969 5881 5910
3 4925 1191 8379
3 5090 3171 3045
3 3045 3171 2711
3 7276 6883 6580
3 4606 2342 7367
3 4606 7367 2831
3 4606 2831 5970
3 4606 5970 6580
3 4606 6580 2342
3 2342 8501 571
3 2342 571 7367
3 7367 4173 2831
3 2831 8188 5970
3 4173 7367 6489
3 6489 7367 571
3 4988 908 1973
3 4988 1973 6430
3 908 2366 1973
3 2366 908 5644
3 5845 432 3805
3 3805 908 4988
3 908 3805 432
3 1772 432 5845
3 6762 6489 571
3 4194 7390 6693
3 4194 6693 8154
3 3157 1617 4864
3 3157 4864 5280
3 3228 3157 5280
3 3703 1338 5263
3 1338 3703 1617
3 3703 5263 4077
3 4077 819 1445
3 4077 1445 3703
3 3703 1445 8405
3 7785 2691 5354
3 5354 5973 7785
3 4581 1436 7243
3 8307 1436 4581
3 3588 5977 3208
3 8307 3208 5977
3 8307 5977 6740
3 6572 863 4782
3 863 6572 4319
3 863 4319 5977
3 863 5977 4782
3 5302 8313 8294
3 504 3845 5302
3 8313 5302 3845
3 1091 4094 1129
3 4824 4088 2900
3 4088 4824 8282
3 8282 4824 6660
3 4567 1957 1404
3 4567 1404 8282
3 1957 641 1404
3 1404 641 5920
3 4567 7095 1957
3 641 1957 8463
3 641 8463 5920
3 8463 1957 1244
3 1244 1957 4975
3 1244 4975 7769
3 8131 7769 4975
3 4975 1957 7095
3 5019 8131 4975
3 5019 4975 7095
3 1244 7769 8463
3 8301 8459 7097
3 7805 665 913
3 1724 7557 7805
3 7740 1724 7805
3 7740 5150 1724
3 1977 5648 3562
3 4991 1977 3562
3 4265 1977 4991
3 1977 4265 3834
3 7124 7983 7349
3 7827 3853 6891
3 7827 6891 5930
3 7827 6010 3853
3 3853 6600 7547
3 7712 7590 936
3 7712 936 8099
3 6657 490 5582
3 8183 490 936
3 6657 936 490
3 5695 5096 7893
3 7893 5096 5877
3 3684 6366 7709
3 1798 7709 6052
3 7709 6366 6052
3 7709 1798 6941
3 8091 151 920
3 920 151 3684
3 920 3684 3200
3 3200 3684 7709
3 947 3684 151
3 8091 2541 151
3 151 2541 7375
3 151 7375 947
3 3425 947 7375
3 3318 4367 5742
3 1526 5742 4367
3 1526 4367 3163
3 4563 4732 2825
3 6558 8389 6943
3 6558 6943 817
3 6558 817 6081
3 5633 2442 6943
3 6943 7531 5633
3 8448 4057 7017
3 1902 8133 1579
3 6215 2261 6238
3 6238 2261 7479
3 8196 1412 1994
3 1412 8040 1994
3 1820 446 6627
3 782 2589 3616
3 782 5904 8111
3 782 8111 2589
3 4049 1153 5873
3 1598 1252 5873
3 1598 5873 1153
3 1153 4049 5904
3 1153 5904 153
3 1153 153 1598
3 1598 3616 1252
3 1252 3536 5873
3 2300 4049 206
3 206 4049 3960
3 1646 3536 2665
3 3536 1646 5873
3 5873 1646 3960
3 6757 5653 5581
3 7817 7683 8356
3 6830 8356 7683
3 7817 8356 3835
3 6710 5874 6144
3 7167 5217 6071
3 391 1164 7212
3 2772 391 7212
3 7167 391 2772
3 7167 7372 391
3 391 7372 1164
3 8083 3426 2267
3 2267 3426 4136
3 3426 1137 4136
3 5377 3426 8083
3 8500 5377 8083
3 3426 7636 1137
3 1137 6144 4136
3 4136 6144 5874
3 8039 916 2867
3 8039 1733 916
3 916 1733 8024
3 6046 4854 3150
3 3150 1562 6046
3 1209 7994 1822
3 1209 1822 4200
3 1612 4200 6046
3 4200 1822 4643
3 4595 7104 4649
3 1822 7994 8426
3 2618 8062 4875
3 8274 2618 4875
3 4287 1687 5455
3 6064 4287 5455
3 4303 1083 2006
3 4303 2006 5856
3 8334 5218 1915
3 6605 4475 341
3 6605 341 6057
3 6605 6057 1748
3 4475 1172 2266
3 341 4475 2266
3 253 8353 8386
3 1172 8353 253
3 8273 8353 4475
3 4475 8353 1172
3 3296 6115 930
3 3296 930 8006
3 3296 8006 8273
3 7450 1501 6028
3 3009 160 2635
3 2635 160 8379
3 8379 7860 4069
3 8379 4069 2635
3 4697 6983 6283
3 3694 1667 7674
3 6761 1633 2939
3 6160 2613 6192
3 8124 6192 2613
3 6170 1722 6590
3 1722 6192 6590
3 1818 6590 6192
3 7935 6170 6590
3 156 2734 3702
3 2734 156 3250
3 3945 156 3702
3 3702 2734 683
3 4320 7457 7937
3 4320 7937 3725
3 8136 4320 4167
3 4125 4167 4320
3 4125 4320 3725
3 4125 1285 4167
3 5168 1186 517
3 5168 517 7439
3 1186 5168 2009
3 5168 1157 2009
3 2009 1157 3574
3 7676 4341 4980
3 7676 4980 773
3 773 4980 8154
3 773 8154 8036
3 773 8036 7676
3 4980 4341 2024
3 8154 4980 2024
3 3907 4560 5473
3 5387 3444 7738
3 5387 2150 3444
3 8375 3444 7226
3 1450 3897 71
3 4227 1450 71
3 5170 5826 6712
3 1450 5170 3897
3 4227 71 8141
3 3438 3221 5386
3 3438 4227 8141
3 4227 3438 5386
3 5386 3221 5664
3 505 3438 8141
3 3221 3438 3575
3 3887 3575 3438
3 4319 6740 5977
3 6740 4319 8409
3 8409 4319 6572
3 2920 6123 1965
3 5026 1559 7130
3 5026 2512 6661
3 5026 6661 1559
3 3628 6208 5726
3 5726 6208 6329
3 3387 7003 7060
3 8094 3387 7060
3 7060 7003 5368
3 5368 7003 5177
3 3628 7003 3387
3 3628 5996 7003
3 7003 5996 5177
3 2654 7656 3669
3 8099 6657 4617
3 7893 2657 2886
3 5402 8020 7493
3 5402 7493 5118
3 5402 8411 8020
3 8411 8354 1221
3 8411 1221 3127
3 1797 3127 1221
3 6036 6095 4833
3 6036 4833 4186
3 6036 4186 2426
3 4684 7850 1457
3 1457 7850 4299
3 8254 8127 5482
3 8127 8254 6620
3 4832 7278 7103
3 7103 297 4832
3 3037 4832 297
3 7645 2403 1806
3 112 4084 7431
3 112 7431 4101
3 112 3421 4084
3 4084 3421 3004
3 7863 4548 6642
3 2775 7843 7559
3 7559 7843 1160
3 6940 3617 7053
3 3617 6940 487
3 7843 3617 487
3 7843 2775 3617
3 3617 2775 7053
3 7479 6313 7217
3 5840 6313 7479
3 7736 7025 6215
3 7736 239 7025
3 7025 211 6215
3 6215 6238 7736
3 2122 6423 5871
3 3586 6227 5494
3 7672 5901 2296
3 8040 616 5974
3 5974 616 5246
3 5579 5904 2300
3 3540 7121 3196
3 3196 7121 6551
3 3196 6551 3851
3 5581 5653 5510
3 8356 2666 1196
3 6139 1330 6830
3 2529 6830 1330
3 783 5123 7191
3 5123 783 2622
3 4200 4643 7772
3 7772 4643 5506
3 7772 6046 4200
3 3924 3859 2255
3 3924 2255 5640
3 1296 3609 7251
3 7251 3609 5366
3 7251 5366 795
3 795 5366 6516
3 795 6516 6707
3 795 6707 7251
3 6255 49 59
3 59 49 1296
3 1296 49 2022
3 6193 8386 8006
3 3921 6506 2163
3 3921 7914 8386
3 3921 8386 6506
3 4867 617 2266
3 4867 2266 7914
3 4867 7914 306
3 306 1811 4867
3 1486 4867 1811
3 4867 1486 617
3 1881 584 6168
3 1641 4516 3582
3 4633 3000 2314
3 2709 4633 2314
3 2709 2314 8387
3 2355 3328 1462
3 3328 1685 1462
3 3328 2355 2683
3 3328 2683 1213
3 3328 1213 3000
3 3328 3000 1685
3 7860 784 4069
3 4069 784 2355
3 2355 784 2683
3 2683 5050 1213
3 1213 5050 1399
3 1213 1399 2314
3 2314 1399 8387
3 1449 1886 2292
3 7860 6283 5720
3 4493 801 4751
3 801 3601 5896
3 801 5896 4751
3 3821 1039 1722
3 5470 1722 1039
3 5351 3821 6170
3 5351 6170 8492
3 1039 3821 5351
3 1267 1942 1259
3 3768 4273 7779
3 2341 3768 6216
3 865 2341 7457
3 7457 2341 6216
3 7457 8136 865
3 5385 242 3202
3 5385 3202 1186
3 5385 1186 5250
3 2983 5250 4183
3 2983 4183 123
3 1302 2983 123
3 2983 1302 5385
3 2983 5385 5250
3 123 4183 7448
3 123 7448 2119
3 123 2119 1302
3 1302 2119 242
3 1302 242 5385
3 2088 7448 1556
3 882 5627 6612
3 882 6612 332
3 882 332 6680
3 6586 332 6612
3 8036 6612 5627
3 6681 7956 33
3 7956 6681 256
3 410 4921 5600
3 2150 5387 8147
3 6325 6833 7956
3 7956 8419 6325
3 6323 4870 7462
3 4870 6323 2180
3 7738 7880 2180
3 5664 5435 7293
3 3221 3575 4896
3 3221 4896 5435
3 5435 4896 6846
3 3887 505 407
3 3887 407 1318
3 505 8446 407
3 3239 6377 6740
3 6377 659 6740
3 3006 6691 1194
3 4112 8341 7507
3 7507 3535 4112
3 4112 3535 1855
3 4112 8300 8341
3 2561 4676 2563
3 6457 8323 1873
3 1873 8323 6329
3 7493 6055 4046
3 7493 4046 2947
3 2947 4046 6199
3 7493 8020 6055
3 8020 6017 6055
3 3789 5129 409
3 409 5129 8020
3 8020 5129 1361
3 3553 5593 2178
3 1461 2799 2178
3 2178 2799 3553
3 2799 4267 3553
3 4833 6095 5593
3 4833 5593 3553
3 4833 3553 4267
3 4833 4267 4186
3 6095 6243 3569
3 6095 3569 5593
3 4774 8410 725
3 245 7574 7879
3 7879 1168 4774
3 4774 914 919
3 4774 919 8410
3 914 4774 4421
3 4421 4774 1168
3 4421 8217 8087
3 1168 7574 4421
3 4421 7574 8217
3 2724 7850 1578
3 2724 1578 1988
3 1988 1578 2392
3 2392 1578 4527
3 3207 8127 964
3 964 6624 3207
3 964 8127 2177
3 6624 964 2177
3 6228 2768 6624
3 3207 2768 1683
3 6228 1950 2789
3 4137 6228 299
3 4904 5598 4225
3 4225 5598 7035
3 5598 4904 1669
3 7010 2836 4216
3 187 4259 3550
3 4259 187 5859
3 4259 5859 7863
3 7148 3550 7843
3 216 7843 3550
3 3550 7148 7122
3 2911 7122 7148
3 7589 8322 4337
3 3396 5710 8441
3 3396 6313 5840
3 3396 5840 5710
3 7706 8425 5516
3 7706 570 8425
3 7706 8210 570
3 4723 6699 6383
3 3034 6136 3255
3 3034 6132 6136
3 3196 6726 3540
3 3540 6726 6907
3 2687 5510 3516
3 4160 2307 2076
3 2307 4160 6466
3 6466 1700 2307
3 2307 1700 1397
3 2307 1397 2076
3 1397 1700 2666
3 1397 4383 2076
3 4383 1397 5771
3 2622 783 1247
3 1247 4383 2622
3 4383 1247 5167
3 7797 2255 3869
3 4948 3869 3559
3 3559 3869 3859
3 3859 3869 2255
3 6626 3272 716
3 716 3272 6093
3 5267 2546 1134
3 2546 5232 1134
3 5267 4846 2546
3 5232 2546 547
3 5232 547 8132
3 7366 5046 5684
3 5684 5046 2544
3 584 3432 6168
3 7366 6168 3432
3 7015 1705 1334
3 1334 1705 7939
3 5050 2683 784
3 5050 784 1419
3 1419 784 7860
3 219 5050 1419
3 5050 219 1399
3 3819 7036 7691
3 7691 7036 7065
3 6500 7065 7522
3 1049 2336 3269
3 1049 3269 2606
3 2179 2606 3269
3 2179 3601 2606
3 2606 4493 1049
3 1049 4493 3266
3 1049 3266 2336
3 3266 4493 821
3 821 4493 4751
3 5372 7841 4191
3 7841 5372 5689
3 3510 7995 2190
3 8480 8056 7995
3 33 7956 3384
3 33 3384 7158
3 7158 3384 8299
3 4647 3293 7008
3 4242 4647 7008
3 4242 7008 3384
3 6833 4647 4242
3 4647 6833 2003
3 256 5600 1097
3 7956 256 1427
3 3293 6092 3541
3 3541 6092 550
3 6325 5308 6092
3 6092 5308 550
3 8434 176 3865
3 5367 7890 7673
3 4670 5367 7673
3 4670 7673 1619
3 1619 7673 7957
3 7673 7890 2592
3 4130 3433 3238
3 3238 6589 4130
3 6826 3238 3433
3 3238 1771 6589
3 3006 3788 6691
3 375 2465 6141
3 2465 375 3627
3 8087 2465 3627
3 7489 3627 3220
3 375 3220 3627
3 3535 7992 1855
3 2561 2563 5702
3 8323 4270 7984
3 8323 7984 6183
3 4270 3186 7984
3 500 7984 3186
3 3383 7496 3186
3 500 3186 7496
3 382 3943 2245
3 382 4046 3943
3 3943 4046 837
3 5559 6199 7231
3 3655 4770 837
3 837 4770 5098
3 837 5098 3943
3 3943 5732 2245
3 2245 5732 7569
3 3655 6017 3160
3 7038 3282 3030
3 7038 3030 2538
3 7038 2538 1205
3 7038 1205 6017
3 7569 6197 6859
3 3130 6509 3569
3 3569 6509 5593
3 6509 2753 5593
3 3648 914 4421
3 3648 4421 8087
3 7489 919 3648
3 3648 919 914
3 4661 5288 3292
3 4661 3292 5468
3 5468 3292 1531
3 2832 5468 1531
3 4661 4726 5288
3 1014 6218 2832
3 2768 6228 3108
3 1683 2768 3108
3 1683 3108 2356
3 3905 3446 581
3 1986 581 3446
3 2549 3677 6906
3 6906 3677 8344
3 8001 1854 6665
3 911 8173 6665
3 3817 3605 911
3 3241 5024 5488
3 5024 3241 5369
3 3670 5369 7684
3 3670 7684 5524
3 5488 5024 5650
3 4109 7767 5531
3 1368 823 4876
3 1368 4876 1121
3 1121 5151 1368
3 1368 6986 823
3 2985 6595 4852
3 8003 6008 1381
3 6818 1381 6008
3 1381 6818 6571
3 7004 7771 6934
3 4822 6699 7237
3 119 129 2309
3 2309 129 400
3 400 214 1007
3 400 1007 2309
3 119 2309 6688
3 1007 6688 2309
3 119 6688 3671
3 6744 119 3671
3 129 119 6744
3 129 6744 2099
3 129 2099 400
3 400 2099 873
3 400 873 214
3 5675 4607 6998
3 5675 6998 4174
3 3556 4174 6998
3 4669 3556 6998
3 4669 6998 4731
3 2583 6365 2421
3 1247 4464 5167
3 4677 774 7455
3 7455 774 3230
3 7455 1993 4677
3 4677 536 774
3 774 536 3230
3 3230 8149 7455
3 547 8149 8132
3 2544 1821 4846
3 4677 4846 1821
3 4677 1821 227
3 2910 1821 5046
3 3297 4435 2781
3 685 5727 759
3 759 5727 3297
3 7691 7065 4511
3 7691 4511 987
3 4511 7065 6500
3 545 4418 4600
3 7612 4600 4418
3 7036 7522 7065
3 821 1238 3266
3 739 3266 1238
3 3460 5463 8261
3 5372 986 64
3 64 2450 5689
3 2450 64 986
3 7368 986 5372
3 7008 3293 7109
3 7109 3293 3541
3 5778 1653 2632
3 2632 1653 4477
3 8434 7174 3407
3 3865 7174 8434
3 3407 7174 6888
3 3407 6888 5778
3 6888 7174 7273
3 1580 354 5833
3 1580 5833 2035
3 6425 2814 6648
3 7673 6425 7957
3 3495 4277 3647
3 3495 6425 7673
3 3495 7673 4277
3 3495 2814 6425
3 4130 6589 168
3 168 6027 2592
3 6027 168 6589
3 5283 8042 1354
3 5283 1354 5543
3 5543 1369 5283
3 5283 1369 5099
3 8042 5283 8077
3 5099 5577 5283
3 8077 5283 5577
3 5543 1354 6077
3 1354 7872 6077
3 4726 6077 1482
3 2312 6077 4726
3 4661 4044 4726
3 4838 5394 769
3 4838 769 8397
3 5394 7542 126
3 769 5394 126
3 769 126 8397
3 126 7542 6218
3 126 6218 8397
3 4838 8397 5227
3 268 7859 8397
3 581 5577 7859
3 493 7571 2046
3 7571 493 6562
3 7571 5121 6774
3 8173 7571 8001
3 7571 8173 5121
3 5268 6785 6024
3 6785 5268 4683
3 5038 3670 2
3 5038 2 3591
3 3591 5650 5038
3 5650 5024 5038
3 5038 5024 5369
3 5038 5369 3670
3 5524 4910 6039
3 1792 6039 4910
3 6469 2306 1075
3 726 6469 1075
3 1075 5545 788
3 788 726 1075
3 6469 1787 2306
3 2306 1787 4876
3 2306 4876 3394
3 2306 3394 1075
3 1075 3394 5545
3 4852 4522 823
3 823 4522 4876
3 3394 4876 4522
3 3394 4522 5545
3 1410 6041 6428
3 6428 7170 1410
3 1410 7170 3934
3 7262 6688 5035
3 380 7262 5035
3 380 5035 7646
3 7646 5324 3779
3 3779 5324 7086
3 3103 6688 7262
3 2875 7237 2661
3 8302 1894 6097
3 7646 5035 5324
3 5035 5074 5324
3 5035 6688 5074
3 7635 7086 873
3 873 7086 214
3 2738 4936 7635
3 3717 7635 4936
3 3420 3717 4936
3 2695 436 1541
3 1541 436 4335
3 4335 436 3755
3 8182 2990 5458
3 6919 5458 2990
3 5727 6463 4571
3 43 2733 4966
3 43 4966 6463
3 6463 4966 1280
3 1280 4966 8306
3 6378 2194 7382
3 4284 343 5918
3 4284 8255 343
3 8255 4284 3243
3 7883 522 2297
3 3476 522 7883
3 5927 7228 7607
3 7434 2010 7269
3 7269 2010 5439
3 2669 3325 6888
3 6888 3325 5879
3 8143 7156 2645
3 8143 2645 461
3 7273 8143 461
3 7273 461 2669
3 2645 7156 7037
3 6099 6021 4514
3 2035 5833 6149
3 2814 7313 8162
3 6686 2321 5611
3 5611 2321 1872
3 5797 3713 6084
3 3713 5797 5613
3 4086 1408 1872
3 1872 1408 5611
3 1408 4086 8162
3 511 1262 3435
3 1262 511 6885
3 7235 4524 6774
3 6774 4524 6885
3 4428 4524 7235
3 4428 7235 6785
3 3591 6039 5268
3 5268 6039 4683
3 7446 2156 393
3 7446 393 4970
3 2430 6428 5398
3 4849 1951 5398
3 4849 5398 5191
3 6259 7311 4331
3 6041 4331 7311
3 6041 7311 4802
3 3898 1679 3902
3 17 4229 3902
3 3898 3902 4229
3 3902 1679 4338
3 3902 4338 867
3 17 3902 867
3 3779 7425 7646
3 7425 3779 6318
3 7646 7425 380
3 6318 7635 3717
3 6318 3717 589
3 589 3717 3420
3 1840 6581 589
3 7882 3969 3094
3 3094 1743 6015
3 3969 7882 8289
3 8289 7882 6938
3 8289 3199 1561
3 1561 2626 8289
3 2626 3969 8289
3 7527 6801 1665
3 6791 6801 428
3 428 6801 7527
3 7943 7527 2841
3 2834 7943 4248
3 4248 7389 2834
3 2834 7389 1304
3 2834 1304 809
3 809 7943 2834
3 6378 982 604
3 604 982 1659
3 604 1659 6140
3 6148 6574 5713
3 6148 1572 6574
3 5713 6574 4890
3 6138 2193 5924
3 6138 5924 7661
3 8255 5924 2193
3 2349 7753 8458
3 8458 7753 1924
3 1358 3023 628
3 1358 628 6577
3 6827 2617 4960
3 6827 4960 6369
3 2617 3734 7505
3 1344 5624 4453
3 682 7506 5851
3 5639 3764 4540
3 4540 3764 138
3 4540 138 52
3 52 138 1271
3 52 1271 7607
3 2971 1271 138
3 2971 138 3764
3 4481 4540 4594
3 4481 5639 4540
3 4540 52 4594
3 4594 52 7607
3 5355 1620 4856
3 4856 1539 5355
3 5355 1539 6838
3 5355 6838 4314
3 5355 4314 3665
3 5355 3665 1916
3 5355 1916 1620
3 4856 1620 1433
3 1433 7534 4856
3 7534 3145 4856
3 4856 3145 1539
3 7070 3665 4314
3 1146 6806 1423
3 6806 1146 7070
3 6806 7070 744
3 6806 3245 2133
3 6806 2133 1423
3 7070 4908 744
3 421 1433 2133
3 1620 2133 1433
3 2133 1620 1423
3 1433 421 7534
3 993 3508 2971
3 963 993 7534
3 7534 993 2971
3 6825 3021 2515
3 447 675 5235
3 447 5235 7205
3 5310 3514 4815
3 3514 1864 4815
3 3514 5310 7551
3 3514 7551 1210
3 6013 3514 1210
3 1202 7497 1210
3 1202 1210 7551
3 7551 5310 624
3 624 5310 1262
3 1262 5310 3435
3 7551 624 5092
3 5092 1202 7551
3 624 6885 5092
3 5092 2959 1202
3 2959 5428 7497
3 5428 7982 7497
3 6797 8314 7707
3 6797 4431 8314
3 6797 4933 4431
3 1062 8230 6797
3 6268 5078 4802
3 2902 1505 8093
3 6015 1743 4604
3 1561 1085 2626
3 1085 1561 3199
3 111 5424 8243
3 8243 366 111
3 417 4201 5185
3 5185 4201 770
3 5185 770 6380
3 5185 6380 7852
3 5185 7852 417
3 770 4201 111
3 770 111 6380
3 1304 3976 378
3 1304 378 809
3 1304 7389 3976
3 3976 7532 378
3 8093 8243 1572
3 8243 6140 1572
3 4933 6321 228
3 1947 2960 2033
3 5924 8458 8304
3 2856 2345 7250
3 2856 6085 2345
3 4168 628 3023
3 4168 3023 4489
3 4168 2779 628
3 2515 4453 2059
3 1314 6248 6085
3 3099 6248 2449
3 8259 7838 7040
3 8259 7040 3099
3 3099 7040 7198
3 2779 6498 1314
3 78 5227 7859
3 7859 5227 8397
3 5227 78 3217
3 440 5098 614
3 440 614 1323
3 5732 440 1323
3 440 5732 5098
3 5098 4770 614
3 939 864 7234
3 864 4390 7234
3 939 1969 864
3 864 1969 4390
3 6914 7234 3030
3 3030 7234 2538
3 2538 4390 1205
3 4390 3160 1205
3 1205 3160 6017
3 3160 4390 8477
3 7234 6914 8499
3 306 2163 1811
3 2129 1811 2163
3 1524 5249 8467
3 1524 8467 5156
3 1166 2364 8468
3 1166 8468 6679
3 6337 1728 8469
3 6337 8469 7653
3 6754 2638 8470
3 6754 8470 877
3 8257 3347 8471
3 8257 8471 8506
3 3140 3214 8472
3 3140 8472 4923
3 4472 2577 8473
3 4472 8473 7703
3 4349 8422 8474
3 4349 8474 3136
3 3279 7201 8475
3 3279 8475 6362
3 2713 4895 8476
3 2713 8476 6899
3 7669 5071 8479
3 7669 8479 7441
3 571 8501 8504
3 571 8504 6762
3 5243 7470 8483
3 5243 8483 5228
3 4488 7566 8484
3 4488 8484 7876
3 7605 6433 8480
3 7605 8480 7995
3 5670 8309 8490
3 5670 8490 7385
3 3655 3160 8477
3 3655 8477 4770
3 2366 6762 8504
3 2366 8504 8501
3 2908 1547 8478
3 2908 8478 8502
3 7525 4687 8482
3 7525 8482 6194
3 5654 5021 8486
3 5654 8486 8401
3 8469 6307 8494
3 8469 8494 7653
3 3399 4660 8488
3 3399 8488 5152
3 1590 4851 8485
3 1590 8485 3350
3 4593 4820 8493
3 4593 8493 7790
3 5609 8437 8487
3 5609 8487 1297
3 1930 4287 8481
3 1930 8481 8334
3 8257 8506 6787
3 2296 5901 8495
3 2296 8495 6053
3 3067 7954 8496
3 3067 8496 7894
3 3510 5351 8492
3 3510 8492 7995
3 895 8039 8500
3 895 8500 8083
3 5175 5769 8497
3 5175 8497 6193
3 589 6581 8498
3 589 8498 6318
3 6534 7052 8489
3 6534 8489 2696
3 7569 5732 8499
3 7569 8499 6914
3 8064 5293 8491
3 8064 8491 4700
