ply
format ascii 1.0
comment Generated by PyMesh
element vertex 7623
property float x
property float y
property float z
property float charge
property float hbond
property float hphob
property float nx
property float ny
property float nz
element face 15272
property list uchar int vertex_indices
end_header
-0.144 -8.911 319.848 0.118679 0.135101 -4.5 -0.220565 0.500906 -0.836926
6.961 1.755 340.391 -0.00813905 0.392518 -3.5 -0.899473 -0.124922 0.41874
21.921 -0.263 311.594 -1.26796 0 -3.5 0.0225836 0.218605 -0.975552
15.59 -7.273 349.082 2.1535 0 -3.9 0.472829 -0.743103 0.47353
1.1515 -7.2335 365.934 -0.0277962 0 -3.5 0.243652 -0.411805 0.878095
-2.879 -1.608 336.571 -0.503607 0 -0.9 -0.89847 -0.33628 0.282254
29.694 15.1645 335.316 0.0865296 0 -0.4 -0.327133 0.874765 -0.35745
12.692 -0.948 321.147 -0.271885 0 -3.2 -0.398931 0.494449 -0.772253
10.989 6.664 327.047 -0.267007 0 -1.3 -0.329327 0.938157 -0.106795
50.999 -6.215 334.956 0.114196 0 -4.5 0.685576 0.620111 -0.381376
14.953 -17.2855 352.759 0.267096 0 -0.7 0.869487 0.0235735 -0.493393
13.601 -10.478 341.369 0.178535 0 -3.5 -0.114407 -0.993403 -0.00787529
43.9325 3.9285 337.409 -0.614831 -0.924321 -0.24365 0.661084 0.445186 0.603967
22.8295 4.7145 330.588 -0.420167 0 -3.52133 -0.929945 0.342294 0.134305
35.7025 -27.517 331.94 -0.453363 0 -3.34561 -0.62799 -0.656433 0.418001
-7.103 -7.251 349.749 -0.0747046 0 1.62961 -0.707184 0.367379 -0.604088
22.9705 5.4395 331.546 -1.38738 -0.947318 -3.5 -0.951207 0.308358 -0.0109679
36.9765 -7.387 310.236 -0.814951 -0.000654653 -3.5 0.45957 0.410998 -0.787322
-8.4295 -3.646 321.629 -1.60752 -0.00896624 -3.5 -0.928506 0.360579 -0.0886546
36.6945 -17.3695 334.335 -0.0955076 0 1.8 -0.524923 -0.821126 0.22407
3.719 -6.4915 340.337 -1.20457 -0.342606 1.9 0.610462 -0.427403 -0.666831
37.868 -26.9255 319.227 -0.149912 0 -1.3 0.562729 -0.826631 -0.00413038
34.4055 -7.749 311.449 -0.395867 0 -3.53789 -0.637727 0.76833 0.0545209
44.6955 -1.727 320.954 -0.603749 0 -0.4 0.711918 0.224615 -0.665373
14.534 6.8845 331.965 -1.20168 -0.0811537 -0.4 0.240797 0.554583 -0.796527
0.56125 0.6765 342.357 -1.60735 0 -4.5 0.200777 0.607523 0.768508
25.328 12.6105 345.815 -0.437315 0 -4.47595 0.328667 0.845965 0.419906
44.2675 -8.1865 319.734 -0.837732 0 4.2 0.934477 0.0268742 -0.355007
20.045 -1.1435 312.418 -1.32353 0 -3.5 -0.833469 -0.0726935 -0.547763
13.716 -14.964 338.841 -0.0187622 0 -3.9 -0.364641 -0.644442 0.672109
2.1935 6.416 344.576 -0.243198 0 -1.6 -0.352583 0.0524945 0.934307
25.5605 2.447 345.969 -0.739125 0 -1.6 0.743322 -0.622019 0.246098
9.4095 4.824 354.544 -0.296777 0 -0.7 -0.223818 0.821201 0.524913
8.0855 -13.9965 367.139 -0.711877 0 -3.5 0.340725 -0.808046 0.480592
10.4665 1.5545 320.634 -1.18101 -0.317677 3.95746 0.42515 0.232275 -0.874812
7.244 -18.4835 360.098 -0.0957286 0 -4.5 -0.615893 -0.647953 -0.448144
18.6685 -7.5115 319.074 -0.0102737 0 -4.5 -0.254779 -0.764606 0.592001
20.666 -18.085 336.7 0.22035 0 -4.5 0.203204 -0.684184 0.700429
22.9535 -0.4275 312.142 -1.24311 0 -1.03353 0.214252 -0.193109 -0.957499
27.8155 -9.01 342.034 0.0632918 0 -3.9 -0.0310852 0.68609 0.726853
9.063 -5.0815 364.236 -0.105949 0 -0.7 0.442374 0.0474406 0.895575
38.357 6.9655 326.457 0.26506 0 -0.9 0.448462 0.196242 -0.871993
34.129 -13.307 310.238 0.805937 0.619896 -4.5 -0.0651961 -0.891361 -0.44858
41.7985 -22.6375 319.09 -0.419525 -0.328925 -1.3 0.597408 -0.0826762 -0.797664
-7.072 1.252 339.384 0.034809 0.719107 -4.5 -0.573613 -0.81022 -0.120466
-7.861 -7.021 352.677 -0.0740642 0 1.8 -0.385215 0.853859 0.350049
22.374 -9.8865 314.992 0.421876 0 -4.5 -0.0239831 0.207583 -0.977923
3.169 -3.478 366.946 -0.621233 0 -4.5 -0.58806 -0.459463 0.665642
6.53 2.517 339.787 -0.448288 0.948071 -3.5 -0.770791 -0.240957 0.589763
14.203 -14.59 319.942 -1.641 0 -3.5 -0.933195 -0.173895 -0.314496
0.251 -13.2983 349.444 -0.378409 0 4.2 0.166856 0.12689 -0.977782
33.456 -24.325 334.035 -0.0989662 0 1.8 -0.964047 0.0244219 0.264609
-1.6855 0.6275 358.956 -1.13231 -0.387278 -3.5 0.154254 0.878119 -0.452893
40.697 -11.17 317.857 -0.287779 0 -0.7 0.482513 0.626414 -0.612198
6.434 -23.636 356.69 -0.0279258 0.352171 -3.5 0.201825 -0.52973 0.823804
32.795 4.968 313.939 0.11605 0 -0.7 0.226574 0.0958419 -0.969267
6.8945 -17.185 359.492 -0.0601023 0.217594 -4.5 -0.675594 -0.68891 -0.262634
43.7765 -12.6275 318.074 -0.000949191 0 -0.7 0.612272 0.680784 -0.402065
19.2105 -10.854 313.646 -0.104645 0 -4.5 0.0559436 0.546 -0.835916
40.5515 9.362 328.802 -0.126733 0 -0.9 0.698772 0.584002 0.41311
15.17 9.149 335.101 -0.49028 -0.55721 -3.5 0.130244 0.852007 -0.50707
42.607 -19.1 342.833 1.60456 0.225875 -3.9 -0.617018 -0.124538 0.777032
50.7265 -8.86 327.599 -0.710907 0 -3.21691 0.763513 0.188508 -0.617667
-4.164 8.5535 341.489 -0.105004 0 -3.5 -0.692504 -0.183363 0.697722
43.6975 8.3475 333.453 -0.673934 0 -3.5 -0.0271919 0.763748 -0.644942
-3.9265 -5.711 340.918 -1.06468 0 -3.5 -0.925297 -0.30631 -0.223607
6.6095 -14.8565 333.686 1.25814 0.252793 -3.9 0.0628401 0.565276 0.822505
21.133 -19.908 308.524 -0.0460448 0 -0.4 -0.817569 -0.519977 -0.247396
26.4045 -27.1195 311.202 0.57067 0.452543 -3.5 0.066846 -0.481806 -0.873725
11.591 -11.451 367.013 -0.81272 -0.063024 -0.614307 0.520531 -0.357642 0.775332
27.8245 -18.3235 331.819 -0.730399 -0.146159 -0.436787 -0.157358 -0.241184 0.957637
11.189 -10.5765 367.548 -0.845676 0 -0.4 0.450087 0.156564 0.879153
0.511 12.57 339.721 -0.293834 0 -3.9 0.976026 -0.0936879 0.196456
23.649 5.2205 316.068 -0.280049 0 -1.72429 -0.898497 0.419687 -0.128712
24.769 -22.1955 314.578 -0.285341 -0.403377 -0.4 0.910133 0.291126 -0.294793
10.683 -0.9945 364.341 -0.178652 0 -0.7 -0.0314327 -0.18235 0.982731
7.601 -12.6055 368.711 -0.484158 0 -3.5 -0.0240713 -0.102579 0.994434
-1.4415 -16.34 355.336 -0.924638 -0.338831 0.532747 0.723023 -0.690029 0.0331242
22.485 -19.689 325.914 -0.387844 0 -3.2 -0.107444 -0.465967 -0.878254
10.408 4.7785 325.79 -1.02741 0 -2.15738 -0.945759 0.324847 -0.00383179
30.512 -13.1265 334.905 -0.283192 0 -2.49411 0.147316 -0.463883 0.873562
45.0373 -24.1707 334.262 3.78696 0 -3.9 -0.0624103 -0.739005 0.670803
23.0715 -11.4085 322.596 -0.473314 0 -0.25772 -0.489944 0.625407 -0.607306
38.063 -33.051 327.302 0.0936148 0 1.9 0.401334 -0.913471 -0.067102
13.8325 -19.4005 333.329 0.136447 0 -0.7 0.595386 -0.202249 0.777567
21.33 -24.883 329.586 0.0597172 0 4.5 -0.254946 -0.843672 0.472461
-0.908 -17.221 362.469 0.0368761 0.74805 -3.5 -0.0478473 -0.971136 0.233679
31.0975 9.3185 318.504 0.385665 0 -0.9 -0.813522 0.579053 0.0536554
19.745 2.178 361.82 -0.00158992 0 -1.6 -0.103301 -0.127273 0.986474
20.863 -3.8265 354.198 -0.118821 0 -2.30549 0.791635 0.176417 -0.584971
22.654 2.694 320.008 -0.40962 0 -4.39045 -0.831269 -0.372045 -0.413006
-3.6795 13.158 340.96 -0.658499 0 -3.70079 -0.931559 0.324709 0.163594
-8.4035 0.937 336.747 -0.98771 -0.499035 -3.5 0.693849 -0.573767 0.435161
21.4735 -19.5205 319.647 -1.13091 -0.0495627 -0.8 -0.342089 -0.151537 0.927368
9.817 -10.342 342.276 -0.291072 0 4.2 -0.0349973 -0.73887 -0.672938
22.159 4.4765 356.171 -1.19596 -0.0378308 3.8 0.915056 -0.385303 0.119224
4.57 -20.5995 350.927 -1.24848 -0.38407 -3.5 0.23227 -0.709181 -0.665668
21.033 -0.8 311.42 -1.49848 0 -3.5 -0.269951 -0.0296187 -0.962418
32.0685 16.378 336.998 -0.631242 -0.745266 -3.5 -0.125318 0.989969 0.0652468
23.0165 6.827 358.849 0.163294 0 -1.6 0.922465 -0.272927 0.273074
4.225 -20.9195 327.493 0.301931 0 -2.16588 0.413234 -0.479634 0.774073
34.676 -31.7495 314.414 -1.1343 -0.0956286 -3.5 0.614232 -0.661451 -0.430349
-4.496 0.759 362.488 -1.56247 -0.571709 -3.5 -0.629087 0.597604 0.497111
38.149 15.337 342.358 -1.21518 -0.160977 -3.5 0.639595 0.493108 0.589714
3.3525 4.4915 350.552 -0.15905 0 -3.2 -0.563411 0.783027 -0.263508
-6.8265 -17.97 360.747 -0.821265 0 -3.2 0.276256 -0.902817 0.32955
7.8915 10.9675 336.666 -0.828204 0 -3.2 0.031607 0.992093 -0.121463
12.523 -8.2415 322.356 -0.638863 0 3.87188 0.0191723 0.620242 -0.784177
44.741 -20.427 341.044 2.36262 0 -3.9 0.58232 -0.78604 -0.207471
8.4185 0.665 320.302 -0.478898 -0.663012 4.2 0.204894 -0.227283 -0.95203
35.831 9.374 346.064 -0.926019 0 -0.9 0.0820329 0.664474 0.742796
41.237 -28.1505 327.913 -0.0572435 0 -3.5 0.448884 -0.838809 -0.308062
31.555 -24.852 310.635 0.599 0.439874 -4.5 0.467861 -0.882167 -0.0537364
43.458 -16.619 342.449 0.296181 0 -3.9 0.268865 0.547098 0.792714
24.8225 6.5485 352.323 -0.568489 -0.0326853 -3.5 0.645921 0.574207 0.503062
22.448 5.0285 359.19 0.526152 0.388474 -3.9 0.951215 -0.181527 0.249477
27.79 9.498 345.849 -1.47437 -0.51502 -3.5 0.48568 -0.7084 0.512137
35.498 15.6405 325.49 0.190242 0.17696 -2.26749 0.599748 0.744233 0.293971
39.265 -25.0765 333.779 -1.14835 -0.392768 1.8 0.416712 -0.54043 0.730949
11.634 7.2695 351.416 -0.410857 -0.454016 -2.56577 -0.0266347 0.757993 0.651718
45.502 2.354 338.083 -0.705761 0 -0.4 0.467768 0.517802 0.716292
29.222 -9.557 342.378 1.28017 0.573307 -3.9 0.108215 0.77607 0.621293
-5.739 -15.609 361.563 -0.0655594 0 -3.2 0.127882 0.0163719 0.991654
1.9465 6.9415 321.991 0.0687582 0 -3.9 -0.982814 0.130648 -0.130412
3.2005 -19.075 351.062 -1.87976 -0.0334707 -3.5 -0.6974 0.218861 -0.682446
17.7435 -3.551 318.72 -0.0701533 0.620157 -4.5 -0.764488 0.0695153 -0.640879
41.571 3.8925 350.027 -0.944201 0 -3.5 0.0721546 -0.476856 0.876015
-13.127 -1.124 330.783 0.569917 0 -3.9 0.337906 -0.565038 -0.752696
-7.8655 -3.5725 334.22 -0.408035 0 -3.5 -0.283026 0.376301 0.88221
40.037 -5.215 317.85 0.102821 0 1.8 0.782535 -0.597296 -0.175719
45.523 -23.966 323.454 -0.158956 0 -0.7 0.802861 -0.537843 -0.257176
10.9025 7.447 324.885 -1.83524 -0.537038 -3.5 -0.260132 0.809766 0.525938
33.986 -7.929 344.933 -0.236331 0 -4.5 -0.908965 -0.383774 -0.162789
43.031 -1.729 327.637 0.54665 0 3.8 0.825917 0.543469 -0.150008
-5.87825 -2.85125 333.798 -0.161996 0 -3.5 -0.0246227 0.0470163 0.998591
35.751 -7.032 346.441 -0.148506 0 -4.5 0.32672 3.36872e-05 0.945121
12.474 5.11275 331.306 0.531471 0.357413 -4.5 0.779047 -0.438471 -0.448139
50.482 -2.2275 324.76 0.0534373 0 2.8 0.777757 0.321714 0.539995
-1.48713 -11.7501 330.415 -0.0577536 0 4.5 -0.848599 -0.25472 0.463678
15.8958 -22.9897 329.033 -0.131981 0 -3.5 -0.695547 -0.607333 0.383875
31.355 17.2367 344.639 1.31129 0.00270697 -3.9 -0.0936202 0.837455 0.538428
9.77 5.825 324.596 -1.61987 -0.74448 -3.5 -0.88011 0.0196095 0.474364
33.4743 -0.12175 342.71 -1.43501 0 -3.2 -0.300021 -0.751946 0.586996
5.987 -16.712 359.948 0.394372 0 -4.5 -0.537903 -0.766235 -0.351487
39.1063 -26.775 323.658 -0.256768 0 1.8 0.752412 -0.38127 -0.53713
16.316 -8.55975 348.169 1.36016 0.397598 -2.58063 0.487796 -0.167606 0.856717
12.3185 0.79575 361.661 0.0112529 0 -0.7 0.639651 0.488083 0.59382
22.33 -15.7063 337.623 -1.08856 0 -3.5 -0.421064 -0.238612 0.875082
44.065 -3.437 326.714 0.39777 0 3.8 0.71539 0.467555 0.51924
-6.25425 -9.16525 354.803 -0.96639 0 1.8 -0.854316 0.0729909 0.514603
42.1418 -11.7828 318.493 -0.0879734 0 -0.7 0.469488 0.650602 -0.596907
28.6908 -12.0122 308.416 -1.11733 0 -3.5 0.328717 -0.944382 0.00941698
22.9575 6.8525 320.69 -0.359094 0 -3.5 -0.500973 0.825515 0.259905
17.3337 -0.908 330.013 0.268147 0 -0.8 0.247729 0.406691 0.879336
36.399 0.602 348.293 -0.0951676 0 -0.4 0.0592695 -0.522653 0.850483
26.2248 4.5365 347.432 -2.49569 -0.0895129 -2.34596 0.801639 -0.165272 -0.574508
2.42225 -13.5915 350.393 -0.530671 0 4.2 0.700402 -0.0348251 -0.712898
40.841 -28.1957 326.819 -0.592298 0 -2.97743 0.739043 -0.637038 -0.219085
18.721 0.8045 336.901 -0.421551 0 2.8 0.128901 0.527489 -0.839726
4.64 -5.977 319.046 0.0447602 0 -4.5 0.571792 -0.507725 -0.644414
12.1453 -22.678 323.668 -0.456208 0 4.2 -0.111259 -0.983249 0.144373
4.8365 -12.7895 334.378 -0.00303772 0 4.2 0.454193 -0.474979 0.753727
42.775 -16.088 341.915 0.315718 0 -3.9 -0.0912865 0.675234 0.731933
27.2178 -26.5222 320.278 0.26602 0 -3.5 -0.895492 -0.437614 0.0811615
19.6145 4.95575 338.207 -1.25501 -0.123004 -0.4 0.595673 -0.31828 -0.737477
-1.88975 -2.18375 321.696 -0.282542 0 -3.98589 -0.438866 0.893796 0.0923346
30.515 1.3125 341.033 -1.24086 -0.00695133 -1.71023 -0.496334 -0.572593 0.652526
-6.9195 -10.1222 361.46 -0.626122 0 -0.418627 -0.913615 0.344838 0.215396
21.4907 -14.475 317.927 -0.354043 0 4.2 -0.929274 -0.277968 0.243276
-9.856 -0.672 328.824 -0.257579 0 -3.5 -0.783975 -0.541985 0.302713
-0.08575 -18.7987 323.682 -0.159832 0 -3.5 -0.907349 0.142263 -0.395574
-10.0597 -0.295 330.621 -0.519133 0 -3.51085 -0.352813 -0.836172 -0.419928
21.062 -10.4447 322.813 -0.883638 0 -0.198042 0.265461 0.20783 -0.941455
-5.3115 -6.399 320.381 -0.45667 0 -3.5 0.116817 -0.837876 -0.533214
3.2655 -0.75875 344.497 -1.18509 0 -0.9 -0.347247 0.926371 -0.145799
28.4515 15.9923 337.741 0.189648 0.364095 -1.39526 0.131553 0.672238 -0.728553
19.7962 5.04175 364.457 0.634881 0 -3.9 -0.0093634 -0.707485 0.706667
25.253 6.286 343.488 -1.42516 0 -1.3 0.767825 -0.271707 0.58019
17.776 -13.1124 315.646 1.11564 0 -4.5 -0.679782 -0.298962 0.669715
30.5275 -24.7792 307.204 -1.8548 -0.302917 -3.5 0.734769 -0.367804 -0.569943
24.1345 7.4245 314.215 -0.206125 0 -0.8 -0.540824 0.798923 -0.263119
8.6335 4.9855 353.709 -0.413825 0 -0.7 -0.156735 0.806122 0.570615
20.351 -8.873 336.244 0.0228622 0 -0.8 -0.396308 0.668235 0.629605
28.7325 -23.6595 327.419 -0.177413 0 -3.9 0.503775 -0.206569 -0.838773
28.792 4.113 348.068 1.13108 0 -0.4 -0.542166 -0.834024 0.102268
14.293 -11.3405 365.982 -1.14099 -0.342694 -0.4 0.647187 -0.0588109 0.760059
2.16875 1.9815 315.215 -1.14711 0 -3.5 0.62429 0.394496 -0.674266
2.114 4.83262 321.258 0.0885202 0 -3.9 -0.97864 0.196993 -0.058807
52.74 -6.3105 332.363 -0.24724 0 -3.5 0.293948 0.807007 0.512186
23.6065 -10.5103 322.339 -0.182709 0 -0.7 -0.685211 0.208222 -0.697947
27.025 -25.426 328.017 0.346091 0 -3.9 -0.291535 -0.568838 -0.769045
45.45 -22.345 321.795 -0.199733 0 -0.7 0.990653 0.117003 -0.0701217
48.7863 -10.5972 335.904 -0.200124 0 -4.5 0.783487 0.173538 -0.596684
4.0165 4.496 349.743 -0.293789 0 -3.2 -0.504522 0.799528 -0.325902
41.9625 -28.4845 328.759 -0.0588141 0 -3.5 0.289355 -0.944491 -0.155596
40.159 -13.4923 340.308 0.621984 0 -3.5 -0.961645 -0.259516 0.0888243
35.885 7.8185 348.193 -1.96124 -0.716977 -0.8 -0.664561 0.721497 0.194423
31.903 0.8285 348.224 -0.193059 -0.12382 -0.8 -0.416955 -0.327857 0.847737
38.8555 -30.8425 329.97 0.0656377 0 1.9 0.269943 -0.1564 0.950089
8.833 8.517 339.709 -0.143388 0 -3.2 0.726071 -0.231095 0.647624
16.0438 -11.681 358.312 -1.30478 0 -3.5 0.430597 0.134947 -0.892399
10.1392 -8.799 340.787 -0.194781 0 -3.5 -0.118708 -0.957256 -0.263761
43.2284 -27.1349 330.397 -0.196426 0 -3.5 0.335655 -0.814203 0.473718
22.4795 6.6285 337.71 -0.130629 -0.775703 -0.7 -0.755242 0.136221 -0.641134
21.9928 9.49025 329.408 -0.89527 -0.240516 -0.261573 -0.824288 0.565954 0.0156527
27.0545 -28.8186 312.728 0.0135777 0 -0.8 0.473237 -0.763794 -0.438937
25 -19.915 322.514 -2.38304 -0 -3.5 -0.996879 0.0775647 -0.0147269
14.7275 5.502 326.035 -0.325332 0 -1.3 0.642075 0.397961 -0.655261
23.123 7.982 323.388 -0.918461 0 -1.6 -0.825381 0.167628 -0.539116
33.231 -29.1295 320.603 -0.199924 0 -1.3 0.38884 -0.741328 0.547024
44.7467 -5.23575 342.622 -0.230462 0 2.8 0.606752 -0.591094 0.531469
27.269 -8.085 313.184 -0.963625 -0.367894 -1.6 0.605193 0.706047 -0.367748
37.523 14.146 342.828 -1.45686 -0.00593148 -3.5 0.321688 -0.0419531 0.945916
25.553 7.5405 315.782 -0.0702062 0 -0.8 0.0365672 0.970363 0.238868
46.104 6.68375 332.333 -1.25003 -0.860696 -3.5 0.697553 -0.0568465 -0.714275
29.1173 6.447 348.065 2.31908 0 -0.4 -0.382063 0.853052 -0.35543
44.4275 -26.5701 330.124 -1.20257 -0.660564 -3.5 0.340023 -0.765456 0.546316
19.39 -5.972 348.556 -1.57221 -0.157007 4.5 0.345841 -0.915479 -0.205652
44.0665 -19.9365 318.874 1.8996 0 -3.9 0.212279 -0.644078 -0.734916
37.3789 -29.7584 325.408 0.155192 0 1.9 -0.221251 -0.0615575 -0.973272
20.1815 9.369 360.116 -0.082219 0 -1.6 -0.347181 0.825398 0.445178
39.2095 10.1362 337.065 0.65508 0 -4.5 0.650219 0.745311 -0.147396
50.4772 -7.885 326.873 -0.0663887 0 -3.5 0.878865 -0.323245 -0.350868
20.8444 -13.6611 311.483 0.0204998 0 -4.5 -0.162966 0.43052 -0.887747
22.8675 7.5055 359.742 0.161571 0 -1.6 0.825373 -0.223657 0.518399
40.7303 2.31037 325.755 0.92932 -0.240161 4.5 0.932911 0.280509 0.225811
35.286 16.532 332.896 -0.349362 -0.0982079 -3.5 0.692191 0.713523 -0.108423
23.1868 -2.45075 333.877 -0.421694 0 -1.3 0.598938 -0.0619352 0.798397
-5.23 -5.98425 337.879 2.94155 0 -3.9 -0.0720401 0.189948 0.979148
51.3667 -20.4665 324.795 -0.168541 0 1.8 -0.0125023 -0.990136 -0.139548
43.7215 -5.268 342.801 -0.23839 0 2.8 0.14115 -0.789702 0.597032
-9.479 -0.5275 335.789 -1.67233 -0.475867 -3.5 0.200841 -0.963014 0.179631
17.68 -9.3185 354.641 -0.366779 0 -0.7 0.732696 -0.632265 -0.251789
-6.54275 4.64275 325.478 2.41854 0.0424408 -3.9 -0.198479 0.83978 -0.505346
28.0938 -9.85775 315.665 0.0576843 0 -1.6 0.860242 0.485373 -0.156192
0.1 -13.8225 332.681 -1.08803 0 4.5 -0.383703 -0.699206 0.603227
15.983 -10.0835 360.385 -2.50255 -0.770217 -3.5 0.779613 0.618472 0.0984708
39.445 -10.2058 337.174 -0.370575 -0.279341 -0.638556 -0.571173 -0.481438 0.664815
-13.0507 -16.742 351.771 -1.37381 0 -3.5 0.0934225 -0.556733 -0.825421
16.564 -13.292 360.785 -1.45402 0 -3.5 0.675234 -0.444881 0.588337
44.802 -18.634 336.677 0.0248354 -0.222555 -0.889058 0.28556 -0.878238 0.383605
1.802 0.44475 314.86 -1.18608 -0.0760113 -3.5 0.556127 -0.307341 -0.772181
54.8545 -12.375 330.667 0.173716 0 -3.2 0.66998 0.408925 0.619603
18.0476 -24.622 325.279 0.108544 0 -3.5 0.297012 -0.81975 -0.489688
1.42 -15.0325 356.87 -1.31986 0 4.2 0.371119 -0.845614 0.383676
2.274 -10.2425 365.98 -0.240381 0 -4.5 -0.533473 0.263063 0.803869
6.9795 -7.414 341.671 -0.558439 0 -1.82902 -0.398672 -0.403111 -0.823749
6.283 -8.5705 318.796 -2.04744 -0.793172 -3.5 0.198254 0.725431 -0.659125
19.017 -16.6105 336.873 0.844238 0.0549492 -4.5 -0.500777 0.00854708 0.865534
-3.7635 -0.968 334.399 -0.071293 0 -0.9 -0.728445 -0.483078 0.485802
5.34525 0.90025 345.38 -0.871301 0.2321 -1.42987 -0.736717 0.259859 -0.624276
26.673 -26.1232 317.964 -0.0787373 0 -3.5 -0.867642 -0.437424 0.236343
33.8385 -10.4005 340.868 0.0740711 0 -1.3 -0.441614 -0.799522 0.407113
43.1493 1.897 347.608 -0.457659 0 -4.5 -0.728715 -0.616832 0.297478
31.9077 6.82725 313.373 0.688529 0.414986 -4.5 0.424339 -0.394043 -0.815271
45.6505 -10.2015 322.537 -0.0868498 0 2.8 0.909204 0.308533 -0.279561
-3.715 -11.1085 348.111 -0.521867 0 4.2 0.257057 0.331723 -0.907679
20.622 3.745 362.942 -0.0668699 0 -3.9 0.538614 -0.703632 0.463463
47.6587 -14.1193 323.66 0.0831014 0 1.8 -0.500666 0.310295 -0.808116
43.2369 -0.34675 325.928 1.11086 0.809798 -0.4 0.860242 0.143892 0.489162
38.3205 -19.4455 315.394 -0.786337 -0.668993 -0.7 0.570574 -0.169446 -0.803575
-1.4865 -11.649 364.817 -0.173951 0 -3.5 0.0742051 -0.195308 0.977931
-1.89925 -6.1805 346.867 -0.428387 0 -3.2 -0.200183 -0.655827 -0.727886
39.694 11.3395 330.712 0.393993 0.204801 -4.5 0.961155 -0.261312 0.0888679
6.539 -21.689 323.062 -0.768972 -0.834235 3.8 0.378282 -0.231025 -0.896398
13.645 -15.8875 359.006 -1.27392 0 -3.5 0.625742 -0.716378 -0.308626
20.0465 -23.3395 312.534 -1.09652 -0.152683 1.8 -0.94625 -0.158099 -0.282163
36.943 13.151 334.968 -0.164156 0 -4.5 0.530881 0.794148 0.295795
41.559 5.69375 328.271 0.401272 0 -0.9 0.909295 -0.147938 -0.38897
21.2685 -6.428 313.899 -1.72747 -0.831123 -3.5 -0.192122 -0.787047 -0.586214
-4.14525 -0.13075 340.9 0.580185 0 -4.5 -0.79482 -0.591249 0.136697
9.937 -14.6825 334.957 -0.0439671 0 -3.73594 -0.502626 -0.680387 0.53333
37.5175 -13.5585 311.752 0.149586 0 4.2 0.329203 -0.380266 -0.864305
39.8353 -15.3167 337.903 -0.112333 0 -3.9 -0.912177 -0.402393 0.0775458
49.8252 -4.41175 329.525 0.0169094 0 -3.5 0.714739 0.697192 -0.0554112
6.40225 -14.408 347.941 -0.548585 0 -3.5 -0.606659 -0.794777 0.0171502
20.892 8.916 338.406 0.193534 0 -4.5 -0.333766 0.417162 -0.845326
4.8155 -8.2695 365.345 -0.364716 0 -4.5 0.568321 0.506346 0.648556
48.078 -19.032 321.664 0.00569213 0 -3.9 0.767534 -0.257846 -0.586863
15.095 -21.575 321.206 -0.127744 0 4.2 0.799941 0.125785 -0.586747
5.6355 11.7045 328.409 -1.43155 -0.663527 -3.5 0.195491 0.732165 0.652471
0.9885 -14.3065 331.454 -0.231523 0.0199126 4.5 -0.293707 -0.738511 0.606909
39.1802 16.9315 322.455 -1.62033 -0.17111 -3.5 0.192599 0.777746 0.598345
-14.051 3.04775 336.068 -0.806473 -0.00758641 -3.5 -0.703343 -0.709777 0.0390454
29.4765 17.5457 343.47 -0.213583 0 -3.9 -0.586219 0.645278 0.48986
9.65 -17.7325 365.478 -2.0392 -0.495334 -3.5 -0.459108 -0.442438 0.770369
41.7295 7.618 346.291 -1.19459 -0.0553147 -3.5 0.813103 0.576419 -0.0812728
5.947 -2.6655 363.377 0.116947 0 -4.5 0.646509 0.552475 0.526115
40.56 -16.022 339.611 0.146961 0 -3.9 -0.888811 -0.0759975 0.451928
36.5368 5.123 352.19 -0.0869054 0 -0.8 0.397458 -0.0402359 0.916738
-6.3875 -13.5435 362.384 -1.30762 -0.216036 -0.8 -0.28752 -0.534217 0.794949
23.167 -2.596 312.338 -1.05933 -0.879175 -0.8 0.014657 -0.222185 -0.974894
25.811 -17.901 314.433 0.224025 0 -0.8 0.272854 -0.698575 -0.661471
-1.2 -9.7215 348.534 -1.14726 -0.224095 -0.7 -0.310675 0.0340634 -0.949906
40.4852 7.12975 350.125 -0.232742 0 -3.5 0.0428746 0.645761 0.762335
-4.338 -4.026 359.537 -0.547136 0 -0.9 -0.627574 -0.364736 0.687836
20.591 0.738 313.099 -0.605067 0 -3.5 -0.874115 0.290176 -0.389513
21.7962 -23.0265 331.436 0.023143 0 4.5 -0.255059 -0.409691 0.875842
18.0448 -16.9718 335.06 0.386448 0.389862 -4.5 -0.710248 -0.478113 0.516678
46.4295 -22.0545 323.991 -0.00495028 0 -1.59007 0.563932 -0.247505 -0.787859
4.35938 -8.99438 319.472 -1.52754 -0.120154 -3.5 -0.568798 0.0461315 -0.821182
31.5063 -3.81575 339.648 -0.130495 0 -4.5 -0.658521 -0.216214 0.720834
52.43 -9.9575 337.938 1.00328 0.096213 -4.5 0.449747 -0.136332 -0.88269
38.4458 -8.19275 311.511 0.410317 0 -3.5 0.81574 -0.0773487 -0.573223
35.7842 -14.572 312.553 0.207792 0 4.2 -0.218617 -0.419385 -0.881092
8.6075 -9.56625 366.964 0.0557634 0 -3.5 -0.06863 0.852836 0.51765
4.959 9.307 340.398 -0.158953 0 -3.2 -0.221812 0.886597 0.405888
26.3482 19.3517 338.876 -0.575062 0 -3.5 0.172325 0.876178 -0.45013
20.575 -23.6033 324.452 0.394226 0 1.8 -0.793199 0.119543 -0.597114
13.634 -0.137 321.922 -0.309664 0 -3.2 0.237713 0.637326 -0.733013
3.513 -24.604 326.659 -0.696132 -0.758249 -0.8 -0.251086 -0.918797 0.304578
20.674 1.7485 361.697 -0.00790012 0 -1.6 0.521057 -0.208821 0.827583
36.1625 17.1714 321.983 -0.253543 0 -0.4 0.402837 0.909823 0.0997216
21.024 -23.604 323.495 0.246287 0 1.8 -0.706029 0.249419 -0.662807
10.3422 12.4655 348.081 1.19949 0 -3.9 0.229048 0.856752 0.462074
6.877 -17.009 335.425 2.16769 0 -3.9 0.6855 -0.185503 0.704044
30.111 4.40525 350.135 1.15744 0 -0.4 -0.523237 -0.0516285 0.850622
-0.203 15.971 338.298 2.27525 0 -3.9 0.670799 0.480768 -0.564704
4.4555 -15.8575 334.962 1.04393 0 -3.9 -0.462809 0.362556 0.808926
30.6175 -10.2572 336.246 0.0464804 0 -1.35194 0.223169 0.356657 0.907189
12.005 4.081 331.035 0.020009 0.845955 -4.5 0.956951 0.168252 -0.236508
16.48 -4.435 337.618 -0.946412 -0.0633097 -1.52755 0.961709 0.0995808 0.255342
35.282 -2.09875 345.017 -0.299259 0 2.23161 -0.941593 -0.316338 0.115465
-1.584 -9.406 331.232 -0.0747895 0 4.5 -0.957716 -0.272214 -0.0931612
40.609 -10.8848 338.279 -0.929235 0 -2.91224 -0.950608 -0.232561 0.205574
-9.204 -2.257 325.188 -0.270315 0 -3.5 -0.750303 0.123262 -0.649502
21.156 7.1965 365.46 1.13011 0 -3.9 0.729198 -0.0344018 0.683438
20.8225 0.431 358.538 0.268896 0 -1.6 0.752936 -0.218068 -0.620914
44.4935 -17.5315 318.697 1.9408 0 -3.9 0.353841 0.259915 -0.898466
-2.716 -4.23475 329.382 0.315885 0 -1.3 -0.633935 -0.739984 -0.224832
42.19 -4.8865 344.751 -1.27399 -0.00682394 3.8 0.749582 -0.425183 0.507294
-12.2565 -12.972 352.831 -0.780366 0 -3.5 -0.494939 0.849113 -0.184505
35.1538 -15.8993 334.582 -0.289058 0 1.8 -0.843269 -0.429071 0.323721
11.4043 -21.8932 321.497 -0.390444 0 4.2 -0.728132 -0.515253 -0.452037
3.619 8.33275 340.191 -0.471999 -0.0927616 -3.04233 -0.431009 0.854282 0.290574
11.1025 6.988 338.616 -0.730174 0 -3.5 -0.478179 -0.0972307 0.872864
9.61 9.942 344.656 0.609204 0.698219 -3.9 -0.549851 -0.0113536 -0.835185
34.4125 -13.3585 311.642 0.682286 0.575885 -3.30951 -0.00854798 -0.919528 -0.392931
16.123 7.957 353.982 -0.265866 0 3.8 -0.286589 0.929348 0.232764
-1.007 -12.774 330.776 -0.281132 0 4.5 -0.870039 -0.382311 0.311241
-7.313 -9.717 358.388 -0.849938 0 -0.8 -0.254547 0.921746 -0.292556
19.946 0.9835 326.952 0.221027 0.880427 -3.5 -0.0482904 0.693523 0.718814
5.1445 -1.168 365.817 -0.277667 0 -4.5 0.845064 0.525294 -0.0996675
39.3466 -25.5911 332.835 -1.31905 -0.62864 1.8 0.561529 -0.726628 0.39585
20.338 -24.325 312.55 -0.306712 0 1.8 -0.980806 -0.0942943 -0.170668
27.544 -27.082 321.474 0.341357 0.621164 -3.5 -0.609347 -0.725245 0.320492
46.263 -18.0155 333.458 0.19631 0.0609444 -0.9 0.968157 -0.250317 -0.00373094
38.2585 -27.354 331.037 -0.427968 -0.0391599 -3.27953 0.795337 -0.579125 0.179035
24.3435 -0.54275 338.078 -0.651398 0 -3.5 -0.0429862 -0.944468 -0.325778
9.65 -22.158 329.274 -0.188707 0 -0.7 -0.406497 -0.601715 0.687531
15.3698 8.81 351.148 -0.338796 0 1.8 -0.690828 0.702837 0.169637
37.9535 4.3005 313.97 0.217067 0 -4.5 -0.37356 -0.222897 -0.900428
13.3062 -12.8418 346.599 -0.215846 0 3.8 0.302327 -0.903263 -0.304489
-11.0553 -13.5245 350.884 -1.1916 -0.0166817 -0.8 -0.63368 0.380227 -0.673704
41.136 1.78225 324.398 1.95518 -0.0113694 -0.352027 0.904563 0.219641 0.365409
25.8545 15.697 324.734 -0.454693 0 -3.5 -0.395535 0.643412 -0.655419
16.729 -2.1425 320.186 -0.527807 0 -3.2 0.457619 0.510035 -0.728319
3.86687 -0.631 343.642 -1.03708 0 -0.9 -0.285265 0.944387 -0.163576
-5.3785 11.7517 333.693 -0.236897 -0.406971 -0.4 -0.619522 0.483568 -0.618348
-0.76 1.947 316.592 -1.05702 0 -3.5 -0.904072 0.140835 0.403508
44.0365 -24.3165 333.649 2.74302 0 -3.9 -0.448139 -0.770209 0.453817
29.1855 -3.32275 336.667 -0.0759516 0 -4.5 -0.772296 -0.154899 0.616089
8.757 -9.421 339.256 -0.160104 0 -3.5 -0.217937 -0.924067 0.314012
54.676 -11.4205 329.396 -0.758673 -0.0889351 -3.23823 0.894543 0.446481 0.0211444
5.33975 0.8115 359.854 0.000525835 0.79744 -4.5 -0.0707872 0.8899 0.450629
-9.069 -12.632 358.028 -0.449454 -0.783958 -0.8 -0.93289 0.360065 0.00837102
20.5776 -24.9865 328.811 0.0357479 -0.0883652 4.17548 -0.320049 -0.842027 0.434235
24.338 -0.827 341.199 -2.04069 -0.531209 -3.5 0.655506 -0.682121 0.324072
17.767 -2.968 357.487 -0.180356 0 -3.5 0.104809 -0.530892 0.840933
24.296 -7.512 321.714 -0.165388 0 4.5 -0.116323 -0.727381 -0.676303
43.0812 -2.41975 344.923 -1.29439 -0.422757 2.8 0.59395 -0.596562 0.539756
29.5515 14.6912 332.238 -0.717876 0 -0.9 0.112068 0.928918 0.352918
47.712 -9.00075 340.518 -0.194685 -0.107904 -4.03807 -0.444623 0.41774 0.79234
-7.25287 8.02363 339.798 0.110801 0.00991924 -3.5 -0.212753 0.382259 0.89923
37.3734 -8.54788 310.455 0.00346018 0 -3.5 0.660017 0.0723461 -0.747759
26.788 19.5905 339.742 -0.691988 0 -3.5 0.075421 0.967158 -0.242729
4.20113 8.39975 343.722 -0.106044 0 -1.6 -0.24682 0.952218 0.179893
-4.18 -2.69 350.246 -1.03133 -0 -3.2 -0.260531 0.965199 -0.0226592
8.447 0.884 361.083 -1.58379 -0.180799 -0.7 -0.705705 0.393544 0.589155
8.6025 -9.24375 364.112 0.601354 0.361384 -0.4 -0.180483 0.89186 0.414742
14.3375 9.632 337.621 -0.617992 0 -3.5 0.400065 0.78715 0.469407
30.6775 -1.06975 314.422 1.35725 0.528343 -1.55382 -0.0874229 -0.932939 -0.349259
-7.1805 7.53125 331.606 -0.274405 0 -0.7 -0.0659036 0.719284 -0.691583
22.4452 -0.899 339.594 -2.19014 -0.706116 -3.5 -0.203744 -0.716529 -0.667139
2.03562 2.71388 347.81 -0.54372 0 -3.2 -0.698701 0.572891 -0.428502
13.1665 -16.4333 356.658 0.509882 0.185566 -0.7 0.77948 -0.106789 0.617258
9.39275 8.39675 338.725 -0.411835 0 -3.2 0.470541 -0.248154 0.846765
12.2002 -3.269 363.199 -0.0495605 0.0582967 -2.96248 0.154765 -0.00575297 0.987935
15.2465 -8.09425 343.707 -0.0309035 0 -3.5 0.828861 -0.35061 0.435962
36.5667 8.032 349.1 -1.39194 0 -0.8 -0.136194 0.897924 0.41855
30.5093 1.483 344.789 -1.51784 0 -0.8 -0.730385 -0.657998 -0.183238
6.6525 -19.2388 351.194 0.179925 0.228023 -3.5 0.221552 -0.487777 -0.844386
39.3555 -11.317 342.735 -0.613489 0 -3.5 -0.945433 -0.270083 -0.182237
32.0225 -9.0505 316.893 -0.186037 0 -0.8 -0.911007 -0.0410788 -0.410339
26.905 7.066 313.215 -0.107476 0 -0.8 -0.0318027 0.834248 -0.550472
13.2118 -9.0475 321.129 -1.34853 0 4.5 0.346333 0.73945 -0.577293
46.036 7.268 335.867 -1.39062 -0.107469 -3.5 0.665082 -0.17107 0.726912
22.2275 13.3523 324.993 -1.54714 -0.659607 -3.5 -0.962686 -0.225685 -0.14934
15.893 -7.5795 361.675 -1.54957 -0.322407 -3.5 0.938032 0.346481 -0.00688443
39.2945 -6.908 312.576 0.0464497 0 -3.5 0.932588 0.302822 -0.196413
2.973 0.053 355.406 -0.088354 0 1.9 -0.0742156 0.762214 0.643057
4.8775 -20.9245 352.469 -1.0306 -0.219597 -3.5 -0.00526433 -0.876295 -0.481746
26.0795 7.88025 314.694 -0.120679 0 -0.8 -0.0240018 0.997986 0.0587165
35.8392 16.2975 335.044 -0.989292 -0.505793 -3.5 0.926252 0.302567 0.224747
34.0825 -19.2595 312.694 0.326488 0 -0.4 0.402305 -0.265923 -0.876034
27.4135 11.369 346.591 -1.30584 0 -3.5 0.21092 0.455406 0.864938
-5.476 -17.458 352.031 -2.27686 -0.11353 -3.5 0.177976 -0.262286 -0.948436
23.8267 -20.2952 320.56 -0.782247 0 -1.89081 -0.520998 -0.223379 0.82381
22.368 7.871 330.269 -1.38776 -0.137925 -4.5 -0.532963 -0.237761 0.812047
27.6772 -13.0828 309.722 -0.76137 -0.00779166 -3.12934 0.88218 -0.366731 -0.295411
22.132 5.525 328.992 -0.00262709 0 -4.5 -0.79583 -0.0644952 0.602075
46.438 -16.751 339.56 -0.155427 -0.00346388 -0.920217 0.431484 -0.323016 0.842308
26.126 8.76475 344.678 -1.6022 -0.0776967 -4.20426 0.415563 -0.809437 0.414873
18.3165 -4.432 355.23 -0.774053 -0.230163 -3.5 -0.825641 -0.526932 0.201643
19.3275 9.7205 339.944 -0.253041 0 -4.5 -0.660874 0.544456 -0.516541
0.44 -0.157 347.451 -1.07729 0 -0.7 -0.598617 0.657781 -0.457146
48.8285 -17.149 330.703 -0.0902935 0 -3.5 0.441262 0.457094 0.772239
36.2346 14.9792 325.172 0.227123 0.892073 -0.4 0.954924 0.284789 0.0837534
29.0923 5.9345 312.411 -1.03878 -0.00254963 -3.62795 0.457767 0.301228 -0.836487
4.81825 -25.48 325.435 -0.269943 0 -0.8 0.0348851 -0.986877 0.15766
5.50525 -17.4455 350.286 -0.403317 0 -3.5 -0.203359 -0.0762001 -0.976135
22.8405 14.379 326.341 -1.87595 -0.190354 -3.5 -0.881877 0.453705 0.128239
55.731 -8.426 331.181 -1.33916 -0.341779 -3.5 0.951357 -0.268382 0.151295
30.3185 2.622 346.783 -0.43469 -0.452811 -0.8 -0.933851 -0.349762 -0.0747659
50.981 -19.5335 329.622 -0.333565 0 -3.5 0.861941 -0.446618 0.239979
49.0853 -16.223 330.281 0.0711312 0 -3.5 0.334191 0.400496 0.853182
30.7405 17.387 325 -0.726242 -0.100473 -3.5 -0.358945 0.591972 -0.721614
28.4725 -24.604 331.991 0.859439 0 -3.9 -0.0338396 0.0160482 0.999298
44.8035 -24.967 323.764 -0.211036 0 -0.7 0.623808 -0.777516 -0.0795772
-3.549 14.409 340.754 0.278408 0 -3.9 -0.850497 0.325928 0.412826
11.698 -8.6895 321.868 -0.94343 0 0.540817 0.150579 0.846039 -0.511414
26.1957 16.0745 325.757 -0.386978 0 -3.5 -0.23155 0.967531 -0.101333
45.417 2.918 351.249 0.533295 0.6896 -4.5 0.13193 0.298222 0.945335
42.9911 -11.4406 319.124 0.685722 0 -0.7 0.481721 0.43199 -0.76245
23.1698 14.046 340.719 -1.42386 0 -3.5 -0.899023 0.427038 -0.0969388
46.1082 -24.5537 333.373 2.04942 0.117804 -3.9 0.586883 -0.772087 0.243822
29.056 -29.4315 315.929 -0.438219 -0.713696 -3.5 -0.554497 -0.552695 -0.622142
11.239 6.1305 321.911 -1.00791 0 -3.5 -0.25838 0.460131 -0.849423
26.351 9.856 320.543 -0.138483 0 -1.6 -0.200274 0.639428 -0.742309
-9.453 -15.985 360.631 -0.656296 0 -3.2 -0.700262 0.463789 0.542708
-9.323 -5.719 330.332 -1.8017 -0.114588 -3.5 -0.364489 0.110497 -0.924629
-3.35875 -0.2465 342.311 -0.147547 0 -4.5 -0.66468 -0.318867 0.675666
21.7145 -22.1208 311.118 -0.385601 0 -1.6 -0.459865 -0.264848 -0.847573
34.6195 -16.251 313.699 0.138517 0 2.0253 0.02225 -0.12621 -0.991754
33.7557 -22.886 331.198 -0.471531 -0.137692 -2.09086 -0.727602 -0.6722 -0.136905
10.224 -22.8962 328.728 -0.460908 -0.333037 -0.7 -0.319564 -0.857489 0.403226
3.51975 8.23525 321.827 1.36783 0.482753 -3.9 -0.108014 0.892252 -0.438428
36.024 -28.3897 331.24 -0.152395 0 -3.5 -0.335464 -0.80609 0.487527
42.9637 -26.9013 326.079 -0.0502572 0 -3.5 0.350748 -0.684644 -0.638935
29.562 -26.9315 313.029 -0.743883 -0.705985 -3.5 0.570661 -0.511201 -0.642666
-1.9295 8.8005 329.354 -1.21947 -0.899602 -0.7 0.160857 -0.0240767 -0.986684
-10.7955 -12.559 356.49 -1.69262 -0.400038 -3.5 -0.205545 0.603554 0.770372
0.6015 -8.8735 343.769 -0.733481 0 1.10659 -0.604629 -0.64007 0.474062
25.38 3.4595 309.938 -1.23911 -0.48897 1.8 0.170515 -0.265321 -0.948962
45.5005 -26.237 326.424 0.0367659 0 -3.2 -0.0332267 -0.864795 -0.501024
15.374 5.2935 332.638 -1.02676 -0.101266 -0.4 0.77033 -0.3698 -0.51946
28.63 -4.66 315.998 0.104318 0 -0.8 0.58996 -0.139928 -0.795215
34.6953 15.7395 326.396 -0.187104 0 -3.5 0.506389 0.8522 0.131623
33.8498 -25.6472 330.194 -0.376991 0 -3.5 -0.754378 0.456933 0.471303
51.247 -7.209 336.856 0.858273 0 -4.5 0.927104 -0.269413 -0.260565
-2.13 -7.274 340.891 -1.45789 -0.295067 -3.5 -0.488623 -0.87011 -0.0644672
40.7523 7.97375 344.599 -0.237659 -0.174988 -1.42006 0.709919 0.701158 -0.0662766
-2.039 13.227 334.578 -0.173217 0 -3.9 0.253281 0.840374 -0.479187
19.3622 -17.155 314.765 0.108097 0 -1.6 -0.907774 0.0894339 0.409815
49.764 -11.839 323.331 -0.155219 0 1.8 0.0547934 0.825125 -0.562288
14.594 -5.738 361.899 -0.878128 0 -3.2 0.91994 0.10428 0.377937
26.2031 -8.18388 309.157 -0.344763 0 -3.5 -0.347451 0.936586 -0.0456542
-6.5725 -4.3595 334.446 -0.0246255 0 -3.56682 0.110275 0.8187 0.563534
25.4279 2.9785 344.136 -1.0229 0 -1.6 0.973269 -0.0585376 -0.222083
24.9137 -2.46575 346.116 -0.552799 0 -3.5 0.931063 0.196586 -0.307368
29.369 -20.0968 309.863 0.775191 0 -4.5 0.284456 0.86142 0.420761
40.422 -17.3145 339.565 0.132118 0 -3.9 -0.8934 0.0779034 0.442456
21.2458 0.4125 359.484 0.410179 0 -1.6 0.96843 -0.233115 -0.0883218
35.2313 17.4363 321.543 -0.0508142 0 -1.07598 0.121006 0.974846 0.187171
37.994 -16.016 312.605 0.0326484 0 4.2 0.0265353 -0.621886 -0.782658
51.029 -17.434 329.763 -0.153125 -0.126902 -3.5 0.541291 0.0962712 0.835306
1.21925 -14.8658 357.841 -0.928656 0 4.2 0.373202 -0.924424 -0.0784915
-4.13475 1.292 361.418 -1.88558 -0.886145 -3.5 -0.565241 0.824263 -0.0330486
43.4735 -13.2192 320.809 -0.145586 0 -0.7 0.982375 -0.184558 -0.0296275
21.7511 14.3185 332.229 -0.0492201 0 -1.6 -0.835866 0.44606 0.319936
22.1717 15.2765 330.638 -0.161685 0 -1.6 -0.640198 0.703176 -0.309339
23.067 2.358 349.768 0.064011 0.280701 -3.5 0.294088 -0.906065 -0.304233
-0.19825 2.57337 362.074 -0.627322 0 -3.5 -0.0121903 0.999482 -0.0297981
51.965 -17.6357 328.749 -0.674795 0 -3.5 0.732521 -0.399383 0.551277
15.4005 2.8105 336.698 1.65154 0 -0.816188 0.954698 0.0378297 -0.295161
-0.259 12.3888 330.608 -0.202691 0 -0.8 -0.480057 0.690524 -0.541038
16.666 -25.638 325.894 -0.814219 -0.0495733 -3.5 0.471427 -0.87059 0.140817
38.9385 -26.557 330.488 -1.23155 0.0531917 -3.5 0.519069 -0.682823 0.514121
28.91 -28.5739 314.644 0.270676 0 -3.5 0.215222 -0.905081 -0.366752
-2.963 -5.535 365.234 -0.987629 -0.00505125 -3.5 -0.74327 0.176854 0.645192
17.529 -24.055 328.8 0.200934 0 -3.5 -0.128711 -0.915906 0.380196
28.576 16.5945 325.164 -0.805871 0 -3.5 -0.458124 0.81088 -0.364139
34.5602 -1.9505 343.433 -0.5319 0 -3.5 -0.913116 -0.0564441 0.403773
8.1385 -22.559 356.468 -0.80272 -0.0278099 -3.5 0.696044 -0.683088 0.221163
19.628 -2.1045 318.307 -0.786617 -0.128633 -4.29832 -0.75674 0.641179 -0.127414
4.76025 5.311 351.555 -0.253152 0 -3.2 -0.146946 0.989138 0.00361346
20.4638 -9.32525 317 0.510893 0.459373 -4.5 -0.503751 -0.317459 0.803402
23.0521 -4.649 349.241 -0.896927 0 -3.5 0.190555 -0.407663 0.893028
9.7225 -1.015 363.789 -0.205759 0 -0.7 -0.651956 -0.170009 0.738952
9.3455 -7.16975 322.095 0.165152 0 4.2 0.270179 0.588894 -0.761713
17.1222 8.545 337.501 -1.10697 -0.0587526 -1.45309 0.317131 0.827307 0.463671
40.0735 8.6995 344.436 -0.167571 0 -0.9 0.513307 0.856326 0.0567491
-9.6795 -6.84225 332.746 -1.73446 -0.0494403 -3.5 -0.642301 -0.498744 0.581983
12.499 -9.6455 334.12 -0.819133 -0.468855 -1.66889 -0.185005 0.110305 0.976527
7.12925 -9.46375 337.457 -0.87411 0 -2.80699 -0.696644 -0.321032 0.641581
14.5483 -2.018 360.44 -0.145507 0.5883 -3.2 0.499732 0.555728 0.664405
11.473 -4.143 362.92 -0.0277252 0.316913 -2.12753 -0.0630721 -0.061709 0.996099
32.4943 12.6875 345.492 -1.30818 -0.712697 -3.5 0.47117 -0.0375669 0.881242
4.1625 -11.14 367.163 -1.935 -0.205296 -3.5 -0.545488 0.186498 0.817106
-2.717 1.112 358.969 -1.61273 -0 -3.5 -0.0427116 0.893399 -0.44723
21.461 9.06975 363.305 2.71553 0.0520974 -3.9 0.861099 0.43542 -0.262522
49.2928 -5.44225 322.354 -0.100168 0.396777 -0.88769 0.249122 -0.611878 -0.750696
19.7365 -2.363 331.606 -0.454007 0 -1.3 -0.316771 0.944989 -0.0815596
46.2192 4.15275 349.297 0.423387 0.097501 -4.5 0.804507 0.439593 0.399407
-1.4575 -5.52425 343.729 -1.19387 0 -3.5 -0.232857 -0.753296 0.61508
26.2575 -0.6855 334.852 -0.459314 0 -1.3 -0.16303 -0.769796 0.617119
18.137 5.26725 335.307 -0.0400822 0 -0.4 0.131197 -0.580184 -0.803849
34.16 -26.627 325.989 -0.944211 0 -1.3 -0.195075 -0.980788 -0.000641155
25.219 13.448 334.967 0.667923 0 -1.09931 -0.11176 0.991837 -0.061388
6.47575 -15.2052 365.303 -0.501435 -0.522907 -3.5 0.0307959 -0.64942 0.759806
-8.782 -11.536 353.716 -1.02885 -0.0496286 1.23558 -0.08741 0.386483 0.918145
-7.386 -9.273 348.49 -1.7317 -0.157084 1.8 -0.285338 0.245693 -0.9264
30.386 3.4475 350.294 0.117186 0 -0.4 -0.398877 -0.393795 0.828144
13.1785 -10.8298 345.141 -0.147748 0 3.8 0.696113 -0.390904 -0.602179
23.344 -20.4025 306.95 0.143486 0 -0.4 0.20138 -0.705046 -0.679968
19.745 11.555 346.764 -1.24594 -0.386312 -2.09995 -0.0901311 0.968512 0.232079
27.8552 -8.1085 307.588 -0.372974 0 -3.5 0.353119 0.870372 -0.343162
-4.57075 -8.11225 326.034 -0.139982 0 -0.4 -0.111286 -0.881953 0.458012
25.1502 -0.57625 334.961 -0.554385 0 -1.3 -0.0938573 -0.851061 0.51661
6.6115 4.1065 322.641 -0.766273 0 -3.9 0.527862 0.427311 0.734007
19.8464 11.4331 341.505 0.66276 0 -4.5 -0.719053 0.568392 -0.399866
16.5193 -1.00175 321.008 -0.763828 0 -3.2 0.429073 0.754586 -0.496483
36.9702 16.119 323.204 -0.29117 -0.0285359 -0.774972 0.325406 0.344368 0.880637
2.4165 -0.65525 356.189 -0.304476 0 1.9 -0.0405668 0.937313 0.346119
48.924 -11.9382 341.474 0.509835 0 -3.62191 0.0919396 -0.109392 0.989738
14.506 -1.268 319.893 -0.866913 0 -3.2 -0.236178 0.636021 -0.734641
50.3125 -19.824 324.319 -0.239224 0 1.05653 -0.0275189 -0.94113 -0.336924
16.708 -17.23 333.507 -0.517159 -0.452599 -0.4 -0.407302 -0.23213 0.883301
27.5545 -2.4455 314.58 0.340237 0 1.08924 0.798376 -0.417919 -0.433519
46.4775 0.90025 347.375 -0.319907 0 -4.5 0.925565 -0.365173 -0.0998936
42.479 -9.38 343.795 -0.559862 0 -3.5 0.803365 0.429688 0.412278
20.0165 -18.5365 335.938 -0.39694 0 -4.5 -0.213603 -0.895202 0.391136
36.1917 -4.70975 347.677 -0.136774 0 3.8 -0.277392 -0.577666 0.767695
39.6275 2.059 348.35 -0.389506 -0.0339766 -1.74361 0.56697 -0.743385 0.354859
43.998 8.467 341.721 -0.271667 0 -4.5 0.39321 0.810273 0.434561
17.2722 -4.31 335.672 -1.00459 -0.110736 -1.33038 0.815298 0.480244 0.323503
8.83 -19.2447 322.875 -1.53601 -0.28897 -3.2 -0.277792 -0.292422 -0.915052
55.5494 -13.1453 330.664 -0.0561018 0 -3.2 0.520461 0.458062 0.720624
31.3965 -0.6085 346.666 -0.38801 0 -0.8 -0.737048 -0.675818 0.00551609
-6.47275 -7.2275 337.356 2.26047 0.0628506 -3.9 -0.63203 -0.471461 0.61503
25.2358 -12.2285 307.56 0.21524 0 -2.74996 -0.186241 0.225091 -0.956372
2.01825 -10.08 340.031 -0.100523 0 1.9 -0.0410162 -0.481388 -0.875547
23.3078 11.0221 328.567 -0.205661 0 1.8 -0.873424 0.0959645 -0.477411
15.452 8.6415 345.587 -1.26325 0 -3.5 -0.522436 0.837427 0.160549
21.6095 -13.897 337.393 -1.3784 0 -3.5 -0.347915 0.38455 0.85503
41.74 -9.8645 345.577 -1.1432 0 -3.5 0.782066 0.130143 0.609455
31.7412 5.92725 350.241 0.219947 0 -0.4 -0.0545709 0.744102 0.665834
11.598 -18.9762 361.896 -1.8007 -0.23903 -3.5 0.173485 -0.476747 -0.861751
34.8835 -3.1375 343.897 -0.646027 0 -3.5 -0.869304 0.205016 0.449754
16.137 7.69575 355.292 -0.311782 0 3.8 -0.0771965 0.907493 0.412913
7.26 -11.568 318.432 -1.42295 -0.028116 -3.5 0.318538 -0.322554 -0.891343
7.83525 7.50525 349.38 -0.169212 0 -3.9 -0.937918 0.0910854 0.334683
-6.95375 1.3655 340.388 0.212257 0.537806 -4.5 -0.556612 -0.654855 0.511222
24.4565 -1.6525 312.011 -1.69782 -0.307481 -0.8 -0.13141 0.0357208 -0.990684
14.4705 -15.3265 360.181 -0.728028 0 -3.5 0.524534 -0.840594 0.135149
33.0438 -18.185 312.745 0.241336 0 -0.4 -0.346185 0.534805 -0.770805
2.57525 7.86725 337.382 -0.0386582 0 -3.5 -0.465945 0.818943 0.335005
22.4445 -3.596 312.377 -0.582152 0 -3.5 0.0556747 -0.317556 -0.946604
18.1555 8.21125 353.948 -0.650063 -0.0272956 1.71778 -0.317945 0.919769 0.230077
4.2915 -17.696 321.323 -0.235877 0.325787 -2.54995 0.590159 -0.782725 -0.197621
31.3118 18.4823 326.736 -0.106345 0 -3.5 -0.0231053 0.94507 -0.326051
47.5305 -1.2335 324.702 -0.0123248 0 2.8 -0.292844 0.955997 -0.0176575
19.1285 5.41675 335.599 -0.170144 0 -0.4 0.629731 -0.434014 -0.64426
41.7025 4.48475 314.435 0.280726 0 -4.5 0.668957 -0.315015 -0.673247
40.3932 -4.79575 316.993 0.061981 0 1.8 0.77567 -0.536972 -0.33166
28.952 -21.4865 311.465 0.250247 0 -4.40626 -0.554271 0.672682 0.490187
34.571 -29.798 314.579 -1.09232 -0.380851 -3.5 0.678374 0.495632 -0.542363
20.5195 -5.615 355.129 -0.686942 -0.170339 -3.48869 0.67502 -0.735585 -0.0571214
17.543 10.889 343.045 -1.36974 -0.118683 -3.5 -0.632966 0.65482 -0.412995
4.562 -11.755 322.498 -0.583359 0 -4.05646 -0.272991 -0.333328 -0.902424
30.222 -2.8155 339.135 0.254201 0.704704 -0.8 -0.81865 -0.564615 0.104982
-6.1865 -6.963 326.422 -0.307536 0 -0.4 -0.430468 -0.574173 0.696436
25.4107 19.3854 339.94 -1.32276 -0.0590426 -3.5 -0.487326 0.8342 -0.258116
23.807 -19.344 320.889 -0.547669 0 -3.2 -0.653378 -0.0927144 0.751333
38.631 -10.849 313.376 0.311137 0 4.2 0.921079 0.329441 -0.207562
21.0535 0.20225 350.277 -0.469485 0 -3.2 0.836725 -0.514761 0.186846
24.1313 10.9943 334.198 0.895097 0 -0.838511 -0.783943 -0.561356 0.265166
-7.8185 1.05475 335.725 -0.785284 -0.240286 -2.05263 0.546295 -0.661016 0.514412
6.201 9.3035 334.019 0.0412161 0 -0.431907 -0.204415 0.971402 0.120797
19.887 -2.539 330.49 -0.612241 0 -1.3 -0.271143 0.931951 0.240725
11.126 3.628 341.393 0.130489 0.26536 -1.50815 -0.155525 0.97904 -0.131499
38.5452 14.522 339.438 -0.4652 0 -3.5 0.944038 0.323351 -0.0650918
41.3955 1.6015 319.93 0.286581 0 -3.9 0.756418 0.0788036 -0.649325
12.5367 -12.3658 344.957 -1.69055 -0.0282529 3.8 0.55352 -0.75142 -0.359142
43.36 -25.862 320.764 0.441256 0.0543073 -0.7 0.372253 -0.614798 -0.695306
45.4777 9.408 334.143 -1.58243 0 -3.5 -0.220129 0.925717 -0.307557
41.753 7.4365 347.452 -0.484209 0 -3.5 0.727721 0.685811 0.00920473
7.97475 -5.57625 364.288 -0.183572 0 -0.7 0.0248913 -0.30794 0.95108
21.413 -5.1665 349.487 -0.618379 -0.0390706 -3.5 0.661847 -0.645023 0.381973
38.4265 5.84775 325.474 0.0870643 0 -3.5 0.575754 0.695011 -0.430658
-0.0495 0.91425 349.118 -0.431447 0 -0.7 -0.595319 0.792152 -0.134504
-2 0.803 354.411 -0.331884 0 -0.9 -0.142129 0.87805 -0.456976
36.515 -7.736 346.403 -0.416154 0 -4.5 0.501442 0.16741 0.84884
32.4888 18.073 342.864 0.180728 0 -3.9 0.106695 0.992541 -0.0589778
4.22 -17.2255 334.728 1.63665 0.00553452 -3.9 -0.651506 -0.328997 0.683594
33.236 -23.553 314.507 0.743563 0 -4.5 0.292372 -0.249965 -0.923058
50.9622 -13.5452 337.758 0.0267148 0 -4.5 0.846098 -0.53259 0.0215791
32.89 15.355 320.446 -0.159067 0 -1.6 -0.982198 0.085831 -0.167095
30.4875 18.2642 342.017 -0.316092 0 -3.9 0.0775266 0.990392 -0.114517
28.3175 -22.034 312.146 0.4476 0 -3.5 -0.295337 0.926789 0.232031
15.1585 -2.92775 319.287 -0.559309 0.592658 -3.2 -0.137754 -0.332626 -0.932944
53.973 -15.536 329.652 -0.362349 0 -3.2 -0.118046 -0.879336 0.461339
19.7757 4.231 310.853 -0.259629 0 1.8 -0.932618 -0.233874 -0.274822
-10.5682 -17.258 359.664 -0.00195412 0 -3.2 -0.921794 -0.312626 0.229261
32.1772 -22.338 305.936 0.756467 0.703036 -4.5 0.961515 -0.147316 -0.231921
51.2113 -1.869 323.503 0.127613 0 2.8 0.936952 0.347957 0.0323592
38.5247 -6.08375 312.573 0.0900248 0 -3.5 0.442752 0.806148 -0.39255
-8.0635 -14.683 360.634 -0.720483 0 -3.2 -0.474175 0.388067 0.790292
28.7655 -10.21 316.932 -0.324284 -0.916075 -0.8 0.58174 0.692713 -0.426295
-1.548 -0.8885 323.688 -0.132643 0 -0.316776 -0.58958 0.295865 -0.751571
24.534 15.173 337.106 -0.0363489 0 -2.10006 -0.172261 0.561996 -0.809004
20.4175 -1.66325 329.713 -0.650306 -0.136673 -1.0544 -0.468346 0.366188 0.804088
34.88 -17.1805 331.711 -0.0826793 -0.558444 -0.475616 -0.609482 0.152499 0.777995
-0.532 0.4575 365.825 -1.61452 -0.0777087 -3.5 -0.220376 0.371875 0.901744
24.7785 -16.94 335.419 -0.777274 0 -3.5 0.283129 -0.948588 0.141487
-10.48 -6.197 332.141 -1.66191 -0.041049 -3.5 -0.958043 -0.135555 0.252543
48.772 -21.1343 332.569 -1.70971 -0.237744 -3.5 0.570229 -0.103701 0.814914
42.457 7.5315 315.763 0.123426 0 -4.5 0.937437 -0.0569074 -0.343473
-5.79375 -8.4205 361.9 -0.53562 0 -0.4 -0.478317 0.876853 -0.0484032
-9.3465 5.8395 337.78 0.00842196 0 -3.5 -0.62838 0.750874 -0.20329
30.7652 18.9823 328.473 -0.173146 0 -3.5 -0.304083 0.94465 0.123166
-6.04 -4.004 350.046 -0.251182 -0.0137095 -3.2 -0.855908 0.493857 0.153384
42.856 0.6855 321.751 0.247314 0 -0.4 0.508051 0.545659 -0.666438
-14.2275 6.30425 335.305 -1.44035 -0.00511325 -3.5 -0.494677 0.431896 -0.754162
-7.33525 10.6718 335.202 -0.186222 0 -0.4 -0.983522 0.143417 -0.110074
49.1152 -23.713 326.947 -0.280764 0 -3.2 0.923399 -0.364255 -0.121051
20.9897 10.9345 339.993 0.320895 0 -4.5 -0.560685 0.611725 -0.558055
29.4885 17.1105 344.401 -0.238673 0 -3.9 -0.632257 0.475132 0.611965
-4.5735 0.3025 354.344 -0.28602 0 -0.9 -0.678353 0.517274 -0.521789
31.2782 -28.003 322.409 0.0414453 0 -1.3 -0.469213 -0.816115 0.337336
14.74 -6.1375 360.453 -1.10771 0 -3.2193 0.99383 0.0661561 0.0890233
24.941 8.08525 346.816 -1.57298 -0.184225 -4.5 0.859339 -0.422864 -0.287614
30.8692 -23.898 307.812 -0.620871 0 -3.5 0.90633 -0.345855 -0.242796
-11.2452 0.909 336.547 -0.406267 0 -3.5 -0.559954 -0.667485 0.490831
56.0457 -7.36925 330.497 -1.45162 -0.669968 -3.5 0.963957 0.210403 -0.162841
3.9275 -23.329 323.082 -0.307498 0 -0.8 -0.227441 -0.510762 -0.829091
6.74175 -23.502 353.734 -0.00376383 0.0135759 -3.5 0.337544 -0.707752 -0.620605
1.33675 11.1625 330.02 -0.346157 0 -0.8 0.0100633 0.126997 -0.991852
37.2777 -21.2943 337.078 -0.0791117 0 -0.7 -0.82254 -0.420926 0.382426
11.2015 -20.0513 334.107 -0.0338843 0 -0.7 -0.149587 -0.459341 0.875574
29.4727 -1.56525 311.924 -0.637397 -0.0562801 -3.5 0.505224 -0.860625 -0.0638308
20.2743 5.21225 310.46 -0.215155 0 1.8 -0.763511 0.403452 -0.50426
28.522 -9.295 337.754 0.0201578 0 -3.9 0.0869265 0.867407 -0.489947
-2.503 2.00875 343.558 -0.203699 0 -4.5 0.100354 -0.0665465 0.992724
22.833 -2.796 355.643 0.174033 0.0186268 -3.5 0.871471 0.347826 -0.345769
18.617 5.777 323.187 -0.0909853 0.595777 -4.5 -0.758497 0.530615 -0.378325
-2.612 -6.1505 320.919 0.101991 0 -3.99631 -0.123204 -0.570634 -0.81191
39.3645 16.1705 318.81 -2.186 -0.352215 -3.5 0.0484666 0.0897525 -0.994784
-0.122 2.12975 327.263 0.138404 0 4.5 -0.0540581 0.83791 -0.543125
35.0295 17.4 329.088 0.0843846 0 -3.5 0.531608 0.635393 -0.560061
-0.804 0.19 349.481 -0.480361 0 -0.7 -0.799059 0.596712 0.0737593
-0.4205 6.7125 327.943 0.0147893 0 2.8 -0.560623 0.457017 -0.690534
36.925 -32.66 325.435 0.383432 0 1.9 0.193997 -0.46724 -0.862585
12.944 8.04 342.671 -0.804175 0 -0.8 -0.102099 0.825406 -0.555231
12.3007 2.873 359.913 0.0145924 0.213965 -0.7 -0.490385 0.486121 0.723332
0.30175 -4.0285 366.124 -0.383191 0 -3.5 0.0789483 0.405071 0.91087
22.5002 4.99425 337.996 -0.377664 -0.491338 -1.00115 -0.848588 -0.138389 -0.510633
-1.05075 -8.72025 320.448 0.12644 0.0879779 -4.5 -0.326623 0.491885 -0.807073
19.755 -26.0745 327.151 -0.738773 -0.0826805 1.8 -0.535591 -0.793603 0.28868
36.572 -27.8375 316.464 -0.91506 0 -0.4 0.620158 -0.652047 -0.436164
20.0327 -2.28875 332.643 -0.605256 -0.371239 -1.3 -0.355381 0.912149 0.204178
10.858 -11.185 354.879 -0.285916 0.0708565 -0.9 0.505557 -0.332477 -0.79616
-5.45175 -0.48775 324.992 -0.234651 0 -3.9 -0.410152 0.446686 -0.795139
6.794 3.1185 354.451 -0.367216 0 -3.02262 -0.458235 0.709189 0.535791
5.9125 -10.0352 335.406 -0.627101 0 4.5 -0.605123 -0.0438591 0.794923
41.607 0.0185 327.587 0.639944 -0.142087 1.53884 0.605627 0.78006 -0.157234
6.3285 11.7192 327.564 -1.45485 -0.0610875 -3.5 0.718288 0.692326 0.0689029
0.40475 -16.4025 364.418 -0.129286 0 -4.5 -0.501617 -0.862498 0.0669158
10.3243 -15.931 351.085 -0.106681 -0.852786 -0.7 0.483064 -0.332173 -0.81013
20.6225 4.21125 309.974 -0.242889 0 1.8 -0.524791 -0.226713 -0.820485
33.9712 16.6965 316.741 -0.098677 0 -1.6 -0.30722 0.397296 -0.864738
34.6502 6.7405 352.406 0.555929 0.607641 -0.8 -0.631685 0.283624 0.721479
33.5187 17.705 342.854 -0.0289816 0 -3.9 0.603955 0.781895 -0.154528
46.6855 1.22475 333.861 0.121014 0 0.317577 0.866188 0.257222 -0.428435
21.034 2.2635 316.936 -0.407773 0 1.8 -0.803917 0.32839 0.49586
34.2885 12.7615 316.475 -0.61615 -0.368272 -2.37388 -0.872071 0.143856 -0.467757
10.2863 -13.8603 347.31 0.319179 0.211275 3.8 0.619934 -0.769858 -0.151658
3.71175 -25.2188 324.911 -0.265756 0 -0.8 -0.399531 -0.914425 0.0648281
-4.33275 -4.652 337.194 0.923591 0.306014 -3.9 -0.469902 0.739046 0.482704
19.313 -1.8605 329.564 -0.548371 0 -0.8 0.0748206 0.502009 0.86162
15.866 -18.0765 322.246 -0.735448 -0.480827 -1.60582 0.307588 -0.447161 -0.839903
-2.0005 -18.256 355.233 -1.38279 -0.415179 -3.5 0.609517 -0.623318 0.489861
1.8895 -0.248 358.376 -0.81715 0 -0.9 -0.0498699 0.836949 -0.545003
0.23825 -9.77425 364.11 -0.52254 0.335195 -3.98815 -0.180115 -0.0714735 0.981045
25.5238 8.951 320.64 -0.222982 0 -1.6 -0.600891 0.641972 -0.476238
-2.3575 -3.7005 319.82 0.0769792 0 -4.28404 0.0542667 -0.0412917 -0.997672
22.9745 13.9625 335.891 -0.0959065 0 -0.7 -0.570857 0.779118 -0.25903
26.9013 -23.5562 306.235 -0.905432 -0.500457 -3.5 -0.795291 -0.2665 -0.544509
2.97325 -19.9692 351.618 -1.75601 -0.153947 -3.5 -0.86782 -0.320571 -0.379636
-1.3145 -5.362 346.153 -1.16047 0 -3.72098 -0.383384 -0.69735 -0.605574
19.497 1.761 357.918 0.0641598 0 -1.6 0.58499 0.0236598 -0.810696
7.6855 3.83575 357.651 -0.297512 0 3.8 -0.126615 0.960245 0.248793
9.51175 4.534 343.046 -0.0202807 0.196338 2.16035 -0.100375 0.724728 -0.681685
35.9615 16.131 339.363 -1.25819 0 -3.5 0.299371 0.950633 -0.0816897
19.7115 -15.8553 311.855 -0.145461 0 -4.5 -0.860316 -0.0427171 -0.507969
25.9095 -22.3215 331.899 -0.192158 0 1.10918 0.200212 -0.0616889 0.977809
34.205 -4.601 345.345 0.288613 0 -4.5 -0.708657 0.61344 0.348564
21.75 1.47525 347.834 -1.00545 -0.588705 -3.09528 0.844788 -0.244306 0.476076
14.1875 6.0535 323.359 -1.43982 -0.218636 -3.5 0.965701 0.0797012 -0.247121
30.1122 -0.231 311.427 0.279387 0.224107 -3.70312 0.408512 -0.323728 -0.853415
-8.704 -19.224 351.626 0.231726 0.73369 -0.8 0.285694 -0.958241 0.0123612
21.1653 5.78175 310.02 -0.198617 0 1.8 -0.404018 0.669445 -0.623388
9.9685 -18.817 361.237 -0.111965 0.646683 -4.5 0.494869 -0.592219 -0.63591
5.94525 8.596 342.079 0.0750274 0 -1.6 0.405987 0.866592 0.29016
25.618 19.0605 342.514 -1.78724 -0.843111 -3.5 -0.159573 0.430144 0.888545
11.582 -19.6985 363.414 -1.61892 -0.525041 -3.5 -0.0137887 -0.965074 0.261614
-14.281 -18.1365 352.633 -1.42865 -0.194973 -3.5 0.0569831 -0.979886 -0.19125
51.427 -6.113 330.636 -0.104663 0 -3.5 0.544438 0.78345 -0.299653
8.92825 -8.34025 363.295 0.0971396 0.584989 -0.458122 -0.179443 0.351594 0.918794
-1.6845 -13.1617 328.383 -0.138388 0 4.5 -0.640302 -0.739606 0.207355
3.7385 -24.318 323.408 -0.236166 0 -0.8 -0.312769 -0.459988 -0.831016
17.1165 -7.9365 352.081 -0.0285719 0 -0.7 -0.0130242 -0.819123 -0.57347
56.557 -13.482 328.529 -0.772453 0 -3.2 0.909864 0.414099 0.0258877
-4.138 5.181 326.312 0.252512 0 -3.9 0.188215 0.942141 -0.277392
29.7297 -7.85025 334.703 0.00671855 0 1.9 -0.582549 -0.141138 0.800448
53.9292 -12.385 331.345 0.30369 0.684437 -3.2 0.0963356 0.099986 0.990314
37.7313 -19.197 335.557 -0.202773 0 -0.7 -0.97987 0.195882 -0.0385334
11.902 4.405 358.178 -0.228979 0 3.8 -0.809011 0.391886 0.438094
51.2588 -11.3477 341.262 0.663687 0 -4.5 0.472542 -0.436998 0.765334
2.777 3.0225 339.237 -0.323452 0 -0.8 -0.0472235 -0.661055 0.74885
24.5537 -0.649 339.691 -1.40613 0 -3.5 0.536385 -0.838371 -0.0970812
39.342 10.966 332.576 0.548824 0 -4.5 0.999025 -0.0441242 0.00117108
28.634 -3.7675 335.754 -0.133707 0 -0.85064 -0.727818 -0.169905 0.66439
-9.05525 6.338 330.873 -0.222481 0 -0.7 -0.710084 0.298434 -0.637745
20.0205 -18.9215 334.932 0.0242743 0 -4.5 -0.127876 -0.938073 0.321973
11.304 -7.61725 335.825 -0.590423 0 -1.45126 0.352988 -0.932429 0.0772964
3.6655 -20.066 350.679 -1.76725 -0.207944 -3.5 -0.487965 -0.415082 -0.767852
24.7595 -5.728 345.907 -1.59562 -0.248736 -3.5 0.492769 -0.341403 -0.800389
53.1645 -15.8088 324.102 -0.930195 0 1.8 0.532332 -0.0296624 -0.846016
-15.078 4.2635 338.246 -1.52967 -0.844914 -3.5 -0.864539 0.104067 0.491672
2.731 -19.3695 354.685 -1.68815 -0.199983 -3.5 -0.781523 0.126615 0.610894
40.8597 -3.4685 317.423 0.10548 0 1.8 0.999484 -0.0185509 0.0262335
15.0522 -5.6575 359.419 -0.781027 0 -3.2 0.914884 -0.265091 0.304491
29.451 -13.278 335.36 -0.434273 0 -3.9 0.559816 -0.538763 0.629555
1.0885 -20.7275 329.337 0.0878702 0 -3.5 -0.518224 0.165795 0.839021
28.379 11.3055 345.991 -0.811707 0 -3.5 0.406898 0.363866 0.837876
20.9875 9.008 353.43 -1.13004 -0.218595 -0.4 0.565264 0.82475 -0.0162746
37.857 3.3585 314.549 0.343972 0 -4.5 -0.141981 -0.267728 -0.952976
43.1082 -23.1995 333.987 1.02079 0.898948 -3.9 -0.521624 -0.536701 0.66322
-4.576 -6.063 347.07 -0.792073 0 -3.2 -0.3561 -0.397958 -0.845472
40.7205 9.379 327.775 0.0310307 0 -0.9 0.796166 0.545093 -0.262668
-1.07725 1.12825 315.44 -1.61134 0 -3.5 -0.999743 -0.0198754 -0.0109313
-2.91325 0.8135 342.803 0.0940843 0 -4.5 -0.311619 -0.296151 0.902877
24.8765 16.265 337.476 -0.0510594 0 -3.5 -0.204986 0.27073 -0.940577
22.1523 -21.876 331.85 -0.0455488 0 4.5 -0.132266 -0.199851 0.970858
23.3307 -12.8988 311.644 -0.0444092 0 -3.81203 -0.623806 0.51406 -0.588735
44.832 -13.4615 341.911 0.174269 0 -3.5 -0.302938 -0.503598 0.809084
26.0327 19.7938 340.843 -1.68465 0 -3.5 -0.0179998 0.999824 -0.00526903
-0.84925 0.725 354.159 -0.372465 0 -0.9 0.00789674 0.992699 -0.120361
34.8268 17.1507 332.254 -0.0498985 0.673952 -3.5 0.494276 0.798697 0.343181
5.709 -24.2292 356.161 0.0620864 0.857725 -3.5 -0.372192 -0.806293 0.459744
32.7728 18.4998 328.564 -0.0820713 0 -3.5 0.56892 0.795572 -0.208315
-7.24625 -6.11175 336.983 1.91941 0.10539 -3.9 -0.836638 -0.17911 0.517646
-6.62075 -4.456 319.044 -0.48671 0 -3.5 -0.555785 -0.205031 -0.805646
16.0643 -11.633 348.377 -0.181399 0 3.8 0.762328 -0.508897 0.39985
5.135 -10.4633 367.201 -1.88937 -0.207607 -3.5 -0.244128 0.570519 0.784162
-12.341 1.5845 335.28 -0.112497 0 -3.7 -0.612484 -0.56845 0.549297
26.989 -16.6303 334.72 -0.58003 0 -1.08236 -0.0538639 -0.931973 0.358505
22.9325 8.04075 317.823 -1.62472 -0.197563 -3.5 -0.40501 0.894927 -0.187278
-4.7725 13.5238 334.403 -1.43446 -0.50466 -0.4 -0.447052 0.872792 -0.195905
-9.3475 -17.039 349.737 -1.13916 -0.250229 -0.8 -0.257252 -0.441468 -0.859609
30.724 11.8335 320.182 -0.551946 0 -0.9 -0.673515 0.315418 -0.668498
1.29125 -15.307 321.181 -0.127955 0 -1.6 -0.756034 0.200088 -0.6232
6.81375 -12.7483 318.884 -1.75845 -0.337189 -3.5 0.0360244 -0.604278 -0.795959
49.9608 -6.24875 322.733 0.147586 0.69418 -3.5 0.269261 -0.338162 -0.901745
21.599 -27.3545 311.744 0.0181008 0 1.8 -0.435873 -0.851472 -0.291565
40.9045 5.125 327.556 0.676921 0 -0.9 0.879391 -0.268616 -0.393086
19.263 -14.584 336.298 -0.395258 -0.0372877 -3.82252 -0.240595 -0.271624 0.931845
19.063 -10.002 335.993 -0.133342 0.492879 -0.8 -0.0560099 -0.170585 0.98375
5.5625 -3.21075 316.342 -0.142261 0 -4.5 0.755902 -0.353998 -0.550724
-1.95775 -10.8145 324.757 0.361652 0.297043 -0.434464 -0.963833 -0.171672 -0.203852
28.034 -28.9815 317.29 -0.0116798 0 -3.5 -0.652715 -0.706109 0.274543
37.5698 -33.4115 326.283 0.0314342 0 1.9 0.487004 -0.810643 -0.325093
44.0303 3.15475 338.075 -0.30417 0 4.2 0.666517 0.506774 0.546749
33.8148 -8.1265 312.969 0.0233624 0 -3.5 -0.753847 0.596448 -0.275616
28.7445 19.035 340.612 -1.68901 -0.0363386 -3.5 0.596613 0.799763 -0.0665725
7.6835 9.6515 347.646 0.0793863 0 -3.9 -0.98613 0.0623912 0.153801
12.993 -14.884 353.388 -0.456475 0 -0.7 0.508162 0.818596 -0.267715
29.7775 -0.9425 337.629 -0.341412 0 -2.43431 -0.84458 -0.499106 0.193848
26.722 -20.034 316.219 0.308757 0.0357361 -3.10931 0.68274 -0.0134611 -0.730537
47.5387 -26.608 329.281 -0.394754 0 -3.2 0.28627 -0.897302 0.336005
54.9012 -12.9043 325.808 -0.0488375 0 -3.2 0.5533 0.386637 -0.737815
25.3008 7.96225 344.927 -2.92263 0 -4.5 0.719781 -0.608671 0.33382
11.7915 -14.0905 353.719 -0.562676 -0.196275 -1.35289 0.550645 0.759728 -0.345837
46.3305 6.1155 334.448 -1.00426 0 -3.5 0.831168 -0.523433 0.187556
36.767 12.245 343.295 -0.582533 0 -0.9 0.347505 0.572603 0.74254
5.29175 -4.68975 365.979 0.29928 0.813751 -4.5 0.431999 -0.777725 0.456641
23.952 -7.489 319.049 0.386863 0 4.5 0.0941607 -0.622526 0.776914
9.741 12.0077 349.046 0.155098 0 -3.9 -0.195624 0.633627 0.748497
4.815 8.11675 344.662 -0.15801 0 -1.6 0.16258 0.690058 0.705257
-1.632 -11.1823 321.668 -0.458723 0 -4.5 -0.478866 -0.858115 -0.185271
7.146 10.545 336.035 -1.01025 0 -3.2 -0.420209 0.861743 -0.284295
13.565 -3.191 320.738 -0.676582 0 -3.2 -0.449551 -0.625368 -0.637824
13.918 -17.95 351.056 -0.241374 0 -0.7 0.362932 -0.27238 -0.891117
20.8078 -0.8115 360.416 -0.00112907 0 -1.6 0.817044 -0.449697 0.360849
-11.2635 5.191 338.409 -0.272483 0 -3.5 -0.288702 0.782354 0.551882
7.6075 10.762 338.754 -0.487471 0 -3.2 -0.164824 0.921091 0.352739
49.9465 -11.0398 325.793 -0.190285 0 1.8 -0.0565795 0.794698 -0.604363
16.7577 -9.948 353.718 -0.342663 0 -0.7 0.475417 -0.741686 -0.47316
38.259 13.9625 342.165 -1.53193 -0.418944 -3.5 0.86912 -0.120611 0.47967
23.7345 -21.6852 310.112 -0.0497399 0.486586 -1.9431 -0.105968 -0.499982 -0.859528
25.234 -5.7315 347.66 -1.37062 -0.104062 -3.5 0.888581 -0.307993 0.339948
43.2375 1.343 346.613 -0.0277638 0 -4.5 -0.591644 -0.677262 0.437348
8.8935 6.5045 351.092 0.256514 0 -1.00265 -0.509208 0.759609 0.404601
-9.953 -1.7475 327.88 -0.476781 0 -3.5 -0.890213 -0.406944 0.20474
50.0115 -14.1403 329.275 0.484634 0 -3.2 -0.0692871 -0.183486 0.980577
49.4715 -20.956 331.81 -1.30346 0 -3.5 0.725407 -0.276045 0.630542
-5.0915 -2.817 357.357 -0.655759 0 -0.9 -0.985111 -0.0896736 0.146678
27.313 15.6018 342.415 -0.581219 0 -3.70015 -0.357452 0.155361 0.920919
12.1818 -9.59775 353.944 -0.214971 0 -0.758804 0.0751594 -0.686765 -0.722984
44.899 -21.688 334.758 1.35907 0 -3.9 0.209351 0.00261289 0.977837
21.3902 -3.95825 322.797 -0.332506 0.344703 4.25007 -0.606597 0.610163 -0.509647
18.2765 -15.1155 314.48 0.170615 0 -4.5 -0.83231 -0.55009 0.0682722
38.0345 -9.167 311.056 -0.0363309 0 -3.5 0.79117 -0.0819783 -0.606077
37.0843 -21.1712 335.642 -0.0792688 0 -0.7 -0.989635 -0.109623 0.0927664
12.1892 9.03525 333.871 -0.0785863 0 -4.45336 0.560037 0.815006 -0.148744
28.339 5.41175 311.399 -1.42754 -0.0113472 -0.8 0.412466 0.330937 -0.848736
23.648 5.8915 354.265 -1.58742 -0.323415 -3.5 0.632639 0.104613 0.767349
-5.78625 2.402 324.284 1.23355 0.395211 -3.9 -0.155194 -0.22557 -0.961786
21.2205 -17.5645 323.097 0.0765805 0 -1.6 0.635917 -0.530792 -0.56024
31.0845 10.33 315.013 0.0312472 0 -4.5 -0.227695 0.93124 -0.284511
-14.053 -13.923 351.234 -1.46628 -0.39556 -3.5 -0.431829 0.573441 -0.696196
22.522 -18.1155 306.493 -0.34022 -0.601621 -0.4 -0.515039 0.228214 -0.826228
16.356 -24.618 323.399 -0.277542 0 -3.5 0.453501 -0.668605 -0.589325
49.8802 -15.1493 329.415 0.142813 0 -3.5 0.0516662 0.308471 0.94983
23.5045 -28.491 313.505 0.708142 0.503349 -0.8 -0.515125 -0.846379 -0.135238
21.0215 -5.693 313.196 -1.64525 -0.0692301 -3.5 -0.198386 -0.460109 -0.865414
23.205 -1.38125 341.603 -1.52165 -0.0680386 1.41785 0.630502 -0.719493 0.2912
6.957 -3.02625 362.781 -0.342966 0 -2.64356 0.299759 0.655053 0.693578
24.192 -12.3475 308.07 0.443201 0 -3.5 -0.549942 0.483394 -0.681097
28.6175 3.76525 342.48 -2.36174 0 -3.5 -0.41699 -0.107027 0.902588
18.794 6.0065 321.22 0.205558 0.627249 -4.5 -0.858397 0.507653 -0.0737758
49.4135 -7.102 323.199 0.0364197 0.371393 -3.5 -0.0270817 -0.726941 -0.686166
9.855 -10.991 319.35 -0.532161 0 -3.5 0.535298 -0.0218318 -0.844381
41.2145 8.4565 327.974 -0.0921664 0 -0.9 0.875773 0.481742 -0.0307612
-5.58925 -4.57725 318.777 -0.382051 0 -3.5 0.0928544 -0.208248 -0.973658
22.333 4.9485 354.92 -0.470199 -0.0070058 -0.559083 0.845279 -0.222667 0.48572
12.3525 -18.9097 351.772 -0.239308 0 -0.7 -0.147632 -0.900151 -0.409796
36.6975 -22.8555 316.055 -0.552048 0 -0.7 0.822158 -0.227271 -0.521923
10.293 7.5145 338.2 -0.444695 0 -3.45514 -0.108824 -0.158812 0.981293
18.003 10.598 347.559 -0.600285 0 -3.5 -0.481941 0.81743 0.315501
8.58362 -8.40613 319.452 -0.625665 0 -3.5 0.376801 0.643512 -0.666268
15.6585 6.5235 332.805 -1.06746 -0.144271 -0.4 0.820119 0.215055 -0.530241
28.7068 -18.1922 332.428 -1.09589 0 -3.26164 -0.661483 -0.470005 0.58441
21.6917 7.28025 360.546 0.397357 0 -2.81326 0.804415 -0.262171 0.533088
-2.00325 16.4862 338.081 2.09928 0.122202 -3.9 -0.389894 0.722485 -0.570963
44.544 3.8295 349.969 0.137155 0.10883 -4.5 -0.182653 0.528996 0.828735
8.64225 -15.8217 348.212 -1.27083 -0.498628 -0.7 0.0613754 -0.70183 -0.709695
17.912 -18.068 334.428 0.533695 0.48454 -4.5 -0.514884 -0.437535 0.737196
35.539 -16.7038 313.97 -0.762258 0 4.2 0.273916 -0.296009 -0.915067
5.19525 -18.9737 328.181 0.0399283 -0.15599 0.14993 -0.856693 0.0170013 0.515547
24.4398 6.71575 346.666 -1.74886 -0.412534 -3.22891 0.944607 0.0327815 -0.326561
42.394 6.6075 347.371 -0.392407 0 -3.58519 0.687816 0.72047 -0.0884989
8.3645 11.5245 347.754 1.49994 0.126137 -3.9 -0.73542 0.389763 0.554295
43.369 -19.7812 343.225 1.41234 0.788324 -3.9 -0.250467 -0.471761 0.845404
31.385 -32.6413 313.817 0.551722 0.852962 -3.5 -0.378576 -0.464324 -0.800677
-4.47275 13.4677 335.417 -1.25115 -0.00638274 -0.4 -0.302524 0.912716 0.274642
20.0595 -4.908 313.336 -1.23002 0 -3.5 -0.554959 -0.0978298 -0.826105
30.6515 11.9218 345.721 -1.15376 -0.735827 -3.5 0.0189052 -0.152955 0.988052
14.293 -21.6645 320.379 -0.186276 0 4.2 0.513651 0.0195331 -0.857777
32.8203 -2.32775 312.482 0.392484 0 -3.9 -0.453323 -0.779573 -0.432161
21.6485 12.516 344.977 -0.382961 0 -4.5 -0.352116 0.857517 0.375071
18.6057 -8.39425 353.358 -0.27762 0 -0.7 0.363333 -0.930104 0.0538152
32.922 6.574 346.717 -0.949499 -0.277393 -1.80985 0.130427 0.701282 0.700851
1.2205 -14.501 322.582 0.0850839 0 -1.6 -0.87703 0.344848 -0.334511
-8.059 -18.297 360.371 -0.859217 0 -3.2 0.026153 -0.9756 0.217994
27.8775 10.3728 346.522 -1.84855 -0.810602 -3.5 0.56455 -0.218365 0.79599
-5.11987 -2.93287 352.284 -1.4928 -0.089346 -3.2 -0.655293 0.748762 0.0997304
9.935 -17.7765 357.028 0.503417 0.0289399 -3.5 0.420342 -0.678885 0.60202
34.0125 -27.3687 323.814 -0.169524 0 0.307096 -0.0309262 -0.967924 0.249331
3.564 10.933 327.198 -1.31257 0 -3.5 -0.849896 0.478037 0.221713
-9.6125 5.951 335.293 0.510501 0.671286 -3.5 -0.314862 0.948505 0.0346463
-1.2415 13.3295 342.016 -1.20133 -0.0353404 -3.86717 0.515595 0.548467 0.658291
13.8267 -16.482 321.087 -1.3434 -0.0815036 -3.5 -0.969922 0.0166999 -0.242841
-5.946 -9.1135 333.468 -0.269855 0 -3.9 -0.261466 -0.86705 -0.424099
33.729 -5.429 342.611 -1.05524 -0.411966 -3.5 -0.980628 0.0878324 0.175085
28.789 -27.4058 312.549 0.0167986 -0.0515665 -0.985285 0.626081 -0.496905 -0.600923
22.5335 0.5635 311.796 -0.991803 0 1.17715 -0.0332145 -0.267815 -0.962898
17.8188 7.26625 361.663 -0.194146 0 -3.9 -0.745352 0.597356 -0.296
18.2065 -8.27125 335.879 -0.458503 -0.636908 -3.5 0.755568 0.295957 0.584403
37.621 -20.8425 314.942 -0.0976346 0 -0.7 0.510029 -0.338224 -0.79087
27.365 -25.517 308.017 -0.812643 0 -3.5 -0.406104 -0.886416 -0.222139
-7.73075 -11.7168 360.976 -0.979254 0 -0.8 -0.714308 0.197772 0.671305
22.8705 6.47225 321.786 0.0648497 0.0389668 -3.7859 -0.408482 0.892698 0.190352
4.8895 -10.6776 319.141 -1.9295 -0.492053 -3.5 -0.73866 -0.520505 -0.428318
22.675 -25.353 314.622 0.402734 0 1.8 -0.298334 -0.442457 0.845712
23.2138 -18.825 306.092 -0.648956 -0.579887 -0.4 -0.272315 -0.204667 -0.940189
33.4445 -7.2645 337.845 0.0489649 0 -0.73573 -0.857307 -0.451284 0.247725
14.7725 -22.543 320.979 -0.120096 0 4.2 0.62172 -0.449779 -0.641221
43.499 3.10975 349.888 -0.321664 0 -3.96901 -0.492987 -0.077278 0.866598
33.8133 -31.502 313.822 -1.44559 -0.873221 -3.5 0.273519 -0.206913 -0.939348
14.6225 -9.67 353.312 -0.667557 0 -0.7 -0.0565324 -0.950001 -0.307085
5.498 -11.7865 321.705 -0.70272 0 -3.5 -0.844997 -0.329226 -0.421415
22.783 -1.15175 323.037 -0.948944 -0.0344637 2.15412 -0.686444 -0.357172 -0.633422
26.1715 -3.2045 312.973 -0.540418 -0.0681368 -0.8 0.257125 -0.365854 -0.894448
32.3955 -12.386 337.139 0.00994585 0.560488 -3.5 -0.118069 -0.46722 0.876222
26.2062 -16.127 337.076 -0.259032 0 -3.5 0.526966 -0.593313 0.608513
23.4783 16.9325 340.046 -0.412173 0 -3.5 -0.983222 0.146979 0.108034
16.7195 -9.7355 323.948 -0.825403 -0.0322665 1.58866 0.148989 0.569483 -0.808388
0.229 2.87775 341.61 -0.098666 0.378406 -1.35139 0.458654 -0.0217613 0.888348
23.4357 -12.982 309.736 0.15627 0 -0.4 -0.841337 0.532873 0.0905495
26.9198 -12.918 341.795 0.561796 0 -3.9 -0.574175 -0.74849 0.331792
12.4993 -18.9722 353.029 -0.150924 0 -0.7 -0.013781 -0.999883 -0.00663288
16.6275 -23.703 329.203 -0.175969 0 -3.5 -0.356823 -0.881945 0.307979
7.1565 -20.879 322.836 -1.42685 -0.45678 3.8 0.183846 -0.192363 -0.963949
34.5083 13.1362 343.018 0.226098 0 -0.9 0.444182 0.261427 0.856947
-2.7455 3.72275 327.194 1.15884 0.298974 -2.89521 0.606935 0.733987 -0.304782
20.464 -0.73925 350.651 -0.561331 0 0.648994 0.885925 -0.340816 0.314613
50.485 -9.5585 337.312 0.361031 0 -4.5 0.672033 -0.0520688 -0.738688
31.675 -21.1865 305.871 0.313807 0 -4.5 0.657584 0.625264 -0.420272
30.632 -25.4382 308.211 -1.11541 -0.603443 -3.5 0.810032 -0.582034 -0.0713068
-4.9215 10.8765 332.785 -0.0984382 0 -0.542606 -0.312737 0.720849 -0.618524
12.2417 -22.978 329.634 -0.0531646 0 -0.7 0.248636 -0.78642 0.56544
38.8735 4.66725 313.795 0.303335 0 -4.5 -0.0273375 -0.173837 -0.984395
9.69875 -18.744 363.538 -0.85327 0.169231 -4.00661 -0.139618 -0.944109 0.298605
42.2245 -11.717 344.065 -0.733021 0 -3.5 0.840618 -0.237188 0.486933
9.1435 6.10775 346.347 0.025437 0 -0.808213 -0.723786 0.569116 -0.39018
-4.21875 -5.5125 331.602 -0.260391 0 -3.5 -0.127991 -0.5643 -0.815588
28.3668 -21.6873 303.696 0.185791 0 -4.5 -0.198973 0.49354 -0.846657
23.5282 -0.662 338.948 -1.84223 -0.754092 -3.5 -0.062881 -0.885694 -0.459992
10.7683 -23.1068 327.871 -0.546861 -0.150455 -0.7 -0.0267494 -0.997019 0.0723701
35.4753 -7.344 309.862 -0.712789 -0.315845 -3.5 0.0784663 0.711429 -0.698363
3.827 3.28575 339.47 -0.966093 0 -1.92672 0.0947694 -0.623954 0.775694
44.9147 1.27725 329.471 0.92516 0.701187 -0.7 0.503994 -0.0967876 -0.858267
0.9405 -15.1722 349.827 -0.508573 0 4.2 0.373339 -0.66183 -0.650076
49.8845 -10.1175 336.695 0.146797 0 -4.5 0.685403 -0.00150881 -0.728162
39.788 -15.843 336.294 -0.230269 0 -1.30913 -0.565367 -0.217068 0.795765
-7.4695 -1.88375 322.001 -1.76682 0 -3.5 -0.481306 0.865258 -0.140262
25.0255 19.6793 341.463 -1.36592 -0.0030227 -3.5 -0.339195 0.917225 0.208912
39.778 -31.3132 329.432 0.1171 0 1.9 0.743723 -0.323953 0.584749
16.1395 9.0195 340.302 -0.452635 0 -0.7 -0.0370505 0.971495 -0.234148
9.3455 -14.112 346.764 -0.0996711 0.10813 -0.647189 0.371661 -0.817109 -0.440682
20.946 0.2875 329.14 -0.6821 -0.113215 -2.98462 -0.598756 0.659088 0.455076
38.1105 12.0785 336.918 -0.230689 0 -4.5 0.92585 0.325734 0.191568
18.654 4.75975 328.229 0.37072 0.635054 -4.5 -0.312583 0.0825549 0.946296
34.157 -18.2183 312.511 0.166082 0 -0.4 0.242837 0.216507 -0.945598
-1.071 -4.26825 366.769 -0.385625 0 -3.5 -0.266295 0.336145 0.903379
-9.52225 -18.8657 352.284 0.409617 0.049287 -0.8 -0.304984 -0.798574 0.518906
-8.5395 4.78875 329.486 -1.59176 -0.707749 -3.5 -0.547385 0.667071 -0.505357
6.817 9.651 334.962 -0.259816 0 -3.08422 -0.423455 0.859099 -0.287463
13.03 -17.5545 356.134 0.294542 0.569223 -0.7 0.340108 -0.657422 0.672401
3.48325 0.47475 365.744 -0.0739556 0 -4.5 0.364079 0.92028 -0.14329
43.988 -2.317 320.22 -1.17535 0 -0.167794 0.309854 -0.112787 -0.944071
37.8128 -26.5793 333.7 -0.950956 -0.777298 1.8 0.553423 -0.495951 0.669146
8.608 -12.5057 336.19 0.514109 0 4.5 -0.356128 -0.599222 0.717011
27.0972 14.5918 337.242 0.543213 0 -1.17396 -0.185654 0.720706 -0.667919
49.8985 -14.24 334.897 -1.41541 -0.630777 -4.5 0.925415 -0.0692203 -0.372579
46.4492 9.502 334.6 -1.28753 -0.0611634 -3.5 0.492116 0.868569 -0.0583861
-1.3585 -9.66925 319.966 0.113216 0.394822 -4.5 -0.489545 0.0205335 -0.871736
-1.9875 -2.6195 319.747 -0.647258 0 -4.33428 -0.505449 0.276403 -0.817388
22.6248 1.59775 351.122 0.175426 0 -3.5 0.540062 -0.824894 -0.166983
3.5775 -2.75375 315.203 -0.0538573 0.426271 -4.5 0.00261437 -0.0921227 -0.995744
25.886 -21.001 310.995 -0.0393555 -0.977977 -3.5 0.289851 0.529456 0.797284
45.8628 0.006 346.993 0.386519 0.0396671 -4.5 0.706881 -0.682165 -0.187003
15.765 -11.898 339.506 0.875548 0 -3.9 0.229305 0.00240984 0.973352
15.3746 -3.114 360.72 0.477158 0.375941 -3.2 0.903425 0.111752 0.413926
5.954 -3.1105 317.952 -0.219436 0.371924 -4.5 0.998342 0.0528617 -0.0227696
44.5045 0.78525 323.717 0.295281 0 -0.4 0.74716 0.625968 0.223419
-7.4365 4.51625 326.003 1.15896 0.642628 -3.9 -0.673436 0.723905 -0.149822
37.841 0.873 348.599 0.029665 0 -0.4 0.0403056 -0.450942 0.891643
22.2827 5.11125 357.095 -0.989802 -0.231018 0.858411 0.939381 -0.333317 -0.0803922
49.3725 -12.868 335.125 -0.516456 0 -4.5 0.87895 0.246128 -0.408495
44.052 5.2685 330.22 -0.0689867 0 -0.7 0.445818 0.813653 -0.373117
46.1188 -19.0205 335.49 0.223932 0 -0.8 0.379238 -0.922162 0.0761287
44.0283 -3.0125 328.702 0.492144 0 0.562721 0.797569 0.0547432 -0.600738
2.83 -17.1715 365.137 0.107096 0.311763 -4.5 0.35499 -0.811949 0.463381
20.986 -1.5895 330.535 -0.669582 -0.11378 -1.3 -0.880321 0.385975 0.275787
11.4545 -0.48075 363.93 -0.210676 0 -0.7 0.601684 0.123397 0.789145
37.1543 13.019 342.698 -0.801883 0 -2.39099 0.293209 0.269747 0.917205
11.7847 -15.2172 337.379 -0.0946776 0 -3.9 -0.594172 -0.688728 0.415468
21.3815 8.464 354.266 -0.842836 0 -1.59161 0.76892 0.622478 -0.145888
23.0693 -1.591 312.233 -0.764017 -0.457635 -2.14959 0.117491 -0.0841874 -0.989499
27.7052 -27.51 320.488 0.0972449 0 -3.5 -0.666457 -0.699414 0.258178
8.75 -18.867 363.095 -0.0299557 0.461276 -4.5 -0.0184252 -0.963733 0.266232
4.31325 -2.539 368.259 0.540736 0.659796 -4.5 -0.112213 0.0463289 0.992604
25.111 -8.96675 309.016 -0.245312 0 -3.5 -0.747826 0.599722 -0.284762
3.9645 -12.6482 322.585 -0.0927123 0 -4.02567 0.162122 0.0509495 -0.985454
38.2653 7.9555 347.845 -0.71667 -0.0595944 -3.32951 0.021408 0.999496 0.023422
27.3895 -8.8995 306.79 -0.443519 0 -3.5 -0.0114215 0.435469 -0.900131
10.5068 8.422 342.746 0.140429 -0.419049 -0.8 -0.300161 0.419403 -0.856741
44.5622 5.755 341.749 0.279577 0.0844834 -4.5 0.758918 -0.622978 -0.189582
56.1562 -15.275 326.75 -0.414189 0.533792 -3.2 0.720177 -0.472639 -0.507895
6.156 -15.599 319.936 -0.757538 0 -3.5 0.0813157 -0.105137 -0.991128
27.078 -13.54 308.031 -0.315987 0 -3.37694 0.259281 0.182338 -0.948434
19.026 -7.746 351.412 -0.234565 0 -0.7 0.478283 -0.629982 -0.611856
0.4915 -0.159 358.439 -0.192634 0.068643 -3.4343 0.261042 0.860474 -0.437541
14.6785 -14.708 339.197 0.0659959 0 -3.9 0.124323 -0.692922 0.710213
18.0455 11.6605 346.086 -1.71167 -0.149021 -3.5 -0.570512 0.734049 0.368358
48.968 -6.9935 340.94 0.173655 0.0201 -4.5 -0.754439 0.128895 0.64359
7.13475 -8.1855 319.758 -1.32846 0 -3.5 0.211956 0.759113 -0.615486
28.4095 -22.4105 324.689 -0.504997 0 -2.4 0.0744745 -0.952335 0.295824
50.5445 -6.8045 323.442 0.0993279 0.0426656 -3.5 0.640932 -0.432228 -0.634338
7.558 -13.5013 368.073 -0.646453 0 -3.5 0.0992784 -0.656177 0.748047
-1.922 16.8885 339.034 1.9264 0.0462963 -3.9 -0.23718 0.948776 -0.208734
-11.5145 -13.0175 351.779 -1.43678 -0.0257261 -1.75775 -0.525267 0.663231 -0.533123
14.5195 -7.7055 363.898 -0.279417 0.163246 -3.5 0.71675 0.161091 0.678469
43.6295 -20.3865 342.421 2.90895 0.0511753 -3.9 -0.0639615 -0.879924 0.470789
33.7298 -8.581 308.716 0.18622 0 -4.5 -0.402833 0.472002 -0.784181
22.733 -26.294 322.98 3.02494 0 1.8 0.389249 -0.256427 -0.88472
18.5718 -15.4525 336.288 0.0991983 0.056301 -4.5 -0.28061 -0.107055 0.953833
-9.3725 -0.6425 334.697 -0.668382 -0.274213 -3.76014 0.198027 -0.86836 0.454682
52.505 -8.261 342.22 0.207086 0 -4.5 0.746928 -0.0578465 0.662384
9.7615 9.1025 344.118 0.292481 0.797711 -0.8 -0.817925 0.253208 -0.516609
-3.326 -6.148 363.164 -1.23456 -0.855663 -3.5 -0.99095 0.0674463 -0.116059
23.3522 -27.5597 324.72 1.32341 0 1.8 0.586681 -0.799215 0.130616
20.7985 -26.6375 326.4 -0.187922 -0.0888762 1.8 -0.286222 -0.871124 0.399024
46.8172 7.1455 334.994 -1.41425 0 -3.5 0.874096 -0.33531 0.351459
5.04825 -21.3205 321.97 -1.59439 -0.172743 -0.8 0.524262 -0.0479937 -0.850203
33.9943 -6.73075 346.906 0.613632 0.708763 -4.5 -0.312195 -0.0544621 0.948456
6.30325 -20.3748 330.097 0.0986508 0 3.8 -0.54547 -0.647358 0.532344
39.124 -32.8825 327.44 0.0443118 0 1.9 0.415292 -0.89198 -0.178618
36.0177 4.3525 315.498 0.767325 0 -2.57247 0.0493454 0.378065 -0.924463
20.419 2.359 314.303 0.0365912 0 1.8 -0.959032 0.255486 0.122413
-8.1735 -6.32175 321.576 -1.78626 -0.401849 -3.5 -0.509453 -0.853337 -0.110785
20.269 -13.555 321.237 0.0695989 0 -0.585629 -0.602802 -0.371233 -0.706269
21.566 6.636 364.717 0.514709 0 -3.9 0.919409 -0.188917 0.344959
0.49825 -8.131 320.143 -0.145948 0 -4.5 -0.267505 0.233151 -0.934923
2.524 -9.468 347.844 -0.240903 0 -0.0336533 -0.182188 -0.962131 -0.202762
4.75075 9.683 324.095 -0.768615 0.0348967 -3.77635 0.564303 0.504481 -0.653499
49.267 -13.8565 333.846 -0.672751 -0.20149 -4.5 0.871915 -0.000809945 -0.489657
34.516 -8.42775 343.171 -0.270719 -0.583256 -2.00308 -0.707783 -0.699689 0.097358
34.9395 -18.6325 313.185 0.329123 0 -0.4 0.717606 0.123945 -0.685331
38.5728 14.951 341.414 -1.82113 -0.315258 -3.5 0.961126 0.27485 -0.0263366
30.8892 -26.9902 324.073 -0.0703585 0 -1.3 -0.794683 -0.439291 0.41893
22.4533 2.158 333.43 -0.120084 0.0277484 -2.40074 -0.999995 -0.00279626 0.00142257
33.1253 -6.29425 345.483 0.308794 0.0343957 -4.5 -0.999645 0.0112271 -0.0241549
39.772 10.8138 333.833 -0.0360747 0 -4.5 0.969678 0.214852 -0.116459
10.1892 -0.1085 363.98 -0.230126 0 -0.7 -0.233314 0.387445 0.89188
14.5798 -20.629 321.171 -0.137136 0 4.2 0.698618 0.25176 -0.669738
49.7385 -7.062 341.95 0.273722 0.109501 -4.5 -0.606683 0.280851 0.743679
8.634 -12.5035 368.332 -0.63016 0 -3.5 0.342503 -0.383113 0.857855
30.902 -20.2593 307.869 0.693159 0.558462 -4.5 0.76773 0.628579 0.124412
-2.9375 -6.70025 365.261 -1.49113 -0.152733 -3.5 -0.684205 -0.093161 0.723315
16.5623 -25.091 326.882 -0.801557 -0.841953 -3.5 0.216728 -0.823131 0.524866
38.775 -26.2845 319.072 -0.00722138 0 -1.3 0.563504 -0.780458 -0.27083
5.287 -18.3193 323.631 -0.414891 0 1.07294 0.241722 -0.410051 -0.879448
6.54975 -22.267 353.164 0.0610532 0.31005 -3.5 0.119366 -0.452522 -0.883728
35.297 -12.795 336.426 -1.26765 -0.117627 -3.5 0.531911 -0.387327 0.753027
41.1292 9.19525 317.965 0.269234 0.134668 -4.5 0.269329 0.699587 0.661846
35.6787 2.02275 314.737 0.230665 0 -4.19569 0.232345 0.265338 -0.935741
0.44575 -11.068 319.654 0.0921729 0 -4.5 -0.059397 -0.774543 -0.629727
39.4168 -11.687 345.63 -1.57737 -0.526638 -3.5 -0.647061 -0.294152 0.70341
17.1378 -2.66225 336.16 -0.102374 0 -1.6 0.923976 -0.321188 -0.207621
9.252 -18.2985 364.539 -0.767745 -0.529396 -3.6517 -0.2308 -0.798227 0.556386
15.672 -15.13 359.882 -0.418576 0 -3.5 0.448656 -0.893634 -0.0111868
-7.7255 7.31175 334.744 -0.188672 0 -2.14976 -0.782291 0.618577 0.0733722
5.3115 -10.2153 318.02 -1.80533 -0.650626 -3.5 -0.425874 -0.169292 -0.888803
-6.419 11.9755 336.155 -0.238777 0 -0.4 -0.462192 0.818989 0.340053
-4.6325 -2.069 346.375 -0.165227 0 -3.2 -0.53343 0.575165 -0.620192
3.0565 -18.2803 327.734 -0.166145 0.0209121 -3.5 0.452297 -0.301557 0.83934
40.9193 -25.0515 321.76 -0.178614 0 -0.7 -0.403967 -0.908805 0.104329
41.8825 9.9355 316.987 0.450972 0.651672 -4.5 0.727252 0.647428 0.227908
51.3105 -11.5295 330.219 0.232752 0 -3.2003 -0.0930017 -0.498541 0.861863
-4.45225 10.3837 342.072 -0.487697 0 -3.5 -0.850618 -0.0196981 0.525416
23.2085 10.692 350.805 -0.378123 0 -0.7 0.0546381 0.586951 0.807777
12.561 -16.9002 357.354 0.121051 0.333404 -1.86629 0.563011 -0.719187 0.407171
34.45 -24.7997 330.3 -0.283753 0 -3.5 -0.961998 0.195472 0.190659
12.0168 -9.14375 320.867 -1.44144 0 2.12304 0.0730902 0.623666 -0.778266
3.19775 13.1095 332.431 -0.107418 -0.196591 -0.8 0.771788 0.601009 0.207681
25.0115 -17.62 311.534 -0.0943939 -0.266249 -4.5 0.616263 -0.687822 0.383562
17.008 -8.9585 356.679 -0.399229 0.136372 -0.7 0.854154 -0.0840336 0.513185
23.794 7.499 321.523 -0.226598 0 -3.5 -0.757744 0.652552 0.000443459
41.3332 -3.08375 346.813 -0.270776 0 3.8 0.868548 0.0902767 0.487313
5.745 -8.342 335.991 -0.179984 0 -3.5 -0.695856 -0.438788 0.56855
10.3132 -20.1535 333.651 0.0194466 0 -0.7 -0.650312 -0.529103 0.545109
-7.78825 0.01325 334.776 -0.795922 0 -3.5 0.29122 -0.632142 0.718044
15.1885 8.223 343.445 -1.03462 0 -0.749984 -0.115599 0.982309 0.14733
32.6348 -22.0405 312.969 0.0563482 0 -2.2756 0.922702 -0.179275 -0.341293
41.534 -12.7775 344.527 -0.967332 -0.0371722 -3.5 0.597071 -0.678781 0.427508
27.229 -23.1612 305.142 0.0534587 0.160859 -4.5 -0.866811 -0.393804 -0.30587
22.551 -3.9335 357.386 -0.106275 0 -3.5 0.618176 -0.204507 0.75897
15.855 -2.94175 359.022 -0.238859 0 -3.2 0.860499 -0.137303 0.490602
30.502 -5.258 338.071 0.164538 0.033822 -4.5 -0.791001 -0.470872 0.390637
11.1735 -14.543 336.472 -0.0187443 0 -3.9 -0.644889 -0.650109 0.401841
15.719 -16.685 353.812 0.00582125 -0.0139464 -0.7 0.938854 0.180263 -0.293358
-4.016 12.8015 342.648 -1.36449 -0.742293 -3.5 -0.850439 0.420695 0.315863
37.2407 -21.797 315.825 -0.205319 0 -0.7 0.524408 -0.581339 -0.622127
6.319 -0.1265 318.903 -1.30746 -0.291406 -3.5 0.838118 -0.478089 -0.262658
47.0532 3.01325 335.419 0.151157 0 -0.4 0.739415 0.642713 -0.200461
46.8075 0.523 333.101 -0.583219 0 1.8 0.793625 0.553925 -0.251649
19.6405 -19.8655 332.596 0.680108 0 -4.5 0.297391 -0.631514 0.716065
47.495 1.47575 335.916 -0.012573 0 -0.4 0.969438 -0.0965766 0.225529
14.424 -23.6485 326.842 -0.254695 0 -3.5 -0.646627 -0.584527 0.490104
7.262 -23.0397 356.543 -0.754231 -0.0110184 -3.5 0.422558 -0.681172 0.597871
7.76075 10.7083 346.922 0.981802 0.440977 -3.9 -0.992708 0.073618 0.0954496
44.479 -0.279 324.271 0.629363 0 -0.4 0.793125 0.234746 0.562002
13.5597 -20.4918 333.004 0.13465 0 -0.7 0.418521 -0.707893 0.568971
15.814 2.429 361.581 -1.0183 -0.0626465 -1.6 -0.380148 0.117481 0.917434
25.5548 14.68 337.29 0.532794 0 -2.30183 0.125247 0.608545 -0.783573
-6.48725 -7.6495 325.586 -0.309032 0 -0.4 -0.498676 -0.703564 0.50628
39.9915 17.0557 319.108 -1.63696 -0.498725 -3.5 0.38138 0.550546 -0.742595
29.003 -11.821 337.776 0.00829218 0 -3.9 0.830517 -0.500315 0.244799
2.12525 -7.126 335.479 -0.760387 0 0.612936 0.480023 -0.377919 0.791679
41.948 -19.889 318.465 0.842692 0 -2.78861 0.0381728 -0.441533 -0.896433
4.36525 -0.06925 366.496 -0.353337 0 -4.5 0.643754 0.72925 0.231895
-3.167 -6.6175 331.882 -0.375758 0 -0.535009 -0.539634 -0.492079 -0.68312
47.9985 -17.9417 335.754 -0.108534 0 -0.8 0.715809 -0.538867 -0.444116
37.196 -29.4435 329.776 0.562248 0 1.9 0.212106 -0.181254 0.960291
-0.7695 -9.97425 364.218 0.0508161 0 -3.5 0.178033 0.0025185 0.984021
45.9215 -22.9352 323.436 -0.356138 0 -2.49006 0.861043 -0.0673514 -0.504052
18.2865 -14.344 336.544 0.617832 0.170426 -3.9 0.196822 -0.576374 0.793129
41.81 -6.401 341.006 -0.177456 0 -0.97298 0.533589 -0.596182 0.599875
0.85025 -16.3555 322.224 0.115376 0 -1.6 -0.9368 0.00127616 -0.349864
41.826 -24.9452 320.026 0.00973879 0.39954 -0.999887 0.419927 -0.620289 -0.662498
26.4487 -24.4363 306.974 -1.33325 -0.0390427 -3.5 -0.748351 -0.414619 -0.517746
24.3757 3.70425 353.281 -0.203481 0 -3.5 0.561236 -0.157059 0.812617
-5.8485 6.4275 340.304 0.238532 0.581614 -3.94814 -0.310422 0.111075 0.944087
49.0224 -0.969 323.355 -0.137129 0 2.8 -0.0772401 0.980033 -0.183217
-3.4975 -5.928 346.625 -0.706242 0 -3.2 -0.141466 -0.578291 -0.803472
29.8113 -19.1383 318.191 -0.307776 -0.243748 2.35979 -0.393551 -0.341912 -0.853354
32.987 9.36925 313.055 -0.0127003 0 -4.5 0.102399 0.619942 -0.777937
41.979 3.454 328.62 0.761787 0 -0.7 0.391991 -0.0202634 -0.919746
-8.53675 -6.83825 330.583 -1.6574 -0.119563 -3.5 0.103665 -0.457272 -0.883264
8.1895 10.7078 335.707 -0.811339 0 -3.2 0.0527702 0.958343 -0.280703
2.8185 -18.3393 353.641 -1.62678 -0.0162896 -3.5 -0.954953 0.209848 0.209827
10.2965 8.1735 350.686 -0.127788 0 -3.9 -0.159931 0.403131 0.901059
39.5875 -28.672 329.423 -0.0419646 0 1.9 0.298076 -0.194557 0.934504
-11.8205 -13.1395 356.188 -1.32082 -0.033791 -3.5 -0.736527 0.32593 0.592703
5.2405 -12.7917 350.921 -1.44288 0 3.08842 -0.579025 -0.356762 -0.73311
46.2293 1.0405 350.21 0.207588 0 -4.5 0.749615 -0.48447 0.450961
36.037 -8.68425 346.832 0.0869524 0 -4.5 0.341564 -0.165752 0.925127
4.04525 -3.706 367.643 0.0727868 0 -4.5 -0.383292 -0.597882 0.704005
38.571 11.1915 317.706 -0.382927 0 -3.5 0.649255 0.548145 -0.527263
27.0305 -26.0508 328.896 0.777897 0.0333695 -3.9 -0.675368 -0.665614 -0.317548
31.903 18.133 324.663 -1.34977 -0.561854 -3.5 -0.127276 0.811102 -0.570889
47.347 0.644 334.75 -0.112569 0 -0.251828 0.99489 0.00873343 -0.100583
26.2682 17.7555 337.491 -0.220345 0 -3.5 0.0374946 0.192889 -0.980504
39.1625 -9.2395 316.672 -0.533869 0 -0.7 0.813992 -0.0153957 -0.580673
39.5583 8.72825 330.909 -0.00310632 0 -0.9 0.849988 0.355728 0.388558
-9.105 7.15 332.045 -0.192201 0 -0.7 -0.771604 0.615066 -0.162239
19.099 8.032 360.038 -0.818693 0 -1.6 -0.537434 0.808389 0.240151
22.481 4.5355 329.647 -0.062145 0 -4 -0.923531 0.21779 0.315688
24.2065 12.122 346.566 -0.185456 0.0297871 -3.2017 0.139535 0.74505 0.652251
25.5185 -9.121 338.428 -0.00161467 0 -3.9 -0.597688 0.779074 0.189246
29.6092 7.15875 345.201 -0.723973 0 -3.2 -0.741777 0.257256 0.619343
-9.0845 -16.447 361.533 -0.710711 0.0459031 -3.2 -0.696273 0.189409 0.692335
31.8538 -7.2885 315.768 0.0367517 0 -0.8 -0.576544 -0.364097 -0.731458
22.0868 4.64675 358.229 0.117688 0.250625 -3.72496 0.826545 -0.537686 -0.166486
1.1365 0.1965 359.245 -0.573925 -0.473644 -3.99346 -0.0500281 0.886281 -0.460439
14.44 -10.017 354.268 -0.455058 0 -0.7 -0.160228 -0.90898 -0.384815
24.2455 12.8375 345.767 -0.323923 0 -4.5 -0.0867239 0.894758 0.43805
24.389 2.68675 352.902 -0.222626 0 -3.5 0.638149 -0.634281 0.43641
21.5828 2.30625 354.758 -1.07509 -0.0167744 -3.2 0.536352 -0.352317 0.766941
0.2915 -21.681 328.181 -0.432194 0 -3.5 -0.81897 -0.250452 0.516296
-6.87075 -3.39175 333.982 -0.303356 0 -3.5 0.188227 0.378523 0.906251
-3.07275 -0.73775 337.181 -0.383039 0 -0.9 -0.894928 -0.308018 0.322844
35.0065 -25.2605 314.055 0.0546566 0 -0.4 0.0480687 0.0322744 -0.998322
11.8523 -18.2728 355.596 0.218628 0.0185219 -1.77215 0.243347 -0.777858 0.579413
1.7965 -17.0865 366.262 0.315619 0.68643 -4.5 -0.054188 -0.888318 0.456021
35.698 -25.9535 314.372 0.051874 0 -0.4 0.417303 -0.456435 -0.785828
27.35 -26.413 331.206 0.468722 0 -3.9 -0.522742 -0.699265 0.487615
11.8965 5.13525 354.218 -0.295054 0 1.09642 -0.133306 0.977544 0.163211
5.1025 -16.3105 357.052 -0.239287 0.0427085 -3.5 -0.606281 -0.770993 0.194919
52.5723 -14.9397 323.629 -0.21579 0 1.8 0.54674 -0.0437357 -0.836159
24.7453 -17.8315 305.629 -1.28971 -0.0925247 -0.4 0.0783651 0.0420399 -0.996038
12.2785 -10.4375 341.207 0.449067 0.540761 -3.5 -0.284531 -0.889009 -0.358755
46.8435 -18.8285 337.022 0.0598649 0 -0.8 0.112488 -0.963695 0.242152
2.4705 -19.4032 353.689 -1.53479 0 -3.5 -0.989322 -0.114572 0.0900868
34.9308 -23.4638 335.22 -0.100424 0 1.8 -0.289596 0.440913 0.849547
-16.2135 -1.67525 333.417 0.00638699 0 -3.9 -0.693717 -0.287052 0.660573
38.1123 12.7118 334.785 0.0636877 0 -4.5 0.638158 0.703604 0.312563
21.803 2.5185 320.714 0.0382225 0 -4.5 -0.358424 -0.483108 -0.798836
11.5245 -11.4873 320.778 -0.320079 0 4.5 0.107162 -0.380108 -0.918713
37.797 8.103 348.817 -0.612486 -0.127669 -2.37035 0.0636934 0.930875 0.359742
23.256 2.47425 353.365 -0.199525 -0.0549423 -3.30408 0.465938 -0.54348 0.698235
39.6025 7.93375 331.85 0.237196 0 -0.9 0.867108 0.496832 0.0358066
2.628 8.298 325.662 1.15033 0 -3.5 -0.928066 0.371891 0.0197526
39.738 11.711 331.689 0.232496 0 -4.5 0.967884 0.0184063 0.250721
39.823 -6.028 318.547 0.0976601 -0.0884392 2.57213 0.881439 -0.0834653 -0.464863
35.9785 -28.846 327.024 0.980797 0.183594 0.143004 -0.8537 -0.233377 -0.465545
7.807 5.78525 351.604 -0.305447 -0.313773 -0.7 -0.436481 0.892402 -0.114472
42.205 9.744 315.754 0.169176 0 -4.5 0.803981 0.551412 -0.22262
19.0863 2.45325 321.216 -0.147105 0 -4.5 -0.596974 -0.536839 -0.596176
-6.69725 10.764 338.596 -1.18357 -0.182596 -3.5 -0.626431 0.512799 0.587045
17.2265 -7.6995 324.211 -0.443435 0 3.8 0.0392894 0.131506 -0.990537
29.7755 -2.2705 340.186 0.190693 0.343382 -0.8 -0.710772 -0.535591 0.456011
14.8735 -5.25775 360.93 -0.997007 0 -3.2 0.954054 -0.244597 0.173068
6.3235 -7.2515 363.717 -0.53269 0 -2.46188 0.32959 0.0837455 0.940403
1.5035 1.50075 314.343 -1.34208 0 -3.5 0.617415 0.199836 -0.760831
42.123 8.43025 315.122 -0.203889 0 -4.5 0.850351 0.0523513 -0.523605
42.5865 1.2175 345.822 0.150768 0 -4.5 -0.440368 -0.436876 0.784357
9.276 3.9365 355.552 -0.360512 0 -0.336129 -0.162633 0.905167 0.392714
19.3967 11.7013 343.478 -0.807791 -0.385693 -3.94774 -0.455518 0.880313 -0.132488
27.848 -23.4228 304.141 0.281803 0.0434473 -4.5 -0.470518 -0.722597 -0.506425
43.2812 7.64838 343.328 -0.317824 0 -4.5 0.306503 0.742848 0.595175
-9.55975 -18.0613 357.668 -0.173507 0 -3.2 -0.565292 -0.823145 -0.0536359
32.4355 16.0435 340.821 -0.154447 0 -3.9 0.232037 0.864608 -0.44566
9.152 -16.234 349.013 -1.49791 -0.153349 -0.7 0.537141 -0.755479 -0.375141
13.806 -10.0463 321.001 -0.933053 0.346061 4.5 0.597097 0.42166 -0.682406
19.0925 -8.79025 335.536 -0.285738 0 -0.8 0.362376 0.698038 0.617597
11.553 -14.322 352.695 -0.322103 0 -0.7 0.633695 0.719742 -0.283553
23.7155 -22.0585 319.101 -0.687168 0 -1.78606 -0.718714 -0.501382 0.481732
-6.149 -3.41275 318.807 -0.380168 0 -3.5 -0.0794225 0.4745 -0.876665
35.66 6.90925 352.564 0.33091 0.577459 -0.8 0.26076 0.5478 0.794933
-12.6695 6.7285 336.166 -0.946811 -0.595413 -3.5 0.483792 0.874878 -0.0231099
20.51 -26.4382 311.842 -0.054189 0 1.8 -0.800445 -0.415789 -0.431748
4.48 -21.193 353.395 -1.36558 -0.479575 -3.5 -0.414322 -0.884983 -0.212465
8.0335 -1.603 321.366 -0.482079 0 4.2 0.339134 -0.659255 -0.671097
32.217 -19.9533 335.314 -1.43464 -0.291393 -3.5 0.446369 -0.532706 0.719012
3.97525 -20.9195 321.664 -1.40873 -0.260245 -0.8 0.00825968 0.258283 -0.966034
2.829 -1.0435 338.985 -0.576766 0 -0.52603 0.142708 0.717393 0.681895
40.0513 -3.85725 348.73 -0.188199 0 3.8 0.522729 -0.260098 0.811852
50.684 -3.604 323.08 -0.16744 0 2.8 0.9398 -0.208235 -0.27095
20.832 6.89 321.135 0.178529 0.041494 -4.5 -0.0923075 0.985856 0.139884
-12.3427 -14.855 356.037 -0.381126 0 -3.5 -0.26176 0.104595 0.959448
31.978 18.794 329.227 -0.183736 0 -3.5 0.153919 0.976021 0.153922
-0.90775 -10.6132 332.32 -0.0410729 0 4.5 -0.840394 -0.512169 0.177259
45.6155 9.343 335.377 -1.35993 -0.607704 -3.5 -0.0970866 0.881879 0.461371
-6.3245 -4.3475 353.89 0.0590985 0.884619 -3.2 -0.864451 0.443613 -0.236499
10.571 9.349 343.507 0.380439 0.489002 -0.8 -0.268827 0.708892 -0.652076
-0.1355 -0.80725 365.766 -2.30046 -0.827592 -3.5 -0.195382 -0.180887 0.963901
54.5703 -15.9362 327.402 -0.66019 0 -3.2 0.307783 -0.950593 -0.040529
48.0665 -2.937 335.898 -0.32081 0 0.153521 0.847321 0.335588 0.411617
7.6405 5.1625 350.685 -0.16136 -0.00102495 -0.7 -0.640639 0.693972 -0.328609
-0.4005 1.12525 359.883 -0.573061 0.0131313 -3.5 0.254737 0.757535 -0.601041
3.811 -13.326 351.493 -0.306237 0 4.2 -0.00566221 -0.17278 -0.984944
18.471 -6.007 346.635 1.39286 0 -3.9 0.724377 -0.570331 -0.387299
-6.433 -4.8605 350.879 -0.32552 0 -3.2 -0.894493 0.423347 0.143736
48.8435 -15.4067 329.647 0.291496 0 -3.5 0.352874 0.514544 0.781488
28.9048 -29.8862 316.957 -0.737566 -0.359355 -3.5 -0.717112 -0.6798 0.153696
16.9645 9.65725 335.724 -1.26346 -0.174292 -3.5 0.41167 0.837122 -0.360216
13.7397 -14.9213 364.164 -0.375169 0 -3.5 0.811671 -0.122403 0.571146
20.6103 -0.62725 329.781 -0.457994 0 -1.3 -0.666002 0.276708 0.692729
23.5555 13.674 343.065 -0.695094 0 -4.5 -0.274036 0.859698 0.431072
46.4753 2.733 331.484 -0.862487 -0.866997 -0.7 0.938112 0.346274 -0.00632842
21.019 5.639 365.125 0.236587 0 -3.9 0.60465 -0.582541 0.543179
-10.783 -13.5918 356.853 -1.14764 -0.0780602 -3.34165 -0.494752 0.265002 0.827644
11.7113 3.965 340.572 0.0630484 0 1.8 -0.565998 0.750442 0.341295
0.552 12.6925 338.242 -0.213864 0 -3.9 0.993659 0.110923 0.0183991
46.4378 2.92525 337.518 -0.14766 0 -0.4 0.522838 0.52516 0.671451
0.33375 1.087 318.655 0.194706 0.11096 -3.5 -0.933636 0.347228 0.0880676
0.531 -15.004 330.267 0.458687 0.858801 4.5 -0.590819 -0.768693 0.245038
20.342 11.683 347.633 -1.40441 -0.0245231 -0.7 -0.157622 0.974223 0.161383
19.384 -19.0115 318.528 -0.104749 -0.461027 -0.8 -0.821497 -0.562884 0.091127
13.8197 6.259 325.631 -0.175718 0.425452 -1.3 0.551391 0.807634 -0.209034
6.26775 -0.78175 320.816 -0.608098 0 4.2 0.492355 -0.500949 -0.711784
1.03475 -11.451 334.592 -0.0928038 0 4.2 -0.392271 -0.394824 0.830806
17.7248 -9.5035 355.639 -0.403086 0 -0.7 0.84413 -0.431672 0.317967
0.6015 -14.4895 327.531 0.0204848 0 3.81452 -0.894859 -0.444912 -0.0357843
36.878 2.645 314.576 0.227304 0 -4.5 -0.0664897 0.0430054 -0.99686
34.523 15.9725 327.633 -0.00834678 0.359592 -3.5 0.540315 0.788365 -0.294177
28.6945 -9.11425 341.55 0.455204 0.0127893 -3.9 0.342277 0.8786 0.333029
38.2463 16.1402 319.024 -1.04592 0 -3.5 0.186955 0.277915 -0.942237
9.058 -0.1345 363.045 -0.306794 0 -0.7 -0.771047 0.216873 0.598708
16.5075 -8.777 341.909 0.00855283 0 -3.5 0.661873 -0.392431 0.638688
19.41 -15.948 313.309 0.152352 0 -4.5 -0.95722 -0.154909 -0.244405
22.786 1.5805 311.017 -0.503355 0 1.8 -0.090125 -0.589823 -0.802487
1.126 3.46175 317.388 -0.986167 -0.276965 -3.5 -0.192476 0.842585 0.502994
35.6227 16.18 331.937 -0.00711935 0.0801272 -3.5 0.796253 0.592597 0.121701
38.0143 11.1855 314.751 -0.823461 -0.882668 -3.5 0.637957 0.0727583 -0.766627
43.676 -6.762 319.461 -0.941788 0 4.2 0.763065 0.307006 -0.568752
51.6195 -4.8045 339.009 0.341726 0.334444 -4.5 0.857387 0.467833 -0.214523
44.2075 8.75 340.26 0.201523 0 -4.5 0.499895 0.856789 -0.12656
-11.1582 -0.5685 330.874 -0.385334 0 -3.9 0.00610967 -0.779737 -0.626077
13.092 -14.503 356.761 -0.0694166 0 -3.5 0.914209 0.0611047 -0.400609
17.527 5.018 325.062 0.355428 0.63843 -4.5 -0.822088 0.24239 -0.515188
49.6043 -15.1305 335.406 -1.10409 0 -4.5 0.834342 -0.54991 0.0383756
20.198 -12.741 311.791 -0.0607717 0 -4.5 -0.198023 0.477945 -0.855778
47.6545 -17.207 320.72 0.0365908 0 -3.9 0.753686 0.395886 -0.524625
21.8715 -1.3375 311.634 -1.49526 0 -3.5 0.254635 -0.216898 -0.942399
1.9205 -14.152 321.695 -0.0590004 0 -1.6 -0.396973 0.532445 -0.747606
33.562 -1.1625 348.747 0.328534 0.381952 -0.8 -0.334777 -0.673664 0.658863
8.415 -13.9432 334.074 0.0749824 0 4.5 -0.466053 -0.362586 0.807048
-0.498 0.6565 358.807 0.0786196 0.698025 -3.5 0.197646 0.848105 -0.491583
52.085 -16.757 329.39 -1.28629 -0.0473232 -3.5 0.581374 -0.335387 0.741296
4.69975 -1.65275 367.856 0.0948246 0.302501 -4.5 0.415891 0.471057 0.777908
26.298 -0.656 337.483 -1.21655 0 -3.5 -0.111441 -0.989451 0.0925619
1.80925 -11.4268 365.752 -0.00325975 0.375847 -4.5 -0.521762 0.126338 0.843685
5.01525 -7.43225 336.615 0.118531 0 4.2 -0.458833 -0.594175 0.660627
17.516 -15.5575 335.905 0.137149 0.53081 -4.42417 -0.424224 -0.670098 0.6091
29.8687 -4.527 316.37 -0.0112133 0 0.342036 -0.0672353 -0.0637223 -0.9957
45.763 -18.8415 336.469 0.143151 0 -0.8 0.00246486 -0.934207 0.356722
32.216 -29.7603 320.701 -1.38929 -0.398352 -1.3 0.055736 -0.714547 0.697364
16.07 -11.1882 346.192 -0.108704 0 3.8 0.676778 -0.165514 -0.71734
27.7575 -1.86525 313.555 0.502362 -0.587286 -3.22345 0.681977 -0.731339 0.00711072
22.2355 0.781 336.282 -1.31123 -0.228598 -3.5 -0.42314 -0.874203 -0.238162
-0.9415 -8.574 342.467 -1.39232 0 1.9 -0.819965 -0.460012 0.340655
40.017 -17.5478 338.339 0.17989 0.013682 -0.7 -0.878566 0.342136 0.333265
16.683 -19.9705 322.656 -0.075922 0 1.3 0.256765 -0.315986 -0.913359
-12.2155 4.8395 338.336 -0.717491 0 -3.5 -0.0452875 0.494634 0.86792
0.783 12.074 337.097 -0.248623 0 -3.9 0.961556 0.211846 0.174732
1.378 2.7205 325.255 5.09515e-05 0 4.5 -0.694844 0.717886 0.0428001
28.533 -8.761 338.677 0.0179866 0 -3.9 0.315302 0.922006 -0.224699
45.378 -19.5347 334.751 0.270539 -0.37202 -1.97096 0.682073 -0.578482 0.447364
26.2283 15.6397 328.124 -0.947604 0 -3.5 -0.0995412 0.99418 0.0412137
38.548 -25.8463 333.391 -0.437694 -0.741848 1.8 0.551134 -0.559931 0.61865
49.0955 -25.154 328.642 -0.2108 0 -3.2 0.931337 -0.363895 -0.0138557
33.695 -12.568 336.821 -0.874532 -0.426867 -3.5 -0.000224363 -0.551004 0.834503
29.1776 9.00488 315.841 1.40905 0.132578 -4.5 -0.725134 0.596637 0.343808
12.2478 -15.1182 352.129 -0.324169 -0.0328784 -0.7 0.43543 0.747784 -0.501218
31.0485 -29.9807 315.101 -0.407808 0 -3.5 -0.301317 0.187823 -0.934842
-6.0665 -5.5595 357.114 -0.656194 0 -3.2 -0.632163 0.221593 0.742474
10.2045 -8.072 321.842 -0.0329325 0 -3.5 0.380176 0.659046 -0.648942
18.9025 -17.3645 313.734 0.00514587 0 -1.6 -0.982136 0.144961 -0.119978
10.0798 13.3138 346.822 1.31514 0.634447 -3.9 0.155683 0.960675 0.229926
33.6183 -8.052 342.606 -0.902893 -0.452133 -1.3 -0.740907 -0.526439 0.417035
3.795 8.0635 341.276 -0.510645 -0.00310198 -1.6 -0.257503 0.964129 0.0644069
12.3147 -19.4128 362.763 -1.85995 -0.0519088 -3.5 0.586239 -0.770465 -0.250414
-15.0138 -17.8507 353.284 -1.78507 -0.0715432 -3.5 -0.724958 -0.670722 0.156739
6.252 -22.9645 322.88 -0.348131 0 -0.8 0.507957 -0.384631 -0.770739
11.8813 -23.0088 325.815 -0.190208 0 -0.7 -0.0582046 -0.980749 -0.186395
-7.834 8.9565 339.19 -0.197222 0 -3.5 -0.558809 0.719448 0.412463
34.1875 -7.7695 309.279 0.58031 0.30867 -4.5 -0.241294 0.831867 -0.499775
15.844 -10.9978 321.207 -0.118313 0 -3.5 0.128208 0.833629 -0.537239
36.7815 -28.5053 320.137 -1.3631 0 -1.3 0.750606 -0.659793 0.0355453
19.129 -7.28725 315.882 -0.298328 0.684118 -4.36886 -0.809233 0.108631 -0.577358
-0.83225 0.99675 364.983 -2.03612 -0.817831 -3.5 -0.310793 0.763685 0.565856
4.175 -18.226 322.407 -0.170767 0 -1.6 0.685314 -0.472352 -0.554282
43.1045 -9.5505 342.777 -0.577251 0 -3.5 0.591046 0.594961 0.544689
-4.63225 -8.14025 362.065 -0.74265 -0.0291925 -1.70864 -0.398764 0.912411 0.0921594
29.8053 8.947 320.412 -0.49136 0 0.513118 -0.347315 0.69807 -0.626155
42.424 -8.9165 342.217 -0.72297 -0.100209 -3.5 0.446613 0.826091 0.343672
23.309 -12.95 337.244 -0.0734791 0 -3.5 -0.374918 0.227998 0.898584
-5.95375 -8.3835 355.485 -0.9716 0 1.59727 -0.874457 -0.159071 0.458281
-2.28375 -11.1905 348.54 -1.06144 -0.657229 0.653113 0.123705 0.0523346 -0.990938
-3.619 -6.587 341.31 -2.15136 0 -3.5 -0.852112 -0.517505 -0.0780588
-10.2778 -17.1203 350.207 -0.989335 -0.83693 -0.8 -0.586632 -0.431197 -0.685516
-3.928 1.883 338.813 0.00178937 0 -4.03281 -0.584456 -0.50402 -0.635905
29.7453 2.4625 345.145 -2.31641 -0.101798 -0.8 -0.964652 -0.260079 -0.0424921
13.385 -15.8708 351.182 -0.324386 0 -0.7 0.398794 0.65767 -0.639088
46.611 6.593 333.602 -1.13196 -0.0423285 -3.5 0.912797 -0.346361 -0.216416
31.7925 -18.072 335.673 -1.53051 0 -3.5 0.535564 0.570264 0.622873
9.0035 6.418 328.23 -0.252356 0 0.749757 -0.117804 0.154787 -0.980899
-2.58 14.1765 336.678 0.0383477 0 -3.9 -0.366648 0.743715 -0.558978
19.202 8.368 362.327 1.31425 0 -3.9 -0.374118 0.765018 -0.524198
-14.7858 -14.2983 353.072 -1.726 0 -3.5 -0.736106 0.602236 0.308967
18.0005 -7.5095 347.332 3.17137 0.0508853 -3.9 0.833501 -0.528913 0.159773
16.956 -11.1353 321.983 -0.962686 -0.140724 -0.979055 0.267022 0.869375 -0.415796
21.8645 -2.6545 312.212 -0.579794 0 -3.5 -0.121959 -0.343436 -0.931224
39.168 -16.3697 315.052 -0.17604 0 4.2 0.803296 -0.562817 -0.194815
2.71525 -11.2063 350.457 -0.37931 0 2.38815 0.0534249 -0.726505 -0.685081
15.9583 -3.97225 358.816 -0.259843 0 -3.2 0.874565 -0.122618 0.469149
29.288 -21.009 304.422 -0.293753 0 -4.5 0.0667496 0.77286 -0.631056
25.3705 -0.256 337.497 -1.04026 0 -3.5 -0.251952 -0.949972 -0.184589
46.6963 1.90825 349.23 -0.34931 0 -4.5 0.981577 0.0335871 0.188089
15.431 -0.98775 320.355 -1.26358 0 -3.2 0.149376 0.882084 -0.446782
-0.06925 -22.1755 326.879 -0.45273 0 -3.5 -0.831989 -0.48085 0.276727
30.4002 -23.8932 306.384 -0.404159 -0.184896 -4.0455 0.596944 -0.7288 -0.335424
40.361 -16.1045 337.277 -0.102547 0 -3.9 -0.950709 -0.272923 0.147194
45.1975 -20.598 320.845 0.826216 0 -3.9 0.741647 -0.49161 -0.456377
2.0855 -0.59675 315.359 -0.445115 0 -3.5 0.228279 -0.37953 -0.896574
41.3175 4.8845 317.508 0.693627 0 -4.5 0.677419 -0.577691 0.455386
51.0115 -7.4145 335.686 0.748192 0 -4.5 0.855855 -0.516403 -0.0289691
28.7985 -8.581 334.005 -0.0717921 0 2.8 -0.0498894 0.144758 0.988209
5.67175 -21.0382 356.677 -0.720144 0 -3.5 -0.810973 0.227366 0.539098
20.602 -3.2765 334.632 -0.987109 -0.00794945 -1.3 -0.2461 0.372726 0.894712
26.116 -14.276 306.999 -0.790961 0 -3.72477 0.309362 0.430562 -0.847886
4.489 -0.444 365.358 -0.306908 0 -4.5 0.645653 0.685582 -0.336318
-4.79625 -2.5755 351.204 -1.78083 -0.374376 -3.2 -0.442929 0.893789 -0.0703983
25.2465 -7.723 313.849 -0.624362 -0.489057 -1.6 -0.124357 0.210707 -0.969607
1.49275 -23.5279 325.434 -0.564527 -0.0940905 -3.5 -0.408869 -0.793097 -0.451468
21.973 -24.555 330.357 0.0362771 0 4.5 -0.00892037 -0.90214 0.431352
-0.2165 -9.075 343.06 -1.1206 0 1.9 -0.641214 -0.536428 0.548716
-6.766 -1.12675 334.276 -1.86974 0 -3.5 0.045964 -0.330139 0.942813
22.661 -2.42675 323.105 -0.789807 0 4.5 -0.634802 0.329951 -0.698684
5.276 0.7605 358.701 -0.0551061 0.0764626 -3.29573 -0.452072 0.88334 -0.12386
17.794 -12.3845 360.844 -1.6249 0 -3.5 0.869695 -0.305625 0.387587
27.2805 -21.8415 331.626 -0.143832 0 -3.9 -0.000366709 -0.135667 0.990754
49.2337 -23.2607 329.685 -0.0329604 -0.0679643 -3.29073 0.861982 -0.300158 0.408525
34.351 -28.596 320.905 -0.471302 0 -1.3 0.089322 -0.867308 0.489693
-2.4745 -9.61075 336.21 -0.262817 0 -3.9 -0.168387 -0.71203 0.681659
37.1157 -4.0725 348.312 -0.145569 0 3.8 -0.270281 -0.328045 0.905171
7.615 -17.8218 321.991 -1.16685 -0.351253 -3.5 0.037848 -0.836655 -0.546421
7.916 -14.2837 344.55 -0.460736 0 -3.5 0.309531 -0.800387 -0.513392
29.5068 -30.639 317.34 -0.862167 -0.056703 -3.5 -0.722185 -0.545895 0.424791
3.6575 -5.3855 365.544 -0.685047 -0.0529912 -3.54442 0.315927 -0.357279 0.878944
13.7595 -15.833 321.858 -1.3031 0 -3.5 -0.854948 0.0846277 -0.511764
52.8182 -10.74 326.241 -0.425602 0 -3.2 0.445238 0.811504 -0.37845
-2.191 0.693 324.129 -0.0935332 0 0.388979 -0.293941 0.445491 -0.845658
22.51 -14.8457 310.214 0.139863 0 -3.37345 -0.773291 0.355617 -0.524935
18.9377 -2.94175 314.475 -0.676453 0 -3.5 -0.949388 0.0810708 -0.303464
-0.5855 -0.098 350.495 -0.470382 0 -0.7 -0.739908 0.664644 0.103849
29.595 3.143 311.128 0.0430668 0 -3.5 0.686092 0.322713 -0.652022
15.3155 -0.2335 359.717 -0.125568 0 -1.31137 0.0838107 -0.34922 0.933285
12.6287 -23.226 321.858 -0.190892 0 4.2 -0.350961 -0.9266 -0.135054
23.7773 -11.9567 308.978 0.462489 0 -3.5 -0.887184 0.429295 -0.169146
35.0337 -30.8255 327.864 -0.357653 0 1.9 -0.925019 0.34774 0.153028
37.0368 -26.7505 321.368 -0.102674 0 -1.3 0.766753 -0.641659 0.0190728
43.612 -1.802 325.443 1.13434 0.0209606 1.19324 0.753987 0.279483 0.594469
20.642 -26.099 313.462 -0.0248468 0 1.8 -0.74938 -0.258446 0.609619
21.9785 -4.853 312.861 -1.64907 -0.0322861 -3.5 0.184084 -0.410294 -0.893181
0.846 0.9805 313.766 -1.83084 0 -3.5 0.404997 -0.247521 -0.880176
4.71275 -20.8515 355.316 -0.780236 0 -3.5 -0.607925 0.117091 0.785314
-7.166 -6.445 323.769 -0.766312 0 -0.4 -0.665068 -0.700665 -0.258367
11.3705 -22.6695 324.957 -0.511543 -0.457242 3.34341 0.0262582 -0.994894 -0.0974501
16.8835 -24.533 327.846 -0.102493 0 -3.5 0.0167139 -0.887649 0.460217
21.8178 3.0045 336.128 -0.9945 -0.199555 -2.97341 -0.914274 0.355208 -0.194759
8.104 1.902 359.727 -0.857446 -0.85065 -0.7 -0.492211 0.620137 0.610867
41.332 7.283 329.443 -0.193181 0 -0.9 0.848812 0.369899 0.377748
9.42075 -8.7635 320.09 -0.514854 0 -3.5 0.509504 0.663313 -0.548107
10.6237 -18.3145 365.307 -1.79562 -0.460496 -3.5 -0.0458692 -0.713278 0.699379
6.6295 -9.35875 365.871 -0.331683 0 -3.5 -0.178383 0.942252 0.283445
-8.24225 -10.9815 357.535 -0.905903 0 -0.8 -0.634791 0.457868 -0.622412
17.2675 3.61525 362.263 -0.268636 0 -3.9 -0.659872 -0.231414 0.714854
24.1245 -18.2225 323.944 -0.234553 0 -3.28738 -0.542508 -0.531741 -0.650336
3.617 8.43125 337.494 0.0644006 0 -3.2 -0.541628 0.8025 0.250265
5.943 2.12075 356.323 -0.233069 0 3.8 -0.959793 0.279607 -0.0248624
-6.21675 -17.3953 356.288 -0.0858534 0 -3.48881 0.227826 -0.967944 0.10573
22.7305 8.803 337.893 0.204168 0.257363 -4.5 -0.455073 0.108465 -0.883823
0.2215 -21.7435 324.96 -0.670888 0 -3.5 -0.86748 -0.30579 -0.392392
35.407 -4.046 347.268 -0.125585 0 3.8 -0.784268 -0.211871 0.583124
-3.6965 0.73525 324.096 -0.080136 0 -3.9 -0.122252 0.213273 -0.969314
0.22325 1.76275 313.819 -1.91518 -0.538459 -3.5 -0.0908403 0.384787 -0.918525
16.4252 1.48325 361.515 -1.48346 -0.301767 -1.6 0.0654524 -0.216646 0.974054
32.9495 14.9535 319.431 -0.0488491 0 -1.6 -0.987428 -0.141144 -0.0711689
-10.4335 -17.0713 354.078 0.530758 0.299031 -3.2 0.0373093 -0.959417 0.279514
20.787 11.3372 348.742 -1.34077 -0.145454 -0.7 -0.216352 0.800549 0.55885
22.2568 5.25125 334.705 -0.14961 0 -0.7 -0.993629 0.0397405 -0.105463
4.90175 -3.41475 368.086 0.22119 0.414182 -4.5 0.250948 -0.484793 0.837855
4.36075 -19.3662 350.455 -1.90416 -0.554465 -3.5 -0.0388636 -0.00652153 -0.999223
14.253 -14.4805 363.223 -0.243743 0.0353352 -3.5 0.924077 -0.272134 0.268374
54.3293 -16.0812 324.962 -1.54929 -0.15058 1.8 0.845044 -0.182008 -0.502766
16.1195 8.47625 343.767 -1.12973 0 -0.764913 -0.598239 0.796549 -0.0872941
1.671 1.87 351.358 0.174713 0.589947 -3.017 -0.753667 0.656163 0.0379113
14.8617 6.13625 359.175 -0.358555 0 3.8 0.106346 0.820522 0.561635
-6.569 3.373 341.074 -0.505238 0 -4.5 -0.62162 0.0270871 0.782851
-5.3075 11.653 336.918 -0.428297 -0.00883395 -0.428435 -0.324325 0.873456 0.363163
-7.75775 -9.58175 359.474 -0.687357 0 -0.8 -0.439122 0.887577 0.13921
35.282 8.64775 346.607 -0.49846 0 -0.9 -0.151617 0.532831 0.832529
15.0005 7.4605 333.266 -0.915726 -0.21926 -2.65613 0.412631 0.663063 -0.624566
13.8515 -10.612 356.165 -0.350042 0 -0.7 0.196519 -0.937139 -0.288359
40.8615 8.35375 345.544 -1.31332 -0.170191 -3.5 0.567243 0.805517 -0.171399
-13.3933 -14.904 355.777 -0.476167 0 -3.5 -0.551754 0.36653 0.749148
0.1375 -22.9452 326.197 -1.30345 0 -3.5 -0.799452 -0.591301 -0.106016
1.14075 -3.47525 315.887 0.394687 0.657491 -4.5 -0.595865 -0.0584381 -0.800956
-8.42525 -5.47075 320.755 -1.87136 0 -3.5 -0.763323 -0.358931 -0.537128
24.616 10.7725 348.914 -0.49187 0 -0.7 0.862126 0.49262 0.118595
21.264 1.2595 360.724 0.389362 0 -1.6 0.920978 -0.0955688 0.377711
47.8768 -6.654 323.775 -0.258739 -0.0968475 -3.5 -0.274145 -0.652257 -0.706686
-13.4067 -1.21925 334.412 -0.220971 0 -3.9 0.0343452 -0.495718 0.867804
3.14 -10.887 366.341 -0.624803 -0.428039 -3.97857 -0.392743 0.0592419 0.917738
-5.312 12.7327 334.108 -1.40441 -0.841525 -0.4 -0.697573 0.414072 -0.584754
-8.3415 -9.54525 349.058 -1.48415 -0.00734799 1.8 -0.788939 0.134403 -0.599592
49.4577 -22.4753 328.434 0.0200933 0.638239 -3.2 0.976677 -0.101716 -0.18909
-8.0365 -4.118 320.459 -1.40395 0 -3.5 -0.768537 0.239012 -0.593485
24.61 11.2568 347.174 -0.309483 0 -2.44641 0.574603 0.597013 0.559828
49.023 -2.43125 340.475 -1.69702 -0.261604 -3.5 0.72873 0.64834 0.22047
24.567 5.833 345.553 -1.38419 0 -1.6 0.940418 0.33894 -0.0270815
-3.88 12.2177 340.587 -0.7504 -0.0265584 -3.5 -0.920067 0.39044 -0.032157
31.2735 -8.9705 317.79 0.120257 0 -0.8 -0.383822 -0.132563 -0.913842
51.9902 -12.6847 324.004 -0.460991 0 1.8 0.534355 0.45583 -0.711818
22.9603 -13.2802 308.44 -0.0624476 0 -0.4 -0.862979 0.421515 -0.278553
-8.08975 0.54875 325.961 -0.0592927 0.0744439 -3.53927 -0.304448 0.367484 -0.878787
11.7052 -21.697 320.408 -0.308067 0 4.2 -0.571759 -0.327408 -0.75226
17.4005 5.148 364.153 -0.0922576 0 -3.9 -0.679864 -0.519397 0.517698
45.9775 -15.5925 322.587 0.101116 0 -0.9 0.199993 0.802925 -0.561528
15.56 9.181 337.371 -1.09018 -0.0442443 -3.5 0.205916 0.826831 0.523401
-9.21075 -18.1077 360.346 -0.313047 0 -3.2 -0.414015 -0.842118 0.345585
32.1725 -14.046 313.28 -0.350047 -0.191729 -4.5 -0.382172 -0.786517 -0.485114
14.6608 -25.385 325.162 -1.13466 -0.883538 -3.5 -0.573055 -0.784705 -0.236317
-3.06425 -10.343 348.932 -1.09363 -0.973234 -0.7 0.147824 0.418824 -0.895955
16.2385 -23.435 330.216 -0.841549 0 -3.5 -0.650959 -0.71035 0.267685
0.43 -2.3415 365.128 -2.58157 -0.426112 -3.5 -0.221362 0.0202623 0.974981
-2.46475 -15.4183 351.55 -0.640478 0 4.2 -0.19603 -0.58758 -0.785062
14.2882 -12.177 346.31 -0.190396 0 3.8 0.271299 -0.791433 -0.547751
3.5975 -10.1333 344.432 -0.370271 0.57204 -3.96174 -0.718175 -0.689888 -0.0909881
15.188 3.3615 326.115 -0.497385 -0.888663 -1.3 0.597204 -0.266705 0.756449
26.4205 -10.7665 306.714 -0.324614 0 -3.5 -0.332174 -0.236306 -0.913137
14.5597 -18.5812 351.848 -0.194029 0 -0.7 0.710719 -0.539049 -0.452001
0.44825 -8.5255 340.036 -1.48293 0 1.9 -0.166287 -0.471589 -0.865998
20.892 5.635 312.779 -0.104482 0 1.8 -0.494913 0.670002 0.553316
24.257 8.9245 334.628 0.537607 0.929306 -0.895519 -0.91189 0.410423 -0.00317385
23.0243 13.0035 324.06 -1.74857 -0.379955 -3.5 -0.584507 -0.101434 -0.805024
38.841 -16.759 316.127 -0.330575 -0.659712 -0.32065 0.986806 -0.0762278 -0.142837
2.12575 -16.4067 330.544 0.0529869 0 -3.9 -0.747382 -0.639368 0.180635
33.6045 -21.927 329.339 -0.885259 -0.196222 -1.78507 -0.655019 -0.612881 -0.441958
13.092 8.7795 334.3 -0.0752024 0 -3.5 0.13209 0.858851 -0.494902
21.2335 3.1945 316.224 -0.236889 0 1.8 -0.844183 0.490152 0.217038
8.5525 5.73875 352.728 0.0595026 -0.487248 -0.7 -0.132992 0.881723 0.452635
8.1705 4.78825 340.78 -0.396813 -0.296697 -4.35639 0.53167 0.639432 0.555386
11.4235 -10.0183 320.666 -1.13432 0 -0.639096 0.0765577 0.11544 -0.99036
28.9377 -9.382 340.447 0.8413 0 -3.9 0.568755 0.822506 -0.00103296
-5.758 -17.778 360.328 -0.278088 0 -3.2 0.353596 -0.881945 0.311678
46.053 -19.716 320.684 0.84134 0 -3.9 0.565048 -0.714201 -0.413083
29.612 -22.281 331.828 -0.036677 0 -3.9 0.189111 -0.470062 0.862136
7.00225 -12.5887 342.617 -2.13901 -0.340825 -3.5 0.331921 -0.402707 -0.853027
26.623 -25.2725 320.646 -0.369412 0 -3.47783 -0.8028 -0.530004 0.273145
0.492 3.872 341.846 0.138401 0.287952 1.8 0.194275 -0.359375 0.912747
-4.35675 -8.7415 365.001 -1.79762 -0.791186 -0.4 -0.400742 0.46034 0.792144
47.8143 -4.88925 320.717 0.134498 0 2.8 0.106995 -0.591996 -0.798807
38.1365 -21.112 315.836 -0.187139 0 -0.7 0.539184 -0.457609 -0.707018
23.7025 -7.6255 335.202 -0.390749 0 -0.8 0.1819 0.768027 0.614042
-12.784 6.211 335.282 -0.980186 -0.888534 -3.5 0.226191 0.738682 -0.63497
37.88 8.6565 322.518 -0.0563569 0 -1.3 0.77136 -0.463139 0.43647
-3.7525 -18.822 354.762 -1.64804 0 -3.5 -0.0752419 -0.964764 0.252128
23.5327 15.0203 325.75 -1.3369 -0.0436887 -3.5 -0.400027 0.909114 -0.116152
33.8085 16.343 326.512 -0.172313 0 -3.5 0.730288 0.679988 0.0655502
2.542 0.7825 359.82 -1.64593 -0.345859 -4.5 0.0248055 0.999615 -0.0124405
40.163 16.8207 321.883 -1.03775 0 -3.5 0.522895 0.728829 0.442028
-4.13825 -6.40525 358.675 -1.80539 0 -3.5 -0.772614 0.294853 0.562254
42.7475 6.9975 344.147 0.3848 0 -4.5 0.287749 0.788866 0.543039
-0.087 0.9155 353.034 -1.21108 -0.301529 1.9 -0.486346 0.873654 0.014055
42.8187 8.52325 342.258 0.150682 0 -4.5 0.229665 0.799797 0.554597
21.7787 8.6625 330.065 -1.15433 -0.722349 -3.7159 -0.737741 -0.0479975 0.673376
46.2115 -10.696 324.404 -0.175521 0 4.09893 0.571943 0.552849 -0.606003
-5.92975 0.967 340.074 0.290255 0.397261 -4.5 -0.19297 -0.980222 -0.0439113
46.4455 -4.5395 326.845 0.241426 0 -3.03729 -0.485903 0.559883 0.671141
2.581 -19.4385 352.56 -1.35706 0 -3.5 -0.970597 -0.136901 -0.197989
0.3235 11.6597 330.155 -0.272354 0 -0.8 -0.23333 0.174889 -0.956541
1.9675 8.17975 339.45 -1.76041 -0.203964 -1.6 0.0414184 0.955502 -0.292061
29.357 -23.619 331.723 0.0400665 0 -3.9 0.269864 0.00911191 0.962855
13.5005 7.6695 341.672 -0.951978 0 -0.708098 -0.302256 0.95256 -0.0356503
1.60275 12.0548 334.301 -0.778777 0 -0.8 0.258528 0.848482 0.46178
42.4577 7.199 348.551 -0.229696 0 -3.5 0.664084 0.747532 0.0136852
-3.464 -3.49325 319.439 -0.226877 0 -3.5 0.0863349 0.318753 -0.943898
31.4905 -17.1985 334.831 -0.996427 0 -3.5 0.434958 0.570301 0.696827
20.2687 8.7145 349.894 -0.299594 0 0.116178 -0.289345 0.761189 0.580406
39.8823 13.243 327.935 0.470054 0.367884 -4.5 0.6656 0.0333742 -0.745562
-1.0825 -14.5035 364.19 -0.00368268 0.025818 -3.5 -0.467936 -0.164443 0.868329
24.2292 17.9335 341.186 -1.37336 -0.752132 -3.5 -0.902272 0.108374 0.417326
19.9298 -11.7428 312.829 -0.0616833 0 -4.5 -0.097455 0.697231 -0.710191
39.7385 9.694 320.101 -0.568544 0 -3.5 0.97614 -0.00172888 0.217134
41.752 0.973 324.478 0.728275 0 -0.4 0.551655 0.776804 0.30373
32.561 10.124 314.047 -0.341376 0 -4.5 -0.061903 0.864957 -0.498014
1.395 -12.521 365.879 0.132158 0.752719 -4.5 -0.440647 0.331876 0.834079
5.69 9.97 338.19 -0.458478 0 -3.2 -0.450608 0.888001 0.0916922
30.6295 16.6162 345.197 0.542708 0.389987 -3.9 -0.401956 0.336835 0.851454
-5.5115 -3.9945 346.827 -0.692606 0 -3.2 -0.549314 -0.212479 -0.80815
44.9815 -22.066 320.736 0.0158243 0 -0.7 0.739913 0.129236 -0.660172
38.033 11.99 342.692 -0.454026 0 -0.9 0.741642 0.498942 0.448358
-1.049 -0.6615 320.473 -0.898646 0 -4.5 -0.830779 0.519083 -0.200897
33.7025 -15.637 331.591 -0.55685 -0.338403 -1.34267 -0.132783 -0.276685 0.951743
34.8445 3.03325 314.62 0.283397 0 -0.7 0.495956 0.172966 -0.850947
32.9618 1.22325 311.296 0.827939 0 -3.9 0.0756548 0.514479 -0.854159
10.893 -20.995 321.747 -0.381428 0 4.2 -0.783657 -0.112786 -0.610869
41.525 6.366 327.055 0.491549 0 -0.9 0.824397 -0.245975 -0.50977
3.395 10.8132 326.141 -1.17925 -0.0837479 -3.5 -0.843025 0.524487 -0.11926
-1.699 -7.57525 339.944 -0.631228 0 -3.5 -0.424607 -0.881255 -0.207602
35.9055 16.42 333.889 -0.694561 -0.636403 -3.5 0.815586 0.57757 -0.0351111
22.9475 12.0848 346.102 0.184906 0.203132 -0.7 -0.208776 0.870232 0.446216
-8.74075 -5.99 333.76 -1.01387 0 -3.5 -0.688318 -0.150711 0.709581
-2.33575 -10.0933 329.651 -0.148844 0 4.5 -0.986378 0.0380234 0.160042
22.3438 15.273 331.987 -0.0679007 0 -1.6 -0.591507 0.739643 0.321011
15.467 -10.4122 353.988 -0.394986 0 -0.7 -0.0737215 -0.937335 -0.340541
32.323 -14.403 333.304 -0.0947743 0 -0.900497 0.397446 -0.786704 0.47237
19.202 -13.8842 321.374 0.126288 0 -3.5 0.345791 -0.307411 -0.886525
12.6606 7.701 331.729 -0.15436 0 -4.5 0.77486 0.54602 -0.318519
38.3945 11.868 339.095 -0.307393 0 -4.44778 0.905898 0.416838 -0.0747973
13.682 -9.902 335.88 -1.19947 -0.911933 -0.8 -0.837666 0.434674 0.330717
21.9614 -20.7666 308.441 0.177558 0 -0.4 -0.496512 -0.85459 -0.152156
28.6914 -18.8581 306.975 0.612686 0 -4.5 0.510672 0.461818 -0.725216
9.70438 -19.8057 331.189 1.80503 0.355079 -0.7 -0.523647 -0.731452 0.436775
5.7905 1.4835 355.404 -0.16953 0 3.8 -0.87276 0.328647 0.360944
10.067 -12.6978 352.945 -0.940345 0 -0.7 0.892156 0.449473 -0.0450741
46.656 4.63287 347.736 0.449993 0 -4.5 0.849172 0.267951 0.455092
20.8559 -5.6935 354.125 -0.0767146 0.522409 -0.7 0.724738 -0.566748 0.391857
-0.322625 2.37937 323.205 -0.0433086 0 4.5 -0.67919 0.733893 0.010127
14.391 -15.1252 359.085 -0.336122 0 -3.5 0.486745 -0.806736 -0.335047
8.17625 10.1173 328.913 -0.296758 0 2.8 0.37829 0.580606 -0.720967
41.662 0.72775 328.415 0.743272 0 -1.3 0.417453 0.551671 -0.722074
4.1005 -0.0515 355.308 0.0663431 0 1.9 -0.0885337 0.739549 0.667255
43.9897 -25.2393 324.333 -0.328709 0 -0.7 0.372316 -0.926363 0.0568446
47.5677 -9.60825 325.231 -0.264643 0 3.39567 0.264154 -0.0244748 -0.96417
28.5299 -11.8521 342.928 1.41805 0 -3.9 0.00515052 -0.284542 0.95865
21.2695 1.90925 321.331 0.0155298 0 -4.5 -0.232604 -0.543762 -0.806361
12.8477 6.52787 331 -0.0529877 0 -4.5 0.881929 0.161466 -0.442866
17.4193 -16.5688 334.288 -0.0167829 -0.702974 -0.873991 -0.639251 -0.366504 0.676042
40.614 1.05862 345.655 -1.00415 0 -4.5 0.182384 -0.43574 0.8814
-2.25288 -11.6845 328.306 -0.105606 0 4.5 -0.899402 -0.243399 0.363087
44.5576 6.64125 339.707 0.254965 0 -4.5 0.742956 -0.382382 -0.549364
-0.224875 10.216 337.364 -0.372238 0 -3.9 0.830313 -0.45052 0.328043
40.3585 6.99225 319.603 0.372411 0 -0.4 0.782793 0.00932106 0.622213
12.868 -20.0469 320.657 -0.244416 0 4.2 -0.0683435 0.532184 -0.843866
25.6591 -26.2875 311.032 0.626346 0.0566545 -1.84639 -0.289019 -0.496281 -0.818641
16.0525 -10.133 356.058 -0.504205 0 -0.7 0.244074 -0.964463 0.101186
6.70675 -8.27875 363.94 -1.62775 0 -4.5 0.471261 0.493361 0.7311
3.10713 11.3118 333.22 -0.842945 -0.055469 -0.8 0.965654 0.259003 -0.0207316
2.88075 -0.71125 357.169 -0.355598 0 -4.2638 -0.066281 0.996275 -0.0551711
26.9603 -24.8109 322.059 0.0509511 0 -3.5 -0.762265 -0.339127 0.551312
22.9328 -22.7584 331.939 -0.0671308 0 4.5 -0.225828 -0.271719 0.935505
8.91075 4.727 323.224 -0.539409 0 -3.5 -0.54404 0.837925 0.0436219
30.586 15.4975 344.736 2.02898 0 -3.9 -0.574827 -0.156147 0.803238
-2.0685 -11.445 329.369 -0.113997 0 4.5 -0.925155 -0.229331 0.302483
19.6085 -18.5745 320.615 -0.229559 -0.326116 -0.877298 -0.435104 -0.895772 0.0909746
13.9847 1.359 360.667 -0.0730541 -0.768926 -1.50867 -0.0419398 0.00139989 0.999119
26.2294 -8.50362 312.435 -1.07165 -0.0924046 -1.6 -0.22209 0.852487 -0.473226
2.0605 -19.1782 322.404 0.0391967 0 -2.12446 -0.337064 -0.358827 -0.87042
20.111 2.131 320.983 -0.648351 0 -4.5 -0.156526 -0.624359 -0.765294
-2.032 8.735 341.859 -0.637885 0 -3.5 0.239315 -0.307977 0.920803
10.3519 5.928 325.495 -1.17118 0 -3.5 -0.878394 0.255347 0.404007
23.2852 11.0461 336.042 0.211853 0 -0.7 -0.68926 -0.59951 -0.406826
8.362 4.28 354.651 -0.375669 0 -0.7 -0.189705 0.887947 0.419001
37.088 8.3155 315.288 0.127602 0 -3.5 -0.199099 -0.394991 -0.896851
-0.4995 0.855625 342.437 -0.402448 0 -4.5 0.251584 0.440128 0.86197
31.71 -25.867 326.461 -0.210034 0 -1.3 -0.888697 -0.0992551 0.447622
-5.49475 4.24825 328.043 0.921475 0 -3.9 -0.194412 0.923456 0.330808
26.9269 -8.67669 340.24 0.0788016 0 -3.9 -0.244162 0.961256 0.127951
26.3538 16.626 337.648 0.0543963 0 -3.5 0.0949592 -0.000255418 -0.995481
9.60462 10.0513 332.359 -0.167725 0 2.1256 0.231248 0.971855 0.0449735
26.0217 7.48313 313.64 -0.049142 0 -0.8 -0.0459305 0.873113 -0.48535
26.8119 -28.076 311.853 0.208477 0 -0.8 0.290561 -0.540924 -0.789288
36.3279 -18.7153 331.941 0.0601217 0 4.5 -0.323813 -0.553393 0.767399
2.26887 -10.9141 335.105 -0.175624 0 4.2 -0.360576 -0.121364 0.9248
-6.541 -5.29887 327.405 0.281071 0 -1.47116 -0.344511 -0.686457 0.640382
32.1371 -1.82525 313.049 1.04041 0 -3.9 -0.697615 -0.685681 -0.207785
37.9347 16.8342 320.742 -1.50482 -0.572597 -3.5 -0.243289 0.964178 0.105696
-4.5675 -4.39425 327.842 0.474922 0.454998 -0.4 0.101507 -0.644853 0.757536
35.0196 7.917 315.367 0.377314 0.0699146 -3.85497 0.521775 -0.461213 -0.717659
52.8322 -8.83125 341.164 0.0328566 0 -4.5 0.859792 -0.00886866 0.510567
41.4782 5.747 318.334 0.789997 0.751447 -4.5 0.466522 -0.496878 0.731758
27.0578 -26.205 330.147 1.22583 0 -3.9 -0.757797 -0.645852 0.0928412
15.9097 2.64587 337.593 0.0402344 0 -0.7 0.695022 0.177771 -0.696665
47.0479 -11.7646 323.882 -0.097494 0 4.2 0.187716 0.385455 -0.903431
6.62087 -21.8259 327.649 0.408197 0.0644494 2.9995 -0.150434 -0.677569 0.71991
39.7339 4.87113 323.456 2.6743 0 -3.9 0.352492 0.907947 -0.226674
42.6057 -12.4438 317.675 -0.101018 0 -0.7 0.393456 0.768417 -0.504706
27.086 12.432 322.624 -0.282943 0 -1.6 0.00482892 0.79717 -0.603736
32.082 -32.1086 317.243 0.0213696 0 -3.5 -0.125221 -0.77843 0.615115
34.942 -6.393 346.797 0.0372157 0 -4.5 0.110995 0.00418257 0.993812
23.7885 14.1635 338.775 0.071747 0 -3.5 -0.916886 0.397695 -0.0340371
16.6774 1.00244 328.083 -0.236815 0 -0.8 0.187615 0.841193 0.507144
12.3381 0.054875 362.435 -0.284821 0 -0.7 0.78898 0.346081 0.50768
7.44875 -20.5385 357.882 -0.756977 -0.647393 -3.5 0.0469353 0.203885 0.977869
-10.2362 4.54887 333.333 0.329881 0 -0.7 -0.751204 0.435909 -0.495658
41.0592 9.2855 338.548 0.87633 0 -4.5 0.581066 0.718006 -0.383184
40.1445 2.3895 316.998 0.591681 0 -4.5 0.862037 -0.498602 0.0910345
49.6076 -4.5395 336.658 0.329734 0 -4.5 0.367905 0.8949 -0.252588
22.7825 -2.97175 322.223 -0.758792 0 4.5 -0.850704 0.489941 -0.190425
3.95662 8.84863 332.026 -0.693177 0 -3.5 0.328706 0.809865 -0.485872
31.4471 -1.33356 341.286 -0.86213 0 -0.8 -0.384604 -0.308565 0.869981
1.51213 -16.5141 321.421 0.190275 0 -1.6 -0.458577 -0.227047 -0.85916
16.0065 -10.1473 340.88 -0.35475 0 -3.5 0.340123 -0.835976 0.430652
33.2556 6.01587 347.731 -1.74938 -0.951728 -0.4 0.135222 0.937687 0.320091
14.0534 9.43456 335.286 -0.26293 0 -3.5 0.0523277 0.873248 -0.484459
30.2847 -11.0335 339.605 1.22456 0.810997 -3.9 0.855551 -0.212082 -0.472285
27.7096 -9.73713 336.424 -0.0460802 0 -3.9 0.184443 0.948891 -0.256099
48.7345 -24.0562 325.615 -0.0745163 0 -3.2 0.628846 -0.622958 -0.46527
13.084 -16.8143 361.922 -0.905351 0 -3.5 0.795438 -0.456069 -0.399098
19.5314 -5.79488 323.44 -0.34593 0 3.8 -0.6967 0.202631 -0.68815
3.59262 5.598 319.748 -0.0219294 0 -3.9 -0.485665 0.405551 -0.774376
30.7935 -20.5145 334.414 -1.02535 0 -3.5 -0.494716 -0.825819 0.270699
27.4198 -17.1475 310.01 0.238746 0 -4.5 0.789963 0.132716 0.59862
14.182 1.81175 329.539 -0.236768 0 3.23695 0.809591 0.549312 0.206927
15.8235 -8.98075 358.329 -0.519594 0.416104 -0.7 0.860125 0.0384645 0.50863
40.1768 -13.8343 339.368 0.501091 0 -3.9 -0.939175 -0.0916078 0.330996
45.1437 5.8365 346.952 0.657203 0 -4.5 0.153268 0.959771 0.235264
28.7362 -6.75413 316.104 0.30478 0 2.8 0.287376 -0.151921 -0.945693
40.0732 5.91875 319.484 0.564672 0 -0.4 0.835863 -0.338562 0.432098
0.051375 -13.8351 328.358 0.0882497 0 4.5 -0.630545 -0.752108 -0.191693
23.4787 7.04569 353.186 -1.90571 -0.549289 -3.5 0.473361 0.811928 0.341616
-6.51337 -13.4879 348.729 -0.0240872 0 3.56495 0.0578218 -0.27461 -0.959816
50.8708 -2.72525 322.628 0.000936794 0 2.8 0.940911 -0.0467843 -0.335407
49.1382 -4.2755 320.917 0.00210358 0 2.8 0.465417 -0.383127 -0.797873
29.6673 9.75075 314.932 0.678534 0 -4.5 -0.539056 0.842024 -0.0203702
26.3507 4.07975 349.701 -1.17334 0 -3.5 0.631638 -0.771092 0.0803213
39.1691 12.2406 332.661 0.701415 0 -4.5 0.866163 0.400298 0.299205
7.21 -7.344 338.072 -0.18156 0 -3.5 -0.807131 -0.0962758 0.582469
24.2585 -15.3343 307.089 -0.313053 0 -0.4 -0.530522 0.133131 -0.837152
21.541 9.847 338.434 -0.0973315 0 -4.5 -0.39872 0.201427 -0.894678
27.079 -5.347 313.847 -0.17841 0 -0.8 0.696634 -0.337348 -0.633165
21.8587 6.59775 324.283 0.252082 -0.185697 -3.29436 -0.496013 0.789567 -0.361323
27.368 11.388 321.902 0.0269758 0 -1.6 0.142444 0.574589 -0.805951
47.1847 -17.5303 338.974 0.60737 0.0832216 -0.8 0.753155 -0.350416 0.556746
20.3834 10.2359 356.24 0.286324 0 -1.6 -0.210078 0.922385 -0.324151
-0.51475 -17.1335 359.077 -0.038355 0 -1.6 0.668801 -0.739163 -0.0796449
16.0478 -7.1965 323.892 -0.579981 0 3.8 0.351155 0.0244484 -0.935998
28.2555 16.499 326.169 0.140472 0 -3.5 -0.656649 0.74879 -0.0901421
34.289 15.5112 316.468 -0.066103 0 -1.6 -0.197716 0.166747 -0.965973
-7.2415 -7.18 324.898 -0.443274 0 -0.4 -0.790437 -0.605665 -0.0915351
34.5565 -26.3445 314.262 -0.0613992 0 -0.4 -0.18979 -0.431624 -0.881862
31.5343 -11.4132 337.161 0.100962 0.786486 -3.5 -0.129937 0.278092 0.951725
21.1765 -9.7905 314.874 0.599243 0 -4.5 0.0295881 0.442604 -0.896229
22.465 12.486 339.162 -0.220918 0 -0.7 -0.866045 0.499941 0.0049813
52.1876 -11.0689 340.419 0.479465 0 -4.5 0.716433 -0.501956 0.484525
7.33763 -5.54 339.076 -0.573752 -0.0882373 -3.5 -0.891571 -0.4339 0.129734
45.352 -1.858 342.418 -0.113782 0 2.8 0.933812 0.219459 0.282546
-3.8335 3.96863 342.03 0.619168 0 -4.5 -0.305968 0.32559 0.894637
21.3815 -2.3685 334.384 -0.954914 0 -1.3 -0.302526 0.637093 0.708937
-0.064625 -18.5744 325.583 -0.0909103 0 -3.5 -0.857903 0.504744 -0.0961015
19.0495 -4.1145 320.211 -0.241373 0 -4.5 0.0245084 -0.13152 0.991011
21.805 -8.50675 318.742 0.466271 0 -4.5 -0.342642 -0.466162 0.815653
19.489 5.79325 336.513 -0.152219 0 -0.4 0.962515 -0.175424 -0.20686
25.3846 -22.3971 325.823 -0.698431 0 -3.5 0.0310733 -0.990572 0.133424
-0.907375 -19.8498 326.645 -0.111991 0 -3.5 -0.956478 0.143245 0.254226
-1.7345 -9.93675 332.18 -0.151357 0 3.85464 -0.737625 -0.601582 -0.306608
11.8285 3.2225 358.863 -0.116936 0 3.8 -0.729495 0.461118 0.50518
27.4471 -0.700375 335.287 -0.0888856 0 -1.3 -0.316325 -0.820444 0.476246
22.3857 -2.72075 320.27 -1.51894 0 -3.5 -0.556013 0.228246 0.79922
23.5422 9.65537 351.184 -0.35369 0 -0.7 0.376347 0.0995143 0.921119
24.7192 -25.5138 310.916 0.795129 0 1.8 -0.23258 -0.527405 -0.81716
-0.5665 10.8593 339.499 -1.1559 0 -3.5 0.961394 -0.25534 -0.10258
20.3792 -17.7825 320.691 -0.210239 -0.0954227 -1.43012 0.896267 0.0791908 0.436388
-9.37062 -13.8617 358.237 -0.33544 0.0807585 -1.40436 -0.859845 0.266527 0.435464
44.023 7.735 342.436 -0.148843 0 -4.5 0.551743 0.654308 0.517166
27.007 -28.737 315.339 0.54928 0 -0.8 -0.117767 -0.906642 0.40513
21.5485 8.163 353.077 -0.420438 0 -0.4 0.741712 0.656666 0.136576
32.655 -2.59975 341.167 -1.10064 0 -2.26343 -0.633833 -0.403769 0.659717
40.8385 3.501 316.192 0.896029 0 -4.5 0.80366 -0.549993 0.227239
53.7393 -16.513 327.259 -0.645896 0 -1.64664 0.714898 -0.597706 0.362862
4.64425 -16.9193 350.982 -0.559974 0 -3.5 -0.5676 0.0827215 -0.819138
18.9971 -19.779 312.343 -0.0339618 0 -1.6 -0.937472 0.128321 -0.323544
17.3132 7.85325 338.248 0.236729 0 -0.4 0.219616 0.946546 0.236261
-0.592375 2.183 363.146 -0.856287 0 -3.5 -0.180119 0.855675 0.485157
5.526 9.22863 324.885 -1.00965 0.166347 -3.57799 0.79734 0.176978 -0.576998
45.2673 -3.12675 342.712 -0.244093 0 2.8 0.812834 -0.150081 0.562829
23.8902 11.7268 348.682 -0.366247 0 -0.7 0.469649 0.870682 0.146089
37.6971 8.55812 325.178 0.0417191 0 -1.3 0.854263 -0.354628 -0.380097
36.4636 -15.2775 336.045 -0.136784 0 1.8 -0.362463 -0.110831 0.925385
18.2014 -7.01388 317.19 0.0200523 0 -4.5 -0.845453 -0.245385 -0.474338
49.0407 -11.3095 335.191 -0.147736 0 -4.5 0.851395 0.410619 -0.326373
26.825 -22.4293 312.909 0.22511 0 -3.5 -0.203164 0.805573 0.556576
11.6777 1.31187 321.605 -0.577475 0 -3.5 0.502672 -0.00468611 -0.864465
44.568 -19.5431 342.91 2.17503 0.106883 -3.9 0.544896 -0.515891 0.661018
18.2698 -19.0243 333.677 0.963887 0 -4.5 -0.053566 -0.596011 0.801188
18.0952 -13.845 319.813 -0.124526 0 -3.5 0.933192 0.00621148 -0.359323
18.527 1.81325 337.59 -0.570462 0 2.8 -0.15846 0.460493 -0.873405
31.4399 -18.8926 314.619 0.114171 0 3.13898 -0.899252 0.191393 -0.393337
-4.8155 -4.93894 346.822 -1.14879 0 -3.2 -0.42077 -0.289126 -0.85986
29.774 -20.568 313.664 0.773079 0.730897 -4.5 -0.635897 0.742364 0.211022
6.78662 2.192 343.689 -0.302571 0 3.8 -0.684529 -0.0602839 -0.726488
52.2477 -13.5658 330.065 -0.0866516 0 -3.2 -0.412678 -0.366497 0.833892
47.2043 -16.2309 331.888 0.0117692 0 -0.9 0.909523 0.113149 0.399958
1.4125 -10.9515 349.29 -0.488561 0 -0.7 0.41383 -0.6724 -0.613696
2.69187 4.61062 324.948 0.167056 0 -0.7 -0.953558 0.194918 -0.22964
30.2255 -21.1378 316.326 0.0873342 0 -4.5 -0.7563 0.65396 -0.0186016
40.8781 -19.3393 338.763 0.261576 -0.476047 -0.7 -0.0577584 -0.790399 0.609864
41.305 -14.784 316.314 -0.38528 0 -0.7 0.365215 -0.238183 -0.899937
1.8805 -6.56612 339.647 -1.12356 0 1.9 0.163869 -0.601116 -0.782181
43.0327 6.10075 345.749 0.15448 0 -4.5 0.299938 0.951645 0.0664028
20.843 6.1135 322.72 0.181363 0.170034 -4.5 -0.0342081 0.999357 0.0107179
0.49075 -16.6661 326.591 -1.65163 -0.355917 -1.6 -0.996734 0.0161268 0.0791233
38.5059 -25.5072 322.143 -0.486108 -0.182505 -0.410531 0.616305 -0.754079 -0.227011
-0.32625 -16.1857 353.387 -0.720465 0 4.2 0.276515 -0.957819 0.0782422
48.2308 -14.6093 322.781 -0.0704525 0 1.8 -0.372783 0.0881018 -0.923726
38.7015 -27.747 330.024 -0.0885815 0 -2.84012 0.487625 -0.460693 0.741609
6.68169 10.4114 338.124 -0.633883 0 -3.2 -0.447605 0.877501 0.172167
-4.498 -8.053 324.385 -0.465555 -0.630956 -0.4 -0.150055 -0.98849 0.0192471
44.4328 -23.5805 319.86 -0.0514994 0 -0.7 0.526173 -0.173121 -0.832569
-10.4111 -0.283625 328.045 0.0678005 0.0104489 -3.5 -0.991554 -0.129693 0.000574483
21.5785 0.7845 337.142 -0.719254 0 2.8 -0.0658972 -0.915552 -0.396764
7.4745 -8.443 341.921 -0.659058 0 4.03853 -0.532357 -0.329272 -0.779857
4.19825 9.0425 338.237 0.014783 0 -3.2 -0.595136 0.803613 0.00446854
5.9415 -0.429375 319.903 -1.25258 0 -3.5 0.766508 -0.586374 -0.261976
24.2461 1.40287 346.323 -0.528156 0 -1.6 0.874727 -0.379544 0.301328
8.27962 -6.89288 322.132 -0.904424 0 4.2 0.398056 0.513221 -0.760366
26.8881 12.6322 343.839 0.00850295 0 -3.62893 -0.208869 0.892955 0.398754
51.2435 -12.45 338.008 0.523419 0 -4.5 0.874478 -0.373621 -0.309348
5.76038 2.35 357.632 -0.252249 0 3.8 -0.933666 0.315229 0.169996
54.4707 -11.2767 330.745 -0.462402 0 -3.44262 0.757964 -0.0338679 0.651417
21.2778 -20.171 325.759 -0.322465 0.217699 -2.11231 0.557546 -0.355307 -0.750266
9.93662 -17.2371 331.996 -0.0162728 0 -0.7 -0.500205 -0.244979 0.83053
32.2497 16.2798 333.862 -0.0693641 0 -3.5 -0.588329 0.800452 0.114651
32.6427 -10.5957 309.216 0.126434 0 -4.5 -0.27858 -0.12517 -0.952222
52.982 -5.994 331.042 -0.320249 0 -3.5 0.221309 0.968118 -0.117344
45.7048 -15.2861 340.56 -0.986991 0 -3.5 0.0502824 -0.575068 0.816559
48.4441 -23.7827 330.159 -0.168884 0 -3.2 0.532272 -0.281014 0.798572
2.92188 -16.8731 321.182 0.371555 0 -1.6 -0.132831 -0.202086 -0.970318
6.20875 8.09275 325.668 -0.25257 0 -3.5 0.881114 -0.000683107 -0.472903
6.25431 6.64913 343.475 0.391292 0 -1.6 0.782601 0.350961 0.514162
8.34212 -20.379 323.159 -1.34179 -0.196716 3.8 0.00662704 -0.183248 -0.983044
18.4743 4.03713 324.172 -0.26587 0.0402658 -4.5 -0.871027 -0.375019 -0.317289
6.2425 -6.5485 320.223 -2.51427 -0.817448 -3.5 0.525767 0.0892567 -0.845933
1.43725 -9.6685 347.872 -0.34952 0 -0.7 0.050807 -0.872832 -0.485368
-3.6075 -7.60225 321.79 -0.910375 -0.706568 -0.4 -0.210009 -0.580168 -0.786957
45.6691 -0.17 330.96 0.512516 0 -1.3 0.843559 0.0634808 -0.533271
36.3008 17.2426 320.669 -0.271131 0 -1.42892 0.410243 0.904302 0.118067
28.2094 -8.7495 339.702 0.153913 0 -3.9 0.296184 0.9541 0.0443659
40.4299 15.168 322.582 -1.15899 0 -3.5 0.397427 0.0444177 0.916558
42.4954 -27.8541 327.769 -0.0359232 0 -3.5 0.294025 -0.889138 -0.35069
-8.65625 -12.8442 355.957 -0.628801 0 -3.2 -0.214691 0.96155 -0.17126
37.3795 -1.381 315.289 0.726623 0 -3.9 0.750747 -0.0414084 -0.659291
-3.4545 -1.38437 340.568 0.421251 0 -4.5 -0.949748 -0.304898 0.0708278
5.03562 8.64925 329.884 -0.81314 0 -3.5 -0.369218 0.852987 0.368905
14.145 -2.38825 319.58 -0.645924 0.199314 -3.2 -0.481905 -0.0989897 -0.870614
43.2509 -4.60488 320.168 1.07568 0 4.2 0.0740694 0.331867 -0.940414
43.6866 -2.07538 328.342 0.467518 0 2.19092 0.755101 0.33886 -0.561246
15.2002 -22.98 322.043 0.0285034 0 -0.107734 0.461163 -0.377085 -0.803203
44.3344 2.6385 350.801 0.516712 0.0687855 -4.5 -0.588584 0.207017 0.781481
38.962 6.6955 321.522 0.426369 0 -0.4 0.532794 0.0921358 0.841214
44.318 -15.6359 320.626 0.162822 0 -3.44586 0.581913 0.806608 -0.10373
23.1803 -26.4748 326.134 1.63776 0 1.8 0.420969 -0.712304 0.561612
-9.06787 -12.6322 354.774 -1.01476 0 -3.5 0.0574222 0.878032 0.475146
30.732 -11.552 342.439 2.23731 0 -3.9 0.842054 -0.044958 0.537516
-0.189187 -0.184062 316.513 -0.818066 -0.0945336 -3.5 -0.736943 -0.67316 -0.0614107
20.3635 -5.654 348.458 -1.19273 0 2.69198 0.0996659 -0.993558 0.0539433
8.39825 -10.4326 367.607 -0.194536 0 -3.5 -0.134126 0.54478 0.827783
45.5457 -23.1145 320.916 -0.0758604 0 -0.7 0.918735 0.0778595 -0.387123
-11.3085 3.813 338.948 -0.299582 0 -3.5 -0.180076 0.0341045 0.983061
14.2727 -18.899 352.77 -0.155562 0 -0.7 0.419826 -0.906267 0.0492603
-11.49 3.21 331.378 -0.109154 0 -3.9 -0.170039 0.808583 -0.563276
39.3419 -4.52537 316.048 0.353536 0 1.8 0.60053 -0.412531 -0.684969
7.917 -16.3428 349.19 -1.22638 -0.239423 -0.7 -0.278702 -0.829176 -0.484554
29.316 13.9185 344.07 -0.00457763 0 -3.68751 -0.259196 0.502589 0.824756
25.7979 -8.65362 308.25 -0.310273 0 -3.5 -0.740782 0.535775 -0.405199
20.227 -1.671 323.281 -0.758028 0 -3.5 0.0936299 -0.205619 -0.974143
48.981 -14.4795 339.872 -1.64113 -0.0822522 -3.79638 0.726995 -0.571823 0.380126
-0.30025 -21.2001 326.025 0.0195662 -0.0544294 -3.5 -0.954919 -0.265108 -0.133596
46.0107 2.45012 332.882 0.0948768 -0.604589 -0.7 0.941019 0.338338 0.00312671
21.4907 -5.98191 335.119 -0.228848 0 -1.3 0.184973 0.118306 0.975596
48.6073 -6.3855 323.137 -0.0125418 0.434718 -3.5 -0.258086 -0.557766 -0.788853
12.221 -10.452 354.667 0.237857 0.320087 -0.879332 0.265031 -0.560018 -0.784945
16.1151 -8.17988 352.255 -0.500159 0 2.6373 0.385154 -0.692376 -0.610141
29.3816 -20.487 311.141 0.23945 0 -4.5 -0.327448 0.890053 0.31715
38.0455 -28.7302 329.749 0.241893 0 1.9 0.330811 -0.330242 0.884027
-2.70487 -3.94038 345.533 -1.8951 0 -3.2434 -0.706564 -0.407485 -0.578553
0.76275 -15.7379 366.89 0.0949321 0 -4.5 -0.32968 -0.316377 0.889504
-6.714 2.34725 324.681 2.55894 0.0759175 -3.9 -0.642478 -0.3222 -0.695277
15.6966 -0.97825 331.375 0.0600793 0 3.8 0.902214 0.30504 0.304896
29.2459 1.25538 310.688 0.267152 0 -3.5 0.567389 0.116415 -0.815179
50.8195 -13.2084 338.728 0.592536 0 -4.5 0.707314 -0.696458 0.12105
36.9945 16.6789 321.553 -0.573159 0 -0.4 0.27875 0.957094 0.0791777
16.5185 -8.825 346.637 1.16534 0 3.8 0.588023 -0.28592 -0.756624
-0.231125 9.6635 341.528 -0.829907 -0.148171 -3.5 0.866638 -0.0403158 0.497306
11.797 -1.14 321.702 -0.435063 0 -3.2 -0.65884 -0.0477623 -0.750765
-6.851 -5.79362 350.396 -0.034138 0.048859 1.52538 -0.811764 0.53917 -0.224354
39.8721 2.12675 347.143 -0.215847 -0.461969 -2.34185 0.506928 -0.828781 0.236954
37.6275 -9.82 344.868 -0.0394661 0.639073 -4.25081 -0.0371724 -0.909256 0.414574
28.1445 9.84475 321.251 0.275145 0 -1.6 0.0715539 0.548838 -0.83286
50.2125 -14.1943 338.038 -0.0152018 0 -4.5 0.568141 -0.818886 0.081491
32.5983 5.986 349.546 0.150806 0 -0.4 0.162824 0.984462 0.0657469
49.7495 -12.962 341.117 0.149242 0 -4.5 0.192839 -0.573356 0.796289
-10.2335 -17.4125 357.013 -0.1787 0 -3.2 -0.922428 -0.363293 0.130942
45.7159 -18.5318 337.592 0.149069 0 -0.8 0.0327132 -0.988476 0.147804
47.222 -7.9775 324.686 -1.05168 -0.54413 -3.5 -0.214831 -0.573132 -0.790801
5.9455 -17.3459 322.124 -0.425798 0 -3.5 -0.110245 -0.906987 -0.406474
-3.07238 -2.88738 335.537 -0.438803 0 -0.9 -0.983697 0.134617 0.119238
43.7567 -13.2854 321.956 -0.227179 0 1.6932 0.886993 -0.21732 -0.40745
24.549 -21.3029 309.63 0.151248 0.111823 -3.19603 -0.33682 -0.5912 -0.732827
7.8345 6.7585 328.476 -0.312297 0 2.8 0.247749 -0.174574 -0.952966
4.0415 -0.81325 363.314 0.171734 0 -4.5 0.426767 0.882773 0.196424
19.6192 2.41975 337.677 -0.461656 0 2.8 -0.0170124 0.541009 -0.840845
28.8221 -24.9796 327.746 0.64087 0 -3.9 0.168688 -0.195781 -0.96603
32.293 18.6505 330.234 -0.578469 0 -3.5 -0.12165 0.980729 0.15288
34.79 -22.031 314.05 -0.916796 0 -0.4 0.369424 -0.398876 -0.8393
29.366 -2.5995 315.498 0.40649 0 2.8 0.343783 -0.382233 -0.857736
2.71731 3.357 348.474 -0.871402 0 -3.2 -0.528943 0.816286 -0.232157
23.491 6.36275 316.413 -0.898811 0 -3.26675 -0.925749 0.0368972 -0.376335
50.8209 -6.85875 342.238 0.494255 0 -4.5 0.0491168 0.498771 0.865341
-11.2102 -12.118 355.599 -1.38395 -0.408378 -3.5 -0.30434 0.936541 0.17398
21.5042 -25.25 328.388 0.11301 -0.0240054 2.07522 0.0911882 -0.919404 0.382598
4.35725 11.4192 328.354 -1.41729 -0.00444123 -3.5 -0.358142 0.550038 0.754448
25.4692 13.8737 336.175 0.308308 0 -0.7 0.128839 0.889884 -0.437615
4.50025 -10.6388 342.666 -0.662039 -0.801803 -3.14359 -0.225432 -0.511143 -0.829405
10.6755 -15.0927 322.612 -0.832552 0 -3.2 0.276068 -0.0530759 -0.959672
33.622 -8.3685 311.954 0.0517164 0 -4.5 -0.580066 0.808672 0.0978365
35.1789 -2.14037 346.011 -0.266478 0 3.8 -0.970248 -0.241078 -0.0223735
40.8269 4.08725 322.127 1.08258 0 -3.9 0.470418 0.801808 -0.368524
43.686 8.2595 339.031 1.02073 0.782268 -4.5 0.536165 0.733865 -0.417096
17.7756 1.77612 361.068 -1.09906 -0.61318 -1.6 -0.012197 -0.224079 0.974495
0.1215 7.4455 337.605 -0.18553 0.742054 -3.5 0.439581 0.897699 0.0300826
24.1327 -20.3905 312.186 -0.128212 0 -2.15331 0.898979 0.331243 0.286556
2.633 -11.0393 320.914 0.415892 0.880973 -4.5 0.346756 -0.712721 -0.609745
-1.90538 1.32175 359.925 -1.12096 0 -3.5 -0.0343151 0.886127 -0.462169
42.0154 -5.79838 341.879 -0.271654 0 -0.640157 0.527104 -0.786072 0.322881
-3.59975 8.0765 329.448 -0.288177 0 -0.7 -0.386842 -0.0454165 -0.921027
15.272 -9.2795 343.421 -0.0908713 0 -3.5 0.725594 -0.545019 0.420081
30.1724 -23.4937 323.646 -0.359981 0 -1.3 -0.614033 -0.599188 0.513749
15.2959 0.473 331.252 -0.124566 0 3.8 0.92014 0.381933 0.086429
7.66875 10.317 339.78 0.301855 0.00459848 -3.2 -0.0414587 0.808487 0.587052
25.0907 -3.38225 348.836 -0.44173 0 -3.5 0.909411 0.0317797 0.414682
20.6567 -11.522 313.588 0.196048 0 -4.5 0.252204 0.731123 -0.633918
10.9228 -9.89237 349.796 -0.420604 0 1.8 0.208022 -0.604054 0.769315
-6.472 -17.5645 355.103 -0.398233 0 -3.2 -0.0412744 -0.998743 -0.0284491
40.2069 -4.88525 346.234 -0.549123 -0.149891 3.8 0.306091 -0.828036 0.46975
43.8656 2.12812 329.009 0.544376 0 -0.756861 0.331202 0.0632636 -0.941437
45.5615 -22.049 322.771 -0.864389 0 -0.7 0.931465 -0.049166 -0.360493
20.117 -0.442 313.321 -1.12513 0 -3.5 -0.936049 0.330909 -0.11963
24.7908 10.2 347.921 -0.609218 0 -0.7 0.819839 0.355669 0.448736
37.1306 2.17987 349.867 0.509639 0.79341 -0.8 0.321872 -0.649155 0.6892
40.5465 5.99288 326.387 0.475621 0 -0.9 0.578349 0.103467 -0.809202
33.0959 16.9889 319.024 0.22386 0 -1.6 -0.742534 0.66952 -0.0196451
29.6227 -15.868 334.907 -0.354919 0.0696586 -0.9 0.169117 0.00834312 0.985561
19.688 8.679 339.066 -0.282824 0 -4.5 -0.448228 0.614641 -0.649083
36.8993 15.6987 327.802 0.329309 0.393824 -4.5 0.135405 0.917844 -0.373132
40.6065 -2.1595 317.093 0.110852 0 1.8 0.892732 0.436426 -0.112079
27.2122 18.2805 342.268 -2.04498 -0.373347 -3.5 0.104091 0.188081 0.976622
38.2404 -1.72025 315.797 0.609008 0 1.8 0.346333 0.201814 -0.916147
17.5583 -1.754 359.53 -0.147987 0 -1.6 -0.166818 -0.785636 0.595775
34.126 8.7875 346.24 0.172339 0.787236 -0.9 -0.375124 0.446771 0.812206
-3.6025 -0.8115 341.439 0.0582913 0 -4.5 -0.846984 -0.422252 0.322989
37.97 1.27775 315.443 0.0492503 0 -4.5 0.485728 -0.303504 -0.819728
12.621 7.73912 349.632 -0.251283 0 -1.6 0.41974 0.752733 0.50716
29.441 15.9996 344.295 -0.0433803 0 -3.9 -0.656821 -0.172466 0.734059
-5.55963 1.59162 324.995 1.65184 0 -3.9 -0.362971 -0.480537 -0.798333
46.971 -7.278 339.08 -0.632758 0 -4.5 -0.308603 0.103992 0.945489
44.919 0.689 342.235 0.154839 0 2.8 0.942877 0.302723 0.139076
5.5205 -13.7485 344.679 -1.38234 0 -3.5 -0.455904 -0.878209 -0.144571
8.3525 -16.1476 333.431 0.493873 0.394461 -3.35746 0.598068 -0.523017 0.607263
22.1798 1.02525 331.265 -0.357304 -0.104191 -1.6057 -0.912493 0.369154 0.176301
25.8088 -22.4393 312.969 0.0936956 0 -3.5 0.383298 0.782722 0.490336
20.8315 -0.05575 352.988 0.146872 0 -3.2 0.904887 -0.421125 -0.0619194
4.5185 -17.7035 355.168 -0.699025 0 -3.5 -0.443087 -0.158824 0.882297
2.24813 4.01062 320.324 0.23261 0 -3.9 -0.902086 0.23187 -0.363973
12.4355 6.429 322.104 -1.53832 0 -3.5 0.164198 0.622255 -0.7654
11.056 -9.113 339.653 0.250056 0 -3.5 -0.216708 -0.96478 -0.14912
-2.95788 -2.34637 350.157 -0.374169 0.468207 -2.79116 -0.36943 0.929004 -0.0217522
13.1155 -9.4025 350.263 -0.327477 0 3.8 -0.0612803 -0.757321 0.650161
5.50975 6.8755 344.556 0.0183701 0 -1.6 0.660998 0.232597 0.713429
40.627 -0.174 320.576 0.0995244 0 -3.9 0.174617 -0.913269 -0.368033
-11.4305 -16.0917 351.366 0.065073 0 -3.5 -0.546074 -0.335071 -0.767809
24.5505 -18.729 311.114 0.803722 0.854579 -4.5 0.75201 -0.195102 0.629617
15.7705 5.3735 359.527 -0.613398 0 3.3988 -0.137011 0.684433 0.716086
22.0245 -6.918 314.605 -0.736809 -0.367843 -4.06689 -0.195265 -0.447253 -0.872832
38.0802 13.6073 333.879 -0.00620971 0 -4.5 0.566527 0.726556 0.388798
21.978 10.7495 350.434 -0.424241 0 -0.7 -0.395565 0.594818 0.6998
47.3753 -16.5292 333.767 -0.0597736 0 -0.8 0.799661 -0.392045 -0.4548
49.2789 -13.044 329.754 0.813337 0.618824 1.0739 0.306231 -0.698884 0.646362
1.4975 -13.9501 349.57 -0.494272 0 4.2 0.463286 -0.0841614 -0.882203
20.5928 3.106 355.274 -0.539612 0.257047 -3.2 0.298387 -0.499426 0.81335
-5.1375 -4.5015 336.192 2.80871 0.0296923 -3.9 -0.221048 0.962464 0.157481
18.2132 -22.0688 324.521 0.166375 0 -3.5 0.671888 -0.0886554 -0.735328
32.843 11.674 318.437 0.225229 0 -0.9 -0.550302 0.646763 -0.528077
28.6646 10.5813 321.794 -0.219013 0 -1.48327 -0.0699776 0.506251 -0.859542
25.6825 -11.1517 307.315 -0.140074 0 -3.5 -0.522368 -0.0581593 -0.850735
21.825 1.8865 311.414 -0.432015 0 1.8 -0.590347 -0.551941 -0.588942
1.52325 -9.569 346.779 0.0462157 0 -4.5 -0.124599 -0.988344 -0.0874724
-1.272 9.77125 342.179 -1.26563 -0.0105492 -3.5 0.421523 -0.359658 0.832445
28.2167 -21.575 316.578 -0.0485423 0 -3.2 0.379498 0.837596 -0.392957
-0.417875 -8.17925 336.943 -1.7031 0 -3.9 -0.0669347 -0.658411 0.749676
-8.24775 -3.46325 328.246 -0.657665 0 -3.5 -0.749796 -0.604282 0.269536
4.90175 -11.9296 343.418 -2.28381 -0.580715 -3.5 -0.698591 -0.391712 -0.598776
35.4246 16.0336 336.157 -0.51263 0 -3.5 0.569582 0.774178 0.276088
21.3375 0.58875 317.663 -0.671506 0 1.8 -0.893449 0.260739 0.365737
22.2925 -19.5035 306.478 0.0399676 0 -0.4 -0.31623 -0.299598 -0.900133
26.6775 -15.1445 306.379 -1.45669 0 -4.5 0.177683 0.384528 -0.905851
49.2223 -14.6705 337.447 -0.0600152 0 -4.5 0.632067 -0.753962 0.178979
32.5011 -23.9379 310.516 0.165848 0 -4.5 0.853911 -0.518246 0.0475036
13.9579 -8.34163 323.624 -0.861391 -0.130447 -0.087761 0.64446 0.208388 -0.735694
39.2445 -18.0425 337.938 0.456078 0.128207 -0.7 -0.664602 0.573245 0.479264
30.7062 -20.4005 327.217 0.172797 0 -1.83426 0.465803 -0.835109 0.29261
-2.37188 -9.31125 324.205 0.375745 0.713702 -2.36501 -0.784356 -0.586677 0.201484
30.581 -12.4795 336.026 -0.142832 0 -3.5 -0.00909596 -0.765782 0.643035
35.6765 16.0805 337.323 -0.365096 0 -3.5 0.380668 0.902639 -0.200836
31.529 -2.349 340.588 -0.213966 0 -0.8 -0.324355 -0.582489 0.745319
31.2647 -26.2638 314.705 -0.774276 -0.955852 -3.50723 0.701733 -0.298051 -0.647098
51.2812 -5.40525 325.896 0.347854 0.227176 -3.5 0.969584 0.230062 0.0835366
16.4128 -6.95437 349.695 1.16837 0.538062 0.94031 0.258716 -0.965034 0.0421349
3.20213 -23.2741 327.872 -0.172172 -0.628525 -0.8 0.0881106 -0.659328 0.746675
39.6131 9.02363 343.42 0.0512858 0 -0.9 0.638185 0.679677 0.361607
17.8 10.636 346.522 -1.58207 0 -3.5 -0.653168 0.65195 0.385138
50.2395 -5.39375 330.512 -0.191201 -0.166591 -3.5 0.811963 0.54947 -0.196974
8.50138 -0.49725 362.15 -0.339963 0 -0.7 -0.698309 0.248254 0.671368
39.6278 -24.9357 318.371 -0.174943 0 -1.3 0.225802 -0.453878 -0.861979
9.99113 -16.0374 365.471 -1.54088 -0.43243 -3.5 -0.320565 0.0482256 0.945998
39.215 0.607125 316.918 -0.30874 0 -4.5 0.967726 -0.156964 -0.19715
24.5535 1.16775 344.708 -0.580599 0 -1.6 0.785775 -0.617997 0.0252315
24.5952 -3.15412 331.969 -0.787162 0 -1.3 0.0680667 -0.182085 0.980924
19.7251 -7.532 319.012 0.159653 0 -4.5 -0.169118 -0.738507 0.652692
37.7435 -19.9115 334.307 -0.429152 0 -0.7 -0.993419 0.106724 0.0415778
40.8742 -3.14 348.004 -0.211987 0 3.8 0.843855 0.148115 0.515723
15.0892 4.4565 326.076 -0.920337 -0.810809 -1.3 0.149864 0.261779 -0.953422
53.148 -15.9789 328.644 -0.753421 -0.378099 -3.41708 0.449687 -0.722121 0.525664
-9.0805 -14.6661 359.351 -0.260975 0.0194576 -2.7476 -0.903999 0.291044 0.313175
42.1119 -18.8169 318.008 1.3842 0.0117901 -3.9 -0.209065 -0.193125 -0.958642
22.0885 3.8865 359.689 0.351696 0.651078 -3.9 0.903916 -0.42624 0.0354412
6.54862 0.11325 360.361 0.355332 0 -4.5 -0.0250941 0.685168 0.727953
20.4062 6.53613 320.1 0.0195101 0 -4.5 -0.32372 0.758699 -0.565316
-3.4325 -6.55188 361.272 -0.965773 -0.19214 -3.5 -0.957149 0.277563 0.0826144
10.1764 -2.17281 363.447 -0.027847 0.178949 -0.7 -0.329456 -0.308078 0.892495
2.3095 8.589 336.621 -0.305889 0 -3.5 -0.287095 0.606231 0.74166
21.09 8.5435 329.149 -1.06025 -0.0230761 -4.5 -0.959271 0.257421 0.116336
17.5745 -3.8375 334.463 -0.329392 -0.247137 -1.3727 0.530532 0.555656 0.640142
6.56925 3.67375 343.255 -0.291 0 3.8 -0.610923 -0.319131 -0.724519
41.7971 7.023 344.906 0.0203412 -0.0375604 -4.30765 0.608836 0.788207 0.0897148
-12.6269 3.81163 338.519 -1.29022 0 -3.5 -0.165588 0.00794745 0.986163
41.7009 6.11088 332.612 -0.207599 0 -3.5 0.187636 0.626826 -0.756229
-9.767 -11.6395 354.108 -0.837615 0 -3.06452 -0.352087 0.699473 0.62191
18.0385 -9.4705 316.594 0.422168 0 -4.5 -0.571553 0.218861 0.79084
23.6994 2.08612 310.813 -0.495948 0 1.8 0.165748 -0.612679 -0.772757
-0.60575 -2.46513 365.089 -1.39535 0 -3.5 -0.478214 0.425726 0.768159
34.9572 -14.6804 335.216 -0.515706 -0.0270301 -2.71637 -0.579437 -0.592808 0.559313
0.66375 -17.8307 324.622 -0.252776 0 -3.5 -0.90525 0.422692 -0.0430583
-5.39012 -2.58562 356.26 -0.538788 0 -0.9 -0.98793 -0.154556 -0.010304
-7.1315 -5.1095 337.23 1.02633 0.766152 -3.9 -0.716607 0.487111 0.499197
45.4914 -18.6672 338.996 0.477475 0.407152 -0.8 0.384723 -0.92231 -0.036494
15.4757 -5.91638 357.145 -0.85529 -0.515052 -1.70293 0.993665 0.0959262 -0.0585563
21.8981 4.16412 319.535 -0.781537 -0.469834 -3.90167 -0.622139 -0.436449 -0.649966
46.3667 1.4025 337.73 -0.424773 0 -0.4 0.7861 0.153657 0.598695
42.1975 -19.8571 336.735 -0.541984 -0.740305 -0.769779 0.230074 -0.857829 0.459559
50.6745 -4.55331 326.776 0.105869 0.0182171 -3.5 0.791036 0.589185 0.16469
15.5695 5.99825 357.883 -0.469297 0 3.8 0.296603 0.952652 -0.0669358
45.3568 -1.42475 323.98 0.411751 0 1.18397 0.522253 0.834897 0.173776
11.3151 -16.9988 357.681 0.195613 0 -3.5 0.172095 -0.920956 0.349604
33.4453 -3.8595 314.34 0.448819 -0.236206 -0.8 -0.190933 -0.0821229 -0.978162
2.1185 -5.708 317.622 0.102801 0 -4.5 -0.14327 -0.832825 -0.534674
31.7668 13.5072 320.332 -0.0873731 0 -0.9 -0.546214 0.485607 -0.682522
13.824 7.7155 347.173 -1.25435 -0.211908 0.459592 0.0160238 0.992616 -0.120233
-2.94012 -11.8933 327.054 -0.153582 0 4.5 -0.98601 -0.0598735 0.155562
47.1562 -4.15125 327.536 0.256896 0 -0.995789 -0.42861 0.874268 0.227922
21.4666 -2.64 342.105 -0.475565 0 1.8 0.299434 -0.928689 -0.218805
45.2854 -2.511 321.388 -0.121463 0 1.7114 0.593017 0.438151 -0.67554
23.6943 -11.818 337.379 0.446897 0 -2.15098 -0.407447 -0.189754 0.893297
17.3285 -9.3775 315.531 0.198721 0 -4.5 -0.771095 0.636611 -0.0117789
29.9522 14.6108 333.187 -0.459509 0 -2.51047 -0.256536 0.966248 -0.0235516
15.2881 1.76087 327.492 -0.287439 0 -1.3 0.481657 0.734598 0.477883
39.6996 -9.36187 340.832 -0.207528 -0.156335 -2.8674 -0.79168 -0.590235 -0.15769
-3.104 -2.60588 338.816 0.136465 0 -4.31135 -0.906665 0.133715 -0.400099
22.4736 -10.5238 323.104 -0.639595 0 0.236033 -0.144875 0.0780582 -0.986366
8.652 -6.614 363.45 0.376305 0 -0.7 0.0406104 -0.312256 0.94913
21.5421 8.54862 352.056 -0.198636 0 -0.4 0.380604 0.887564 0.25956
-0.1675 5.75425 327.581 -0.0376182 0 2.8 -0.470395 0.0282413 -0.882004
47.7374 -22.0516 332.554 -1.07313 -0.840608 -3.53943 0.597324 -0.640384 0.482817
8.36738 7.88387 347.661 0.0701311 0 -3.9 -0.865908 -0.353318 -0.354076
14.568 1.51513 330.415 -0.210825 0 3.8 0.808237 0.584206 -0.0738686
-5.4165 3.11 336.162 -0.461371 -0.228135 -1.15 0.339514 -0.735089 0.586835
23.7791 6.26525 312.387 -0.0385268 0 -0.8 -0.386972 0.879292 -0.277665
-2.78775 -9.37425 349.168 -0.949319 -0.452177 -0.7 -0.0479599 -0.00163458 -0.998848
30.1399 9.73738 344.045 -0.417681 0 -3.5 0.261729 -0.240077 0.934805
-10.238 5.61062 338.367 -0.136261 0.00839814 -3.5 -0.634309 0.772792 0.021082
39.573 8.3125 347.224 -0.682397 -0.0311114 -3.5 -0.0578316 0.981552 0.182237
-10.077 -8.085 352.243 -0.418966 0 1.8 -0.897661 0.440077 -0.0231784
-8.96675 -1.21125 333.831 -1.40113 0 -3.9 0.105617 -0.543276 0.832884
23.6135 7.52388 319.915 -0.870354 0 -3.5 -0.524221 0.824394 0.213464
28.8218 -27.7385 329.319 2.27306 0.0917697 -3.9 -0.103436 -0.985953 -0.131142
39.0229 -13.8076 313.097 0.0459216 0 4.2 0.739035 -0.119111 -0.663054
41.7071 -23.9813 332.643 1.01112 0.671472 -3.5 0.196555 -0.554416 0.808696
43.528 -13.9365 319.73 -0.110341 0 -0.7 0.967104 -0.0435296 0.25063
-8.46675 -4.855 334.041 -0.639151 0 -3.5 -0.653213 0.0452469 0.755821
13.2155 1.94613 322.792 0.123086 0 -3.45659 0.603088 0.202941 -0.771428
31.6145 -24.1367 313.157 0.463613 0 -4.5 0.841245 -0.501509 -0.201978
10.8214 3.92987 340.079 -0.0230558 0 1.8 0.00217051 0.863241 0.504788
26.8132 14.8772 324.116 -0.411838 0 -3.5 -0.0680607 0.16027 -0.984724
21.1513 -6.9905 315.137 -0.544564 -0.0383474 -4.4538 -0.286033 -0.604133 -0.743779
20.733 -18.782 308.79 -0.252026 0 -0.4 -0.915529 -0.150837 -0.3729
30.4634 -22.5014 330.935 -0.131053 -0.0599566 -3.82281 0.640019 -0.719943 0.268436
-0.791 16.3475 340.454 2.26996 0.06594 -3.9 0.453298 0.520004 0.723959
10.3825 -10.5865 352.974 -0.299145 0 -0.9 0.911303 -0.328369 -0.248397
2.32575 -3.752 366.1 -0.34289 0 -3.98649 -0.402014 -0.11324 0.908604
0.8025 -10.526 348.421 -0.504357 0 -0.7 0.186486 -0.634998 -0.749667
29.3617 -10.1833 314.486 0.0404405 0 -1.6 0.274965 0.943052 0.187209
-1.752 -12.0304 349.071 -0.244398 -0.430101 1.32837 0.322947 -0.435571 -0.840228
37.6471 15.5548 318.42 -0.182575 0 -2.58633 0.592258 0.343816 -0.728711
4.95587 2.32763 354.247 0.0760734 0 -3.2 -0.344369 0.346139 0.872696
35.1249 -27.4275 326.827 0.203666 0.0700338 -3.1287 -0.588098 -0.677609 -0.441573
14.735 2.40462 332.434 -0.0860339 0 2.79275 0.823525 0.451414 -0.343557
-2.99012 -2.273 321.157 -0.174286 0 -3.81738 -0.175116 0.98436 0.0192345
13.8687 -5.38438 322.094 -0.178292 0.663483 -1.3 0.348311 -0.288477 -0.891886
22.8549 -6.94338 334.753 -0.326228 0 -1.02078 0.341227 0.522987 0.781056
5.2295 -20.4002 327.874 0.214387 0 1.27109 -0.296603 -0.627821 0.71963
10.4426 -12.029 321.082 -0.466516 0 -3.5 0.344617 -0.683287 -0.643706
-8.24113 -10.0931 358.345 -0.796939 0 -0.8 -0.662087 0.66147 -0.352277
-3.3985 -6.87738 326.532 0.312963 0 -0.4 -0.34189 -0.360422 0.867875
16.6348 -2.3055 358.581 -0.2334 0 -2.51131 0.359212 -0.635988 0.682998
17.0645 4.96413 361.728 -0.322108 0 -3.9 -0.903659 0.1396 0.404861
33.2335 -17.2932 313.46 0.807076 0 -0.4 -0.393651 0.475434 -0.786766
7.628 0.397125 360.416 -0.482023 -0.338396 -0.510413 -0.47467 0.512309 0.715701
23.2812 6.11387 313.776 0.298274 0 0.979102 -0.714311 0.69957 -0.0190024
35.2088 3.102 350.208 -0.0155838 0 -0.8 -0.399833 -0.766111 0.503196
36.2767 -28.9154 326.053 0.410627 0.0631591 1.8 -0.738979 -0.301388 -0.602557
30.6935 -3.72563 338.458 0.195775 0 -4.5 -0.852076 -0.274806 0.445474
26.2844 5.694 347.706 -2.71249 -0.317347 -3.5 0.433537 0.32909 -0.838896
1.28125 -9.10725 319.761 -0.0710643 0 -4.5 0.129012 0.315088 -0.940253
2.36875 3.41175 319.112 0.0653262 0 -3.5 -0.525809 0.752575 -0.396428
21.5656 -18.4463 306.82 -0.0751222 0 -0.4 -0.611543 0.233056 -0.756108
19.874 -5.8335 350.124 -1.0338 -0.623767 1.9 0.313061 -0.914572 -0.25603
-3.671 -10.0033 333.695 -0.20854 0 -3.9 -0.450202 -0.779662 -0.435254
39.399 17.7205 319.808 -1.49783 -0.336103 -3.5 -0.055696 0.989878 -0.130533
1.79275 -16.9255 328.276 -0.564317 -0.236676 -3.179 -0.673663 -0.377286 0.635479
39.6255 10.6355 329.645 0.310063 0.393103 -2.82918 0.997254 -0.0356689 0.064902
-8.2795 7.5415 333.634 -0.183476 0 -0.7 -0.614476 0.735635 0.285062
12.7148 -23.1667 322.871 -0.186573 0 4.2 -0.394062 -0.905013 0.16021
15.0653 -10.5014 356.703 -0.551355 0 -0.7 0.315146 -0.86703 -0.38593
30.5837 18.7551 327.405 -0.15348 0 -3.5 -0.273744 0.944663 -0.180763
15.269 -7.41687 350.047 0.781811 0.796272 3.8 0.638576 -0.751909 -0.163869
49.1948 -10.2654 326.314 -0.258928 0 4.2 0.339371 0.440399 -0.83119
-4.7895 -3.11225 346.164 -0.522181 0 -3.2 -0.5212 -0.00850704 -0.853392
-5.82638 1.98075 341.299 0.0415292 0 -4.5 -0.558662 -0.385522 0.734349
23.9837 14.2933 333.439 0.344612 0 -1.6 0.116269 0.807682 0.578041
9.92825 -17.309 360.837 -0.533212 0 -4.5 0.659653 -0.543909 -0.518672
-1.4475 -17.0082 353.193 -1.22166 0 0.0693675 0.477721 -0.77922 -0.405708
33.4256 -8.49025 341.418 -0.5677 -0.281018 -1.3 -0.798999 -0.459947 0.387362
24.877 -23.6152 309.889 0.430041 0 -3.5 -0.719203 0.00111888 -0.694799
19.9517 0.633 357.961 0.361751 0 -1.6 0.635639 0.0596218 -0.76968
23.6087 -21.1605 320.082 -1.02687 0 -0.8 -0.522961 -0.529944 0.667585
40.4912 -25.3764 320.648 -0.181731 0.268748 -0.876541 0.0962117 -0.984579 0.146111
-6.82762 -6.4195 356.653 -0.538579 0 -3.2 -0.911964 -0.0039554 0.410251
20.826 -4.8725 322.328 -0.37351 0 4.5 -0.85166 0.41259 -0.323179
13.2968 -10.3903 355.131 0.118891 0 -0.7 0.209016 -0.855084 -0.474494
-3.95163 6.32312 341.137 0.172147 0 -3.92985 -0.468169 0.0627869 0.881405
4.6035 -15.9185 364.617 0.0512734 0 -4.5 0.285305 -0.555253 0.781214
-9.36662 -0.227125 336.908 -1.48643 -0.502103 -3.5 0.262615 -0.78584 0.5599
53.4226 -19.2414 324.496 -0.103633 0 1.8 0.833646 -0.551484 0.0299918
-2.55737 -18.1356 359.833 -0.225414 0 -1.6 -0.124235 -0.925255 0.358426
29.5001 7.88062 312.75 1.01381 0 -4.5 -0.351168 0.17397 -0.920008
9.40012 -13.8051 365.931 -0.943007 0 -3.5 0.150742 -0.629391 0.762328
51.2065 -8.599 342.916 0.064589 0 -4.5 0.221763 -0.223176 0.949217
19.2644 1.67788 326.683 -0.197747 0.393143 -3.5 0.268268 0.181892 0.946017
47.6408 -18.5977 336.454 -0.0472353 0 -0.8 0.540731 -0.838724 -0.0644305
24.202 -0.5945 312.268 -1.19672 -0.0363597 0.638933 -0.0656499 -0.116394 -0.991031
28.4279 -22.4241 331.621 0.150248 0 -3.9 -0.119367 -0.159687 0.979924
21.9214 7.76737 355.115 -0.188302 0 -1.6 0.961661 0.213248 -0.172437
47.7925 -2.146 341.042 -1.60814 -0.468966 -3.5 0.112762 0.588364 0.800695
19.05 -9.27675 323.178 -0.403482 0 3.8 -0.537378 0.226911 -0.812242
34.2028 16.1073 344.437 1.43613 0.453323 -3.9 0.92739 0.252499 0.27603
36.6323 -2.026 314.27 0.821342 0 -3.9 0.880449 -0.122024 -0.458169
36.6075 13.5033 323.435 0.115241 0.813233 -1.3 0.730389 0.266336 0.628965
-13.1515 3.95725 334.579 -0.247876 0 -3.5 -0.560433 0.310388 -0.767838
18.781 9.83925 341.52 0.227814 -0.0543744 -4.25863 -0.557319 0.6692 -0.491495
-4.75125 -13.9455 361.538 -0.379408 0 -1.21226 -0.0406505 -0.418876 0.907133
21.7331 -17.4349 319.205 -0.619806 -0.693444 -0.8 -0.137148 0.146021 0.979729
4.37512 -5.43762 340.108 -2.09314 -0.722795 1.9 0.563411 -0.700667 -0.437761
-1.48325 2.4025 362.316 -0.746511 0 -3.5 -0.277737 0.945407 0.17049
24.5395 -9.765 310.562 -0.567624 0 -3.5 -0.826886 0.558502 -0.0658421
40.199 7.399 331.191 -0.101137 0 -0.9 0.806386 0.486417 0.336364
-10.412 1.57375 329.376 -1.43462 0 -3.5 -0.791324 0.316482 -0.523111
9.44538 -11.8839 350.199 -0.272492 0 -2.51934 0.788069 0.400317 0.467647
33.6678 3.597 349.421 -0.00214919 0 -0.617185 -0.151222 -0.639213 0.754015
-1.69088 -14.5786 350.65 -0.424072 0 4.2 -0.304834 -0.599456 -0.740087
39.521 -22.3923 337.06 0.0310834 0 -0.7 0.239418 -0.840207 0.48655
31.424 -7.97075 316.774 -0.0149525 0 -0.8 -0.611652 -0.557468 -0.561348
18.5045 -14.7118 315.455 0.733849 0 -4.5 -0.577276 -0.483265 0.658185
9.077 13.1815 346.087 1.76134 0.11599 -3.9 -0.422393 0.876159 -0.232228
4.8285 9.517 339.316 -0.080198 0 -3.2 -0.360249 0.92374 0.130093
19.3856 -19.2374 333.59 0.492955 0 -4.5 0.0594424 -0.835473 0.546307
25.8792 -13.1955 307.352 -0.0833159 0 -0.4 0.375722 0.269702 -0.886619
-2.92675 -17.4118 360.587 -0.121423 0 -1.6 -0.168368 -0.700868 0.693135
-7.721 -0.569 325.384 -0.0787352 0 -3.5 -0.163907 0.476655 -0.863675
38.0996 9.54937 324.754 0.0779316 0 -1.3 0.978112 -0.206525 -0.0253912
36.9495 8.363 348.061 -1.64485 -0.467933 -0.8 -0.0166871 0.988987 0.147057
23.099 -3.54338 356.366 -0.0382899 0 -3.5 0.992185 0.085999 0.0904062
33.5384 -26.0023 314.835 -0.0948402 0 -0.4 -0.31698 -0.388493 -0.865215
21.871 -1.4775 323.661 -1.18339 0 -2.93071 -0.0891781 -0.303369 -0.948691
22.7528 -13.993 309.323 -0.00471178 0 -0.4 -0.9673 0.228409 -0.110273
39.8936 -27.6814 324.947 -1.33703 -0.0101416 1.9 0.453632 -0.404656 -0.794022
11.3472 7.70975 323.772 -1.85007 -0.648129 -3.5 0.233925 0.968672 -0.083383
12.7715 9.01575 345.043 -0.485778 0 -0.8 0.414369 0.889087 0.19448
2.66812 -16.4669 353.943 -0.875218 0 -3.5 -0.531333 -0.66087 0.530034
-5.94519 -5.45744 330.744 -0.410911 0 -3.5 0.339906 -0.693919 -0.634776
46.7707 -14.7998 323.694 0.0115486 0 -0.9 -0.0432143 0.44343 -0.895267
36.7323 -27.5824 317.938 -0.870868 0 -0.771502 0.753415 -0.649718 -0.101156
21.6745 4.1415 314.24 0.319575 0 1.8 -0.649102 0.638674 0.413233
43.242 -0.15375 321.314 -0.153052 0 -0.4 0.364473 0.617828 -0.696741
-1.03 16.9888 339.641 1.76495 0.147155 -3.9 0.346473 0.936738 0.0497877
20.5079 0.192375 337.461 -0.440257 0 2.8 0.375257 -0.634644 -0.67558
39.0419 -7.86363 312.306 0.277355 0 -3.5 0.91246 -0.192918 -0.36083
20.577 2.846 312.688 0.213542 0 1.8 -0.9626 -0.185216 -0.19773
33.8664 17.4888 317.39 -0.120273 0 -1.6 -0.463622 0.8137 -0.350639
14.8084 8.05775 346.888 -1.40259 0 0.802064 -0.398873 0.913958 -0.074713
23.1685 9.07862 326.073 -0.285173 -0.224022 -2.31023 -0.711557 0.682795 -0.165766
37.7518 -14.8619 336.167 -0.0249289 0 1.8 -0.212718 0.0908273 0.972883
25.1804 -17.3242 313.14 -0.146295 0 -2.70767 0.486786 -0.850201 -0.200492
26.7929 5.67075 341.897 -1.73509 -0.784647 -3.07374 0.0338465 -0.226359 0.973456
13.8046 -7.82912 336.925 -0.777728 0 -1.3 -0.719595 -0.68675 -0.102746
-5.4915 -8.046 325.639 -0.186033 0 -0.4 -0.262888 -0.895981 0.357921
30.683 5.68 350.066 1.46716 0 -0.4 -0.188812 0.456777 0.869313
19.596 9.8615 363.217 1.97028 0.0820393 -3.9 -0.0578396 0.886322 -0.459443
-7.03937 10.9581 336.528 -0.406364 -0.164658 -1.9406 -0.903141 0.37897 0.201788
-8.1935 -1.57 324.754 -0.28663 0 -3.5 -0.347338 0.457254 -0.818703
13.7895 8.87988 344.253 -0.666022 -0.0873906 -0.8 0.289621 0.955517 0.055747
31.9014 -22.9969 325.663 -0.925487 0 -1.3 -0.648784 -0.110629 0.752888
28.7642 7.3205 343.699 -1.28126 -0.04071 0.599682 -0.657827 -0.390109 0.644266
33.9342 5.75875 348.829 -0.815223 -0.57125 -0.632574 -0.119663 0.992815 0.000194261
42.345 -10.724 344.46 -0.776172 0 -3.5 0.9015 -0.0126669 0.432594
40.164 7.74375 333.099 0.353241 0 -0.98393 0.581019 0.552018 -0.598074
34.0809 -12.2861 309.266 0.502651 0 -4.5 -0.298662 -0.515654 -0.803058
15.1316 3.21762 334.927 1.37148 0.184002 -0.4 0.9731 -0.0704568 -0.219345
46.362 -24.5355 332.384 0.849169 0.622636 -3.9 0.653342 -0.729084 0.203912
23.6973 0.3955 343.253 -0.836476 -0.557449 -2.7651 0.784769 -0.614651 0.0796417
35.96 11.917 344.073 -0.534092 0 -0.9 0.253157 0.659759 0.707552
-4.32863 -1.525 359.284 -1.23 -0.0691479 -2.22217 -0.953064 0.03102 0.301177
53.7165 -17.234 324.763 -0.245835 0 1.8 0.914017 -0.110196 -0.390422
15.1446 -6.68075 361.646 -1.32536 -0.0122906 -3.5 0.869234 0.494399 -0.00107983
19.2615 -2.98125 343.24 -0.493729 0 1.8 0.581307 -0.804291 -0.12328
-12.03 -0.103 330.38 -0.0939545 0 -3.9 0.0623979 -0.518594 -0.85274
39.2848 -32.2567 326.675 0.163789 0 1.9 0.68814 -0.539128 -0.485597
24.1772 -23.0774 319.435 -0.345348 0 -3.2 -0.876487 -0.391229 0.280554
-7.1975 -4.741 328.071 -0.205416 0 -3.5 -0.1988 -0.881402 0.428496
-13.1278 5.21425 334.998 -1.21725 -0.27996 -3.5 -0.147453 0.297755 -0.943186
36.8993 -27.5627 319.122 -0.441173 0 -1.3 0.750492 -0.648899 -0.125266
3.15175 -7.49375 334.969 -0.515375 0 4.2 0.0310474 -0.258464 0.965522
48.9012 -4.4385 328.141 0.357788 0 -3.5 0.223097 0.970832 0.0878286
33.3843 -4.84625 341.399 -0.648247 -0.118417 -3.73595 -0.87795 -0.00850863 0.478677
26.7886 12.7845 323.59 -0.293604 0 -1.6 0.00839092 0.773665 -0.633539
48.4543 -5.22437 321.687 -0.118188 0 2.8 0.305938 -0.813382 -0.494785
-4.99175 5.8465 340.846 0.377955 0 -4.5 -0.381833 0.210109 0.900032
41.1835 -21.9907 318.424 -0.823354 -0.194783 -1.3 0.551148 -0.0680976 -0.831624
-2.5535 -10.5553 322.347 0.152806 0 -4.5 -0.809392 -0.585611 0.0441062
5.612 -3.07 319.956 -0.216198 0.716138 -4.5 0.960864 0.227909 0.157476
12.6181 -0.211 321.822 -0.336655 0 -3.2667 -0.0672402 0.479409 -0.875012
19.1801 -21.9797 325.409 -0.573359 -0.0618308 0.62892 0.32433 -0.0604358 -0.944011
32.385 -13.7555 312.147 0.309824 0 -4.5 -0.174661 -0.907036 -0.383119
7.74875 -21.7698 353.059 -0.167501 0 -3.5 0.434656 -0.592005 -0.678679
1.8475 2.7045 348.87 -0.547035 0 -3.2 -0.787945 0.610321 -0.0815553
36.2025 14.136 325.797 -0.73349 -0.274048 -3.36155 0.96078 0.184507 -0.207024
12.9493 -8.77137 338.713 -0.4344 0.594223 -3.5 -0.359041 -0.758413 -0.543967
23.27 -2.16475 321.274 -1.02985 0 4.5 -0.926123 0.238882 0.291944
12.8216 -15.678 336.577 0.0267664 0 -3.9 -0.151595 -0.986075 0.068375
21.604 -15.4928 317.871 -1.06846 0 2.40632 -0.963414 0.258181 0.0719434
2.27725 11.6589 335.106 -1.62665 0 -0.8 0.264104 0.795581 0.545251
24.772 -6.179 332.981 -0.538835 0 2.8 0.0640577 0.559015 0.826679
-11.7175 4.198 334.174 0.981614 0 -3.5 -0.359699 0.630456 -0.687853
38.4571 -17.1294 336.053 -0.101951 0 -0.38063 -0.297304 0.116399 0.947661
5.11275 -14.9172 320.15 -0.203594 0 -3.5 -0.349903 0.181432 -0.919049
10.2865 1.82837 361.106 -0.782741 -0.409942 -0.7 -0.0784855 0.927216 0.36621
0.593125 10.8953 336.785 -0.31007 0 -3.9 0.772158 -0.41681 0.479626
42.9243 -7.041 340.278 -0.329651 0 2.8 0.452957 -0.120901 0.883297
11.0695 -16.4457 360.545 -0.81929 -0.0766762 -3.5 0.175377 -0.882193 -0.43701
51.9007 -8.29775 338.272 0.0367158 0 -4.5 0.42423 0.222263 -0.877854
19.1655 6.2935 323.975 -0.0804578 0 -4.5 -0.389677 0.915531 -0.0997765
31.346 -13.8246 314.033 -0.0383771 -0.84337 -4.5 -0.328298 -0.704174 -0.629571
16.4447 0.067 360.246 0.198512 0 -1.6 -0.291002 -0.535766 0.792636
24.5373 18.5265 340.242 -1.33332 -0.729587 -3.5 -0.847837 0.505334 -0.160652
20.4918 -0.5125 351.977 -0.591533 0 -3.2 0.859788 -0.510334 -0.0179896
6.1755 -8.5785 337.018 -0.457489 0 -3.5 -0.775752 -0.289732 0.560593
35.5656 -15.711 313.401 0.13115 0 4.2 -0.116467 -0.524473 -0.843424
37.003 17.0645 319.794 -0.349658 -0.261207 -2.61141 0.228259 0.972979 -0.0347773
49.5174 -12.537 330.844 0.431752 0 -1.32249 0.623095 -0.654796 0.427779
5.3665 -7.042 320.093 -3.41343 -0.380416 -3.5 0.356842 0.113174 -0.927284
8.446 -22.3603 325.563 -0.365566 0 3.8 -0.00651037 -0.943975 -0.329952
5.94525 -13.7137 333.255 0.398173 0 -0.740639 0.254891 0.0970347 0.962089
27.4756 -14.1039 309.379 -0.911653 0 -0.4 0.974426 -0.169828 -0.147146
12.1534 6.51225 339.279 -1.6385 -0.416979 -3.5 -0.752996 -0.0315041 0.657271
6.552 -18.6135 334.179 2.00709 0.250844 -3.9 0.376563 -0.859511 0.345603
12.5855 -22.5015 324.757 -0.141615 0 -0.7 -0.186599 -0.982405 -0.00781308
34.2583 -11.248 308.388 -0.259328 0 -4.5 -0.358314 -0.446976 -0.819648
0.115875 -12.4108 364.663 0.29593 0.323342 -4.5 -0.418374 0.26599 0.868454
43.948 -12.2218 321.072 0.417794 0 2.8 0.902003 -0.387514 -0.190323
17.6508 -24.8403 326.195 -0.0540726 -0.220319 -3.13958 0.21918 -0.970654 0.0989475
10.1215 4.42675 355.202 -0.321059 0 -0.235272 -0.387935 0.818188 0.424351
41.1566 -16.7491 340.459 0.422545 0 -3.9 -0.816 0.073521 0.573358
40.4613 2.66412 327.366 0.820303 -0.00422695 4.5 0.926634 0.165583 -0.337537
48.8644 -7.75663 324.277 -0.859617 -0.275329 -3.5 0.0320181 -0.723949 -0.68911
21.2595 9.688 364.404 1.96165 0.161739 -3.9 0.550051 0.834368 0.0356978
1.05475 -3.37387 365.651 -0.739403 0 -3.5 -0.101961 0.347755 0.932025
1.17338 -10.2389 334.91 0.150283 0 -0.230094 -0.135947 -0.291782 0.946774
26.2103 -15.2159 311.586 -0.184655 -0.147702 -0.4 0.857155 -0.455207 0.240983
50.8135 -16.4434 329.71 -0.738945 -0.34875 -3.5 0.211503 0.159208 0.964323
22.6714 -21.7909 310.305 0.0777651 0.526694 -0.4 -0.339899 -0.534794 -0.773605
-3.33162 -17.6479 356.941 -0.489988 0 -1.6 -0.116866 -0.990984 -0.0655241
9.68612 -9.3525 366.407 0.129543 0 -3.20003 -0.0703069 0.912485 0.403024
29.896 -3.18975 337.485 0.0748751 0 -4.5 -0.795771 -0.180215 0.578162
52.1665 -20.1305 325.531 -0.142081 0 1.8 0.34692 -0.830028 0.436692
23.5505 -24.6275 330.436 0.0528949 0 4.5 0.071789 -0.938169 0.338651
-7.378 -2.30675 333.703 -0.624277 0 -3.5 -0.0385994 -0.0368312 0.998576
6.32662 6.72237 326.824 0.0458373 0 -3.5 0.899987 -0.162266 -0.404591
42.965 5.77525 332.362 -0.434432 0 -3.5 -0.135764 0.655391 -0.742987
49.1665 -15.3387 334.44 -1.04314 -0.433494 -4.5 0.63335 -0.562656 -0.531306
48.7676 -24.7218 329.941 0.0964913 0 -3.2 0.764953 -0.121798 0.632465
33.1297 17.057 321.065 -0.216071 0 -1.48781 -0.722117 0.69092 0.0343138
-0.972 0.059 321.25 -0.255705 0 4.5 -0.903681 0.336477 -0.264847
-6.76525 2.18712 337.336 -0.609514 -0.090245 -0.7 0.504386 -0.861513 0.0582226
31.7528 -9.962 336.455 0.293756 0 -1.20391 -0.291668 0.163532 0.942437
-1.54113 -13.4847 326.89 -0.107057 0 4.5 -0.267172 -0.960696 -0.0753761
7.31975 -11.5352 342.47 -1.45146 -0.60587 -3.5 0.0888388 -0.275131 -0.957293
34.1382 9.41088 313.514 0.331095 0.0329765 -4.5 0.37993 0.468893 -0.797366
46.7884 -17.1057 333.128 0.0168595 0 -0.888994 0.962366 -0.248675 0.109599
6.657 1.35325 339.521 -1.01162 0.26867 -2.71511 -0.691032 -0.0676506 0.719651
-0.05025 0.34425 320.053 0.0411306 0.0386463 -3.5 -0.831229 0.468736 -0.298906
12.6427 9.51875 338.115 -1.4895 -0.227072 -3.5 -0.133211 0.953665 0.269772
-2.895 -3.246 363.544 -0.824541 0 -3.5 -0.712821 0.473675 0.517221
-0.569375 -13.6322 364.6 0.062201 0 -4.05604 -0.57733 0.0385639 0.8156
12.0997 -12.9537 346.341 -0.140681 -0.0677594 3.8 0.300514 -0.924463 -0.23465
15.6281 8.5605 339.186 -0.522761 0 -0.7 0.120828 0.989365 -0.080976
11.5133 -16.6756 333.773 -0.416865 0 -0.959859 -0.388333 -0.179397 0.903889
19.6026 -2.75025 352.278 -0.00912081 0 -3.5 0.965888 0.117131 -0.230957
41.8317 5.648 314.916 0.84908 0 -4.5 0.900851 0.0164982 -0.433815
-4.67925 -3.12125 333.417 0.41752 0.299896 -1.3 -0.165722 0.21205 0.963105
-6.2475 7.48925 340.203 0.569701 0.591139 -3.5 -0.277807 0.257128 0.925585
6.97713 -18.7726 331.564 0.326768 0 3.8 -0.185915 -0.788022 0.586905
0.852375 -6.4 366.55 -0.235046 0 -3.5 0.192129 -0.288636 0.937964
2.3595 -1.02287 345.305 -1.71899 -0.154103 -2.94896 -0.13165 0.943606 -0.303768
16.964 -10.582 359.585 -1.96256 -0.55751 -3.5 0.56295 0.821851 0.0874529
9.01787 -4.848 323.252 -1.23379 -0.594393 4.2 0.105751 0.407041 -0.907268
15.5133 4.47087 334.884 1.11832 0.231915 -0.4 0.870894 -0.399689 -0.285993
34.41 -8.62725 344.283 -0.244105 0 -4.5 -0.77566 -0.587529 -0.230569
-6.853 9.411 338.974 -0.415983 -0.432004 -3.5 -0.338902 0.510769 0.790102
4.89437 9.06413 332.468 -0.0861651 0 -3.5 -0.0687296 0.863531 -0.499589
16.596 3.3855 361.457 -0.607568 -0.0574759 -2.76759 -0.510283 0.134377 0.849443
31.4126 -23.173 305.893 0.443469 0.575909 -4.5 0.698238 -0.658138 -0.281634
6.8365 5.05475 321.617 -0.326945 0 -3.9 0.773632 0.608949 -0.175143
13.8656 3.65188 325.118 -0.844982 -0.023511 -2.49845 0.872601 0.238649 -0.426161
36.493 -11.6405 334.996 0.128731 0.240488 -3.36391 0.271878 -0.237944 0.932451
3.29087 -19.2751 327.664 0.0381295 0 -3.5 0.359514 0.405254 0.840547
0.47275 -15.6018 357.558 -0.545437 0 0.618761 0.747046 -0.664683 0.010891
-0.6 -0.037 315.211 -1.7752 -0.272297 -3.5 -0.766743 -0.620058 -0.166231
-4.252 -6.634 337.892 0.478147 0 -3.9 0.00368876 -0.4125 0.91095
41.2599 -1.75637 321.944 -0.24805 0 2.50134 -0.371421 -0.0198488 -0.928252
17.7006 -6.76363 324.54 -0.433646 0 3.8 -0.162338 0.311042 -0.936429
14.252 4.90363 332.177 -0.64232 -0.281558 -0.4 0.444801 -0.268312 -0.854494
20.239 -23.3654 313.573 -1.39514 -0.0167091 1.8 -0.936223 -0.293355 0.193469
23.9829 8.73575 336.009 0.299151 0.0823287 -0.7 -0.898223 0.421626 -0.124205
-0.289 -5.62762 344.184 -1.01564 0 -0.641638 -0.637702 -0.669435 0.381043
30.92 16.1595 338.883 -0.200706 0 -3.72618 0.012652 0.982498 -0.185842
21.1536 8.8575 362.242 1.25127 0.786887 -3.9 0.721677 0.62645 -0.29452
36.7196 -11.4229 308.644 0.496872 0 -4.5 0.794606 -0.246256 -0.554941
13.356 0.4065 360.824 -0.0104361 0 -0.7 0.543268 0.145202 0.826907
9.00463 -18.38 357.13 0.0534782 0 -3.5 0.512452 -0.523349 0.680807
2.70712 -12.0146 321.824 0.371269 0 -4.5 0.310819 -0.397789 -0.863224
30.2459 2.01187 342.022 -1.59896 0 -3.49758 -0.477967 -0.716224 0.508498
14.464 6.605 357.997 -0.330106 0 3.8 0.0904955 0.995876 -0.00644475
-9.0325 -1.2695 325.394 0.00681864 0 -3.5 -0.488144 0.249764 -0.836261
56.0975 -13.1705 327.321 -0.739395 0 -3.2 0.769678 0.526955 -0.360436
19.7949 8.20212 360.873 -0.0420749 0 -1.87273 -0.632052 0.771537 0.0724001
3.96175 -11.7043 344.467 -1.58271 -0.918027 -3.5 -0.889994 -0.254421 -0.378393
40.1625 -30.9583 328.241 0.663041 0 1.9 0.971409 -0.207704 0.114992
12.0995 -11.0359 343.152 -0.350386 -0.709362 2.49196 0.496172 -0.647081 -0.578878
7.11837 5.8085 328.287 -0.103785 0 1.3826 0.389472 0.277779 -0.878151
6.04238 6.00887 344.268 0.0554639 0 -1.6 0.606046 0.517039 0.604466
8.184 -21.8762 357.544 -1.45448 -0.0499473 -3.5 0.640217 -0.251519 0.725852
29.3762 15.8154 337.284 0.599157 0.708772 -0.4 -0.164175 0.931791 -0.323747
0.879 -13.0095 333.275 -0.890719 0 4.40501 -0.261431 -0.643059 0.719812
-8.52975 -10.5238 350.143 -0.885868 0 1.8 -0.878293 -0.152226 -0.453242
12.7115 -11.2428 343.998 -0.719905 -0.185042 3.8 0.772861 -0.475467 -0.420258
31.3201 4.71938 350.537 1.01839 0 -0.4 -0.0802017 0.0622243 0.994835
29.0131 17.9514 342.403 -0.720944 -0.40625 -3.65124 -0.158549 0.817991 0.55295
25.5557 10.4731 347.123 -0.790061 -0.934352 -3.5 0.505767 0.401519 0.763533
41.4264 0.436125 345.259 -0.268723 0 -4.5 -0.0590074 -0.157499 0.985755
-6.50425 -16.2525 350.599 -0.607601 0 -0.8 0.81542 -0.336781 -0.470817
6.547 -23.7463 324.904 -0.275117 0 -0.8 0.838366 -0.54368 -0.0394246
3.31413 0.21875 338.568 0.207844 0.56804 -0.857089 -0.119807 0.260328 0.958058
1.64137 7.171 343.858 -0.218146 0 -1.6 -0.643474 0.401333 0.651823
21.5835 0.51825 338.147 -0.679926 0 2.8 0.208768 -0.887373 -0.411079
20.9115 -0.86075 349.555 -1.42329 -0.0900071 1.93696 0.735651 -0.0290119 0.676739
9.4655 5.37775 353.256 0.410202 0.0176041 -0.7 -0.0622958 0.836896 0.543805
1.338 7.8115 329.284 -0.18638 0 2.8 -0.405676 0.751848 -0.519761
22.0183 -8.39188 336.273 -1.32781 -0.877358 -0.8 0.0532723 0.731284 0.679989
23.799 -13.6038 307.275 -0.0872706 0 -0.4 -0.590215 0.255246 -0.76583
5.0825 -17.2423 335.621 1.66861 0.715279 -3.9 -0.427994 -0.266362 0.863639
20.9242 -14.0574 317.201 0.0673044 0 -4.5 -0.807394 -0.246718 0.535952
23.801 7.58625 332.678 -0.212638 0 0.115712 -0.955893 0.287831 -0.0584994
21.44 4.73413 309.596 -0.198 0 1.8 -0.222249 -0.0674455 -0.972654
20.1772 0.381875 314.193 -0.440023 0 -0.771589 -0.998697 0.0500051 -0.0101485
-7.84737 -0.804375 334.174 -1.25431 0 -3.5 -0.0840312 -0.384181 0.919426
20.1095 -1.858 319.766 -1.17355 -0.00956351 -3.63112 -0.506714 0.360798 0.782985
16.4651 5.69788 357.277 -0.642294 0 3.8 0.00633716 0.960565 0.277984
25.89 5.4425 311.141 -0.692269 -0.629009 1.59744 0.196511 0.616708 -0.76227
23.5786 9.2665 331.933 0.463955 0 1.8 -0.799705 -0.459837 0.386035
13.8785 -15.5632 353.338 -0.948017 -0.558834 -0.7 0.519125 0.812441 -0.265423
34.2057 17.4431 321.113 0.12913 0 -1.6 -0.242675 0.955273 0.169006
29.17 -1.951 336.564 -0.265248 0 -4.5 -0.902545 -0.10575 0.417408
23.7205 -3.89 345.686 -0.932836 0 -3.5 0.208688 -0.292386 -0.933252
36.9087 -10.0039 337.521 -0.110192 0 -1.3 0.107879 -0.946253 0.304906
17.02 -11.34 320.598 -0.260617 0 -3.5 0.346216 0.783033 -0.516715
53.4414 -10.2067 339.086 0.485056 0 -4.5 0.874059 -0.428504 -0.228922
38.5135 -9.2705 315.034 0.0684631 0 -2.1 0.994185 0.0202986 -0.105755
18.6565 2.28525 356.567 -0.0808055 0 3.8 0.975077 -0.213759 0.0594341
18.9848 3.09725 324.015 -0.525811 0 -4.5 -0.976565 -0.0577099 -0.207339
-7.34637 8.20263 332.985 -0.233197 0 -0.7 -0.538739 0.818588 -0.199183
23.5045 -22.7156 323.038 -0.176001 0 1.8 -0.4734 0.498707 -0.726074
15.8034 0.2065 330.293 -0.119925 0 -0.8 0.697947 0.663325 0.269943
3.11037 -0.08275 362.121 -0.637982 0 -4.12422 0.494516 0.840448 0.221587
1.88287 7.45625 338.164 -0.282555 -0.0180316 -2.35769 -0.172061 0.970572 -0.168478
26.6171 -6.3095 314.147 -0.0495815 -0.279683 -1.0658 0.588161 -0.286489 -0.756301
33.6331 -5.911 314.402 0.343333 -0.606254 -1.85101 -0.464102 0.00516744 -0.885767
24.671 5.9185 344.248 -1.4759 0 -1.45002 0.971207 0.132914 0.197715
29.7026 -1.39262 338.715 -0.273762 0 -0.8 -0.898824 -0.419441 -0.12722
27.571 -20.4125 332.24 -0.350101 0 -3.9 -0.196982 -0.134118 0.97119
24.5175 -24.253 327.758 0.221722 0.0327744 0.62889 0.557376 -0.790192 -0.254812
17.388 7.4975 363.133 0.174495 0 -3.9 -0.891921 0.450302 -0.0413016
18.1766 -16.4066 336.019 0.24151 0.732122 -4.5 -0.785902 -0.293569 0.54422
35.9585 15.3698 334.53 -0.473257 0 -3.5 0.922301 0.264907 0.2814
-5.0075 -7.98 360.964 -1.43118 -0.207567 -2.57181 -0.615782 0.782609 0.0912965
6.5655 3.30425 356.736 -0.291972 0 3.8 -0.668356 0.742827 -0.0388349
29.9784 5.9975 312.877 0.0729744 0 -4.5 0.459864 -0.120383 -0.879792
13.8132 6.34487 358.872 -0.292084 0 3.8 -0.30254 0.912013 0.276951
-3.787 6.75725 329.933 -0.335551 0 -0.7 -0.526193 0.0577744 -0.848401
22.3493 4.18375 333.865 0.490561 0.408208 -3.5 -0.998436 0.0168456 -0.0533153
41.3107 -13.3726 342.973 -0.117729 0 -3.5 0.00350464 -0.920292 0.391215
0.102 11.1925 337.918 -0.30785 0 -3.9 0.879796 -0.364132 0.305559
45.8838 -2.79975 341.634 -0.497401 -0.0744359 -0.590435 0.718731 0.228504 0.656667
41.2919 7.6255 326.956 0.219856 0 -0.9 0.674829 0.275886 -0.684465
36.379 0.3505 313.704 0.275032 0 -3.9 0.634561 0.603754 -0.482507
36.891 -13.7335 335.633 -0.123105 -0.266164 2.08306 -0.0530485 0.240667 0.969157
13.0533 -23.0187 328.655 -0.114756 0 -0.7 0.366015 -0.886299 0.283738
28.6182 -20.5928 305.074 -0.010502 0 -4.5 -0.0799395 0.753483 -0.65259
29.5 -25.164 322.574 -0.321008 0 -3.09874 -0.330433 -0.126724 0.935283
8.689 -0.4695 321.059 -0.72675 -0.344515 4.2 0.344403 -0.59183 -0.728782
4.40637 -10.8949 321.662 -0.603595 0 -4.04641 -0.318573 -0.830829 -0.456328
19.4574 5.9575 322.521 -0.0286377 0 -4.5 -0.563861 0.825231 0.0324722
9.88425 -11.7142 352.707 -0.53271 0 -0.812727 0.980101 -0.125497 0.153793
16.1685 -15.658 318.963 -1.19466 0 -3.5 0.317073 -0.382076 -0.868034
-5.0955 -2.96662 349.917 -0.700198 -0.0459243 -3.2 -0.536607 0.834883 0.122572
34.5913 -1.268 344.285 -0.45954 0 -2.02554 -0.806091 -0.591499 0.0185885
32.9165 10.073 344.284 -0.502799 0 -2.7751 -0.315767 0.115658 0.941761
-14.321 -16.2776 354.665 -1.05253 0 -3.5 -0.619353 -0.337121 0.709049
29.367 -8.92275 317.431 -0.0155982 -0.527387 0.818092 0.521191 -0.138709 -0.842093
44.2396 0.5455 322.537 0.372874 0 -0.4 0.64055 0.632904 -0.434889
0.681625 6.87988 342.325 -0.142146 0 -1.6 -0.514377 0.350997 0.782443
13.0253 -10.1023 340.407 0.279928 0.0597705 -3.5 -0.496837 -0.780333 -0.379782
32.9315 18.3253 325.287 -1.26995 -0.329863 -3.5 0.509246 0.851069 -0.127865
0.455 -17.759 326.088 -0.464524 -0.304518 -2.74172 -0.920573 0.385297 0.0639686
7.4885 1.56575 341.41 -0.355757 0 -3.5 -0.992229 0.0456684 0.115741
25.4487 -11.457 339.85 0.124357 0 -3.9 -0.900638 -0.302663 0.311843
51.1061 -5.50025 327.161 0.090014 0 -3.5 0.960472 0.12064 0.250879
0.88525 -5.47675 318.599 0.578252 0.930224 -4.5 -0.492691 -0.729697 -0.474129
33.7487 -19.5476 334.004 -0.29903 0 -3.5 0.858317 -0.0315746 0.512147
45.202 6.286 336.612 -0.326214 0 -3.5 0.67999 -0.147695 0.718192
8.4635 -10.8705 342.399 -0.499661 0 4.2 0.197404 -0.694326 -0.692057
47.0609 -3.10737 341.238 -1.21739 0 -3.5 0.0882342 0.00706572 0.996075
25.0211 -8.03638 319.109 -0.120451 0 -4.5 -0.654785 -0.427423 0.623351
50.2785 -20.4485 329.314 -1.39167 0 -3.5 0.890891 -0.445165 -0.090224
31.7722 -17.3538 332.551 -1.44054 -0.362267 -3.5 0.748091 0.642377 0.166464
3.55575 -11.8457 366.301 -1.42388 -0.913027 -3.5 -0.607894 -0.160475 0.777633
20.8447 2.255 326.554 -0.559179 0.336184 -3.85405 -0.513191 0.0655726 0.855766
54.068 -15.657 328.309 -1.06678 0 -3.2 0.159728 -0.949124 0.271387
0.202375 -13.7756 365.568 0.258941 0.108751 -4.5 -0.719423 0.331464 0.610379
24.5409 7.42613 316.517 -0.52388 -0.258339 -2.7411 -0.0170263 0.999207 -0.0360023
25.0769 7.83488 314.812 -0.201227 0 -0.8 -0.17075 0.983321 -0.0626466
20.7402 -20.1215 310.022 0.646109 0 -0.98441 -0.602592 -0.508923 -0.61472
26.5583 -22.512 315.65 -0.286294 -0.277188 -1.99994 -0.148082 0.58625 -0.796481
28.7227 4.82688 349.1 2.01995 0 -0.4 -0.380674 -0.775973 0.502945
-8.58975 -7.11775 351.887 0.1614 0 1.8 -0.577733 0.815631 0.0311582
-0.969 -8.35525 348.697 -0.539574 0 -0.7 -0.522914 -0.212151 -0.825562
19.2755 -6.56025 350.942 -0.705909 -0.253852 -0.7 0.442699 -0.712624 -0.544229
-10.6381 -16.8512 356.004 0.00753347 0 -3.2 -0.637637 -0.725082 0.260143
31.4546 -23.0269 308.47 0.128144 0 -4.5 0.835437 -0.367656 -0.408502
7.1325 -17.5795 334.557 4.05634 0 -3.9 0.766843 -0.443821 0.463653
-0.391375 -20.9719 327.104 0.250161 0 -3.5 -0.945513 -0.221431 0.238691
26.3678 -12.4325 340.145 0.597769 0 -3.9 -0.657544 -0.703715 0.269111
23.459 -3.5855 312.895 -0.832326 -0.166219 -0.8 0.190545 -0.556918 -0.808415
-4.35162 -5.46375 337.815 1.24025 0 -3.62861 -0.344758 0.281745 0.895411
22.1805 12.5197 338.107 -0.216851 0 -0.7 -0.930009 0.26602 0.253608
22.1707 -22.6844 317.515 0.0979375 0 -0.4 -0.351514 -0.598523 0.719867
24.5987 6.05638 311.494 -0.214916 -0.00816645 1.54737 -0.131686 0.733952 -0.666313
34.0899 -27.0045 324.947 -0.201482 0 0.296409 -0.107579 -0.938539 0.327982
33.759 -10.7529 337.688 0.00856423 0.0102911 -2.54475 -0.499587 -0.451565 0.739258
-2.92675 -6.79688 340.189 -0.865843 -0.0576283 -3.5 -0.685907 -0.713524 -0.14288
24.4056 9.99475 334.119 0.714322 0.183128 -0.9 -0.986872 -0.0306372 0.158569
-9.69662 3.19425 330.599 -0.694214 0 -3.5 -0.733353 0.623491 -0.271022
13.7423 -14.1355 357.429 -0.267113 0 -3.5 0.516071 -0.187928 -0.835675
-6.73875 -8.04712 348.889 -0.489631 -0.287585 -0.897889 -0.492719 0.176903 -0.852017
-5.74687 6.939 331.274 -0.655959 0 -0.7 -0.297456 0.382639 -0.874704
-4.7475 -9.4315 336.036 -0.206717 0 -3.9 -0.0333615 -0.770105 0.637044
29.9264 -10.6179 311.851 0.247062 0 -2.22497 -0.179702 0.946301 0.268742
30.7087 16.4333 331.191 -0.748743 -0.536713 -3.5 -0.771931 0.278906 0.571257
11.0892 -9.31563 353.401 -0.439937 0 -0.817116 0.600162 -0.596923 -0.532436
41.9408 0.722625 320.684 0.132924 0 -3.9 0.79393 0.178011 -0.581367
17.0624 -2.55363 337.98 -0.401228 0 -1.6 0.77797 -0.608335 0.157132
30.3169 -20.28 310.311 0.337858 0 -4.5 0.239478 0.962995 -0.123656
23.3539 -11.237 312.693 -0.76707 -0.322765 -3.5 -0.836589 0.533319 -0.125258
20.9146 -0.675125 359.144 0.026483 0 -1.6 0.942179 -0.239705 -0.234181
5.508 1.541 317.955 -1.06202 -0 -3.5 0.497653 0.278882 -0.82132
-1.35575 -4.1795 319.625 0.166272 0 -4.5 -0.36359 -0.0630118 -0.929426
40.5624 -13.0365 344.05 -1.21658 -0.428441 -3.5 -0.128237 -0.968946 0.211421
6.9135 -20.0285 352.055 -0.146975 0.301342 -3.5 0.242044 -0.661786 -0.709545
22.1087 8.26962 360.516 0.152026 0 -1.6 0.69959 0.0670479 0.711391
18.9765 3.253 337.809 -0.320859 0 2.8 0.126701 0.123021 -0.984283
-4.70325 9.46275 340.59 -0.0648163 0 -3.5 -0.876935 0.0126811 0.480442
24.337 -16.6559 306.198 -1.1608 -0.00293512 -0.4 -0.293264 0.523998 -0.799639
25.6285 8.549 347.616 -1.1337 -0.43703 -2.99949 0.992431 -0.0991427 -0.0724622
44.962 -24.7374 322.4 -0.292106 0 -0.7 0.729441 -0.68314 -0.035164
15.49 -15.7153 333.88 -0.604285 -0.163987 -0.4 -0.0842309 -0.567837 0.81882
45.8228 -20.3349 333.866 0.548083 0 -3.9 0.640637 -0.00277452 0.767839
44.8086 -12.0786 322.299 0.0924487 0 2.8 0.745513 -0.435728 -0.504333
52.8525 -19.2325 323.393 -0.0922229 0 1.8 0.504323 -0.519389 -0.68985
3.75375 -12.9808 366.315 -1.31953 -0.460434 -3.5 -0.588028 0.113238 0.800874
28.437 14.2423 343.557 -0.392406 0 -3.57134 -0.50219 0.464881 0.729171
55.473 -13.767 326.295 -0.348327 0 -3.2 0.691281 0.104049 -0.715055
-6.705 0.877125 334.81 -0.677674 0 -2.30096 0.217602 -0.582314 0.7833
37.8585 11.8881 338.016 -0.803778 0 -4.5 0.919763 0.370382 -0.12982
48.767 -17.1268 336.343 -0.19526 0 -0.8 0.95607 -0.259765 -0.135837
25.586 -0.184 338.472 -0.91394 0 -3.5 0.123804 -0.980691 0.151389
25.345 -18.6035 332.1 -1.17234 -0.425479 -0.4 -0.0727214 -0.439926 0.895085
40.5868 8.23913 343.166 0.796342 0 -2.41128 0.484347 0.822674 0.297683
-3.019 -1.67188 323.51 -0.193864 0 -3.55863 -0.0368629 0.670937 -0.740597
-0.4945 -15.7255 355.353 -0.851101 0 3.127 0.296506 -0.954531 0.0309036
40.4469 -11.6652 338.943 -0.514298 0 -3.52615 -0.978487 0.141354 -0.150276
23.7159 14.853 328.241 -1.88774 -0.0967112 -2.84382 -0.539933 0.841208 0.0290044
-1.041 12.32 332.873 0.381177 0 -0.8 -0.576592 0.728483 -0.369939
23.2542 13.556 339.831 -0.613856 -0.0845409 -3.5 -0.848208 0.502346 -0.167902
52.111 -7.091 333.385 -0.0855846 0 -3.5 0.437772 0.476887 0.76219
-1.59012 -10.5437 334.632 0.387537 0 -3.9 -0.435858 -0.836235 0.332775
5.498 6.8095 320.499 -0.147668 0 -3.9 0.487255 0.732373 -0.475617
27.3487 -4.19725 334.992 -0.156938 0 2.8 -0.685785 0.130174 0.716069
14.1741 -13.4986 320.119 -0.587411 0 -3.5 -0.897863 0.108181 -0.426778
25.247 4.25275 344.581 -1.17153 0 -1.6 0.915056 0.319287 -0.24643
-6.35638 -5.07475 356.03 -0.478888 0 -3.2 -0.831239 0.466114 0.302952
16.967 -3.3915 335.214 -0.375809 0 -1.6 0.967895 0.0505382 0.246221
29.1772 -21.9124 325.565 -0.437169 0 -1.3 0.18267 -0.915034 0.359645
46.583 -10.0909 341.428 -0.258721 -0.238092 -3.5 0.2654 0.692221 0.671113
37.9475 12.8804 342.039 -0.74576 -0.199236 -2.32418 0.853848 -0.0447286 0.518598
49.033 -18.249 322.956 -0.324138 0 -3.9 0.554894 0.00879959 -0.831875
-7.431 -12.0382 348.571 -0.403814 0 4.2 -0.320549 0.0364458 -0.946531
25.1432 -8.62625 310.212 -0.309801 0 -3.5 -0.669635 0.735869 0.100434
-0.976 -10.552 320.3 -0.0724812 0 -4.5 -0.452209 -0.631974 -0.629377
22.5257 -27.241 310.977 0.0181387 0 1.8 -0.0734684 -0.666581 -0.741804
2.52038 -14.7921 356.979 -0.96662 -0.0402726 0.285675 0.0223503 -0.966594 0.255335
20.3989 -25.1677 324.674 2.1352 0 1.8 -0.78351 -0.0260818 -0.620832
53.9611 -16.9179 325.849 -0.931542 -0.584378 1.8 0.939448 -0.338297 0.0547108
36.9484 1.6025 349.01 0.595646 0 -0.4 0.0704861 -0.638287 0.766565
44.6053 0.612875 343.322 0.169509 0.0488717 2.8 0.989856 0.118893 0.0777729
13.4055 -20.93 330.78 0.283927 0 -0.7 0.144018 -0.892063 0.428348
12.9124 5.54775 353.03 -0.647135 0 -1.6 -0.332217 0.837098 0.434625
-7.7435 -5.5225 334.521 -0.321196 0 -3.69997 -0.788464 0.0339352 0.614144
-6.6575 -12.4921 362.75 -1.34949 -0.310428 -0.676977 -0.574103 -0.359304 0.735735
36.2661 -22.2386 315.272 -0.0798861 0 -0.7 0.628611 -0.254926 -0.734752
45.9485 -24.0654 324.455 -0.0741452 0 -1.79576 0.498582 -0.667005 -0.553642
-0.266 13.163 333.89 0.308204 0.899348 -0.8 -0.20049 0.979143 -0.0329171
-2.43563 -13.2834 364.012 -0.0909599 0 -3.5 -0.568816 -0.198002 0.798275
28.959 -7.907 316.366 0.00858336 0 2.8 0.438023 -0.415985 -0.796927
0.929 12.5365 330.433 -0.226752 0 -0.8 -0.0764529 0.542496 -0.836572
48.4181 -10.629 325.648 -0.108588 0 4.2 0.526474 0.341139 -0.778749
25.894 -29.0409 312.208 0.00771248 0 -0.8 0.0912749 -0.784928 -0.612827
9.027 9.80025 345.668 1.98652 0 -3.9 -0.745542 -0.282547 -0.603601
12.1861 -18.0269 351.004 -0.302906 0 -0.7 -0.194574 -0.428119 -0.882528
-8.16712 2.52537 327.526 -0.374375 -0.0463124 -3.60638 -0.694009 0.406895 -0.593959
26.6903 -9.54725 336.094 -0.0807832 0 -3.9 0.326733 0.94498 0.0160681
39.7355 14.224 329.306 0.0642402 0 -4.5 0.737301 0.668805 0.0953212
8.7535 -21.997 324.306 -0.490254 0 3.95547 0.0292683 -0.920186 -0.390386
28.8981 4.27962 347.041 0.490542 0 -0.4 -0.734601 -0.39579 -0.5511
-0.2775 -5.84075 345.514 -0.865999 0 -4.5 -0.693745 -0.627498 -0.353502
13.8759 -12.5901 347.463 -0.208339 0 3.8 0.31873 -0.942176 0.103517
8.72775 -11.4703 319.171 -0.919712 0 -3.5 0.355843 -0.275034 -0.893159
18.7829 2.57063 361.612 -0.234673 0 -2.89986 -0.168197 -0.374017 0.912042
31.134 7.56725 312.564 0.424489 0 -4.5 0.141536 -0.223554 -0.96436
26.5885 -20.8948 305.737 0.655873 0.766463 -4.5 -0.771586 0.0471732 -0.634373
47.9571 -15.6298 340.221 -2.12285 -0.158988 -3.5 0.518631 -0.746941 0.416054
32.5555 -21.6702 309.802 0.796354 0.673011 -4.5 0.821884 0.508669 -0.256442
46.4335 -18.81 319.771 0.515911 0 -3.9 0.654681 -0.360967 -0.66415
-6.30625 -6.25875 320.7 -0.903506 0 -3.5 -0.262255 -0.914447 -0.308235
42.3805 -5.251 342.944 -0.469898 0 -0.4595 0.35667 -0.833494 0.421988
25.9606 -16.6466 335.141 -1.07132 0 -3.5 0.246461 -0.935691 0.252466
40.2565 8.924 342.29 0.751264 0 -2.69643 0.492758 0.667494 0.558249
5.05175 -4.49725 338.841 -2.2301 -0.715364 2.40523 0.27569 -0.931731 0.236372
35.2251 -18.7323 331.803 0.0867011 0 3.84796 0.201597 -0.409938 0.889556
52.9036 -13.9522 324.19 -0.187495 0 1.8 0.685396 0.325983 -0.651128
20.615 -5.8515 347.179 -1.32417 -0.244036 -3.5 -0.318277 -0.846916 -0.42595
32.7243 -24.7628 327.121 -1.21707 -0.204535 -2.9693 -0.809301 0.435629 0.394029
34.1562 17.4638 334.772 -1.32969 -0.397071 -3.5 -0.204146 0.962723 0.177452
35.4716 -9.746 346.212 0.465966 0 -4.5 -0.00460433 -0.82652 0.562888
28.267 5.904 348.237 0.693635 0 -0.4 -0.389922 0.591546 -0.705716
24.7595 -6.39475 346.836 -1.5109 -0.531299 -3.5 0.476654 -0.860311 -0.180735
5.75275 -4.83025 320.414 -0.570811 0.053735 -4.04881 0.965874 0.253524 -0.0530385
34.5127 15.988 337.78 -0.430569 0 -3.5 0.120137 0.992064 0.0370895
18.449 5.754 324.94 -0.187775 0 -4.5 -0.580827 0.809556 -0.0851958
10.0504 -18.7283 356.369 0.493047 0.442695 -3.5 0.56554 -0.403799 0.719104
-10.5104 -0.428375 335.5 -1.03925 -0.790355 -3.5 -0.304013 -0.875333 0.37599
-6.35756 -17.7937 358.959 -0.669207 0 -3.2 0.311388 -0.932498 -0.18299
25.869 -24.613 308.378 -0.34229 -0.135736 -3.5 -0.764382 -0.472602 -0.438597
21.0711 -2.06663 357.828 -0.0861804 0 -2.93661 0.611882 0.24811 0.751027
-4.29425 -2.43313 353.414 -0.442347 0 -2.99183 -0.650619 0.740837 -0.166898
20.6558 2.005 313.244 0.133427 0 1.8 -0.934879 0.00089102 -0.354964
49.4114 -4.036 338.236 -0.438065 0 -4.29412 0.41193 0.877578 -0.245296
39.5028 -8.1575 316.801 -0.412112 -0.982906 -0.7 0.738871 0.0849215 -0.668475
29.054 8.35925 319.555 -1.77063 0 1.9 -0.229707 0.892646 -0.387837
38.4986 -9.137 345.409 -0.409673 0.0998567 -3.83356 -0.0867495 0.0644754 0.994142
14.348 -15.8905 355.546 -1.01185 -0.992611 -0.7 0.573273 0.531696 0.623424
54.3061 -14.6103 330.776 0.0373084 0 -3.2 -0.234845 -0.607635 0.758701
2.08363 0.76325 338.322 0.0928492 0.46075 -0.9 0.16094 0.173767 0.971547
44.8951 -0.8265 323.317 0.678901 0 -0.4 0.898655 0.433374 0.0678733
38.7004 -26.5489 332.141 -0.7428 0 1.8 0.751493 -0.605565 0.261819
-4.5965 -16.9765 351.997 -2.22072 0 -3.5 0.253009 -0.275835 -0.927309
29.7021 -27.998 314.096 -0.577495 0 -3.5 0.358312 -0.705351 -0.611631
40.5505 -14.646 315.618 -0.264944 0 1.32021 0.756327 -0.430031 -0.492994
14.8059 -4.793 322.793 -0.480638 0 -2.62192 0.643977 -0.459491 -0.611687
27.6774 -14.0851 313.163 0.324072 0 -1.6 0.460439 -0.83679 -0.296275
-8.5065 -4.3285 326.172 -0.619003 -0.085874 -3.5 -0.781044 -0.5747 0.244317
10.7227 -21.9352 322.263 -1.38681 -0.788271 4.2 -0.60396 -0.469671 -0.643926
31.124 -31.098 318.038 -0.227527 0 -3.5 -0.486728 -0.649692 0.583949
26.689 15.642 331.367 -0.218388 0 -1.21668 -0.143728 0.972798 0.181675
37.2959 13.1521 327.28 -0.90161 -0.861356 -3.56776 0.73151 -0.0174153 -0.681609
27.9657 -22.0375 315.069 0.136019 0 -4.5 -0.377332 0.862612 -0.336928
20.898 -1.73825 311.915 -1.46712 0 -3.5 -0.497723 -0.402593 -0.768238
-10.0938 -1.72025 333.838 -1.40101 0 -3.9 -0.167375 -0.662067 0.730515
19.5317 4.00287 338.533 -0.658813 0 -0.4 0.577529 -0.0159627 -0.816214
-6.25275 -17.2595 361.337 -0.457759 0 -3.2 0.36732 -0.600615 0.710167
38.603 -15.669 336.056 0.058569 0 1.8 -0.17842 -0.247104 0.952421
2.12562 -0.285875 338.882 -0.239074 0.155816 -0.864786 0.533111 0.578662 0.617206
4.7375 -19.4235 323.385 -0.354106 -0.0183509 -0.503857 0.238159 0.179737 -0.95445
29.8911 2.982 344.133 -1.71505 -0.783154 -0.8 -0.950888 -0.309445 -0.00747812
7.46675 4.88912 327.725 0.047524 0 -0.989128 0.38 0.78537 -0.488666
35.6857 14.0483 316.12 -0.316939 0 -1.6 -0.0124209 0.330395 -0.943761
-0.3725 -0.094125 357.848 -0.339992 0.599341 -3.13187 0.362938 0.883455 -0.296283
32.856 -21.183 328.922 -0.767751 0 -1.3 -0.498397 -0.714039 -0.491679
41.9396 -13.6131 342.227 0.397269 0 -3.5 0.147667 -0.799595 0.582102
16.9197 0.018375 334.74 0.036608 0 -1.6 0.781693 0.238753 -0.576154
-14.3247 5.11575 335.304 -1.43325 0 -3.5 -0.656947 0.0658301 -0.751057
21.5004 1.62937 359.487 0.393011 0 -1.6 0.981932 -0.0916212 -0.165578
5.971 -4.005 319.21 -0.171343 0.80191 -4.5 0.985773 -0.156076 -0.0623803
50.3208 -5.279 329.022 0.0481495 0 -3.5 0.915289 0.366534 0.16703
26.8996 -17.334 314.238 0.106143 0 -0.8 0.581587 -0.568995 -0.581379
8.292 10.0775 346.303 1.71686 0 -3.9 -0.794106 -0.292483 -0.532775
48.0985 -17.994 331.884 -0.230496 0 -3.5 0.425623 0.31662 0.847701
15.0382 -22.9673 327.922 0.0733426 0 -3.5 -0.541482 -0.601385 0.587481
52.9002 -9.99175 340.903 -0.13284 0 -4.5 0.73792 -0.455296 0.498176
51.9446 -9.65938 342.036 -0.0820921 0 -4.5 0.445518 -0.4754 0.758622
3.074 9.22688 322.914 1.25499 0.633012 -3.9 -0.497579 0.703808 -0.50702
42.7669 -21.5406 334.742 0.188951 0.0170427 -2.1479 0.0470184 -0.697308 0.715228
13.7865 -7.1445 364.457 0.0592551 0.817679 -3.5 0.371945 0.578663 0.725814
27.139 -17.43 332.58 -0.763421 0 -0.525862 -0.0337837 -0.792552 0.608868
33.3338 -28.0534 322.308 -0.137667 0 -1.3 0.193515 -0.901004 0.388257
-5.858 -5.5455 347.83 -0.547983 0 -3.2 -0.698412 -0.239909 -0.674288
3.2035 -9.4275 340.198 -0.0352507 0 1.9 0.535845 -0.336772 -0.774244
43.0314 -1.653 326.534 0.84394 0.266119 0.877183 0.936137 0.318059 0.149952
2.613 9.124 327.442 -0.324928 0 -3.5 -0.824701 0.53903 -0.171215
26.2673 -8.34975 334.375 -0.360363 0 0.876135 0.318633 0.558801 0.765646
-2.9255 -15.536 362.077 -0.19438 0 -3.02813 -0.677361 -0.352319 0.645797
0.848 -13.964 325.083 0.159053 0 -1.6 -0.881638 -0.32864 -0.338688
22.1825 6.08563 322.551 0.162575 0.301581 -4.5 -0.205566 0.978558 -0.0129126
2.15325 0.453 354.456 -0.103998 0 1.9 -0.208884 0.674697 0.70792
55.1199 -8.0825 332.072 -1.42023 0 -3.5 0.632918 -0.13854 0.761723
40.9645 8.4775 318.833 0.339346 0.0534769 -4.5 0.4288 0.396207 0.811881
2.25425 -5.2 338.416 -2.06796 -0.820711 1.9 0.0380064 -0.913685 -0.404643
32.2453 17.1315 323.906 -1.40638 -0.0176804 -3.5 -0.263036 0.721066 -0.640996
20.8009 -1.73825 331.764 -0.762721 -0.093478 -1.3 -0.749957 0.657089 0.0761395
41.4582 -11.7402 317.398 -0.17044 0 -0.7 0.380778 0.677882 -0.628875
-5.30988 -3.04713 355.22 -0.53872 0 -2.13976 -0.937001 0.313721 -0.15365
27.836 -8.54838 340.868 0.0248023 0 -3.9 0.148891 0.976195 0.157715
23.4306 -6.9715 314.672 0.163398 0 -4.5 -0.227565 -0.282328 -0.931936
27.7358 -26.5352 322.437 0.606388 0.440019 -3.5 -0.344404 -0.583747 0.735272
4.574 -11.2633 349.43 -0.108431 0 1.8 -0.547314 -0.801107 -0.242231
7.98525 6.507 349.178 -0.0888053 0 -3.9 -0.995133 0.0201225 0.0964687
40.8652 -23.4245 333.354 0.486355 0.405815 1.8 0.407863 -0.559438 0.721579
7.04238 -9.26562 364.951 0.183583 0 -4.06358 0.194227 0.896784 0.39756
23.299 8.0665 334.55 0.0865878 0 -0.7 -0.749523 0.655299 0.0938013
26.2952 -24.03 321.84 -0.534198 0 -3.32245 -0.404429 -0.770673 0.492443
2.32725 -0.523 341.678 -1.57161 0 -4.5 0.738857 0.630777 -0.237087
2.636 -22.8668 328.808 0.381761 0.798467 -3.5 0.321758 -0.645546 0.692634
5.38363 -2.47913 318.785 -0.13585 0.0670363 -4.5 0.963652 0.217915 0.154557
27.8284 -19.2944 310.489 0.246018 0 -4.5 0.345835 0.345121 0.872519
26.0625 -17.1005 311.385 0.0813797 0 -4.5 0.605105 -0.385199 0.696756
3.62212 8.884 336.334 -0.0189288 0 -2.40891 -0.267393 0.806779 0.526886
39.8392 -11.5688 317.13 -0.346453 0 -0.7 0.583986 0.440199 -0.682045
16.1772 3.63975 325.753 -0.420179 0.561498 -4.32654 -0.000449144 0.107164 -0.994241
4.28225 -5.29375 338.817 -2.25331 -0.762975 2.34006 0.503882 -0.863558 0.0192521
-7.14 -6.3395 325.799 -0.524121 0 -0.4 -0.690364 -0.510493 0.512634
19.51 -18.5403 312.38 0.0964897 0 -1.6 -0.854212 0.279722 -0.438266
34.6203 6.82338 315.525 0.261419 0 -0.7 0.631586 -0.0929452 -0.769714
2.812 -8.3615 339.867 -0.42239 0 1.9 0.328713 -0.020597 -0.944205
41.815 7.063 327.8 0.146631 0 -0.9 0.989212 0.125475 -0.0755967
41.0028 16.292 320.753 -1.25712 0 -3.5 0.7609 0.648862 -0.00287851
29.2897 -11.7812 339.249 0.685608 0.0112888 -3.9 0.760316 -0.524545 -0.383109
-4.398 -8.59475 348.806 -0.354511 0 -3.2 0.0547335 -0.371596 -0.92678
-8.45925 -14.664 348.455 0.510807 0.287828 -0.8 -0.000592549 -0.22129 -0.975208
-1.63 -6.90525 337.548 -0.382744 0 -3.67968 -0.293457 -0.914705 0.277844
51.589 -4.4085 339.966 0.318639 0.921035 -4.5 0.688793 0.706605 0.16209
25.3461 -10.2102 307.875 -0.0949058 0 -3.5 -0.771773 0.298373 -0.561551
-8.4345 7.887 339.513 -0.0646632 0 -3.5 -0.485793 0.519943 0.702613
-2.702 -12.2525 325.978 -0.102329 0 4.5 -0.867298 -0.258712 -0.425279
20.5466 -23.2889 315.945 -0.0792484 0 -0.4 -0.820673 -0.436422 0.368825
-5.6185 -2.936 347.076 -0.238722 0 -3.2 -0.780508 0.297048 -0.550064
31.9006 -8.89837 310.694 0.191553 0.491351 -4.5 -0.543104 0.836992 -0.0669478
16.2087 8.61 338.044 -0.714584 0 -3.5 0.304238 0.887051 0.347246
7.44075 -6.6085 363.706 -0.258401 0 -0.7 0.117303 -0.372685 0.920514
-6.91475 -5.00675 329.867 -0.463622 0 -3.5 0.0676586 -0.780368 -0.621649
36.4186 -17.5724 314.699 -0.0754991 0.155952 0.131338 0.259774 -0.283017 -0.923265
42.2436 6.60663 346.305 -0.302692 0 -4.03398 0.670722 0.736692 -0.0861205
48.8175 -15.9271 336.073 -0.454502 0 -2.60295 0.888022 -0.459121 0.0250031
-2.76887 -7.141 321.444 -0.190124 0 -3.5 -0.239814 -0.299872 -0.923345
37.1205 -5.652 345.903 0.0505866 0 3.8 0.328382 -0.648541 0.686702
22.1771 -21.1632 325.942 -0.435854 0 -0.541669 0.100933 0.339514 -0.93517
-8.6385 -18.343 356.672 -0.0489148 0 -3.2 -0.110459 -0.975074 -0.192432
0.492375 -22.7135 325.131 -1.29664 -0.600825 -3.5 -0.572549 -0.5845 -0.574933
27.91 -7.64512 315.807 0.0785992 0 2.8 0.603679 -0.0377943 -0.796331
21.2769 -26.5643 311.091 -0.00854549 0 1.8 -0.557441 -0.327324 -0.762967
51.0125 -19.4006 326.568 0.226404 0 1.8 0.365986 -0.807342 0.462875
-2.796 -7.21613 348.268 -0.372005 0 -3.2 0.105688 -0.585379 -0.803841
8.54 8.7185 346.405 0.349404 0 -3.9 -0.741598 -0.324393 -0.587198
33.675 18.1575 329.266 -0.316703 0 -3.5 0.417221 0.853578 -0.311979
43.5635 -7.9775 319.012 -1.15475 0 4.2 0.301287 0.0274392 -0.953139
2.09925 1.28 361.867 -0.74281 0 -3.5 0.733621 0.655393 -0.179613
-6.04637 -7.71338 356.365 -0.940178 0 -3.2 -0.838142 -0.417812 0.350644
41.9082 -9.30544 344.731 -1.50595 0 -3.5 0.801836 0.490903 0.340694
5.7145 3.15675 354.306 -0.254257 0 -3.2 -0.345724 0.525887 0.777122
35.6615 -14.307 335.865 -0.403521 -0.169192 -0.95441 -0.0382552 -0.111971 0.992975
18.8975 -3.387 324.513 -0.61429 -0.450657 1.56802 -0.215407 -0.736909 -0.640754
-4.18 13.0852 333.566 -1.33257 -0.0868086 -0.4 -0.0795718 0.567432 -0.819566
36.9982 15.2501 342.697 -1.92589 -0.916375 -3.5 0.136956 0.467631 0.873249
25.4708 -23.0767 314.349 -0.0393846 -0.296362 -2.19867 0.4788 0.877746 0.0176789
41.345 -7.39775 341.198 -0.195828 -0.176608 -4.31365 0.821043 0.00215599 0.570863
0.30875 -15.8807 356.342 -0.773221 -0.183233 1.22627 0.429907 -0.90205 -0.0385398
30.5224 8.74725 344.087 -0.699679 0 -3.2 -0.109985 0.429057 0.896557
30.2638 -11.4653 309.497 -1.01136 0 -4.05991 0.228709 -0.898752 -0.374082
-3.4295 -5.43875 364.077 -1.00128 -0.141712 -3.5 -0.945097 0.148336 0.291183
6.123 4.9105 346.353 -0.24798 0 3.8 -0.452156 0.826835 0.334513
32.1208 -18.0464 313.756 0.211027 0 -0.4 -0.661402 0.43195 -0.61316
-6.3895 -7.86912 324.609 -0.316577 0 -0.4 -0.392282 -0.908285 -0.14537
11.6073 0.4885 363.401 -0.230987 0 -0.7 0.434051 0.555209 0.709466
-7.06225 -8.9875 354.205 -0.798141 0 1.8 -0.458803 -0.0991797 0.882985
21.324 -15.294 319.177 -0.205326 0 4.2 -0.926148 -0.258425 0.27471
-0.58275 5.118 342.099 -0.971131 -0.772565 1.8 -0.0141156 -0.253703 0.967179
16.0544 -13.887 318.523 -0.444634 0 -3.5 -0.0291534 -0.00220737 -0.999573
38.0062 -32.7725 328.618 -0.365289 0 1.9 0.238527 -0.854412 0.461611
42.7636 5.3055 330.607 -0.0469212 0 -0.7 -0.00740386 0.993165 -0.116482
30.4625 17.605 330.405 -0.462747 -0.716633 -3.5 -0.677338 0.508417 0.531719
4.45975 0.716375 345.851 -0.932833 0.191193 -2.31532 -0.552349 0.335397 -0.763164
31.0164 -25.1644 312.784 0.461466 0.0204986 -4.5 0.724168 -0.590349 -0.356467
44.7044 -20.4416 335.092 -0.472608 -0.447644 -1.39401 0.651171 -0.307453 0.693865
21.0559 3.91788 361.553 0.00512129 0 -3.9 0.901391 -0.330269 0.280029
42.1474 7.04887 349.578 -0.278634 0 -3.5 0.602769 0.619361 0.503052
45.7899 3.4695 332.056 -0.737072 -0.726677 -0.7 0.828644 0.559425 0.019829
50.1394 -15.9096 323.306 0.174343 0 1.8 0.322393 -0.236173 -0.916671
-9.11125 -10.4727 353.761 -0.759028 0 1.8 -0.472697 -0.0336176 0.880583
7.0895 -13.3105 333.461 0.0995602 0 4.5 -0.32008 -0.24205 0.915948
27.2005 -21.6073 311.146 0.168685 0 -3.5 0.00293055 0.685691 0.727887
51.7952 -7.60463 342.615 0.558812 0 -4.5 0.312264 0.367899 0.875866
-3.97725 -2.378 352.093 -0.855436 -0.756837 -3.2 -0.441467 0.892407 -0.0933676
47.3483 -6.30638 339.612 -1.5602 0 -3.90768 -0.396392 -0.273213 0.876486
21.365 -0.5305 331.958 -1.36787 -0.850393 -1.3 -0.891253 0.371132 0.260631
31.787 -20.867 334.643 -0.519117 0 -3.5 -0.183229 -0.829936 0.52691
21.2805 3.28425 320.136 -0.352042 0 -4.5 -0.0797352 -0.562405 -0.823008
19.0452 6.83988 335.853 -0.147743 0 -0.4 0.728035 0.328995 -0.601438
29.2576 -12.6846 336.253 -0.402209 0 -3.9 0.681006 -0.490707 0.543541
22.1908 14.2005 333.211 -0.055016 0 -1.6 -0.444755 0.688331 0.573055
22.8382 5.82525 358.153 0.0464345 0 -1.6 0.960736 -0.274762 -0.0386369
-4.80325 -16.4995 361.212 0.111398 0 -2.50066 0.266232 -0.411894 0.871472
20.7024 -2.35413 312.772 -0.850394 0 -3.5 -0.573929 -0.3824 -0.724139
4.1685 -0.68 339.123 -0.384656 0 0.604148 -0.237917 0.583686 0.776341
4.859 -1.238 366.837 -0.19446 0 -4.5 0.745798 0.563617 0.355137
24.357 18.9385 341.578 -1.6141 -0.490487 -3.5 -0.880928 0.379151 0.283215
12.013 -1.32469 363.124 -0.232028 0 -0.7 0.721063 0.0410459 0.691653
25.459 15.8225 342.219 -0.601558 0 -3.5 -0.34299 0.184584 0.921025
36.8145 -33.2165 328.185 -0.442002 0 1.9 0.126898 -0.92761 0.351335
32.7406 14.0243 319.778 -0.155376 0 -1.24677 -0.854569 0.188936 -0.483751
21.3245 -13.2975 336.314 -1.56914 0 -3.5 -0.375247 0.549479 0.7465
34.1717 -22.2564 328.469 -0.828431 0 -1.3 -0.907495 -0.414745 0.0666344
10.725 -16.3824 359.503 -0.462262 0 -3.5 0.256401 -0.964521 0.0629156
23.6446 -11.1424 321.536 -0.205691 0 1.4713 -0.683293 0.727886 -0.0573873
35.4386 -30.1502 329.187 -0.390473 0 1.9 -0.926317 -0.00469363 0.376716
15.8798 -23.8754 328.397 -0.0841662 0 -3.5 -0.469378 -0.659685 0.586941
-14.4866 -2.7375 332.317 0.782341 0 -3.9 0.0746464 -0.969827 0.232087
14.1777 6.5295 352.632 -0.679485 -0.211932 1.1487 -0.430718 0.801058 0.415677
24.9102 -8.07025 335.6 -0.212574 0 -0.8 0.324735 0.75238 0.573124
18.2932 -8.54562 324.127 -0.444589 0 3.8 -0.448255 0.153256 -0.88067
26.5445 -8.17475 310.163 -0.35549 0 -3.5 -0.0549172 0.97207 0.228177
0.66 6.4865 327.428 -0.260186 0 -1.22257 -0.53302 0.377618 -0.757162
-0.69825 8.4475 337.813 -0.0335807 0.692094 -3.5 0.866185 0.438098 -0.240404
44.2091 -13.608 318.059 -0.048123 0 -0.7 0.981673 0.0434813 -0.185545
43.059 -24.759 320.299 0.298979 0 -0.7 0.311068 -0.482785 -0.81863
2.75175 8.01338 341.25 -0.733322 -0.608565 -1.6 -0.00475267 0.998683 0.0510919
45.9501 -25.7794 325.56 0.160423 0 -3.2 0.123373 -0.713116 -0.690105
25.0906 -9.35725 312.398 -0.610706 0 -3.33359 -0.608437 0.764175 -0.214103
47.5246 -16.4818 321.506 0.0242378 0 -3.9 0.674811 0.541426 -0.501487
0.454875 7.6885 338.746 -0.23326 -0.137831 -3.18186 0.402266 0.758077 -0.513324
-2.862 -9.3795 323.329 0.239321 0.789253 -4.5 -0.754913 -0.592214 0.281761
20.5947 -1.2665 358.211 -0.0607498 0 -2.49562 0.980472 0.0190795 0.195732
38.3431 -8.62825 340.273 -0.255578 -0.0117569 -2.17182 -0.142654 -0.984643 0.100634
30.6564 -24.5005 323.301 -0.539728 0 -1.3 -0.738996 -0.205782 0.641513
20.0058 1.46625 321.834 -0.368635 0.0213411 -4.5 -0.458 -0.664121 -0.590914
35.047 -28.8544 329.078 0.484185 0 -2.98576 -0.720372 -0.647164 0.249485
30.0359 -23.2326 330.336 0.158036 0 -3.9 0.910305 -0.413907 -0.00509354
4.01912 -15.2107 351.406 -1.83293 -0.208726 -3.5 -0.318779 3.99389e-05 -0.947829
-4.725 10.766 341.111 -0.468872 0 -3.5 -0.968259 0.00437788 0.249909
4.41888 -21.9066 327.324 0.305734 0.145802 -0.8 0.0728085 -0.111484 0.991095
22.5074 14.3636 325.342 -1.75657 -0.700653 -3.5 -0.852692 0.504271 -0.136481
46.3295 -19.004 333.712 0.0615377 0.327822 -1.32244 0.898292 -0.27355 0.343864
34.5967 -31.9219 327.83 0.0325353 0 1.9 -0.933966 -0.0674909 0.350931
7.589 2.5075 320.249 0.334471 0 4.2 0.670482 0.391478 -0.630238
19.3822 2.99925 357.46 -0.396047 0 1.58263 0.55478 -0.667071 -0.497228
42.322 8.671 316.498 0.0857431 0 -4.5 0.96635 0.247885 -0.0687091
-5.58763 -6.66025 321.806 -0.775442 0 -2.15575 -0.333414 -0.849794 -0.408271
46.8816 -14.8325 341.345 -0.972978 -0.0243507 -3.5 0.00806531 -0.72795 0.685583
0.333375 -13.7155 326.302 0.0531883 0 4.5 -0.683187 -0.680522 -0.26485
14.343 -12.1788 339.219 0.211125 0 -3.85945 -0.568343 -0.143435 0.810193
-0.37425 -16.4771 363.565 0.215881 0.0312405 -3.5 -0.15623 -0.861795 0.482598
16.8976 1.27188 324.009 -1.26993 -0.304283 -3.2 0.183609 0.462263 -0.867526
-2.67188 -9.61475 332.695 -0.187801 0 -3.9 -0.495326 -0.562772 -0.66177
25.4778 -1.31163 334.012 -0.824532 0 -1.3 -0.134217 -0.751906 0.645463
3.04 -16.166 365.585 -0.274483 0 -4.5 0.520537 -0.546717 0.655852
7.3465 -22.7547 325.286 -0.114377 0 -0.8 0.582234 -0.812843 -0.0170341
13.451 -23.1737 326.116 -0.209235 0 -1.03453 -0.368155 -0.926893 0.0730176
38.5515 14.792 329.213 -0.224612 0 -4.5 0.552682 0.832969 0.0265493
29.6015 -23.9356 305.658 -0.404209 0 -4.5 0.257179 -0.903378 -0.343172
30.8825 15.0573 332.967 -0.352077 0 -3.5 -0.613924 0.774958 0.150128
3.48575 -16.3447 354.713 -0.85643 0 -3.5 -0.437174 -0.506463 0.743219
19.0501 -25.152 326.752 -0.650688 -0.231258 1.8 -0.612289 -0.782694 0.111767
18.5903 -4.0725 342.557 -0.335117 0 -0.7 0.880604 -0.382792 -0.279297
48.6937 -14.8325 338.44 -0.800272 0 -4.5 0.690912 -0.700411 0.179069
51.605 -19.984 323.786 -0.0947475 0 1.8 0.0436102 -0.738522 -0.672818
18.5824 -8.21437 317.033 -0.0573991 0.614071 -4.5 -0.922577 -0.225015 0.313401
4.78875 -15.8989 357.989 -0.0872017 0.136399 -1.76846 -0.471063 -0.877849 -0.0864956
-6.85938 10.9943 334.127 -0.100135 0 -0.4 -0.762787 0.37027 -0.530148
22.899 15.7177 331.232 -0.0405262 0 -1.6 -0.277799 0.946346 -0.165095
46.3732 -5.06325 328.264 0.602956 0 -3.5 -0.578398 0.810293 -0.0942364
19.1645 -2.86225 333.583 -0.401784 0 -1.3 -0.0731558 0.876022 0.47669
42.8737 8.86438 333.794 -0.19258 0 -3.5 -0.0472855 0.870323 -0.490206
10.075 8.848 330.279 -0.45791 0 2.8 0.744451 0.368396 -0.556846
-7.95188 -7.26625 334.406 -0.467308 0 -3.83592 -0.823293 -0.440603 0.357851
46.9258 -0.569375 339.504 -0.271426 0 -3.5 0.569336 0.707546 0.418611
22.1475 9.85163 330.594 -0.262227 0 -0.314345 -0.990599 -0.101542 0.0916648
18.9004 7.67763 361.177 -0.182835 0 -2.7036 -0.479306 0.853584 -0.204111
5.90963 9.68575 332.979 -0.257212 0 2.8 -0.490867 0.86344 0.11628
49.5793 -5.8885 341.644 0.24499 0.293405 -4.5 -0.521509 0.21312 0.826201
32.4936 -15.3176 331.702 -0.519526 0 -1.14658 0.394834 -0.525694 0.753493
45.397 -3.84325 329.516 0.0594253 0 -2.54872 0.214158 0.302193 -0.928879
-1.93537 -0.833 353.247 -0.365868 0 -0.9 -0.518079 0.629353 -0.579231
38.5754 6.59487 314.419 0.941812 0.0782884 -4.5 -0.679295 0.263335 -0.684991
32.1145 -9.652 315.541 0.20386 0 -2.58926 -0.913759 0.406049 -0.0129861
10.4558 -14.618 365.7 -0.677076 0 -3.5 -0.000108555 -0.203514 0.979072
7.874 -16.7955 350.357 0.0959043 0 -0.7 0.0629156 -0.770953 -0.633777
-0.43375 -8.96825 336.196 -0.769403 0 -3.9 0.160002 -0.680229 0.715324
28.2975 -17.457 333.382 -0.966065 -0.0357593 -1.95178 -0.526232 -0.784205 0.328789
27.515 -14.7675 310.534 -0.936943 -0.0771899 -0.4 0.820803 -0.527553 0.21902
8.981 10.9718 344.736 2.30591 0.324751 -3.9 -0.607347 -0.0485979 -0.792949
39.0983 9.69175 332.993 0.384239 0 -4.5 0.910364 -0.0005211 -0.413809
0.78775 8.29313 339.614 -1.05043 -0.700024 -1.6 0.435955 0.820325 -0.370149
24.7782 5.44825 352.713 -0.778057 -0.515111 -3.5 0.687182 0.0352854 0.725628
17.4128 6.29625 361.939 -0.177274 0 -3.9 -0.955466 0.284099 -0.0798298
5.04637 0.358375 355.141 -0.034259 0 2.74116 -0.478901 0.603594 0.637439
-13.7804 -2.62888 331.338 0.00780981 0 -3.9 0.384698 -0.844869 -0.371758
9.66975 4.34975 340.026 -0.581997 -0.370182 -4.17354 0.392789 0.728215 0.561622
40.3921 -20.9766 317.847 -0.726496 0 -1.00956 0.703863 -0.0809692 -0.705706
-7.664 -10.4551 348.644 -1.70618 -0.743311 1.85328 -0.49213 -0.0575028 -0.868621
12.8526 6.3755 325.277 -0.747557 0.36575 -2.27826 0.257292 0.962164 -0.0896673
22.3627 -1.60888 333.968 -0.602422 -0.158778 -1.3 -0.264135 0.159205 0.951255
33.2775 0.8325 349.107 -0.977871 -0.976784 -0.8 -0.334238 -0.0516331 0.941073
10.6823 -8.541 335.008 -0.732625 0 -1.3 0.809272 -0.270563 0.521415
-0.839625 -6.58112 346.517 -0.23284 0.475942 -4.5 -0.680789 -0.454049 -0.574774
39.2293 -10.6768 316.83 -0.275682 0 -0.7 0.853864 0.136256 -0.502345
1.99 -23.1839 327.527 -0.0545838 -0.177463 -1.27119 -0.19453 -0.89851 0.393495
8.09287 6.05963 350.338 -0.00250682 -0.0494457 -2.51854 -0.88261 0.458556 0.103568
52.6377 -12.33 330.745 0.229058 0.375235 -3.2 -0.449554 -0.13723 0.882649
21.481 8.1375 338.12 0.15145 0.819261 -4.5 -0.168276 0.0406085 -0.984903
4.17413 -6.903 319.347 -1.46349 0 -4.5 0.320046 -0.376845 -0.869228
30.2498 -18.5553 317.421 -0.204837 0 3.8 -0.735761 -0.521719 -0.431816
15.5192 -7.71925 351.149 0.0521051 0.458658 3.8 0.473327 -0.773143 -0.422152
26.2531 16.5229 342.182 -0.928873 0 -3.5 -0.147145 0.008532 0.989078
-13.0766 -13.5101 353.282 -1.25179 -0.579956 -3.5 -0.43165 0.89578 0.106097
8.46488 3.248 322.019 -0.134289 0 -3.75971 0.126709 0.467648 -0.874786
48.6591 -9.04587 325.808 -0.492469 0 1.1218 0.554441 -0.34026 -0.759486
48.968 -1.42387 326.137 0.258054 0 2.8 0.1907 0.654832 0.731319
17.159 -10.4035 316.254 0.219237 0 -4.5 -0.74759 0.0468954 0.662502
6.7245 4.31437 349.837 -0.00728224 0 -2.82695 -0.213156 0.954832 -0.207028
20.7068 -1.05625 353.524 0.301002 0 -3.5 0.869515 -0.0903598 -0.48557
33.4352 17.4079 326.157 -1.09157 -0.0152469 -3.5 0.839206 0.511147 0.185641
35.307 4.54962 352.039 -0.058828 0 -0.8 -0.30185 -0.387363 0.871112
18.494 -9.0715 314.612 -0.00506398 0 -4.5 -0.18967 0.720501 -0.667011
21.8695 -5.57575 345.962 -2.06594 -0.222013 -3.5 -0.290904 -0.498808 -0.816435
21.3859 -6.27462 351.717 -0.00614494 -0.270324 -0.7 0.818879 -0.539895 -0.194808
27.1369 -3.79938 313.459 -0.160321 0 -0.8 0.654107 -0.214476 -0.725358
20.0781 4.95888 311.775 -0.176319 0 1.8 -0.938904 0.240351 0.246356
6.64475 -23.388 325.953 0.0577018 0 -0.8 0.690908 -0.650548 0.315331
0.108125 -13.1266 325.255 0.112543 0 1.34508 -0.460807 -0.68641 -0.562582
-8.607 -11.9572 357.362 -0.901545 0 -0.8 -0.697302 0.59721 -0.39637
-14.2878 -15.2375 354.77 -0.757076 0 -3.5 -0.748718 0.223235 0.62417
23.6074 -6.40775 333.716 -0.324181 0 1.22609 0.498015 0.55335 0.667671
31.1591 -21.9594 330.017 -0.45423 0 -3.6624 0.390196 -0.822626 -0.413562
20.8679 0.09225 354.206 0.242056 0 -3.4132 0.979841 -0.0165146 0.199097
18.2004 -23.8751 329.792 0.3836 0.705655 -3.5 -0.0364197 -0.904775 0.42433
20.1459 -2.73975 333.806 -0.959982 -0.186589 -1.3 -0.354888 0.774568 0.523544
23.8749 -12.4618 310.686 -0.211274 -0.231935 -2.81663 -0.924726 0.352898 -0.142638
46.3225 0.158 331.905 0.17229 0 1.8 0.73119 0.374227 -0.570364
23.0613 -15.4745 338.297 -0.323538 0 -3.5 -0.320773 -0.186824 0.928548
47.4543 -21.2243 333.205 -0.994217 -0.12318 -3.65913 0.567296 -0.042791 0.822401
45.6034 -14.6499 323.384 -0.0560764 0 -0.9 0.367459 0.56986 -0.735006
17.8853 -15.2028 321.043 -1.07922 -0.238462 -3.5 0.790544 0.0119277 -0.612289
-3.316 -1.72825 361.982 -1.30146 -0.656841 -3.5 -0.73786 -0.451279 0.501907
18.0716 -3.65838 320.599 -0.350248 0.227535 -3.97156 0.47529 -0.371479 0.79756
24.9058 14.524 332.627 0.781832 0 -1.6 0.11582 0.780119 0.614817
40.5638 4.899 324.311 3.21991 0 -3.9 0.476805 0.860667 -0.178632
23.752 14.8763 341.525 -1.61051 -0.474451 -3.5 -0.727328 0.594651 0.342613
40.3236 7.1615 326.378 0.291728 0 -0.9 0.289586 0.132267 -0.947969
10.583 -17.1404 333.158 -0.634485 0 -1.19413 -0.746544 -0.0813185 0.660348
22.8248 -15.4896 309.14 0.749559 0 -0.4 -0.913455 0.119332 -0.389049
28.8342 15.3988 331.646 -0.272873 0 -0.9 0.234954 0.902052 0.362076
34.104 -30.0986 318.81 -0.154786 0 -3.5 0.55383 -0.623165 0.552212
0.944 -5.8965 337.362 -0.465021 0.124168 -2.44479 0.752099 -0.595848 0.281624
-14.248 -15.0436 351.133 -2.37337 -0.713668 -3.5 -0.274034 -0.048202 -0.960511
38.9634 -15.7957 313.051 -0.00901763 0 4.2 0.671507 -0.461884 -0.579433
22.991 -14.3145 308.12 -0.0653561 0 -0.4 -0.861598 -0.016511 -0.507323
22.4963 9.93625 337.966 0.147428 0 -2.37445 -0.670012 -0.0540356 -0.740381
-7.2015 3.705 325.044 2.55608 0 -3.9 -0.753262 0.240535 -0.612159
18.2712 -0.586375 336.455 -0.241121 0 2.8 0.693158 -0.200276 -0.692403
23.119 -26.5637 314.543 0.258664 -0.332814 -0.767471 -0.431896 -0.0987589 0.8965
41.9045 2.19644 321.295 0.440177 0 -3.9 0.914093 0.213118 -0.344986
32.5145 -23.0654 311.652 -0.0791028 0 -4.5 0.951256 -0.297657 0.0807005
-0.30225 12.9556 340.897 -1.00251 0 -3.9 0.861961 0.268306 0.430156
24.6631 8.51725 321.402 -0.302287 0 -3.5 -0.751288 0.624012 -0.214885
45.3382 1.46775 339.139 -1.38706 -5.96542e-06 -3.5 0.601273 0.514351 0.611485
32.5625 -29.2675 314.917 0.18295 0 -3.5 -0.181996 0.397689 -0.899289
-0.98 -16.3485 356.279 -0.709157 0 -1.6 0.517695 -0.770401 -0.372121
-5.42287 -4.67588 334.937 1.41537 0 -3.9 -0.0268808 0.992304 0.120873
30.9691 -20.0875 314.393 0.243177 0.277405 -2.44281 -0.794035 0.605538 0.0532217
1.71162 0.503625 365.355 -0.368364 0.654972 -4.25596 0.0259849 0.894686 0.44594
36.9772 -9.44925 310.028 0.118694 0.00887575 -3.76667 0.801856 0.0614097 -0.594353
13.3774 -8.79212 322.116 -1.14173 0 4.5 0.547502 0.631889 -0.548597
42.0789 -26.5114 325.555 -0.0432129 0 -3.5 0.350232 -0.706255 -0.615257
17.0966 -20.8333 332.47 0.113292 0 -4.5 -0.174154 -0.650054 0.739663
-1.0755 -17.1297 361.185 -0.216374 0.0315679 -2.5503 0.19748 -0.947132 0.252869
16.6577 -12.3772 361.356 -1.73565 0 -3.5 0.543186 -0.183931 0.819218
17.154 -4.91 339.478 -1.82352 0 -0.7 0.974082 0.0977551 -0.203981
23.3844 12.3094 328.229 -1.22555 0 -1.19252 -0.841329 -0.132836 -0.523946
3.31562 -1.10938 342.304 -0.99371 0 0.269971 0.169859 0.966465 -0.192595
33.5385 -5.31038 345.081 0.301372 0 -4.5 -0.837301 0.535605 0.109787
6.05575 -19.1986 330.574 0.181338 0 3.8 -0.669964 -0.478629 0.567506
33.9352 7.60787 313.688 0.407375 0 -4.5 0.749907 -0.437773 -0.495978
27.723 14.582 342.751 -0.76794 0 -3.9 -0.513358 0.262125 0.817162
23.2862 8.78375 359.031 -0.0374664 0 -1.6 0.972125 0.10955 0.207298
37.6266 14.2484 337.751 -0.320699 0 -3.5 0.724278 0.326972 -0.607051
19.3649 3.01588 355.698 -0.0402942 0 3.8 0.589069 -0.571123 0.571678
38.8925 -29.7714 329.602 0.109447 0 1.9 0.206084 0.0378282 0.977803
47.8262 -2.62238 337.187 -0.487101 0 -3.5 0.939757 0.330376 -0.087797
9.9245 -11.9578 319.999 -0.566973 0 -3.5 0.526968 -0.631527 -0.568752
22.848 -27.6645 312.645 0.326318 0.0109403 0.929326 -0.388483 -0.910016 -0.144746
7.38487 -6.73775 321.391 -1.85449 -0.0889899 -3.5 0.612696 0.426596 -0.665297
35.1629 -3.12325 344.965 -0.241012 0 3.8 -0.973832 0.171745 0.148847
39.9269 -2.63075 322.011 -0.468898 0 4.12575 0.193523 0.225947 -0.954723
38.7786 -14.3351 336.739 -0.792691 0 3.8 -0.646248 -0.202786 0.735691
21.202 -7.0605 321.111 -0.147306 0 4.5 -0.631094 -0.769497 -0.0979584
10.5735 -9.39475 351.166 -0.262964 0 1.8 0.616871 -0.73485 0.281897
51.1127 -6.60563 326.84 0.0880778 0 -3.5 0.983478 -0.159969 0.0847356
30.9875 -24.684 308.931 -0.163382 0.649517 -4.5 0.764814 -0.626359 -0.15078
35.3997 6.8905 348.103 -1.34231 -0.864395 -0.8 -0.799737 0.577338 0.164622
26.984 -18.86 305.954 0.0780647 0 -4.5 0.0218723 0.0349852 -0.999148
-0.32525 -3.21038 365.709 -0.615462 0 -3.5 0.0253638 0.553662 0.832355
6.6965 10.7031 332.187 -0.126917 0 2.8 -0.595971 0.80287 -0.0147991
18.0449 -7.42362 318.204 0.333377 0 -4.5 -0.742234 -0.656081 0.136554
1.388 0.626 360.304 -1.06487 -0.218123 -3.95214 0.160008 0.913226 -0.37472
-1.43362 -1.42862 319.532 -1.10267 0 -4.5 -0.704195 0.310911 -0.638314
37.1442 13.0483 317.211 -0.736579 0 -1.92118 0.848106 0.390202 -0.358412
-3.38575 -5.5685 339.428 -0.71949 0 -3.5 -0.974231 -0.202315 -0.0997088
45.4701 -21.2992 321.98 -0.292958 0 -3.9 0.921485 -0.239023 -0.306158
23.7266 -27.6086 311.965 0.305101 0 0.648626 -0.0931581 -0.664687 -0.741291
15.8013 -10.1447 346.101 0.036946 0 3.8 0.626568 -0.0246049 -0.778978
7.59387 -21.7944 323.6 -1.00453 -0.0343346 3.38886 0.271502 -0.548201 -0.791051
30.419 13.7685 322.483 -0.0804265 0.0381127 -0.9 -0.644681 0.578938 -0.499217
25.2708 2.14462 344.896 -0.722451 0 -1.6 0.830694 -0.551413 0.0767533
45.1447 4.32725 331.673 -0.401882 -0.231167 -1.07706 0.836417 0.443897 -0.321501
-2.186 4.09875 328.163 1.16786 0.745121 -0.564831 0.177551 0.515167 -0.838498
50.2593 -1.67463 322.389 0.118252 0 2.8 0.508144 0.73217 -0.45356
26.5441 4.24263 351.68 -0.362078 0 -3.5 0.771353 -0.335336 0.540891
-3.00125 -13.397 362.855 -0.0101948 0 -3.5 -0.78363 -0.330667 0.525912
15.058 -15.1384 334.676 0.0320892 -0.116918 -1.62451 0.142761 -0.939273 0.312066
35.2363 17.6355 331.477 0.443077 0.851146 -3.5 0.668704 0.647453 0.365567
38.448 13.6999 338.526 -0.292205 0 -3.5 0.897163 0.0808728 -0.434232
15.4574 -12.9812 339.293 1.75979 0.0501455 -3.9 -0.0891112 -0.266537 0.959697
29.936 5.2095 345.691 -0.667927 0 -2.23373 -0.959491 -0.080943 -0.26986
21.3137 -17.0152 308.714 -1.06201 -0.400479 -1.0013 -0.382401 0.765734 -0.517128
39.78 11.4951 329.038 0.288429 0 -4.5 0.969791 -0.155597 -0.18787
46.7293 -23.4669 333.323 2.5351 0 -3.9 0.946551 -0.290708 0.139753
38.967 -11.1497 344.411 -1.11446 0 -3.5 -0.935201 -0.350085 0.0532822
12.194 -8.44125 352.978 -0.431923 0 -0.7 -0.112828 -0.865522 -0.487998
26.2108 -21.2973 331.699 -0.488313 0 -1.80835 -0.00313043 -0.0505031 0.998719
45.0116 -1.97538 343.36 0.0467222 0 2.8 0.795518 -0.0380444 0.604735
33.7605 16.9695 328.22 0.202404 0 -3.5 0.564558 0.652243 -0.50582
7.0745 -20.0355 330.76 0.163809 0 3.8 -0.183272 -0.606443 0.773717
-9.22925 -7.35087 352.811 -0.374584 0 1.8 -0.392339 0.892256 0.223492
-9.102 -17.455 353.344 -0.0345155 0.188049 -1.25321 0.0392349 -0.830767 0.555235
51.0134 -4.74375 336.808 0.69815 0.280447 -4.5 0.512874 0.751117 -0.415672
45.6647 3.6565 350.321 0.478157 0.489611 -4.5 0.476743 0.561572 0.676278
24.7388 -1.56125 346.793 -0.517572 0 -3.5 0.896139 0.42054 -0.141708
14.7437 -14.4469 362.218 0.294444 0.253998 -3.5 0.748997 -0.487312 0.448922
5.997 6.409 321.41 -0.0753137 0 -3.9 0.828776 0.557389 -0.0494865
28.6523 7.42575 317.837 -0.1874 0 -1.30692 -0.360151 0.931294 -0.0546162
43.642 -15.494 318.079 -0.00495587 0 -0.7 0.819383 -0.313484 -0.479937
12.3655 3.81737 329.896 -0.392075 0 -1.3 0.796353 0.354051 0.490377
41.207 -4.16225 346.126 -0.498239 0 3.8 0.791979 -0.459255 0.402311
29.1056 -21.3864 312.498 0.472074 0 -4.5 -0.709848 0.704253 -0.0119605
2.164 8.489 328.627 -0.139842 0 -3.5 -0.748481 0.589208 -0.304319
28.8135 -0.9795 336.629 -0.34106 0 -3.63623 -0.605492 -0.664134 0.438527
6.196 9.75937 329.68 -0.732978 0 0.433785 -0.595022 0.712257 0.372343
43.3882 1.78425 340.58 0.0766559 0 3.50174 0.806964 0.581765 0.101776
-4.02025 14.2615 339.539 0.000571231 0 -3.9 -0.97499 0.212137 -0.0662773
35.0959 -5.45412 313.471 0.1766 0 -3.5 -0.675426 0.299452 -0.67389
29.8855 8.20575 318.23 -0.0342654 0.311788 -3.31711 -0.57733 0.813762 -0.0669467
36.3353 -21.1369 314.615 -0.116446 0 -0.7 0.483588 -0.314778 -0.816736
-8.44125 -4.31056 322.459 -2.33717 -0.754796 -3.5 -0.948312 0.269513 0.167535
14.3525 -12.5913 364.73 -1.09432 -0.837544 -0.4 0.868941 -0.244664 0.430211
13.2612 -10.4849 366.084 -0.930994 -0.103397 -0.4 0.669674 0.397501 0.627319
43.166 2.50038 348.963 -0.719603 -0.240116 -4.06516 -0.689401 -0.590139 0.420075
-6.28675 -6.09837 337.806 2.74428 0 -3.9 -0.325719 0.0224083 0.945201
-2.934 -11.0615 364.699 -0.639384 0 -3.5 -0.17629 -0.395272 0.901489
10.2494 -20.4862 330.348 0.473105 0 -0.7 -0.473134 -0.682505 0.557073
22.162 -27.864 324.361 2.02249 0 1.8 -0.0709999 -0.985545 -0.153821
8.10525 -4.418 364.351 -0.174218 0 -0.7 0.0501599 0.29543 0.954047
5.17375 -1.76888 363.814 0.215311 0 -4.5 0.701789 0.625563 0.340826
22.3381 -20.6365 320.101 -1.42453 0 -0.8 -0.467601 -0.393332 0.791606
4.538 -4.25675 316.429 -0.613331 0 -4.5 0.42706 -0.625473 -0.652995
5.66625 -11.436 342.581 -2.84372 -0.788804 -3.5 -0.227334 -0.121246 -0.96624
3.20675 0.45375 346.526 -1.01664 0 -3.2 -0.367421 0.298933 -0.880705
30.9065 -12.0767 341.326 2.22906 0 -3.9 0.96318 -0.265081 -0.0448992
1.09125 -5.27037 317.514 0.308915 0.273314 -4.5 -0.614677 -0.66985 -0.4165
21.845 3.81938 328.692 0.116683 0.398086 -3.94534 -0.839587 0.0145048 0.543031
5.38 -19.4632 329.422 0.0700849 0 3.8 -0.828237 -0.275886 0.48776
39.1959 10.1301 330.863 0.553943 0 -3.0757 0.934403 0.0145879 0.355919
52.4873 -8.2365 329.346 -0.711634 0 -3.5 0.384951 0.320288 -0.86558
6.6625 -19.9725 322.92 -1.69426 -0.235911 3.8 -0.0111839 0.128219 -0.991683
-7.503 4.40625 328.663 -1.11491 -0.147842 -3.5 -0.0223427 0.896038 -0.443414
17.6316 -5.81262 341.486 -0.421382 0 -0.7 0.895956 -0.352559 -0.270119
-7.75475 -10.6669 354.024 -1.0949 0 -1.00829 -0.358376 0.0778007 0.93033
33.1273 -8.4705 314.165 -0.0736665 0 -3.66473 -0.692612 0.621128 -0.366728
52.5023 -6.93363 341.574 0.629368 0.868392 -4.5 0.777312 0.467605 0.42087
-0.29 2.923 317.013 -1.63763 -0.00829505 -3.5 -0.706801 0.511922 0.48823
0.934625 0.6735 340.698 -0.912389 0 -4.5 0.782119 0.507207 -0.361981
36.314 16.3258 341.126 -1.44445 -0.0500634 -3.5 0.18173 0.962844 0.199764
17.6984 -8.52112 340.582 -0.414835 0 -3.5 0.966166 -0.0292404 0.256257
25.439 -15.364 306.706 -0.808331 0 -4.5 -0.134221 0.221999 -0.965765
2.44425 2.74875 352.628 -0.135371 0.077026 -1.39063 -0.747775 0.586138 0.311888
53.877 -13.8294 325.204 -0.300888 0 -3.2 0.57329 0.345274 -0.74305
24.6754 -24.0987 322.893 -0.115465 0 1.8 0.34747 -0.933902 -0.0842168
46.2656 -23.9894 334.338 2.67205 0.104719 -3.9 0.558318 -0.598344 0.574687
15.2122 6.82288 356.063 -0.332166 0 3.8 -0.213938 0.88156 0.420812
47.4075 -4.23125 340.859 -1.57261 0 -3.5 -0.0180297 -0.402356 0.915306
45.8666 -11.1499 323.461 -0.131573 0 2.92966 0.837907 0.152162 -0.524175
-6.335 -4.02262 347.67 -0.00724025 0 -3.2 -0.8783 0.0330685 -0.476965
17.2364 0.24975 324.24 -1.04277 -0.293133 -1.98034 0.295265 0.188486 -0.936638
18.5469 -6.1635 347.71 1.44888 -0.00630192 -0.149187 0.691921 -0.708226 -0.140218
29.9217 0.563875 340.51 -1.29376 -0.768322 -1.34017 -0.335045 -0.350009 0.874779
19.933 0.119 328.785 -0.291313 0 -0.8 -0.00881625 0.833866 0.551896
28.7663 -13.247 340.942 1.1406 0 -3.9 0.21463 -0.962091 -0.168268
27.6022 16.1295 325.416 -0.155839 0 -3.5 -0.329696 0.938814 -0.0996448
1.44562 -14.5734 366.998 0.209366 0.0123372 -4.5 -0.0174495 0.230645 0.972882
10.168 -0.67525 322.991 -0.448787 -0.000772955 4.2 0.158445 -0.750665 -0.641402
15.1131 1.89975 334.02 0.273881 0 -1.19704 0.936819 0.222927 -0.269582
-4.19263 0.55375 341.873 0.645506 0 -4.5 -0.62531 -0.471336 0.621957
4.63625 -5.18363 365.227 -0.154135 0.566827 -4.20547 0.421932 -0.57169 0.703665
48.6465 -8.926 341.06 0.514828 0.936021 -4.5 -0.666741 0.302874 0.680973
35.3651 -9.27325 343.921 0.0855092 0 -4.5 -0.531286 -0.810383 -0.247013
25.4844 -8.9845 321.445 -0.406428 0 -0.7 -0.720867 0.109627 -0.684348
39.7593 -15.1272 316.233 -0.845591 -0.756475 0.48109 0.617873 -0.758916 -0.205621
28.0944 -13.0385 342.17 1.05024 0 -3.9 -0.0418316 -0.843967 0.534762
22.7859 9.68375 358.554 -0.00396963 0 -1.6 0.718515 0.634962 0.283828
20.4757 -0.75475 322.931 -1.84552 -0.416417 -3.5 0.030259 -0.479753 -0.876882
5.215 -12.0995 347.813 -0.726988 0 -3.5 -0.847421 -0.463739 0.258503
17.2833 -6.40575 344.929 0.852546 -0.647209 -1.34084 0.60693 -0.737352 -0.29656
5.7465 -9.71988 366.209 -0.863366 -0.315963 -3.5 -0.0805063 0.827877 0.555102
2.00662 1.65062 363.026 -0.579364 0 -3.5 0.767326 0.631169 0.113298
-4.53825 -0.277375 334.55 -0.213687 0 -0.9 -0.446196 -0.512392 0.733733
33.6054 -21.7775 327.496 -0.709389 -0.107472 -1.3 -0.861785 -0.149326 0.484797
0.835 1.2305 353.587 -1.08353 -0.474099 1.9 -0.283839 0.793174 0.538805
-1.57712 -6.23125 320.594 0.0924623 0 -4.5 -0.291901 -0.51457 -0.806233
-3.11413 -0.934625 362.688 -1.812 -0.905877 -3.5 -0.472839 -0.321158 0.820537
33.2803 17.0261 327.27 0.0689249 0 -3.5 0.843095 0.536907 -0.030358
47.4416 -10.7916 324.736 -0.153075 0 4.2 0.296838 0.58557 -0.754318
4.60362 6.81612 345.022 -0.135096 0 -1.6 0.030038 0.0608191 0.997697
0.25475 1.07562 339.538 -0.0967687 0 -1.2516 0.915026 0.39914 0.0584317
22.738 -5.706 334.623 -0.0909255 0 -1.3 0.577874 0.142195 0.803643
4.90063 -23.4341 355.701 -0.104506 0.109221 -3.5 -0.898014 -0.374384 0.2311
40.032 -30.0426 328.926 0.189822 0 1.9 0.872826 -0.0925033 0.479184
28.856 -4.83575 335.39 0.0949396 0 2.8 -0.268967 -0.363617 0.891874
24.6351 -20.6313 308.82 0.639428 0.0197431 -2.63201 -0.215293 -0.830382 -0.513921
25.7994 -24.6847 320.652 -0.0381134 0 -3.2 -0.484008 -0.808485 0.334797
39.8019 -4.70975 348.169 -0.218139 0 3.8 0.367937 -0.785551 0.497526
20.7319 6.46212 325.481 0.0556213 0 -4.5 -0.214243 0.976344 0.0292051
34.6162 17.2582 333.389 -0.648497 0 -3.5 0.234319 0.965817 -0.11087
20.7176 -17.2439 319.33 0.0938981 -0.0530413 -0.8 0.00391741 0.807617 0.589694
2.3225 -22.6852 324.561 0.244335 -0.029966 -2.30462 -0.450636 -0.638203 -0.624199
1.1635 -4.52388 316.398 0.244173 0 -4.5 -0.708697 -0.455504 -0.538762
21.1168 3.20237 315.103 0.125034 0 1.8 -0.809589 0.526548 0.259447
26.4105 -29.5504 313.4 -0.0282599 0 -0.8 0.297551 -0.951005 -0.0839835
20.647 10.8804 358.047 -0.158655 0 -1.6 -0.343621 0.897227 0.277324
21.5029 3.78888 358.316 0.260548 0.150451 -3.23233 0.811902 -0.523359 -0.25867
25.957 11.39 346.541 -0.978006 -0.572786 -3.56005 0.281656 0.513213 0.810729
38.0868 5.418 314.18 0.342001 0 -4.5 -0.597693 0.301352 -0.742934
15.2865 1.1695 332.016 -0.13296 0 3.8 0.947885 0.279104 -0.15367
-0.3545 1.68425 322.043 -0.0518256 0 4.5 -0.805346 0.491419 -0.33155
10.958 -14.7175 350.901 -0.864531 -0.771839 -0.7 0.770583 0.155833 -0.617995
7.37225 10.7235 333.153 -0.0466859 0 2.8 -0.145689 0.926315 0.347441
1.45638 -16.187 351.99 -0.60875 0 4.2 -0.104843 -0.866326 -0.488351
0.542125 15.2644 339.079 1.27144 0.924177 -3.9 0.97891 0.19583 -0.058182
5.60537 -13.609 320.263 -0.488407 -0.0290483 -3.5 -0.708789 0.0615966 -0.702726
3.28675 -15.2641 355.664 -0.867782 0.0683639 3.45705 -0.0795131 -0.863656 0.497771
41.255 9.055 314.178 0.247413 0.00777149 -4.5 0.548246 0.218985 -0.807138
45.1903 5.00425 349.359 0.504319 0.920637 -4.5 0.11158 0.761239 0.6388
9.62925 -20.0457 356.444 -0.148199 0 -3.5 0.640082 -0.300048 0.707295
7.7355 -15.797 320.305 -0.972668 0 -3.5 0.350333 -0.119853 -0.928925
31.0368 -21.3592 332.427 -0.0672391 0 -3.5 -0.0494365 -0.876964 0.478007
1.0705 12.846 333.553 -0.355966 -0.658576 -0.8 0.185373 0.871731 0.453566
-1.18275 2.1165 326.126 0.133762 0 0.623079 0.425095 0.825863 -0.370464
46.8494 -22.9918 324.127 0.107825 0 -3.2 0.477176 -0.233614 -0.847188
6.66025 3.23025 358.016 -0.284842 0 3.8 -0.514138 0.764929 0.388003
9.40913 -11.1473 351.425 -0.426722 0 0.331897 0.971699 -0.105157 -0.211525
36.3753 -27.8148 321.616 -0.72085 0 -1.3 0.62166 -0.70084 0.349805
38.2163 -14.1657 312.527 0.111544 0 4.2 0.592548 -0.376112 -0.712339
-4.33625 -4.70675 334.63 0.665254 0.160227 -3.9 -0.367951 0.82724 0.4246
11.4017 3.9535 321.053 -0.496836 0 -3.5 0.208463 0.0106414 -0.977972
-7.31663 -4.8075 335.078 -0.0515597 0 -3.6785 -0.478082 0.469971 0.742001
40.778 7.9025 347.951 -0.70715 -0.350004 -3.5 0.321835 0.924754 0.203109
41.7718 -22.3818 334.009 0.56058 0.70347 1.8 -0.00813206 -0.675312 0.737487
11.988 11.427 347.693 0.297672 0 -3.9 0.905234 0.393637 0.160005
44.156 7.08537 343.29 0.325767 0 -4.5 0.545947 0.680388 0.48889
49.4556 -12.7471 322.62 -0.0521697 0 1.8 -0.011606 0.405264 -0.914126
16.7791 -5.55975 338.121 -1.49656 -0.486199 -0.7 0.975272 0.220976 0.00369043
-0.11425 0.166125 313.977 -2.03393 -0.428317 -3.5 -0.417284 -0.453491 -0.78754
29.9422 -25.7577 307.197 -1.60495 -0.329199 -3.5 0.313999 -0.869035 -0.382339
43.1775 -19.5868 318.224 2.719 0.138749 -3.9 0.0341317 -0.652043 -0.757413
15.2472 -8.69725 346.038 0.873375 0 -1.98125 0.734892 -0.204886 -0.646495
47.721 -16.8552 338.366 -0.468414 0 -0.8 0.818762 -0.270222 0.506565
-9.80875 -17.0866 360.572 -0.27354 0 -3.2 -0.791789 -0.0773471 0.605878
-2.31394 -0.446562 342.727 -0.124796 0 -4.5 -0.459835 0.164311 0.87267
7.9345 8.71175 347.215 0.0485207 0 -3.9 -0.894059 -0.331246 -0.301552
5.18038 -16.1496 319.921 -0.0202969 0 -3.5 -0.175563 -0.169957 -0.969687
22.75 -27.851 313.804 0.54993 0.537147 -0.8 -0.694988 -0.718906 0.0128757
25.4501 -7.79325 321.058 -0.384327 0 -0.7 -0.799114 -0.553438 -0.234783
44.2375 -4.44675 326.669 0.213524 0 3.8 0.771957 0.397098 0.496382
19.2815 -5.4685 347.129 -0.340992 -0.261853 -3.6915 0.290803 -0.856278 -0.426874
-3.68287 -4.79825 338.153 -0.508575 0 -3.5 -0.889838 0.208505 0.405849
31.2563 -1.12225 313.489 2.49836 0 -3.9 -0.406135 -0.901606 -0.148867
-4.79225 10.4967 331.755 -0.162666 0 -0.7 -0.541983 0.66539 -0.513333
34.2359 16.2959 340.926 -1.67739 -0.206484 -3.5 0.0567448 0.984901 -0.163556
32.1744 -0.699625 345.906 -0.433521 0 -0.8 -0.397612 -0.767255 -0.503213
-8.63212 -0.05225 335.517 -1.23725 -0.105485 -3.5 0.592555 -0.735364 0.328814
36.717 11.3027 314.114 -1.513 0 -3.5 0.0328196 0.0113172 -0.999397
30.443 9.654 317.165 0.723807 0.496179 -4.5 -0.628595 0.699945 0.339036
-10.1601 -14.4299 357.639 -0.413037 0 -3.2 -0.786633 0.0211676 0.617058
7.56712 -13.1031 319.85 -1.4808 -0.176534 -3.5 0.433684 -0.538799 -0.722229
38.3625 -27.315 323.125 -0.188408 0 1.8 0.512985 -0.493238 -0.70254
21.1655 -16.3455 337.298 -0.233015 0.734327 -4.5 -0.0277285 -0.21322 0.976611
24.7078 -19.0877 314.705 -0.234933 -0.380618 -0.60869 0.578324 -0.307295 -0.755719
2.39475 5.27475 320.257 -0.0463837 0 -3.9 -0.749312 0.219079 -0.624928
49.1955 -2.28863 320.92 0.0964444 0 2.8 0.148982 0.58939 -0.793992
35.6105 -31.4757 329.838 -0.893343 0 1.9 -0.61424 -0.156537 0.773437
48.0957 -8.676 325.002 -1.17289 0 -3.5 0.16586 -0.60167 -0.781335
-4.4015 4.7225 327.697 0.888333 0 -3.9 -0.217174 0.921954 0.32068
41.6506 -11.4545 345.585 -1.33442 -0.0322907 -3.5 0.748794 -0.244952 0.615878
0.3285 -9.25325 347.144 -0.297456 0.29938 -2.60151 -0.518661 -0.789255 -0.328736
18.3755 -11.1115 316.792 -0.294093 0 -4.5 -0.327387 -0.103137 0.939245
14.9847 3.39438 332.944 0.0324578 0 -0.4 0.830364 0.0380351 -0.555922
52.947 -16.8125 327.822 -0.668676 -0.121031 0.770638 0.714494 -0.401565 0.572925
19.2831 3.417 362.423 -0.0936921 0 -3.9 -0.063889 -0.770642 0.634058
23.8701 0.484188 311.783 -2.31813 0 1.8 0.0150671 -0.446465 -0.894674
6.4975 5.496 353.391 -1.35554 -0.297426 -0.7 -0.38325 0.705876 0.5957
37.4762 -7.89725 345.238 0.383716 0 -4.5 0.449098 0.224263 0.86488
38.2401 8.13488 326.176 0.164529 0 -0.954067 0.603434 -0.242422 -0.75967
29.698 -1.686 315.165 0.328913 0 2.8 0.300392 -0.672814 -0.676081
39.209 1.2555 346.897 0.476068 0 -0.4 0.846555 -0.462255 0.26394
29.7763 -11.692 308.21 -1.26317 -0.245864 -3.5 0.494967 -0.86891 -0.00193917
19.9767 -1.1195 318.947 -2.15523 -0.0985589 -3.5 -0.815899 0.565296 0.12145
23.4778 -17.4191 336.125 -0.155549 0 -3.5 0.269293 -0.893934 0.358278
47.1502 -1.897 330.866 0.805443 0 1.8 0.067581 0.566467 -0.821309
27.595 7.941 314.453 0.0250996 0 -3.23999 -0.34547 0.922252 -0.173498
48.4385 -17.7585 337.238 -0.148413 0 -0.8 0.841594 -0.460714 0.281891
46.3148 -4.61137 320.944 0.146899 0 2.8 -0.0510736 -0.450826 -0.891149
46.3758 7.40975 333.034 -1.92939 -0.389463 -3.5 0.640797 0.276978 -0.716005
34.3742 16.1946 342.31 -0.46019 -0.512384 -3.68758 0.694956 0.690916 0.199174
17.3871 0.61075 361.02 -0.308972 -0.114502 -1.6 -0.247642 -0.317307 0.915418
3.0285 -17.1205 330.464 0.11292 0 -3.9 -0.422804 -0.904698 0.052522
24.7264 -19.8809 321.512 -0.993548 0 -3.22369 -0.814929 -0.129339 0.564945
21.6332 -19.6833 332.135 -0.0197432 0 4.5 0.0740823 -0.582857 0.809191
-7.78325 -6.08575 324.795 -1.23163 -0.0737153 -1.86385 -0.831027 -0.542341 0.123532
23.8165 7.8525 322.544 -0.291389 -0.0506132 -2.82797 -0.748195 0.442391 -0.494465
-2.55137 0.313875 357.582 -1.13033 -0.335654 -2.92342 0.0182597 0.995685 -0.0909846
10.4254 -19.4084 355.369 0.128911 0 -3.5 0.746283 -0.565408 0.35125
22.5756 -12.2826 336.921 -0.525856 0 -2.2091 -0.430546 0.104303 0.896522
41.6548 6.175 329.21 -0.0558561 0 -0.9 0.951647 0.307081 0.00831026
-2.98875 8.10038 341.919 -0.336289 0 -3.5 -0.134351 -0.262313 0.955584
20.763 -11.6461 335.698 0.00492932 0 -0.8 -0.260405 -0.342649 0.902652
15.8105 -4.93825 358.596 -0.296406 0 -3.2 0.869448 -0.356612 0.341888
21.3929 -8.94125 336.887 -0.308843 -0.434807 -0.8 -0.190597 0.557318 0.808127
1.55575 -7.75675 320.09 -0.322345 0 -4.5 -0.167383 -0.170127 -0.971102
40.2455 -0.087625 345.369 -0.281989 -0.0154577 -0.583658 0.415608 0.0796112 0.906053
14.6947 -10.7465 320.989 0.300171 0.634087 4.5 0.296804 0.606242 -0.73782
27.3051 -8.84688 312.097 -0.474647 -0.431956 -2.57189 0.516573 0.854946 0.0471188
37.5685 -0.0905 315.301 -0.274052 0 -4.37922 0.676558 -0.0343257 -0.735589
6.40063 -9.72688 336.561 -1.07503 0 4.5 -0.838793 -0.163875 0.519203
22.505 -26.06 326.987 1.01918 0 1.8 0.234128 -0.765944 0.598761
38.2766 13.2101 327.573 -0.149189 0 -4.5 0.255968 -0.0463962 -0.965571
-0.511 7.619 341.521 -0.516837 -0.00577308 1.19457 -0.0880844 0.301918 0.949256
-5.5125 -7.46775 337.832 1.0586 0.91367 -3.9 -0.0272402 -0.554859 0.831498
8.20725 -19.258 360.961 -0.0898486 0 -4.5 -0.104291 -0.944012 -0.312993
-8.68975 1.4995 337.602 -0.351057 -0.289555 -3.5 0.323255 -0.677 0.661193
23.8027 -16.6135 337.715 -0.274942 0 -3.5 0.0544927 -0.739934 0.670469
38.0471 2.95312 349.562 0.551984 0.186855 -1.34757 0.45717 -0.510155 0.728518
31.3416 14.6007 322.477 -1.34438 -0.066382 -3.5 -0.594558 0.392847 -0.70155
15.3131 -11.4626 349.337 -0.251096 0 3.8 0.382776 -0.573817 0.724028
4.52338 -6.31588 337.023 -0.254489 0 4.2 -0.40207 -0.610144 0.682688
11.1154 9.59838 337.99 -0.367471 -0.417475 -3.34844 0.421256 0.856231 0.299019
20.185 -17.2645 337.213 0.24257 0.024434 -4.5 -0.140417 -0.18408 0.97283
29.9373 -6.111 316.047 -0.0702836 0 -0.8 -0.166645 -0.109466 -0.979922
13.311 5.72913 331.719 -0.230434 -0.0249953 -4.13906 0.581785 -0.184997 -0.792024
9.5625 6.65575 324.014 -2.11608 -0.693259 -3.5 -0.933793 0.335989 0.123056
26.2084 -29.2432 314.388 0.00835654 0 -0.8 0.0258767 -0.889202 0.456782
20.5461 -19.049 319.717 -0.93413 -0.621526 -0.8 -0.122072 -0.650779 0.74939
-12.7177 -17.3305 352.807 -1.1564 -0.00213454 -3.5 0.176994 -0.925764 -0.334118
9.74638 7.11125 345.975 0.0760245 0 -2.0172 -0.938258 0.0700388 -0.338772
26.3438 -26.771 316.242 0.504743 0.111221 -0.8 -0.877214 -0.217447 0.428034
-6.91713 -17.7829 357.524 -0.440461 0 -3.2 0.360218 -0.928591 -0.0892294
35.4038 -28.418 316.499 -0.743457 0 -0.4 0.739398 -0.483133 -0.468906
38.1114 12.468 317.928 -0.560939 0 -3.5 0.445276 0.462011 -0.766991
9.3925 -10.2872 367.822 -0.633608 -0.0115067 -3.5 -0.0270432 0.575032 0.817684
36.6489 -4.45038 314.159 0.122812 0 -3.08635 0.632751 0.308079 -0.710432
20.3555 -21.8425 315.915 0.193015 0 -0.4 -0.903134 -0.176114 0.391578
-7.55525 -11.9276 356.399 -1.03787 0 -1.20694 -0.637777 0.654374 -0.406245
8.9925 2.3285 359.395 -0.968717 -0.074426 0.0198283 -0.0327054 0.906139 0.421715
34.2466 -3.2875 313.999 0.251842 0 -3.9 -0.411013 -0.553757 -0.72417
3.365 -8.602 335.047 -0.47384 0 4.2 0.0762792 0.105866 0.99145
39.3208 8.94888 321.056 -0.271526 0 -3.28775 0.813718 -0.0678681 0.577283
27.2671 5.8085 348.289 -1.8193 -0.0839805 -3.5 0.241852 0.483835 -0.841077
18.8864 -22.5985 330.93 -0.0353143 0 0.930137 -0.0326228 -0.615924 0.78713
-8.45175 -7.544 332.653 -1.44785 -0.311847 -3.5 -0.459912 -0.865675 0.197705
45.1185 -9.4185 323.563 -0.117924 0 2.8 0.912829 0.366762 -0.179523
6.75625 4.336 348.687 -0.101339 0 -3.2 -0.181115 0.983448 -0.0052557
44.716 7.75637 339.755 0.463999 0 -4.5 0.840288 0.282604 -0.462656
29.1805 8.31087 344.427 -0.941353 0 -3.34982 -0.15299 -0.0690497 0.985812
16.5343 -1.13388 359.751 -0.091837 0 -1.6 -0.127914 -0.470286 0.873195
37.766 -30.8393 325.543 0.389474 0 1.9 0.097003 -0.151455 -0.983693
29.422 -25.1931 331.677 0.989619 0 -3.9 0.554073 0.0436668 0.831322
24.9649 15.1631 325.26 -0.991548 0 -3.5 -0.391854 0.864322 -0.315275
22.1876 5.527 355.75 -1.02691 0 3.8 0.998622 0.00845302 0.0517872
21.0627 5.0185 328.105 0.642843 0.279352 -4.5 -0.596705 0.0696617 0.799431
48.2275 -1.679 335.262 -0.0789638 0 1.8 0.693359 0.375083 0.615278
-9.7175 -18.18 359.082 -0.121065 0 -3.2 -0.554812 -0.831049 -0.0392569
-0.7575 -13.3421 332.041 -1.39587 0 4.5 -0.881496 -0.379786 0.280585
45.8229 -23.4646 322.275 -0.137448 0 -0.7 0.988715 -0.126404 -0.0803977
46.0368 -5.593 321.805 0.143578 0 2.8 0.213912 -0.64366 -0.734808
39.285 -7.94963 344.804 -0.437058 -0.0920109 -4.00685 0.0128897 0.325444 0.945474
31.5794 -7.3095 336.685 0.34153 0 1.9 -0.539249 -0.295493 0.788603
13.3472 3.33475 323.189 -0.645082 0 -3.5 0.846148 0.0624405 -0.529277
31.5165 -33.1719 314.885 0.517049 0.0484342 -3.5 -0.181322 -0.937035 -0.298476
30.9721 1.558 348.428 0.449466 0.834523 -0.8 -0.556078 -0.591172 0.584202
-6.88688 -10.0645 363.514 -0.414377 0 -0.4 -0.852531 0.0783361 0.516772
18.4484 -10.2024 323.252 -0.522543 0 0.315156 -0.278343 0.546486 -0.78986
4.989 -5.49312 337.649 -1.25552 0 4.2 0.103927 -0.691745 0.714625
32.9793 -11.5499 337.241 0.0313206 0.284 -3.5 -0.0399173 -0.145285 0.988584
50.941 -12.8645 336.995 0.0417548 0 -4.5 0.868887 -0.0182483 -0.494674
32.9424 16.7384 322.773 -0.646111 0 -0.4 -0.555582 0.807947 -0.196343
3.476 -0.26025 345.764 -1.17554 0 -0.9 -0.416426 0.735897 -0.533897
11.349 -7.8975 322.806 -0.402162 0 3.01615 0.170101 0.565254 -0.807189
10.6449 -13.4514 353.303 -0.857635 -0.403378 -0.7 0.681864 0.700753 -0.209776
1.15775 -19.4235 322.919 -0.0467174 0 -3.5 -0.527213 -0.246808 -0.8131
7.6915 -1.31375 361.991 -0.277269 0 -4.07776 -0.136566 0.505309 0.852064
40.9505 3.5075 315.001 0.296976 0 -4.5 0.603748 -0.664039 -0.441068
4.71663 -9.55437 318.683 -2.13541 -0.187699 -3.5 -0.695336 0.142351 -0.704446
5.4025 -21.5205 353.126 -0.471249 0.428197 -3.5 -0.304207 -0.620987 -0.72238
39.4695 7.4605 349.882 -0.254644 0 -3.5 -0.076277 0.647594 0.758158
-5.03275 -2.03525 358.091 -0.697975 0 -0.9 -0.914884 0.177726 0.362491
3.517 -0.06275 361.198 -0.790257 -0.0163836 -4.5 0.248274 0.925787 0.285093
24.7062 -10.829 338.262 0.68513 0.174421 -3.9 -0.703931 -0.0744393 0.706357
22.54 -10.877 314.755 0.173549 0 -4.5 -0.231683 0.495086 -0.837385
37.5955 -18.0861 334.115 -0.106717 -0.0661644 0.426829 -0.791386 -0.569378 0.222523
28.5035 13.3888 344.503 -0.309235 0 -3.5 -0.318165 0.682537 0.657962
40.118 8.023 319.53 0.233274 0 -0.4 0.829239 0.278959 0.484298
20.6755 -0.00725 311.957 -1.63234 0 -3.5 -0.692823 0.314351 -0.648983
9.788 7.795 344.844 0.387796 0 -0.8 -0.981775 -0.146306 -0.121291
29.0998 -23.5109 323.07 -0.321367 0.0627376 -1.63653 -0.212514 -0.550062 0.807632
36.9243 -0.208 347.672 -0.194596 0 -0.4 0.0230823 -0.397769 0.917195
32.3669 -28.5091 321.723 -0.0556447 -0.15241 -1.3 0.022961 -0.853195 0.521086
10.7954 -14.8996 335.522 -0.0673631 0 -3.9 -0.383345 -0.803605 0.455264
0.1335 1.41225 320.858 0.307428 0.333795 -2.55689 -0.766942 0.507773 -0.392384
35.7971 -16.7241 334.973 -0.20438 0 1.8 -0.660174 -0.583004 0.473579
37.0238 -26.6735 316.524 -0.702994 0 -0.4 0.903545 -0.249454 -0.348396
5.47075 -11.414 367.79 -1.8626 0 -3.5 -0.22758 0.393568 0.89068
24.2428 10.6896 335.148 0.694361 0 -0.804142 -0.79248 -0.564457 -0.231006
11.3615 10.3567 345.899 1.14094 0 -3.9 0.84989 0.4142 -0.32577
43.1792 -5.81375 319.706 0.562432 0 4.2 0.10706 0.372035 -0.922024
-3.5375 -4.2275 342.496 -2.2563 -0.67384 -3.5 -0.845009 0.179559 0.503705
5.88637 7.22137 324.273 0.319044 0 -3.9 0.960632 0.241853 -0.136725
-2.25988 -1.958 348.407 -1.31636 0 -2.45981 -0.266269 0.963894 -0.00295807
1.92225 3.18337 318.233 -0.262529 0 -3.5 -0.217048 0.971692 0.0933046
-4.5965 -5.428 327.504 0.34571 0.348336 -0.4 0.262505 -0.386248 0.884253
-1.36038 11.2201 330.837 -0.217472 0 -0.748803 -0.462407 0.76692 -0.444986
6.9245 9.377 340.475 0.0919169 0.120211 -3.2 -0.0798625 0.660167 0.746861
15.431 -12.0405 346.097 -0.169793 0 3.8 0.399032 -0.681389 -0.613582
48.4386 -2.76262 326.499 0.17091 0 2.8 0.0997824 0.396659 0.912527
35.5669 -9.22237 342.578 0.133806 0 -3.97139 -0.518429 -0.819125 0.24549
-5.3405 -1.4165 355.587 -0.402722 0 -0.9 -0.887076 0.095556 -0.451624
16.4885 -8.342 357.884 0.0227834 0.917219 -0.7 0.801057 -0.105822 0.58916
-6.01188 -14.567 361.57 -0.415686 -0.340584 -1.88316 0.0141435 -0.31812 0.947945
33.9644 -1.43588 342.203 -1.16571 0 -3.15322 -0.657934 -0.114189 0.744368
13.0293 -15.7076 357.591 -0.139444 0 -2.19993 0.883958 -0.41595 -0.213549
24.4231 3.07625 310.179 -1.25444 -0.780823 1.8 0.0748057 -0.464433 -0.882443
17.3771 -17.7905 321.656 -0.716893 -0.177025 -2.40324 -0.164348 -0.541012 -0.8248
15.2767 -9.28625 359.321 -0.876113 -0.085037 -2.04904 0.928216 0.338502 0.154375
4.06213 8.79488 322.609 2.30137 0.131073 -3.9 0.231665 0.720471 -0.653646
28.5315 -12.1372 307.401 -1.20485 -0.0188216 -3.5 0.0350389 -0.950359 -0.309177
30.1388 3.45263 312.461 -0.52843 -0.566719 -3.5 0.647974 0.370593 -0.665425
32.8745 -4.039 340.632 -0.859539 -0.636087 -3.5 -0.783767 -0.117176 0.609901
38.4966 5.41525 350.57 0.0229449 0 -2.24305 0.286807 0.253219 0.923917
33.271 -32.404 314.798 -0.357502 -0.019324 -3.5 0.324834 -0.898629 -0.294872
7.88625 11.4347 345.703 1.92549 0.300108 -3.9 -0.878794 -0.0164644 -0.476918
-9.77125 -8.4225 350.978 -0.416068 0 1.8 -0.779156 0.244561 -0.577153
20.3722 -7.0415 353.778 -0.197319 0.121727 -0.7 0.7062 -0.668366 0.2336
17.5356 -21.6549 331.671 -0.330721 0 -3.56092 0.0298504 -0.620718 0.783465
20.2315 9.18325 362.584 2.98895 0 -3.9 -0.00789279 0.884512 -0.46645
50.6601 -3.30825 332.087 -0.0611006 0 1.8 0.987102 -0.125981 0.0987826
20.2913 -17.481 309.145 -1.26304 -0.181708 -1.6 -0.892058 0.231986 -0.387833
41.9115 -28.218 329.801 -0.0145715 0 -3.5 0.0880433 -0.801785 0.591091
11.084 6.6445 325.943 -0.565429 -0.00314867 -2.38286 -0.269896 0.936159 0.225307
4.53525 0.1125 360.743 -0.00349199 0.1383 -4.5 0.0508673 0.892649 0.447874
47.749 -1.64388 325.754 0.22018 0 2.8 -0.353806 0.737588 0.575139
-9.87037 -11.478 352.656 -1.12757 -0.0667913 0.245913 -0.905155 0.417479 0.0800383
34.2366 -17.4206 313.167 0.25628 0 -0.4 0.250509 0.420909 -0.871826
-0.9205 -10.884 333.49 0.0485201 0 -2.27932 -0.617184 -0.786768 -0.0089337
8.51637 -19.7874 330.809 0.539457 0.500382 1.15251 -0.0522011 -0.698471 0.713732
14.2504 -7.10738 323.364 -1.16351 -0.0108465 -1.3 0.435241 -0.238195 -0.868233
46.4924 3.5635 345.167 0.580491 0 -4.5 0.623756 -0.0623849 -0.779125
36.9137 15.8512 317.468 -0.15504 0 -1.6 0.711989 0.503734 -0.489207
-10.2942 -5.53337 331.307 -1.70558 -0.772219 -3.5 -0.878991 0.289121 -0.379187
40.1997 -6.90863 318.838 0.0100388 -0.417197 1.64649 0.627446 0.279313 -0.726839
-3.426 13.4698 334.404 -1.29914 -0.669075 -0.4 0.146425 0.917785 -0.369095
30.0399 -24.0439 330.931 0.307717 0 -3.9 0.936995 -0.0617852 0.343837
19.273 -17.9112 336.63 0.216649 0 -4.5 -0.356467 -0.589437 0.724911
29.6875 15.8735 338.397 0.482248 0.652176 -1.1637 0.188202 0.896519 -0.401041
-11.76 5.461 337.575 -0.522987 0 -3.5 0.191202 0.892674 0.408135
24.9352 7.20138 344.104 -1.79923 -0.0893077 -3.37145 0.787951 -0.403334 0.465247
-8.85625 -4.82937 321.561 -1.8716 -0.183923 -3.5 -0.99036 0.0993386 -0.0965344
47.8541 -16.4461 330.785 0.0334236 0 -2.88109 0.616338 0.334379 0.712964
20.1284 -20.2367 315.714 0.0528448 0 -1.25773 -0.892475 -0.185165 0.411343
20.5161 -21.9056 311.382 -0.489466 0 -1.6 -0.543888 -0.509502 -0.666778
17.4555 -12.4867 358.797 -1.82237 -0.40811 -3.5 0.797461 -0.170674 -0.578728
20.9234 -7.66587 319.314 0.265932 0 -4.5 -0.254795 -0.67996 0.687556
40.8276 7.72825 349.04 -0.261476 0 -3.5 0.262969 0.879632 0.396352
13.2734 -11.833 345.568 -0.275553 0 3.8 0.564297 -0.54351 -0.621421
3.609 -0.822 356.268 -0.0615976 0 1.9 -0.0533925 0.962017 0.267717
39.0747 -28.6695 325.222 0.357299 0 1.9 0.237827 -0.62712 -0.741727
33.3855 18.3605 330.836 -0.515252 -0.0194373 -3.5 0.272632 0.950681 0.147911
11.682 -14.2493 322.612 -1.00206 0 3.71926 -0.0594409 -0.247023 -0.967185
35.3415 -28.5755 317.755 -0.546901 0 -0.700838 0.737063 -0.667997 -0.102553
32.2045 16.0359 339.583 -1.38904 -0.872578 -3.5 0.132372 0.98741 0.0865977
32.5892 -8.75088 311.752 0.300514 0.0956987 -4.5 -0.45062 0.847966 0.279097
32.4576 -9.14038 309.412 -0.0374531 0 -4.5 -0.495053 0.4662 -0.733199
39.8685 -0.482 319.745 0.19372 0 -3.9 0.73971 -0.637392 0.215781
25.3105 3.00475 342.956 -1.39404 0 -1.6 0.964719 -0.0781251 0.251425
45.5047 -19.0115 342.118 2.42481 0.323361 -3.9 0.830535 0.132259 0.541036
13.837 -21.492 329.573 0.722969 0 -0.7 0.200085 -0.777313 0.596449
22.9932 1.95525 319.362 -0.45656 0 -3.5 -0.994242 0.107048 -0.00490809
-8.22062 7.13 331.052 -0.220312 0 -0.7 -0.147794 0.67963 -0.718512
39.2815 17.3469 321.248 -1.43105 -0.211948 -3.5 0.00232709 0.967566 0.252609
-1.1115 -10.1785 335.457 0.083526 0 -3.9 -0.044171 -0.677991 0.733742
2.12188 -5.04575 337.33 -1.27622 -0.395544 1.98484 0.247119 -0.952204 0.179552
23.334 -1.783 322.397 -0.887641 0 4.5 -0.986371 -0.0377661 -0.160141
0.29925 3.17175 327.856 -0.0217799 0 2.8272 -0.337549 0.29878 -0.892631
19.8175 -25.9907 325.815 -0.589726 -0.538204 1.8 -0.747216 -0.655424 -0.109948
11.5782 -15.6791 351.386 -0.288662 -0.355196 -0.7 0.177974 0.155387 -0.971689
11.0903 -5.65525 322.962 -0.565675 0 -1.3 -0.140315 -0.149235 -0.978795
19.0864 8.63737 350.283 -0.0710804 0 1.27913 0.432172 0.856772 0.281369
7.66288 -7.70388 363.214 -0.204833 0 -0.992289 0.23223 0.0398722 0.971843
13.8025 2.5175 323.646 -0.252903 -0.0390336 -3.48276 0.682561 0.483989 -0.547599
44.2251 0.5025 349.141 0.0497026 0.0997854 -4.5 -0.683219 -0.68494 0.253119
17.1414 -10.578 322.873 -1.85936 0 -0.8 0.0188224 0.781555 -0.623552
37.9347 15.2949 327.86 0.504796 0.784296 -4.5 0.539037 0.61421 -0.576355
5.40338 -4.74538 339.963 -0.972682 -0.0320763 -1.879 0.196783 -0.932523 -0.302782
35.5742 5.789 352.566 0.33512 0.568872 -0.8 -0.0094812 -0.152804 0.988211
13.575 6.553 355.509 -0.307814 0 3.8 -0.264605 0.960574 -0.0853295
20.4573 -2.67625 341.511 -0.519849 0 1.8 0.1514 -0.912497 -0.380037
43.6043 -18.7645 317.615 1.68431 0.863065 -3.9 0.1833 -0.256824 -0.948916
15.8243 8.88075 348.441 -1.11138 -0.402751 1.8 -0.395515 0.909433 -0.128454
-1.20325 14.5601 341.577 0.211789 0 -3.9 0.307426 0.449961 0.838465
21.6755 -11.3322 314.152 0.306747 0 -4.5 0.125908 0.753746 -0.644992
38.2334 9.976 327.038 -0.107377 0 -1.06724 0.385289 0.724252 -0.571849
43.8339 -21.0724 335.302 -0.6843 -0.146714 -0.9 0.228465 -0.597143 0.768911
30.432 -1.401 340.832 -0.361285 -0.389944 -0.8 -0.495302 -0.164501 0.853004
0.3065 -6.83663 320.175 -0.0741626 0 -4.5 -0.381725 -0.433267 -0.816434
36.7774 -17.2323 335.445 -0.121456 0 1.8 -0.621553 -0.611691 0.489393
11.3092 10.128 332.16 0.425646 0.217701 -4.5 0.401272 0.882172 -0.246484
36.632 15.2139 337.479 -0.342426 0 -3.5 0.642288 0.628066 -0.439317
-4.97475 -4.7015 357.808 -0.888668 0 -2.01116 -0.81961 -0.0116559 0.572803
24.0842 -18.7435 331.691 -0.385239 -0.851213 -0.4 0.157793 -0.28245 0.946215
15.1319 -5.71525 355.968 -0.817383 -0.392564 -2.20317 0.953189 0.261675 0.151517
23.9825 -0.48725 346.507 -0.385893 0 -3.5 0.93956 0.334334 -0.0738091
52.841 -17.0139 323.759 0.124973 0 1.8 0.510628 0.29311 -0.808298
-12.4356 -13.9249 355.35 -0.638937 0 -3.5 -0.595387 0.541282 0.593741
44.4151 -27.0166 328.012 -0.290548 0.0789362 -3.45509 0.18498 -0.980008 -0.073252
-15.1562 -15.1692 352.426 -1.64246 -0.215869 -3.5 -0.917527 0.256316 -0.304051
17.9474 -5.069 335.988 -1.57204 -0.242941 -1.3 0.611552 0.566794 0.55204
3.25481 7.84662 344.219 -0.166862 0 -1.6 -0.324991 0.76483 0.556252
-5.70475 -4.354 329.732 -0.158835 0 -3.5 0.375919 -0.866951 -0.327231
-9.91212 -1.18113 331.339 -1.37651 0 -3.72752 -0.424322 -0.587493 -0.689059
23.3845 -17.9705 332.539 -0.229732 0.351381 -4.5 0.377905 -0.697358 0.608999
46.6839 -2.9215 330.046 0.026194 0 -3.5 0.191904 0.549359 -0.813251
15.3951 -16.5287 355.084 -0.225583 -0.452088 -0.7 0.777973 0.255975 0.57379
20.7202 1.3865 354.648 0.407813 0.238467 -3.2 0.591876 -0.294217 0.750413
22.2658 3.74275 354.33 -0.841523 -0.893752 -3.2 0.675618 -0.242282 0.696304
12.3173 7.52125 330.325 0.39272 0.576431 -4.5 0.754433 0.451449 -0.476472
34.644 -31.4014 316.195 -0.485472 -0.0589501 -3.5 0.850098 -0.463985 0.249101
18.1375 -5.3095 345.575 0.32701 0.0626079 -0.902513 0.781824 -0.575263 -0.240464
44.6615 -19.3966 336.003 -0.437885 -0.421106 -0.9 0.491972 -0.684915 0.537452
5.52375 -1.0585 340.016 -0.453144 0 -3.64738 -0.436525 0.788335 0.43356
45.9234 -16.3836 319.532 0.129386 0 -3.9 0.48314 0.600313 -0.637339
14.645 -11.0162 365.026 -1.49742 -0.374965 -0.4 0.956152 0.114166 0.269704
26.3091 -25.3129 316.732 -0.280087 0.72528 -2.79399 -0.811689 -0.506674 0.290588
0.941 2.61387 363.023 -0.457811 0 -3.5 0.196134 0.919507 0.340645
39.5008 -15.0134 336.896 -0.289353 0 -2.33905 -0.743452 -0.475138 0.470662
22.2929 -5.49113 348.813 -1.12068 0 -3.5 0.0829676 -0.719378 0.689646
8.1455 9.3605 340.554 0.631265 0.812871 -3.2 0.447685 0.213018 0.868447
33.3849 -13.7984 312.72 0.329631 0 -4.5 -0.113992 -0.783055 -0.611417
47.6043 -18.6047 320.382 0.0194781 0 -3.9 0.712359 -0.341241 -0.61327
31.4321 16.6437 341.06 0.335414 0 -3.9 0.400469 0.720207 -0.566503
39.4011 -13.5579 337.898 -1.21862 -0.429454 0.215831 -0.861426 -0.0142597 0.507683
4.6995 1.894 345.666 -0.830177 0.547614 -1.27657 -0.648647 -0.0766105 -0.757224
-0.93975 -11.7505 331.367 -0.109499 0 4.5 -0.903827 -0.199526 0.378532
43.475 -8.957 341.785 -1.24649 -0 -3.5 0.371143 0.765236 0.52599
4.867 1.33225 354.555 0.0371938 0 2.84964 -0.447322 0.386509 0.806544
22.5292 13.7823 337.412 -0.20695 0 -0.7 -0.690313 0.697739 0.191385
-1.277 5.5035 328.576 0.41535 0 2.8 -0.361518 0.328424 -0.872607
-2.60087 -13.0094 327.359 -0.169458 0 4.5 -0.780956 -0.614336 0.112685
3.68388 4.89313 351.623 -0.0721944 0 -3.2 -0.419096 0.900747 0.114078
3.88438 -5.53125 337.919 -1.87295 -0.322041 2.78348 -0.104532 -0.98488 0.138145
30.948 -5.05575 338.991 0.206475 0.645205 -4.5 -0.783639 -0.389433 0.483995
26.4865 6.68475 342.474 -1.91942 -0.467363 2.2503 0.357661 -0.52976 0.769047
36.3869 -21.3853 332.184 -0.0683893 0.536387 1.8 -0.519385 0.591419 0.616816
2.788 -18.4285 352.378 -1.33704 0 -3.5 -0.923116 0.234584 -0.304675
22.5395 -27.4051 325.401 2.61606 0 1.8 0.175188 -0.778112 0.6032
2.4955 -7.07812 319.363 -0.36088 0 -4.31566 -0.173832 -0.567823 -0.804586
45.9823 -10.7917 342.555 -0.153989 0 -3.5 0.193046 0.505125 0.841179
3.23375 3.13 318.276 0.149886 0 -3.5 0.0650485 0.87095 -0.487047
20.3125 -11.1904 322.029 -0.406444 0 -0.8 0.0103452 0.610886 -0.791651
12.7633 4.36037 331.984 0.370418 0.29401 -2.05639 0.591887 0.0619382 -0.803638
5.57288 10.6176 325.157 -1.61791 -0.095282 -3.5 0.556277 0.461654 -0.690964
1.52375 8.419 340.68 -1.46594 0 -1.6 0.249546 0.967164 0.0481615
18.0741 -4.4935 341.361 -0.483599 0 -0.7 0.873606 -0.134789 -0.467595
-7.85738 2.17637 338.806 -0.17104 0 -4.33544 -0.437549 -0.813961 0.382123
33.6655 -7.60975 346.052 0.152596 0.160558 -4.5 -0.901125 -0.323629 0.28851
38.9432 -27.814 324.443 -0.0971863 -0.0192371 1.89276 0.451178 -0.628368 -0.633713
46.6554 5.49 346.848 0.275628 0 -4.5 0.707062 0.694871 0.131215
48.4232 -26.2598 328.585 -0.341386 0 -3.2 0.658267 -0.745688 -0.10312
4.35675 -16.071 355.293 -0.684168 0 -3.5 -0.55259 -0.528704 0.644295
21.3381 -1.68012 332.991 -0.999409 -0.960359 -1.3 -0.640103 0.642976 0.420535
-3.391 -17.9967 355.837 -1.35867 -0.0792519 -3.5 -0.00229435 -0.852907 0.522058
-3.24 -12.0564 348.258 -0.46143 0 4.2 0.314012 -0.229942 -0.921153
34.3203 -0.82925 342.949 -0.713152 0 -3.33814 -0.849153 -0.447138 0.281081
21.7983 0.4055 332.651 -0.376937 -0.318683 -1.3 -0.944252 0.289646 0.156501
14.0205 5.13775 325.017 -0.760189 0 -1.62992 0.903177 0.0872699 -0.420305
1.33687 -23.5749 326.53 -0.83685 -0.795794 -3.5 -0.425945 -0.863486 0.270116
31.2905 18.483 329.895 -0.506444 -0.0971715 -3.5 -0.290959 0.8434 0.451685
26.018 -2.16025 312.352 -0.880787 -0.909209 -0.966122 0.207703 -0.483322 -0.850447
2.4395 -17.9835 321.424 0.368533 0 -1.6 -0.201165 -0.371015 -0.906576
-0.002 8.633 341.534 -0.511819 0 -3.5 0.363616 0.137154 0.921397
32.8124 -2.66613 313.514 0.40282 0 -3.9 -0.502131 -0.791014 -0.349515
48.7458 -9.064 335.784 0.121767 0 -4.5 0.822333 -0.537083 -0.187909
47.2581 -5.62375 321.915 -0.0595574 0 2.8 0.114361 -0.834241 -0.53941
10.055 -18.3585 332.393 0.556263 0 -0.7 -0.652834 0.327046 0.683264
-0.123875 -14.2297 329.288 0.333708 0.141129 4.5 -0.684086 -0.717048 -0.133675
27.2973 -22.3458 303.932 0.610666 0.787236 -4.5 -0.721717 -0.0405268 -0.691
-2.056 -5.82175 365.686 -0.772661 0 -3.5 -0.343941 -0.242329 0.907183
39.6315 -9.76475 338.519 -0.845475 -0.0339444 -0.4 -0.5856 -0.746098 0.316877
42.4058 -9.48325 319.724 -0.233555 0 3.57721 0.155813 -0.0522672 -0.986403
3.847 -20.8035 351.632 -1.76635 -0.933082 -3.5 -0.191165 -0.937018 -0.292323
30.9146 -3.00425 339.861 0.0248857 0.557238 -0.8 -0.444089 -0.659501 0.6065
-9.88237 -18.5763 350.789 -0.435056 -0.660456 -0.8 -0.513912 -0.733988 -0.444023
9.85025 11.7065 344.658 2.67099 0.179135 -3.9 -0.00603653 0.370652 -0.928752
26.8836 -19.578 331.982 -1.41146 -0.15285 -3.12592 -0.162582 -0.0889905 0.982674
28.2687 -22.8132 323.48 -0.785089 0 -2.45493 -0.0815179 -0.746102 0.660823
47.847 -20.27 322.682 0.0211953 0 -3.9 0.376022 -0.774363 -0.50889
11.927 -21.0959 331.102 0.151615 0 -0.7 -0.0367572 -0.80901 0.586645
33.09 4.43975 350.238 0.267425 0 -0.641801 -0.407523 -0.304684 0.860867
19.5583 0.128625 337.033 -0.383687 0 2.8 0.430892 -0.0948549 -0.897404
20.9884 -27.0292 312.792 0.0206303 0 1.8 -0.631704 -0.724219 0.276506
16.5889 -10.1825 346.931 0.0320876 0 3.8 0.93287 -0.147762 -0.328512
28.782 15.892 323.819 -1.58039 -0.233205 -3.5 -0.28612 0.448603 -0.846694
21.845 -17.819 335.904 0.033177 0.00868972 -4.5 0.291563 -0.766867 0.571757
19.7419 -4.71513 357.809 -0.852582 0 -3.5 -0.1504 -0.462035 0.874016
54.042 -10.9275 328.315 -0.606769 0 -3.2 0.70329 0.592363 -0.39305
4.18725 -16.5767 362.278 1.00064 0 -4.5 -0.224669 -0.807094 -0.546007
4.83575 -9.0795 342.055 -0.346318 0 -0.9 0.358963 -0.341295 -0.868714
31.9264 19.0324 327.806 -0.208298 0 -3.5 0.285212 0.941128 -0.181474
3.46563 -0.504 357.962 -0.652248 0 -4.5 -0.118422 0.888118 -0.444098
45.2809 -17.6381 341.107 0.912575 0.271289 -3.9 0.778582 0.36917 0.507467
36.2305 13.6272 324.755 -0.218155 0.146959 -0.644693 0.961295 0.244215 0.127556
52.6155 -19.97 324.454 -0.0989195 0 1.8 0.557111 -0.823833 -0.10453
26.3405 12.119 345.551 -0.724215 -0.0284298 -3.5 0.19311 0.874009 0.445888
46.635 5.04525 345.56 0.487726 0 -4.5 0.732715 0.399056 -0.551255
-2.23375 -5.273 329.641 0.287797 0 -0.391152 -0.895112 -0.163303 -0.414857
15.6069 -12.1095 320 -0.240033 0 -3.5 -0.125939 0.712524 -0.690253
9.50887 11.0472 337.779 0.110036 0 -3.2 0.316662 0.94267 0.105349
15.5223 -4.1075 322.453 -0.819544 0 -3.2 0.350649 -0.908463 -0.227467
47.6516 -5.90125 322.97 -0.327325 0 0.353295 0.0832941 -0.842904 -0.531577
19.6912 8.30937 351.267 0.107893 0 0.927267 -0.0408327 0.99808 -0.0465703
46.6229 2.54425 334.206 0.309078 0 -0.541487 0.799093 0.417826 -0.432286
21.2935 -20.4618 318.846 -0.678523 0 -0.8 -0.557931 -0.581649 0.591944
15.1722 -16.6553 318.877 -2.31896 -0.0224074 -3.5 -0.00928771 -0.482257 -0.875981
5.335 9.45825 335.073 -0.0692293 0 -3.36186 -0.0209204 0.994128 -0.106168
40.391 17.2175 320.617 -1.4408 0 -3.5 0.665857 0.74607 0.00375167
46.0602 3.4465 334.48 0.459078 0 -0.4 0.824396 0.499601 -0.266026
8.75775 1.9815 360.578 -1.60258 -0.331326 -0.7 -0.347807 0.824396 0.446544
22.7154 4.35887 331.833 0.0226437 -0.125001 -3.5 -0.949738 0.312489 -0.0186722
43.891 -6.44513 339.91 -0.399133 0 3.56483 0.418753 -0.561975 0.713323
39.879 -10.6967 340.823 -0.251399 0 -3.5 -0.912492 -0.152489 -0.379612
23.3048 7.8745 318.975 -1.86936 -0.0556753 -3.5 -0.401036 0.892186 0.207782
-0.2075 12.5098 341.842 -2.0247 -0.818107 -3.5 0.808544 0.437689 0.393299
-1.46625 12.5815 343.021 -1.48127 -0.552945 -3.5 0.465313 0.490771 0.736632
35.889 -10.4062 336.781 0.199914 0 -1.3 0.470176 -0.790256 0.392975
20.4493 3.01737 361.963 -0.0596965 0 -2.08375 0.515998 -0.374221 0.770523
40.9072 6.87162 332.85 0.506759 0 -1.37437 0.455179 0.607583 -0.650887
1.88175 -0.10075 342.544 -1.59089 0 -4.5 0.438971 0.784738 0.437597
1.282 5.8125 326.509 -0.994739 0 -3.5 -0.773839 0.075726 -0.62884
23.203 3.501 353.742 -0.226211 -0.308514 -3.3816 0.470398 -0.21596 0.855621
24.3263 6.2455 353.398 -1.79455 -0.382468 -3.5 0.719234 0.407934 0.562398
40.0139 -18.7779 338.898 1.22663 0.553631 -0.7 -0.646602 -0.134046 0.750957
46.9609 -27.0101 328.375 -0.764432 0 -3.2 0.369777 -0.923652 -0.100659
3.71725 -7.94012 365.765 -0.42695 0 -4.5 0.158039 0.271908 0.949258
6.032 -16.314 335.591 2.13779 0.137893 -3.9 0.197497 0.36424 0.910123
16.931 9.62225 349.983 0.0551758 0.307899 1.8 -0.319571 0.946301 0.0488822
45.7276 -18.7248 340.598 1.07165 0.613888 -3.9 0.893782 -0.430541 -0.125649
-8.04387 5.52563 330.296 -0.51289 -0.0369297 -1.71609 -0.117774 0.58907 -0.799454
13.073 -6.47 322.293 0.0874651 0.103459 -1.3 0.0925113 -0.340164 -0.935804
31.8092 -9.3205 314.219 0.0395666 0 -4.5 -0.677644 0.734648 0.0330291
-9.3625 -2.382 328.495 -0.529922 0 -3.5 -0.761125 -0.522057 0.384896
55.8989 -15.0778 330.864 0.0759008 0 -3.2 0.36026 -0.548661 0.754443
6.99175 -18.6548 361.24 -0.481183 0 -4.5 -0.606965 -0.782892 -0.136648
25.2092 7.57525 350.407 -1.22643 -0.441371 -3.5 0.501333 0.64443 0.577386
19.8853 7.8025 366.082 1.19599 0 -3.9 0.187691 0.195697 0.962536
40.9184 14.407 318.897 -0.251027 0 -3.5 0.357605 0.0541903 -0.932299
34.9165 16.193 339.605 -1.69546 -0.238071 -3.5 -0.0880129 0.992001 -0.0904894
24.2377 -2.5725 345.265 -0.538679 0 -3.5 0.54356 -0.0347567 -0.83865
30.902 -1.891 315.58 0.314537 0 -0.682279 -0.221998 -0.509147 -0.831556
18.8296 -18.3223 321.251 -0.243928 0 -1.6 -0.277878 -0.538228 -0.795673
29.613 -22.8925 328.375 -0.18002 0 -3.9 0.79468 -0.266363 -0.545467
33.3831 -25.3009 329.096 -0.761215 0 -3.5 -0.738252 0.530938 0.416039
-14.112 -16.126 351.462 -1.6514 -0.0799585 -3.5 -0.330977 -0.211808 -0.91956
7.891 -19.221 351.418 0.307776 0.758893 -3.5 0.327401 -0.471449 -0.818868
-8.328 7.75688 332.426 -0.205065 0 -0.7 -0.47233 0.871487 -0.131967
41.0544 -8.704 319.357 -0.309108 -0.0588246 3.87302 0.461833 -0.126278 -0.877931
52.9081 -18.2083 323.095 -0.0894605 0 1.8 0.510741 0.0999217 -0.853908
26.1545 15.996 326.977 -0.416952 0 -3.5 -0.322393 0.939639 0.114638
24.0249 15.8862 331.819 -0.132824 0 -1.6 9.99414e-05 0.96467 0.263463
35.6356 15.2306 327.271 -0.288183 0 -3.9761 0.235483 0.923376 -0.303192
2.54888 -17.45 363.944 0.371648 0.659216 -4.5 -0.0707039 -0.9943 -0.0798018
30.0204 15.1351 323.424 -1.33698 -0.22287 -3.5 -0.379006 0.320513 -0.868116
44.033 -14.0965 341.306 0.331582 0.762824 -3.5 -0.0167781 -0.350014 0.936594
5.41313 -13.9326 347.263 -0.6207 0 -3.5 -0.688089 -0.702328 0.182396
27.6985 -24.6415 327.475 0.217501 0 -3.9 -0.0615278 -0.350055 -0.934706
40.2301 -16.3827 338.355 -0.00697895 0 -3.9 -0.991651 -0.0305726 0.125277
31.271 -28.5615 321.046 -0.240261 -0.772614 -1.3 -0.501449 -0.682224 0.532089
37.4072 14.161 333.153 0.168518 0 -4.5 0.681656 0.70884 0.181358
26.258 13.8646 334.906 0.171465 0 -0.9 -0.407065 0.90367 0.13296
39.9895 5.034 350.392 -0.148886 0 -3.5 0.0665722 -0.244559 0.967346
31.3665 -16.1528 332.211 -0.914772 -0.185139 -2.03285 0.798392 0.0256358 0.601591
-6.58813 -9.52063 359.967 -0.527415 0 -0.60968 -0.49279 0.8691 0.0427026
29.312 12.8175 323.357 -0.208619 0 -0.9 -0.566945 0.478356 -0.670633
12.2137 -9.25912 339.686 0.176282 0.585951 -3.5 -0.244643 -0.868526 -0.431059
20.2055 -16.5572 311.252 -0.400077 -0.458401 -3.06997 -0.891676 0.189517 -0.411093
49.471 -23.1585 325.96 -0.0711233 0 -3.2 0.955236 -0.260783 -0.139702
38.6895 10.527 343.503 -0.429926 0 -0.9 0.656201 0.478172 0.583739
7.8055 -18.071 332.38 0.377181 0.280356 -3.9 0.552623 -0.652129 0.518975
30.1483 -19.8369 306.979 0.404242 0 -4.5 0.534119 0.71996 -0.443141
17.3668 -4.78925 340.673 -0.895777 -0.1651 -0.7 0.898789 -0.0198124 -0.437934
2.20788 -12.0891 335.102 -0.247593 0 4.2 -0.369388 -0.437156 0.820028
28.223 8.795 314.215 0.109932 0 -4.5 -0.733925 0.653695 -0.18449
27.7572 15.1941 333.314 0.148565 0 -0.9 -0.0390362 0.915253 0.400985
1.66788 -1.90287 316.055 -0.167696 0.190573 -3.89245 -0.520339 -0.103372 -0.84768
3.95575 -17.1465 363.289 0.20794 0.0621062 -4.5 0.044976 -0.976044 -0.212875
39.8517 -0.661875 318.728 0.11613 0 -3.9 0.964342 -0.0134349 -0.264316
1.84075 -8.66687 339.975 -0.289127 0 1.9 -0.0763935 -0.0965483 -0.992392
35.9087 17.1675 322.973 -0.23195 0 -0.4 0.327492 0.860229 0.390838
16.024 -3.708 320.741 -0.711122 0 -3.2 -0.187015 -0.932282 -0.309637
40.0391 3.72863 318.837 0.382454 0 -4.0069 0.981719 0.105585 0.158366
5.75275 -11.0265 335.558 -0.502564 0 4.34783 -0.510112 -0.374262 0.774412
26.9546 7.5085 349.545 -1.87834 -0.200831 -3.5 0.548856 0.711306 0.43909
-10.2365 -15.8725 349.098 -0.391088 0 -0.8 -0.572192 -0.133182 -0.809233
30.092 -19.9241 308.913 0.815125 0 -4.5 0.606752 0.719359 0.338193
-2.7885 13.553 335.658 -0.291448 -0.207715 -2.80319 -0.0322199 0.987022 -0.15732
22.7069 -1.25513 343.539 -0.141019 0 -3.5 0.894592 -0.423573 -0.142447
22.8315 -8.45275 322.376 -0.115228 0 3.99666 -0.158967 -0.526677 -0.835069
15.5689 3.71863 335.954 1.09663 0.947827 -0.4 0.890885 -0.345077 -0.295375
34.1377 0.97825 311.486 0.484127 0 -3.9 0.435457 0.321785 -0.840733
3.21825 11.2168 334.78 -1.60025 0 -0.8 0.733809 0.538605 0.414041
-1.86175 15.554 341.019 1.56602 0.0247757 -3.9 -0.0826962 0.506629 0.858189
1.98512 -0.980875 367.086 -0.403176 0 -4.5 -0.649896 0.0138713 0.759897
45.2054 -5.00962 340.78 -0.557308 0 1.47638 0.50006 -0.669415 0.549385
23.2915 14.9715 327.124 -1.61145 -0.404221 -3.5 -0.520021 0.845704 0.119845
13.0796 -0.297125 361.602 -0.33542 0 -0.7 0.768885 0.304042 0.562471
20.7854 -26.0998 327.505 -0.71378 0 1.8 -0.0298991 -0.848925 0.527666
21.3568 -1.1015 354.572 -0.0306092 0 -3.5 0.886917 0.442148 -0.133725
-5.74575 -9.3765 334.797 -0.0303822 0 -3.9 -0.520028 -0.847478 0.106548
28.8477 -25.8039 308.946 -1.04339 -0.0206508 -3.5 0.0210118 -0.998918 0.0414814
49.6744 -3.93012 330.505 0.0125551 0 -2.88334 0.785681 0.302413 -0.539678
29.8372 -26.2793 328.181 2.9864 0.0847513 -3.9 0.225633 -0.552787 -0.802195
3.03325 -17.1696 331.823 0.170114 0 -3.9 -0.715967 -0.693293 0.0820767
34.2537 14.2776 316.388 -0.186945 0 -1.6 -0.491318 -0.00227972 -0.870978
-10.5793 -0.88325 334.332 -0.836073 0 -3.9 -0.18228 -0.792713 0.581704
5.8965 5.4165 352.069 -0.6942 -0.0473692 -2.06665 -0.345512 0.938325 0.0129271
13.0104 -21.2882 319.958 -0.261823 0 4.2 0.124027 0.122461 -0.984693
48.4302 -14.2856 329.334 0.49653 0.22066 -2.45368 0.492472 -0.0661623 0.86781
21.129 3.725 357.027 -1.21023 -0.024394 3.8 0.610409 -0.784565 -0.108896
28.6435 -21.2952 317.786 -0.322996 -0.174635 -1.60486 0.250709 0.661599 -0.706705
13.8821 6.00625 324.353 -1.40176 -0.201231 -3.5 0.735309 0.658931 0.158528
26.9722 -25.8896 321.712 0.123687 0.0024759 -3.5 -0.869272 -0.312265 0.383219
22.2455 6.917 317.899 -1.9533 -0.818182 -3.5 -0.908864 0.282526 -0.306832
54.0317 -14.9738 324.824 -1.07659 -0.24982 1.8 0.695391 0.176044 -0.696735
3.69088 -18.6965 354.918 -1.97948 -0.803736 -3.5 -0.404361 0.127037 0.905734
40.6348 2.774 348.989 -1.74411 -0.121282 -3.5 0.104843 -0.764644 0.635868
19.8617 -13.7811 311.803 0.0580576 0 -4.5 -0.602537 0.108991 -0.790614
36.4831 -23.5869 315.129 0.0447816 0 -0.4 0.772581 0.235468 -0.589639
49.1227 -0.28425 332.037 0.0325172 0 1.8 0.248609 0.954095 -0.167022
-4.06012 -4.61713 341.417 -1.95512 -0.100826 -3.5 -0.999752 0.0202754 0.00920501
9.0135 -17.7838 322.079 -0.855367 -0.0891411 -3.39056 0.148482 -0.385026 -0.910883
6.09 -11.3191 318.391 -1.64522 -0.0957089 -3.5 -0.331722 -0.442363 -0.833232
18.924 -2.536 319.956 -0.506493 -0.107674 -3.73588 0.00856181 0.780491 0.625108
-3.13013 4.11056 326.161 0.663821 0 -3.9 0.70638 0.647649 -0.285619
21.8821 -0.493125 333.118 -0.677951 -0.176453 -1.3 -0.896593 0.126584 0.424378
-3.30375 -2.79425 345.609 -0.887817 0 -3.34373 -0.530848 0.302857 -0.791504
-3.404 -5.5945 362.132 -0.561445 0.40489 -3.5 -0.998353 -0.0471843 -0.0326297
18.9161 7.10388 366.335 0.223761 0 -3.9 -0.341724 0.042316 0.938847
43.1502 4.52125 349.602 -2.23307 -0.511971 -3.5 0.170526 0.205443 0.963698
13.3486 -19.0254 351.792 -0.21803 0 -0.7 0.09382 -0.919032 -0.382854
3.86775 3.48675 347.2 -1.22605 0 -3.2 -0.460562 0.768565 -0.444062
38.576 -4.88625 348.447 -0.184975 0 3.8 -0.101592 -0.849859 0.517126
18.604 9.59737 363.651 1.39592 0.861968 -3.9 -0.622456 0.745532 -0.23818
14.8264 3.1285 325.874 -0.567108 -0.372098 -2.24459 0.282108 0.276748 -0.9186
35.7272 3.438 315.073 0.393424 0 -2.64959 0.102477 0.256418 -0.961118
11.6471 -23.3867 328.566 -0.166429 0 -0.7 -0.0456469 -0.994762 0.0914581
-3.511 -8.17075 325.87 -0.0483504 0 0.599069 -0.332983 -0.79193 0.511829
0.98475 -22.7135 328.028 -0.196348 -0.160646 -3.5 -0.524128 -0.748823 0.405653
43.8846 -15.3664 341.139 0.164067 0.127747 -3.8472 0.212133 0.142902 0.966736
22.0256 -3.89575 349.737 -0.560761 0 -3.5 0.486746 -0.149212 0.860705
-15.1503 -16.354 353.899 -1.63019 0 -3.5 -0.844291 -0.0565444 0.532893
21.6917 8.67887 364.635 2.43744 0.0773163 -3.9 0.91796 0.204302 0.340014
50.6668 -9.11575 333.444 0.00486817 0 -3.5 0.373521 -0.578278 0.725311
17.0438 6.27775 363.832 0.0127764 0 -3.9 -0.987478 0.070357 0.141198
21.7304 3.76338 355.293 -0.672402 -0.48285 0.425401 0.655331 -0.624447 0.42498
6.03925 -13.4482 348.637 -0.565422 0 -3.5 -0.879159 -0.392387 0.270391
-9.9275 1.78788 328.256 -1.62968 -0.707259 -3.5 -0.779519 0.395557 -0.48568
30.2261 -20.9701 314.875 0.320718 0 -4.5 -0.667627 0.723717 0.174664
25.9826 3.91138 346.486 -1.07195 0 -2.00161 0.989397 -0.125722 -0.0727138
34.2702 15.9926 338.857 -0.843 -0.0370278 -3.5 0.00183968 0.999771 0.0213193
39.5305 8.68025 333.26 0.0665791 0 -0.9 0.733347 0.443967 -0.514875
26.1268 2.92875 310.408 -0.734849 0 0.197694 0.0362461 -0.119062 -0.992225
8.49625 -14.3173 366.008 -0.750299 0 -3.5 0.379276 -0.746101 0.54725
-2.78113 -0.372 323.868 -0.198458 0 -3.9 -0.169315 0.19101 -0.966875
-6.23287 -5.63137 353.02 -0.291389 0.0105607 -3.2 -0.938628 0.344785 -0.00999376
46.6914 8.47175 335.689 -1.6939 -0.304775 -3.5 0.707121 0.247319 0.662429
39.0267 -11.3306 336.727 -0.381522 -0.0049861 3.8 -0.62927 -0.0748729 0.773572
51.3674 -9.52213 337.88 0.401962 0 -4.5 0.394191 0.00546743 -0.919012
43.1063 -27.966 329.05 -0.0764939 0 -3.5 0.470645 -0.865412 0.171915
11.0885 12.4738 346.841 1.40897 0.0562706 -3.9 0.700261 0.71317 0.0319863
-0.97475 -8.186 340.697 -1.23134 0 1.9 -0.607158 -0.706796 -0.36304
22.4589 5.81687 309.779 -0.216302 0 1.8 0.207553 0.510544 -0.834426
45.5805 5.47175 332.605 -1.39427 0 -3.09157 0.795665 -0.195185 -0.573428
29.988 -0.917375 313.048 0.836318 0 -3.71321 0.209094 -0.976053 0.060008
15.7784 -12.877 318.946 -0.357237 0 -3.5 -0.0501955 0.639379 -0.767251
15.4493 1.02163 361.079 -1.27248 -0.0815552 -1.6 -0.258415 -0.480302 0.838172
0.675875 -0.6995 315.986 -0.798044 -0.0381769 -3.5 -0.506142 -0.674352 -0.537652
7.306 -14.9155 348.202 -0.720881 -0.176874 -0.826429 -0.48739 -0.783397 -0.385668
12.9029 -15.6412 334.854 -0.0196967 0 -3.9 -0.172112 -0.877934 0.446776
39.072 -3.0995 321.315 0.00506053 -0.0518899 2.60007 0.728328 0.517553 -0.449085
30.7878 2.7385 349.637 0.249364 0 -0.43075 -0.264423 -0.69363 0.670044
24.8826 -2.75388 312.025 -1.71486 -0.060704 -0.8 0.104065 -0.416525 -0.903149
20.558 3.2435 313.818 0.532286 0 1.8 -0.896099 0.360585 0.258816
35.7952 1.03675 314.242 0.47212 0 -3.96022 0.447198 0.639184 -0.625666
5.92513 4.67325 323.721 -0.510503 0 -3.9 0.956585 0.259885 0.131926
3.63037 0.8225 354.661 0.0774281 0.0128455 1.9 -0.14511 0.565072 0.81218
32.113 -4.717 314.466 -1.0388 -0.92749 -0.8 -0.338364 -0.022143 -0.940755
0.781875 -15.1613 328.792 0.405634 0.0585269 3.64339 -0.84083 -0.540343 -0.0321532
21.8832 -7.50962 319.814 0.285047 0 1.47583 -0.348714 -0.757804 0.551481
20.668 11.8953 345.117 -0.670436 -0.0830028 -4.00767 -0.0938083 0.951852 0.291852
3.167 1.42725 338.403 0.397885 0 -0.8 -0.15136 -0.196178 0.968816
50.6016 -20.2156 325.62 -0.379527 0 -2.60635 0.324318 -0.94028 0.103394
7.76644 -9.07425 318.878 -1.07456 0 -3.5 0.363902 0.368886 -0.855277
-0.139375 -7.54075 320.779 -0.064075 0 -4.5 -0.416326 0.00589014 -0.909196
14.2151 8.42138 342.843 -0.626874 0 -0.749928 -0.128667 0.978873 -0.158913
30.5739 -27.1868 322.582 -0.0181389 0 -1.3 -0.637656 -0.653152 0.408396
31.2725 -10.0875 317.496 0.390404 0.0988035 -0.8 -0.5856 0.507878 -0.631769
5.69387 5.8175 319.21 -0.247024 0 -3.9 0.455319 0.461359 -0.761467
4.21037 -13.0092 344.694 -2.02396 -0.153759 -3.5 -0.770188 -0.608192 -0.192126
17.3265 -14.1458 338.266 2.76434 0 -3.9 0.537651 -0.723862 0.432384
22.7586 13.275 344.169 -0.326266 0 -4.5 -0.109456 0.945839 0.305627
50.9416 -10.1236 326.908 -0.837181 0 -3.2 0.405863 0.640579 -0.65187
33.6478 -30.1099 313.991 -1.66548 -0.0328182 -3.5 0.126111 0.386088 -0.913801
25.2778 13.681 333.823 0.886019 0 -1.54847 -0.0547711 0.920232 0.387522
37.5874 14.3835 318.369 0.339246 0 -2.49575 0.737742 0.0957481 -0.668259
4.1225 -6.533 365.315 -1.14262 -0.0624975 -3.5 0.468645 0.00230123 0.883384
18.7359 -4.47337 316.804 -1.10889 -0.782158 -3.53558 -0.89683 0.332757 -0.291494
36.171 -0.16925 312.23 0.153131 0 -3.9 0.676057 0.37624 -0.633554
-8.5685 -5.28725 322.779 -1.7706 -0.902596 -3.5 -0.948777 -0.28248 0.141519
55.3876 -12.3465 329.79 -0.597839 0 -3.2 0.706565 0.656953 0.263019
21.9246 4.99263 313.569 0.182027 0 1.8 -0.50309 0.587305 0.634014
7.49475 -2.598 322.909 -0.515226 0 4.2 0.269037 -0.498287 -0.824214
6.67212 -24.2014 355.528 -0.0346082 0.054804 -3.5 0.415761 -0.905858 0.0810189
12.4599 4.14925 359.601 -0.20159 0 3.8 -0.577442 0.207647 0.789584
44.6364 6.01325 345.521 0.413993 0 -4.5 0.204193 0.976525 -0.0685854
40.4015 -23.3365 317.887 -0.244183 0 -1.3 0.377353 -0.204493 -0.903209
43.036 -13.5168 341.77 0.528272 0.173022 -3.5 0.328786 -0.604999 0.725173
22.3123 -4.10475 345.617 -0.856662 0 -3.5 -0.00571517 -0.421757 -0.906691
5.46338 0.02725 317.832 -1.29424 -0.570476 -3.5 0.657217 -0.16031 -0.736455
3.1165 -24.6747 324.147 -0.205719 0 -0.8 -0.633173 -0.627875 -0.452621
22.7593 -13.6971 310.728 -0.0130587 0 -2.51673 -0.646873 0.61846 -0.446165
15.4663 -25.1715 324.234 -0.524388 -0.0114462 -3.5 -0.0931958 -0.916638 -0.388701
2.70425 0.5305 358.696 -1.63665 -0.067135 -4.5 -0.10786 0.811866 -0.573795
23.2474 -8.20475 335.928 -0.550172 0 -0.8 0.0870906 0.730213 0.677646
34.1015 -29.1135 319.875 -0.0365043 0 -1.3 0.2722 -0.851692 0.447802
44.449 -18.6842 337.793 0.128566 0 -3.9 0.403375 -0.914465 -0.032287
46.0643 -13.9508 342.451 -0.131266 0 -3.5 -0.115025 -0.574499 0.810383
28.5 -1.95263 311.151 -1.505 -0.0439443 -3.5 0.0717254 -0.844444 -0.53082
16.6524 -7.65163 348.542 3.28036 0 -3.9 0.457984 -0.558873 0.691312
28.904 -11.2181 305.994 -2.20385 -0.687774 -3.5 -0.02826 -0.368204 -0.929315
41.8338 15.5111 321.121 -0.33342 0 -3.5 0.864223 0.501205 -0.0437266
7.082 7.972 326.616 -0.352294 0 -3.5 0.863467 -0.165481 -0.476489
41.039 8.4305 346.74 -1.77685 -0.617065 -3.5 0.409948 0.898303 0.158097
-12.421 3.20788 331.991 0.0307895 0 -3.9 -0.332067 0.889405 -0.31415
29.7113 -26.6705 331.388 1.69642 0.577861 -3.9 0.37249 -0.528819 0.762628
53.9626 -9.17425 332.396 -0.685459 0 -3.5 0.40951 -0.419327 0.810226
23.082 12.285 325.361 -1.53706 -0 -3.5 -0.779259 -0.61845 -0.101367
20.2995 -23.2164 314.798 -0.305222 -0.00988943 -0.159907 -0.912386 -0.386242 0.135532
12.0413 5.06744 321.6 -0.755699 -0.064602 -3.5 0.34847 0.11571 -0.93015
-9.30125 -2.33987 331.577 -0.720986 0 -3.58231 -0.755192 -0.262057 -0.600842
-0.20825 0.24025 317.819 -0.412271 0 -3.5 -0.99112 -0.0689319 0.113705
12.148 6.83938 342.159 -0.799541 -0.781058 -0.758945 -0.658628 -0.207465 -0.723303
-7.03325 -14.0246 361.315 -0.781188 -0.640739 -0.8 -0.563526 -0.193119 0.803208
36.0795 -28.2715 325.065 0.147578 0 1.8 -0.558318 -0.710567 -0.428224
36.0249 -28.9492 330.093 0.343412 0 -1.81213 -0.322932 -0.57727 0.749983
31.5088 -32.8361 316.521 0.0982339 0 -3.5 -0.0120977 -0.929948 0.367491
44.7018 -1.4655 329.006 0.470021 0 -1.3 0.679437 0.157276 -0.716679
6.016 -25.012 325.453 -0.22467 0 -0.8 0.666455 -0.726267 0.168446
-3.7325 -2.2275 349.154 -0.647697 0 -3.2 -0.216306 0.907849 0.359197
37.7005 -23.6464 334.802 0.00320454 0 1.8 0.15954 -0.185278 0.969649
22.9235 -4.8395 356.305 0.436954 0.871739 -3.5 0.761353 -0.640759 0.0988434
23.9701 -1.89562 348.877 -0.466748 0 -3.5 0.359391 0.552232 0.752249
23.5049 -9.32425 314.621 0.0711674 0 -4.5 -0.503815 0.0593778 -0.861769
35.0988 -30.8657 314.718 -1.62769 -0.344787 -3.5 0.92135 -0.0521807 -0.385217
27.0464 -23.9279 322.653 -0.77276 0.328579 -3.5 -0.309636 -0.652942 0.691226
-3.7305 -6.77375 360.281 -2.10666 0 -3.5 -0.743807 0.640456 0.191226
1.5865 -17.4982 321.617 0.431691 0 -1.6 -0.499804 -0.275096 -0.821291
25.9415 -18.29 305.987 -0.322569 0 -4.5 0.140351 -0.088915 -0.986101
6.1965 4.34737 347.492 -0.200237 0 0.0414054 -0.262681 0.957744 0.117157
33.8926 17.1131 323.856 -0.582999 -0.0907495 -0.794286 0.165496 0.985477 -0.0380155
39.1317 -7.78275 313.431 0.234287 0 -3.5 0.975235 -0.0250136 0.21975
20.0233 1.4245 314.836 -0.343296 0 1.8 -0.990442 0.0550842 0.12645
30.4231 -9.84663 310.907 -0.42646 -0.0555482 -3.98412 -0.213302 0.907224 0.362556
12.1733 -20.721 320.208 -0.310173 0 4.2 -0.422777 0.303159 -0.854023
24.9062 15.167 327.994 -1.57908 -0.621696 -2.28983 -0.332744 0.942658 -0.0260127
26.4953 6.3715 311.847 -0.32578 -0.501769 -0.8 0.105412 0.665813 -0.738635
12.0677 -10.5335 342.239 0.43107 0 -3.5 0.113627 -0.975722 -0.187233
9.51525 -23.4366 327.483 -1.72471 -0.45639 -0.7 -0.132744 -0.963314 0.233249
45.9179 -21.7816 334.459 1.46518 0.0532091 -3.9 0.446625 0.318047 0.836285
0.53375 -17.791 322.675 -0.0944878 0 -1.6 -0.923434 0.060136 -0.379017
44.2716 -2.63063 325.429 0.921783 0 2.8 0.457031 0.608439 0.648787
20.0893 -25.6025 312.37 -0.121318 0 1.8 -0.994817 -0.101401 0.00759737
29.498 -10.7855 338.049 0.0622826 0 -3.9 0.944496 -0.327299 0.0283424
23.5969 -1.48575 340.229 -2.97775 -0.109451 -3.5 0.286261 -0.916435 -0.279643
21.982 3.288 338.142 -0.379564 0 -2.17657 -0.595464 0.462076 -0.657197
9.599 -15.0188 348.424 -1.17804 -0.395249 -1.04668 0.731305 -0.550374 -0.402842
30.7087 1.5465 346.801 -0.18738 -0.106716 -0.8 -0.893938 -0.43508 0.107614
20.146 -2.027 316.921 -1.19798 0 -3.5 -0.802808 0.592997 -0.0620876
13.7072 -8.69 335.408 -0.929661 -0.894823 -0.8 -0.831971 -0.280157 0.478891
26.9287 -22.4333 305.883 0.112357 0.0522368 -4.5 -0.924374 -0.129905 -0.358689
-0.345375 1.76688 325.583 0.0619088 0 4.5 -0.211832 0.968173 -0.133298
12.1103 7.18525 323.194 -1.75678 -0.0789302 -3.5 0.296369 0.946963 -0.124206
38.0339 12.629 340.6 -0.542061 0 -0.9 0.993712 0.0290583 0.108134
9.18425 -8.16475 321.113 -0.413239 0 -2.78173 0.369181 0.753613 -0.543851
33.3831 15.7972 340.201 -1.01037 -0.583363 -3.5 -0.0508026 0.992295 -0.113003
17.373 2.65 361.543 -0.52607 -0.348578 -3.06927 -0.124531 -0.500322 0.856837
41.6756 8.8375 334.194 -0.0283011 0 -3.5 0.107075 0.949108 -0.296191
46.132 8.63575 333.284 -1.8281 -0.551478 -3.5 0.339052 0.567346 -0.750441
28.7943 14.9028 333.219 0.15674 0 -0.9 0.299609 0.92732 0.224305
29.8697 -21.1886 317.775 -0.275293 0 -1.3 -0.484785 0.719371 -0.497483
29.3272 11.8559 345.805 -0.530015 0 -3.5 0.133933 0.0244324 0.990689
26.5945 -16.1009 310.53 0.0638702 -0.17284 -3.75869 0.861074 -0.146525 0.486911
29.5123 18.3734 326.655 -0.271321 0 -3.5 -0.49552 0.853854 -0.15935
36.2296 -26.7288 315.644 -0.586814 0 -0.4 0.626834 -0.447113 -0.638099
-8.12225 1.41887 326.537 0.197547 0.621834 -3.85792 -0.54473 0.547304 -0.635396
21.3401 6.096 361.004 0.283569 0 -3.9 0.972466 0.00259475 0.233029
3.42188 -12.774 335.23 -0.19233 0 4.2 0.0277724 -0.481688 0.875903
21.5854 -16.6845 322.387 0.178631 0 -1.6 0.254561 -0.663961 -0.703104
22.2232 -3.8505 322.115 -0.584334 0 4.5 -0.616308 0.690449 -0.378742
51.1296 -8.04438 328.361 -0.257521 0 -3.5 0.76096 0.0921475 -0.642222
26.0759 15.5099 337.609 0.277195 0 -3.5 0.0935252 0.286676 -0.953451
25.0098 15.3433 326.58 -1.19775 0 -3.5 -0.307308 0.951538 -0.0117314
26.5082 -18.408 332.102 -1.3558 -0.00712455 -0.4 0.0956729 -0.291708 0.951711
38.3096 12.9101 339.366 -0.402795 0 -3.5 0.989826 -0.119722 -0.0768793
-7.26125 -5.90675 320.523 -1.766 -0.436716 -3.5 -0.32749 -0.75448 -0.568779
20.8813 8.50725 365.74 2.05247 0.504838 -3.9 0.509986 0.195452 0.837683
4.59013 -7.51575 341.504 -0.495023 0 0.188469 0.579058 -0.213381 -0.786867
-5.074 4.604 341.616 -0.416896 0 -4.5 -0.316873 0.358587 0.87807
21.7246 -8.90637 315.036 0.033925 0 -4.5 -0.256016 0.0193766 -0.966478
-6.7065 -3.93388 348.805 0.947755 0.876954 -3.2 -0.960469 0.268661 0.0729466
20.143 12.3837 342.789 -0.21872 0 -4.5 -0.556522 0.829129 -0.0531859
-6.53762 -0.275875 325.494 -0.0510821 0 -3.66624 -0.23607 0.362093 -0.901753
24.2149 17.6912 339.14 -0.49346 0 -3.5 -0.838894 0.457997 -0.2941
28.2092 15.6252 330.777 -0.193835 0 -0.9 -0.0472231 0.996719 0.0657352
25.9339 3.39687 345.204 -1.0022 0 -1.6 0.989638 -0.0518717 -0.133888
28.561 0.042375 339.901 -0.659134 0 -3.5 -0.293836 -0.740945 0.603872
37.615 15.9069 341.243 -1.87961 0 -3.5 0.444789 0.889546 0.104261
5.057 -0.01 338.991 0.150455 0 -1.25145 -0.279446 0.346234 0.895562
-9.25838 -12.2556 350.821 -1.06524 -0.966658 -0.8 -0.570257 0.496653 -0.654326
44.954 8.10962 341.071 0.262385 0 -4.5 0.8189 0.537988 0.199929
28.272 -10.035 335.478 -0.112125 0 -3.9 0.0589245 0.947019 0.315726
6.84487 0.895875 319.225 -0.604621 0.484478 2.71357 0.766963 -0.225384 -0.600807
43.3934 -1.2795 320.086 -1.13242 0 -0.4 0.246792 0.415664 -0.875395
22.5135 7.72075 352.291 -0.174421 -0.347003 -1.99708 0.477796 0.773763 0.415935
16.3921 -11.4885 347.317 -0.13027 0 3.8 0.887434 -0.459813 -0.0321544
28.5349 -8.5025 308.536 -0.813388 0 -3.5 0.462885 0.885466 -0.0410712
21.9765 -0.4095 322.87 -1.4768 -0.0672302 -3.5 -0.586875 -0.751313 -0.301838
-5.90513 9.04663 339.459 -0.221214 -0.3027 -3.5 -0.526755 0.378714 0.76099
-6.8585 11.7922 335.226 -0.183727 0 -0.4 -0.663416 0.720196 -0.20297
21.3334 10.8344 356.873 -0.106012 0 -1.6 -0.00286742 0.93745 -0.348108
19.1301 -16.2272 314.418 -0.00490499 0 -3.83224 -0.980524 -0.195516 -0.0185949
40.8309 3.89512 327.86 1.06197 0.409683 -0.9 0.755286 -0.0616733 -0.652488
26.0425 14.1925 333.316 0.64256 0 -0.9 -0.361259 0.806145 0.468639
7.73462 1.33475 319.852 0.694272 0.8244 4.2 0.52738 -0.0274533 -0.849186
18.6402 -23.5326 324.763 0.140878 0 -3.5 0.477771 -0.217002 -0.851261
26.4136 19.4233 341.932 -1.67129 -0.51487 -3.5 0.165352 0.791659 0.588162
11.4945 -22.7048 322.461 -0.633795 0 4.2 -0.461873 -0.858818 -0.221597
2.77012 9.89925 331.467 -0.302844 0 -1.4795 0.954391 0.20582 -0.216275
-3.70125 12.7557 339.634 -0.136613 0 -3.87996 -0.996499 0.0832309 0.00784985
2.711 -9.9245 335.524 -0.391922 0 4.2 -0.0560133 -0.00811809 0.998397
14.445 -17.641 320.255 -0.944745 -0.983651 -3.5 -0.341028 -0.695488 -0.632452
12.8145 -10.476 349.574 -0.28828 0 3.8 -0.00032248 -0.40819 0.912897
21.6579 -26.1957 314.113 0.154195 0 1.8 -0.437908 -0.368698 0.819938
25.9206 -2.80087 332.574 -0.501859 0 1.01267 -0.480812 -0.375979 0.792123
45.3602 -5.30225 328.769 0.471462 0 -3.5 -0.0265721 0.801455 -0.597464
40.7276 0.233125 319.663 0.11931 0 -3.9 0.639996 -0.461561 -0.614302
24.0795 -3.96638 349.458 -0.537563 0 -3.5 0.405066 -0.346324 0.846156
-5.4675 -8.80513 356.764 -1.71524 0 -3.02205 -0.981291 0.130144 0.141884
33.462 -5.899 346.367 0.442393 0.361118 -4.5 -0.787218 0.293007 0.542618
9.004 -21.2822 323.367 -0.900889 0 4.0886 -0.350538 -0.454044 -0.819126
26.8358 -7.9375 307.663 -0.297097 0 -3.5 -0.265521 0.890003 -0.370666
-6.99625 -8.1135 333.013 -1.18319 -0.579047 -3.5 -0.494595 -0.85286 -0.16735
17.2355 -18.5702 333.796 0.268753 0.307943 -4.5 -0.409681 -0.24342 0.879152
-0.620375 0.73125 316.776 -0.870972 0 -3.5 -0.914831 -0.190623 0.356015
-6.872 6.2135 330.936 -0.35335 0 -0.7 0.108751 0.41798 -0.901924
28.7467 -28.1133 313.674 -0.180178 -0.0225877 -1.10555 0.476467 -0.760809 -0.440623
10.9397 -13.5529 352.054 -1.56296 -0.823726 -0.7 0.817149 0.567706 -0.0998906
11.9359 4.32525 341.774 0.145121 0.729726 -0.8 -0.682036 0.591043 -0.430691
12.107 9.26075 344.289 -0.135658 0 -0.8 0.426432 0.880108 -0.208721
11.6337 -2.33025 363.195 -0.0375715 0 -1.98486 0.362808 -0.193523 0.911548
22.8449 -18.2466 335.014 0.152073 0.091161 -4.5 0.437149 -0.825629 0.356703
22.4788 7.741 337.733 0.141142 0.218111 -2.50319 -0.691186 0.196344 -0.695494
13.7935 -16.1431 319.474 -2.08354 -0.223514 -3.5 -0.872057 -0.108251 -0.477281
14.1561 -10.1178 363.98 -0.686426 -0.0492371 -0.66843 0.924342 0.189382 0.33125
35.4451 3.46412 351.425 -0.118529 0 -0.8 -0.234098 -0.7391 0.631609
19.6859 -6.485 355.368 -0.725132 -0.0734295 -2.51848 0.496389 -0.72644 0.475271
44.754 -25.0835 331.857 -0.0296497 0.170971 -3.7132 0.108665 -0.840923 0.530133
13.4803 -11.6362 349.264 -0.29805 0 3.8 0.0506874 -0.518706 0.853449
4.73125 -22.9214 327.32 -0.515559 -0.916713 -0.8 0.315374 -0.204867 0.92659
27.7291 -27.1729 329.209 2.06882 0.568807 -3.9 -0.605412 -0.748471 -0.270681
29.6461 -6.46238 334.611 -0.0262783 0 2.8 -0.336018 -0.260397 0.905144
19.8694 -1.22025 360.975 -0.0855611 0 -1.6 0.35125 -0.604522 0.714966
10.1722 -8.93781 365.535 0.0844942 0 -0.4 -0.19874 0.900595 0.386562
-9.68738 -5.25175 332.72 -1.64397 -0.110039 -3.5 -0.821954 0.198615 0.533801
-3.826 -7.4465 361.535 -1.63462 -0.234476 -3.5 -0.653534 0.694198 0.301633
3.8055 -11.9835 345.716 -2.16031 0 -3.5 -0.951347 -0.2186 0.217146
39.8662 12.4969 330.703 0.326804 0.173031 -4.5 0.935709 0.188442 0.298224
20.5529 -16.4198 310.091 -1.21162 -0.301578 -1.6 -0.76577 0.550941 -0.331753
-1.30325 -0.21675 365.36 -2.20285 -0.13083 -3.5 -0.772036 -0.0578947 0.632936
40.5783 -13.7437 341.636 0.645041 0.370264 -3.5 -0.591069 -0.734999 0.332285
7.238 -0.186125 320.574 -0.299351 0 4.2 0.280091 -0.538817 -0.794497
-14.0545 -13.5291 352.297 -1.74609 -0.0314085 -3.5 -0.408014 0.900796 -0.148633
41.998 -2.448 345.814 -0.423034 -0.28875 3.49663 0.653083 -0.269189 0.707828
6.27325 3.75675 340.09 -0.371909 0.338168 -3.44427 -0.492708 -0.45841 0.739661
46.1746 -8.04 325.151 -0.238704 0 -3.5 0.0638775 -0.410057 -0.90982
15.8576 -0.07725 323.021 -0.984026 -0.0206744 -3.2 0.443903 0.5543 -0.704061
14.215 -0.77375 320.797 -0.831881 0 -3.2 -0.104179 0.81617 -0.568342
33.2417 -14.5334 332.802 -0.20079 0 -1.0105 -0.187988 -0.867136 0.461232
-6.3165 -7.896 332.298 -0.950985 -0.175834 -3.5 0.151237 -0.618781 -0.770868
35.59 11.9725 314.752 -1.81726 -0.631317 -3.5 -0.403183 0.475694 -0.781766
-8.03613 -2.67625 321.684 -2.22631 -0.0953929 -3.5 -0.801587 0.528251 -0.280015
40.0376 9.09562 318.721 0.072335 0 -3.99988 0.7438 0.487516 0.457263
5.87537 -12.6581 342.632 -2.29856 -0.0678431 -3.5 -0.338092 -0.53646 -0.773243
12.3962 -2.4485 321.214 -0.10411 0 -3.2 -0.711385 -0.242627 -0.659594
49.9987 -20.061 326.832 -0.712613 0 -3.2 0.730336 -0.647574 0.217386
35.239 13.0087 315.881 -0.814444 -0.279767 -2.31987 -0.39769 0.384249 -0.833184
53.2126 -13.3924 331.147 0.561705 0.18241 -3.2 -0.41305 -0.285371 0.864843
6.18075 -17.7774 335.552 2.05115 0.343784 -3.9 0.089228 -0.525396 0.846166
-8.45775 -18.3301 352.487 0.91333 0.0749876 -0.8 0.446 -0.567978 0.691726
1.24662 3.22388 340.865 1.18757 0.408026 1.8 0.539561 -0.688576 0.484497
35.2723 7.5795 347.033 -0.722798 -0.31701 -0.85003 -0.588654 0.480801 0.649859
28.7852 -2.67863 335.171 -0.111092 0 -2.98057 -0.771064 0.155323 0.617523
7.90513 -10.0878 342.011 -0.571699 0 4.2 -0.282158 -0.418907 -0.863078
32.5955 18.34 326.393 -0.585823 -0.0858699 -3.5 0.355615 0.931376 -0.0779548
0.7395 -3.67675 317.004 0.324323 0 -4.5 -0.939901 0.0169732 -0.341025
21.3395 -10.1585 318.152 0.170156 0 4.2 -0.750858 0.143566 0.644671
7.38131 -13.3811 343.843 -1.31417 0 -3.5 0.242118 -0.669392 -0.702349
37.6432 8.831 324.061 -0.0345583 0 -1.3 0.834811 -0.548579 0.0463838
-4.292 2.382 324.186 0.193286 0 -3.9 -0.0110629 0.0383785 -0.999202
9.5105 6.151 352.54 0.292808 0.825194 -0.7 -0.102517 0.774735 0.62392
40.6021 15.865 319.37 -1.48982 -0.11764 -3.5 0.64871 0.325556 -0.687887
30.8885 -26.1295 313.771 -0.688428 -0.0317229 -3.97798 0.70627 -0.458467 -0.539435
-2.7695 10.8488 329.705 0.395979 0.567539 -0.7 -0.226121 0.743196 -0.629705
21.9918 3.44213 330.792 -0.0948392 0 -3.5 -0.959589 0.26752 0.0873032
30.4855 -28.5058 320.177 -0.270827 -0.0427572 -1.3 -0.668275 -0.600744 0.438765
-8.183 -13.2514 348.439 0.280603 0.730096 -0.8 -0.0868382 0.143565 -0.985824
-1.34687 -8.94975 364.316 -0.203823 -0.214718 -2.57015 0.159452 -0.216096 0.963264
41.0988 -8.74788 345.849 -1.9627 -0.0247691 -3.5 0.574551 0.495531 0.651414
-12.4445 -0.773 334.443 -0.316761 0 -3.9 0.00269017 -0.685742 0.72784
5.01638 -11.9856 335.035 -0.175176 0 4.2 0.1884 -0.545472 0.81668
13.6593 -16.2833 360.123 -1.40768 -0.0805508 -3.5 0.60342 -0.797385 -0.00783446
8.53438 -12.5157 320.135 -1.23569 0 -3.5 0.458073 -0.580204 -0.673448
9.4425 -23.2048 326.312 -1.28249 -0.017165 -0.7 -0.112103 -0.913962 -0.390007
-6.51912 1.73625 338.577 0.0158698 0.0386656 -4.5 0.111858 -0.85292 -0.509917
15.3055 -4.40837 359.885 -0.601948 0 -3.2 0.923353 -0.21349 0.319125
16.2035 -19.1115 322.447 -0.279855 0 -0.389865 0.0468146 -0.173399 -0.983738
-10.8831 -1.41087 331.822 -1.17415 0 -3.9 -0.247569 -0.803602 -0.541233
-0.704 -12.3486 349.54 0.238323 -0.813804 0.0253102 0.0873889 -0.21764 -0.972109
14.4342 -17.0257 351.578 -0.266389 0 -0.7 0.801602 0.146416 -0.579652
10.4119 4.14012 342.306 0.0182533 0.651922 -0.929266 -0.221187 0.701403 -0.677577
0.45975 -15.8673 354.08 -0.889913 -0.00745581 4.2 0.123208 -0.978469 0.165582
16.585 -0.712 321.981 -0.689164 0 -3.2 0.312626 0.918682 -0.241431
29.0268 17.347 325.69 -0.370547 0 -3.5 -0.567783 0.686849 -0.453718
4.337 0.8035 317.081 -0.299122 -0.046943 -3.5 0.644369 0.124284 -0.754547
15.0259 9.77875 336.371 -0.603749 -0.760755 -3.5 0.217934 0.975684 -0.023354
-2.74412 -8.28325 326.53 0.0241908 0 3.8 -0.777506 -0.346443 0.524844
13.031 -1.89762 320.551 -0.333921 0 -3.2 -0.588364 0.161579 -0.792287
39.1409 -19.1523 316.033 -1.22879 -0.757815 -0.7 0.804862 0.014733 -0.593279
30.5707 -32.579 315.48 0.264238 0 -3.5 -0.780938 -0.620497 -0.0715456
42.7811 -25.8299 324.347 -0.0842911 -0.600776 -1.13074 0.28078 -0.959771 -0.00179127
14.8056 -15.0212 318.924 -1.57008 -0.117256 -3.5 -0.550648 -0.0714894 -0.831671
-5.48962 -2.04225 321.368 -0.979912 0 -3.5 -0.0162398 0.952871 -0.302942
23.0452 9.31 323.9 -1.58482 -0.0888679 -1.6 -0.83625 0.356867 -0.416331
5.72188 -10.0693 342.702 -1.03027 -0.116768 -2.19345 0.0122243 -0.19229 -0.981262
36.7395 -10.1042 308.59 0.969654 0.849236 -4.5 0.797388 0.267217 -0.54108
25.9365 16.052 329.388 -1.40746 -0.0408972 -1.6 -0.142338 0.986671 -0.0788704
17.8643 0.56475 336.131 -0.203719 0 -0.610697 0.569284 0.561314 -0.600701
19.7463 6.637 321.061 0.0893069 0 -4.5 -0.405968 0.913549 0.0248683
38.5933 -16.4827 313.76 -0.0111594 0 4.2 0.310713 -0.857303 -0.410474
-7.36525 -4.619 319.884 -1.21933 0 -3.5 -0.622642 -0.112822 -0.774331
32.9359 17.777 327.893 0.0990108 0 -3.5 0.790382 0.574444 -0.212863
10.5859 7.80463 329.944 -0.188057 0.170118 -2.00405 0.522957 0.580702 -0.62394
31.8185 -20.69 310.693 0.714965 0.376045 -4.5 0.610027 0.673842 -0.416899
-3.542 -4.582 330.587 0.151628 0 -2.5927 -0.387993 -0.673248 -0.629443
-0.80625 1.91825 314.778 -1.96215 -0.615898 -3.5 -0.788402 0.290154 -0.542433
10.4064 -12.787 354.077 -1.00425 0 -0.7 0.734942 0.416663 -0.535026
32.2989 -32.0822 313.795 0.389331 0.352678 -3.5 0.0962148 -0.325202 -0.940737
15.1105 3.416 360.452 -0.838395 -0.178389 -1.10176 -0.353478 0.330694 0.87504
34.2412 -23.4224 328.033 -1.30171 0 -3.5 -0.9733 0.143819 0.178894
33.8045 9.51363 345.285 -0.444981 0.0590891 -0.9 -0.45977 0.475472 0.750025
16.7062 -11.1715 361.164 -1.80925 -0.0892494 -3.5 0.511453 0.500712 0.698358
46.4738 -15.9165 340.163 -0.531146 -0.0664207 -3.5 0.183095 -0.673381 0.716264
27.7465 -15.4543 306.895 -1.4832 0 -4.5 0.808213 0.315778 -0.497068
23.5126 -17.6465 305.735 -1.70026 -0.799193 -0.4 -0.367164 0.166869 -0.915066
11.0666 -19.0509 321.344 -0.373328 0 4.2 -0.38977 0.305054 -0.868919
4.75287 -9.1245 365.905 -0.524938 0 -4.5 0.352128 0.51013 0.784712
11.5675 -7.80688 337.024 -0.458666 0 -1.44797 0.543951 -0.78271 -0.30246
24.6105 -12.1745 337.972 0.704246 0 -3.5 -0.626801 0.0379969 0.778252
48.3016 -6.2755 340.219 -0.722452 -0.191769 -3.78584 -0.649161 -0.0158388 0.760486
41.462 10.1468 340.581 0.296234 0 -4.5 0.366496 0.917803 0.152701
-2.09888 -10.21 364.857 -0.620815 0 -3.5 0.263541 -0.0259047 0.9643
-0.011 -20.1779 323.749 -0.144972 0 -3.5 -0.737273 -0.245 -0.629606
36.353 -30.41 330.085 -0.562935 0 1.9 -0.158139 0.017495 0.987262
21.4478 -15.1158 337.637 -1.81046 -0.232054 -3.5 -0.254653 -0.0935996 0.962492
14.4565 6.08325 326.928 0.221874 0.0546642 -1.3 0.480399 0.854404 0.198019
44.9847 8.58475 333.223 -1.07448 0 -3.5 -0.152026 0.733674 -0.662277
16.178 -8.71025 324.152 -0.569505 0 3.8 0.167781 0.0482428 -0.984643
25.9659 12.7756 343.065 -0.118286 -0.0986649 -4.42609 -0.0676847 0.782038 0.619544
-3.13238 -2.48312 320.105 -0.299657 0 -3.5 -0.104493 0.706829 -0.699624
23.3333 -28.1227 314.754 0.78842 0.48582 -0.8 -0.560597 -0.548697 0.620212
-6.5725 -11.0955 355.668 -1.0593 0 -2.38633 -0.839372 0.540284 0.0595588
34.766 -7.43225 346.735 0.141285 0.0385044 -4.5 0.0147576 3.36764e-05 0.999891
-0.069375 -9.92625 319.178 0.966291 0.867338 -4.5 -0.239237 0.0802636 -0.967638
35.4825 -19.421 313.801 0.62601 0 -0.423045 0.634871 -0.0517274 -0.770884
-3.562 -2.371 351.045 -0.394104 -0.437918 -3.2 -0.372104 0.905508 -0.203948
4.442 7.79325 320.804 0.0321878 0 -3.9 0.171028 0.797754 -0.578219
15.5055 8.54225 334.357 -0.173489 -0.0657605 -3.5 0.3191 0.614091 -0.72185
10.3392 -18.657 322.002 -0.556103 -0.0110257 2.73195 -0.353187 0.0573917 -0.933791
20.0093 -22.1115 312.512 -1.46234 -0.047649 -0.575023 -0.913316 -0.350571 -0.207253
23.773 11.587 347.656 -0.0270791 0.0341886 -0.7 0.220119 0.957274 0.187545
38.2122 -27.684 332.115 -1.32892 -0.148279 1.8 0.702711 -0.691079 0.169139
25.5175 -19.8498 315.486 0.167388 0.178982 -1.29935 0.494458 -0.278558 -0.823357
19.3193 6.258 325.134 -0.3706 0 -4.5 -0.267239 0.963442 0.0190515
29.9114 -12.801 312.182 0.644562 0 -2.33386 0.0130053 -0.879591 -0.475552
13.849 10.2753 336.798 -0.397892 0 -3.5 0.0749786 0.993176 0.0893246
44.0075 -5.927 320.267 0.483163 0 4.2 0.751776 0.0862723 -0.653751
31.0814 16.3411 324.005 -1.09404 -0.227177 -3.5 -0.343581 0.638314 -0.688845
13.2303 -15.42 352.258 -0.389896 0 -0.7 0.483521 0.827152 -0.286404
13.357 5.727 322.136 -1.95243 -0.0739176 -3.5 0.606886 0.161046 -0.778302
-2.43462 -10.7032 328.545 -0.157142 0 4.5 -0.981924 -0.00177591 0.189268
-1.42975 -7.743 365.042 -0.488443 -0.0579268 -3.03834 -0.189884 -0.520845 0.832265
14.7102 -18.5018 332.844 -0.331896 -0.0734105 -0.7 0.194515 -0.327496 0.924614
29.148 16.9125 328.811 0.0360954 0 -3.5 -0.836733 0.417611 0.354231
26.474 -18.9741 315.336 0.755815 0.869761 -0.8 0.54623 -0.50073 -0.671492
-4.65575 11.823 337.713 -0.395237 -0.211473 -3.68337 -0.597446 0.767489 0.232419
6.48 -10.3244 367.25 -0.744552 -0.127623 -3.5 -0.171697 0.670244 0.722006
23.8913 11.49 327.332 -0.865928 0 -0.618954 -0.955786 -0.212528 -0.203239
28.2665 4.36188 311.179 -0.610559 0 -3.5 0.345894 0.372785 -0.86104
5.5335 -17.252 361.811 0.228679 0 -4.5 -0.678566 -0.704546 -0.207756
13.3488 6.94963 323.214 -2.09497 -0.762307 -3.5 0.512867 0.828362 -0.225353
23.3136 8.79988 357.808 -0.0678896 0 -1.6 0.993993 0.0440216 -0.100196
17.441 -0.437 360.526 -0.0165866 0 -1.6 -0.441271 -0.501409 0.744223
32.0686 -20.5637 329.114 -0.436018 -0.00169118 -1.57611 -0.149641 -0.733746 -0.66274
20.9464 -18.6311 323.722 0.026365 0 -1.6 0.698376 -0.459601 -0.548669
1.0665 -8.308 336.581 -1.34002 0 -3.9 0.536039 -0.456304 0.710246
28.5853 -19.3403 318.266 -0.311722 0 -3.2 0.323027 -0.164844 -0.931923
43.5863 -22.2232 334.514 1.12904 0.244118 -3.9 -0.232071 -0.363797 0.902106
39.431 -6.77725 344.487 -0.236913 0 -4.5 -0.0118487 -0.135608 0.990692
40.4818 6.64625 331.836 0.0433108 0 -0.9 0.776645 0.62719 -0.0587841
11.6551 -23.0408 327.024 -0.189096 0 -0.7 0.0602375 -0.986961 -0.149265
33.6387 17.7932 331.849 -0.436097 -0.00833609 -3.5 0.262593 0.838165 0.478042
21.536 -23.9894 316.435 -0.019673 0 -0.4 -0.402906 -0.722283 0.562115
14.0673 3.95875 328.579 -0.608546 0 -1.3 0.776155 0.25255 0.577756
26.1103 7.06525 350.653 -2.07924 -0.616802 -3.5 0.512914 0.636533 0.575972
29.6746 -30.6084 315.888 -0.811548 -0.0108662 -3.5 -0.766659 -0.387384 -0.512023
6.252 9.64875 339.631 -0.204661 0 -3.2 -0.310727 0.872658 0.376719
50.0872 -21.2756 330.79 -1.6812 -0.0866163 -3.5 0.897872 -0.290597 0.330725
-3.20275 10.631 331.57 0.0853131 0 -0.7 -0.245004 0.966331 -0.0785938
43.8688 -18.6929 343.182 2.11893 0.256999 -3.9 0.17979 0.25835 0.949174
49.2559 -8.07113 341.812 0.545038 0.311063 -4.5 -0.795933 0.195016 0.573114
3.14075 4.55162 319.664 0.163812 0 -3.9 -0.546308 0.356079 -0.758126
40.8463 -27.5322 325.485 -1.43946 -0.0416986 1.9 0.546749 -0.53157 -0.646915
10.9265 10.1023 333.319 0.201166 0 -4.5 0.269958 0.915818 0.297321
35.9006 16.1061 330.504 0.156399 0 -3.59454 0.862188 0.492987 0.116599
-8.7365 -9.03375 350.309 -0.590732 0 1.8 -0.760051 0.121766 -0.638353
10.2122 10.6665 349.466 0.358276 0 -3.9 0.0461149 0.487902 0.87168
37.114 4.1555 314.956 0.453667 0 -4.5 -0.507626 0.226426 -0.831293
30.4109 18.0015 343.449 0.0454435 0 -3.9 -0.161077 0.883722 0.43942
39.4972 8.56975 345.768 -0.798779 0 -3.5 0.0648838 0.979156 0.192466
44.0534 4.7905 349.15 -0.282837 0.0376808 -4.5 0.0727844 0.789631 0.609249
19.8097 3.21137 326.961 -0.0831812 0 -4.5 0.100112 -0.610857 0.785386
32.8311 13.9412 345.234 2.06898 -0.140417 -3.83912 0.62011 -0.292829 0.727815
10.2353 7.218 351.371 -0.0767542 0 -3.9 -0.146478 0.694461 0.704463
29.9153 -9.96475 339.893 0.901993 0.271964 -3.9 0.677296 0.70568 -0.208054
17.4789 9.83337 342.21 -1.78186 -0.0852137 -3.5 -0.49101 0.681689 -0.542411
41.9538 3.43425 322.42 0.49588 0 -3.9 0.871399 0.484763 -0.0752948
43.7815 6.1155 346.691 0.0193347 0 -4.5 0.275947 0.954971 0.10901
1.63625 -17.0548 364.856 0.174984 0.183971 -4.5 -0.333427 -0.942172 -0.0337392
28.7136 16.9421 339.209 -0.112806 0 -3.55722 0.566614 0.612068 -0.551653
27.6938 15.8184 332.11 -0.157567 0 -0.9 0.0375549 0.967162 0.251372
2.977 -23.3328 323.95 0.0458747 0 -0.8 -0.767516 -0.371683 -0.522275
39.6369 -17.7425 317.628 -1.31872 -0.751462 1.81228 0.732132 0.0480158 -0.679468
19.4912 6.27388 326.225 -0.276771 0 -4.5 -0.254462 0.956686 0.141423
-1.26 -7.785 321.029 -0.0397728 0 -4.5 -0.254144 0.136663 -0.957462
30.6646 -10.394 314.344 0.16389 0 -3.02909 -0.24794 0.955049 0.162504
2.08475 -4.61325 315.966 -0.0313216 0 -4.5 -0.124241 -0.585759 -0.800906
38.0952 -22.2017 336.667 -0.0149798 0 -0.7 -0.486312 -0.762743 0.426291
25.6 8.2345 318.404 -0.387497 0 -3.5 0.0500123 0.925475 -0.375494
0.584125 -7.25712 337.279 -1.47722 0 -3.9 0.671729 -0.396125 0.625992
32.691 15.9223 321.661 -0.432919 -0.439732 -2.4827 -0.90686 0.330189 -0.261876
-5.511 -7.16925 332.626 -0.686485 -0.264835 -3.60097 0.341683 -0.325677 -0.881582
9.42638 -13.4484 335.586 0.472791 0 -3.14198 -0.542488 -0.554103 0.631408
18.9495 8.7825 354.53 -1.10971 -0.188932 -0.921972 -0.568509 0.822219 -0.0274514
14.7417 6.29225 357.071 -0.345609 0 3.8 0.0744811 0.991216 0.109289
22.1877 9.37838 328.157 -0.750035 -0.008945 -4.5 -0.675346 0.663413 -0.322165
49.311 -1.95025 334.534 0.0010803 0 1.8 0.737712 0.399329 0.54435
41.4326 3.03856 320.848 0.444798 0 -3.9 0.665445 0.56675 -0.485775
49.7585 -8.1095 325.548 -0.280443 0 -3.5 0.599336 -0.68363 -0.416469
33.3776 17.6295 324.655 -1.25397 -0.449096 -3.5 0.540654 0.771585 -0.335187
-2.00338 -5.3015 328.574 0.3525 0 3.8 -0.962747 -0.244683 0.115104
44.2295 4.40413 329.655 0.105752 0 -0.7 0.565822 0.535944 -0.626586
10.5204 -12.6961 344.669 -0.919234 -0.0428292 3.8 0.0191094 -0.76183 -0.647495
-0.18075 -0.367375 319.223 -0.407588 0 -4.29979 -0.878397 0.404261 -0.254934
20.3253 9.9535 339.211 -0.310311 0 -4.5 -0.541605 0.505905 -0.67136
-4.22638 -0.889125 323.866 -0.41464 -0.113775 -3.9 -0.255419 0.49462 -0.83073
46.6987 -26.544 326.921 -0.682977 0 -3.2 0.258183 -0.840893 -0.475648
14.5055 8.42 341.023 -0.748746 0 -0.7 -0.510186 0.859191 -0.0387381
23.8704 14.3634 336.205 -0.015531 0 -0.7 -0.26218 0.898016 -0.353311
17.0888 -4.9885 336.853 -1.41061 -0.0100768 -1.3 0.819225 0.353955 0.451205
17.794 -11.0565 360.286 -1.87227 -0.864003 -3.5 0.843543 0.459801 0.277522
33.1193 -13.3778 311.233 1.05672 0.427568 -4.5 -0.0754643 -0.948969 -0.306207
15.0772 -12.6547 362.156 -0.310162 0.0439307 -3.5 0.71201 -0.0052019 0.70215
27.9613 18.8959 341.94 -2.05561 -0.892879 -3.5 0.37564 0.704683 0.601928
6.2495 -20.9715 357.524 -1.55861 0 -3.5 -0.597791 0.328194 0.731393
22.303 2.214 354 -0.792583 -0 -3.2 0.597906 -0.47668 0.644426
3.9735 0.658 359.363 -0.812623 0.074254 -4.5 -0.0695118 0.990486 -0.118768
-15.6567 0.91025 332.939 0.559164 0 -3.9 -0.636815 0.669621 0.382195
50.5412 -2.29875 331.554 0.0127421 0 1.8 0.788734 0.236082 -0.567594
39.866 -15.352 315.151 -0.250923 0 4.2 0.862677 -0.486765 -0.13729
20.1495 -19.8983 318.092 -0.561095 -0.428355 -0.8 -0.767305 -0.615135 0.18125
45.5993 0.80075 345.86 0.473179 0 -4.5 0.684391 -0.476466 -0.551896
35.2902 17.1961 334.979 -1.58758 -0.425142 -3.5 0.513805 0.809369 0.284476
44.5794 8.91313 334.853 -1.40668 -0.0324106 -3.5 -0.306716 0.942149 0.135206
36.0778 -6.51075 310.814 -1.49153 -0.754929 -3.5 -0.0639525 0.854037 -0.516267
30.4373 -7.4195 316.603 -0.0240621 0 0.871538 -0.112664 -0.577512 -0.808571
29.8662 -22.3695 303.55 0.218122 0.147701 -4.5 0.457684 0.120008 -0.880978
48.4564 -3.006 341.209 -1.99258 -0.199016 -3.5 0.41955 0.19103 0.887404
5.61837 -2.82375 367.673 0.598329 0.0905886 -4.5 0.783972 -0.0105814 0.620706
4.88206 -0.610313 342.551 -0.707728 0 -0.9 -0.365008 0.856966 -0.363839
16.8811 -6.53363 343.925 -0.133558 -0.382368 -1.14169 0.620309 -0.781433 0.0676737
2.47225 5.74288 325.314 0.212278 0 -3.66616 -0.89332 0.0115044 -0.449273
6.66225 -10.3492 318.072 -1.99088 -0.0324041 -3.5 0.246272 -0.0503973 -0.96789
-9.134 -13.6635 348.651 0.116513 0.311271 -0.8 -0.536274 0.309503 -0.78525
15.6349 -1.85725 319.486 -0.622197 0.414271 -3.2 0.233414 0.468852 -0.851878
15.6055 -9.54625 352.895 -0.456196 0 -0.7 0.182606 -0.7705 -0.610724
32.8354 16.633 317.961 -0.0926587 0 -1.6 -0.875249 0.369135 -0.312537
11.7157 -17.7773 365.393 -1.37452 0 -3.5 0.410544 -0.339789 0.846166
16.7515 -15.5426 334.665 -0.104834 -0.780904 -0.4 -0.507944 -0.750027 0.423619
3.32763 3.77513 340.302 -0.581798 0 -1.23855 0.233433 -0.883561 0.405992
4.97175 -17.4753 322.478 -0.310114 0.0124886 -3.18381 0.266086 -0.854995 -0.445175
39.0335 -30.405 325.422 0.142289 0 1.9 0.225525 -0.280637 -0.932942
23.0056 -11.4509 313.733 -0.0116097 -0.668275 -3.64153 -0.422002 0.789631 -0.445417
28.0042 6.58175 349.043 -0.577206 0 -1.99737 0.345897 0.938102 -0.0178688
5.26038 -4.03075 367.032 0.317311 0 -4.5 0.436108 -0.741044 0.510552
16.402 -14.3897 359.566 -0.591409 0 -3.5 0.753161 -0.649466 0.104605
14.7595 -6.955 362.851 -1.49587 -0.79264 -3.5 0.714559 0.522723 0.464936
36.4975 -31.7607 325.147 0.46001 0 1.9 0.0178801 -0.0361566 -0.999186
14.1419 8.75613 334.111 -0.203844 0 -3.5 0.114767 0.774338 -0.622278
24.1264 2.63562 349.035 -0.630273 0 -3.5 0.36851 -0.919306 -0.138121
-3.682 -4.33925 363.007 -0.288176 0.061104 -3.5 -0.976662 0.207741 0.0545412
5.47463 -15.3525 365.077 -0.306053 0 -4.04221 -0.0455435 -0.702377 0.710347
25.8493 -9.16425 339.866 -0.035018 0 -3.9 -0.72237 0.669765 0.172036
27.3603 15.692 324.366 -0.450794 -0.0720851 -3.5 -0.226535 0.672064 -0.704991
-5.18625 3.60238 324.508 1.86054 0.16599 -3.9 0.136908 0.467633 -0.873256
6.08631 -24.233 324.015 -0.247248 0 -0.8 0.609212 -0.648616 -0.456243
19.0884 12.1699 345.418 -2.23207 -0.53267 -3.5 -0.0973043 0.973911 0.205011
9.10025 -3.81612 323.696 -0.780376 0 -1.3 -0.0823183 0.127525 -0.988413
8.04688 5.22437 349.222 -0.138739 0 -3.79567 -0.86906 0.490271 -0.066098
1.339 1.718 352.331 -0.758925 -0.171535 1.9 -0.582831 0.811634 0.0394865
7.66275 -5.6435 322.051 -2.12909 0 4.2 0.479102 0.451736 -0.752593
49.4733 -14.659 336.404 -0.523942 -0.014603 -4.5 0.753308 -0.631549 0.183503
53.7578 -18.1978 324.3 -0.122241 0 1.8 0.942456 -0.040504 -0.331867
-2.11775 11.7808 343.501 -1.52353 -0.064186 -3.5 0.199698 -0.115227 0.973059
44.0983 -1.74925 344.44 -0.85357 -0.0962307 2.8 0.787181 -0.366604 0.495932
18.679 4.67225 321.244 -0.14064 0.276573 -4.5 -0.984212 0.121943 -0.12828
22.1828 11.8702 336.686 -0.10907 0 -0.7 -0.881685 -0.418003 -0.218871
14.8643 5.91225 331.86 -1.45185 -0.68432 -0.4 0.290211 -0.0667658 -0.954631
22.9141 -4.45937 334.319 0.14891 0.738616 -1.3 0.700527 0.0602065 0.711081
44.7127 -18.997 318.415 1.38657 0 -3.9 0.441644 -0.0914741 -0.892515
48.8114 -10.5589 333.158 0.262156 0 1.43947 0.858124 -0.200348 0.47274
-3.48712 1.22588 359.856 -1.63697 -0.096401 -3.5 -0.394451 0.875982 -0.277603
18.5379 -5.51356 315.32 -2.43934 -0.102316 -3.5 -0.872354 -0.325321 -0.364917
-9.14825 -4.23863 333.315 -0.767721 0 -3.5 -0.772094 0.0301265 0.634794
18.1125 5.05137 323.968 -0.0884079 0.711316 -4.5 -0.926877 0.280891 -0.248997
27.3115 8.56025 343.923 -1.82789 -0.937833 3.8 -0.0694776 -0.712834 0.697883
33.1732 -8.20325 339.937 -0.266005 0 -1.3 -0.980528 -0.194726 0.0254407
8.30775 -16.9123 320.741 -1.87214 -0.109124 -3.5 0.468283 -0.403377 -0.786128
50.4717 -19.4568 327.487 0.264677 0 0.552973 0.675293 -0.737481 -0.0100842
52.974 -12.7695 325.067 -0.41378 -0.00422688 1.6448 0.692483 0.332526 -0.640229
26.7351 -24.3875 331.276 0.494053 0 -3.9 -0.517584 -0.405875 0.753241
-5.81812 -1.19325 356.548 -0.318364 0 -0.9 -0.991081 0.109188 0.0763963
6.9505 -15.5734 334.689 2.52903 0.279116 -3.9 0.37156 0.548419 0.749119
-5.853 -4.63125 352.864 -0.296246 0.386459 -3.2 -0.892325 0.447482 -0.0592959
42.3109 7.1365 318.443 0.428628 0 -4.5 0.695945 -0.111988 0.709309
-14.0125 4.5065 338.668 -1.48808 -0.0819993 -3.5 -0.117122 0.101309 0.987937
9.72175 -22.371 323.473 -1.44335 -0.231714 4.2 -0.521864 -0.756049 -0.395029
27.328 -24.8353 306.673 -1.72964 -0.5406 -3.5 -0.329509 -0.663156 -0.672048
39.8151 -1.3115 317.393 0.17186 0 1.8 0.863046 0.470536 -0.183704
15.2495 7.4215 354.754 -0.295038 0 3.8 -0.598118 0.787125 0.15063
14.6412 3.42225 327.535 -0.649664 0 -1.3 0.877839 -0.00587193 0.478919
7.9845 8.73275 348.477 -0.0559062 0 -3.9 -0.981213 0.0270148 0.191028
14.896 -21.0068 330.759 0.536155 0 -4.5 -0.386344 -0.858966 0.33603
22.9915 -16.345 319.971 -0.485472 -0.794522 0.113513 -0.734037 -0.398393 0.549975
-7.9815 3.54275 328.075 -0.988783 -0.0918567 -3.51724 -0.695506 0.547597 -0.465197
-6.163 -0.01775 334.473 -1.1881 0 -3.5 0.0297055 -0.354607 0.934544
9.22838 -19.1771 361.946 0.0789278 0.726304 -4.5 0.0267109 -0.99956 -0.0129142
17.3085 1.28838 337.262 -0.141054 0 -1.3173 0.178808 0.754026 -0.632038
32.0838 -1.36275 312.153 0.964251 0 -3.9 -0.543275 -0.682973 -0.488263
11.7565 -13.3415 354.731 -1.72031 -0.302926 -3.5 0.67662 0.537699 -0.503057
39.1452 8.1985 348.898 -0.322506 0 -3.5 -0.00745504 0.946313 0.323167
41.1549 4.36037 323.54 1.87546 0.621872 -3.9 0.690205 0.720646 -0.0654619
26.745 -25.3205 308.816 -0.436721 0 -3.5 -0.304917 -0.912894 -0.271387
18.354 6.2655 335.17 -0.159606 0 -0.4 0.398495 0.024555 -0.916842
33.6003 -24.8575 332.644 -0.0383013 0 1.8 -0.94512 -0.216595 -0.244611
7.56563 10.9602 337.615 -0.474458 0 -3.2 -0.216199 0.975398 -0.0430821
25.2784 -10.6805 340.899 0.0124684 0 -3.9 -0.959428 0.0685961 0.273481
-8.538 -11.4581 350.605 -0.487894 -0.0980747 1.52476 -0.765992 0.183232 -0.616184
46.1151 -6.4395 322.749 -0.011595 0 2.8 0.337485 -0.827608 -0.448519
35.6403 -10.0492 345.129 0.523891 0 -4.5 -0.219792 -0.975338 -0.0201727
-1.59637 -7.68762 342.111 -1.39173 -0.571058 -1.56253 -0.601248 -0.724105 0.337895
6.85087 -10.8197 336.896 -1.78542 0 4.5 -0.483307 -0.469628 0.738826
34.951 6.49913 349.201 -1.24625 -0.0412662 -0.8 -0.617914 0.770463 -0.156742
36.8166 -28.1747 332.195 -1.18562 -0.397402 1.46702 -0.197569 -0.905597 0.375314
23.3472 7.55225 316.972 -1.70656 -0.0749753 -3.5 -0.454937 0.729099 -0.511319
34.063 -17.7778 331.884 -0.104134 -0.0298533 -3.38561 -0.0211752 0.651025 0.758761
7.54087 -9.7585 367.19 -0.247031 0 -3.5 -0.126505 0.762313 0.634724
47.6211 1.944 335.007 -0.0331054 0 -0.4 0.939876 0.220316 -0.260947
9.4105 -5.94575 363.664 0.454025 0.526895 -0.7 0.218825 -0.14243 0.965313
13.871 -15.2625 354.592 -1.21888 -0.911952 -0.7 0.511016 0.857721 0.0563709
25.1751 16.8984 341.781 -1.30155 0 -3.5 -0.560192 -0.0590696 0.826254
35.0889 7.45625 351.432 0.296274 -0.0505808 -0.8 -0.311243 0.931523 0.188127
2.0565 4.15325 325.734 -0.364941 0 -3.05839 -0.859382 0.271193 -0.433494
-2.82512 12.7216 343.586 -2.17964 -0.13812 -3.5 -0.265895 0.226026 0.93713
32.1161 18.5424 331.601 -2.00722 -0.355437 -3.5 -0.0343968 0.838128 0.544387
38.8997 -17.913 315.407 -0.681205 -0.786898 -0.7 0.771762 -0.178027 -0.610483
40.7523 -12.5205 345.763 -1.85575 -0.281521 -3.5 0.0986734 -0.672127 0.733832
23.6211 -0.51875 334.619 -0.66561 0 -1.3 -0.229566 -0.662408 0.713102
29.675 16.8815 339.678 -0.230261 0 -3.9 0.283661 0.803904 -0.522756
35.5983 -28.9965 320.638 -1.46042 0 -1.3 0.172978 -0.922259 0.345713
1.04919 2.23962 361.861 -0.617671 0 -3.5 0.490772 0.789586 -0.36837
16.569 -3.36488 338.435 -0.563452 0 -1.6 0.99013 -0.136931 -0.0298875
23.9819 -6.16775 347.959 -1.57272 -0.0199443 -3.5 0.302325 -0.650941 0.69633
11.558 1.7045 361.466 0.10461 0.223774 -0.7 0.237485 0.867219 0.437643
24.6124 11.0596 322.611 -0.353514 0 -1.6 -0.724112 0.279249 -0.63062
35.3414 -17.995 314.058 0.549783 0 0.114138 0.643488 0.0955228 -0.759473
20.4597 -5.82044 335.116 -0.710881 0 -1.3 0.0140566 0.143767 0.989512
7.3405 5.4575 342.992 -0.122331 0 -0.0807233 0.70308 0.709979 0.0401084
24.0721 -2.77962 349.568 -0.43111 0 -3.5 0.435474 0.321876 0.840689
10.2448 3.99775 356.322 -0.288477 0 3.8 -0.361903 0.874528 0.322841
14.494 2.56275 328.485 -0.141817 0 -1.3 0.862268 0.31414 0.397253
43.035 6.09888 338.19 0.257133 0 2.14386 0.941099 -0.309584 0.135977
16.0596 -18.894 333.163 0.144759 0 -4.5 -0.373863 -0.260271 0.890217
9.3805 -6.09075 322.856 -0.728339 -0.77655 4.2 0.196944 0.338548 -0.920108
39.5695 -23.3918 334.193 0.143948 0.02943 1.8 0.403377 -0.538299 0.739947
25.3839 -20.9228 315.411 -0.150405 0 -1.00883 0.699297 0.0839558 -0.709884
40.777 -4.23763 347.439 -0.272158 0 3.8 0.697461 -0.633715 0.334595
8.22 3.768 322.973 -0.478249 0 -3.5 -0.36701 0.822853 0.43384
-1.084 -13.649 329.264 -0.1088 0 4.5 -0.609254 -0.791008 0.0558093
15.1362 -15.8038 354.303 -0.754865 -0.796847 -0.7 0.608627 0.793044 -0.0255733
28.521 -13.426 337.149 -0.518797 0 -3.9 0.694602 -0.586355 0.416793
0.466 -9.322 335.489 -0.54187 0 -3.9 0.256307 -0.52666 0.810516
17.1586 -23.3946 330.855 -1.40779 0 -3.5 -0.0644662 -0.756926 0.650313
-3.415 -8.249 324.641 -0.194699 0 3.8 -0.535559 -0.82802 0.166013
9.34412 -15.162 333.914 -0.0942467 0 -2.00138 -0.193015 -0.636733 0.746537
16.9877 -3.65 336.704 -0.464886 0 -1.6 0.9755 -0.148672 0.162162
6.17956 -16.8004 357.578 -0.516429 0 -3.5 -0.563035 -0.802012 0.199417
44.6553 -13.3663 323.203 -0.321737 0 1.07622 0.687214 -0.105501 -0.718754
36.2692 8.4445 346.868 -0.861548 0 -0.877654 -0.0946603 0.818919 0.566048
-2.45887 6.40462 342.214 -1.36075 -0.80404 1.8 -0.326829 0.0760373 0.94202
34.7856 -8.83325 346.961 1.03183 0.848467 -4.5 -0.375362 -0.329692 0.86626
2.385 -15.3403 320.974 -0.0196259 0 -1.6 -0.159768 0.0783102 -0.984044
8.1255 -11.5704 368.272 -0.584157 0 -3.5 -0.0556791 0.380161 0.923243
10.1632 -20.3924 355.194 -0.130019 0 -3.5 0.840432 -0.536865 0.0738264
6.5605 -18.0735 355.58 -0.679236 0 -3.5 -0.687959 -0.164942 0.706758
27.7817 -25.1605 322.672 0.00441919 0.00149409 -3.5 -0.290216 -0.248974 0.924006
17.0163 -13.0173 314.717 0.890154 0.671032 -4.5 -0.975776 -0.173958 0.132665
24.8293 6.93288 312.086 -0.203847 0 -0.8 -0.159207 0.783527 -0.600615
10.1146 0.79125 363.373 -0.284611 0 -0.7 -0.283859 0.692584 0.663137
40.9287 -25.8498 324.464 0.198814 -0.482731 0.850559 0.115331 -0.846458 -0.519815
2.17188 1.55887 353.824 0.236243 0.643121 1.9 -0.389255 0.63698 0.665385
-6.77625 -6.0205 351.989 0.0123142 0 1.03961 -0.65519 0.685878 0.316698
35.989 -22.679 333.992 0.302331 0 1.8 -0.452572 0.805084 0.383431
33.789 -22.7935 329.837 -0.584389 -0.293995 -2.60796 -0.874386 -0.424525 -0.235005
43.3167 -19.4616 338.252 0.152263 0 -3.9 0.263987 -0.961361 -0.0780757
46.2738 -18.0189 339.534 0.824767 0.609119 -0.8 0.713768 -0.296163 0.634683
31.4072 10.2829 317.832 0.543711 0.805572 -4.5 -0.71317 0.698293 0.0614388
3.04975 -6.5445 318.451 -0.0468188 0 -4.5 0.0705469 -0.74005 -0.668841
33.6019 8.26962 312.957 0.508475 0 -4.5 0.50441 -0.149874 -0.850357
40.021 10.963 321.159 0.255763 0 -3.5 0.800969 -0.575188 0.166151
2.2725 8.1825 343.086 -0.286988 0 -1.6 -0.213596 0.947885 0.236413
16.624 8.749 334.854 -1.23761 0 -3.5 0.354835 0.574198 -0.737827
22.2474 -25.0515 322.723 1.51958 0 1.8 -0.0558476 -0.0493894 -0.997217
0.7665 4.62525 327.447 -1.12518 0 -3.5 -0.534447 -0.0188765 -0.844991
-8.24312 -3.822 323.975 -1.69777 -0.351756 -3.5 -0.96258 0.190849 -0.192397
22.0753 2.93263 329.581 -0.0831244 0 -3.5 -0.971609 0.188983 0.142343
43.8844 1.59388 350.134 -0.336632 0 -4.5 -0.783499 -0.401176 0.474538
27.5182 -27.9217 319.224 0.0333291 0 -3.5 -0.660914 -0.726982 0.186253
25.5295 -22.5565 315.311 -0.167198 -0.00768879 -3.02222 0.422846 0.519346 -0.742618
24.2831 -22.9166 310.322 -0.537055 0 -3.5 -0.326311 -0.131957 -0.936007
1.41875 -13.5605 366.279 0.139696 0.151478 -4.5 -0.213779 0.473326 0.854553
31.6448 -1.57575 314.583 0.724439 0 -3.9 -0.639699 -0.68197 -0.354545
52.2435 -12.0442 339.15 0.456895 0 -4.5 0.830259 -0.540213 -0.137257
40.4178 2.43475 315.677 0.252616 0 -4.5 0.727909 -0.632321 -0.265176
28.9785 -1.08138 310.67 -1.53591 -0.82117 -3.5 0.425296 -0.427046 -0.797969
-11.4235 2.69025 338.846 -0.304256 0 -3.5 -0.108983 -0.367564 0.923591
39.548 -25.846 320.353 -0.0608045 0 -1.3 0.334801 -0.89965 0.280245
33.594 -7.01775 314.293 0.192577 0 -3.5 -0.704807 0.226395 -0.672304
18.39 -6.2455 336.246 -1.18348 -0.307404 -1.3 0.760899 0.19757 0.618061
9.24225 8.615 345.695 0.324978 0 -3.9 -0.843725 -0.239404 -0.48043
-8.51625 -17.58 361.824 -0.608294 0.428829 -3.2 -0.297172 -0.510769 0.806725
38.0339 6.33887 322.069 0.366543 -0.241734 -1.30516 0.735029 0.374211 0.565419
0.9295 7.973 341.93 -0.480007 0 -1.6 -0.187024 0.793878 0.578602
35.073 -31.6448 328.83 -0.880015 0 1.9 -0.896386 -0.150165 0.417064
15.7815 8.837 349.729 -0.520826 0 1.8 -0.536992 0.843549 0.0080203
11.3115 -7.1945 363.535 -0.00295454 0.0673919 -3.00463 -0.182707 0.396277 0.899768
10.3784 9.5185 350.386 -0.181879 0 -3.9 -0.0645901 0.442969 0.894207
14.236 4.92825 328.206 -0.865936 -0.00702074 -1.3 0.609005 0.34782 0.712835
21.5814 13.2066 333.332 -0.133383 0 -1.6 -0.899119 0.228168 0.37353
14.5636 -8.3295 349.644 0.320558 -0.104038 3.8 0.872452 -0.325629 0.364408
10.4795 -17.1859 365.919 -2.30271 -0.0374773 -3.5 -0.0528143 -0.123983 0.990878
18.0823 -6.62225 319.537 0.0105279 0 -4.5 -0.538308 -0.395393 0.744237
33.3285 16.9144 341.883 0.292551 0 -3.9 0.293215 0.782969 -0.54862
46.2245 2.3105 350.664 0.336914 0.0136079 -4.5 0.783131 0.0458827 0.620161
-4.71225 3.55413 337.201 -0.378183 0 -1.6 -0.0914414 -0.99578 0.00773394
-0.708 3.42362 341.795 0.148794 0.0428803 0.85571 0.346426 0.0660797 0.935747
25.5121 0.219375 339.757 -0.84625 0 -3.5 0.504299 -0.768416 0.393979
5.39925 12.2712 327.207 -2.01071 -0.560141 -3.5 0.0799552 0.993904 -0.0759035
20.6951 -6.95038 352.798 0.505471 0 -0.7 0.620565 -0.782881 0.0446839
-12.8884 6.062 337.654 -1.1469 0 -3.5 0.273276 0.75588 0.59495
-3.02975 13.5942 342.606 -2.03698 -0.177251 -3.5 -0.301487 0.872579 0.384332
24.678 8.89163 322.424 -0.448284 -0.619466 -1.80908 -0.839568 0.356282 -0.410109
3.38625 -11.0685 321.745 0.207434 0 -4.5 0.341996 -0.632803 -0.694693
44.5495 -8.2985 322.861 0.0161691 0 2.8 0.946493 0.224175 -0.232156
39.5249 -22.2485 317.65 -0.559441 0 -0.995833 0.399691 -0.398762 -0.82537
37.5732 5.44425 351.347 -0.143441 0 -0.8 0.692894 0.191234 0.695218
31.5487 2.58075 312.886 1.86232 0.134425 -3.9 0.3789 0.527195 -0.760592
18.547 -6.0455 316.54 -1.06471 -0.197881 -3.64554 -0.900699 -0.0667856 -0.429279
41.945 -8.241 340.939 -0.383777 -0.876495 -3.5 0.46774 0.649529 0.599443
38.9635 -10.3381 345.157 -1.15052 -0.0357873 -3.5 -0.73916 -0.406341 0.53715
10.6032 -18.749 364.333 -2.0879 -0.326018 -3.5 -0.267149 -0.87409 0.405707
-3.47638 -1.0995 339.351 -0.0258239 0 -4.5 -0.929545 -0.130849 -0.34471
55.571 -15.9625 327.803 -0.455358 0.01635 -3.2 0.222489 -0.971424 -0.0826734
35.1515 -2.4465 347.081 -0.147341 0.121376 2.84076 -0.971032 -0.0846337 0.223458
26.4417 -17.0713 333.416 -1.01887 0 -1.72755 0.0257421 -0.938302 0.344857
14.5509 2.2815 360.712 -1.07623 -0.941651 -1.6 -0.399028 0.183915 0.898305
0.63225 -0.6585 357.156 -0.361294 0 -0.9 0.239614 0.955348 -0.172905
43.0062 -20.4059 340.416 1.62297 0.430574 -3.9 -0.453008 -0.852482 -0.26088
30.291 -8.1865 317.653 0.0587038 0 2.8 0.106763 -0.479481 -0.871034
44.1493 -20.0485 339.789 1.19167 0.258547 -3.9 0.314564 -0.817262 -0.482838
4.6805 -25.1274 324.252 -0.243314 0 -0.8 0.107508 -0.843789 -0.525796
35.1097 -32.8498 325.923 0.385121 0 1.9 -0.524857 -0.407969 -0.747052
-4.827 -10.9032 347.954 -0.516235 0 4.2 -0.0170557 0.215876 -0.976272
14.3687 -12.6946 363.497 -0.413353 -0.308545 -2.24923 0.95244 -0.0482995 0.300875
53.826 -8.42325 339.689 0.90653 0.732288 -4.5 0.93402 0.351263 0.0649749
35.3727 -31.0221 325.716 0.466372 0 1.9 -0.62142 0.315103 -0.71732
27.8452 6.3675 311.874 -1.32546 -0.851762 -0.8 0.179883 0.724772 -0.665092
38.4701 17.1329 319.452 -1.78309 -0.361092 -3.5 -0.13675 0.784643 -0.604677
1.60987 -10.9359 341.567 -0.241429 0 1.9 -0.259796 -0.964964 -0.0367517
39.6275 -12.6862 344.899 -1.7855 -0.0399203 -3.5 -0.659234 -0.722402 0.208677
-0.4795 0.10975 348.417 -0.643621 0 -0.7 -0.702211 0.556898 -0.443581
-10.0295 6.0025 333.428 -0.100512 0 -0.7 -0.788666 0.551751 -0.271251
53.7183 -6.65025 332.042 -0.848827 -0.306404 -3.5 0.41422 0.767856 0.488691
43.2875 -13.5138 316.871 -0.127597 0 -0.7 0.498033 0.383012 -0.777987
22.2391 -16.8226 336.944 -0.318714 0.561489 -4.12008 -0.0489103 -0.606669 0.793449
40.2762 -9.38762 318.651 -0.925924 -0.271663 -0.7 0.856164 -0.00218366 -0.516699
27.4476 19.5636 341.071 -1.38677 -0.0907507 -3.5 0.310483 0.945558 0.0975682
-0.283 -11.2913 364.439 -0.0663855 0.0471183 -3.60927 0.114678 0.118877 0.986264
24.536 0.187375 336.192 -0.433132 0 -1.48584 -0.278781 -0.940841 0.192612
-2.1655 -18.7861 354.354 -2.12771 -0.217208 -3.5 0.44354 -0.895232 0.0427956
26.583 0.105 310.667 0.0588816 0 -3.5 -0.535905 -0.333736 -0.775516
25.6031 -26.0702 315.422 -0.220078 -0.455554 -0.8 -0.51634 -0.1867 0.835785
-17.0896 -1.2775 330.392 1.52573 0.876192 -3.9 -0.812826 -0.411032 -0.412754
-7.1905 4.35087 327.262 0.969877 0.491181 -3.9 -0.439995 0.888393 0.131004
24.9144 -21.0629 321.889 -1.54723 0.0759647 -3.46145 -0.995424 0.0648557 0.0701728
7.24575 4.61325 341.698 -0.206979 0.0229082 -2.27669 -0.83219 -0.554313 -0.0140105
0.82625 -21.7714 324.011 -0.313664 0 -3.5 -0.59114 -0.53984 -0.599272
3.49125 -6.513 335.82 -0.552224 0 4.2 -0.290858 -0.611742 0.735645
46.593 2.9385 348.953 0.115904 0 -4.5 0.964057 0.106649 0.24335
20.604 -6.207 320.72 -0.189123 0 4.5 -0.932029 -0.242389 0.269387
-6.41575 11.3457 337.289 -0.930197 -0.73468 -3.5 -0.527605 0.796588 0.295094
-1.80525 -8.381 336.507 -0.359763 0 -3.9 -0.0594964 -0.359171 0.931373
39.551 -12.308 343.519 -1.02599 -0.2036 -3.5 -0.856994 -0.515237 -0.00964507
44.1574 -27.0589 329.198 -0.337851 0.158081 -3.32298 0.416412 -0.89209 0.175435
-7.48931 -17.7288 361.622 -0.652772 0.0235948 -3.2 0.216515 -0.687131 0.693521
55.0928 -7.66012 329.52 -2.28866 -0.31087 -3.5 0.486558 0.155054 -0.859779
14.7524 -20.6467 332.241 0.580974 0 -1.761 -0.08077 -0.814127 0.575042
18.255 -5.6345 355.195 -0.828917 -0.0834952 -1.13423 -0.846372 0.165086 0.50636
21.441 6.41525 321.867 0.216128 0 -4.5 -0.0130949 0.920613 0.390257
-3.83975 -8.394 323.614 -0.789936 -0.746148 -0.4 -0.481899 -0.869389 0.109249
-4.2965 -17.1441 360.267 0.15293 0 -1.6 0.00546566 -0.838515 0.544851
5.65275 -20.617 322.885 -0.743747 -0.320348 1.23652 0.320528 0.24928 -0.91385
22.362 -2.545 357.181 0.52186 0 -3.5 0.681044 0.465288 0.565408
41.5 -17.4731 341.641 1.02983 0 -3.9 -0.811399 0.170275 0.55914
50.703 -11.4902 324.335 -0.653467 -0.181007 1.8 0.0656895 0.821748 -0.566053
36.1587 16.121 338.381 -0.527102 0 -3.5 0.294442 0.943573 -0.15157
53.5672 -7.7495 329.345 -1.03342 0 -3.5 0.0014009 0.383769 -0.923428
40.8694 8.85538 337.228 0.130304 0 -4.5 0.526081 0.844107 -0.103549
20.1289 -1.7635 359.78 -0.143588 0 -1.6 0.563632 -0.786064 0.253816
0.102 -16.5884 361.801 -0.0612491 0.311874 -3.5 0.467937 -0.883176 -0.0321706
2.51925 0.5875 361.019 -1.09073 0 -3.5 0.468256 0.877808 -0.10094
8.36325 -16.6458 332.256 0.351823 0.0457174 -3.9 0.404598 -0.576183 0.71015
4.99375 -17.0923 320.365 0.461901 0.674914 -3.5 0.0771341 -0.820305 -0.566701
40.4279 5.57613 318.549 0.573783 0.384632 -3.08283 0.655195 -0.393475 0.644901
-3.93625 -0.405375 335.807 -0.122187 0 -0.9 -0.832667 -0.446054 0.32818
9.942 -16.5098 322.311 -0.336397 -0.0581011 -3.21839 0.310287 -0.00403916 -0.950634
23.4576 -11.7046 311.529 -1.04168 -0.184978 -3.5 -0.87884 0.18755 -0.438709
49.0555 -12.0655 333.139 0.0391346 0 1.8 0.99371 -0.102972 0.044012
11.446 -12.9183 345.431 -0.86055 -0.818416 3.8 0.241299 -0.920906 -0.306117
40.0451 -17.0701 336.671 -0.334023 0 -0.7 -0.7783 0.448357 0.439574
31.5408 0.1215 347.613 -0.370819 0 -0.8 -0.738023 -0.490452 0.463442
15.634 -26.0098 325.916 -1.54316 -0.0603862 -3.5 -0.0656574 -0.973925 0.217163
24.3645 -27.3143 315.37 -0.228759 -0.861438 -0.8 -0.317615 -0.140569 0.937743
37.4202 -20.2715 337.795 -0.0589459 0 -0.7 -0.766153 0.107704 0.633569
31.1344 17.8792 331.822 -1.69934 -0.248683 -3.5 -0.70067 0.539748 0.46662
12.4769 -22.7272 320.771 -0.221007 0 4.2 -0.396804 -0.755854 -0.520799
18.7125 6.26425 365.8 0.468749 0 -3.9 -0.446802 -0.502774 0.739991
51.6437 -8.09138 333.603 -0.0258869 0 -3.5 0.403457 -0.372988 0.835525
30.674 -20.2087 317.317 -0.470923 0 3.8 -0.883079 0.154503 -0.443058
10.2615 7.59713 323.844 -1.91587 -0.106461 -3.5 -0.486296 0.864589 -0.126498
38.5261 -11.6281 312.397 0.315722 0 4.2 0.774342 0.165255 -0.610808
51.9043 -13.7096 323.058 -0.075266 0 1.8 0.485042 0.171359 -0.857537
23.2804 -20.9237 308.883 0.867471 0.23028 -0.4 0.0133982 -0.916538 -0.399722
17.9943 3.5665 325.145 -0.322391 0.039005 -4.5 -0.675484 0.00789968 -0.737332
37.208 10.7528 326.983 -0.368201 0 -1.3 0.807476 0.535768 -0.246851
24.9403 2.04975 311.05 -0.6133 0 -3.5 -0.0608116 -0.502621 -0.862365
51.2757 -6.05075 324.138 0.00410272 0 -3.5 0.947374 -0.123579 -0.295315
49.9134 -3.75525 339.909 -0.269366 -0.284159 -4.14579 0.596664 0.772791 0.2163
-7.967 -17.3132 349.632 -0.548593 0 -0.8 0.176754 -0.455689 -0.872414
1.392 -15.651 329.723 0.36062 0 -3.9 -0.667597 -0.651723 0.359959
28.879 -17.9105 334.156 -1.24773 -0.495055 -3.5 -0.803824 -0.412187 0.428916
56.3799 -13.6821 330.404 0.0697135 0 -3.2 0.796956 0.258162 0.546089
-1.22575 -17.7143 360.138 -0.251302 0 -1.6 0.411142 -0.854521 0.317421
42.8311 -21.9171 319.854 -0.134013 -0.209752 -0.876751 0.452287 -0.0907364 -0.887245
3.07262 -14.3737 351.291 -0.258379 -0.00438229 -2.08336 0.398704 -0.237556 -0.885778
0.410625 3.87562 316.136 -2.31295 -0.506902 -3.5 -0.252615 0.96181 -0.105392
19.2514 -0.548 329.428 -0.383297 0 -0.8 0.04292 0.372966 0.926852
15.4321 -12.2569 347.727 -0.195369 0 3.8 0.336953 -0.931117 0.139587
-4.6615 -7.226 359.883 -2.12484 -0.0304791 -3.5 -0.681297 0.717539 0.144815
34.5825 -32.9334 327.059 0.121935 0 1.9 -0.793396 -0.607673 0.0354378
31.9961 16.5721 336.009 -0.273446 0 -3.5 -0.264389 0.964405 -0.00465436
9.94475 -15.1209 349.805 -1.17093 -0.547648 -0.7 0.865972 -0.32139 -0.383146
-5.65725 3.39125 341.711 -0.094482 0 -4.5 -0.481183 0.150315 0.863637
28.9721 -5.7135 316.069 0.129452 0 2.8 0.255488 0.0347222 -0.966188
20.2889 -26.5193 324.31 2.89685 0 1.8 -0.877932 -0.22636 -0.421896
11.1547 3.85387 357.356 -0.238199 0 3.8 -0.581289 0.656078 0.481317
19.4193 -5.41362 314.075 -1.97559 -0.0573999 -3.5 -0.63735 -0.430473 -0.639122
36.7746 15.3116 333.077 0.590437 0.869421 -3.5 0.803232 0.585801 0.107961
35.0971 17.9155 320.323 0.0455527 0 -1.6 0.0616955 0.989901 0.127631
5.9995 -2.185 317.126 0.236625 0.72431 -4.5 0.966952 0.165767 -0.193712
10.919 -9.66 367.121 -0.371117 0 -0.866253 0.0758437 0.676584 0.732449
21.6251 -18.4398 319.591 -1.00664 -0.746808 -0.8 0.104462 0.209471 0.972219
-3.89425 10.2604 330.513 0.438403 0.40415 -0.7 -0.493132 0.711316 -0.50085
36.3006 7.40613 350.279 -1.08717 -0.451807 -0.8 -0.0284816 0.957704 0.286341
-3.02463 -3.29969 342.765 -1.57402 -0.575827 -3.5 -0.87766 0.23261 0.419052
55.2023 -6.38575 330.345 -1.72685 -0.146361 -3.5 0.395404 0.849234 -0.349939
48.6191 -5.326 340.635 -0.910236 -0.104595 -4.07071 -0.431394 -0.206422 0.878231
26.163 8.67437 319.845 -0.266149 0 -2.875 -0.0865197 0.797777 -0.596713
19.863 -14.041 322.159 0.352546 0 -3.5 -0.0907888 -0.524238 -0.846718
6.75 -5.6425 320.983 -1.86435 -0.0100292 -3.5 0.680638 0.505568 -0.530219
27.378 7.441 315.779 0.0797534 0 -4.2552 -0.10731 0.958951 0.262483
12.5031 -16.8511 333.898 -0.55389 0 -0.7 -0.04322 -0.30265 0.952121
11.0457 -17.4638 361.596 -0.906247 -0.0928812 -3.59234 0.227784 -0.502398 -0.834093
-9.1405 -3.77962 325.417 -0.577448 -0.273585 -3.5 -0.929047 -0.265213 -0.257941
37.2424 14.6039 323.097 -0.085681 -0.0171915 -2.62199 0.312256 -0.015671 0.949869
39.7945 -27.2463 329.753 -0.365111 0 -1.3521 0.207778 -0.445311 0.870934
20.916 2.80375 358.269 -0.0261033 0 -1.6 0.745396 -0.361699 -0.559964
37.3009 15.7186 329.308 -0.0682912 0 -4.5 0.488001 0.863204 0.129358
7.9155 7.87825 340.093 0.0251253 0.00879307 -3.2 0.686928 -0.165913 0.707533
25.4982 8.77675 345.888 -1.83271 0 -4.5 0.633864 -0.758132 0.153139
17.7401 0.195125 329.545 -0.181063 0 -0.8 0.181287 0.644972 0.742392
37.8517 11.1622 328.034 -0.272381 0 -4.5 0.450722 0.156741 -0.878796
-8.582 -13.8885 360.134 -0.125988 -0.486477 -0.8 -0.730847 -0.00760611 0.682499
1.67562 5.572 344.216 -0.264439 0 -1.6 -0.672641 -0.307224 0.673177
37.7467 16.7868 322.575 -0.723903 -0.929886 -3.5 0.0166295 0.863336 0.504355
31.7876 -24.8955 325.73 -0.526024 0 -1.3 -0.827385 0.121095 0.548425
-15.4578 -2.51475 332.865 0.332939 0 -3.9 -0.33088 -0.905818 0.264597
1.554 3.9485 326.663 -0.613199 0 -3.5 -0.810412 0.0347793 -0.584827
-12.637 2.52187 338.315 -0.539903 0 -3.5 -0.307477 -0.683717 0.661807
25.2264 6.78625 347.556 -2.24009 -0.448427 -3.5 0.689597 0.0822881 -0.719503
40.2912 12.9811 319.088 -0.109512 0 -3.5 0.57723 -0.163151 -0.800117
15.3542 -24.5788 322.781 0.150312 0.0621253 -3.5 0.026697 -0.724985 -0.688247
50.2287 -21.5002 329.668 -2.27925 -0.0626722 -3.5 0.936768 -0.345139 -0.057839
-11.084 5.732 335.18 0.0235789 0.0966248 -3.5 -0.0774774 0.929371 -0.360925
4.65513 4.11587 340.19 -0.907939 0 -3.2 0.124369 -0.800923 0.585709
10.6982 4.95713 321.478 -0.670327 0 -3.5 -0.350293 0.384954 -0.853876
29.5405 -21.1761 332.81 0.529234 0.826718 -3.5 -0.33033 -0.540986 0.773444
13.8755 -13.9 339.241 0.114834 0 -3.9 -0.261358 -0.0521699 0.963831
-9.71138 -4.19163 331.702 -0.795707 -0.265198 -3.5 -0.961106 0.194983 -0.195593
3.03487 -13.3418 322.052 -0.0722927 0.186703 -2.788 -0.0537661 0.417016 -0.907307
32.6705 -10.1737 336.829 0.236759 0.00618376 -3.5 -0.488581 0.0510802 0.871022
45.4549 -1.85687 341.253 -0.68585 -0.235712 -0.0446612 0.821068 0.4139 0.393109
19.5596 -7.6705 323.196 -0.340873 0 3.8 -0.630807 0.132322 -0.764574
33.058 -27.164 329.341 -0.183584 0 -3.5 -0.632195 -0.698654 0.334979
0.676625 -15.3196 326.375 -0.738708 0 -1.6 -0.989574 -0.058668 -0.131533
28.2472 -9.75375 314.586 0.0273531 0 -1.6 0.586962 0.804085 0.0944559
-11.1447 -14.666 356.434 -0.430022 0 -3.47237 -0.628274 -0.0793372 0.773936
-6.538 -2.039 321.402 -1.91483 -0.587054 -3.5 -0.167813 0.90956 -0.380184
15.6597 -17.779 354.582 0.335244 0.596476 -0.7 0.791879 -0.476458 0.381988
23.3806 9.907 327.554 -0.127623 0 -4.5 -0.741522 0.532744 -0.407835
24.4657 13.5494 323.969 -1.67257 -0.491926 -3.5 -0.0954004 0.22582 -0.969487
43.2556 -27.3949 327.299 -0.0617242 0 -3.5 0.41935 -0.85918 -0.293182
37.0545 -10.8442 310.429 0.699108 0 -3.51731 0.927001 -0.160196 -0.339126
32.575 12.7865 319.708 0.057793 0 -0.9 -0.58723 0.353438 -0.728177
41.4305 -7.18325 319.309 -0.123801 0 4.2 0.283271 0.203468 -0.937208
-5.4655 -7.8545 323.847 -0.455507 -0.512755 -0.4 -0.485495 -0.824366 -0.291059
-3.633 -6.68062 342.657 -2.30151 -0.268356 -3.5 -0.744267 -0.461987 0.482323
17.1535 -19.799 333.364 0.205139 0 -4.5 -0.23589 -0.452499 0.86
47.0715 -18.4815 332.168 -0.263793 0 -3.35079 0.651194 0.122721 0.748923
48.9234 -12.4236 334.177 -0.244781 0 -3.3163 0.96625 0.210054 -0.149126
19.5501 -21.5179 314.216 -0.225253 0 -1.54161 -0.887618 -0.404951 0.21943
13.2865 -9.81538 334.773 -0.784781 -0.916214 -0.8 -0.598713 0.406653 0.690055
-7.76113 3.45487 340.167 0.362424 0.371456 -4.11494 -0.534018 -0.403105 0.74319
8.74187 10.1239 334.255 -0.201067 0.864696 -3.34915 0.15668 0.986688 0.0435729
10.6244 -10.7919 320.36 -0.611065 0 -3.5 0.557273 -0.0752957 -0.826908
29.5252 -23.8366 304.257 0.505916 0.134699 -4.5 0.189801 -0.846193 -0.497929
30.7554 -22.0165 325.467 -0.413484 0 -1.3 -0.22336 -0.601011 0.767396
-7.43025 -12.9823 361.532 -1.30444 -0.0298219 -0.8 -0.720778 -0.17331 0.67115
12.3535 -3.68062 321.848 -0.347454 0 -1.46175 -0.488381 -0.300562 -0.819236
10.8658 -11.0638 342.651 -0.30151 0 4.2 -0.075307 -0.76083 -0.644567
31.8509 -0.27325 311.558 1.46127 0.242351 -3.9 -0.158235 -0.368 -0.916263
40.1885 -22.1688 335.654 0.242972 0 -0.7 0.44813 -0.812154 0.373611
20.7162 4.677 364.043 0.0577718 0 -3.9 0.585102 -0.631985 0.508184
23.1238 6.77187 322.992 0.00806667 0.138434 -2.109 -0.752708 0.564034 -0.339555
29.9618 -2.216 337.926 -0.199275 0 -2.66348 -0.920838 -0.240925 0.306614
26.0185 -0.19925 335.827 -0.722174 0 -3.22496 -0.192986 -0.969138 0.153388
45.916 -27.1825 327.952 -0.587382 0.308053 -3.2 0.001873 -0.982951 -0.183861
23.4953 -10.836 337.739 0.244061 0 -0.8 -0.31329 -0.0639729 0.9475
31.198 0.486 345.724 -0.477958 0 -0.8 -0.755027 -0.60235 -0.259054
39.577 11.85 318.512 -0.0986681 0 -3.5 0.780591 0.0487887 -0.623136
2.76925 -9.7055 343.828 -0.134179 0 1.9 -0.409771 -0.857902 0.309987
37.5945 -14.9545 312.468 0.109078 0 4.2 0.134279 -0.341684 -0.930173
1.1805 7.51062 336.746 -0.247876 0 -3.5 -0.0929288 0.795968 0.598164
19.1761 0.63275 356.988 0.13609 0 -2.81237 0.893637 0.385183 -0.230319
20.7849 6.08825 311.475 -0.16032 0 1.8 -0.617483 0.786562 -0.00592037
-3.40756 10.5192 342.997 -0.828628 -0.105744 -3.5 -0.417928 -0.166452 0.893101
12.5551 9.0975 339.636 -1.87842 -0.133758 -3.5 -0.0751329 0.77132 0.631998
37.9082 4.10475 350.595 0.167744 0 -2.53949 0.5026 -0.426236 0.752141
21.228 0.789 353.533 0.168536 0 -3.2 0.779703 -0.545506 0.307387
39.9255 -25.6645 319.204 0.0113356 0 -1.3 0.456256 -0.787953 -0.413474
24.8981 4.66975 309.852 -1.5675 -0.00381788 1.8 0.180835 0.422642 -0.888072
35.9131 -12.6069 335.448 -0.287206 -0.442988 -3.5 0.460705 0.000683706 0.887553
32.6073 -31.7882 318.083 0.0408053 0 -3.5 0.00251484 -0.824827 0.565379
7.73475 -23.203 355.115 -0.540213 0 -3.5 0.735658 -0.675989 -0.0429673
29.267 15.1187 343.841 0.121528 0 -3.9 -0.563629 0.0283626 0.825541
-2.44525 -10.1993 320.832 0.362516 0.174241 -4.5 -0.730011 -0.41831 -0.540464
44.895 -19.095 339.776 1.55984 0 -3.9 0.543438 -0.766251 -0.342834
36.453 -9.75237 342.383 0.198881 0 -4.5 -0.0822711 -0.995355 -0.050004
7.823 -18.6689 364.093 0.181564 0.17738 -4.5 -0.200444 -0.80809 0.553907
54.2235 -8.80375 329.224 -1.63279 -0.0695821 -3.5 0.358105 0.0237838 -0.933378
2.996 -20.4884 352.995 -1.53921 -0.443637 -3.5 -0.735377 -0.67658 -0.0382095
37.063 -32.3085 329.909 -0.927897 0 1.9 0.0577747 -0.545399 0.836183
22.2407 0.7945 318.612 -0.747193 0 -3.5 -0.768489 0.452336 0.452566
-3.1945 -3.77 335.082 -0.605553 0.00401537 -0.901645 -0.878387 0.473615 0.0642204
-7.864 2.022 337.376 -0.533214 -0.737337 -0.965953 0.35061 -0.905182 0.240244
-12.4434 -1.4225 331.477 -0.0728581 0 -3.9 0.329367 -0.832296 -0.44587
38.758 -19.175 338.201 0.500927 0.426156 -0.7 -0.545961 0.21546 0.809632
11.7754 -20.8124 333.168 0.00521473 0 -0.7 -0.0397183 -0.949781 0.310383
31.1182 -18.5991 336.476 -1.99284 -0.194815 -3.5 -0.0374524 0.27521 0.960654
18.3577 -17.5316 336.153 0.779209 0.656765 -4.5 -0.741637 -0.505143 0.441367
29.715 -8.809 334.361 -0.01377 0 1.9 -0.64644 0.547137 0.531748
-3.963 -5.06512 358.799 -1.05947 0 -1.21574 -0.759159 -0.309776 0.572465
2.5455 0.348375 364.349 -0.290046 0.690425 -4.46725 0.609903 0.792474 0.00206402
20.2714 12.046 344.115 -0.637111 -0.38052 -3.98698 -0.280266 0.956816 0.0771644
40.3397 -21.31 337.038 -0.122066 0 -0.7 0.559041 -0.566262 0.605657
38.0719 -26.2884 322.609 -0.287442 0 1.8 0.640608 -0.585526 -0.49677
6.01275 10.138 336.481 -0.275199 0 -3.2 -0.478336 0.865288 -0.149905
35.629 15.8252 328.307 0.173859 0.365195 -4.10431 0.313966 0.76427 -0.563309
28.5681 -25.7291 307.343 -1.26108 -0.124593 -3.5 -0.156785 -0.885395 -0.437601
-6.30638 -10.98 348.452 -0.729213 -0.215812 3.4852 -0.205632 0.0611261 -0.976718
6.71663 -20.8377 352.622 -0.241024 0 -3.5 0.118059 -0.508798 -0.852753
3.26575 -11.4773 335.487 -0.285868 0 4.2 -0.0563649 -0.0498065 0.997167
29.8889 -25.4985 309.143 -1.02762 -0.742509 -3.5 0.400489 -0.895023 0.196321
-7.51288 -6.31437 335.802 1.05905 0 -3.9 -0.945971 0.155382 0.284596
10.1654 13.024 345.569 1.85239 0.432969 -3.9 0.430557 0.746808 -0.506851
16.1174 7.23362 334.138 0.109766 0 -3.5 0.610798 0.170123 -0.773295
22.2496 -17.3636 323.72 0.00545732 0 -3.2 0.179113 -0.717916 -0.672693
-1.35863 -2.05238 363.904 -1.25206 0.501827 -3.5 -0.759623 0.281535 0.586269
38.6097 8.848 314.789 0.184735 0.0150624 -3.94867 -0.361715 0.111314 -0.92562
36.7945 12.3053 326.94 -1.14726 0 -2.69488 0.979399 0.0436673 -0.197158
-6.48488 0.785375 325.68 0.808211 0.0319135 -3.9 -0.299571 0.0627796 -0.952006
12.4642 0.862875 322.137 -0.23559 0 -3.43974 0.347903 0.228322 -0.909303
48.3056 -12.0431 323.671 -0.07972 0 2.29393 -0.11875 0.657072 -0.744416
18.96 11.044 347.247 -1.03571 -0.138291 -3.08082 -0.383553 0.808569 0.446209
5.42562 -14.3573 367.517 -2.27084 -0.143137 -3.5 -0.116472 -0.577867 0.807778
21.5711 -5.39925 356.215 -0.327768 0.0849871 -3.5 0.500946 -0.838035 -0.216218
37.3363 -27.8962 333.167 -1.45366 -0.277923 1.8 0.178828 -0.764984 0.618725
31.4145 -19.653 336.405 -2.0864 -0.377334 -3.5 0.401839 -0.357281 0.843135
22.3123 2.61987 348.75 -0.613901 0.835003 -3.5 0.444779 -0.895514 -0.0150357
-4.254 -0.99175 362.236 -1.98192 -0.947348 -3.5 -0.720391 -0.418998 0.5527
5.47237 8.873 341.142 0.00350115 0 -2.83354 -0.0283354 0.926865 0.374323
49.1745 -3.4705 339.043 -0.958647 -0.260512 -3.53164 0.687387 0.627924 -0.364979
32.5934 -22.3191 330.647 -2.23725 -0.0662564 -3.5 -0.345477 -0.911211 -0.224367
12.8891 -22.9604 327.322 -0.207227 0 -0.7 0.103539 -0.994596 -0.00760727
42.3273 6.13825 317.618 0.838542 0 -4.5 0.850408 -0.472045 0.232336
-14.4803 -17.4347 351.835 -2.15983 -0.315727 -3.5 -0.249598 -0.579857 -0.775543
35.1777 16.2638 341.668 -1.95825 -0.791915 -3.5 0.192088 0.920272 0.340883
29.6285 -19.4226 334.811 -1.69291 -0.0424866 -3.5 -0.812163 -0.433272 0.390725
31.2824 -10.8845 316.234 0.299823 0.391461 -0.8 -0.478589 0.876723 -0.0480611
40.6198 2.35212 319.389 0.473995 0 -3.9 0.832807 0.248194 -0.494805
-10.061 -9.418 351.855 -0.45732 0 1.8 -0.93719 -0.196709 -0.288062
21.0836 -22.6273 316.938 0.294431 0 -0.4 -0.66689 -0.371625 0.645874
-4.00225 9.34488 342.394 -0.355545 0 -3.5 -0.658886 -0.366992 0.656648
13.1678 -15.2515 355.886 -0.354038 -0.281114 -2.57231 0.861675 0.477524 0.171719
32.6888 -22.948 309.927 0.622639 0 -4.5 0.954495 -0.124366 -0.271059
39.449 -11.9356 313.499 -0.00247323 0 4.2 0.923595 0.304281 -0.233207
26.2847 -25.8705 310.28 0.75034 0.12597 -3.5 -0.132038 -0.783018 -0.607823
6.57762 -16.479 364.846 0.229434 0.77214 -4.5 -0.137228 -0.32122 0.937009
-7.83725 -8.37838 349.623 -0.811153 -0.869547 1.8 -0.619167 0.464064 -0.633464
33.1357 -32.154 317.012 0.359752 0 -3.5 0.326631 -0.86096 0.389948
53.6995 -9.473 340.032 0.154133 0 -4.5 0.959403 -0.194594 0.204155
36.6418 -6.60125 346.013 -0.0855781 0 -4.5 0.625935 -0.0213449 0.779583
-3.948 -1.42425 347.057 -0.294985 0 -3.2 -0.0591818 0.959961 -0.273812
13.1657 4.61312 322.516 -2.03265 -0.865444 -3.5 0.727316 -0.309147 -0.612732
-8.7065 -12.223 360.588 -1.59815 -0.964034 -0.8 -0.735217 0.143337 0.662503
10.9233 -22.5128 329.987 -0.0319722 0 -0.7 -0.300272 -0.673696 0.675255
25.7978 -8.952 311.391 -0.338746 0 -3.5 -0.426053 0.897617 0.112974
39.3727 -0.006125 317.701 0.075043 0 -3.95068 0.932484 0.0656369 -0.355199
35.8966 -32.6531 329.217 -0.897114 0 1.9 -0.453427 -0.709647 0.539264
3.94637 8.52962 329.927 -0.719071 0 -3.5 0.212834 0.882879 0.418601
30.8426 -27.3456 314.307 -0.881766 -0.150261 -3.5 0.571976 -0.356903 -0.738556
48.02 -2.10613 321.463 -0.188861 0 2.8 -0.312433 0.780375 -0.541665
3.37375 -18.4312 321.611 -0.175916 0 -1.6 0.145967 -0.530506 -0.835019
12.3884 -5.23513 322.304 -0.183665 0.131989 -1.3 -0.288865 -0.261345 -0.921008
11.3595 5.95675 338.785 -0.517884 0 1.8 -0.27067 0.349619 0.896941
-5.06763 6.30825 330.857 -1.19769 0 -0.7 -0.396143 0.191217 -0.898057
36.3825 10.5976 344.873 -0.801278 0 -0.9 0.254096 0.594478 0.76291
5.9875 9.185 330.648 -0.8766 0 1.73292 -0.677258 0.734927 -0.0347158
14.565 -25.2097 326.321 -1.41619 -0.1249 -3.5 -0.766864 -0.517283 0.379917
13.7201 -16.1915 364.365 -0.49605 0 -3.5 0.80763 -0.206952 0.552181
30.0654 2.94313 348.126 0.465843 0.00308314 -0.757361 -0.884124 -0.460539 0.0789212
20.6642 3.6885 339.014 -0.249256 0 2.04516 -0.0130895 0.237674 -0.971257
39.663 10.722 317.828 -0.0533264 0 -3.89594 0.742718 0.661521 -0.103733
33.0047 -20.7255 327.621 -0.392204 0 -1.3 -0.593547 -0.797875 0.105341
21.1112 -4.0685 357.84 -0.346954 0 -3.5 0.308789 -0.187894 0.932387
3.96575 -9.9325 366.271 -0.71237 -0.0200475 -4.1892 -0.2044 0.448356 0.870171
18.8902 -4.44925 345.649 -0.0186932 0.815496 -0.7 0.633748 -0.63504 -0.441687
9.74263 0.851125 320.251 -2.11021 -0.375552 4.2 0.178251 -0.284115 -0.942075
-5.6465 -5.68488 319.363 -0.444287 0 -3.5 -0.0434144 -0.682472 -0.729621
29.7706 -18.922 307.855 0.367895 0 -4.5 0.74296 0.666876 -0.0573232
17.0653 -2.845 332.52 -0.086105 0 0.237517 0.307322 0.947666 -0.0864954
22.052 8.3005 326.874 -0.15166 -0.047582 -4.5 -0.842074 0.478812 -0.248297
16.1367 8.75625 347.093 -0.782242 -0.0372622 -2.94301 -0.581125 0.812711 0.0423673
48.5295 -25.8191 330.111 0.161071 0 -3.2 0.612924 -0.498349 0.613166
40.1657 -12.8265 339.324 0.137488 0 -3.7007 -0.996097 0.0880241 0.00654604
16.9635 -6.2685 339.422 -1.7278 -0.739801 -0.7 0.988321 0.145292 -0.0459453
1.87 -12.754 350.185 -0.483324 0 4.2 0.515552 0.249462 -0.819741
38.8924 -0.56375 316.187 -0.222243 0 -4.25023 0.736646 0.0862136 -0.670761
21.52 -6.40375 347.38 -1.99083 -0.531148 -3.5 -0.237454 -0.954449 -0.180675
55.0925 -9.4135 329.985 -2.12808 -0.764935 -3.5 0.850607 -0.291488 -0.437611
-1.33525 0.11675 357.642 -0.754539 0.508882 -2.41162 0.225489 0.965479 -0.130402
7.2235 -6.06887 340.519 -0.479848 -0.124861 -3.62705 -0.740293 -0.468908 -0.481759
26.221 -4.95675 313.164 -0.24687 0 -0.8 0.228114 -0.291709 -0.928908
3.50763 -1.26388 315.794 -0.0114152 0.324217 -4.5 0.211555 0.204176 -0.955802
41.7882 -19.5005 338.111 -0.207789 -0.703984 -0.915397 0.143124 -0.932748 0.330902
51.5684 -5.01312 337.844 0.576486 0.432276 -4.5 0.791298 0.586687 -0.172181
52.7779 -11.1241 339.166 0.715285 0.204486 -4.5 0.815313 -0.559864 -0.147707
-2.061 -17.4401 355.939 -1.12911 -0.84566 -3.39714 0.660568 -0.731044 0.170951
-0.74475 11.4574 342.91 -1.7808 -0.209588 -3.5 0.555622 -0.0977514 0.825669
12.3813 -10.1225 366.98 -0.263611 0 -0.4 0.533018 0.222957 0.8162
18.2374 -4.06525 325.019 -0.737931 -0.0641291 3.30957 -0.147557 -0.337953 -0.929524
44.4675 -0.40275 343.577 -0.0793537 0 2.8 0.947953 0.0254167 0.317393
34.1922 -32.155 315.515 -0.700318 0 -3.5 0.572481 -0.809455 0.130568
27.8761 -26.2424 328.272 1.86843 0.184132 -3.9 -0.371723 -0.511927 -0.774437
30.5936 -23.2149 304.688 0.439422 0.553391 -4.5 0.623644 -0.629595 -0.463333
22.759 11.5525 349.59 -0.420476 0 -0.7 -0.154561 0.938825 0.307763
15.5612 2.22425 326.177 -0.462776 -0.162553 -1.28122 0.408727 0.470741 0.781885
26.9705 -20.3926 310.593 0.308823 0 -4.5 0.056815 0.222932 0.973177
19.4504 1.00563 323.03 -1.71762 -0.0687698 -3.5 -0.741927 -0.268173 -0.614514
-9.55087 6.57363 339.794 0.604509 0.787474 -3.5 -0.809785 0.432006 0.397013
-9.899 -9.81875 353.13 -0.59214 0 1.8 -0.932805 -0.107052 0.344115
22.5163 2.81025 318.54 -0.5495 0 1.8 -0.963797 -0.0875593 0.251849
54.5725 -10.2268 329.442 -1.76774 -0.612648 -3.5 0.881583 0.00606205 -0.471991
-10.1372 -17.0735 358.21 -0.0259562 0 -3.2 -0.972905 -0.204801 -0.1073
41.7961 -20.9883 318.763 -1.26116 -0.67835 -1.3 0.501507 -0.170215 -0.848244
31.7899 -31.0001 318.854 -0.313267 0 -3.5 -0.28682 -0.773855 0.564697
36.8951 14.5903 316.727 -0.195141 0 -1.6 0.671542 0.30835 -0.673759
29.4414 16.0401 330.186 -0.359996 0 -2.2402 -0.499724 0.714292 0.489962
22.2593 4.4135 335.391 -0.234997 0 -0.7 -0.998474 0.0545775 0.00843941
18.221 -8.53725 315.986 0.0260442 0.486276 -4.5 -0.74075 0.650791 -0.166616
37.0875 7.9345 323.352 -0.545601 0 -1.3 0.956854 -0.201345 0.209499
13.271 -16.8365 350.884 -0.303035 0 -0.7 0.0915319 0.132405 -0.98696
27.2703 -21.422 304.901 0.338016 0.0539045 -4.5 -0.659877 0.444091 -0.60609
22.3717 1.70463 334.779 -0.552271 -0.374389 -2.86451 -0.957226 -0.238243 -0.164192
7.764 -11.7463 336.275 -0.670489 0 4.5 -0.398494 -0.708115 0.582902
10.7159 -19.2679 362.428 -1.46851 -0.196754 -3.5 -0.0916172 -0.947622 -0.305972
-7.22425 -3.284 319.996 -0.748631 0 -3.5 -0.607338 0.496277 -0.620363
21.9449 10.7136 358.005 -0.0765235 0 -1.6 0.430303 0.874188 0.225022
17.38 -11.2773 358.875 -1.86141 0 -3.5 0.672146 0.392557 -0.627789
42.789 7.54375 317.045 -0.0936625 0 -4.5 0.999405 -0.0335754 -0.00784726
5.73362 -23.9415 326.576 -0.191335 0 -0.8 0.448078 -0.504675 0.737922
0.57525 0.67025 365.384 -1.7013 0 -3.5 0.0929492 0.650504 0.753794
54.223 -11.586 327.243 -0.341625 0 -3.2 0.587398 0.720008 -0.369529
39.6981 15.8623 323.004 -2.33293 -0.0555451 -3.5 0.331541 0.306404 0.892299
22.6682 -15.614 320.703 -0.614343 -0.303869 1.74257 -0.751253 -0.659629 0.0225452
30.0435 -29.0435 318.588 -0.19065 0 -2.64072 -0.606046 -0.589092 0.534489
47.9207 -1.5265 340.041 -0.947059 -0.68705 -3.5 0.421523 0.831953 0.360794
26.1245 -23.5325 323.151 -1.78423 -0.849756 -3.5 0.09523 -0.933779 0.344945
-5.186 0.982 334.863 -0.190238 0 -1.17178 -0.305999 -0.475912 0.824544
5.84237 1.281 357.316 -0.154381 0 3.8 -0.92318 0.382966 0.0328109
-10.5644 2.5615 330.65 -0.382516 0 -3.9 -0.488738 0.699816 -0.520954
1.91562 -13.282 322.313 0.18203 0 -4.5 -0.56896 -0.0870718 -0.817743
-11.775 -17.6065 354.332 -0.257654 0 -3.5 0.171096 -0.976064 0.134257
39.8618 -20.2575 316.764 -0.4063 0 -0.7 0.859988 0.0873499 -0.502784
20.9823 -23.7412 330.537 0.119648 0 4.5 -0.37283 -0.6559 0.656348
-3.86512 -5.72113 342.443 -2.36554 -0.641973 -3.5 -0.917674 -0.0309071 0.396129
4.23513 6.64 320.053 -0.05656 0 -3.9 -0.211634 0.545679 -0.81083
-11.7525 -14.6221 351.181 -0.689607 0 -1.05865 -0.495356 0.103643 -0.862485
19.4037 -1.89725 313.828 -0.473758 0 -3.5 -0.925542 0.202129 -0.32018
12.8862 6.474 326.415 0.0879379 0.913453 -1.3 0.210608 0.972261 0.101752
43.3587 -26.4934 322.128 -0.545036 -0.466517 -0.7 0.363035 -0.930268 -0.0529847
-5.27437 11.1785 338.81 -1.20166 -0.0551503 -3.5 -0.478366 0.732507 0.484354
14.2987 -17.2367 355.665 -0.715464 -0.870731 -0.7 0.495471 -0.286656 0.819961
30.6493 18.3275 325.792 -0.34125 -0.237306 -3.5 -0.218606 0.869774 -0.442385
-2.40975 -8.66337 320.878 0.140031 0.373618 -4.5 -0.558524 0.166337 -0.812639
50.271 -18.5483 323.216 -0.1067 0 1.8 0.107933 -0.0986736 -0.989249
32.5104 -21.8622 332.335 -0.631456 -0.687404 -3.5 -0.495507 -0.849654 0.180446
33.2944 17.336 319.988 0.134729 0 -1.6 -0.605549 0.794496 0.0456864
15.577 -17.955 333.112 -0.31774 -0.393143 -2.61862 -0.0641382 -0.281643 0.957373
5.403 -23.0675 353.505 0.189878 0.528429 -3.5 -0.484669 -0.473754 -0.735291
10.9309 -10.3942 354.167 -0.353729 0 -0.9 0.576714 -0.568069 -0.58711
52.9313 -11.2681 331.116 -0.203978 0.475532 -3.21893 -0.122884 -0.360653 0.92457
15.0765 -18.1273 353.462 0.289117 0.557644 -0.7 0.796672 -0.588386 -0.138261
4.61375 -12.8778 346.428 -2.23556 -0.28846 -3.5 -0.790105 -0.545335 0.2799
7.79513 -0.551375 361.03 -0.273517 0 -0.7 -0.462066 0.57698 0.673491
42.0794 14.0786 321.726 -0.155837 0 -3.5 0.891455 -0.0164843 0.45281
-0.17825 -11.1062 334.493 0.532423 0 0.562728 -0.235478 -0.69899 0.67525
36.936 13.825 334.134 0.0868588 0 -4.45186 0.646337 0.588481 0.485736
32.64 15.2501 318.016 -0.130258 0 -1.6 -0.955306 -0.244366 -0.166362
22.9585 5.07387 316.914 -0.548316 -0.196687 -2.12229 -0.86425 0.437 -0.249203
14.1313 -23.6803 325.551 -0.235519 0 -3.5 -0.850893 -0.512885 0.113707
40.759 -7.827 345.011 -0.762138 -0.837516 -3.5 0.233841 0.522847 0.819725
18.2337 8.32063 362.588 0.202008 0.0468456 -3.9 -0.610721 0.691054 -0.386607
-1.71525 -18.1289 358.844 -0.241867 0 -1.6 0.399809 -0.911925 -0.09244
47.344 -22.7086 331.191 -0.561788 -0.0906447 -3.81678 0.619769 -0.59581 0.510781
21.2861 -3.61525 320.165 -0.641181 0 -4.05688 -0.405374 0.442063 0.800158
40.8758 -0.6965 321.554 -0.233715 0 -0.365733 -0.303972 -0.586393 -0.750829
44.8828 6.44275 342.711 0.755152 0.464563 -4.5 0.973598 0.104433 0.20298
10.0059 6.09562 327.617 -0.319563 0 -1.3 -0.240155 0.608472 -0.756365
5.083 -22.5546 322.543 -1.00614 -0.11253 -0.8 0.308705 -0.337183 -0.889387
-7.17019 -18.1457 359.592 -0.651279 0 -3.2 0.247377 -0.967236 -0.0570938
22.282 6.21962 354.97 -0.394049 0 0.310619 0.8904 0.168725 0.422753
22.4515 -20.8197 307.235 0.0241152 0 -0.4 -0.131954 -0.887069 -0.442376
5.54588 -12.0756 319.381 -2.04948 -0.715333 -3.5 -0.833866 -0.391346 -0.38925
1.024 -15.475 325.26 -0.140352 0 -1.6 -0.992274 -0.000616185 -0.124067
1.90787 -0.126 346.59 -0.976645 -0.0317419 -3.28226 -0.195188 0.652425 -0.732286
2.50688 -3.02437 315.691 -0.000933927 0.227242 -4.5 -0.168163 -0.0366146 -0.985079
24.0525 -11.011 310.352 -0.640226 -0.835374 -3.5 -0.93272 0.260692 -0.249144
7.11525 4.12525 340.787 -0.298734 0 -2.50559 -0.703485 -0.37263 0.605191
-3.28187 -14.3695 361.905 -0.0653733 0.00482378 -1.79762 -0.522278 -0.285049 0.803724
51.1666 -18.4216 329.915 -0.16322 0 -3.5 0.82721 -0.0818421 0.5559
13.5206 -22.3452 320.377 -0.176195 0 4.2 0.083659 -0.550191 -0.830838
45.3268 -0.13475 348.395 0.329425 0.429774 -4.5 0.279046 -0.932544 0.229119
21.3779 13.9595 331.01 -0.18726 0 -1.6 -0.929526 0.267175 -0.254162
17.5995 -9.28825 324.309 -0.523764 -0.0354273 3.48077 -0.181864 0.375163 -0.908944
19.738 -20.9482 315.102 -0.0625767 0 -1.6 -0.839056 -0.188155 0.510473
4.71187 -12.3179 367.666 -1.56716 -0.0203816 -3.5 -0.519259 0.0127093 0.854523
45.8732 5.76775 345.805 0.463111 0 -4.5 0.443954 0.75066 -0.4893
-2.64275 -7.27725 329.811 -0.107072 0 1.8 -0.960994 -0.126621 -0.245883
21.7652 1.9315 317.706 -0.482737 0 1.8 -0.791671 0.174605 0.585466
-7.8765 -6.287 351.474 0.341453 0.548574 1.8 -0.606642 0.792011 0.0685883
1.1095 1.082 338.724 -0.0701786 0.976666 -0.8 0.645245 0.278315 0.711477
28.5554 -17.1681 307.545 -0.0699021 0 -4.5 0.875074 0.412833 -0.252614
-4.97925 0.49075 340.702 1.32675 0.842085 -4.5 -0.584467 -0.81141 0.00336873
1.79762 13.5376 332.666 -0.668251 -0.840336 -0.8 0.00389522 0.954991 0.29661
14.5651 -13.5249 319.063 -0.502036 0 -3.5 -0.642725 0.319628 -0.696235
-2.66575 -4.39187 328.147 0.0217929 0 3.26738 -0.470209 -0.71546 0.51674
19.967 4.83313 327.955 0.293505 0.179955 -4.5 -0.0169305 0.237242 0.971303
18.6105 -3.536 334.102 -0.544607 0 -1.3 -0.0571883 0.52297 0.85043
29.8676 14.0796 323.396 -0.475698 0.235407 -1.72971 -0.573603 0.285806 -0.767655
-12.8241 -14.015 351.489 -1.47522 -0.229884 -3.5 -0.111787 0.604301 -0.788875
7.27525 7.489 327.697 -0.376433 0 -2.48576 0.722148 -0.0885752 -0.686044
-3.96175 0.837875 355.504 -0.332007 0 -0.9 -0.458761 0.888178 0.026062
-2.471 -2.5895 337.316 -0.528503 0 -1.57212 -0.979726 0.184262 0.0786403
48.2462 -16.4812 335.122 -0.362013 0 -0.8 0.729648 -0.439751 -0.523673
52.5858 -18.0195 327.83 -0.271882 0 1.8 0.571902 -0.54054 0.617046
20.8062 -23.5654 311.77 -0.974844 -0.549083 1.8 -0.720188 -0.0819445 -0.688922
40.7801 -14.9762 340.196 0.27178 0.36027 -3.52248 -0.792492 -0.252716 0.55506
0.0625 11.749 340.33 -1.37369 0 -3.9 0.989822 -0.142145 0.00687539
46.9786 4.02388 346.123 1.0626 0 -4.5 0.995098 -0.00694891 -0.0986526
6.64913 -4.70988 339.403 -0.583723 0 -4.5 -0.489956 -0.860355 -0.140474
22.0172 -25.0252 310.524 0.00941623 0 1.8 -0.302438 -0.06114 -0.951206
15.2288 9.0265 341.48 -0.554326 0 -0.7 -0.240276 0.969286 -0.0524551
-8.55675 -5.01325 324.444 -1.94035 -0.0672815 -3.5 -0.883418 -0.467934 -0.0247262
-3.539 -2.8255 339.967 -0.0096353 -0.0297945 -4.21668 -0.988743 0.108167 -0.103378
4.38487 -0.96275 364.454 0.0264172 0 -4.5 0.693404 0.695084 -0.189866
39.7025 9.63275 336.25 -0.121437 0 -3.77369 0.685903 0.727159 -0.0278762
13.2355 -10.1895 343.542 0.170155 0 4.2 0.574523 -0.786271 -0.22738
-1.2315 14.8698 337.155 0.629806 0.30137 -3.9 0.385967 0.48409 -0.785294
2.52262 3.6425 341.544 -0.0120036 0 -1.6 0.146459 -0.935458 0.321664
24.3595 8.6325 350.387 -0.364545 0 -0.7 0.622891 0.2154 0.75207
34.2641 -26.3396 334.152 -0.0697869 0 1.8 -0.47855 -0.776752 0.409447
12.3866 -18.9836 354.701 -0.111847 0 -0.7 0.0867122 -0.943444 0.319991
-9.80087 -0.3365 325.669 0.566184 0.845777 -3.5 -0.615602 0.316749 -0.721599
25.8608 7.73438 343.662 -1.97641 -0.204961 3.17953 0.443124 -0.609036 0.657811
24.4594 -26.8089 311.424 0.677551 0.173791 0.392265 -0.143102 -0.347204 -0.926807
9.64725 6.58275 338.509 -0.419533 0 -4.5 0.273755 0.287546 0.91781
9.80375 -10.1441 350.494 -0.357256 0 1.8 0.738814 -0.648777 0.182328
23.8692 -17.4261 323.319 -0.32221 -0.323283 -1.38268 -0.449093 -0.760196 -0.469487
-15.4575 -16.2633 352.554 -1.9445 -0.556859 -3.5 -0.931364 -0.0631794 -0.358565
14.57 -22.1274 328.809 0.317742 0 -0.9242 -0.148626 -0.819343 0.553703
7.106 -8.508 337.888 -0.435105 0 -3.5 -0.763369 -0.163548 0.624916
44.6002 0.963562 344.551 0.137253 0.322449 -1.15995 0.893559 -0.168448 -0.416146
10.594 -11.3769 368.103 -2.25825 -0.357394 -3.5 0.451064 -0.00863764 0.89245
45.2337 7.29725 332.112 -2.17941 -0.461024 -3.5 0.164789 0.356489 -0.919652
23.5697 -24.4522 328.312 0.405377 0 4.5 0.179981 -0.98164 0.0631705
19.2436 9.74675 356.025 -0.0623535 0 -1.6 -0.649937 0.754762 -0.0889695
24.0282 9.83313 326.334 -0.141324 0 -1.6 -0.911976 0.410044 0.0127669
19.42 -8.34394 315.44 -0.106054 0.730729 -4.5 -0.207667 0.390609 -0.896827
-1.022 -6.38538 343.151 -1.48743 0 -0.9498 -0.291798 -0.528682 0.797088
27.5828 -13.3142 340.749 0.828858 0 -3.9 -0.1429 -0.989698 0.00882689
7.10775 5.90375 352.635 -1.47612 -0.287963 -0.7 -0.0754265 0.972758 0.219208
11.012 -17.6103 356.603 0.793953 0.181756 -1.27854 0.304889 -0.756943 0.577997
28.0411 -28.0888 312.357 0.0374154 0 -0.8 0.495821 -0.686627 -0.5317
19.5273 -7.87825 354.147 -0.320586 0 -0.7 0.574422 -0.778194 0.253877
41.7541 -18.8277 341.871 1.01148 0 -3.9 -0.803262 -0.231294 0.548883
37.1985 12.3177 314.405 -2.05723 -0.172176 -3.5 0.292612 0.54027 -0.788978
33.3942 -22.0403 313.85 -0.401807 0 -2.01323 0.398535 -0.413412 -0.818694
4.436 -17.307 328.469 0.119374 -2.49273e-05 -3.89997 -0.510823 -0.772933 0.376344
10.294 -13.9281 336.065 0.0696168 0 -3.9 -0.625705 -0.458441 0.63113
0.74475 -10.9038 364.418 -0.14805 0.112514 -4.5 -0.462947 0.244091 0.852115
39.5905 -2.0605 315.737 0.127005 0 1.8 0.517344 0.400206 -0.756433
-3.7525 0.33425 357.072 -0.892833 -0.0182039 -1.03685 -0.193467 0.962639 0.189466
18.0389 -9.93587 314.046 -0.411865 0 -4.5 -0.303996 0.467527 -0.830063
0.084375 -14.857 366.632 0.823536 0.459825 -4.5 -0.741006 0.151669 0.654145
10.9929 -1.34225 323.268 -0.468294 0 1.20664 -0.474174 -0.33283 -0.815097
30.6852 1.8765 343.707 -1.65342 0 -3.2 -0.748693 -0.638087 -0.179732
40.118 9.70175 314.08 1.02572 0.83229 -4.5 -0.0946116 0.404421 -0.909666
27.2202 -6.7005 315.467 0.628962 -0.0627014 1.48745 0.73979 0.0230661 -0.672442
49.1071 -1.51525 322.141 -0.208356 0 2.8 -0.0106586 0.878433 -0.477746
-10.4093 5.63637 334.296 0.201751 0 -0.845508 -0.595953 0.776099 -0.206183
47.7062 -16.0662 339.039 -0.852011 -0.918082 -3.5 0.697512 -0.483842 0.528559
30.5415 -20.214 335.778 -2.13102 -0.00413086 -3.5 -0.445455 -0.63009 0.636047
-2.18325 3.133 326.078 0.336431 0 -3.9 0.615776 0.678289 -0.400929
-4.6 -5.73375 357.845 -1.33476 0 -3.2 -0.647412 0.0397787 0.761101
-0.1305 -13.9546 331.191 -0.693563 0.101029 4.5 -0.582425 -0.769142 0.263064
4.15263 11.7198 326.767 -2.03527 -0.485572 -3.5 -0.636064 0.770087 0.0488769
21.7305 -14.361 311.024 0.0245322 0 -4.5 -0.399688 0.318198 -0.859651
23.3216 9.73188 325.022 -1.17857 0 -1.6 -0.879351 0.422978 0.218705
42.7827 -19.5975 339.303 0.602941 0 -3.9 -0.286431 -0.932278 -0.220941
-0.10325 16.1365 339.652 3.08548 0 -3.9 0.719164 0.673577 0.170577
5.0125 -18.49 350.452 -0.724609 -0.488626 -3.5 -0.0598468 -0.124063 -0.990468
37.3985 -16.4304 336.161 -0.0569003 0 1.8 -0.178965 -0.180487 0.967159
25.4101 15.7095 330.623 -0.309073 0 -1.6 -0.00845683 0.986305 0.164714
32.4525 -30.863 314.055 -0.373812 -0.0204399 -3.5 -0.258967 0.323674 -0.910039
35.6164 15.2371 316.34 -0.109921 0 -1.6 0.115405 0.24044 -0.963779
15.4215 -24.7556 327.174 -1.30034 -0.557758 -3.5 -0.390349 -0.62686 0.674295
5.35537 -13.1619 343.647 -1.61123 0 -3.5 -0.455833 -0.671256 -0.584492
31.6401 16.3461 332.606 -0.58369 0 -3.5 -0.61176 0.515469 0.600035
20.9275 -12.7551 317.217 0.344554 0 -2.48265 -0.800668 -0.0923761 0.591943
36.1759 -30.272 325.613 0.199402 0 1.9 -0.522443 0.290852 -0.801535
39.4336 -21.2096 316.354 -0.218993 0 -0.7 0.579763 -0.39869 -0.710578
38.4567 -12.8155 312.095 0.128145 0 4.2 0.658297 -0.100397 -0.746034
21.567 7.30312 327.072 -0.141612 -0.128246 -4.5 -0.836409 0.547002 0.0347696
-6.28175 3.74237 324.452 2.61301 0.336434 -3.9 -0.206628 0.4199 -0.883736
14.411 2.208 331.354 -0.187913 0 3.8 0.740013 0.608407 -0.286744
50.7765 -16.8436 323.502 0.285336 0 1.8 0.136608 0.130517 -0.98199
30.1559 -9.2115 310.114 -1.512 -0.00332833 -3.5 0.345901 0.851002 0.395156
-4.61013 -12.5539 348.001 -0.424405 0 4.2 0.000441794 -0.28751 -0.957777
8.59562 -11.0376 336.809 -0.941472 0 4.5 0.0111064 -0.528598 0.8488
35.1652 8.87925 314.417 0.39469 0.975536 -4.5 0.702807 -0.272382 -0.657169
24.1956 -9.74525 337.778 0.430004 0.834613 -3.9 -0.387295 0.641895 0.661795
10.2296 -9.73088 352.11 -0.308815 0 1.56638 0.826942 -0.522163 -0.208597
26.6951 -16.1755 335.832 -0.387064 0 -3.5 0.435108 -0.777319 0.454374
43.2886 -2.98187 343.902 -0.568959 0 2.8 0.555244 -0.459977 0.692911
0.2195 10.9893 341.882 -2.20078 -0.0545358 -3.5 0.917891 -0.155372 0.365151
20.4239 9.51875 365.364 2.19754 0.394917 -3.9 0.214519 0.668578 0.712029
45.6782 -19.1606 318.946 0.479277 0 -3.9 0.615252 -0.251785 -0.747041
55.3859 -15.6451 329.654 -0.0349877 0 -3.2 0.0539236 -0.945597 0.320841
19.986 9.97013 364.419 1.97084 0 -3.9 -0.0344178 0.988232 0.149037
27.8983 -26.8762 311.642 0.527353 0.0440137 -3.20547 0.392208 -0.546996 -0.739573
6.36625 -9.36925 318.095 -2.68069 0 -3.5 0.0636479 0.489473 -0.869693
28.9285 -0.327625 338.083 -0.415601 0 -2.65647 -0.494925 -0.860565 0.12032
5.1805 -15.8127 350.612 -0.579196 0 -3.5 -0.45749 0.103582 -0.883161
22.1744 -2.09612 341.444 -0.733763 0 1.8 0.361582 -0.902668 -0.233344
14.3884 -8.76237 363.849 -0.54319 0 -3.5 0.788286 -0.126005 0.602269
24.6182 7.83462 317.932 -1.65257 -0.305412 -3.5 -0.00662096 0.968538 -0.248777
55.2145 -6.796 331.708 -1.65245 -0.416445 -3.5 0.551535 0.598507 0.581032
-1.64 -7.03 338.661 -0.488223 0 -3.5 -0.191786 -0.947901 -0.254364
6.58738 -11.616 335.063 -0.2902 0 4.5 -0.219657 -0.780659 0.585083
4.019 -15.2063 356.864 -0.401639 0.927036 -3.5 -0.526378 -0.843457 0.107273
27.2036 7.14913 316.879 -0.0221844 0 -4.5 -0.129558 0.988549 0.0773701
2.28325 1.22225 346.815 -0.230944 0 -3.2 -0.502688 0.277613 -0.81868
-4.322 -17.1327 357.073 -0.0777222 0 -2.64243 -0.251265 -0.953849 0.164435
4.50663 -10.8461 335.22 -0.30973 0 4.2 -0.0599133 -0.0282871 0.997803
12.4789 -16.6348 358.915 -0.766385 -0.689024 -3.5 0.353098 -0.935542 -0.00909446
34.8133 -8.84188 308.562 0.949488 0.288458 -4.5 0.149252 0.430216 -0.890302
33.7059 -25.39 334.119 -0.0468305 0 1.8 -0.854777 -0.289772 0.430567
15.7695 -17.1597 320.019 -2.54938 -0.309323 -3.5 0.365716 -0.805432 -0.466403
19.8016 9.99037 357.267 0.143075 0 -1.6 -0.654042 0.754527 0.0540162
-3.69756 -3.04931 341.346 -1.97927 -0.00255868 -3.5 -0.950945 0.266866 0.156483
23.7331 -22.9762 318.065 -0.409533 0 -1.01791 -0.580814 -0.654102 0.484567
13.7504 4.63588 323.535 -1.4687 -0.555925 -3.5 0.937148 -0.198888 -0.286701
30.762 -30.215 318.574 -0.60136 -0.32112 -2.55869 -0.734957 -0.562138 0.379261
26.837 -25.416 331.42 0.458196 0 -3.9 -0.665397 -0.231857 0.70957
14.4855 -3.32025 320.079 -0.859708 0 -3.2 -0.277035 -0.820239 -0.500459
-13.2537 -16.136 355.658 -0.486358 0 -3.5 -0.410628 -0.343537 0.844611
17.2929 -6.65088 337.796 -1.72878 -0.723163 -3.34581 0.840984 0.384968 0.380191
11.7449 -11.8515 355.273 -0.428129 0.536065 -1.74752 0.67805 -0.133661 -0.722761
2.39325 7.853 322.59 1.63534 0.151686 -3.9 -0.802563 0.479999 -0.354252
-0.131 0.352 351.672 -0.939317 0 -0.7 -0.65752 0.737761 -0.152893
21.436 -17.6355 307.513 -0.157378 0 -0.4 -0.695162 0.495312 -0.520976
-2.57975 -7.19088 336.543 -0.0784386 0 -3.9 -0.0915072 -0.631513 0.769946
29.7495 -11.8445 306.87 -1.74232 -0.477062 -3.5 0.65752 -0.648524 -0.383516
22.0571 -27.0888 313.88 0.168988 0.00781543 1.57043 -0.632877 -0.58559 0.506508
27.9722 -8.06787 334.29 -0.108454 0 2.8 -0.0426258 -0.039236 0.99832
39.7264 -12.5883 316.477 -0.380583 0 -0.7 0.562347 0.418334 -0.713276
50.2655 -13.6788 336.27 -0.0764995 -0.323641 -4.5 0.90231 -0.29926 -0.310291
43.3949 -2.58713 326.69 0.654683 0 3.8 0.899113 0.420988 0.119853
13.2236 -7.85044 364.985 1.11842 0.612124 -3.5 0.342987 0.340773 0.875348
15.4684 -13.5749 361.832 0.0531971 0.525357 -3.5 0.775473 -0.218007 0.592549
-4.997 10.6615 339.859 -0.461806 -0.0413089 -3.5 -0.838318 0.420239 0.347308
-6.10012 10.2627 333.033 -0.102471 0 -0.4 -0.607472 0.515054 -0.604728
6.33462 1.79613 318.474 -0.678629 -0.388697 -3.5 0.526084 0.144968 -0.837986
38.0885 12.028 315.418 -1.58107 -0.68773 -3.5 0.797766 0.5757 -0.179275
-5.1445 -7.84175 322.622 -1.74465 -0.180861 -0.4 -0.520783 -0.753262 -0.401723
11.4026 -15.9904 365.61 -1.21665 0 -3.5 0.260451 -0.0220505 0.965235
34.8419 17.6984 317.528 -0.130823 0 -1.6 0.20285 0.845303 -0.494283
7.93575 -15.1532 333.951 0.161547 0.951262 -3.9 0.155056 0.0841653 0.984314
22.2005 0.27425 334.276 -0.236738 0 -1.3 -0.903597 -0.0577 0.424479
6.39125 -7.606 320.115 -1.76256 -0.706291 -3.5 0.318406 0.572521 -0.755538
27.7847 -4.73338 314.539 -0.0952662 0 -0.8 0.795787 -0.194905 -0.573354
29.6195 18.1125 329.158 -0.201954 0 -3.5 -0.687488 0.623492 0.372313
10.8279 9.15125 335.547 0.418029 0.262838 -3.97115 0.429574 0.884195 0.183483
35.8976 17.444 319.038 0.0418452 0 -1.6 0.4988 0.834307 -0.234798
22.0788 6.85575 329.67 -0.974811 0 -4.5 -0.728017 -0.264631 0.632425
41.9854 -3.42875 345.073 -0.424691 -0.178664 3.8 0.735718 -0.344118 0.583354
47.3944 -18.1869 338.153 0.761365 0.191537 -0.8 0.523579 -0.740152 0.421947
50.943 -7.022 324.345 -0.391955 0 -3.5 0.635359 -0.726535 -0.261661
27.0381 -15.2738 336.792 -0.377871 0 -3.63011 0.612514 -0.527737 0.58849
45.0267 -25.1274 325.089 0.00288965 0 -3.2 0.243172 -0.81899 -0.519733
28.4923 -20.1325 310.541 0.325996 0 -4.5 0.110001 0.565377 0.817465
-2.26175 -18.2745 353.292 -2.68978 -0.818116 -3.5 0.591295 -0.587704 -0.552245
5.44487 -1.22925 318.71 -0.516111 -0.388406 -3.93936 0.95856 -0.197826 -0.205008
19.7647 -23.776 329.96 0.490009 0.18428 -1.79592 -0.247509 -0.771173 0.586542
14.3506 -24.6231 324.234 -0.038405 0.224681 -3.5 -0.70887 -0.677548 -0.19604
40.0279 -2.26962 348.477 -0.17181 0 3.8 0.496934 0.338838 0.798903
25.495 17.9265 342.413 -2.44427 -0.231896 -3.5 -0.334599 -0.163311 0.928102
-5.605 3.243 337.688 -0.746373 0 -3.92762 0.418416 -0.828252 -0.372729
10.7389 -13.5546 366.064 -0.532106 0 -3.5 0.271271 -0.547654 0.79151
20.071 10.7505 340.473 0.0775545 0 -4.5 -0.63001 0.586464 -0.509066
-10.9196 -12.4561 352.525 -1.7496 -0.687356 -1.11045 -0.549809 0.834063 -0.0452718
4.83525 0.04875 358.026 0.00700831 0 3.8 -0.588684 0.735564 -0.335255
45.2918 -3.77325 320.848 0.0647162 0 2.8 0.107628 0.148321 -0.983065
22.2649 -1.80225 355.862 0.411661 0.832054 -3.5 0.757413 0.643582 -0.110123
3.94325 -8.4615 340.902 -0.342294 0 1.9 0.71422 -0.163465 -0.680565
46.7226 -22.2087 333.94 1.40707 0.124849 -3.9 0.799837 -0.0522559 0.597939
-3.56356 -5.53844 327.189 0.760807 0.746476 -0.4 -0.0398288 -0.54106 0.84004
31.7795 -12.98 335.914 -0.19805 0 -3.5 -0.181369 -0.789951 0.585733
17.1427 -14.5024 337.326 1.8117 0 -3.9 0.454487 -0.815081 0.359283
17.6068 -3.43613 341.209 -0.423843 0 -0.7 0.747009 -0.181309 -0.639613
19.0198 -12.887 321.542 0.139241 0 -3.2248 0.109769 0.150959 -0.982427
28.8811 -10.4847 312.609 0.224695 0 -1.6 0.345363 0.933316 -0.098209
2.86169 11.065 331.257 -0.490758 0 -0.8 0.934894 -0.158784 -0.317427
47.6743 -20.8137 323.659 0.178468 0 -3.9 0.347005 -0.714645 -0.607346
22.6686 4.12891 309.814 -0.144578 0 1.8 0.00033233 -0.174869 -0.984592
31.3155 -24.7138 311.853 0.845469 0 -4.5 0.663942 -0.745724 0.0554612
11.4404 -18.2146 321.875 -0.289644 0 0.542158 -0.161794 0.444221 -0.881187
17.513 4.537 327.084 0.078733 0 -4.5 -0.508217 0.136232 0.850386
35.543 -22.1955 333.029 0.577406 0.664816 1.8 -0.180473 0.806148 0.56352
-16.4462 -0.681813 332.689 1.51238 0 -3.9 -0.895592 0.0939908 0.434834
20.1331 -0.751813 356.073 0.280399 0 -3.5 0.688608 0.656618 0.307689
3.16169 4.58975 343.322 0.0600507 0 -1.6 -0.113721 -0.985555 0.125497
23.0153 7.8275 358.052 0.185249 0 -1.6 0.967656 -0.209288 -0.140854
21.027 -16.247 318.931 -0.141631 0 4.2 -0.697093 0.34601 0.627964
22.4205 -9.45588 337.308 -0.414613 0 -0.8 -0.12239 0.467244 0.875616
15.5466 2.15194 335.545 0.967023 0.0529958 -1.4681 0.886131 0.415066 -0.206137
40.3033 11.8766 319.805 0.122828 0 -3.5 0.800104 -0.449767 -0.396916
49.9416 -17.1086 330.228 0.0559644 0 -3.5 0.387373 0.318323 0.865224
28.3549 14.793 336.116 0.195977 0 -0.4 -0.418736 0.879225 -0.227207
-3.59262 -13.8348 349.779 -0.363457 0 4.2 0.430704 -0.710893 -0.55599
16.9015 6.062 358.846 -0.780595 -0.021832 -1.40181 -0.352291 0.933784 0.0627559
32.348 -0.202812 348.134 -0.371737 -0.233296 -0.8 -0.614395 -0.409215 0.674582
3.996 -17.3203 330.811 0.432391 0 -3.9 -0.313305 -0.946578 -0.0763568
39.6989 -25.8591 331.524 -0.184707 0.0898505 -3.5 0.330137 -0.84663 0.417406
27.5718 -1.69981 334.345 -0.0298864 0 -1.3 -0.453277 -0.398822 0.797171
40.4788 -29.0302 327.92 0.122036 0 1.9 0.890994 -0.44864 -0.0696573
44.1133 7.36062 338.8 0.291789 0.0193012 -4.5 0.91518 -0.0692872 -0.397045
4.15231 -17.1618 329.537 0.261667 0 -3.9 -0.117911 -0.988271 0.0970449
47.878 -4.2135 328.372 0.314326 0 -3.5 0.116615 0.992798 0.0274414
31.0391 -12.538 311.267 0.842536 0 -4.5 -0.21779 -0.900847 -0.375555
21.6203 -7.76544 321.841 -0.159902 0 4.5 -0.364145 -0.648811 -0.668164
19.6143 6.13137 337.675 -0.865781 -0.780247 -0.4 0.798827 -0.176764 -0.575004
21.5559 7.70541 364.088 2.23048 0 -3.9 0.995735 -0.0555643 0.0736576
22.2097 0.30725 319.791 -0.89933 0 -3.5 -0.856081 0.512466 0.0671084
15.9685 -7.62169 345.793 2.7728 0 -3.9 0.417364 -0.626277 -0.658471
31.8022 10.7199 344.529 -0.534225 0 -3.5 0.103699 -0.52106 0.847197
37.6907 -26.4743 320.14 0.117575 0 -1.3 0.578536 -0.755164 0.308259
44.8011 -9.45856 321.905 0.0462343 0 2.8 0.798378 0.335967 -0.499719
19.0666 1.1515 361.516 0.113251 0 -1.6 -0.242149 -0.033048 0.969676
19.7841 -17.4543 312.547 -0.446011 0 -1.6 -0.908912 0.0912061 -0.406892
27.6236 4.47225 342.002 -2.78203 -0.421494 -3.5 -0.38758 -0.0826849 0.918121
7.081 6.757 342.245 0.140009 0 -1.6 0.876465 0.335644 0.345184
17.8131 -13.9706 315.003 0.81891 0 -4.5 -0.859617 -0.488546 0.149601
25.3256 5.14375 342.389 -1.78097 0 -1.3 0.696455 -0.150989 0.701536
41.4456 -5.87975 343.848 -1.36717 -0.811744 3.8 0.812567 -0.537866 0.224578
23.2271 -3.10313 345.259 -0.612891 0 -3.5 0.214633 -0.448338 -0.867713
2.73875 4.42494 323.83 0.358462 0 -3.9 -0.96713 0.240941 0.0812789
19.5542 -18.7733 317.552 -0.233027 -0.419665 -0.8 -0.952051 -0.196937 -0.234124
27.1746 -27.139 318.027 0.171113 0 -3.5 -0.888775 -0.414872 0.194833
34.4811 17.7972 318.946 0.238313 0 -1.6 -0.18068 0.980621 -0.0757403
45.1273 -4.08138 342.424 -0.296786 0 2.8 0.812214 -0.371471 0.449798
50.9158 -3.17669 324.032 -0.0436683 0 2.8 0.987299 -0.0450101 0.152366
22.0414 -26.6386 326.055 2.89529 0 1.8 0.0500797 -0.831219 0.553686
0.3635 -20.2975 328.085 0.0787865 0 -3.5 -0.72826 0.213173 0.651303
27.0495 -26.5859 318.886 0.157729 0 -3.5 -0.908356 -0.394486 0.138817
6.33906 -8.33963 341.943 -0.505779 0 -0.9 -0.0211142 -0.305915 -0.951825
-0.1955 1.606 363.901 -1.45417 -0.180154 -3.5 -0.0548378 0.806449 0.588755
-5.08225 1.365 339.453 0.288043 0 -4.5 -0.13402 -0.710727 -0.690583
18.408 7.8945 359.18 -1.40176 -0.799071 -1.6 -0.76271 0.64662 -0.0125125
40.2471 -1.11956 345.861 -0.157887 0 3.8 0.415936 0.632908 0.653012
18.2891 7.201 356.205 -0.321933 0 3.8 -0.737931 0.488649 0.465489
5.04944 2.53344 318.334 -0.335483 0 -3.78498 0.30119 0.412975 -0.859498
7.08544 -14.4357 347.146 -0.526501 0 -3.5 -0.284155 -0.934507 -0.214364
50.9693 -6.68062 325.792 0.122917 0 -3.5 0.931485 -0.363193 -0.0206425
17.4006 -8.75525 353.241 -0.277124 0 -0.7 0.383197 -0.794873 -0.470465
12.6399 -6.78438 363.829 -0.227048 0 -3.5 -0.177868 0.595921 0.783097
50.2894 -4.88225 323.023 -0.066514 0 -2.4222 0.790594 -0.163001 -0.590247
14.1865 -9.93775 342.918 -0.229576 0 -3.5 0.336419 -0.917251 0.213243
2.4195 8.7045 323.585 2.27479 0 -3.9 -0.85872 0.490942 -0.146889
7.39519 -10.9269 367.751 -0.579396 0 -3.5 -0.133784 0.478838 0.86765
20.08 -3.3735 313.342 -0.87702 0 -3.5 -0.622864 -0.0972589 -0.776261
35.134 15.0425 342.534 -0.94146 -0.343614 -3.5 0.368983 0.546998 0.751429
51.8637 -11.1407 338.105 0.539397 0 -4.5 0.59883 -0.207337 -0.773572
29.5796 3.90816 349.073 1.71202 0 -0.4 -0.725606 -0.59205 0.350675
29.4077 -10.2633 313.446 0.0365035 0 -1.6 0.291992 0.943808 -0.154811
20.0155 -9.7155 336.837 0.0830573 0.772078 -0.8 -0.354711 0.302835 0.884574
39.241 11.881 328.205 0.121857 0 -4.5 0.565075 -0.0439571 -0.823868
29.3614 15.4649 336.211 0.724282 0 -0.4 -0.333709 0.887622 -0.317436
26.0058 12.4153 344.483 -0.265995 0 -4.04009 0.225466 0.957338 0.180747
12.3686 8.30606 332.496 -0.295893 0 -4.5 0.773011 0.581325 -0.253999
20.1696 -0.827812 339.004 -0.8991 0 2.8 0.448534 -0.810664 -0.376353
32.48 1.9995 312.363 2.39151 0 -3.9 0.0940279 0.79305 -0.601856
24.98 17.3566 337.801 -0.235711 0 -3.5 -0.491057 0.262251 -0.830715
-9.55331 -10.734 351.815 -0.601019 -0.244955 0.137769 -0.904096 -0.0184412 -0.426931
24.4004 12.9925 344.538 -0.343663 0 -4.5 0.159104 0.972234 0.171603
22.7995 11.8245 335.362 0.131576 0 -0.7 -0.739886 -0.634631 -0.223186
2.19025 3.88956 322.705 0.238905 0 4.5 -0.728598 0.671665 0.134202
-0.456313 -0.99225 347.312 -1.80244 0 -1.07404 -0.622207 0.747769 -0.231735
-1.02025 -15.6024 363.949 -0.204133 0 -3.5 -0.47794 -0.455073 0.75132
9.64462 4.88181 324.238 -1.08822 0 -3.5 -0.843316 0.315798 0.434845
45.8869 -13.7668 324.039 -0.246729 0 3.12601 0.231728 0.121471 -0.965167
-6.2385 -9.8705 348.71 -1.57964 0 1.8 -0.00166964 0.16748 -0.985874
38.1039 7.54787 315.287 0.359253 0 -4.45792 -0.552829 -0.0863026 -0.828814
23.2199 12.7472 345.237 -0.178179 0 -4.5 -0.169951 0.887637 0.42804
21.6276 12.7261 331.79 0.17251 0 -1.6 -0.989596 -0.104396 -0.0990029
31.7326 -25.667 328.383 -0.205104 -0.0977271 -3.5 0.630375 0.688059 -0.359448
30.2186 7.04725 312.702 0.748743 0 -4.5 0.089217 -0.145163 -0.985377
-15.0198 -1.35106 329.97 2.58757 0 -3.9 0.201878 -0.518143 -0.831127
22.8655 -17.1133 307.01 -0.581433 -0.0284529 -0.4 -0.52573 0.647099 -0.552151
28.7075 17.1208 326.851 -0.289501 0 -3.5 -0.786451 0.610946 0.0907708
44.426 -0.4865 346.969 0.114826 0.37883 -4.5 -0.128639 -0.987893 0.0867187
8.96769 7.44006 350.375 0.0471911 0 -3.9 -0.626704 0.379301 0.680714
46.7634 -17.623 319.866 0.267617 0 -3.9 0.573825 0.0726222 -0.815752
9.86656 6.72681 344.564 -0.38337 -0.474721 -0.8 -0.980701 0.190684 -0.0431866
37.3328 -4.91237 347.145 -0.126046 0 3.8 -0.0716272 -0.844715 0.530402
19.9972 -3.66975 351.483 -0.580089 -0.023296 -0.357197 0.835177 0.509634 0.206768
14.1874 -12.081 348.459 -0.222459 0 3.8 0.178844 -0.854164 0.488282
23.732 9.902 332.897 0.727318 0 -1.6 -0.700155 -0.207801 0.683083
31.7934 -21.9949 308.346 0.359241 0.21088 -4.5 0.967201 0.174698 -0.184397
17.8155 7.867 355.187 -0.349516 0 0.867298 -0.465561 0.816672 0.341029
17.7564 4.64325 336.418 0.478727 0 -0.4 0.0880427 -0.860425 -0.501913
26.8673 6.16819 350.263 -1.86315 -0.0762469 -3.5 0.655342 0.310855 0.688401
39.5 -2.423 319.194 0.0830162 0 1.8 0.662193 0.0910594 0.74378
20.7541 -2.55456 343.623 -0.200733 0 1.8 0.172557 -0.975028 -0.1398
29.8436 6.44494 345.963 -0.454262 0 -3.2 -0.930319 0.348932 0.112927
41.1231 8.86213 335.684 -0.56538 0 -3.5 0.333382 0.941627 0.0468553
27.2761 -13.6689 337.862 0.116169 0 -3.9 0.345617 -0.756223 0.555586
42.7706 -16.2204 317.869 0.0513163 0 -0.7 0.356091 -0.471432 -0.806816
23.3027 1.995 352.263 -0.112253 0 -3.40527 0.520504 -0.832744 0.188715
49.9149 -2.30387 325.719 0.184558 0 2.8 0.679245 0.365837 0.636231
-2.76125 16.0759 338.911 2.48486 0 -3.9 -0.792374 0.585204 -0.17228
-8.37675 6.51919 335.151 0.157509 0 -2.02509 -0.642353 0.758736 0.108177
-10.0449 5.05456 339.217 -0.138722 0 -3.5 -0.637712 0.0822203 0.765874
3.2965 -8.20075 319.868 -2.04382 -0.0183207 -3.5 -0.217626 -0.207697 -0.953678
55.3461 -12.2274 328.638 -0.73419 0 -3.2 0.720022 0.687499 -0.0944119
-15.5817 -0.145187 333.604 0.725799 0 -3.9 -0.65446 0.146583 0.741752
8.06962 -18.4792 359.405 0.0083391 0.0511487 -4.5 -0.0788169 -0.879826 -0.468716
20.58 4.12162 313.07 0.360986 0 1.8 -0.871948 0.220824 0.436971
16.1506 1.77863 337.066 0.815037 0 -1.6 0.614077 0.695651 -0.3728
34.5433 -1.32763 346.285 -0.333046 0 -0.8 -0.573015 -0.816487 -0.0707221
21.2586 -12.131 312.721 0.191211 0 -4.5 0.104785 0.760242 -0.641134
23.059 -18.7865 324.534 -0.0470323 0 -3.2 -0.104216 -0.668459 -0.736411
33.2362 -8.433 337.43 0.183725 0 1.9 -0.871337 0.0802038 0.484087
38.3358 13.9349 340.806 -1.45709 -0.269389 -3.5 0.997257 -0.0548713 0.0496776
9.91119 3.876 340.913 0.163044 0.396112 -3.5 0.288496 0.954648 0.0736002
20.3031 -19.1499 310.044 0.415463 0 -1.6 -0.897569 -0.140504 -0.417885
40.3609 -13.6205 316.317 -0.73727 0 -0.7 0.616981 0.448822 -0.646447
-1.94687 -8.63175 328.836 -0.0452652 0 3.63185 -0.998229 -0.0251777 -0.0539027
26.3596 -22.6189 325.597 -0.635788 0 -3.5 0.00388327 -0.969623 0.244574
-5.32837 -17.6382 355.673 -0.697118 0 -3.5 -0.221222 -0.908185 0.355332
34.5148 -7.52275 310.462 -0.49652 -0.215115 -3.5 -0.483876 0.867673 -0.114048
37.3396 6.35213 350.518 -0.18855 0 -0.8 0.537584 0.598185 0.594287
20.27 -6.99375 351.875 -0.656581 -0.837882 -0.7 0.420012 -0.826318 -0.375219
9.24662 5.77462 345.074 0.0854818 0 3.8 -0.71196 0.684443 -0.157004
24.1968 11.2774 325.988 -0.589513 0 -3.28582 -0.940894 -0.314881 0.124771
15.096 -8.59925 323.988 -0.704976 0 3.96077 0.311787 0.218579 -0.924669
7.37 3.36925 321.212 0.259145 0 -3.9 0.766478 0.391141 -0.509431
53.5606 -18.2931 325.347 -0.0610185 0 1.8 0.924501 -0.36048 0.123902
-1.52006 -1.83438 346.601 -1.82133 0.167567 -3.40855 -0.487473 0.871035 0.0605655
11.6338 9.42531 336.909 -0.432783 0 -3.5 0.0130169 0.99314 -0.116202
-1.16531 8.04094 329.52 -0.544676 -0.571712 0.33407 0.0932623 0.346692 -0.933331
35.6846 12.9276 342.877 -0.319585 0 -0.9 0.196883 0.461992 0.864755
19.9695 -10.1317 322.603 -0.436691 0 1.24407 -0.122761 0.262627 -0.957056
20.935 -8.71688 318.158 0.473207 0 -4.5 -0.49869 -0.528529 0.686998
16.4242 3.74575 337.75 -0.306327 0 -0.7 0.592856 -0.46501 -0.657486
20.3913 8.84587 352.373 -0.900464 -0.852526 -0.4 0.0218202 0.976254 -0.215527
-3.414 1.6825 337.74 -0.135372 0 -0.9 -0.937888 -0.29113 -0.188704
6.28 -5.529 340.987 0.280028 0.473487 -4.5 -0.271461 -0.647573 -0.71201
-9.25037 -9.8975 351.091 -0.313144 0 1.8 -0.758509 -0.213503 -0.615695
15.8015 -10.5667 361.337 -2.46582 -0.522155 -3.5 0.698362 0.383033 0.604629
5.90181 -14.2331 350.514 -0.778312 -0.313285 -2.8044 -0.716757 -0.115031 -0.68777
1.39725 -6.17525 319.203 0.241658 0 -4.5 -0.369777 -0.666844 -0.64698
18.3001 -8.40925 354.426 -0.352239 0 -0.7 0.636144 -0.680903 0.362894
-3.25075 -8.18381 348.655 -0.395543 0 -3.2 0.162341 -0.452209 -0.877013
46.2415 -20.8994 323.104 0.155576 0 -2.29006 0.608765 -0.594172 -0.525704
28.1081 -27.0179 330.444 2.6176 0 -3.9 -0.43931 -0.818681 0.369821
7.37556 2.67669 341.52 -0.261118 0 -3.5 -0.967954 -0.0654904 0.24244
51.271 -7.169 334.439 0.0476201 0 -3.90011 0.966105 0.124809 0.225974
25.5814 3.18863 350.091 -0.680797 0 -3.5 0.691671 -0.714368 -0.106159
13.64 -9.95813 344.801 -0.29073 0 3.95703 0.568466 -0.759471 -0.316306
24.1809 -4.83588 348.789 -1.07626 0 -3.5 0.552655 -0.48302 0.679164
4.98175 -16.1243 360.12 0.692294 0.0361828 -2.03519 -0.476881 -0.857208 -0.194369
6.23863 -3.46925 364.134 0.15717 0 -4.5 0.683873 0.449061 0.575032
30.9932 7.12925 346.238 -0.606535 0 -3.2 -0.300476 0.84946 0.433742
27.7039 -2.82113 334.249 -0.124939 0 2.8 -0.76879 0.072521 0.635375
23.2954 -7.8435 321.565 -0.156413 0 4.5 -0.00665067 -0.777002 -0.629463
21.3538 -4.44144 350.46 -0.447274 -0.240281 -2.75725 0.912025 0.159587 0.377813
50.1241 -10.1816 332.487 0.178818 0 -3.5 0.40392 -0.638684 0.654928
-2.56469 -1.537 352.292 -0.196419 0.204908 -3.2 -0.53914 0.814054 -0.215973
21.3741 -3.08431 344.677 -0.511038 0 -3.5 0.184719 -0.762515 -0.62004
23.9245 -24.4347 310.431 0.0389135 0 1.09099 -0.181559 -0.209401 -0.960826
37.6143 -18.1391 335.564 -0.158078 0 0.315856 -0.879212 -0.123061 0.460263
3.76275 -10.7021 345.651 -0.77202 0.238458 -3.95843 -0.914193 -0.400494 0.0620945
20.8022 -13.7568 319.718 -0.0565683 0 4.2 -0.953445 -0.120648 -0.27638
-11.6165 3.473 333.255 1.3753 0 -3.9 -0.281552 0.879165 -0.384445
2.13387 7.8485 327.472 0.214019 0 -3.5 -0.864929 0.36919 -0.339994
18.5101 8.80562 340.194 -0.226869 0 -4.5 -0.43246 0.773366 -0.463555
3.4775 10.3796 333.385 -0.436944 0 -2.19003 0.780476 0.592027 -0.200903
9.67731 5.57219 339.264 -1.25314 -0.25588 -4.5 0.412697 0.451775 0.790936
45.0308 -24.8487 333.184 1.8629 0.202688 -3.9 -0.0591743 -0.930154 0.362371
38.6908 10.7904 337.661 0.434066 0 -4.5 0.677335 0.712576 -0.182901
18.8605 -18.3975 334.712 0.590373 0 -4.5 -0.548768 -0.703843 0.451064
48.9558 -4.23831 335.544 0.103099 0 -3.99439 0.825197 0.546263 0.14369
17.296 -15.7015 319.716 -0.872917 0 -3.5 0.776334 -0.31647 -0.545117
-10.3018 -16.2865 359.525 -0.176667 0 -3.2 -0.907904 0.366785 0.202926
7.02881 -9.45212 342.404 -0.771361 0 4.2 -0.257462 -0.234792 -0.937329
48.4196 -3.96038 337.122 -0.579499 0 -4.46595 0.719213 0.673518 -0.170605
-4.32581 5.29063 330.157 -1.17728 0 -0.7 -0.588616 0.369491 -0.719032
-2.59656 -0.18325 353.816 -0.381115 0 -0.9 -0.266101 0.471679 -0.84066
0.0583125 12.9787 332.803 0.203827 0.354739 -0.8 -0.346534 0.932027 -0.10602
17.4578 -11.7835 315.813 0.0895078 0 -4.5 -0.838605 -0.299159 0.455242
52.9958 -10.3343 327.687 -0.313888 0 -3.2 0.431313 0.79144 -0.433119
50.62 -6.2605 329.243 0.17179 0 -3.5 0.781701 0.617962 -0.084058
-6.35925 5.371 340.436 0.0758874 0.0494904 -4.03297 -0.242667 0.294437 0.924348
-5.50844 -3.91525 333.806 0.0585928 0 -3.5 0.155843 0.347992 0.924453
13.2773 -7.63925 322.737 -0.505672 0 -1.3 0.26346 0.114784 -0.957817
32.059 8.254 312.52 0.231595 0.537908 -4.5 0.172997 -0.0134235 -0.984831
-4.24925 -6.56862 321.112 -0.384599 -0.0851323 -2.91891 0.00672379 -0.700698 -0.713426
4.11688 -10.7957 343.659 -0.869558 -0.768196 -3.5 -0.665951 -0.705552 -0.242294
27.6154 -8.207 309.029 -0.590345 0 -3.5 0.20194 0.971801 0.121751
37.7518 -19.2297 336.855 -0.0904197 0 -0.7 -0.821287 0.481084 0.306669
47.3976 -17.2476 332.05 0.0749888 0 -2.90696 0.710639 0.248454 0.658227
2.66313 -9.356 365.717 -0.279255 0 -4.5 -0.370476 0.227081 0.900656
24.5432 -23.9352 321.733 -0.138763 0 -2.69316 -0.43925 -0.895507 -0.0715973
35.6855 16.4324 324.188 0.0751029 0 -0.4 0.45986 0.784366 0.416291
3.0505 -15.9226 332.661 0.907612 0 -3.9 -0.849621 -0.167835 0.499975
-3.35363 5.33813 341.712 0.307274 0.0873759 -3.47032 -0.37836 0.281661 0.881766
-2.43956 10.7854 332.934 -0.224378 0 -0.712479 -0.189499 0.761224 -0.620183
-1.56062 -0.816875 363.537 -2.14405 0 -3.5 -0.793401 -0.256662 0.551942
-11.1055 -17.362 353.048 0.288452 0 -3.5 -0.119726 -0.992795 0.00495129
16.0559 -12.8438 358.116 -0.894507 -0.0293758 -3.5 0.535932 -0.202254 -0.819677
30.8086 -14.7158 334.71 0.0205152 0.203416 -0.9 0.30567 -0.127319 0.943587
3.11588 9.65819 326.644 -1.17749 0 -3.5 -0.926436 0.376199 -0.01383
3.41931 -0.575437 364.101 -0.0248567 0 -4.5 0.523613 0.809266 -0.266302
26.0962 -23.5562 307.929 -1.28513 -0.393776 -3.5 -0.887471 0.0317748 -0.459768
20.8844 -10.9939 317.619 0.204296 0 2.40358 -0.766943 -0.0458972 0.640072
-2.35063 7.65037 329.435 -0.274592 0 -0.7 -0.11639 0.0263931 -0.992853
20.5676 -4.03312 353.183 -0.212453 -0.138251 -1.18617 0.851389 0.482326 -0.206151
12.2106 -7.75362 335.001 -0.795427 0 -1.3 -0.151446 -0.64512 0.748922
2.53925 0.87475 315.453 -0.726496 0 -3.5 0.66511 -0.00715477 -0.746711
28.4732 7.983 315.885 0.31849 0 -4.5 -0.583523 0.744192 0.325084
22.72 13.0635 326.313 -1.81245 -0.0617834 -3.5 -0.946414 -0.229838 0.226883
-6.71475 4.40756 340.625 0.224744 0 -4.02599 -0.374829 0.0324929 0.926524
46.9949 -19.4697 321.236 0.236893 0 -3.9 0.444142 -0.72284 -0.529376
22.7178 8.37825 356.321 -0.0787115 0 -1.6 0.870514 -0.159528 -0.46557
24.5077 -22.0633 320.446 -0.689996 0 -3.2 -0.90372 -0.173571 0.391361
24.5929 -11.3748 308.114 0.891016 0 -3.5 -0.69173 0.298154 -0.657733
18.0895 -6.749 355.547 -0.54263 0 -0.7 -0.0986443 -0.104473 0.989624
38.9655 -1.12956 320.02 0.271059 0 -3.9 0.812061 -0.475867 0.337797
22.2776 5.97125 318.539 -1.7495 -0.516282 -3.5 -0.883003 0.0771209 -0.462988
0.72675 -3.01187 318.135 -0.195389 0 -4.5 -0.88805 0.0322951 -0.45861
-4.44663 -15.0419 361.321 0.116024 0 -1.91619 -0.132024 -0.140166 0.981286
19.7688 -1.79288 340.762 -0.757149 0 1.8 0.0481709 -0.760018 -0.648115
15.2441 -17.6426 321.315 -1.09628 0 -3.5 0.392929 -0.779177 -0.488354
30.5265 15.6517 335.613 0.496 0 -3.5 -0.406264 0.881722 -0.239824
13.7122 9.27781 338.581 -1.50455 0 -3.5 0.262651 0.870939 0.415308
35.5654 6.76737 316.047 0.00165936 0 -1.94356 0.184949 -0.0522334 -0.981359
37.9098 -10.5831 311.449 0.298361 0 -3.5 0.866848 -0.139108 -0.478772
-8.7415 -4.6195 330.757 -1.25424 0 -3.5 -0.576719 0.253801 -0.776518
10.8195 -10.534 335.539 -0.314625 0 -3.9 0.700772 0.626292 0.34158
48.17 -4.109 329.341 -0.0501226 0 -3.5 0.231272 0.869078 -0.437284
44.0151 -7.48462 339.721 -0.547309 0 3.8 0.408356 0.168337 0.897166
19.273 -17.5395 320.38 -0.192308 0.166195 -1.01559 -0.400506 0.696865 -0.594957
51.7183 -12.544 340.044 0.804574 0 -4.5 0.735244 -0.633221 0.241759
4.78662 9.62444 333.443 -0.173921 0 -3.5 0.27363 0.951252 -0.142286
5.59156 1.84344 344.75 -0.641484 0 3.8 -0.775415 -0.0853935 -0.625651
31.9966 -5.43113 340.017 0.532303 0 -4.5 -0.693917 -0.191416 0.694146
23.1269 13.5049 338.373 -0.213367 0 -0.7 -0.740855 0.60066 0.300568
38.6862 10.9721 336.564 -0.0212426 0 -4.5 0.847514 0.490195 0.203542
29.0243 5.57 342.786 -1.88136 0 -3.5 -0.64735 -0.199715 0.735562
0.110813 11.8205 338.914 -0.353842 0 -3.9 0.928974 -0.350128 0.12007
10.8489 4.94425 354.708 -0.28591 0 -0.7 -0.183075 0.933423 0.308552
-3.42444 -4.3435 360.015 -0.835135 0 -0.9 -0.857763 -0.252648 0.447673
-5.22725 8.57419 340.411 0.282872 0.00270431 -3.5 -0.641249 0.229569 0.732187
24.7987 -19.522 323.703 -1.02844 -0.0337048 -3.5 -0.918404 -0.0661204 -0.390081
36.2728 14.9595 326.461 -0.258707 0.104245 -4.21879 0.657893 0.690526 -0.300584
40.4775 5.2495 325.484 0.824937 0 -3.9 0.753976 0.600568 -0.266156
44.0892 -23.5269 334.673 2.88904 0.277418 -3.9 -0.342071 -0.451545 0.824072
11.113 -0.327 321.541 -0.517725 -0.0867918 -0.233512 0.155972 -0.4252 -0.891559
51.1141 -10.6779 326.025 -0.985747 -0.47251 1.8 0.0505352 0.870954 -0.488759
2.721 9.7755 329.414 -0.398019 0 -2.15819 0.267716 0.9376 -0.221887
33.9423 -26.5221 330.806 -0.180921 0 -3.5 -0.681686 -0.277244 0.677082
27.8452 -5.541 315.47 0.133964 0 -0.8 0.672787 -0.307477 -0.672915
5.726 9.2955 331.932 -0.613186 0 2.8 -0.60989 0.763445 -0.212569
30.3905 -10.4829 312.888 0.330345 0 -3.28271 -0.179889 0.981102 -0.0712613
37.9346 -17.1056 314.601 0.248406 -0.716375 -0.557829 0.292216 -0.561167 -0.774404
3.70287 -4.35288 366.502 -0.200382 0 -4.5 -0.100907 -0.706817 0.700163
37.1722 -5.7445 312.591 0.1644 0 -3.5 0.30653 0.806209 -0.50603
10.7647 -8.86637 320.81 -0.502575 0 -3.5 0.338822 0.614764 -0.712225
24.1769 9.78406 323.347 -0.624509 -0.660281 -1.6 -0.731536 0.25715 -0.63145
17.9325 -3.02775 321.937 -0.191318 0 -3.2 0.837131 -0.544907 0.0478333
37.3558 -6.38513 311.826 0.221343 0 -3.5 0.247258 0.769325 -0.589069
3.37925 2.6005 353.644 0.24506 0.310075 0.0461887 -0.369747 0.493208 0.787422
15.5732 -9.91663 341.757 -0.149283 0 -3.5 0.487136 -0.719777 0.494591
-2.16475 -8.52238 348.971 -0.58853 0 -0.7 -0.0965146 -0.278516 -0.95557
-4.22494 -9.70512 348.883 -0.634812 0 4.2 0.159117 0.26359 -0.951421
18.1309 -2.2265 358.159 -0.0981464 0 -2.81561 -0.0937688 -0.803498 0.587876
32.1946 0.43625 344.976 -0.0759589 0 -0.8 -0.420196 -0.749356 -0.511763
24.0099 -8.92244 322.145 -0.132281 0 -0.7 -0.398852 -0.144148 -0.905615
23.0362 -0.59025 342.523 -0.786815 -0.302246 -3.5 0.757068 -0.539253 0.368856
49.1535 -18.3734 331.36 -0.445416 0 -3.5 0.53359 0.357505 0.766467
-10.2803 -15.9712 357.01 -0.0770512 0 -3.2 -0.872911 -0.148658 0.46468
9.16219 -20.7176 329.816 0.296153 0 3.38201 -0.184681 -0.518633 0.834813
29.3869 5.97944 343.657 -1.13478 0 -3.2 -0.875336 -0.294926 0.383153
23.2375 7.46275 336.047 0.53556 0 -0.7 -0.847 0.525589 -0.0796716
50.7873 -11.5153 337.255 0.467758 0 -4.5 0.727735 0.0951589 -0.679225
5.23063 -19.9284 355.302 -0.956495 -0.0212305 -3.5 -0.419577 0.346071 0.839161
20.7109 -0.09425 315.19 -0.478052 0 1.8 -0.914024 -0.0487499 0.40272
34.5725 -6.4545 313.491 0.200668 0 -3.5 -0.698952 0.388309 -0.600569
9.386 4.263 322.125 -0.524663 0 -3.5 -0.358157 0.508296 -0.783172
-1.0005 -5.54025 319.728 0.581391 0 -4.5 -0.3358 -0.460696 -0.821582
-7.75425 -15.1516 349.068 0.00147511 0 -0.8 0.332361 -0.367173 -0.868746
5.18725 3.80137 346.643 -0.611974 0 0.752496 -0.540916 0.837977 -0.0721405
20.9163 -20.7125 331.918 0.130652 0 4.5 0.0679935 -0.271734 0.959967
33.009 0.031125 311.416 1.37409 0 -3.9 0.039932 -0.0718675 -0.996615
6.38644 4.48663 319.305 -0.195702 0 -3.9 0.68117 0.267879 -0.681358
47.7129 -7.82062 339.943 0.000269772 0 -4.5 -0.591782 0.231467 0.772151
43.776 -3.5105 327.787 0.396687 0 3.8 0.961338 0.275127 -0.0115685
-0.7085 12.093 331.863 -0.163573 0 -0.8 -0.661249 0.724648 -0.194
3.45519 -14.7798 333.209 0.679323 0 -3.9 -0.775544 -0.159577 0.610791
46.812 -18.4299 334.972 0.251701 0.238499 -0.847937 0.729628 -0.570047 -0.377743
38.7964 9.07088 344.701 -0.473524 0 -0.9 0.34551 0.837355 0.423627
18.6544 4.76081 364.083 0.171601 0 -3.9 -0.173267 -0.751405 0.636687
7.26769 3.11169 342.801 -0.222334 0 -3.5 -0.841103 -0.202919 -0.501367
36.891 9.38306 345.605 -0.878169 0 -0.9 0.363441 0.657834 0.65967
5.8775 5.91813 325.156 0.0888018 0.667587 -3.56462 0.984788 0.107666 -0.136384
6.54175 -17.5386 360.478 0.206818 0 -4.5 -0.684737 -0.591298 -0.426031
-6.44506 -9.12875 361.477 -0.529297 0 -0.4 -0.736629 0.671064 -0.0839715
42.1834 2.58812 347.908 -1.06367 -0.473855 -3.5 -0.337532 -0.852616 0.398896
-3.327 -1.52363 335.524 -0.200237 0 -0.9 -0.919707 -0.280978 0.274209
17.5601 -20.6019 323.221 0.0896 0 -1.6 0.325708 -0.614195 -0.718803
6.29087 0.423875 343.236 -0.466873 0 -0.9 -0.495343 0.737927 -0.458365
48.4265 -13.8001 333.216 -0.381485 0 -1.80083 0.702069 -0.480983 -0.525124
32.2081 2.83812 349.193 0.976265 0 -0.685366 0.226912 -0.528287 0.818183
-7.406 6.985 339.994 0.238982 0 -3.5 -0.0987804 0.266341 0.958804
49.196 -1.01737 333.522 0.120668 0 1.8 0.621197 0.67365 0.400387
21.813 0.099 321.582 -0.83881 0 -3.663 -0.844727 -0.376211 -0.38066
4.1015 3.77425 318.743 -0.0859627 0 -3.9 -0.141305 0.480211 -0.865696
1.88412 3.71625 321.642 0.27973 0 -3.9 -0.903255 0.415541 -0.10703
28.3619 -9.0035 316.582 -0.0580903 0 2.8 0.710386 -0.0467638 -0.702257
7.02388 -23.0163 324.291 -0.366802 0 -0.8 0.692314 -0.602194 -0.397572
46.5617 -8.50619 339.679 -1.08437 0 -3.5 -0.153196 0.523045 0.838424
-4.06456 -1.43425 360.518 -1.48678 -0.179649 -3.5 -0.875481 -0.442776 0.193604
-11.8056 5.76388 336.592 -0.91001 -0.143299 -3.5 0.456385 0.879914 0.132152
7.2665 10.772 330.657 -0.439648 0 2.8 -0.417208 0.908592 0.0199399
-0.66325 12.8809 334.957 0.38671 0 -0.8 0.22214 0.97239 -0.0714938
13.575 3.512 360.063 -0.210232 0 3.8 -0.22761 0.249616 0.941215
-1.13956 -6.25063 366.009 -0.340713 0 -3.5 -0.428402 -0.308053 0.849456
14.8416 -10.3521 355.171 -0.435879 0 -0.7 0.0291894 -0.993188 -0.112805
6.5015 -1.7985 321.281 -0.525336 0 4.2 0.293803 -0.690845 -0.660615
9.25088 -12.6915 320.952 -0.612192 0 -3.5 0.590847 -0.603935 -0.534942
-3.96125 11.853 339.074 -0.364965 0 -3.59196 -0.810031 0.554537 0.190627
37.4179 -21.0836 333.92 -0.0731184 0 -0.246626 -0.901725 0.41884 0.107075
-2.37538 -9.39175 325.511 0.240613 0 3.8 -0.920607 -0.389549 0.0270901
11.4375 9.356 349.816 -0.151028 0 -3.9 0.603104 0.516668 0.607718
2.5685 -17.281 352.95 -0.838706 0 -3.5 -0.748399 -0.662852 0.022952
4.48838 -18.0566 332.841 1.39592 0 -3.9 -0.342572 -0.934228 -0.0993128
50.1294 -11.4534 330.741 0.786414 0.598975 -3.5 0.506199 -0.577296 0.640696
33.9423 -26.9244 327.046 -1.16607 0 -3.5 -0.380648 -0.84364 -0.378654
12.055 6.45119 329.43 -0.151104 0.245429 -4.5 0.717625 0.619384 -0.318397
5.41612 3.33888 339.29 -0.527157 0 -0.8 -0.252782 -0.446759 0.8582
8.56731 10.5017 332.802 -0.110722 0 2.8 0.304343 0.936401 0.174727
30.2934 -18.0774 315.893 0.22896 0 3.8 -0.633063 -0.53303 -0.561347
39.4098 -31.1965 326.117 0.352755 0 1.9 0.629321 -0.424355 -0.651059
-6.57681 -8.24919 335.752 0.809251 0 -3.9 -0.688243 -0.647852 0.326511
18.6537 -12.3615 316.582 0.0487961 0 -4.5 -0.490713 -0.229968 0.840426
27.3183 -28.7963 313.709 -0.0677652 0 -0.8 0.406338 -0.910505 -0.0766146
-0.84375 4.534 328.148 0.356017 0 2.8 -0.279774 0.145011 -0.949051
23.8717 -19.4376 324.976 -0.312354 0 -3.23394 -0.578704 -0.370426 -0.726558
20.1386 -0.889875 314.35 -0.306854 0 -3.5 -0.883262 0.370051 0.28794
17.226 -5.27175 319.297 -0.229758 0.844051 -4.5 -0.916386 -0.0922502 0.389522
41.1598 -21.851 335.156 0.348392 0.0802334 0.596701 0.414979 -0.737276 0.533119
3.10306 8.19769 339.2 -0.438994 -0.181564 -2.29204 -0.431669 0.901341 -0.0353074
-3.89862 2.56306 342.857 0.347219 0 -4.5 -0.421301 0.183886 0.888083
-2.83075 -5.12738 346.161 -1.14294 0 -3.2 -0.316837 -0.475826 -0.82049
34.9398 -6.87 312.427 -0.18678 -0.110514 -3.5 -0.728115 0.640045 -0.245336
33.6132 2.1135 312.627 1.37763 0 -3.9 0.360361 0.788083 -0.499064
41.1348 7.12325 318.953 0.313902 0 -4.5 0.537874 -0.192076 0.820852
19.8094 -15.6384 315.693 0.504861 0 -4.5 -0.652396 -0.337075 0.678793
21.839 1.58675 330.17 -0.827802 -0.112228 -3.5 -0.94722 0.204166 0.247164
16.996 -3.845 321.496 -0.259048 0 -3.2 0.282976 -0.929413 0.236887
20.7423 -10.5236 314.302 -0.430809 0 -4.5 0.233102 0.514691 -0.82508
24.8552 -23.1883 325.148 0.071084 0 -2.49251 0.676694 -0.620195 0.396791
32.7377 -19.0219 334.941 -1.17399 0 -3.5 0.717555 0.135879 0.68312
26.9807 13.7136 324.212 -0.350346 0 -3.5 0.0454324 0.281202 -0.958572
37.896 -18.4155 314.993 -0.423518 -0.978484 -0.7 0.314508 -0.179687 -0.932093
24.8445 1.68375 343.033 -1.8792 -0.00358315 -1.65111 0.869639 -0.473537 0.139609
28.449 -9.05262 306.988 -0.91638 0 -3.5 0.360081 0.618339 -0.698569
49.1429 -20.4361 324.417 -0.811586 0 -3.2 0.48551 -0.687449 -0.540087
43.5449 8.82213 334.971 -0.366809 0 -3.5 -0.0412331 0.996728 -0.069527
37.0773 -1.31037 347.686 -0.11315 0 3.8 -0.0157985 0.0584629 0.998165
9.67813 6.1555 343.701 -0.242434 -0.606943 0.955473 -0.727302 0.385363 -0.567915
49.9338 -18.0168 330.723 -0.213071 0 -3.5 0.494493 0.327498 0.805122
22.6092 -24.6065 329.082 0.202798 0 4.5 0.19558 -0.964018 0.180049
28.0034 -2.06456 312.239 -1.20739 -0.890477 -3.5 0.19204 -0.956028 -0.221654
39.234 5.29637 325.126 1.90233 0.114106 -3.9 0.375554 0.894584 -0.242236
-5.29869 1.97069 335.591 -0.25297 -0.457874 -0.786491 -0.0782743 -0.505692 0.859156
12.4351 7.61837 341.271 -0.585288 -0.891956 -1.02319 -0.721358 0.626553 -0.295082
35.4076 0.731625 312.944 0.542059 0 -3.9 0.572707 0.663999 -0.480741
40.0595 -10.6283 339.682 -0.389943 0 -3.5 -0.947349 -0.262259 -0.18371
2.52787 -6.91937 365.634 -0.182584 0 -3.5 0.226344 -0.170611 0.958989
16.8484 -5.7685 324.876 -0.555167 0 3.8 0.191568 0.195694 -0.961772
50.166 -4.18962 321.703 0.0368294 0 2.8 0.740922 -0.441023 -0.506491
39.5712 -15.0563 313.345 -0.0367333 0 4.2 0.777992 -0.103575 -0.619677
4.7315 8.5755 331.409 -0.967098 0 -3.5 -0.158348 0.969613 -0.186486
50.6446 -9.84363 342.152 0.463835 0 -4.5 0.0523513 -0.395743 0.916868
43.575 -20.7825 341.388 2.606 0.208815 -3.9 0.0845362 -0.98301 0.162927
23.7803 -1.5415 333.806 -0.647915 0 -1.3 0.268373 -0.553505 0.788421
17.1011 -6.84975 340.783 -0.543222 0 -3.5 0.994565 0.0638794 -0.0822198
5.46338 0.285875 356.193 -0.0946533 0 3.8 -0.867469 0.493366 0.0639325
47.7808 -13.0554 323.611 0.0817631 0 1.8 -0.330082 0.132449 -0.934614
12.6924 4.995 329.218 -0.401464 0 -1.3 0.712431 0.347098 0.60989
13.1386 -17.4428 321.987 -0.0762816 0 4.2 -0.492719 0.219045 -0.842168
1.89525 -0.870125 357.021 -0.391342 0 -0.9 0.0329771 0.999157 -0.0244332
41.5781 1.8875 328.69 0.869699 0 -1.21955 0.483344 0.0829848 -0.871488
43.583 7.254 332.902 -1.46279 -0.0287533 -3.5 -0.254519 0.471508 -0.844334
6.54287 -2.29675 322.274 -0.51164 0 4.2 0.404336 -0.764911 -0.501421
9.1795 -18.5518 360.251 0.340137 0 -4.5 0.447421 -0.670545 -0.591763
39.3936 -25.747 323.522 -1.10819 -0.237657 1.8 0.509548 -0.63517 -0.580448
21.4858 -2.643 354.689 -0.0439291 0 -3.5 0.706065 0.0742091 -0.704248
9.1805 -10.1067 337.118 -0.381555 0 1.59223 0.0619348 -0.642191 0.764038
17.3085 -4.43675 319.971 -0.33547 0.390837 -4.5 -0.7036 -0.705838 0.0820978
34.5095 6.8075 350.236 -1.7308 -0.958379 -0.8 -0.597112 0.79386 -0.115081
40.5666 5.52394 313.984 1.04456 0 -4.5 0.361786 -0.0288143 -0.931816
18.0052 -1.99444 330.249 0.546283 0.0256674 -0.8 0.286767 0.59376 0.751807
32.5239 -7.01531 337.126 0.448927 0 -0.818388 -0.46366 -0.434465 0.772178
33.9136 10.3745 314.922 -0.224959 0 -4.12328 0.0282966 0.795462 -0.605342
-0.05125 10.6923 340.637 -1.62997 -0.578964 -3.5 0.979178 -0.0172192 -0.202273
26.6536 -7.48175 313.767 -1.36969 -0.649537 -1.6 0.294209 0.555349 -0.777836
9.26631 -2.41931 323.438 -0.388371 0 -1.3 0.177623 -0.293574 -0.939289
28.9669 -9.98075 310.976 -1.04576 -0.190469 -3.41048 0.337528 0.749884 0.568989
21.603 -22.244 323.924 -0.0940012 0 1.8 -0.485099 0.612249 -0.624364
40.5911 14.048 322.699 -0.372169 0 -3.5 0.413423 0.0787181 0.90713
-0.301125 14.2704 338.056 1.52567 0 -3.9 0.82408 0.235474 -0.515213
-8.9315 6.72341 333.918 -0.0954105 0 -0.7 -0.673516 0.721909 0.158819
29.2381 -19.0966 333.098 -1.16284 0 -3.5 -0.87601 -0.346869 0.335095
26.589 13.8292 336.286 0.279597 0 -0.4 -0.217809 0.910925 -0.350392
35.2321 -26.728 332.654 0.190592 0 1.8 -0.545964 -0.801574 0.243725
30.9632 -10.5837 340.707 1.69291 0.161935 -3.9 0.937852 0.150088 -0.312902
19.1108 -12.4202 312.803 0.040878 0 -4.5 -0.573006 0.229798 -0.786675
38.4878 -10.1228 343.692 -0.306466 0 -3.5 -0.597242 -0.801109 -0.0390614
-10.217 0.933937 337.452 -1.01611 -0.455196 -3.5 -0.262367 -0.649024 0.714094
40.7072 10.0005 339.32 0.586488 0 -4.5 0.466456 0.856697 -0.220201
50.0486 -11.6119 341.546 0.905321 0 -4.5 0.138281 -0.33053 0.93361
41.6315 -27.5079 326.328 -0.461933 0 -3.5 0.373908 -0.818045 -0.43703
3.35569 -17.4069 354.251 -1.23665 0 -3.5 -0.747549 -0.0724685 0.660242
-6.2575 -14.6299 349.241 -0.254052 0 1.64626 0.112313 -0.41145 -0.904486
-8.67338 -2.6145 329.335 -1.48578 0 -3.5 -0.847421 -0.508714 0.151948
30.9127 -23.2578 324.718 -0.441767 0 -1.3 -0.617595 -0.342698 0.707908
36.0689 -24.234 335.004 -0.011295 0 1.8 0.139256 -0.142068 0.980013
40.791 -6.7665 344.806 -0.50549 -0.403355 3.8 0.548934 -0.128477 0.825933
9.75431 7.79025 328.606 -0.218314 0 2.8 0.585791 0.444822 -0.677482
26.2342 -3.857 332.714 -0.746071 0 2.8 -0.597787 0.0878079 0.796831
42.1141 -15.9374 341.164 0.518749 0 -3.9 -0.490715 0.271859 0.827823
25.975 -16.7885 312.634 0.0437878 0 -0.8 0.78752 -0.580906 -0.205817
8.40913 -11.4768 343.721 -1.17592 0 0.232507 0.484759 -0.601506 -0.634979
18.4973 5.39869 364.882 0.394734 0 -3.9 -0.270996 -0.643794 0.715605
7.22325 4.3695 354.027 -1.21976 0 -0.7 -0.269165 0.642714 0.717265
13.3458 -17.4704 363.433 -0.920811 0 -3.5 0.833704 -0.550209 0.0469843
-3.02813 -3.49213 337.778 -0.69222 0 -2.39776 -0.893471 0.448947 -0.012534
-9.14013 1.52006 327.603 -1.11157 0 -3.5 -0.492242 0.616418 -0.614594
-1.64237 7.8115 341.776 -0.789755 -0.390358 0.531165 0.141127 0.14409 0.97945
41.345 -20.5065 336.673 -0.63274 0 -0.7 0.487225 -0.67307 0.556407
0.8545 3.02794 321.952 0.104545 0 4.5 -0.615535 0.731534 -0.293213
18.4977 8.65969 355.89 -0.243399 0 -1.6 -0.821335 0.569384 0.0348112
42.1216 8.26062 337.878 0.328225 0 -4.09226 0.329112 0.929234 -0.167959
22.3022 -12.2643 312.634 0.0807501 0 -4.5 -0.412599 0.681112 -0.604854
39.6044 4.89731 319.509 -0.17349 0 -0.4 0.95746 -0.0254173 0.287444
11.9414 9.51319 332.876 -0.0835189 0 -4.5 0.777786 0.621243 0.09543
32.3279 6.07163 348.495 0.675391 -0.138104 -0.4 0.273167 0.950945 0.145203
14.7076 8.75181 338.395 -1.09783 0 -2.36218 0.303378 0.876557 0.373643
21.7239 12.7946 343.115 0.0579577 0 -4.5 -0.384365 0.921994 0.0468056
-8.38013 -18.2996 358.338 -0.329053 0 -3.2 0.0092552 -0.999507 -0.0299947
-1.95094 -1.73475 320.742 -0.899851 0 -4.5 -0.67569 0.735185 -0.0542767
37.9401 12.8886 323.176 0.617696 0 -1.66899 0.313347 0.181764 0.932081
36.6445 2.91963 350.571 0.661637 0.40074 -0.8 0.104879 -0.741005 0.663259
6.1295 -0.6845 341.461 0.178119 0 -4.5 -0.602274 0.787299 -0.132007
44.4455 4.92619 343.47 0.459315 0.220499 -4.5 0.861977 -0.309906 -0.401191
20.4713 3.25325 311.65 -0.154878 0 1.8 -0.890004 -0.455825 0.0107507
37.9548 -6.95262 344.763 0.532055 0 -4.5 0.403213 -0.113835 0.907998
7.92975 -18.955 362.201 -0.201209 0 -4.5 -0.232171 -0.961858 0.144656
9.975 -7.444 363.494 0.439315 0.50449 -0.7 -0.177644 0.10616 0.978352
41.2295 -6.54119 342.478 -0.296086 0 -4.5 0.904861 -0.388966 0.17301
52.7815 -7.49981 339.511 0.25256 0.378618 -4.5 0.714243 0.618924 -0.326789
13.6145 -14.0717 364.845 -0.448866 0 -3.5 0.641758 -0.289827 0.710033
25.607 -20.891 307.993 0.197211 0 -4.5 -0.643999 -0.568116 -0.512357
2.3165 -18.344 328.484 -0.0266924 0.686218 -3.5 -0.0186516 0.12064 0.992521
27.9355 12.9434 323.956 -0.248043 -0.0509512 -3.25735 -0.0336678 0.638085 -0.769229
42.8735 -20.4217 319.291 1.61891 -0.236624 -2.83209 0.270652 -0.554775 -0.786748
16.1479 -0.7265 330.472 0.1448 0 1.56573 0.640912 0.375583 0.669454
10.1195 -12.5177 351.895 -0.948914 0 -0.7 0.949811 0.312058 0.0218713
28.0114 -23.8927 305.731 -0.847828 -0.096052 -4.40151 -0.286494 -0.827212 -0.483366
31.5346 10.5317 316.416 0.100314 0 -4.5 -0.361161 0.93245 0.0100015
-2.63175 -7.76213 331.677 -0.221847 0 1.8 -0.854413 -0.383215 -0.350892
18.1759 6.869 358.114 -1.44581 -0.0629536 -1.6 -0.761921 0.62411 -0.173099
40.0448 2.55544 318.316 0.771314 0 -4.39049 0.978076 -0.194882 -0.0734092
19.7694 -9.73831 314.661 -0.172568 0 -4.5 0.201512 0.534031 -0.821099
-8.05688 -2.56463 324.23 -1.07006 -0.04722 -3.5 -0.692083 0.432063 -0.578224
26.7096 14.9076 332.964 0.248654 0 -0.9 -0.417505 0.820356 0.390775
-3.262 -4.90006 361.331 -0.43249 0.892171 -3.5 -0.995951 0.0200214 -0.0876442
42.0544 5.93762 316.351 1.03777 0 -4.5 0.949307 -0.28954 -0.122405
24.1611 -9.83306 313.689 0.02995 -0.432142 -2.57395 -0.779926 0.457789 -0.426784
-4.66838 -4.69462 330.799 0.181609 0 -3.5 0.181898 -0.764081 -0.618945
2.25119 -15.9414 354.877 -1.57984 -0.739645 4.2 -0.0939677 -0.931468 0.351478
-2.65419 -5.465 343.481 -1.73444 -0.527916 -3.5 -0.508981 -0.340285 0.790661
-3.74775 10.8444 332.447 -0.124387 0 -0.7 -0.0530059 0.920727 -0.386592
24.1564 -25.0024 326.804 0.475901 0 1.8 0.832854 -0.488087 0.261007
23.3214 -8.23425 314.673 0.0510278 0 -4.5 -0.384131 0.00427962 -0.923269
10.4545 -12.8085 349.928 -0.390308 -0.256543 2.40165 0.981064 -0.125548 0.147482
17.1751 5.58525 362.87 -0.117289 0 -3.9 -0.977225 -0.210332 0.0281445
51.459 -5.8405 331.692 -0.198626 0 -3.5 0.464028 0.884855 -0.0413597
0.786062 5.88025 342.645 0.239251 0 -1.6 -0.616649 -0.189095 0.764191
27.3605 -14.5138 307.576 -1.12394 0 -4.5 0.744732 0.405351 -0.530155
25.5408 14.2078 324.272 -0.776295 0 -3.5 -0.108452 0.394685 -0.912393
21.7442 -24.8304 314.554 0.406758 0 0.163563 -0.514743 -0.547477 0.659779
45.6984 4.12862 335.465 -0.140815 0 -0.4 0.841089 0.488702 0.231817
39.9601 -14.9196 338.948 0.0650995 0 -3.9 -0.912189 -0.180453 0.367897
24.7932 -2.05775 332.751 -0.771647 0 -1.3 0.0117579 -0.707952 0.706162
40.6321 4.0585 317.42 0.784277 0 -4.5 0.836949 -0.402741 0.370561
-10.5293 5.45437 336.616 0.583257 0 -3.5 -0.136973 0.982592 0.1255
49.0588 -22.4688 330.671 -1.68774 -0.909543 -3.5 0.566312 -0.596058 0.569214
32.3102 -25.9256 315.241 -0.333532 0 -3.36292 0.203728 -0.297047 -0.932876
37.994 11.5165 316.711 -1.22077 0 -3.5 0.835385 0.49339 -0.242279
-9.70337 -2.3665 326.37 -0.152498 0 -3.5 -0.941683 -0.25272 -0.222186
14.3252 8.60106 339.77 -1.07657 0 -3.5 -0.0586623 0.952457 0.298972
12.5206 5.10262 340.365 -0.401152 -0.0673621 1.49652 -0.885588 0.336785 0.319859
8.90012 -3.75863 363.634 -0.162691 0 -0.7 0.28722 0.615253 0.734145
22.3105 -12.0795 321.426 -0.259958 0 4.2 -0.239608 0.970868 -0.00188563
29.1895 -19.845 306.428 0.528975 0 -4.5 0.251759 0.766889 -0.590337
-15.9817 1.43813 330.944 1.95935 0.211794 -3.9 -0.493223 0.84917 -0.188789
30.311 14.1047 344.313 0.725242 0 -3.68728 -0.564096 0.254633 0.785467
22.9744 -9.60987 322.772 -0.139291 0 0.971255 -0.306575 -0.199921 -0.930615
34.5269 -5.42013 346.55 0.123102 0 -4.5 -0.396119 0.478381 0.783736
8.3935 -10.2295 319.002 -1.02587 0 -3.5 0.487986 0.0684474 -0.870164
-5.74019 -4.95113 337.389 2.86033 0.00782273 -3.9 -0.138769 0.719877 0.680088
20.689 1.63256 358.134 0.144276 0 -1.6 0.557767 -0.0641158 -0.827518
21.4608 10.0463 359.208 0.0126431 0 -1.6 0.109437 0.798639 0.591777
31.4926 17.9354 343.438 0.595774 0 -3.9 0.045945 0.976744 0.209426
8.39513 -9.825 338.271 -0.362087 0 -3.5 -0.170193 -0.804888 0.568497
1.85775 -9.3655 344.166 -0.212971 0 0.61388 -0.408152 -0.894271 0.183554
5.08462 -11.0819 320.292 -1.54376 0 -3.5 -0.785626 -0.612509 -0.0873156
36.287 -2.87313 313.732 0.193139 0 -3.9 0.745775 -0.100423 -0.658586
-5.55575 -9.051 364.242 -0.592287 -0.307263 -0.4 -0.561742 0.365833 0.742033
13.1721 5.46456 354.066 -0.329293 0 3.8 -0.448538 0.872785 -0.192509
52.6446 -10.2374 331.787 -0.566625 -0.123048 -3.5 0.167973 -0.627278 0.760466
32.4538 -21.9338 311.336 0.163911 0 -4.5 0.984615 0.163242 -0.062333
2.88225 2.64725 346.958 -1.10429 0 -3.2 -0.494819 0.524204 -0.693083
-2.4715 -3.81844 344.125 -1.00955 0 -3.5 -0.978872 -0.119047 0.166247
-4.44197 4.27597 329.069 -0.580292 0 -2.71332 -0.420328 0.898091 -0.129453
0.58675 2.24425 324.719 0.060721 0 4.5 -0.537234 0.825519 0.172914
46.1647 1.24063 332.048 0.103625 -0.994924 -0.7 0.97255 0.0735833 -0.220753
-7.722 -7.43425 331.432 -1.87732 -0.341486 -3.5 0.039712 -0.85 -0.525283
38.4142 -24.4165 334.269 -0.314335 -0.118708 1.8 0.360985 -0.376213 0.853319
34.8119 -26.8459 331.213 -0.221667 0 -2.64727 -0.658341 -0.522815 0.541527
33.3269 -16.1694 313.87 0.824827 -0.439431 -3.52515 -0.272234 -0.025136 -0.961903
41.4125 2.8925 323.851 2.28422 0 -3.9 0.923711 0.143542 0.355181
14.7393 -10.5437 345.688 -0.0537297 0 3.8 0.315298 -0.379646 -0.869745
27.2957 -2.71475 312.984 -0.187273 -0.773152 -3.39502 0.716973 -0.591084 -0.369552
0.84775 1.88 341.274 -0.329659 0.0562789 -4.05237 0.881033 0.340524 0.328366
40.0324 9.36369 334.135 -0.383694 0 -4.31746 0.725752 0.594297 -0.346547
43.572 -14.7633 320.634 -1.07172 0 -0.7 0.926715 0.366626 -0.0823631
27.6849 -17.457 315.651 0.194372 0 -0.8 0.588038 -0.63765 -0.497608
-0.910563 13.3913 336.179 0.0287881 0 -3.9 0.391315 0.806102 -0.443929
9.17313 -13.0083 367.255 -1.1301 -0.318978 -3.5 0.396691 -0.734662 0.550371
13.5379 -18.9034 353.694 -0.160112 0 -0.7 0.240101 -0.957675 0.158776
12.8043 -15.9934 364.943 -0.747101 0 -3.5 0.520758 -0.0867041 0.84929
-1.58563 -3.696 365.814 -0.375347 0 -3.5 -0.575075 0.598497 0.557755
40.193 0.943 319.103 0.366512 0 -3.9 0.772144 -0.0791887 -0.630495
19.1121 -24.7551 325.481 -0.208417 0 -2.47231 -0.282312 -0.658439 -0.69768
29.9741 -13.5011 313.504 0.237434 0 -1.6 0.0745181 -0.856755 -0.510311
5.7695 -2.188 366.647 -0.320905 0 -4.5 0.892729 0.426708 0.144758
38.5765 -11.0279 315.059 -0.0929514 0 1.36965 0.948299 0.27712 -0.154707
-1.26338 -12.5681 364.405 0.0131294 0 -3.5 -0.220922 -0.185818 0.957426
24.9141 -2.87188 347.398 -0.745164 0 -3.5 0.990185 0.138848 -0.0159491
30.4603 13.1678 321.467 -0.57202 0 -0.9 -0.711244 0.520878 -0.472035
47.3468 -15.5188 322.747 -0.0782179 0 -3.35251 0.0349481 0.723758 -0.689168
-6.85825 9.3125 333.945 -0.0662638 0 -0.4 -0.91352 0.190972 -0.35918
28.2507 -25.8585 331.804 0.887909 0 -3.9 -0.112421 -0.437991 0.891922
-8.10763 -5.35931 330.344 -1.00841 0 -3.5 -0.239244 -0.256855 -0.936369
12.9275 -1.6005 362.44 -0.307276 0 -0.7 0.63246 0.232176 0.738978
5.14456 -23.8572 323.31 -0.191484 0 -0.8 0.126887 -0.552297 -0.823934
24.6149 15.3569 329.63 -0.533642 -0.430359 -1.6 -0.274505 0.937042 -0.21587
0.295 -0.3775 356.148 -0.258729 0 -0.9 0.345439 0.919809 0.186074
14.879 8.4215 344.788 -2.09758 -0.437274 -0.8 -0.135862 0.989936 0.0395932
-1.06531 1.9135 342.529 0.175848 0 -4.5 0.491882 0.150557 0.857546
36.8644 5.40625 315.626 0.283696 0 -4.5 -0.363875 0.249592 -0.897385
52.7733 -9.08525 332.913 -0.269469 0 -3.5 0.231063 -0.513234 0.82656
32.282 -3.1825 340.207 -0.802081 0 -3.58075 -0.528551 -0.354354 0.771406
20.3854 -2.83325 353.523 0.0128824 0 -3.5 0.822476 0.0151313 -0.568599
-7.78525 -4.06962 329.458 -0.564875 0 -3.5 -0.687879 -0.706726 -0.165409
-2.059 -8.80037 330.173 -0.0906088 0 2.31437 -0.976 -0.185798 0.113589
29.4239 -26.4483 322.44 0.0111252 0 -3.5 -0.29399 -0.462512 0.836452
0.996938 -20.6163 323.17 -0.201121 0 -3.5 -0.45512 -0.326383 -0.828457
-10.0432 0.616 327.262 -0.0484768 0 -3.5 -0.763809 0.497258 -0.411497
18.6628 -6.31394 349.996 -0.418341 -0.165495 0.249133 0.386969 -0.907351 -0.164223
30.0268 16.6911 324.456 -1.36795 -0.814803 -3.5 -0.188373 0.684892 -0.703874
28.774 -23.0236 303.529 0.170829 0 -4.5 -0.114749 -0.308057 -0.944422
19.3209 0.776625 355.725 0.199504 0.126549 -3.42389 0.830958 0.294145 0.472216
44.0269 -25.2304 321.235 -0.00488736 0 -0.7 0.626278 -0.625433 -0.465414
35.6447 -5.39787 346.801 -0.113246 0 -0.0490217 -0.10994 -0.303976 0.946315
43.247 2.85212 339.56 -0.0456591 0 0.592409 0.915273 0.24965 0.31615
24.0449 -10.5589 320.196 -0.0753545 0 1.91702 -0.486462 0.756931 0.43636
35.0319 -11.5309 336.959 -0.176544 -0.0457339 -2.47604 0.469164 -0.492624 0.732944
30.9479 -19.4886 315.695 -0.435073 0 3.8 -0.969544 0.131195 -0.206815
21.1934 2.41425 337.285 -0.688219 0 -2.64439 -0.53014 0.706156 -0.469357
31.2208 -19.7272 311.475 0.956591 0.658897 -4.5 0.00325647 0.936992 -0.349336
34.9997 -27.453 315.644 -0.568613 0 -0.4 0.317957 -0.533414 -0.78382
39.5815 -6.881 317.534 0.703831 -0.450853 -0.7 0.813054 0.159483 -0.559919
35.522 -33.067 327.89 0.137211 0 1.9 -0.492065 -0.769752 0.406637
46.8959 0.228313 336.973 0.252864 0 -0.4 0.94504 0.195102 0.262363
31.8669 17.6339 341.919 0.271807 0 -3.9 0.248683 0.773018 -0.58361
4.77119 8.5585 342.684 0.125481 0 -1.6 -0.0347451 0.988501 0.147171
21.4215 1.01294 312.11 -0.562434 0 -2.48333 -0.636633 0.0660668 -0.768332
44.8934 -20.536 319.601 0.679901 0 -3.9 0.562161 -0.642913 -0.520229
14.1243 -23.67 322.323 0.115067 0.426175 -3.5 -0.183095 -0.884509 -0.429092
41.6572 7.07725 314.617 0.303552 0 -4.5 0.76598 -0.0635159 -0.639719
19.2201 -18.8249 314.773 0.271306 0 -1.6 -0.924856 -0.0417875 0.378014
7.602 -8.96525 363.753 -0.20592 0 -4.5 0.245436 0.753209 0.610277
43.842 1.276 348.588 -0.390177 0 -4.5 -0.857801 -0.473955 0.198858
49.6102 -3.39594 326.355 0.0411987 0 2.8 0.536113 0.588543 0.605145
43.6562 6.25256 344.826 0.381202 0 -4.5 0.355318 0.87994 0.315364
33.2233 16.8024 344.987 2.4916 0 -3.9 0.589126 0.637495 0.496518
8.0365 4.23425 341.818 -0.100387 0.256184 -3.5 0.570715 0.818906 0.0606384
38.186 -6.44513 315.361 0.23509 0 -2.41943 0.992272 0.0526418 -0.112362
50.338 -4.0045 325.463 0.0598652 0.189156 -2.92227 0.876009 0.346579 0.335397
15.324 -0.111437 332.332 -0.0736687 0 3.8 0.980366 0.196415 -0.0174255
21.2714 -4.38997 321.459 -0.501404 0 4.5 -0.714282 0.680715 0.162565
-0.660312 -11.5485 323.759 0.871781 0 -3.53281 -0.434316 -0.870569 -0.231256
0.82 13.1614 331.691 -0.249233 -0.204015 -0.8 -0.381596 0.894271 -0.233802
23.7377 0.4275 345.504 -0.0835713 0 -1.6 0.950399 -0.308523 0.0394302
-11.389 -17.1065 351.967 0.332569 0.657646 -3.5 -0.526437 -0.682485 -0.507029
53.0874 -9.51281 328.97 -1.45434 0 -3.25001 0.317556 0.445868 -0.836875
6.52012 5.73619 327.415 0.181707 0 -2.88645 0.871419 0.104785 -0.479216
-4.88069 -12.2207 362.964 -0.255726 -0.516037 -0.723866 -0.075325 -0.645652 0.759907
7.51075 4.288 325.668 -0.564633 0 -0.7 0.242408 0.888274 -0.390139
32.9488 -20.9406 313.02 0.0759285 0 -4.5 0.687547 -0.170543 -0.705829
20.8873 0.248125 360.692 0.412317 0 -1.6 0.846548 -0.293373 0.444172
42.3641 5.34613 329.595 0.114717 0 -0.7 0.498625 0.8323 -0.242178
2.124 -14.5988 350.588 -0.480611 0 4.2 0.626317 -0.493346 -0.603604
1.3825 -15.7109 361.528 -0.897514 -0.363617 -3.5 0.447293 -0.881445 -0.151606
30.9395 -21.0282 309.326 0.476821 0.179486 -4.5 0.641099 0.756513 -0.129153
35.925 16.3849 329.485 0.24704 0 -3.98088 0.635873 0.767649 -0.0798785
39.6432 6.32744 350.324 -0.213494 0 -3.5 -0.14534 0.279407 0.949109
5.16038 8.55225 323.809 2.43773 0 -3.9 0.798642 0.431343 -0.419659
11.1431 2.3935 321.38 -0.618794 0 -3.5 0.364025 0.0828097 -0.927701
44.4525 5.412 347.853 0.250377 0 -4.5 0.195329 0.879573 0.433817
-0.964875 -1.31963 345.403 -1.68216 0 -3.5 -0.482783 0.868775 0.110232
26.3904 -25.4806 329.648 0.641261 0 -3.9 -0.779542 -0.614844 0.119505
19.1411 8.79428 365.335 2.1275 0 -3.9 -0.471501 0.553058 0.686886
31.1335 -21.9856 304.956 0.326045 0.111969 -4.5 0.697188 0.0786543 -0.71256
44.4044 -17.8273 342.388 2.05785 0 -3.9 0.513815 0.444782 0.733596
53.7798 -11.9228 326.393 -0.173542 0 -3.2 0.577826 0.567006 -0.587044
11.841 6.745 325.23 -1.20324 -0.239308 -3.5 0.396125 0.891632 0.219265
20.9518 6.31738 323.961 0.18106 0 -4.5 -0.133006 0.978228 -0.159311
45.0979 1.45369 351.011 0.260092 0 -4.5 -0.0425113 -0.367234 0.929157
51.5419 -18.2371 322.953 0.00496403 0 1.8 0.00679995 0.0315653 -0.999479
37.4302 -28.1494 330.768 -0.0553305 -0.553532 0.760431 0.419269 -0.808616 0.41274
27.1896 7.36938 318.08 -0.269749 0 -3.57902 0.134087 0.930229 -0.341605
46.7535 3.4055 347.943 0.132001 0 -4.5 0.973224 0.0746306 0.217405
25.7861 3.19806 342.025 -1.37996 0 -2.58067 0.498756 -0.161127 0.851634
30.3875 -11.1315 337 0.0188221 0.199756 -3.5 0.314199 -0.257635 0.91373
21.5261 -9.29488 322.711 -0.267106 0 3.8 0.0225981 -0.287978 -0.95737
9.05513 -12.8359 344.7 -0.445135 0 -2.74602 0.340025 -0.524145 -0.780804
-6.60669 -17.5144 351.768 -0.705903 -0.0383204 -1.25317 0.478327 -0.685086 -0.549419
-2.93569 -9.35075 321.937 -0.0642692 0 -4.5 -0.8773 -0.438955 -0.194068
21.0315 -22.042 324.897 -0.222518 0 2.20149 -0.180634 0.720541 -0.669472
13.9023 -10.5746 338.99 -1.04312 0 -3.59777 -0.956932 -0.258777 0.131588
3.12663 -5.49825 336.526 -1.40557 0 4.2 -0.242341 -0.792951 0.559017
14.2516 6.26944 354.553 -0.303808 0 3.8 -0.57314 0.819284 -0.0168744
38.4881 -9.56763 313.302 0.545641 0 -3.5 0.979628 -0.189975 -0.0651056
2.92456 -7.03869 340.061 -0.890957 -0.551577 1.9 0.386114 -0.275698 -0.880288
41.6883 12.8816 321.241 -0.0609303 0 -3.5 0.912374 -0.409344 0.00333439
31.5505 9.65375 344.065 -0.594062 0 -3.47132 -0.108492 -0.0935277 0.989688
37.2381 -2.76894 314.889 0.479237 0 1.8 0.575142 0.181344 -0.7977
17.1478 -8.70325 347.582 0.819316 0.38327 0.295199 0.877128 -0.4306 0.212672
21.4814 -4.79581 354.763 -0.256136 0 -3.5 0.80395 -0.54867 -0.229402
7.9435 3.0755 358.721 -0.33107 0 3.8 -0.0379148 0.75122 0.658962
23.9317 14.8688 337.94 0.0853017 0 -3.5 -0.879457 0.472515 -0.0573221
-1.66862 -1.89062 322.628 -0.691367 0 -3.55622 -0.627046 0.739625 -0.244475
45.8153 6.17125 335.661 -0.660619 0 -3.5 0.836349 -0.301733 0.457686
-3.75325 -15.8947 361.375 0.0185741 0 -1.6 -0.224788 -0.508337 0.831303
12.1696 7.79262 339.969 -2.4283 -0.848243 -3.5 -0.746445 0.249237 0.61701
12.2472 -13.7428 365.453 -0.508963 0 -3.5 0.299884 -0.262445 0.917165
5.262 -4.27787 321.92 -0.612836 -0.189647 -1.85313 0.92999 0.296379 -0.217435
6.62988 5.48063 320.011 -0.249819 0 -3.9 0.842193 0.447637 -0.300553
27.7625 -14.8968 336.109 -0.993708 0 -3.83507 0.582029 -0.591523 0.557981
28.6632 -14.289 314.303 0.257476 0 -0.743442 0.260884 -0.695785 -0.669196
42.112 4.70687 328.728 0.981133 0.293832 -0.9 0.579585 0.307682 -0.754594
21.2415 5.95888 363.67 0.623167 0 -3.9 0.97381 -0.224116 0.0382922
34.9031 -28.5409 327.766 0.199965 0 -3.5 -0.730436 -0.513764 -0.45001
31.5698 -22.1456 331.083 -0.83515 -0.447014 -3.5 -0.00324731 -0.983358 0.18165
-0.592 -10.8325 348.674 -1.21978 -0.421042 -0.7 0.0346489 -0.45246 -0.891111
10.4718 -8.50875 336.241 -0.389614 0 -3.41268 0.877094 -0.38211 -0.29103
34.1691 7.333 314.706 0.299631 0 -4.5 0.786594 -0.413314 -0.458739
-14.6799 -1.632 333.815 0.572684 0 -3.9 -0.133803 -0.583077 0.801323
-6.71094 -6.06969 330.975 -1.34597 0 -3.5 0.366476 -0.549861 -0.750565
5.97331 -3.73784 365.782 0.136026 0.109009 -4.5 0.96951 -0.158612 0.186795
10.4773 9.73975 331.16 0.0139443 0.586858 -4.5 0.507466 0.709371 -0.489154
21.4482 5.907 362.23 0.167137 0 -3.9 0.997717 -0.0179937 0.0650958
16.8895 -1.02925 334.191 -0.0959271 0 -1.6 0.769474 0.404868 -0.493954
-3.82875 -1.58337 348.142 -0.312999 0 -3.2 -0.0135642 0.965453 0.260224
9.17537 -18.5267 352.035 -0.14423 0 -3.5 0.302928 -0.450066 -0.840045
21.0937 -5.67591 350.662 -0.709632 -0.884246 -0.7 0.663723 -0.669573 -0.333382
27.774 -28.077 318.238 0.0907326 0 -3.5 -0.703464 -0.665778 0.248751
1.84631 -2.65806 365.882 -0.544696 0 -4.5 -0.594262 -0.153173 0.789551
38.1809 7.89913 321.677 0.0812914 0 -0.581655 0.66352 -0.0328652 0.747436
22.658 -24.5218 315.645 0.158302 0 -0.4 -0.140073 -0.803165 0.579056
-7.8985 -2.58938 323.102 -1.84169 -0.908527 -3.5 -0.846934 0.530204 0.0398254
9.979 -0.327 321.75 -1.36896 -0 4.2 0.258679 -0.8285 -0.496662
30.1141 -21.3736 326.356 -0.456679 0 -1.3 0.398149 -0.841167 0.365944
7.95594 -19.492 357.205 -0.365561 -0.222679 -3.5 0.0687498 0.0324319 0.997107
-1.72837 -12.9937 325.703 -0.0436803 0 4.5 -0.363283 -0.811604 -0.45752
11.4779 10.1609 348.775 0.585376 0 -3.9 0.718963 0.400921 0.567763
32.3461 -16.9364 314.19 1.0981 0 -0.4 -0.485988 0.199565 -0.850875
19.3789 4.1265 363.681 0.000121499 0 -3.9 -0.078547 -0.765997 0.638028
-8.22062 7.34456 336.147 -0.0192275 0 -3.5 -0.844781 0.451026 -0.287958
29.8539 -20.3442 312.022 0.18895 0 -4.5 -0.660081 0.745775 0.0900757
-0.21525 -16.7752 357.61 -0.234306 0 -1.6 0.649514 -0.729831 -0.213254
25.7302 -9.09794 337.446 0.258104 0 -3.9 -0.0692077 0.990555 -0.118372
45.1339 -8.66775 324.779 -0.161629 0 2.8 0.757138 0.152127 -0.635295
-0.156625 -0.0929375 343.109 -0.897901 0 -3.62327 0.0952534 0.674011 0.732554
27.468 13.537 343.174 -1.04641 0 -3.5 -0.482015 0.579195 0.657415
33.1125 -7.361 341.555 -0.758188 -0.004435 -1.3 -0.970604 -0.0814765 0.226472
21.669 6.8605 325.456 0.192259 0 -4.5 -0.658579 0.732858 -0.170858
36.1905 14.0583 342.503 -1.35687 -0.16813 -3.5 0.122971 0.163486 0.978851
11.1135 -12.5705 348.451 -0.139463 0 3.8 0.374123 -0.853586 0.362523
8.391 -14.8734 347.466 -0.677301 0 -3.5 0.0445502 -0.845392 -0.532285
30.7964 4.89288 313.458 -0.568515 0 -4.5 0.484789 0.130212 -0.864884
47.0285 -2.70025 326.285 0.40559 0 2.8 -0.266254 0.561039 0.783801
38.8325 -3.10378 315.322 0.239038 0 1.8 0.417038 0.10308 -0.903025
29.3815 -9.62 337.313 0.00985415 0 -3.9 0.498433 0.866861 -0.0107723
1.24081 1.71463 349.449 0.038521 0 -3.2 -0.743868 0.668314 0.00412944
43.3156 1.223 323.206 0.390627 0 -0.4 0.333979 0.922264 0.194645
19.0042 -13.8057 316.239 0.742949 0 -4.5 -0.43459 -0.325295 0.83983
1.31581 -4.56806 366.155 -0.345979 0 -3.5 0.0662146 0.25795 0.963887
24.4434 -7.2015 320.099 -0.0101878 0 4.5 -0.387867 -0.911628 0.13599
42.0461 -4.3025 320.749 0.249367 0 4.2 0.0156174 0.449111 -0.89334
-4.157 -13.221 362.076 -0.18494 0 -1.33894 -0.137018 -0.62161 0.77125
-3.00741 9.05791 329.341 -0.24092 -0.508079 -0.7 -0.384477 0.149064 -0.91102
16.2335 -10.3433 358.62 -0.733691 0.0403483 -2.94777 0.851348 0.434008 -0.294693
34.9561 -4.12463 345.882 -0.00707561 0 3.8 -0.858743 0.325818 0.395478
4.18103 3.66866 353.334 0.0631496 0 -3.2 -0.346717 0.554064 0.756836
0.75025 -0.33225 314.958 -1.5528 -0.732131 -3.5 -0.0296151 -0.854189 -0.519119
-5.81163 -6.78862 357.366 -1.07592 0 -3.2 -0.675197 0.0106048 0.737562
-6.08813 -2.75413 319.997 -0.770512 0 -3.5 -0.0427529 0.818916 -0.572319
28.6166 3.1755 310.607 -0.0762149 0 -3.5 0.362476 0.364425 -0.857791
22.5044 -21.5492 318.638 -0.831851 0 -0.8 -0.452779 -0.669251 0.589148
24.0216 -0.963063 348.123 -0.488611 0 -3.5 0.629474 0.583303 0.513342
34.4762 -4.69944 314.352 0.193411 -0.0752504 -3.60298 -0.394659 -0.0103157 -0.91877
29.4494 17.9986 327.803 -0.130309 0 -3.5 -0.740626 0.662488 0.11217
1.22681 1.24969 364.296 -1.01238 -0.0244389 -3.5 0.301468 0.782518 0.544778
21.1646 -13.7264 318.605 -0.0828747 0 4.2 -0.981269 -0.185643 -0.0514675
44.5304 -10.7541 342.428 -0.282739 0 -3.5 0.273188 0.327633 0.904448
30.3381 -21.5623 328.93 -0.277527 0 -3.9 0.705258 -0.413668 -0.575751
16.3964 -2.00794 330.714 0.476682 0.148833 0.965943 0.494266 0.690242 0.528456
43.2006 4.68444 341.414 0.0949143 0 3.50487 0.923168 -0.353883 -0.15009
42.6259 -12.5325 343.386 -0.158224 0 -3.5 0.581624 -0.580175 0.570184
3.22062 2.39613 316.306 -0.560633 0 -3.5 0.615945 0.547774 -0.566176
50.2636 -8.17887 334.427 0.127386 0 -4.42042 0.591029 -0.725908 0.351771
44.65 -5.28237 321.175 0.611229 0 4.2 0.413333 -0.315231 -0.854275
24.633 0.236125 341.774 -1.84875 -0.215256 -3.5 0.736725 -0.511724 0.442012
3.04956 9.54356 324.912 -0.62667 0 -3.71565 -0.839332 0.538224 -0.0764012
38.279 13.6925 318.733 -0.0901217 0 -2.92123 0.441763 0.334805 -0.832316
22.8302 -25.7202 310.601 0.0984485 0 1.8 0.19736 -0.316503 -0.927833
7.9685 10.9626 331.95 -0.0859529 0 2.8 0.158571 0.982817 0.0944794
15.3701 7.42537 352.504 -0.259245 0 3.55009 -0.641379 0.752391 0.150137
4.17088 -16.8939 364.415 0.116532 0.066871 -4.5 0.329695 -0.791182 0.515104
15.1873 -6.38994 358.564 -0.623948 0 -3.05846 0.948542 0.0418453 0.313876
-0.144375 8.20731 329.868 -0.411647 0 2.8 0.0736788 0.66292 -0.745056
29.8283 -4.46425 336.772 0.666239 0 -4.5 -0.805822 -0.397251 0.439139
44.1267 7.20031 337.777 -0.0135824 0 -3.5 0.806711 -0.0543907 0.588438
9.896 -19.2542 333.104 0.172592 0 -0.7 -0.847574 -0.110133 0.519124
-1.98763 -3.59938 364.626 -0.343255 0 -3.5 -0.715653 0.504595 0.482934
21.6067 -5.14356 352.029 -0.160432 -0.243334 -0.7 0.957243 0.286678 -0.0387537
43.6911 5.16344 337.136 -0.0605562 0 -3.5 0.719877 -0.0252056 0.693644
-0.766437 -1.36975 365.182 -2.24975 -0.627079 -3.5 -0.642416 -0.283784 0.711876
46.6765 -20.2602 322.21 0.179707 0 -3.9 0.43639 -0.770741 -0.464243
15.3679 -4.36306 355.999 -1.18953 0 -3.2 0.888721 -0.457279 -0.0327283
29.2819 14.7044 334.471 -0.326982 0 -0.801076 -0.203154 0.964317 -0.169768
-2.36931 -16.5767 361.427 -0.192582 0 -2.49696 -0.485054 -0.725706 0.487927
3.45394 -19.7571 322.16 -0.475833 -0.507978 -1.33503 0.224605 0.0428789 -0.973506
20.0397 9.66669 358.767 -0.026207 0 -1.6 -0.621461 0.689108 0.372715
-1.19337 15.9993 337.632 1.83014 0.238916 -3.9 0.217922 0.737828 -0.638843
10.0406 -8.96587 339.639 0.227383 0 -3.5 0.123608 -0.953999 0.273145
31.737 11.928 319.612 -0.25922 0 -0.9 -0.499894 0.506864 -0.702279
28.6917 -17.7396 317.188 0.0547827 0 3.8 0.0413494 -0.792805 -0.60807
28.1887 -13.6014 311.199 -0.183233 0 -1.6 0.763969 -0.586015 -0.270069
31.1364 16.424 339.978 -0.216786 0 -3.9 0.378475 0.875897 -0.299267
5.489 3.141 344.253 -0.478026 0 3.8 -0.654579 -0.301632 -0.693214
-3.765 -6.6945 347.474 -0.478932 0 -3.2 0.0322686 -0.66002 -0.750554
28.2644 -15.5656 335.133 -0.6931 0 -0.9 0.301402 -0.294707 0.90681
9.14388 12.4855 347.625 1.96901 0 -3.9 -0.462028 0.71776 0.520913
28.5332 -16.9979 334.624 -0.611583 0 -0.9 -0.298461 -0.57925 0.758545
9.96275 -11.764 353.78 -0.615499 0 -0.804311 0.909333 -0.0620763 -0.411411
-8.6945 4.23475 340.277 0.500844 0.510616 -3.5 -0.436992 -0.383793 0.813474
-2.65675 -8.05962 364.955 -1.0227 -0.239467 -1.71725 -0.0626583 -0.127094 0.98991
39.3241 10.6777 335.078 0.0554992 0 -4.5 0.871569 0.417548 0.256944
23.7554 -0.872875 345.447 0.216081 0.0214544 -3.5 0.878652 0.112994 -0.4639
2.2985 -19.4955 329.059 0.221093 0.941443 -3.5 0.114231 0.470671 0.874883
9.64231 3.71894 325.24 -0.757903 0 -2.67936 -0.366662 0.925499 0.0949206
23.0459 -17.6779 319.594 -0.37574 0 -0.8 -0.588374 0.0118898 0.808501
-8.73612 -2.72937 333.416 -0.726422 0 -3.5 -0.364107 -0.11165 0.924641
24.9075 -24.6717 319.422 0.0539427 0 -3.2 -0.654317 -0.753456 0.0645997
32.0539 -24.9699 314.359 0.164857 0 -4.5 0.517979 -0.434496 -0.736824
21.6135 0.1495 348.997 -1.52562 0 -3.5 0.878901 -0.0638862 0.472706
48.0069 -14.8245 333.719 -0.967446 -0.403037 -4.5 0.593381 -0.551069 -0.586704
29.4538 -1.05912 339.818 -0.588353 -0.135401 -0.8 -0.807085 -0.295168 0.511361
-5.3105 -8.18519 363.197 -0.556847 0 -0.4 -0.453406 0.874798 0.170737
30.9125 6.53684 349.019 2.00023 0 -0.4 0.156 0.927735 0.339075
16.8542 5.53756 360.463 -0.575428 0 -3.9 -0.774568 0.551133 0.310318
45.7474 5.30994 348.139 0.856804 0.0635574 -4.5 0.376191 0.804436 0.459742
8.72475 -16.9914 364.904 -0.82526 0 -3.5 -0.263104 -0.225377 0.938073
17.934 -13.2275 338.655 2.93538 0 -3.9 0.805012 -0.200946 0.558191
20.3262 -5.01069 320.503 -0.358455 0 -2.67375 -0.452975 0.0757738 0.888297
-6.98275 -11.2153 362.323 -0.692282 0 -0.403101 -0.932726 0.0385135 0.358523
35.4861 -29.7924 327.605 0.177248 0 1.9 -0.910285 0.281516 -0.303531
11.0413 11.8329 348.582 0.714212 0 -3.9 0.53766 0.573712 0.61788
26.606 -21.9125 311.891 0.0586484 -0.352907 -3.5 0.229739 0.856802 0.46164
47.2522 -17.3393 334.696 0.14387 0 -0.8 0.73337 -0.487225 -0.47411
41.0624 11.6216 321.636 0.0394767 0 -3.5 0.732388 -0.628241 0.262528
6.7645 5.434 343.847 -0.0573147 0 3.8 0.412805 0.890436 0.191612
40.0579 4.37413 314.177 0.772351 0 -4.5 0.186935 -0.359939 -0.914057
13.127 -7.84069 335.833 -0.732004 0 -1.3 -0.412423 -0.884858 0.216642
51.0151 -10.8221 331.311 0.294268 0.00667134 -3.5 0.187336 -0.763556 0.61797
33.8735 14.4856 344.358 1.58353 0.101954 -3.9 0.863469 -0.34245 0.370338
23.3777 -25.7024 323.5 2.57398 0 1.8 0.70903 -0.301477 -0.637486
18.0112 -7.46125 337.026 -1.56071 -0.598699 -2.36377 0.942631 0.170279 0.287144
19.8242 7.8925 337.916 -0.143608 0.0026906 -4.03552 0.504516 0.467952 -0.725593
0.88275 -0.501437 343.727 -1.152 0 -3.79953 0.0684786 0.925025 0.373683
30.0684 -10.2536 317.394 0.288008 -0.316924 -0.8 0.212081 0.464035 -0.860054
10.1907 -12.3635 336.505 0.148317 0 0.235363 -0.389674 -0.298999 0.871065
11.9122 -15.1099 335.356 -0.00852898 0 -3.9 -0.364879 -0.912076 0.18703
5.32912 -17.1899 362.889 0.492576 0 -4.5 -0.379247 -0.921798 -0.0803713
21.1456 4.842 362.627 0.0858443 0 -3.9 0.935421 -0.291745 0.199682
1.46525 7.47175 328.175 0.000840488 0 -2.62105 -0.553735 0.712764 -0.430517
-2.33319 3.04513 343.05 0.558687 0 -4.5 0.249701 0.398247 0.882637
15.9336 5.86212 334.187 0.257231 0 -0.4 0.833802 -0.364554 -0.414577
21.7609 -11.5656 322.566 -1.29957 0 -0.8 0.218082 0.73246 -0.644936
3.66431 8.1885 342.703 0.014941 0 -1.6 -0.193131 0.981162 -0.00475368
26.2499 -25.1493 318.302 -0.389191 0 -3.33249 -0.807631 -0.589216 0.0235959
-7.727 3.52125 326.825 1.70029 0.161674 -3.9 -0.952119 0.178759 -0.248023
12.7674 -20.6993 332.072 0.314483 0 -0.7 0.0253912 -0.984713 0.172322
-11.2615 1.72025 337.913 -0.224277 0 -3.5 -0.305251 -0.756392 0.578527
39.589 10.6734 319.597 -0.554534 0 -3.5 0.991117 -0.0656614 -0.115657
7.49606 -17.4837 364.795 -0.0582459 0 -4.5 -0.328041 -0.49862 0.802351
19.5632 -1.1835 337.674 -0.335899 0 2.8 0.550854 -0.714349 -0.431585
-4.873 2.2655 342.172 0.0254628 0 -4.5 -0.578693 -0.065958 0.812874
5.82719 7.93506 343.317 0.346493 0 -1.6 0.675956 0.578178 0.45694
-1.14762 -15.906 351.221 -0.585032 0 4.2 -0.153691 -0.733768 -0.661788
17.1696 5.53619 335.189 0.159759 0 -0.4 0.194857 -0.569142 -0.798817
21.9942 -9.6695 318.754 0.125956 0 2.52541 -0.524308 0.21136 0.824881
33.9782 -10.033 308.508 -0.284325 0 -4.5 -0.428145 -0.00609511 -0.903689
8.96875 7.18813 346.983 0.0727766 0 -3.9 -0.840162 -0.0675803 -0.538108
46.2567 -2.67275 321.786 -0.16952 0 2.8 0.0466815 0.820371 -0.569923
34.546 -20.5898 313.46 -0.332399 0 -0.4 0.351085 -0.312439 -0.882678
-1.52462 2.34325 360.928 -0.672072 0 -3.5 -0.239112 0.853086 -0.463756
28.8463 -24.8104 306.569 -1.92171 -0.585819 -3.5 0.124629 -0.642849 -0.755786
23.9498 -25.3338 314.979 0.394448 0.296406 -0.44086 -0.295634 -0.340499 0.892559
27.8454 -17.926 306.617 0.0411055 0 -4.5 0.451889 0.297531 -0.840995
-5.45862 -0.942625 333.993 -0.762568 0 -3.5 0.0302375 -0.309347 0.950468
16.251 -6.74587 355.142 -0.724086 -0.148466 -0.7 0.268363 0.7587 0.593595
21.0333 -3.916 313.016 -1.32797 0 -3.5 -0.342459 -0.174701 -0.923147
-3.88869 -8.40744 322.367 -0.71387 -0.0867416 -0.4 -0.569371 -0.590244 -0.572213
46.5669 -3.55675 326.565 0.340264 0 2.8 -0.274846 0.478782 0.833803
19.7414 -12.8842 335.602 -0.314427 -0.814602 -0.8 0.222052 0.247434 0.943117
9.181 -1.6615 362.661 -0.328324 0 -0.7 -0.691361 -0.06248 0.719803
6.05775 2.6185 355.134 -0.2613 0 3.09463 -0.707129 0.650728 0.276624
40.8906 -5.47225 319.549 0.103215 0 3.86781 0.586584 0.275161 -0.761713
29.964 12.984 345.125 -0.91332 -0.69426 -3.5 -0.281442 0.537371 0.794999
9.14194 4.13294 341.874 0.115294 0.949142 -3.5 0.275185 0.952583 -0.129838
22.5126 7.03756 354.202 -0.523926 -0.732562 -3.5 0.657312 0.649595 0.382057
27.625 -0.441875 336.352 -0.728059 0 -3.5 -0.265229 -0.952162 0.151796
19.4327 -3.0665 316.869 -1.02961 0 -4.11515 -0.857258 0.495748 -0.139075
31.6843 -13.6903 334.842 -0.243136 0 -3.5 0.0744935 -0.704419 0.705864
11.6225 8.734 331.057 0.171316 0.300625 -4.5 0.605742 0.582895 -0.54158
18.0065 -1.96831 340.78 -0.627931 0 2.26555 0.40718 -0.713267 -0.570486
27.1318 -23.0876 314.607 -0.547498 -0.150221 -2.9532 -0.287543 0.92372 -0.253101
2.65762 -0.126 363.083 -1.02347 0.306457 -3.93102 0.735485 0.674096 0.0682409
12.0604 9.233 334.909 0.0415999 0 -3.5 0.166114 0.978543 -0.121898
27.053 -9.20438 334.726 -0.175871 0 -1.0087 0.319635 0.655598 0.684124
11.504 -9.7945 341.13 0.586565 0.710732 -3.5 -0.324911 -0.78814 -0.522751
-7.9755 4.86725 340.689 0.415948 0 -3.5 -0.0408218 0.0226644 0.998909
0.940813 -16.8644 325.27 -0.977681 -0.915697 -1.6 -0.96972 0.167032 -0.178165
47.0047 -24.4856 325.304 0.0972702 0 -3.2 0.291973 -0.580569 -0.76006
15.9318 -4.31725 354.495 -1.64241 -0.014388 -1.25108 0.480381 -0.575184 0.662116
-4.90887 -0.464812 357.454 -0.579075 0 -0.9 -0.72325 0.60876 0.326068
2.625 -17.151 328.998 -0.0132833 0 -3.9 -0.294072 -0.854769 0.427658
-3.68263 -4.12738 346.102 -1.62928 0 -3.2 -0.38066 -0.311504 -0.870668
23.7336 0.413812 346.961 -0.552974 0 -1.79339 0.902723 0.0665319 0.425046
18.1618 -8.936 337.509 -0.930304 0 -3.5 0.920742 0.0633585 0.384994
48.2217 -17.8656 322.157 0.0745228 0 -3.9 0.858165 0.134705 -0.495385
47.6969 -10.0806 341.123 -0.0116221 -0.0364937 -4.00712 -0.14108 0.519098 0.842991
34.463 6.09525 347.652 -1.14058 -0.593938 -0.53533 -0.433159 0.827813 0.356509
10.1537 9.92313 334.025 0.50128 0.564882 -4.5 0.304444 0.941791 0.142633
-4.12475 11.9128 333.332 -0.79303 0 -0.4 -0.102969 0.468474 -0.877456
14.5903 -16.2967 352.762 -0.543569 -0.671622 -0.7 0.682968 0.607008 -0.406321
-3.98075 1.42825 342.607 0.274998 0 -4.5 -0.49399 -0.314626 0.810546
-8.84212 5.82987 340.527 0.374046 0 -3.5 -0.370768 0.150743 0.91641
18.1257 -12.0966 321.481 -0.124526 0 -1.96684 0.447996 0.51086 -0.733704
17.7708 7.9835 335.576 -0.72919 0 -0.4 0.608869 0.390031 -0.690764
4.7845 -14.0836 351.224 -1.78479 0 -1.79783 -0.393839 -0.0248616 -0.918843
-1.74403 -10.5615 330.925 -0.0975912 0 4.5 -0.898703 -0.243282 0.364892
2.4235 -21.9827 323.447 -0.314085 0 -0.8 -0.571609 -0.558604 -0.601019
-14.3313 -0.09675 334.479 0.0169733 0 -3.9 -0.296463 -0.116064 0.947966
1.11738 -0.698438 365.933 -0.846102 -0.261282 -3.96457 -0.456839 0.141127 0.878283
22.8178 10.911 337.07 -0.0104768 0 -0.7 -0.78545 -0.407412 -0.465922
0.302438 8.88369 340.484 -0.587735 0 -3.3574 0.770109 0.627521 0.114674
-6.09462 3.90412 329.095 -0.924829 0 -3.53405 0.0901544 0.987643 -0.128194
-9.27294 -12.9956 359.365 -0.541818 -0.82682 -0.8 -0.967882 0.0365862 0.24873
27.137 -5.43719 334.598 -0.287999 0 2.8 -0.688819 0.0212778 0.724621
41.007 -8.02931 342.803 -0.394473 0 -3.80501 0.94332 0.273511 0.187987
51.6009 -5.96575 338.731 0.214865 0 -4.5 0.978369 0.0735343 -0.193358
44.9724 5.498 344.526 0.321555 0.0187283 -4.5 0.823264 0.524465 -0.217195
-2.00456 6.57694 328.965 1.26303 0 -0.7 -0.260376 0.335049 -0.905509
28.7108 0.26975 310.375 -0.143697 0 -3.5 0.291239 -0.181536 -0.939268
36.9259 12.2449 325.796 -0.374725 0 -1.3 0.965225 0.260307 0.0240975
3.08125 -5.9245 339.241 -2.63552 -0.815091 1.9 0.24545 -0.809687 -0.533068
42.477 -20.7795 335.75 -0.529702 0 -0.7 0.192528 -0.730104 0.655653
12.9474 -11.6529 366.355 -0.557294 0 -0.4 0.385614 -0.293182 0.874841
-0.241437 -15.2411 364.816 -0.187468 0 -4.5 -0.811058 -0.279788 0.513715
-2.64237 -1.57413 338.11 -0.230027 0 -4.5 -0.973982 -0.157213 -0.163227
10.2598 5.58225 326.643 -0.48166 0 -1.3 -0.756346 0.557949 -0.341516
38.6685 -2.31825 320.014 -0.333717 -0.814679 -3.9 0.966717 0.188184 0.173334
30.4941 -25.3072 330.163 2.4362 0 -3.9 0.757013 0.622786 0.19766
27.9737 15.0976 337.328 0.87728 0 -0.4 -0.264304 0.626452 -0.733281
31.8403 0.9605 343.952 -0.536654 0 -2.70555 -0.554638 -0.828144 -0.0809596
51.0976 -8.18244 337.574 0.383974 0 -4.5 0.746228 -0.172515 -0.642948
31.7465 15.654 322.546 -1.66949 -0.52322 -3.5 -0.583533 0.533614 -0.612165
22.7749 5.66362 333.059 -0.145624 0 -1.37497 -0.951272 0.197345 -0.23693
25.9486 5.78613 351.918 -0.566145 0 -3.5 0.602326 0.416102 0.681222
-2.70131 -16.7026 352.379 -1.04915 0 2.55166 0.122109 -0.487621 -0.864474
3.31437 11.9934 331.818 -0.2696 -0.683254 -0.8 0.993742 0.0668057 -0.0895218
-1.21066 -0.889875 349.48 -0.65137 0 -0.7 -0.789031 0.602471 -0.120244
24.5366 -19.9877 307.343 0.44243 0 -0.4 0.061897 -0.888776 -0.454143
40.1564 10.1286 338.047 0.227099 0 -4.5 0.581594 0.753626 -0.306263
21.0724 -0.74875 319.86 -2.01188 -0.91927 -3.5 -0.606409 0.555542 0.568894
26.5301 -23.0932 313.6 -0.153254 -0.774103 -1.2324 0.0588381 0.911356 0.407393
9.29288 1.119 361.879 -1.22221 0 -0.7 -0.575679 0.637119 0.512516
21.1425 -0.395 330.82 -0.355133 -0.322595 -1.3 -0.893879 0.361127 0.265647
4.12512 -9.85063 335.096 -0.354271 0 4.2 0.0391129 0.0789861 0.996108
18.534 8.243 336.696 -0.316601 0 -0.4 0.529965 0.822203 -0.207649
49.0424 -11.6936 324.852 -0.0164139 0 1.8 0.122679 0.861537 -0.49265
11.9795 -6.25975 322.942 -0.464524 0 -1.3 -0.239751 -0.148087 -0.959474
13.475 -12.641 321.096 -0.51374 0 4.5 -0.573776 -0.152258 -0.804735
6.789 3.392 319.083 -0.273401 0 -3.9 0.774548 0.249116 -0.581392
12.4698 8.1765 347.032 -0.447533 0 -3.5513 0.73786 0.66929 -0.0872607
25.4184 -12.7095 338.86 0.201267 0 -3.9 -0.644139 -0.357078 0.676447
18.7553 -5.09875 319.808 -0.314364 0 -4.5 -0.223434 -0.318151 0.921334
39.6801 4.77453 322.312 1.39701 0 -3.9 0.567542 0.821401 -0.0565309
18.9697 -18.8054 313.334 0.215558 0 -1.6 -0.97952 0.144099 -0.140624
28.1942 7.266 313.168 -0.0678484 -0.0698558 -3.99471 -0.235327 0.572736 -0.785236
10.5686 6.784 328.499 -0.257438 0 -0.00163641 0.198275 0.885869 -0.419432
21.0599 3.32556 327.467 0.50807 0.0330568 -4.5 -0.48146 -0.441361 0.757229
46.5704 -2.04475 340.637 -1.0649 -0.650566 -3.5 0.216995 0.603913 0.766944
47.5415 -23.7796 330.619 -0.241912 0 -3.2 0.598941 -0.186532 0.778765
16.2096 4.53713 360.387 -0.728704 0 -3.9 -0.518097 0.4468 0.729345
24.6122 -22.5193 326.514 -0.19493 0.925896 4.5 0.749926 -0.644563 0.148828
-13.2008 -1.83522 333.046 0.19355 0 -3.9 0.346779 -0.879243 0.326614
-3.62263 -8.785 336.223 -0.0621115 0 -3.9 -0.0251342 -0.446205 0.894578
43.578 -8.39544 340.59 -1.20876 -0.0806016 -3.5 0.393285 0.643969 0.656225
21.6303 -23.4195 310.95 -0.159669 0 1.8 -0.570352 0.115844 -0.81319
43.7692 3.55025 328.9 0.366161 0 -0.7 0.351062 0.129268 -0.927386
39.2298 -0.99575 346.901 -0.0994998 0 3.8 0.751752 0.55431 0.357223
29.9363 2.13913 311.38 0.571863 0 -3.5 0.635871 0.2312 -0.736352
-7.80656 -12.2821 354.817 -1.12184 -0.550529 -3.5 -0.566306 0.707105 0.423438
19.8341 -6.59481 319.84 -0.30165 0 -4.5 -0.279802 -0.539927 0.793845
10.7437 -22.927 323.711 -1.95136 -0.078712 4.2 -0.127169 -0.985646 -0.111045
34.1775 3.97662 350.754 -0.18338 0 -0.8 -0.558655 -0.591356 0.581552
49.5225 -23.756 328.446 0.492404 0 -3.2 0.984686 -0.167685 -0.0477079
28.3079 -3.24794 315.397 0.141493 0 2.16237 0.529814 -0.275209 -0.80222
15.1506 -8.61706 348.716 0.821709 0 2.47638 0.639252 -0.108577 0.761293
21.7733 -13.1446 311.842 0.10246 0 -4.5 -0.130496 0.727316 -0.673782
6.89831 9.54769 327.629 -0.759208 0 -3.5 0.81832 0.31433 -0.481195
-3.66213 3.67475 325.081 0.776744 0 -3.9 0.414308 0.586143 -0.696265
53.2559 -8.92644 338.493 0.764889 0 -4.5 0.715907 0.22029 -0.662532
38.2935 7.128 349.66 -0.442349 0 -3.5 0.0293649 0.603596 0.796749
32.654 17.6742 344.013 0.795416 0 -3.9 0.28723 0.859967 0.421848
6.60769 9.31569 326.267 -0.765021 0 -3.5 0.885667 0.169372 -0.432327
39.355 -13.0505 315.177 -0.162409 0 4.2 0.866301 0.490799 -0.0929444
-9.197 -17.2134 354.754 0.67205 0.610902 -3.2 -0.174485 -0.968078 -0.179945
-5.695 -3.64925 351.673 -1.79639 -0.210398 -3.2 -0.834733 0.542415 0.0949015
2.78469 7.38637 320.929 0.138842 0 -3.9 -0.51915 0.59033 -0.618056
52.87 -7.551 340.631 0.480609 0.30533 -4.5 0.873642 0.454767 0.173019
-8.62056 -18.2216 350.343 -0.191064 -0.48099 -0.8 0.214862 -0.730487 -0.648246
36.9837 -8.94038 340.647 -0.124243 0 -1.79184 0.335272 -0.940123 -0.0613281
24.0249 -23.7183 331.497 -0.0315547 0 4.5 0.103791 -0.665467 0.739176
29.8637 -23.8581 329.2 0.658338 0.0117567 -3.9 0.927993 -0.00842512 -0.372503
45.6416 -25.6537 330.409 -0.631288 -0.398521 -3.47753 0.242157 -0.713162 0.657845
43.9161 -12.5521 319.216 0.337859 0 -0.7 0.882583 0.378511 -0.278885
-7.04181 -15.2336 361.463 -0.551607 0 -3.2 -0.141887 0.270527 0.952199
21.4917 -18.9253 324.603 0.198253 0 -3.2 0.454803 -0.615562 -0.643613
1.55806 3.20062 339.581 0.0116263 0.000738027 1.24523 0.307556 -0.887916 0.342074
22.3999 12.7528 334.94 -0.0412682 0 -1.40956 -0.999414 -0.0274362 -0.0204565
14.8864 -6.1275 323.432 -1.23721 0 -0.369952 0.608881 -0.218697 -0.762519
21.637 -4.45925 334.855 -0.293405 0 -1.3 0.0972875 0.140738 0.985255
36.9588 -0.7065 314.048 0.301626 0 -3.9 0.905568 0.0152204 -0.423928
6.09719 -19.4248 355.469 -0.321341 0 -3.5 -0.541818 0.321003 0.776782
20.333 -19.8682 316.867 -0.0513492 0 -0.8 -0.917196 -0.387556 0.0924725
-9.72275 -17.7724 356.077 -0.0505022 0 -3.2 -0.42488 -0.863679 -0.271175
23.0495 -27.2935 323.713 2.51747 0 1.8 0.539427 -0.568398 -0.621243
46.5412 1.369 348.295 -0.119652 0 -4.5 0.922751 -0.380402 0.061847
17.875 -6.69581 348.632 2.10823 0 -3.73782 0.537454 -0.82007 0.196541
8.57987 7.1455 339.239 -0.50209 -0.0938531 -4.28728 0.718874 0.036016 0.694207
0.648375 0.893 350.607 -0.338361 0.470705 -1.8769 -0.640561 0.760225 0.10835
32.5574 16.564 338.438 -1.79389 -0.0517746 -3.5 0.00922236 0.992323 0.123325
30.4853 -32.0619 316.868 0.413971 0.836227 -3.5 -0.682956 -0.643438 0.345774
-3.3275 4.8555 328.095 0.14481 0.0450287 -2.6436 0.179654 0.915841 -0.359109
2.71506 -12.3204 365.89 -0.208088 0.00815903 -4.5 -0.206397 0.0840437 0.974852
38.3836 -9.46412 312.152 0.259917 0 -3.5 0.915872 -0.280054 -0.287659
14.6561 -10.4155 341.595 -0.143992 0 -3.5 0.213066 -0.919505 0.330325
0.272625 -8.31206 364.769 0.0619188 0 -3.8578 -0.16963 -0.502002 0.848068
2.63263 -14.8474 358.008 -1.15642 0 -1.3 -0.244876 -0.941399 -0.231957
38.8994 14.4013 327.956 0.257842 0.479257 -4.5 0.61982 0.590842 -0.516459
22.5864 6.09375 312.669 0.0689237 0 1.8 -0.25539 0.928494 0.269584
21.0255 -0.19825 318.367 -1.73473 -0.285952 -3.5 -0.769417 0.634342 0.074885
7.63487 -6.86494 339.262 -1.04549 -0.186939 -3.5 -0.95448 -0.182383 0.236019
23.417 14.4394 324.188 -1.95159 -0.0350351 -3.5 -0.258546 0.625333 -0.736283
11.3729 -9.00731 338.596 0.0468353 0.634509 -3.5 0.328457 -0.914919 -0.234603
3.39525 0.94575 316.049 -0.419281 0 -3.5 0.642224 0.0882479 -0.76142
2.75912 -10.6811 341.009 -0.00619867 0 1.9 0.313023 -0.881562 -0.353362
-3.36637 2.33463 336.908 0.0724061 0 -0.9 -0.914713 -0.403353 0.0246169
19.5676 -20.3318 310.785 -0.00996223 0 -1.6 -0.796825 -0.171937 -0.57923
0.735625 -11.9214 349.693 -0.342381 0 3.39842 0.37542 -0.290582 -0.880126
21.5222 5.76813 319.335 -0.250332 -0.0186892 -4.34755 -0.551536 0.165953 -0.817476
39.079 0.135 346.289 0.11118 0 2.86827 0.840999 -0.0598567 0.537716
3.31962 6.68937 344.761 -0.152655 0 -1.6 -0.250889 0.206909 0.945644
33.5498 -23.4749 332.442 -0.193725 0 1.8 -0.970834 -0.223926 -0.085668
29.4716 -14.337 335.122 -0.564709 0 -1.51729 0.549803 -0.269187 0.790731
-1.80325 -13.3653 349.781 -0.100254 0 4.2 0.0331836 -0.561241 -0.826987
26.7946 4.89362 350.878 -0.657267 0 -3.5 0.88775 -0.238099 0.393966
13.4109 -5.995 363.31 -0.451624 0 -3.35323 0.351868 0.425201 0.833902
-0.384688 7.29281 328.807 0.328361 0 2.32818 -0.291644 0.652917 -0.69903
20.9338 -15.2397 316.678 -0.582957 0 -3.59947 -0.758695 -0.0998151 0.643753
32.51 -6.4155 315.09 0.0862969 0 -0.8 -0.521081 -0.152346 -0.839801
15.8811 -10.4327 322.957 -0.994104 -0.2879 0.81914 0.29013 0.799187 -0.526426
30.4083 -14.4074 314.505 0.075603 0 3.8 -0.144958 -0.397859 -0.905922
5.8705 5.0155 341.083 0.0213925 0 -1.73324 -0.0646669 -0.94973 0.30632
34.2733 -22.0851 332.641 -0.188479 0.453601 1.8 0.357005 0.638403 0.681901
27.7445 -20.1427 317.712 -0.17051 0 -3.2 0.695589 0.281431 -0.661024
39.7098 3.8375 349.548 -0.365311 0 -3.5 0.0888194 -0.535353 0.839945
-1.80788 -16.5395 362.711 0.353406 0 -3.5 -0.502752 -0.669935 0.546285
24.6415 -21.421 322.937 -1.40682 0 -3.5 -0.873121 0.336513 -0.35273
5.50362 -5.64162 319.777 -0.855129 -0.212489 -3.67186 0.715094 -0.263439 -0.647488
20.2434 3.61694 356.271 -0.696633 -0.099221 3.8 0.421638 -0.897025 0.132542
30.094 4.257 344.379 -1.55254 -0.0554365 -1.80535 -0.98527 -0.0419878 0.165771
-5.16194 -6.04231 332.116 -0.438972 0 -3.5 0.0198764 -0.616155 -0.787374
26.202 -9.30275 307.025 -0.353179 0 -3.5 -0.543611 0.286114 -0.789067
13.6872 -23.4989 323.987 -0.113495 0.0375915 -3.5 -0.659002 -0.749152 0.0669913
28.9137 1.519 340.915 -1.8214 -0.0683765 -3.5 -0.131664 -0.641576 0.755675
20.941 -5.40438 357.049 -1.01372 -0.342044 -3.5 0.245388 -0.757313 0.605196
32.8581 -30.4634 319.19 -0.631348 0 -3.5 0.315651 -0.712845 0.626272
35.5114 -21.0989 331.496 -0.520315 0.366838 0.209015 0.0544875 0.414328 0.908495
40.4419 -4.56444 318.581 0.117986 0 1.8 0.988683 -0.149889 0.00634051
7.80225 -21.125 329.642 0.0398935 0 3.8 -0.206905 -0.761869 0.613796
21.4974 4.93363 360.771 0.26376 0 -3.9 0.930172 -0.0924912 0.355283
19.7635 -10.8175 336.345 -0.0321031 0.716346 -0.8 -0.151408 -0.35918 0.920905
9.40406 10.0163 329.629 -0.206002 0 2.8 0.687364 0.529851 -0.496778
33.815 17.3143 322.294 -0.321014 0 -0.4 -0.170264 0.970978 0.167965
1.71687 4.89594 343.2 0.0592115 0 -1.6 -0.424592 -0.824029 0.375097
-12.8215 2.2585 330.853 -0.0545114 0 -3.9 -0.276739 0.700724 -0.657573
-6.13013 -6.92788 323.178 -0.486165 0 -0.4 -0.579099 -0.764824 -0.282293
24.8636 5.81187 346.766 -2.00955 -0.652765 -3.30445 0.745606 0.413806 -0.522337
21.4969 -7.44256 335.246 -0.462245 -0.734165 -0.916271 0.0121009 0.436925 0.899417
20.4963 -6.07569 322.615 -0.286512 0 3.95498 -0.830553 -0.043155 -0.555265
42.7325 -10.4417 319.632 0.379388 0 2.64225 0.310297 0.285735 -0.906682
17.092 2.9625 325.421 -0.460665 -0.0953453 -3.96799 -0.298918 0.487905 -0.82012
-6.37594 -4.61419 335.842 2.01535 0 -3.9 -0.316108 0.928382 0.195403
23.7318 11.1982 324.844 -0.555753 -0.0090538 -3.5 -0.989853 0.0960971 -0.104675
-0.588875 6.17519 342.39 -1.0895 0 1.8 -0.0253348 0.179653 0.983404
41.002 2.3975 347.005 -0.801804 -0.292171 -4.13447 0.109635 -0.942681 0.315171
21.0498 -24.098 314.819 -0.178037 0 0.577264 -0.716869 -0.636816 0.28384
10.4616 -9.90356 336.516 -0.406873 0 -3.5 0.985875 0.157464 -0.0570563
25.5914 1.83487 341.596 -1.31033 0 -3.5 0.533141 -0.560514 0.633707
0.758375 3.16025 323.514 0.0361094 0 4.5 -0.534553 0.821224 0.199608
14.9715 -0.3215 322.581 -0.811715 0 -3.2 0.229759 0.803775 -0.548778
29.4989 3.263 342.747 -1.84066 0 -3.5 -0.611463 -0.407571 0.678232
-12.2261 2.05687 336.555 -0.130184 0 -3.5 -0.601392 -0.73726 0.307857
34.7862 -27.9481 330.616 -0.070021 0 -3.5 -0.555203 -0.618425 0.556148
20.7951 -24.9491 313.543 0.130043 0 1.8 -0.848226 -0.19109 0.493961
17.1485 -6.8335 342.373 0.735152 0.64287 -0.7 0.860078 -0.432652 0.27033
11.8096 -8.95344 366.396 -0.0873405 0 -0.4 0.20945 0.765239 0.60872
21.2345 -1.85725 320.034 -2.47808 0 -3.5 -0.315043 -0.00327428 0.949072
-2.52244 -2.25463 362.698 -0.857912 0.0117208 -3.5 -0.773909 0.102016 0.625026
12.4354 -14.9818 365.349 -0.583534 0 -3.5 0.427602 -0.121027 0.895829
20.607 -4.48313 346.203 -0.337778 0 -3.5 -0.135284 -0.622536 -0.770809
33.2772 17.0941 332.917 -0.388031 -0.000490102 -3.5 -0.18379 0.901839 0.391033
6.11013 -3.04363 322.829 -0.429745 0 4.2 0.56748 -0.334862 -0.752219
18.5196 -11.1385 322.359 -0.278705 0 -0.8 -0.0353482 0.641279 -0.766493
25.1074 -4.30469 347.596 -1.6246 -0.233154 -3.5 0.919683 -0.154216 0.361112
31.637 -28.14 315.153 0.552478 -0.12257 -3.5 0.156282 -0.0443632 -0.986716
12.5995 -7.5655 337.521 -0.525461 0 -1.3 -0.135057 -0.882371 -0.450757
16.1268 9.8115 336.424 -1.49701 -0.529148 -3.5 0.188983 0.9709 0.147103
12.4972 -11.4733 337.279 -0.154614 0 -3.9 -0.233184 0.70623 0.668479
50.245 -1.222 324.232 0.139906 0 2.8 0.490606 0.847751 0.201555
23.98 -18.5362 312.687 -0.425064 0 -2.99176 0.841869 -0.526518 0.118474
22.3153 4.02094 316.252 -0.262677 0 1.8 -0.719815 0.651633 0.239249
54.1441 -7.82113 332.571 -0.911353 -0.0320118 -3.5 0.469544 0.17498 0.865396
24.7634 -2.12838 348.21 -0.497421 0 -3.5 0.839316 0.418603 0.346872
3.87075 -18.1312 351.241 -1.94928 -0.112578 -3.5 -0.562751 0.289544 -0.774258
-2.90756 1.57481 361.512 -1.57517 0 -3.5 -0.383227 0.917891 0.10302
22.0793 -1.18862 348.871 -0.846345 0 -3.5 0.438378 0.416465 0.796481
47.9871 -1.84738 338.7 -1.21861 0 -3.5 0.813582 0.542527 -0.209162
38.5242 -7.71819 316.092 0.648552 -0.480411 -0.7 0.872149 0.137902 -0.469403
47.7215 -0.4765 334.54 -1.16878 0 1.8 0.764289 0.598289 0.24065
-5.09487 -3.35737 353.656 -0.405655 0.0945464 -3.2 -0.776516 0.620976 -0.106822
41.0955 12.573 320.265 -0.00981048 0 -3.5 0.740604 -0.501486 -0.447234
34.3011 5.69006 351.523 0.0459608 0 -0.8 -0.80879 0.0765804 0.58309
34.9547 -9.89587 341.518 0.0659563 0 -1.3 -0.197322 -0.759507 0.619849
-6.14494 -9.57931 358.144 -1.3826 -0.111523 -1.12012 -0.573177 0.806633 -0.144261
34.2169 -25.6119 331.658 0.0192518 0 -1.23236 -0.969126 -0.243719 0.0373503
18.5184 -1.63509 360.161 -0.11818 0 -1.6 -0.182162 -0.848703 0.496508
36.4811 -27.8696 324.041 0.00790422 0 1.8 -0.27864 -0.924514 -0.260063
44.1645 -4.41738 328.793 0.440244 0 1.89528 0.78249 0.472437 -0.405601
27.4337 15.9066 327.162 0.0618188 0 -3.5 -0.290121 0.947862 0.131861
2.06838 -7.9685 365.46 -0.00587115 0 -3.75862 -0.132471 -0.262094 0.955907
22.7594 -6.352 347.657 -1.77592 -0.0746559 -3.5 -0.0257335 -0.990127 0.137793
31.3102 -9.86744 309.37 -0.576193 -0.446817 -3.97691 0.197474 0.668149 -0.717343
23.3171 -5.55737 345.819 -1.65313 -0.166106 -3.5 0.037117 -0.539354 -0.841261
-4.48675 -1.71725 333.682 -0.0350043 0 -3.5 -0.114454 -0.303731 0.945858
7.38513 4.80125 346.983 -0.196652 0 3.8 -0.514321 0.834048 0.199597
33.8804 -27.9266 328.455 -0.147572 0 -3.5 -0.674579 -0.714051 -0.187284
17.527 -23.7886 324.108 0.408387 0 -3.5 0.654567 -0.334017 -0.678214
9.944 -12.7999 321.816 -0.184471 0 -3.5 0.312877 -0.490138 -0.813555
42.7567 -4.36569 343.685 -0.500586 0 3.20303 0.605312 -0.469387 0.642863
49.2754 -4.50881 340.836 -0.333469 0 -4.5 0.00648567 0.162494 0.986688
20.1271 0.53025 361.565 0.145985 0 -1.6 0.25645 -0.233722 0.937874
34.1862 4.34438 314.317 0.247165 0 -0.7 0.452456 0.192669 -0.870725
37.4925 9.66119 314.813 -0.283659 0 -3.5 0.168175 -0.194071 -0.966465
24.708 13.1359 343.129 -0.685744 0 -3.79727 0.240348 0.792443 0.560595
37.0783 -27.3429 320.516 -0.874897 0 -1.3 0.886528 -0.416224 0.202052
16.4782 8.38188 352.945 -0.230613 0 2.19461 -0.380955 0.843897 0.377772
12.7415 6.62625 352.179 -1.63344 -0.40146 -1.6 -0.109605 0.790186 0.602986
38.3848 -7.85075 315.043 0.516429 0 -3.5 0.966225 0.163198 0.199436
12.2436 -21.9061 330.533 0.0779918 0 -0.7 0.126406 -0.604362 0.786618
-0.151125 -2.9995 319.018 -0.498672 0 -4.5 -0.555671 -0.0368079 -0.830587
34.2816 -23.9816 331.342 -0.254098 0 1.8 -0.944523 -0.244467 -0.219347
22.7751 0.49425 337.782 -0.892292 0 -3.5 -0.255529 -0.889863 -0.377954
-3.285 -2.279 322.258 -0.243232 0 -3.5 -0.0156665 0.973718 -0.227219
35.8887 -19.8376 331.428 -0.437619 0 -1.3 -0.251178 -0.057485 0.966232
-12.1339 -17.1409 355.189 -0.284498 0 -3.5 -0.071236 -0.746231 0.661864
35.072 -1.54562 347.934 0.0419233 0.514338 -0.8 -0.298617 -0.638228 0.709572
12.2901 5.31881 330.174 -0.141582 0.00330303 -4.5 0.986539 -0.142936 -0.0794412
2.91219 -10.3777 342.84 -0.1886 0 1.9 -0.0531534 -0.964635 0.258173
22.6572 -2.30356 344.653 -0.390224 0 -3.5 0.66495 -0.427535 -0.612417
0.54625 -16.6311 365.936 0.642684 0.0954356 -4.5 -0.634739 -0.682317 0.362699
45.6747 -12.1261 323.611 -0.196399 0 3.44638 0.504957 -0.22652 -0.832891
-3.2805 -6.377 338.53 -0.367959 0 -3.5 -0.628663 -0.71694 0.301298
1.90625 -16.1766 366.801 0.204337 0 -4.5 0.28515 -0.403695 0.869321
43.9977 -3.50288 320.551 -0.0584472 0 2.10166 0.303212 0.0205274 -0.952702
40.899 -10.3539 346.162 -1.16617 -0.310165 -3.5 0.226838 -0.0567725 0.972276
9.63975 -10.7832 349.727 -1.11046 0 -3.5 0.761774 -0.315259 0.565961
18.7874 -2.75237 318.275 -0.359357 0 -4.5 -0.529958 0.720628 -0.447034
22.0233 12.2724 340.113 -0.104447 0 -2.02089 -0.670699 0.636654 -0.380572
13.8119 7.45625 350.186 -0.586929 0 -0.790394 -0.152477 0.898969 0.410616
45.2155 -8.58712 339.646 -0.738049 -0.0689604 -3.5 0.210331 0.522086 0.826551
45.6831 -23.1359 335.075 2.8806 0.488052 -3.9 0.274506 -0.12184 0.953835
13.2563 -9.476 353.175 -0.47115 0 -0.7 -0.289305 -0.853856 -0.432704
3.6445 -22.1063 321.793 -1.94179 -0.227254 -0.8 -0.302809 -0.467106 -0.830734
34.4029 16.3875 325.219 -0.13957 0 -0.659701 0.600496 0.73998 0.303041
16.7705 -3.1685 319.621 -0.444933 0.914637 -4.42009 -0.205346 -0.0842956 -0.975052
38.4921 -5.84888 316.311 -0.385918 0 1.8 0.824275 -0.197502 -0.530626
-3.83763 -18.3651 352.826 -2.38304 -0.562956 -3.5 0.202475 -0.770571 -0.604338
38.026 -31.563 329.832 -0.547187 0 1.9 0.211978 -0.338406 0.916813
41.3609 1.01981 325.777 0.446401 -0.98498 4.5 0.705302 0.671484 0.227285
33.4961 -24.8891 314.57 0.16339 0 -0.4 -0.136614 -0.0605033 -0.988775
0.9475 2.79694 314.803 -2.04324 -0.213102 -3.5 0.116173 0.714607 -0.689812
35.6294 -28.8223 319.236 -0.838893 0 -1.3 0.591133 -0.803454 -0.0708792
21.0179 10.2692 349.714 -0.713607 0 -0.7 -0.47873 0.635881 0.60537
23.8306 -17.1995 321.507 -1.13953 -0.955196 -0.7 -0.774014 -0.611733 0.163358
15.6199 -9.22163 361.224 -1.18503 -0.408955 -3.5 0.993328 0.0649741 0.0952785
25.6406 1.00513 340.514 -0.718151 0 -3.5 0.493601 -0.663125 0.562693
30.0855 -28.6122 314.996 0.0138285 0 -3.5 -0.0175306 -0.588354 -0.808414
24.8279 -4.79625 313.581 0.0702885 0 -0.8 -0.126586 -0.322921 -0.937922
50.9206 -12.9123 340.67 0.604431 0 -4.5 0.460901 -0.69127 0.556522
10.6846 10.4927 344.762 0.679718 0.663771 -3.9 0.313854 0.542714 -0.779075
0.940375 -15.3465 323.134 0.128651 0 -1.6 -0.98784 0.14051 -0.0665589
26.8253 10.5421 321.206 0.353343 0 -1.6 -0.0852048 0.573868 -0.814503
39.3821 5.47525 321.195 0.643228 0 -2.27174 0.915833 0.203158 0.346376
13.9581 -4.232 321.822 -0.4769 0.0307878 -3.11064 0.0738686 -0.627064 -0.775457
21.3386 1.58525 336.334 -1.13843 -0.0268288 -0.296015 -0.696989 -0.190735 -0.69125
29.3632 5.41663 346.631 1.16832 0 -0.4 -0.748987 0.378383 -0.543916
8.08194 -22.0928 354.159 0.144479 0 -3.5 0.69592 -0.60343 -0.389317
25.0968 3.99675 352.413 -0.224786 0 -3.5 0.677213 -0.139762 0.722391
-10.36 -12.3078 354.58 -1.89301 -0.0443814 -3.5 -0.151446 0.97966 0.131647
23.5527 -5.1465 333.041 0.0444533 0.766648 -0.8 0.726694 0.201674 0.656692
19.4262 -19.8168 322.415 -0.0510348 0 -1.6 0.416851 -0.674434 -0.609404
24.0774 -22.0243 332.485 -0.172817 0 4.5 0.109759 -0.112665 0.987552
22.6845 -24.0571 331.46 -0.0196751 0 4.5 -0.169099 -0.706219 0.687503
23.2331 15.0149 332.841 0.0368385 0 -1.6 -0.0893938 0.724503 0.683451
40.0833 10.1633 340.807 0.23658 0 -4.5 0.376254 0.898484 0.226186
34.2497 -4.22563 343.881 -0.699462 0.776374 -4.3606 -0.888213 0.404168 0.218461
39.5832 -12.9263 342.398 -0.158441 0 -3.5 -0.78285 -0.620487 0.0462883
11.7224 -8.98569 350.447 -0.316139 0 2.61042 0.107309 -0.788745 0.605282
16.394 0.40225 329.493 -0.154103 0 -0.8 0.278915 0.753473 0.595387
47.8097 -21.6282 324.354 0.801271 0 -3.59003 0.431915 -0.301643 -0.849977
16.618 -10.5842 315.072 0.686375 0.880189 -4.5 -0.982384 0.035492 -0.183472
-0.11975 -19.1467 327.323 0.0471517 0 -3.5 -0.724544 0.490069 0.484632
0.427375 -6.78538 344.928 -0.678937 0 -4.5 -0.953155 -0.270379 -0.135617
49.1215 -1.10575 324.974 0.0681425 0 2.8 0.156594 0.95271 0.260425
46.3732 -9.61175 325.327 -0.203717 -0.029199 2.29639 0.239505 0.27912 -0.929908
40.2356 -30.5042 327.339 0.429828 0 1.9 0.954724 -0.2681 -0.128936
16.2262 -20.3151 332.597 0.320332 0 -4.5 -0.251972 -0.471756 0.84496
1.63287 -9.8415 364.94 0.221614 0 -4.5 -0.613007 0.0467504 0.788693
23.0399 -19.1596 320.15 -1.23292 0 -1.98174 -0.48544 0.120289 0.865956
32.0749 -11.4107 309.57 0.447686 0 -4.5 0.0323399 -0.300607 -0.9532
7.06663 0.602 340.41 -0.292013 0.337927 -4.0645 -0.887275 0.323466 0.328804
-7.15875 -7.19056 336.311 1.26039 0 -3.9 -0.816345 -0.454648 0.356197
30.4002 -20.9618 305.183 -0.206483 0 -4.5 0.420543 0.755846 -0.501837
14.1036 -18.3554 354.913 -0.100398 0 -0.7 0.368293 -0.803371 0.467927
29.7964 6.38662 349.515 2.15703 0 -0.4 -0.0657335 0.78762 0.612645
3.7375 -15.8888 320.88 0.214839 0 -3.5 -0.357088 -0.0583604 -0.932246
16.3745 -7.9575 342.672 0.601201 0.377134 -0.7 0.695572 -0.4651 0.547596
51.0402 -4.6305 324.149 0.275409 0.294188 -3.5 0.97657 0.152349 -0.151991
44.0555 -14.7585 319.005 -0.0639002 0 -0.7 0.96517 0.25921 0.0354535
7.14762 -4.13538 364.062 -0.1894 0 -0.7 0.174395 0.44223 0.879783
39.6681 -24.8749 321.938 -0.590168 -0.182417 -0.503641 0.208199 -0.976151 0.0615032
23.091 0.513812 335.3 -0.626122 0 -2.56174 -0.623915 -0.703246 0.340844
11.1555 1.53338 362.375 -0.216138 0 -0.7 0.264642 0.847281 0.460522
-5.51837 12.4907 335.296 -0.787525 0 -0.4 -0.678407 0.729437 0.0876682
19.7856 -2.018 351.145 -0.294959 0 4.02921 0.963015 -0.182742 0.198007
24.0265 8.895 333.587 0.291432 0 -0.822545 -0.934399 0.26631 0.236597
23.5123 -23.726 316.845 -0.0577524 0 -0.4 -0.217966 -0.810871 0.543119
33.4906 -7.90887 310.22 0.391543 0 -4.5 -0.505649 0.861004 -0.0546973
42.13 -26.0689 323.228 -0.64304 -0.983703 -0.7 -0.173318 -0.979807 0.0996937
24.801 -8.70975 313.717 -0.545334 0 -1.6 -0.467281 0.388898 -0.793982
38.6387 -9.117 341.63 0.450751 0 -4.5 -0.404486 -0.735346 -0.543743
38.8638 9.7435 331.912 0.798561 0 -3.87541 0.998295 -0.0105962 0.0574063
11.2376 -13.7241 337.128 -0.00990177 0 -3.9 -0.7142 -0.219895 0.664503
28.7204 -19.7249 332.455 0.0507831 0 -3.58383 -0.453136 -0.0443406 0.890338
49.4103 -13.9727 322.274 -0.0319546 0 1.8 -0.179554 0.0459539 -0.982674
1.05975 2.80675 326.745 -0.106477 0 4.5 -0.710135 0.581341 -0.39718
19.6714 -18.7116 316.006 -0.0596321 0 -0.866927 -0.975118 -0.0938151 0.20086
4.85625 1.5775 338.845 -0.288716 -0.0148844 -0.8 -0.214249 -0.140399 0.966636
0.689562 -12.0951 322.72 0.603139 0 -4.5 -0.598848 -0.741486 -0.30262
41.4355 7.64412 343.569 0.281051 0 -4.5 0.353031 0.835583 0.420916
-3.14706 -1.52338 353.259 -0.405176 0 -1.79442 -0.500702 0.660075 -0.559998
13.1166 -13.692 321.866 -1.08366 0 -3.5 -0.495557 -0.359243 -0.790802
18.9424 11.1362 342.655 -0.817416 -0.968162 -3.5 -0.538872 0.696412 -0.47395
40.1091 -10.1829 317.867 -0.56182 0 -0.7 0.801087 0.178818 -0.571212
27.2603 -15.6987 309.56 -0.0652636 -0.319692 -1.99832 0.958135 0.0911983 0.271403
22.1613 13.8317 329.885 -0.0715481 0 -1.6 -0.867925 0.113072 -0.483654
25.8267 7.33144 317.013 -0.0211711 0 -2.98181 0.118089 0.983878 -0.13431
8.326 6.329 348.221 -0.0442799 0 -3.9 -0.942347 0.133327 -0.306932
35.8434 -2.96106 347.852 -0.115341 0 3.8 -0.465962 -0.11376 0.877461
-10.6208 -0.04625 329.687 -0.387116 0.658767 -3.5 -0.704024 -0.57574 -0.41578
48.5357 -12.9553 341.388 -0.232217 0 -3.53275 0.504412 -0.360025 0.784825
11.2268 -18.9964 354.432 0.0130341 0 -1.18374 0.366372 -0.920336 0.136946
39.336 6.11019 313.78 0.807577 0.179903 -4.5 -0.0856396 0.0567819 -0.994707
29.1154 5.41862 349.808 1.22142 0 -0.4 -0.287195 -0.188077 0.939227
2.64538 12.498 333.508 -1.20016 -0.814991 -0.8 0.575191 0.63488 0.515831
45.5119 -24.2085 321.267 -0.107664 0 -0.7 0.788333 -0.520566 -0.327936
20.4501 -8.26013 322.554 -0.255046 0 3.8 -0.400028 -0.0300395 -0.916011
48.6489 -3.18525 330.109 0.0590248 0 1.60852 0.294511 0.421916 -0.857467
50.8936 -12.7393 323.32 0.0276954 0 1.8 0.363475 0.485022 -0.795386
22.4877 2.045 332.249 -0.0752889 0 -3.38647 -0.989047 0.0771314 0.125843
39.0644 -9.28994 339.455 -1.24724 -0.192798 -0.4 -0.443537 -0.847065 0.292839
41.3124 -25.6379 331.955 -0.519712 0 -3.5 0.0698263 -0.66319 0.745187
26.0158 -11.612 341.476 0.397506 0 -3.9 -0.804899 -0.304836 0.509129
43.5891 0.360875 346.418 -0.115229 0 -4.5 -0.753443 -0.364863 0.54699
33.7873 16.7558 343.653 1.25905 0 -3.9 0.807774 0.543923 0.227265
2.48163 -5.21663 366.092 -0.353259 0 -3.5 0.174157 -0.124611 0.976802
14.0188 -16.2987 334.112 -1.03522 -0.423229 -0.7 0.200827 -0.576164 0.792277
3.314 -4.53625 316.289 -0.409464 0 -4.5 0.19484 -0.606924 -0.770507
24.5414 -9.10225 318.824 -0.393746 0 -4.5 -0.333501 0.282107 0.899551
1.034 8.84988 330.349 -0.568809 0 -0.54324 -0.360845 0.411848 -0.836763
16.5185 1.27513 335.175 0.257799 0 -1.6 0.661242 0.636026 -0.397781
39.5592 1.52437 317.802 0.856732 0 -4.13114 0.923646 -0.270991 -0.271002
47.0062 2.8315 336.516 -0.00374095 0 -0.4 0.81097 0.456402 0.366094
1.16838 0.916875 347.927 -0.284297 0 -2.85431 -0.625986 0.613863 -0.480952
19.878 1.91762 355.119 0.52626 0.936261 -3.2 0.575687 -0.081407 0.813608
14.7186 0.454375 360.307 -0.187794 -0.0462183 1.95591 0.174033 -0.36399 0.914999
9.694 5.74512 323.178 -1.58164 -0.526592 -3.5 -0.792611 0.439938 -0.422164
29.5877 9.92244 321.066 -0.526195 0 -0.9 -0.47048 0.420159 -0.775961
6.57775 -12.0715 368.237 -0.807575 0 -3.5 -0.259341 0.12011 0.958288
18.6825 4.285 337.288 -0.159794 0 -0.4 0.606744 -0.576595 -0.547175
34.7014 -15.5169 332.279 -0.316517 0 -3.5 -0.775221 -0.482015 0.408282
33.031 7.9165 346.131 -0.640136 0.803035 -3.2 -0.167089 0.573705 0.801838
18.9774 8.8555 352.672 -0.935425 -0.155554 -0.4 -0.0589838 0.998215 -0.00936315
-7.29556 2.38337 340.428 0.0569199 0 -4.5 -0.75983 -0.196032 0.619863
22.583 -14.2941 337.743 -0.905391 0 -3.5 -0.264577 0.258292 0.929131
4.28062 11.1504 325.249 -2.23209 -0.821709 -3.5 -0.227562 0.815485 -0.532166
22.888 -25.058 327.712 0.826984 0 1.8 0.380561 -0.764808 0.519848
5.57062 0.401 344.136 -0.836709 0 -0.9 -0.697733 0.533986 -0.477522
30.2704 15.307 331.599 -1.05481 0 -0.9 -0.430523 0.743488 0.511739
-2.87425 -5.9625 330.796 -0.262672 0 -0.832948 -0.7598 -0.295613 -0.579065
48.0036 -14.4791 341.215 -2.21896 -0.741238 -3.5 0.51847 -0.520318 0.67857
29.9454 3.74044 346.043 -0.831377 -0.361694 -0.693051 -0.918926 -0.382398 -0.0966787
16.3365 -23.1755 322.567 0.297238 0 -3.5 0.582382 -0.166441 -0.795694
-6.65925 -1.86137 323.393 -1.41558 -0.0391662 -3.5 -0.307435 0.941085 -0.140865
36.3539 -1.43512 312.647 0.203308 0 -3.9 0.712269 -0.31463 -0.627439
27.6969 -16.2844 314.593 0.086011 0 -0.8 0.55782 -0.404447 -0.724747
3.76912 -15.8778 359.477 -0.572586 -0.0341963 -1.3 -0.305658 -0.950864 -0.0493089
-1.2355 -1.69775 347.951 -1.76903 0.082776 -2.81167 -0.595943 0.775854 -0.207131
3.66656 -10.1981 320.176 -0.571589 0.0768083 -3.58686 -0.288413 -0.646215 -0.706558
-0.253125 -9.64038 347.978 -0.524706 0 -0.7 -0.439303 -0.404481 -0.802127
32.3054 -8.53375 315.146 -0.53224 0 -0.8 -0.89085 0.135526 -0.433612
0.154625 -15.813 350.74 -0.541613 0 4.2 -0.0180926 -0.833345 -0.552457
15.3103 -21.8831 329.755 0.129471 0 -3.5 -0.621993 -0.675788 0.395519
21.3682 -26.4816 322.982 3.15161 0 1.8 -0.375867 -0.461728 -0.80345
48.6246 -4.0045 327.133 0.203285 0 -2.50353 0.0783019 0.783557 0.616366
-9.13412 -3.1155 327.392 -0.0498095 0 -3.5 -0.769543 -0.590755 0.242511
45.1467 3.32575 329.845 0.426184 0 -0.7 0.651013 0.416661 -0.634488
4.34088 -18.1572 327.596 -0.604823 0 -3.5 -0.0677323 -0.322581 0.944115
38.2199 -4.63206 314.842 0.206706 0 1.8 0.743417 0.0401836 -0.66762
10.6322 -13.4492 350.994 -1.39852 -0.898089 -0.7 0.917528 0.339895 -0.206432
46.483 2.35656 346.363 0.462742 0 -4.5 0.896857 -0.284546 -0.338645
40.6415 -24.5916 333.043 -0.69902 -0.127172 -0.736873 0.460639 -0.549401 0.697115
6.13856 -13.3342 367.972 -1.17304 0 -3.5 -0.0806589 -0.411123 0.908004
34.8506 10.0793 345.338 -0.6454 0 -0.9 -0.135375 0.586226 0.798757
-13.9105 -14.4377 354.279 -1.11534 0 -3.5 -0.576348 0.711526 0.401938
11.5798 -19.9132 320.959 -0.276915 0 4.2 -0.450811 0.260702 -0.8537
3.51125 -21.775 327.994 0.114572 0 -3.5 0.691357 -0.221541 0.68771
40.2827 -8.30384 317.983 -1.15614 -0.982466 -0.7 0.847726 0.0511156 -0.527965
33.909 -23.491 334.362 -0.115856 0 1.8 -0.539534 0.458963 0.705872
13.897 -22.7752 327.761 -0.156592 0 -1.87123 -0.048122 -0.933879 0.354336
2.06225 3.336 316.492 -1.42473 -0.0765168 -3.5 0.456729 0.855928 -0.24246
-6.40588 1.907 336.054 -1.91673 -0.103614 -0.7 0.390252 -0.751931 0.531322
43.8581 -9.67488 319.816 -0.159929 0 2.8 0.50445 -0.226383 -0.833235
35.4137 16.377 316.764 -0.076825 0 -1.6 0.406667 0.534776 -0.7407
2.46325 -1.22925 340.571 -1.30534 0 -1.55932 0.575753 0.817332 -0.0218594
25.773 -18.8697 310.498 0.675534 0 -4.5 0.242667 -0.0782244 0.966951
40.3265 1.90725 346.185 -0.123789 0.0541589 -3.0464 0.392503 -0.620091 0.679286
17.309 2.33288 338.262 -0.406119 0 2.28542 0.137561 0.309126 -0.94102
5.989 4.87975 351.1 -0.422007 0 -3.2 -0.0695234 0.897959 -0.434553
5.94812 -12.3886 333.948 0.0191404 0 4.47329 0.134497 -0.634627 0.761025
15.3175 -8.02787 358.98 -0.614995 0.0131009 -0.7 0.864893 0.117387 0.488038
23.7279 -2.8635 332.886 -0.469475 0 -1.3 0.701181 -0.233622 0.673621
23.2566 -4.4105 313.503 -0.881563 -0.622095 -2.54957 0.200806 -0.46154 -0.864094
38.735 11.0449 340.741 -0.0925936 0 -0.9 0.757703 0.641823 0.118108
0.986437 -9.95625 340.523 -0.456435 0 1.9 -0.410332 -0.658285 -0.631102
32.3343 16.8246 345.581 2.36491 0.149937 -3.9 0.122001 0.642006 0.75693
-1.59462 -6.98938 347.965 -0.401162 0 -3.2 -0.247811 -0.709611 -0.659577
14.1517 4.94094 360.17 -0.296032 0 3.8 -0.147912 0.373701 0.91568
23.7068 4.25644 309.959 -0.601129 -0.248669 1.8 0.0966638 0.0553521 -0.993777
42.5231 2.20306 328.784 0.693951 0 -0.7 0.135 0.010146 -0.990794
36.2253 -8.83162 309.529 0.0606474 -0.159694 -3.96009 0.504756 0.396384 -0.766877
38.5578 -3.92031 348.99 -0.161671 0 3.8 -0.149795 -0.23243 0.961009
41.2173 3.909 325.031 2.52054 0.256606 -3.9 0.942024 0.199246 0.269984
-0.560063 2.78975 315.813 -1.70075 -0.259085 -3.5 -0.818041 0.549467 -0.169983
-6.44 -16.3423 361.752 -0.345363 0 -3.2 0.224566 -0.0891768 0.97037
6.532 5.3335 345.376 -0.168117 0 3.8 -0.164152 0.947828 0.273269
37.7784 15.3844 339.823 -0.910715 0 -3.5 0.658606 0.729647 -0.183993
28.1315 -28.8187 315.757 0.271967 0 -0.945836 -0.325078 -0.931562 -0.162841
39.3109 -5.57587 317.058 0.103521 0 1.8 0.730016 -0.463086 -0.502621
20.5536 -17.2722 321.988 -0.0381639 0 -1.6 0.677128 -0.0458557 -0.734435
20.1252 -8.09869 335.23 -0.310961 0 -1.23773 0.0509123 0.388408 0.92008
16.656 -3.50175 355.881 -0.471898 0 -3.34149 0.0113456 -0.998465 -0.0542065
43.6292 -19.6835 336.877 -0.254379 0 -1.21005 0.417207 -0.776443 0.472307
45.6695 0.8205 330.463 0.640221 0.00983437 -0.789151 0.820721 -0.167684 -0.546168
22.6141 3.95425 337.013 -0.486774 -0.067762 -3.32915 -0.943925 0.329951 0.0117901
29.0547 -21.2842 313.872 0.670497 0 -4.5 -0.581016 0.807047 0.10534
8.97575 8.07075 327.888 -0.0450407 0 2.8 0.317875 -0.0261441 -0.947772
54.7948 -15.0183 325.888 -0.854172 -0.0913464 -1.29642 0.732143 -0.362344 -0.576779
20.8118 -22.5278 331.739 0.00829054 0 4.5 -0.12026 -0.467175 0.875948
18.007 -1.601 336.847 -0.382499 0 1.84714 0.745223 -0.593176 -0.304605
24.3867 -13.9384 338.169 0.0215695 0 -3.5 -0.216999 0.0259436 0.975827
20.9264 -8.56738 315.56 0.152851 0.0751505 -4.5 -0.183812 0.109958 -0.976792
38.0326 -7.29181 311.22 0.20581 0 -3.5 0.61287 0.355238 -0.70583
16.0845 -14.2872 338.929 1.62983 0.227994 -3.9 0.248988 -0.595521 0.76378
-6.23125 -11.0887 364.099 -0.315106 0 -0.4 -0.551673 -0.324714 0.768256
-0.00025 9.52063 336.179 -0.8346 0 -3.9 0.637442 -0.289026 0.714235
-6.6705 -1.17225 324.742 -0.469965 0 -3.71227 -0.248603 0.707614 -0.661422
47.976 -25.1545 326.16 -0.279292 0 -3.2 0.582168 -0.640502 -0.500837
19.3355 -2.20925 315.534 -0.709418 0 -3.5 -0.836318 0.496185 0.233178
24.9614 -29.3582 313.496 0.0246671 0 -0.8 -0.341945 -0.939192 -0.0314892
10.0112 -17.1754 358.233 -0.0632164 0 -3.5 0.428529 -0.840818 0.330739
25.3147 -23.3266 323.999 -0.747069 -0.625654 -2.94217 0.48271 -0.825121 0.293541
32.3349 -2.9855 314.636 0.266552 -0.575756 -2.0198 -0.558499 -0.251826 -0.790356
-7.39756 9.45088 337.622 -0.0951058 0 -3.5 -0.837457 0.538817 0.0913307
38.8155 11.6595 335.329 0.0858899 0 -4.5 0.836291 0.490686 0.244632
44.1614 5.68044 331.634 -0.338322 -0.0941934 -1.85143 0.130367 0.743136 -0.656318
31.4929 -22.8428 307.215 0.22499 0 -4.5 0.87395 -0.484215 0.0418084
21.0801 -1.43775 356.505 0.232818 0 -3.5 0.572577 0.767253 0.288928
30.5818 8.93137 319.515 -0.0598772 0 -0.9 -0.685507 0.665559 -0.295148
6.15394 -20.9955 328.192 0.247843 0.172502 -0.8 -0.402156 -0.67877 0.614445
26.453 -7.09475 333.977 -0.404146 0 2.8 -0.216065 0.143303 0.965806
31.0061 -20.1036 328.464 -0.578456 0 -3.9 0.26814 -0.948019 -0.171352
45.9636 -3.87438 341.259 -0.607369 0 -3.5 0.523961 -0.475363 0.70675
2.42462 9.88106 335.945 -1.17627 0 -2.09263 0.138879 0.421324 0.896214
34.108 -23.795 329.227 -0.784608 0 -3.5 -0.936557 0.205743 0.28378
6.75925 -19.7498 356.495 -0.557134 -0.0915248 -3.5 -0.67789 0.423459 0.600956
1.89587 -12.81 333.633 -0.2561 0 4.21865 -0.353328 -0.743872 0.567286
34.8792 -25.0511 335.142 -0.0449261 0 1.8 -0.262463 -0.256974 0.930095
36.9951 -25.2652 315.713 0.253836 0 -0.4 0.923936 -0.0797645 -0.374139
44.1279 3.04725 344.035 0.565668 0.213852 0.135531 0.855166 -0.0273412 -0.517632
51.6468 -5.76131 341.113 0.251639 0.148607 -4.5 0.655348 0.530732 0.537441
31.5254 -26.6559 325.175 -0.0111109 0 -1.3 -0.731212 -0.434729 0.52568
3.47706 -15.8912 361.952 0.785442 0.0642228 -4.5 -0.305045 -0.755801 -0.579406
15.6152 -8.16212 362.767 -1.79438 -0.473011 -3.5 0.866654 -0.0493337 0.496464
6.76013 3.45875 323.612 -1.00652 -0.185665 -3.9 0.357193 0.931628 0.0669535
45.3321 -14.4486 341.265 -0.371069 0.0367838 -3.5 -0.0698098 -0.593611 0.801718
17.2992 -9.62919 340.787 -0.267996 0 -3.5 0.7131 -0.527075 0.462255
15.7189 -4.34169 323.749 -0.577797 0 -0.0277285 0.652497 -0.574053 -0.494682
19.4254 -9.659 316.751 0.453102 0 -4.5 -0.338016 -0.108803 0.93483
24.6556 -17.8677 313.923 -0.225008 0 -1.65851 0.64045 -0.620531 -0.452509
6.94688 8 341.134 0.0478721 0 -1.6 0.697965 0.406304 0.589714
12.5118 -18.0441 362.21 -2.33592 -0.84431 -3.5 0.709561 -0.493477 -0.502994
-0.74825 8.657 336.71 -0.730473 -0.316918 -3.9 0.820505 0.224647 0.525647
16.8363 -25.2345 324.73 -0.130181 0 -3.5 0.392622 -0.822254 -0.412002
-14.4559 2.93956 338.17 -1.96807 -0.359012 -3.5 -0.608728 -0.717894 0.337756
-2.176 -9.38869 327.667 -0.0602697 0 4.26862 -0.986994 0.0843173 0.136872
39.787 -26.34 324.448 -0.622227 -0.557736 1.85993 0.548196 -0.442545 -0.709673
2.782 -12.6878 350.988 -0.348421 0 3.88027 0.475185 -0.0841808 -0.87585
-8.96425 7.1955 338.38 0.262567 0 -3.5 -0.850989 0.489905 -0.189236
39.8073 -9.57588 346.15 -1.72036 -0.809139 -3.5 -0.339908 0.152904 0.927945
5.194 -4.25612 317.647 0.0151953 0 -4.5 0.764428 -0.543517 -0.346755
7.44481 10.0794 334.306 -0.250295 0.0129894 -3.11036 -0.427139 0.901824 0.0653199
39.2777 1.42338 315.987 0.296144 0 -4.5 0.743109 -0.510902 -0.432166
11.388 -13.2263 347.257 0.47645 0.00289058 3.8 0.354648 -0.932371 0.0700594
22.7472 8.84531 359.983 0.0156241 0 -1.6 0.642354 0.415368 0.644089
12.3811 8.85087 343.233 -0.528885 0 -0.8 0.103167 0.763811 -0.637141
25.0012 -13.4994 306.795 -0.174588 0 -0.4 -0.066075 0.31168 -0.947887
25.3652 4.77812 346.067 -1.35534 0 -1.6 0.839552 0.494688 -0.224581
8.2505 4.44381 326.94 -0.434919 0 -1.18492 0.228402 0.883092 -0.409854
-2.00394 16.7056 340.402 1.75136 0.863012 -3.9 -0.409489 0.77379 0.483289
-12.8199 3.41869 333.505 0.0585369 0 -3.9 -0.522578 0.792303 -0.31491
6.56025 4.62419 342.714 -0.190881 0 3.8 -0.408706 -0.772844 -0.48546
23.5758 8.62069 337.192 0.20145 0.17676 -0.7 -0.806087 0.131054 -0.577104
44.6802 -15.5813 322.019 -0.00943207 0 -3.60391 0.485376 0.79499 -0.36387
31.442 -30.2544 319.986 -1.44826 -0.111749 -1.3 -0.401292 -0.715106 0.572353
38.4952 -21.5662 337.714 -0.00843837 0 -0.7 -0.119249 -0.492594 0.862051
39.3403 -10.5581 342.078 -0.344002 0 -3.5 -0.821356 -0.445631 -0.356073
17.2234 -13.3426 359.772 -1.86949 -0.497412 -3.5 0.770666 -0.636148 -0.0372691
-3.5125 -4.36 339.49 -0.728172 0 -3.5 -0.987498 0.0909835 -0.128722
1.20869 -13.5243 323.522 0.242277 0 -1.6 -0.954859 -0.109991 -0.275947
4.1865 -13.9288 367.112 -2.03749 -0.347533 -3.5 -0.546095 -0.205189 0.812206
27.4015 7.87313 319.207 -0.525257 0 -1.35015 0.0182715 0.882388 -0.470168
-10.2765 -0.844125 326.544 -0.00876668 0.0189404 -3.5 -0.938022 -0.126434 -0.32269
7.97687 -7.77187 340.755 -0.760635 -0.0126465 -3.5 -0.909985 -0.357859 -0.209437
26.9638 18.5349 338.038 -0.404696 0 -3.5 0.429201 0.568203 -0.702091
54.9299 -13.8916 331.106 0.117514 0 -3.2 0.222707 0.00619682 0.974866
5.59125 -2.81288 364.823 0.240107 0 -4.5 0.920842 0.387884 0.0399396
8.0255 -2.38538 362.001 -0.626087 0 -3.70838 -0.13521 0.28682 0.948395
56.7264 -14.4371 327.545 -0.899409 0.0923021 -3.2 0.949397 0.0541511 -0.309376
5.59369 -6.82144 341.763 -0.500773 0 -0.9 -0.0277393 -0.327471 -0.944454
12.2559 6.112 356.126 -0.274926 0 3.8 -0.509417 0.859371 -0.0444471
39.8369 -20.2919 338.115 0.504909 -0.224623 -0.7 0.15078 -0.56414 0.811795
5.21663 3.80419 318.617 -0.278168 0 -3.9 0.209102 0.206716 -0.955795
-14.0715 6.96737 336.476 -1.92186 -0.148034 -3.5 -0.30542 0.949182 0.0759788
-2.21863 9.86963 329.241 0.239073 -0.370242 -0.7 0.129089 0.197245 -0.971818
-1.46025 0.89275 355.547 -0.479418 0 -0.9 0.141758 0.978492 0.149861
34.3787 -14.7778 333.751 -0.26282 0 -3.5 -0.68871 -0.681319 0.247957
33.6696 11.3272 315.982 -1.12316 -0.279752 -3.5 -0.48691 0.713782 -0.503423
15.072 -4.02575 361.577 -0.222278 0 -3.2 0.912413 -0.00141561 0.409268
-3.40444 -13.2691 348.948 -0.380859 0 4.2 0.39965 -0.597194 -0.695442
40.3336 3.83125 321.249 1.16624 0 -3.9 0.666497 0.672352 -0.322064
18.5793 -21.0363 324.501 0.131841 0 -2.24961 0.451611 -0.614124 -0.647224
37.5751 -9.74956 342.781 0.908388 0 -4.5 -0.141795 -0.936903 -0.319542
33.797 -7.008 343.364 0.0447328 -0.0883471 -1.86122 -0.972643 -0.195856 0.124924
6.98681 -17.7046 356.696 -0.4294 0 -3.5 -0.727344 -0.51869 0.449368
-15.1626 -2.28181 331.025 1.43473 0 -3.9 -0.154787 -0.859502 -0.487132
32.2275 11.418 345.174 -1.04517 0 -3.5 0.142762 -0.477528 0.866941
40.4811 -3.22338 316.277 0.136868 0 1.8 0.751837 -0.0749263 -0.655078
2.03294 -15.2644 359.472 -1.099 -0.401677 -1.92232 0.064437 -0.978013 -0.198342
9.95319 -13.7034 348.431 -0.111569 -0.030368 3.31783 0.839556 -0.523587 0.144922
-0.968125 -0.817 321.907 -0.420919 0 -2.07191 -0.946169 0.318851 -0.0556642
25.1472 -28.2151 311.551 0.073585 0 -0.8 -0.216362 -0.539054 -0.814007
36.5455 -9.90775 344.28 0.482783 0.751663 -4.5 -0.201688 -0.973116 -0.111212
-9.1025 6.12087 336.747 0.188035 0 -3.5 -0.695901 0.7142 -0.0751024
40.1791 -12.0455 337.975 -0.769192 -0.320513 2.87405 -0.814747 0.156132 0.5584
20.8381 8.75231 361.094 0.197839 0.57885 -3.39302 0.295288 0.884759 0.360564
31.2641 -13.2847 312.446 0.511204 0 -4.5 -0.326379 -0.846072 -0.421471
24.3843 -19.0915 306.189 -0.623574 0 -0.4 0.0283356 -0.505755 -0.862212
-1.80144 -11.8013 324.848 0.143078 0 4.5 -0.653636 -0.480173 -0.584974
13.2616 -9.52262 365.441 -0.290372 -0.387334 -0.4 0.683397 0.347958 0.641789
22.5129 0.388125 347.52 -0.914571 -0.388732 -3.5 0.51486 0.291036 0.806361
18.2022 -1.7685 337.97 -0.459649 0 2.8 0.444282 -0.895475 -0.0271622
18.7621 8.03738 338.309 -0.23994 0 -3.36873 -0.0602571 0.991059 -0.119043
38.2137 -10.0174 337.185 -0.207721 0 -1.3 -0.177712 -0.833649 0.522923
37.7822 -28.6869 325.082 0.329807 0 1.88888 -0.052094 -0.637751 -0.768479
28.2687 -10.3199 342.61 1.88808 0.126399 -3.9 -0.0872324 0.346883 0.933843
41.1081 7.96387 314.311 0.463097 0 -4.5 0.378299 -0.0124662 -0.925599
6.11688 -4.73562 364.427 -0.0740075 0 -0.7 0.722276 -0.295757 0.625176
50.4843 -5.19175 341.414 0.183648 0.00353665 -4.5 0.176403 0.598884 0.781166
14.6167 -11.8709 320.586 -0.0948704 0.0051346 4.5 -0.327342 0.422775 -0.84505
33.9455 -18.3732 333.432 -0.278221 0 -3.5 0.638209 0.535301 0.553302
35.9782 -13.6034 312.227 0.311343 0 4.2 -0.0484761 -0.672519 -0.738491
8.87737 -2.99831 362.8 -0.268908 0 -0.7 -0.166597 0.522304 0.836328
13.3195 -12.9945 365.419 -1.14615 -0.311288 -0.4 0.48487 -0.42099 0.766595
19.7829 -17.4946 315.987 -0.0784842 0 -0.8 -0.931217 0.275476 0.238639
23.8941 7.26194 315.345 -0.303323 0 -0.8 -0.746389 0.662741 -0.0606479
35.5197 -16.8342 333.864 -0.261284 0 1.8 -0.707265 -0.607763 0.361111
-7.061 -17.3169 350.162 -0.510614 0 -0.8 0.633611 -0.587996 -0.502791
10.4028 -4.53438 322.922 -0.595874 0 -1.3 -0.30385 0.0859205 -0.948838
15.72 -21.471 322.43 0.136933 0.0208465 3.68466 0.687912 -0.0226709 -0.72544
-11.7428 0.353625 335.442 -0.375021 -0.0154915 -3.77764 -0.551116 -0.570804 0.608649
22.9024 5.82406 330.281 -0.933295 0 -3.62145 -0.933554 0.0781765 0.349809
8.934 3.77513 356.872 -0.303932 0 3.8 0.0141059 0.948898 0.315267
40.5725 10.4585 316.905 0.167527 0.113487 -4.5 0.346474 0.881291 0.321375
18.4543 -24.3829 327.833 0.198476 -0.0494102 -3.0043 -0.167087 -0.921865 0.349639
-4.76875 7.23956 340.815 0.225574 0.592755 -3.5 -0.477246 -0.0332814 0.878139
29.7394 17.8259 341.044 -0.664848 -0.122885 -3.75511 0.477911 0.77209 -0.418901
27.0951 -9.3895 337.304 0.111032 0 -3.9 0.136276 0.913721 -0.382809
32.182 -25.534 327.461 -0.354401 -0.122657 -3.5 -0.913926 0.254655 0.316053
8.498 11.1178 329.827 -0.0432312 0 2.8 0.302771 0.902684 -0.305763
4.6605 4.41825 348.158 -0.208775 0 -3.2 -0.308858 0.915691 -0.257132
10.5189 -6.73338 322.868 -0.340937 0 4.2 0.20552 0.255054 -0.944833
-2.72312 -8.44563 332.448 -0.106884 0 -2.75852 -0.57449 -0.375131 -0.727487
22.9919 -1.22662 320.701 -1.06079 0 -3.5 -0.759948 -0.380212 0.52718
47.6695 -15.2263 330.622 0.292394 0.301657 -0.9 0.8138 0.144752 0.562829
34.3473 7.00931 346.48 -0.727347 0.0202341 -0.80788 -0.32385 0.416872 0.849317
2.88175 12.3215 330.651 0.135856 0.222053 -0.8 0.641803 0.200641 -0.740156
-9.70425 -14.6556 348.98 -0.150934 0 -0.8 -0.495253 -0.00482849 -0.868735
34.9024 -29.7541 317.542 -0.200542 0 -3.5 0.901337 -0.431666 0.0354305
8.09825 -7.7385 320.784 -0.801688 0 -3.5 0.353332 0.790575 -0.500148
22.2925 -23.1612 322.92 0.209315 0 1.8 -0.290254 0.383105 -0.876917
2.71925 0.330563 366.799 -0.0154047 0 -4.5 -0.22797 0.809728 0.540713
7.00313 -18.4379 322.966 -0.555171 -0.0200104 -1.84964 -0.182338 -0.483546 -0.856117
17.2272 -16.6572 320.172 -0.813245 0 -3.5 0.326028 -0.683191 -0.653419
39.2718 10.9187 339.048 -0.0534252 0 -4.5 0.61523 0.781795 -0.101435
30.3307 6.94588 347.62 2.52733 0 -0.4 -0.278159 0.959079 0.0528689
22.7918 -16.4586 321.76 -0.545512 -0.627773 -0.7 -0.504791 -0.743725 -0.438246
23.5291 -0.188 344.354 -0.237214 0.373394 -2.69314 0.881115 -0.434039 -0.187739
33.8174 -28.7166 315.162 -0.151331 0 -3.5 0.36647 0.307073 -0.878297
22.6709 2.67575 310.041 -0.311285 0 1.8 -0.0893512 -0.462328 -0.882196
13.8476 -10.6802 337.62 -0.766734 0 -3.5 -0.879268 0.425487 0.214122
5.29144 4.17513 343.951 -0.330297 0 -0.300249 -0.599363 -0.647029 -0.471293
29.8199 -22.7779 324.786 -0.263986 0 -1.3 -0.242842 -0.780208 0.576457
45.4451 -1.89188 322.586 0.151955 0 -0.4 0.671099 0.687849 -0.276567
18.6865 -11.687 336.702 0.0404471 0.501266 -3.9 0.580252 0.23609 0.779467
18.2489 8.44687 364.282 1.80332 0.228628 -3.9 -0.837241 0.48601 0.250642
5.074 -0.462 362.032 -0.176438 0 -4.5 0.323238 0.864001 0.386031
38.8555 14.4353 330.203 -0.20945 0 -4.5 0.595146 0.700467 0.393888
20.6071 7.27763 338.608 0.0269556 -0.470668 -0.956624 0.0103768 -0.118527 -0.992897
-9.1455 0.681375 326.315 0.36152 0 -3.5 -0.317536 0.62273 -0.715107
30.6328 0.847625 311.393 1.60799 0.667371 -3.9 0.269196 0.0716852 -0.960414
3.154 8.8645 330.649 -0.851541 0 -3.5 0.628866 0.764536 -0.141468
27.7835 8.9955 344.693 -1.02192 0 -3.5 0.169769 -0.851033 0.496913
4.771 5.57275 318.822 -0.239556 0 -3.9 -0.2057 0.46863 -0.859112
38.1646 -25.215 318.177 -0.145113 0 -1.3 0.458337 -0.296053 -0.838021
26.5515 -12.097 307.617 -0.306007 0 -2.72169 0.0518827 -0.32182 -0.945378
36.7089 13.164 315.538 -1.04061 -0.34961 -3.5 0.270514 0.701334 -0.65951
5.57306 -23.9815 354.757 0.0322704 0 -3.5 -0.492231 -0.807703 -0.324538
-7.14631 -8.04509 334.162 -0.146732 0 -3.8155 -0.713744 -0.690471 0.117558
5.14787 9.39563 337.02 0.0571009 0 -3.2 -0.444353 0.894848 0.0424074
5.22556 -18.512 354.95 -1.07677 0 -3.5 -0.23619 -0.0920982 0.967333
-1.84662 -10.736 323.55 0.533085 0.209778 -4.5 -0.816786 -0.575384 0.042354
9.52312 4.138 326.564 -0.846568 0 -1.3 -0.343845 0.790791 -0.50638
29.3846 4.7875 312.461 -0.758348 0 -3.85943 0.625803 0.283098 -0.726792
50.1356 -19.6822 330.94 -0.607254 0 -3.5 0.78216 -0.0354743 0.622067
0.537 -8.51125 345.026 -0.24673 0.139438 -4.5 -0.814669 -0.561365 -0.145549
39.996 7.23575 320.707 0.284065 0 -0.4 0.818026 0.041401 0.57369
-14.9554 5.47956 336.751 -2.03544 -0.599535 -3.5 -0.944266 0.32495 -0.0526235
1.21862 -5.92037 338.831 -0.790598 0.682399 -2.47253 0.457197 -0.744839 -0.485989
3.50631 -15.9334 334.29 0.873058 0 -3.9 -0.804881 0.147681 0.574767
1.98225 7.61644 324.34 2.58 0.393078 -3.9 -0.984302 0.174847 0.024031
-1.78537 -12.6031 329.615 -0.154399 0 4.5 -0.877785 -0.355235 0.321406
49.2125 -9.57675 333.666 -0.145183 0 -3.5 0.562083 -0.630153 0.535696
18.0575 -19.723 321.936 -0.147107 0 -1.6 -0.151108 -0.548688 -0.822258
30.5284 -8.694 336.173 0.0922983 0 1.9 -0.476713 0.173439 0.861779
5.66787 -22.7151 356.737 -0.397786 0 -3.5 -0.582023 -0.197528 0.788817
-4.68381 -14.4439 349.116 -0.419578 0 4.2 0.249984 -0.624321 -0.740089
20.7038 12.3331 341.207 0.486969 0 -4.5 -0.513991 0.752572 -0.411641
27.1952 -12.0638 342.81 0.489791 0 -3.9 -0.401311 -0.215949 0.890121
0.045625 -4.52581 318.654 0.0420273 0.0585157 -4.5 -0.717495 -0.233148 -0.656386
-4.11525 0.04875 358.602 -1.99131 -0.803877 -3.5 -0.732986 0.677514 -0.06088
44.0551 2.02588 339.204 -0.837361 -0.00311709 0.0569161 0.508097 0.638798 0.577732
1.299 4.5115 342.19 0.7346 0 1.8 -0.233079 -0.611226 0.756357
49.5654 -11.196 332.143 0.410111 0 -2.37407 0.735411 -0.470915 0.487247
39.4194 5.92581 326.133 0.562803 0 -0.9 0.249283 0.515639 -0.81974
39.1512 -5.57956 345.212 -0.296696 0 -3.45573 0.0955475 -0.686947 0.720399
-0.35525 2.26625 360.689 -0.573492 0 -3.5 0.183272 0.852254 -0.489974
44.0714 -14.3243 322.595 -0.167334 0 -0.795769 0.698455 0.360118 -0.618446
36.2009 13.9665 335.446 -0.29068 0 -3.5 0.842427 0.537985 0.0298181
36.6748 6.54069 351.586 -0.0632429 -0.67045 -0.8 0.634893 0.536118 0.556316
30.4159 -25.8909 323.429 -0.317158 0 -1.3 -0.805799 -0.10321 0.583126
36.9829 4.20606 351.823 -0.102135 0 -0.8 0.410889 -0.429934 0.803944
20.5635 -2.961 319.855 -0.227291 0 -4.5 -0.0210006 0.156097 0.987518
16.2431 9.30387 345.007 -0.967788 0 -3.5 -0.731128 0.681883 -0.0220767
45.7135 -6.77462 339.265 -0.643201 0 3.8 0.124753 -0.108848 0.986199
43.5662 -1.16125 345.836 -0.680689 -0.0465712 2.47587 0.278514 -0.436901 0.855305
12.903 -10.039 320.46 -1.4828 0 4.5 0.176247 0.134988 -0.975046
48.5052 -10.4412 334.431 -0.269358 0 -4.5 0.999853 -0.00836583 0.0149723
32.8208 -21.4058 326.401 -0.512254 0 -1.3 -0.540219 -0.399678 0.740554
20.6475 0.70125 327.799 -0.277682 0.719267 -3.5 -0.447227 0.766 0.461771
37.6757 10.3981 325.671 -0.0287537 0 -1.3 0.86888 0.470228 0.154703
28.5234 -1.54062 334.996 -0.113297 0 -1.3 -0.68918 -0.515618 0.509086
38.6286 2.42838 348.92 0.128458 0 -0.4 0.291736 -0.491186 0.820747
-7.87784 -7.78241 354.062 -0.576119 0 1.8 -0.387762 0.558547 0.733257
5.27781 -16.7519 355.85 -0.611326 0 -3.5 -0.56543 -0.602845 0.562909
9.20944 -15.8801 321.789 -1.13577 -0.579771 -3.5 0.639629 -0.0665684 -0.765796
-9.54138 5.80531 332.26 -0.155521 0 -0.7 -0.899094 0.327943 -0.289973
25.1238 -24.3958 329.857 0.136774 0 2.94011 -0.129146 -0.961092 0.244178
18.9734 -3.00306 341.89 -0.509686 0 1.8 0.401493 -0.704942 -0.584688
1.34831 11.2913 336.009 -0.578841 0 -1.31508 0.56848 0.338238 0.74995
42.1796 3.08875 349.262 -1.88067 -0.106048 -3.5 -0.109239 -0.757048 0.644162
-3.84825 13.0781 336.407 -0.535599 0 -1.73962 -0.606677 0.769179 0.200763
2.94525 -17.0963 363.092 0.503032 0.0888992 -4.5 -0.133282 -0.783677 -0.606702
0.160375 0.251125 354.468 -0.569389 0 0.746909 0.148468 0.909203 0.388983
-5.40588 -8.66638 359.696 -1.05722 0.804497 -0.4 -0.777662 0.627945 -0.0304447
29.5718 8.30538 317.217 0.439043 0.410923 -4.5 -0.697874 0.612201 0.371728
28.6051 -12.1235 310.049 -0.463204 0 -3.5 0.498495 -0.829201 -0.252839
42.0107 -14.7479 341.182 0.575496 0.550737 -3.51271 -0.147007 -0.485956 0.861531
4.57312 -21.8341 354.762 -0.62665 0 -3.5 -0.917351 -0.384151 0.104382
52.02 -7.291 338.722 0.141647 0 -4.5 0.775121 0.299179 -0.556488
43.7049 4.11987 342.965 0.293166 0 -4.5 0.87982 -0.223592 -0.419432
36.6937 -12.4064 310.777 0.334466 0.0468598 -1.75212 0.63655 -0.634944 -0.43778
-7.12375 8.20975 334.298 -0.113756 0 -0.446401 -0.858756 0.512352 -0.00572907
21.022 -24.9453 323.479 2.36481 0 1.8 -0.730668 0.0789483 -0.678153
8.15137 -12.8901 334.756 0.365741 0 4.5 -0.522996 -0.673095 0.522894
46.6469 -4.057 328.916 -0.42873 0 -3.5 -0.237724 0.793959 -0.559568
27.9294 -22.2776 313.603 0.775016 0 -4.5 -0.52781 0.835283 0.154009
-0.9295 -0.007 352.915 -0.496212 0 -0.790154 -0.566092 0.708409 -0.421541
26.8624 0.542875 339.825 -0.000570969 0 -3.5 0.010278 -0.812684 0.582614
-9.30606 3.57556 339.028 -0.0569124 0.109548 -3.5 -0.359384 -0.465768 0.808643
8.42675 3.83775 324.687 -0.58058 0 -2.90391 -0.372368 0.926024 0.0618133
43.7786 -25.8301 323.123 -1.47446 -0.973619 -0.7 0.514478 -0.843124 0.156378
45.3045 3.43225 337.077 -0.27123 -0.493511 -0.4 0.403442 0.708897 0.578532
30.6558 -0.836 312.228 1.14343 0.0317792 -3.6025 0.178164 -0.878098 -0.444074
7.56444 -22.6724 326.959 -0.179861 -0.414483 -0.749318 -0.011083 -0.959897 0.280136
2.46981 6.21456 320.743 0.0455443 0 -3.9 -0.807909 0.272194 -0.522678
42.5831 -0.176938 345.587 -0.781239 0 2.8 -0.330159 -0.00965921 0.943876
22.4329 -3.16075 334.749 0.345893 0.107999 -1.3 0.480939 0.165408 0.86101
42.6995 -0.25775 327.246 0.594122 0.582266 0.03652 0.752925 0.658062 0.00760626
-1.28819 -16.857 354.29 -1.47563 -0.0862304 -2.67385 0.758975 -0.638694 0.126602
25.9552 -1.198 311.934 -0.642719 -0.143901 -2.60353 -0.193862 -0.326369 -0.925149
-5.42963 4.51412 330.452 -0.862985 -0.239461 -1.63912 -0.163295 0.620055 -0.767377
21.3101 11.5394 346.398 -0.560936 0 -0.7 -0.124889 0.968572 0.215105
30.5168 -10.6964 308.442 -1.20354 -0.332324 -3.5 0.766123 -0.264973 -0.585529
1.20131 8.99362 335.867 -0.635891 0 -3.57424 0.012922 0.279044 0.960191
33.4093 12.9866 344.121 0.803941 0.224861 -3.5 0.774098 0.0623653 0.629986
-9.51025 -7.90925 353.719 -0.495296 0 1.8 -0.657399 0.421339 0.62474
33.2552 15.4118 316.999 -0.0982831 0 -1.6 -0.717979 -0.100166 -0.68882
23.4992 6.70344 331.838 -1.09091 -0.00991309 -3.5 -0.971229 0.238147 -0.000856834
12.7557 1.87888 360.807 0.596059 0.120729 0.473597 0.113912 0.50935 0.852987
45.6049 4.88581 334.035 -0.496982 0 -3.5 0.980525 -0.190968 -0.0458415
37.8913 12.921 338.033 -0.411668 0 -3.57051 0.945334 0.0761904 -0.317077
45.1664 8.17644 336.428 -0.642574 -0.269287 -3.5 0.335947 0.564666 0.753851
52.4131 -19.3649 326.153 -0.0421873 0 1.8 0.541891 -0.721203 0.431533
24.526 -22.838 327.586 0.207415 0.756362 4.5 0.586198 -0.600931 -0.543373
0.57 -10.0875 342.042 -0.896962 0 1.9 -0.436346 -0.839493 0.323812
25.5154 -8.98406 336.111 0.248221 0 -3.62987 0.321301 0.845654 0.426187
10.7362 6.90075 322.678 -1.85762 0 -3.5 -0.336796 0.664345 -0.667244
24.6825 2.32175 350.391 -0.38033 0 -3.5 0.395235 -0.917288 -0.0487101
27.9077 6.47512 342.334 -1.91136 -0.652207 -2.98663 -0.320421 -0.480187 0.816548
27.2591 15.6163 329.539 -0.978509 -0.807592 -1.6 0.0591872 0.996356 0.0614182
19.977 1.49631 337.035 -0.137814 0 2.8 -0.137883 0.262983 -0.954897
27.2663 -14.9741 313.986 0.205584 0 0.690048 0.620985 -0.426287 -0.657766
42.6501 -17.3299 342.513 1.09214 0 -3.9 -0.395421 0.29841 0.868674
43.3934 -26.3951 331.372 -0.694163 0 -3.5 0.235616 -0.655921 0.717114
28.904 -26.756 328.155 2.8991 0.192932 -3.9 0.00624764 -0.59784 -0.801591
8.23619 5.61044 347.176 -0.164339 0 -3.9 -0.651639 0.728575 -0.211058
6.35437 -14.2093 349.494 -0.164927 0 -0.7 -0.852251 -0.457426 -0.25383
-5.70944 -15.4965 351.202 -0.77298 0 4.2 0.436466 -0.593006 -0.67664
40.055 -14.015 314.791 -0.135271 0 4.2 0.925527 0.187644 -0.328921
36.0256 9.27437 314.892 -0.203825 0 -3.5 0.198225 -0.388497 -0.899876
-1.51281 -1.04581 351.134 -0.141485 0 -0.7 -0.673295 0.727994 -0.129222
-14.5069 1.66294 332.101 0.508793 0.00123806 -3.9 -0.519674 0.852961 -0.0489577
9.78831 -11.3052 343.798 -0.555833 -0.128173 3.85073 -0.075215 -0.749088 -0.658187
1.04775 -16.3431 362.977 -0.200367 0 -4.36593 -0.0530112 -0.958908 -0.27872
26.9632 -8.50694 338.828 -0.0627457 0 -3.9 -0.113087 0.988387 -0.101506
0.290437 2.36575 339.806 0.196961 0 1.8 0.865821 -0.432984 0.250757
25.2414 0.579375 311.743 -0.597453 0 1.8 -0.359887 -0.356522 -0.862191
27.3997 -0.65375 310.63 -0.692875 -0.0213531 -3.5 -0.280918 -0.475574 -0.833615
-10.307 -18.0427 352.221 -0.346954 -0.71164 -0.8 -0.515998 -0.793842 0.321809
49.5338 -21.1973 325.352 -0.435645 0 -3.2 0.837225 -0.416911 -0.353892
20.2409 2.86212 338.34 -0.39521 0 2.8 0.137055 0.663237 -0.735753
1.85769 -8.57181 335.4 -0.617218 0 0.265232 0.316565 -0.273502 0.908286
8.113 4.55425 322.135 -0.437709 0 -3.5 0.335128 0.884351 -0.324982
49.1241 -1.30325 330.886 0.193501 0 1.8 0.25387 0.598109 -0.760142
38.8927 13.9473 323.067 -0.380508 0 -3.5 0.16551 -0.00649051 0.986187
15.3958 0.662375 333.423 0.0609748 0 3.8 0.869027 0.310733 -0.385015
19.2196 -6.62475 335.25 -0.295711 -0.0334656 -1.3 0.358125 0.219079 0.907607
20.1986 -12.4051 321.352 -0.0727728 0 -0.8 -0.306318 0.277707 -0.910521
19.4552 5.58131 319.944 0.525993 0.0907751 -4.5 -0.627693 0.222055 -0.746118
1.59575 -0.135688 340.291 -0.767842 0 -4.5 0.726958 0.685078 0.0469093
16.0385 -2.2125 331.99 -0.00323662 0 3.8 0.823418 0.564395 0.058662
25.4412 -10.1786 339.254 0.170755 0 -3.9 -0.914715 0.220566 0.338595
31.9915 -24.2586 309.578 0.604657 0.353975 -4.5 0.637693 -0.645824 -0.419832
18.8079 3.58025 320.956 0.208443 0.149222 -4.5 -0.846368 -0.183135 -0.500122
0.517 2.11912 317.931 -0.691289 -0.380195 -3.5 -0.773215 0.371641 0.513831
-2.578 15.1528 337.603 1.01198 0.508729 -3.9 -0.622529 0.47254 -0.62383
19.3514 8.64338 358.477 -0.248597 0 -1.6 -0.766865 0.602484 0.221205
-1.61088 0.73875 342.69 -0.020709 0 -4.5 0.097881 0.13319 0.986245
37.9383 -13.2458 335.648 -0.130745 -0.587512 3.8 -0.43132 0.133986 0.892194
24.1095 9.77906 336.094 0.284185 0 -0.7 -0.921857 -0.140045 -0.361341
50.6426 -12.8494 329.964 0.476315 0 -3.2 -0.021224 -0.421306 0.90667
19.2889 -21.0171 331.994 0.156985 0 -4.5 0.0833499 -0.529145 0.844428
34.9702 18.0562 330.183 0.00355632 0 -3.5 0.580471 0.814161 -0.0139935
-5.09075 4.45603 325.431 1.90803 0 -3.9 0.0886703 0.79347 -0.602115
-4.82888 -18.7393 353.83 -1.83482 -0.0815862 -3.5 -0.298147 -0.954042 -0.0302059
11.8362 7.81869 350.332 -0.311021 -0.143221 -2.34794 0.302354 0.704768 0.641782
18.6756 7.35925 357.173 -1.13087 -0.0522223 -1.6 -0.885006 0.460607 0.0678661
43.235 -14.9274 316.82 -0.141959 0 -0.7 0.398569 -0.436807 -0.806438
22.3439 -16.5096 309.043 -0.124551 -0.150835 -1.6 -0.542099 0.66971 -0.50756
26.9855 -22.7885 324.221 -1.44888 -0.501046 -3.5 0.130009 -0.940541 0.313816
1.49375 -11.8778 321.358 0.279345 0 -4.5 -0.0470764 -0.747572 -0.662511
0.451625 -9.15075 346.009 0.226131 0.72934 -4.5 -0.557333 -0.776435 -0.294156
26.8521 -27.6941 316.739 0.945407 0.451521 -1.38038 -0.706466 -0.563971 0.4276
21.1846 -19.6152 307.45 -0.0406391 0 -0.4 -0.843734 -0.321544 -0.429793
18.71 -20.3811 313.645 -0.130251 0 -1.6 -0.96689 -0.240746 0.0846483
12.0831 -8.32875 365.2 0.310193 0 -0.4 -0.110812 0.747924 0.65447
-6.753 -10.6775 354.667 -1.51264 0 -3.5 -0.765417 0.290167 0.574404
-14.0232 1.30412 330.276 0.396973 0 -3.9 -0.140441 0.692849 -0.707274
1.37781 -0.41375 355.406 -0.299147 0 1.9 -0.0236916 0.875074 0.483409
28.7342 16.4695 343.271 -0.331292 0 -3.9 -0.728096 0.170927 0.663822
40.9386 -5.59675 345.278 -2.24999 -0.131731 3.8 0.51064 -0.521646 0.68347
28.5987 11.8779 322.624 -0.358717 0 -1.21735 -0.0650718 0.681156 -0.729241
20.1957 3.72563 320.167 -0.59864 0 -4.5 -0.316096 -0.330816 -0.889182
41.9546 14.3659 320.188 -0.230412 0 -3.5 0.896399 -0.0764671 -0.436602
33.1881 -6.19531 340.868 0.0437127 0.431968 -4.03699 -0.917772 -0.0469254 0.394325
-0.386125 -9.46663 341.274 -1.26941 0 1.9 -0.6771 -0.697905 -0.233376
16.8929 -13.0296 339.577 2.8552 0.354673 -3.9 0.285536 -0.218477 0.933133
-2.23537 -7.31925 327.44 0.103038 0 2.83314 -0.898265 -0.124674 0.421399
27.2887 3.46006 341.776 -1.90346 -0.071923 -3.5 -0.133364 -0.127407 0.982844
11.3993 7.54388 342.389 -1.53262 -0.893429 -0.8 -0.362191 0.188835 -0.912776
6.67681 -16.3386 350.141 -0.171623 0 -3.5 -0.341922 -0.352613 -0.871064
50.407 -4.75688 327.996 0.0686828 0 -3.5 0.69635 0.652918 0.297984
11.267 -8.42125 351.751 -0.257876 0 1.8 0.439116 -0.896156 0.0638924
31.8309 3.70003 350.2 1.19617 0 -0.4 0.191236 -0.434698 0.880038
3.76712 10.0589 324.191 -0.890532 -0.236087 -3.69008 -0.114506 0.804105 -0.583355
1.4515 -15.9515 355.755 -1.62569 -0.0684354 4.2 0.12318 -0.946446 0.298441
12.3674 -16.6733 360.609 -1.46367 -0.124341 -3.5 0.266456 -0.920056 -0.287223
29.5233 -12.2692 311.102 0.113705 0 -1.6 0.191154 -0.88445 -0.425685
21.396 -18.7309 334.961 -0.244705 0 -4.5 0.23314 -0.894533 0.381387
4.45775 4.6195 341.491 -0.338006 0 -2.70603 0.360156 -0.915877 0.177362
23.0681 -23.3224 310.396 -0.0761824 -0.00862449 0.889837 -0.231225 -0.0430116 -0.971949
35.4505 -27.4303 325.506 0.41287 0.190822 1.8 -0.663943 -0.745708 -0.0556785
43.5179 8.11531 337.536 -0.0162902 0 -3.5 0.489216 0.857418 0.159697
6.815 -13.789 320.042 -0.78972 -0.035715 -3.5 0.157836 -0.25151 -0.954898
21.5635 10.9066 331.567 -0.0930082 0 -1.6 -0.960885 -0.272752 0.0480324
39.625 7.90875 313.85 0.912039 0.425687 -4.5 -0.357705 0.123727 -0.925602
9.41737 -17.35 359.483 -0.0717037 0 -4.32056 0.577917 -0.775862 -0.253082
44.6719 0.728875 340.231 -0.422867 -0.096166 1.8917 0.756965 0.611782 0.229622
17.3051 -6.15263 318.051 0.422815 0.128801 -4.5 -0.951183 -0.0946332 -0.29376
-7.71562 -18.0326 356.105 0.0418745 0 -3.2 0.147306 -0.951392 -0.27047
53.1496 -7.598 333.243 -0.24155 0 -3.5 0.434273 0.16891 0.884803
-0.117875 -14.6489 349.383 -0.466724 0 4.2 -0.167173 -0.358126 -0.918585
8.67087 -19.9883 352.539 -0.0786609 0.105387 -3.5 0.40409 -0.593927 -0.695674
29.1871 9.22906 313.535 0.682558 0 -4.5 -0.372414 0.75483 -0.539944
32.1127 15.5245 346.029 3.22929 0.0865103 -3.9 -0.215983 -0.0247631 0.976083
-8.83581 -10.8612 359.3 -1.02377 0 -0.8 -0.906015 0.409066 0.108639
-4.60781 -2.36162 320.284 -0.489645 0 -3.5 -0.0134325 0.862245 -0.506314
29.7099 -11.7654 342.919 2.5416 0 -3.9 0.18135 -0.158723 0.970525
-4.77469 0.163687 355.863 -0.49359 0 -0.9 -0.745118 0.659939 -0.0963307
10.1291 -4.10425 363.02 -0.0323188 0.462482 -0.7 0.221185 0.0842778 0.971583
-5.6935 -8.66325 336.366 0.215101 0 -3.9 -0.315091 -0.726728 0.610396
-8.50675 -7.2835 350.807 0.102431 0.259345 1.8 -0.656337 0.517124 -0.549367
-0.5455 -11.4471 321.255 -0.117272 0 -4.5 -0.191351 -0.937495 -0.290667
36.3446 -33.6236 326.431 0.462828 0 1.9 -0.150254 -0.968724 -0.19748
-4.86569 -18.2349 352.256 -2.4132 -0.800692 -3.5 -0.0148742 -0.696066 -0.717824
4.3785 -10.9171 346.804 -0.888814 0 -1.15358 -0.811988 -0.496361 0.307085
45.2643 6.5505 340.967 0.959492 0.781248 -4.5 0.924769 -0.329763 -0.18989
-16.6615 -1.65556 331.662 1.42644 0.098899 -3.9 -0.826536 -0.556077 0.0872728
-9.99638 -15.8314 358.07 -0.189079 0 -3.2 -0.95532 0.17493 0.238251
16.7085 -10.2861 354.788 -0.40016 0 -0.7 0.361806 -0.932207 0.00935489
-2.70225 14.1434 341.692 -0.166371 0 -3.9 -0.359568 0.618891 0.698345
20.7314 -1.17956 315.798 -0.306899 0 0.846526 -0.807938 0.509727 0.295661
-4.84544 8.08331 330.687 -0.373434 0 -0.7 -0.69586 0.0754501 -0.714203
50.0587 -8.2375 342.862 0.81466 0.763424 -4.5 -0.31542 0.0140851 0.948848
13.8899 -15.5237 335.545 0.0781983 0 -3.9 0.199114 -0.96399 0.176288
21.8575 6.4435 311.148 -0.142288 0 1.8 -0.028811 0.997894 -0.0581126
32.3345 14.5449 321.371 -0.491323 -0.21455 -1.59388 -0.712009 0.513752 -0.478647
-4.11606 2.86444 336.098 0.0479141 0 -1.47412 -0.465323 -0.501659 0.729254
26.886 -14.487 312.336 -0.100228 0 -1.6 0.686133 -0.723994 -0.0710861
18.169 -2.275 320.75 -0.535035 0 -3.2 0.724962 0.635067 -0.266684
-3.25391 15.2999 339.675 1.46717 0 -3.9 -0.806855 0.575949 0.131408
14.9919 1.10744 328.708 -0.237838 0 -0.900629 0.547469 0.730526 0.408179
43.3139 -24.2276 332.684 0.912891 0.00290553 -3.8518 -0.320958 -0.791052 0.52079
25.8316 -5.42462 333 -0.517166 0 1.64428 -0.45023 0.388578 0.803928
20.0713 9.37375 354.244 -1.13354 -0.000716493 -0.838795 -0.0800497 0.957327 -0.277699
32.8039 16.1335 319.521 0.146725 0 -1.6 -0.988086 0.150728 0.0310852
24.1772 12.1311 323.87 -0.647841 -0.411161 -2.84118 -0.620889 -0.000445469 -0.783898
40.3595 -26.411 330.439 0.275065 0 -3.5 -0.169914 -0.714146 0.679062
17.2418 -14.9087 319.102 -0.431112 0 -3.5 0.539738 -0.349222 -0.765981
24.801 -7.32731 334.291 -1.67257 0 2.8 0.149734 0.706229 0.691968
16.7719 9.62994 343.618 -1.68879 0 -3.5 -0.814465 0.560213 -0.151028
52.6693 -14.8872 329.55 -0.335536 -0.255306 -3.45845 -0.161266 -0.440795 0.883002
24.2918 10.6672 350.107 -0.438411 0 -0.7 0.678674 0.497166 0.54058
48.119 -0.41325 332.908 0.159373 0 1.8 0.362287 0.927267 -0.0944707
35.1661 -12.9963 310.096 0.696253 0.417949 -4.5 0.135735 -0.921632 -0.363553
39.8797 9.75 326.899 0.278193 0 -0.9 0.438254 0.628125 -0.642956
36.797 -16.1095 313.552 0.0486982 0 4.2 -0.122175 -0.667003 -0.734969
17.8073 -11.6811 313.919 0.516601 0 -4.5 -0.667039 0.191117 -0.720092
0.012 -7.31887 366.161 -0.223471 0 -3.5 -0.130509 -0.52408 0.84161
30.8516 2.09625 312.193 2.37182 0 -3.62324 0.323903 0.59173 -0.738202
30.9894 -25.1061 324.698 -0.403958 0 -1.3 -0.880712 -0.0957467 0.463874
3.805 -5.52688 317.906 0.0574195 0 -4.5 0.428824 -0.682473 -0.591895
40.1916 8.25881 326.582 0.230941 0 -0.9 0.411889 0.199358 -0.889159
-9.05138 -9.25412 354.126 -0.64343 0 1.8 -0.349959 -0.0524799 0.935294
24.7045 7.16584 313.325 -0.151598 0 -0.8 -0.239428 0.884442 -0.400545
27.5632 14.6477 334.815 0.038321 0 -0.657763 -0.231198 0.950677 0.206788
46.3495 -1.90912 324.337 -0.000408147 0 2.8 -0.0496773 0.962899 0.26525
22.3248 9.09869 351.148 -0.203625 0 -0.631341 0.0975543 0.451783 0.886778
38.381 -11.9284 335.726 -0.0794841 -0.866423 3.8 -0.647378 -0.154415 0.746363
7.71956 -14.4404 346.181 -0.446905 0 -3.5 0.0324192 -0.97896 -0.201458
0.952375 1.31125 360.9 -0.905348 0 -3.5 0.449409 0.661032 -0.60089
12.6781 -17.3085 364.786 -1.0001 0 -3.5 0.628206 -0.308995 0.714059
19.0945 -0.8445 323.161 -0.768878 0 -3.5 -0.220395 0.0657576 -0.973192
13.9796 -16.1966 363.147 -0.4908 0 -3.5 0.957268 -0.288678 -0.0173919
-6.999 -15.743 349.683 -0.462205 0 -0.8 0.461055 -0.424403 -0.779301
30.1772 -9.84225 341.841 2.73592 0.117415 -3.9 0.697836 0.70196 0.142401
35.5101 -10.5264 340.033 -0.0689856 0 -1.3 0.246051 -0.946986 0.206584
33.802 -0.80775 345.314 -0.545127 0 -0.8 -0.433581 -0.830154 -0.350503
2.14563 -15.7928 331.439 0.0969977 0 -3.9 -0.82555 -0.375412 0.421347
37.1045 -20.1638 336.248 -0.121667 0 -0.7 -0.961794 0.273257 -0.0168136
6.756 -16.9301 320.625 -0.738261 -0.550801 -3.5 0.0472134 -0.675455 -0.735888
30.9575 -6.23012 336.57 0.701879 0 -4.5 -0.762156 -0.517425 0.389088
6.245 11.1362 326.429 -1.91649 0 -3.5 0.773705 0.488284 -0.403683
46.4194 0.443563 338.183 -0.0233443 0 -3.5 0.758351 0.486154 0.434232
28.9002 -16.9774 315.542 0.134119 0 3.8 -0.0415863 -0.66222 -0.748155
27.9886 -9.87712 311.93 -0.444732 0 -2.77309 0.698914 0.695464 0.16688
24.3457 -24.8363 324.377 1.00746 0 1.8 0.837429 -0.519307 -0.170391
51.7977 -9.68419 328.206 -1.08787 -0.119962 -3.2 0.489519 0.556304 -0.671489
14.7934 7.76687 350.922 -0.430168 0 1.8 -0.543514 0.721658 0.428722
-11.7583 -1.41256 333.014 -0.558898 0 -3.9 -0.136653 -0.957838 0.25273
37.0261 -24.0566 317.191 0.0775855 0 -0.511972 0.878711 -0.0300805 -0.476406
22.5812 10.2284 332.2 0.540533 0 -1.6 -0.653639 -0.527726 0.542458
34.7441 -29.6705 315.822 -0.395623 -0.821714 -3.5 0.989372 0.0545855 -0.134773
50.8836 -6.13481 332.579 -0.656986 -0.289568 -3.5 0.53992 0.676675 0.500596
-4.21544 -3.79713 329.144 -0.322564 0 -3.5 -0.00520355 -0.998168 0.0602841
25.5426 15.1248 331.915 0.330042 0 -0.969298 0.00160286 0.811514 0.584331
6.56619 -14.1269 344.786 -0.782752 0 -3.5 -0.208092 -0.912649 -0.351808
-4.45494 9.26225 330.509 -0.202262 0 -0.7 -0.704425 0.268227 -0.657145
23.7735 2.21519 351.168 -0.00979877 0 -3.5 0.420989 -0.906961 0.0137708
32.184 -15.3193 314.109 -0.742331 -0.181219 -4.5 -0.404574 -0.278546 -0.871052
-5.18406 -3.8835 356.692 -0.862413 0 -1.69281 -0.957095 0.186383 0.221881
15.2297 4.03984 333.795 0.639726 0 -0.4 0.939815 -0.226252 -0.256041
5.71331 -6.141 363.838 -0.610148 -0.28671 -3.09429 0.368877 -0.191937 0.909445
6.57225 -14.529 366.51 -1.7136 -0.423167 -3.5 0.130683 -0.857646 0.497358
-4.05906 -15.6453 351.892 -0.979726 0 -2.10333 0.127013 -0.507565 -0.8522
-4.11281 -9.61156 334.854 -0.0283006 0 -3.9 -0.20027 -0.972469 0.119147
41.8536 4.57312 315.97 1.04378 0 -4.5 0.884112 -0.445902 0.139706
9.28325 -16.4849 350.613 -0.159559 -0.224731 -0.7 0.39783 -0.670924 -0.625773
-2.82525 -18.2599 358.439 -0.311481 0 -1.6 -0.0563035 -0.981991 -0.180344
7.62988 -16.7007 334.22 3.72625 0.0926669 -3.9 0.827925 -0.144798 0.541825
18.6058 -0.441875 361.587 -0.153531 0 -1.6 -0.26583 -0.359692 0.894403
16.5506 -15.2015 336.155 0.474375 0 -3.9 0.0154918 -0.925609 0.378164
3.75575 -9.90012 341.94 0.159148 0 1.9 0.438942 -0.745435 -0.501654
21.917 11.4451 348.118 -0.897956 0.081863 -0.7 -0.0632184 0.965816 0.251403
33.1601 -1.51681 311.37 0.249123 0 -3.9 -0.1317 -0.42093 -0.897482
41.2931 6.36975 350.719 -0.226743 0 -3.5 0.273193 0.326595 0.904821
11.97 -18.8125 364.392 -1.97302 -0.0596112 -3.5 0.544867 -0.679676 0.491082
40.2599 3.74756 326.501 1.61774 -0.214313 -1.55494 0.998942 -0.00812582 0.0452727
19.8366 -6.48381 315.048 -1.78019 -0.657276 -3.6488 -0.498368 -0.485197 -0.71848
24.993 -4.32013 346.287 -1.44205 -0.427782 -3.5 0.847022 -0.0553079 -0.528673
-7.28337 1.888 325.858 3.97236 0.158067 -3.9 -0.690222 -0.00950695 -0.723536
0.041625 -1.39313 318.49 -0.497942 0 -4.22937 -0.810752 -0.121364 -0.572671
-14.8876 4.23588 336.179 -1.39861 0 -3.5 -0.91666 -0.234424 -0.323696
17.2598 -22.0958 323.668 0.440892 0.0370883 -3.5 0.653501 -0.122644 -0.746923
-6.679 -6.68731 353.521 -0.386651 0 -0.176177 -0.787042 0.588581 0.184762
18.902 3.354 327.614 0.0588981 0.0515881 -4.5 0.10703 -0.596183 0.795682
11.0399 4.96825 355.894 -0.273255 0 3.8 -0.579655 0.803403 0.136172
41.0303 -10.5945 319.113 -0.522759 0 1.73042 0.537939 0.455073 -0.709598
4.81075 -1.317 341.497 -0.871977 0.088037 -1.84907 -0.241914 0.939793 -0.241384
25.3129 3.40488 349.144 -1.47885 0 -3.5 0.549275 -0.814397 -0.187229
47.1856 -13.3363 342.523 -0.235634 0 -3.5 0.397493 -0.159993 0.903549
22.6295 -4.06625 355.269 0.0398981 0 -3.5 0.702035 -0.245781 -0.668385
20.5551 6.12581 326.934 0.0191479 0 -4.5 -0.458236 0.785673 0.415617
47.0019 -15.4183 332.691 -0.235261 0 -0.9 0.946759 -0.274734 -0.167838
27.8599 -9.38156 313.239 -0.760912 -0.791539 -1.6 0.764933 0.617709 -0.182522
23.6775 15.421 339.73 -0.142705 0 -3.5 -0.989285 0.143444 -0.0271907
-5.81413 -4.58119 328.284 0.127427 0 -0.4 0.128991 -0.865624 0.483793
18.9185 -4.98637 334.962 -0.335121 -0.679998 -1.3 0.309978 0.434502 0.845649
49.9761 -13.5721 339.747 0.125849 0 -4.5 0.5011 -0.790396 0.352382
-13.1685 0.69425 334.503 -0.0716267 0 -3.9 -0.284071 -0.158528 0.945607
11.9342 6.44325 328.108 -0.135192 0 -1.3 0.287897 0.956696 0.042981
49.6298 -4.51587 333.155 0.076249 -0.0317219 -0.206739 0.8954 0.0479532 0.442673
-2.55312 -10.4569 326.438 0.00257026 0 4.5 -0.976604 0.126437 -0.17395
3.49262 -20.5292 354.866 -2.31497 -0.228064 -3.5 -0.594625 -0.3687 0.71448
21.982 11.9082 333.179 0.232038 0 -1.6 -0.811616 -0.428436 0.397142
-2.7225 -7.264 342.617 -2.2365 -0.456782 -3.5 -0.349098 -0.865649 0.358862
22.4249 2.93337 334.749 -0.263363 -0.501628 -3.5 -0.967946 0.0402035 -0.247921
22.0221 1.51969 349.889 -0.188885 0.595709 -3.5 0.785698 -0.600907 -0.146934
15.7888 -1.43919 333.031 -0.0335032 0 3.8 0.739477 0.491934 -0.459538
-1.60519 -17.4895 357.579 -0.207603 0 -1.6 0.42285 -0.853778 -0.303746
9.99487 -22.611 325.422 -0.189374 -0.265133 0.660599 -0.175833 -0.960109 -0.217426
13.0529 9.90525 336.276 -0.374078 0 -3.5 -0.251353 0.950265 -0.183898
38.6346 -2.21112 348.746 -0.141675 0 3.8 -0.186778 0.244856 0.951399
-4.866 -8.78925 333.026 -0.184362 0 -3.9 -0.103978 -0.551785 -0.827479
17.5916 3.72412 338.152 -0.0573245 0 -0.5128 0.0102469 -0.628379 -0.77784
1.28194 -16.2664 353.06 -0.704322 0 4.2 -0.240094 -0.947342 0.211893
24.9559 10.1265 322.263 -0.0941944 0 -1.6 -0.738778 0.242 -0.629002
-3.41656 -2.88212 334.113 0.124197 0.684425 -1.22854 -0.801942 0.0402438 0.596045
11.6646 -12.2048 343.759 -1.86047 -0.442621 3.8 0.204658 -0.763529 -0.612486
42.3302 8.75806 318.131 0.842426 0.808972 -4.5 0.651582 0.524733 0.547811
49.9778 -9.02125 326.732 -0.438435 -0.0190256 -3.37548 0.657828 -0.142185 -0.739625
13.4375 -11.142 320.878 -0.237517 0 4.5 0.0182568 -0.133379 -0.990897
6.65025 3.96688 324.993 -0.616389 0 -0.7 0.542015 0.728104 -0.419625
38.7909 9.129 325.991 0.0962637 0 -0.929552 0.679451 0.195703 -0.70714
12.6355 -20.0249 334.019 -0.0198916 0 -0.7 0.305015 -0.351874 0.884958
29.0977 -21.7858 315.999 0.104263 0 -4.5 -0.268393 0.961586 -0.0576027
8.97656 8.49925 349.926 -0.0651036 0 -3.9 -0.586631 0.361182 0.724853
9.04237 -21.0604 356.323 -0.396373 -0.101738 -3.5 0.766522 -0.44869 0.459479
33.7835 11.756 317.376 -0.88692 -0.0594008 -3.5 -0.755805 0.570181 -0.321949
-12.5721 -15.4754 351.37 -1.363 0 -3.5 -0.0378265 -0.211032 -0.976747
29.1763 -27.4481 330.684 2.49503 0.100723 -3.9 -0.0223579 -0.864202 0.502648
24.6785 -22.8021 321.977 -0.898256 0.167971 -3.2 -0.923993 0.183904 -0.335285
48.4407 -25.4056 327.47 -0.647028 0 -3.2 0.751275 -0.532834 -0.389453
24.7366 -15.5516 338.214 -0.177078 0 -3.5 0.284036 -0.353402 0.891308
49.8844 -5.85588 334.081 0.041624 -0.25738 -4.20159 0.764905 0.640363 -0.069687
25.7663 -19.7481 306.568 0.100297 0.374595 -4.5 -0.411746 -0.410547 -0.813582
6.75025 -18.504 362.64 -0.368448 0 -4.5 -0.571297 -0.797166 0.195309
45.0499 -16.0351 340.43 -0.138845 0 -3.55976 0.498972 -0.132559 0.85642
37.0451 -27.4293 322.88 -0.173309 0 1.8 0.294612 -0.86453 -0.407175
10.0781 -16.2141 333.194 -2.02296 0 -1.6 -0.408577 -0.574589 0.709163
25.1881 18.9369 338.328 -0.396731 0 -3.5 -0.445082 0.735058 -0.51146
-5.71562 -6.94588 347.807 -0.320007 0 -3.2 -0.43447 -0.34155 -0.833414
-16.7303 0.478 331.892 3.08847 0.123963 -3.9 -0.868242 0.31842 0.380479
37.6662 -26.2584 317.957 -0.157177 0 -1.18448 0.748581 -0.439086 -0.49682
8.85181 5.34669 327.919 -0.182367 0 -1.3 -0.281623 0.524111 -0.803739
30.9583 14.2149 345.164 0.887674 0 -3.53077 -0.611522 0.262671 0.746354
9.682 -11.9849 368.31 -2.0875 -0.694153 -3.5 0.309693 -0.327945 0.892492
36.985 1.22613 314.769 0.159726 0 -4.44465 0.473399 0.0899381 -0.876245
0.8545 -16.2469 327.696 -1.45839 -0.871782 -1.6 -0.912495 -0.234211 0.335407
18.0838 4.20456 363.085 -0.118746 0 -3.9 -0.507012 -0.642692 0.574357
30.1213 -10.3409 342.798 2.47877 0.450999 -3.9 0.387182 0.385119 0.837719
43.4276 0.493625 324.769 0.961678 0 -0.4 0.541387 0.684627 0.488043
32.1289 5.83938 313.836 0.208298 0 -4.5 0.356783 -0.180753 -0.916534
-7.80788 -10.5907 360.442 -0.694852 0 -0.8 -0.712307 0.482804 0.509431
34.3363 -13.8291 336.275 -2.02062 -0.266217 -3.5 0.013044 -0.626602 0.779231
-6.84806 -7.20109 354.997 -0.602549 0 -3.2 -0.928882 -0.0800213 0.361629
32.7194 -9.09587 312.735 0.237538 0 -4.5 -0.541144 0.840582 0.0241989
38.0858 -32.1216 326.182 0.51213 0 1.9 0.425653 -0.473525 -0.771099
28.2109 -8.61425 310.189 -0.630391 -0.248633 -3.5 0.366997 0.883532 0.291004
9.22087 -13.7055 345.76 -0.143387 0.048553 -1.87127 0.38072 -0.837402 -0.392186
30.8789 15.9641 337.416 -0.0658064 -0.728267 -3.2607 -0.246975 0.96644 -0.0706884
19.9748 -11.3892 316.97 -0.279052 0 -4.5 -0.308787 -0.127266 0.942578
45.5449 -0.55675 340.08 -0.403392 0 -3.5 0.655357 0.510159 0.556996
9.81719 -20.0109 353.911 -0.0829428 0 -3.5 0.666572 -0.689369 -0.283641
40.9481 6.56716 330.532 -0.449124 0 -0.9 0.784891 0.523247 0.331902
41.8486 -26.8705 330.961 0.308568 0 -3.5 -0.0188351 -0.672922 0.739473
54.7858 -9.96231 331.286 -1.99422 -0.0270566 -3.5 0.728661 -0.515748 0.450618
37.4731 6.78956 325.128 -0.20548 -0.0163941 -2.22552 0.855271 0.383121 -0.348898
25.7536 -9.03456 320.228 -0.853003 0 -0.7 -0.956742 0.178036 0.230102
19.3967 -21.0419 311.997 -0.157214 0 -1.6 -0.83824 -0.442266 -0.31899
18.0975 5.71369 326.825 -0.208625 0 -4.5 -0.384952 0.824085 0.415567
6.029 -22.8102 327.256 0.772305 0.774444 -0.8 0.181106 -0.504312 0.844316
17.2811 8.12031 339.219 -0.25909 0 -0.7 0.12464 0.949253 -0.288761
2.39181 -15.3977 361.646 -0.151257 0 -4.5 -0.0398801 -0.915415 -0.400531
-2.1085 -1.76875 349.966 -0.379169 0.16354 -1.82563 -0.613542 0.775776 -0.147436
30.5425 8.82644 312.657 0.567483 0 -4.5 -0.107203 0.436897 -0.893101
24.9021 -6.82025 314.117 0.365115 0.496436 -0.8 -0.131852 -0.117949 -0.984227
13.848 -15.3538 361.844 -0.480007 0 -3.5 0.752215 -0.655871 0.0632966
24.8724 -28.7377 314.598 0.139791 0 -0.8 -0.2957 -0.750482 0.591049
0.576375 -12.4361 324.214 0.531488 0 -3.70022 -0.650612 -0.62144 -0.436482
23.455 -21.0717 325.543 -0.617009 0 0.288751 -0.521973 0.410072 -0.74792
41.2388 -8.59988 343.893 -1.24886 -0.295628 -3.5 0.75586 0.624835 0.195592
33.5535 -0.19675 349.063 0.517903 -0.367283 -0.8 0.0366504 -0.238702 0.970401
33.5393 -9.13575 338.245 -0.218944 0 -1.3 -0.918513 -0.23209 0.320106
7.09525 1.20475 343.26 -0.171357 0 3.8 -0.863778 0.236769 -0.444779
30.7157 -31.4684 314.505 -0.0438154 0 -3.5 -0.743191 0.00368482 -0.669069
41.259 15.6667 322.066 -0.382989 0 -3.5 0.643825 0.41047 0.645759
6.03387 -18.4727 332.718 1.57499 0.583034 -3.9 -0.0472645 -0.998856 0.00725623
48.7424 -13.0157 331.767 0.386069 0 1.8 0.816463 -0.571799 0.0802125
16.6236 9.38219 351.769 -0.263472 0 1.8 -0.206533 0.860453 0.465794
46.7803 -24.9874 331.143 -0.0450888 0.176623 -3.36204 0.438116 -0.600609 0.668822
0.606812 -15.7612 358.832 -0.83907 0 -1.6 0.686741 -0.699643 -0.197198
41.6162 5.4085 331.626 -0.365707 0 -0.9 0.367017 0.903459 -0.221494
47.5249 -1.07719 337.872 -0.191471 0 -3.5 0.897206 0.441559 0.0068869
31.8019 -21.2257 307.036 0.52254 0 -4.5 0.856474 0.516188 0.000987939
29.9444 -5.22881 335.561 0.602127 0 -4.5 -0.63379 -0.491386 0.597369
23.6909 -10.2299 311.607 -1.75743 -0.115031 -3.5 -0.800526 0.57931 -0.153487
20.2931 6.45487 365.884 1.08183 0 -3.9 0.291726 -0.441245 0.848645
35.6068 5.26813 315.752 0.503877 0 -0.7 0.336296 0.274631 -0.900823
-9.95362 -2.50437 332.768 -1.00717 0 -3.87547 -0.775834 -0.602493 0.187305
2.35231 -20.8406 322.663 -0.625211 -0.575213 -1.4483 -0.487881 -0.204088 -0.848716
18.9979 -1.42387 339.938 -0.900407 0 2.8 0.279714 -0.933991 -0.222307
31.6991 -20.8015 326.595 -0.287282 0 -1.3 -0.117626 -0.731902 0.671181
4.05381 -14.3293 321.098 0.361352 0.77399 -3.5 -0.333338 0.464042 -0.820701
23.5627 5.69944 310.923 0.109531 0 1.8 0.154189 0.852902 -0.498782
27.4767 -8.08225 314.99 -0.427405 -0.00468227 -1.6 0.889735 0.36907 -0.268625
0.980187 -7.37875 339.934 -1.15596 0 1.9 0.31835 -0.370301 -0.872657
5.5415 -19.9595 351.369 -1.76071 0 -3.5 0.329677 -0.662436 -0.672675
4.71981 -0.530875 356.483 0.158613 0 3.8 -0.464751 0.878667 0.109318
27.7986 -0.250625 338.286 -0.86095 0 -3.5 -0.0475842 -0.955502 0.29112
22.3638 -2.09225 342.81 -0.48132 0 1.8 0.674634 -0.736986 -0.0414793
17.3046 -7.61625 346.143 3.74123 0 -3.9 0.678925 -0.527197 -0.511004
4.84294 4.8625 350.33 -0.154948 0 -3.2 -0.0547368 0.970738 -0.233818
20.0606 -18.4962 321.977 -0.109057 0 -1.6 0.6889 -0.621443 -0.373128
34.2841 -9.22125 345.873 0.488189 0.122225 -4.5 -0.77055 -0.631709 0.0848331
16.9331 3.87913 325.896 -0.313258 0.503758 -4.5 -0.270625 0.296066 -0.916028
51.2266 -14.4932 329.461 -0.0114885 -0.0297906 -3.21257 -0.149421 -0.119441 0.981533
-3.78988 -2.57581 360.121 -1.12228 0 -0.9 -0.826132 -0.164539 0.538919
25.9524 11.3049 321.862 0.0028864 0 -1.6 -0.318935 0.510465 -0.798565
16.9434 1.84181 326.897 -0.342888 0 -0.8 -0.0700476 0.707404 0.70333
-6.77669 -9.03569 363.012 -0.479968 0 -0.4 -0.835827 0.53412 0.126921
30.6673 -6.76994 335.592 0.0977077 0 1.9 -0.781751 -0.105968 0.614521
-4.05525 11.7789 342.208 -1.92142 -0.735402 -3.5 -0.919724 0.28245 0.272635
42.9603 -23.717 319.538 -0.0543192 0 -0.7 0.366043 -0.259064 -0.893811
38.7837 -12.6678 337.08 -1.33704 -0.275263 3.8 -0.800181 0.155161 0.579341
-3.481 0.6835 362.905 -2.21431 -0.783317 -3.5 -0.545253 0.0945293 0.832925
1.4385 -22.3463 329.214 0.316703 0.188676 -3.5 -0.370898 -0.584453 0.721698
36.4981 -26.8119 333.707 -0.751876 -0.25522 1.8 -0.20737 -0.690074 0.693394
38.768 9.74975 322.183 -0.130009 0 -3.43099 0.845492 -0.366289 0.388556
29.2296 -26.1111 312.233 0.196503 0.497853 -3.49626 0.563359 -0.650653 -0.509194
23.6169 13.6921 334.68 0.233696 0 -0.889008 -0.163191 0.9826 0.0886894
5.49525 4.51687 352.983 -0.927059 0 -3.2 -0.398428 0.654617 0.642443
33.7924 15.1763 345.495 2.37409 0.392151 -3.9 0.61113 -0.0721342 0.788236
17.267 -1.04887 323.457 -0.75745 0 -1.22059 0.220634 0.786915 -0.576269
23.313 5.26281 314.993 0.40605 0 -0.8 -0.789828 0.562416 0.244662
-1.15087 0.39325 323.122 -0.145533 0 4.5 -0.82251 0.240959 -0.515186
28.2028 -13.2791 338.943 0.0099007 0 -3.9 0.501171 -0.86508 0.0215278
22.1214 11.1484 338.492 -0.0740903 0 -0.830809 -0.880038 0.210713 -0.425597
27.6621 16.8885 342.186 -1.28408 0 -3.5 -0.292565 0.184088 0.938359
22.3184 -3.75237 321.103 -0.697474 0 4.5 -0.732453 0.636586 0.241394
26.1972 -9.46138 341.573 0.0804546 0 -3.9 -0.589302 0.575109 0.567426
0.431125 13.7315 339.26 0.168025 0 -3.9 0.993591 0.0637337 0.0933536
13.8188 -1.13556 360.553 -0.306318 0.0903732 -1.59569 0.670797 0.196033 0.715264
29.6211 -20.1599 318.332 -0.647577 -0.649927 -1.3 -0.268526 0.184153 -0.945506
2.38719 -1.03287 343.849 -1.17087 0 -1.77352 0.0869362 0.991391 0.097906
16.7814 -3.46706 340.018 -0.569891 0 -0.7 0.944287 -0.0154774 -0.32876
38.2422 -25.7877 321.074 -0.261903 0 -1.3 0.541402 -0.82193 0.176962
31.7957 6.6435 347.324 -0.0483573 -0.0634903 -0.4 0.249492 0.870849 0.423527
15.8241 -14.9364 337.904 0.878512 0 -3.9 0.276561 -0.912517 0.301375
28.0659 -25.8492 310.226 0.202654 0.0939244 -3.5 0.186721 -0.932153 -0.310203
32.6661 1.93613 348.759 -0.10219 -0.472727 -0.8 -0.0543574 -0.285506 0.956834
27.7557 19.0676 339.758 -1.57072 -0.0563919 -3.5 0.551515 0.682556 -0.479529
1.309 -19.4286 328.558 0.359728 0.488958 -3.5 -0.443479 0.424265 0.789509
29.9459 -9.104 308.544 -1.84588 0 -3.5 0.558171 0.79012 -0.253289
26.5066 4.28131 310.693 -0.696949 -0.728297 1.8 0.297324 0.32638 -0.897259
33.5332 5.94581 350.112 -0.415161 -0.606447 -0.8 -0.361331 0.771565 0.523572
20.7876 0.18975 322.258 -2.73208 -0.032602 -3.5 -0.318442 -0.506422 -0.801331
21.3591 -15.7135 310.557 -0.477176 -0.132941 -1.93194 -0.513894 0.524767 -0.678626
14.3407 -10.9936 340.213 -0.277668 0 -3.5 -0.181821 -0.797662 0.575045
37.5835 -2.69125 348.182 -0.0984906 0 3.8 -0.381373 0.223426 0.897015
-3.1465 -14.5725 350.758 -0.471492 0 4.2 0.166046 -0.730737 -0.662158
18.7485 8.74212 357.021 -0.126535 0 -1.6 -0.881861 0.375868 0.284682
24.7935 -24.259 316.064 -0.132392 0.688773 -0.998384 -0.358657 -0.762301 0.53876
53.414 -18.3825 326.824 -0.195445 0 1.8 0.787389 -0.454362 0.416622
19.5667 -8.29781 317.794 0.359894 0.94851 -4.5 -0.315875 -0.769941 0.554449
17.9691 -2.52863 333.595 -0.275128 0 -1.52577 0.607889 0.759222 0.232493
20.6378 -19.3555 332.976 0.53869 0 -4.5 0.157483 -0.810524 0.564136
38.4139 15.6826 323.255 -2.19581 -0.318352 -3.5 0.0727959 0.190248 0.979033
18.0604 9.47663 350.327 0.191288 0.48892 1.8 0.300744 0.904167 0.303374
23.6628 -16.1203 307.512 0.0530412 0 -0.4 -0.750416 0.343186 -0.564889
28.0938 -6.58925 334.642 0.180516 0 2.8 -0.176935 -0.265824 0.947645
17.6381 8.92106 336.113 -1.39011 -0.516602 -2.82771 0.704178 0.701151 -0.111898
18.3213 1.7175 324.21 -0.653965 -0.207577 -4.14076 -0.550767 0.136625 -0.823401
8.45353 -14.4851 321.001 -0.260896 -0.0895591 -3.5 0.627351 -0.175454 -0.758714
17.228 -7.229 355.88 -0.546879 0 -0.7 0.685639 0.330604 0.648537
21.2261 -0.397125 316.584 -0.504139 0 1.8 -0.970565 0.212507 0.11333
-14.2017 5.75012 337.779 -1.84706 -0.253404 -3.5 -0.360083 0.605316 0.709882
-10.0589 -11.9807 351.355 -1.73016 -0.478772 -0.8 -0.620101 0.573158 -0.535691
18.4912 4.02 322.787 0.0485457 0.498678 -4.5 -0.987763 -0.0354147 -0.151888
42.2397 -8.04106 319.201 -1.33893 0 4.2 -0.0411166 -0.112277 -0.992826
13.3973 -18.1536 333.64 -0.680041 -0.297163 -0.7 0.285841 -0.186004 0.940052
26.6522 -2.33137 333.589 -0.304817 0 2.8 -0.476474 -0.482501 0.734959
27.6589 12.2039 345.246 -0.278 0 -3.5 -0.211263 0.718093 0.663107
47.1572 8.295 334.158 -1.73713 -0.610624 -3.5 0.958778 0.155259 -0.237992
17.933 -12.7689 313.505 1.19303 0.102532 -4.5 -0.690606 -0.195597 -0.696279
18.7606 -8.3545 352.316 -0.232256 0 -0.7 0.403766 -0.861995 -0.306494
25.0976 3.26887 347.644 -1.75131 -0.449132 -3.14815 0.732948 -0.650787 0.198151
24.4876 -10.3779 309.265 0.0801674 0 -3.5 -0.865982 0.390409 -0.3125
-4.22662 -1.80394 354.224 -0.598617 0 -1.44047 -0.723276 0.329493 -0.606882
27.0562 -18.3911 310.419 0.275107 0 -4.5 0.501438 0.0870869 0.8608
35.9372 -12.631 308.88 0.787484 0.364543 -4.5 0.307787 -0.744069 -0.592983
27.757 -10.9143 306.58 -1.98618 -0.170379 -3.5 -0.161594 -0.170406 -0.972033
18.4115 -17.051 321.094 -0.333983 0 -3.16199 0.17354 -0.139455 -0.974903
6.2755 5.88325 323.43 -0.0960255 0 -3.9 0.938201 0.26375 0.224085
24.5647 14.8161 342.111 -1.51475 -0.689466 -3.5 -0.220647 0.496827 0.839332
26.6418 -25.5873 319.496 -0.00625312 0 -3.5 -0.726941 -0.67481 0.127237
-17.1197 -0.1645 330.863 2.84333 0.0666345 -3.9 -0.903337 0.274361 -0.32971
17.2112 -3.61075 355.029 -0.456221 0 -1.00118 -0.236315 -0.847318 0.475613
1.91325 -15.353 351.41 -0.418885 0 4.2 0.33299 -0.659694 -0.673737
40.1905 13.0165 329.121 0.0735924 0 -4.5 0.97675 0.08125 -0.198389
24.991 4.59037 343.485 -1.41499 0 -1.6 0.987458 0.0927097 0.127795
37.7605 12.9007 336.195 -0.167897 0 -4.5 0.743821 0.660981 -0.0991661
4.20813 -15.7561 360.808 0.616917 0 -4.09473 -0.420185 -0.892332 -0.16489
15.8968 -5.44944 354.439 -0.737011 0 -3.15175 0.650194 0.158552 0.74304
47.3935 -11.566 342.079 -0.0586689 0 -3.5 0.400394 0.245362 0.882883
-9.71856 -7.12687 330.99 -2.04074 -0.618265 -3.5 -0.489931 -0.684595 -0.539719
9.045 10.6229 331.156 -0.240714 0 2.8 0.418893 0.907153 0.0400293
30.6729 -3.59869 315.926 0.0448521 -0.315043 -0.8 -0.327765 -0.10857 -0.9385
28.0796 1.92294 309.779 -0.0683221 0 -3.5 0.241352 0.106156 -0.964614
13.6436 8.2425 345.497 -1.46618 -0.051718 -0.8 0.370217 0.849699 0.375436
15.0844 -7.63375 360.381 -1.09186 -0.889274 -3.5 0.969096 0.206074 -0.1356
33.9229 -20.7664 332.13 -0.465491 0 -3.5 0.719274 0.136865 0.681112
45.5305 -19.669 341.326 2.26623 0.222491 -3.9 0.749947 -0.610767 0.254054
-5.97325 -3.85025 354.891 -0.000657835 0.0941673 -3.2 -0.826968 0.55505 0.0896866
13.0262 5.87313 328.022 -0.209251 0 -1.3 0.488551 0.769735 0.410886
-2.30175 -0.001 363.353 -1.3237 -0.131328 -3.5 -0.602083 -0.169044 0.780334
29.1311 -28.8722 318.188 -0.15721 -0.215768 -3.5 -0.394675 -0.783987 0.479162
29.7699 -10.0615 306.601 -2.31152 0 -3.5 0.553247 0.370807 -0.745935
7.84025 5.983 340.358 -0.667139 -0.185303 -3.4495 0.671003 0.31337 0.671978
17.5637 8.81594 340.893 -0.151556 0 -0.7 -0.139335 0.915285 -0.377941
20.0645 -13.8749 316.587 0.811092 0 -4.5 -0.470546 -0.307233 0.827161
21.967 -0.108187 339.158 -1.42693 -0.605423 -3.5 -0.0705262 -0.761882 -0.643865
29.9204 -21.489 327.836 -0.415808 0 -3.52645 0.788327 -0.568447 -0.235389
28.8604 9.98563 345.045 -0.664349 0 -3.5 0.5273 -0.431516 0.731949
22.5327 -6.11 313.801 -1.16139 -0.435315 -3.5 0.112721 -0.554292 -0.824654
34.5719 -31.5991 326.42 0.426501 0 1.9 -0.944716 0.217285 -0.24556
-5.66488 -8.46981 348.727 -0.448549 0 -3.2 -0.0621496 -0.21719 -0.974149
39.6255 -32.1928 328.31 0.489462 0 1.9 0.686811 -0.658715 0.30722
52.2663 -11.4034 324.608 -1.90561 -0.540532 1.8 0.469953 0.587726 -0.658576
14.5895 8.67762 348.674 -2.01546 -0.205286 1.8 -0.220019 0.971451 -0.0887429
19.7272 -24.873 328.29 -0.0254614 -0.365842 1.74114 -0.41545 -0.75557 0.506473
36.8482 -9.22819 345.97 0.330147 0 -4.5 0.55674 -0.394011 0.731297
18.6963 -6.97213 324.18 -0.38662 0 3.8 -0.48211 0.216242 -0.849005
-3.80175 -3.972 336.123 -0.942303 0.367035 -2.31853 -0.612862 0.789678 -0.0284409
15.6779 -14.3553 358.439 -0.469654 0 -3.5 0.539511 -0.613876 -0.576267
4.95862 -8.12731 319.267 -1.79467 -0.751531 -3.5 -0.131611 0.428154 -0.894071
32.4953 -20.2985 312.07 0.352317 0.204713 -4.5 0.846768 0.257742 -0.465353
3.7085 -0.648687 367.932 0.9138 0.815397 -4.5 0.145107 0.444291 0.884053
3.8415 -1.4405 339.917 -1.73337 0 1.9 -0.0545981 0.973739 0.221022
27.297 -18.8471 317.01 0.29978 0.0403485 -3.027 0.737267 -0.357947 -0.572984
34.2637 -19.6602 332.082 0.0824412 0 -1.82899 0.736977 -0.204898 0.644113
7.63675 -14.9684 365.295 -0.568702 0 -3.5 0.152698 -0.72122 0.675666
12.584 -14.4 354.458 -0.61609 -0.0711081 -2.11397 0.671915 0.718047 -0.181487
3.21775 -2.27025 367.472 -0.0640527 0 -4.5 -0.559621 -0.16769 0.811606
45.321 -2.45575 329.541 0.622859 0 -1.3 0.566411 0.103916 -0.817545
-10.3106 -13.8202 350.136 -0.461733 0 -0.8 -0.648624 0.432856 -0.626037
36.3128 16.4918 318.411 0.0818888 0 -1.6 0.443632 0.713644 -0.542127
14.4753 -11.4937 362.531 -0.806958 -0.0382176 -0.700759 0.819256 0.138638 0.556416
5.10844 -13.1111 321.928 -0.319403 0 -3.5 -0.57337 0.455136 -0.681248
4.834 -2.32019 315.734 0.32131 0 -4.5 0.497326 0.0877088 -0.863119
1.41425 2.47625 338.648 0.317982 0.0966622 0.475309 0.291847 -0.435098 0.851772
-8.498 8.29025 338.108 0.0516438 0 -3.5 -0.848445 0.522263 -0.0859286
17.8617 7.011 359.954 -1.68372 -0.0658945 -2.23822 -0.745166 0.666692 0.0157805
29.0008 -1.28156 314.133 0.223229 -0.0461507 2.16265 0.407486 -0.831528 -0.377514
16.5217 4.41206 336.566 1.00115 0.269483 -0.4 0.408358 -0.762789 -0.501395
4.04225 9.87963 335.355 -0.34877 0 -1.19257 0.354601 0.866332 0.351749
23.8963 16.2939 338.478 -0.171268 0 -3.5 -0.850849 0.239996 -0.467394
9.92644 3.1885 321.489 -0.542914 0 -3.5 -0.254533 0.29096 -0.922256
17.3608 -1.73337 335.351 -0.165446 0 -1.6 0.977868 -0.0986879 -0.184486
32.3796 -19.3564 312.575 0.296268 0.0228823 -0.645405 0.0539079 0.318372 -0.946432
44.4957 -1.58569 324.713 1.07135 0 2.8 0.5888 0.4515 0.670419
29.9789 -20.534 333.556 0.127753 0.266476 -3.5 -0.546328 -0.670049 0.502554
16.0371 -22.0756 331.337 -0.47375 0 -3.5 -0.424806 -0.637596 0.64266
16.1731 9.05769 342.262 -0.67629 0 -0.7 -0.393341 0.916969 0.066718
-2.75 5.528 328.805 0.169101 0 -0.7 -0.445928 0.536584 -0.716398
53.8731 -6.48944 330.382 -1.46324 -0.323785 -3.5 0.0994366 0.901937 -0.420265
26.8991 -10.2463 342.278 0.640467 0 -3.9 -0.461494 0.23173 0.856344
34.4758 -14.2899 312.878 0.224533 0 4.2 -0.154085 -0.529792 -0.834013
42.9278 2.9765 341.083 0.167844 0 4.2 0.975725 0.151019 -0.158602
37.0561 -10.3448 335.978 0.563236 0.0249616 -3.2 0.0607788 -0.676006 0.734385
21.6295 -10.5234 337.259 0.148263 0.0221946 -0.8 -0.335637 -0.202055 0.920066
17.675 -10.5839 336.645 -0.0889342 -0.0509054 -3.84142 0.781064 -0.158251 0.604067
32.8143 -1.16212 347.332 0.0168661 0.022698 -0.8 -0.383893 -0.918301 0.0966925
24.5232 7.16475 345.624 -1.9492 -0.559672 -4.26555 0.939397 -0.312072 0.14193
-1.64731 10.9529 331.984 -0.281581 0 -0.8 -0.472505 0.867235 -0.156979
37.133 -20.3299 332.192 -0.497842 0 3.67992 -0.809782 0.184147 0.557085
14.7362 -10.1792 362.184 -1.06631 0 -3.5 0.833116 -0.164243 0.52815
36.4121 -24.9907 314.563 0.0979957 0 -0.4 0.646846 -0.0582236 -0.760395
6.27181 -4.65581 322.675 -0.996629 0 -3.5 0.409755 0.440135 -0.798988
35.9429 -5.854 312.19 -0.0585464 -0.362532 -3.5 -0.382103 0.663735 -0.643003
20.2679 0.140875 355.012 0.499054 0 -3.27599 0.682513 0.360323 0.635879
44.2086 -5.66388 341.179 -0.386558 0 2.8 0.502706 -0.810485 0.300668
-2.25844 9.93925 342.785 -0.812664 0 -3.5 0.196259 -0.449312 0.871551
41.6992 4.92359 350.32 -0.604985 -0.0768397 -3.5 0.264264 -0.158271 0.951375
7.03038 -22.1396 357.782 -1.90988 -0.840976 -3.5 0.00183115 -0.509945 0.860205
30.0653 -25.1655 310.811 0.500073 0.153682 -3.80736 0.364252 -0.928892 -0.0669346
24.7699 -16.8286 336.771 -0.304895 0 -3.5 0.339179 -0.882553 0.325664
25.0996 -22.3892 309.787 -0.204774 0 -3.5 -0.734869 -0.164858 -0.657867
-3.13625 0.486875 338.187 -0.210715 0 -3.86814 -0.958848 -0.260917 -0.111951
4.62106 -8.26081 335.281 -0.384928 0 4.2 -0.374324 -0.291829 0.880181
14.2416 -9.35406 337.151 -1.15595 -0.269606 -2.69426 -0.964409 -0.240279 -0.11037
-0.290406 -5.35194 366.613 -0.262097 0 -3.5 -0.0496286 0.02419 0.998475
5.63987 -12.818 320.941 -0.88602 0 -3.5 -0.989549 -0.01131 -0.143756
-3.30925 -9.57125 365.434 -2.33047 -0.0662042 -0.4 -0.0413096 0.129721 0.99069
47.5386 -1.53356 336.409 -0.0484696 0 -3.5 0.917455 0.356695 0.176196
-1.58063 1.56488 363.628 -0.848677 0 -3.5 -0.486371 0.648424 0.585653
-7.63613 -18.096 351.755 0.0871504 0.0906802 -0.8 0.481905 -0.870196 0.102602
4.90069 -5.78806 341.139 -0.761835 0.0758969 1.5368 0.399296 -0.551919 -0.732084
26.1676 14.333 342.242 -0.834845 -0.527413 -3.77813 -0.126585 0.270637 0.954323
24.6482 -23.8022 320.38 0.103251 0 -3.2 -0.923715 -0.364852 0.116763
35.8088 -10.5754 307.996 1.15386 0.081883 -4.5 0.15771 0.0917337 -0.983215
9.16 -14.876 365.239 -0.758215 -0.0827471 -3.5 -0.0684932 -0.372297 0.925583
37.2805 -25.4325 334.752 -0.0454187 0 1.8 0.303604 -0.38245 0.872672
21.2036 -21.51 317.849 0.982469 0 -0.8 -0.693974 -0.494833 0.52301
-8.18575 -17.1138 354.5 0.370008 0 -3.2 -0.069732 -0.997404 -0.0179435
6.08281 0.2075 339.288 -0.367029 0 -1.3 -0.600311 0.389994 0.698234
-5.5155 -17.0643 357.101 0.405847 0 -3.30757 0.179913 -0.983209 0.0305154
17.0874 10.7789 345.176 -1.36772 0 -3.5 -0.800113 0.589712 0.109817
12.622 5.549 359.316 -0.251267 0 3.8 -0.626441 0.494555 0.602484
43.4202 -24.985 331.876 -0.479737 -0.394104 -3.5 0.00582289 -0.532853 0.846188
12.163 10.1539 347.451 -0.0507277 0 -3.9 0.946603 0.274278 -0.169454
1.88994 2.80819 320.714 0.565372 0 -2.62818 -0.753942 0.616233 -0.22766
19.3302 -13.7893 336.942 -0.0608497 -0.31152 -3.5853 -0.0724838 0.0924785 0.993073
-6.77056 4.86938 330.371 -0.819763 -0.626822 -2.9935 0.320538 0.684925 -0.654319
25.0779 -18.4936 322.59 -0.257495 -0.0213173 -1.19284 -0.940786 -0.338683 -0.0146903
30.2164 -12.8289 342.094 2.38203 0.884027 -3.9 0.443617 -0.79885 0.406254
21.8885 -15.1257 321.152 -0.0136541 -0.436993 -0.000667241 -0.604024 -0.637943 -0.477686
44.4616 -16.0012 319.188 0.465394 0 -3.45776 0.642513 0.229993 -0.730945
37.4821 -11.9713 311.545 0.340257 0 4.2 0.667761 -0.145602 -0.729997
23.5664 4.69756 353.799 -1.02272 -0.27214 -3.5 0.638693 -0.164125 0.751754
-8.05825 -16.1721 362.137 -0.519263 0.392294 -3.2 -0.252727 0.395018 0.883227
13.408 -12.2122 338.613 0.0617918 0 -3.9 -0.644713 0.258357 0.719442
44.1646 -10.9444 320.301 0.21436 0 2.03482 0.80577 0.0909667 -0.585201
45.0887 -0.404188 341.709 -0.0921071 0 2.8 0.946172 0.252868 0.202029
2.13538 3.59188 324.074 0.0758213 0 3.71889 -0.705532 0.708573 0.0121738
37.2096 6.84856 323.155 -0.301176 -0.81275 -3.5 0.8881 0.429592 0.163489
15.4342 -14.4801 361.003 -0.362322 0 -3.5 0.624485 -0.649203 0.434227
36.4462 15.0884 324.075 0.547108 0.436509 -0.4 0.837219 0.256948 0.482745
-3.526 13.6904 338.39 0.330352 0 -3.9 -0.899218 0.405119 -0.165185
11.9444 5.40263 357.631 -0.256546 0 3.8 -0.710128 0.643084 0.286638
21.932 13.0449 336.699 -0.195592 0 -0.7 -0.956021 0.288025 -0.0553654
-16.1852 -1.2225 329.855 3.44177 0.0499803 -3.9 -0.348146 -0.485057 -0.802193
39.2036 -16.2946 317.105 -0.890965 -0.734239 -0.7 0.783816 -0.489528 -0.382092
36.6814 14.9494 331.359 0.280842 0.0423231 -3.84999 0.66481 0.724277 0.182894
35.0981 10.5041 314.6 -0.664343 0 -3.5 -0.0600557 0.234579 -0.97024
-3.3675 0.503375 354.239 -0.174268 0 -0.9 -0.167401 0.717811 -0.675813
49.1495 -9.607 341.992 0.498943 0.478917 -4.5 -0.47294 -0.0554465 0.879348
22.255 3.37438 332.523 0.58631 0.631667 -3.5 -0.995048 0.0984992 0.0133137
18.222 -1.427 322.779 -0.682674 0 -3.2 0.667276 0.564576 -0.485795
33.6613 -5.989 343.973 0.0306607 0 -4.5 -0.983482 0.0399778 -0.176536
-2.0015 -4.82037 365.972 -0.239105 0 -3.5 -0.646306 0.0227567 0.762739
45.1814 0.199875 350.091 0.981327 0.9092 -4.5 0.030325 -0.875717 0.481872
16.0911 -5.07694 324.527 -0.63382 0 3.8 0.60291 -0.0479337 -0.796368
11.2785 -12.571 366.253 -0.327248 0 -0.634676 0.420821 -0.504604 0.753847
45.004 -5.25375 326.863 0.163924 0 1.28156 0.146285 0.875423 0.46069
15.4532 -1.88125 359.84 -0.218509 0.476593 -2.64655 0.577729 0.132729 0.805364
50.3035 -2.61181 321.528 0.19142 0 2.8 0.632619 0.243246 -0.735272
-0.403375 -12.1683 332.849 -0.900475 0 4.5 -0.7599 -0.389453 0.52046
23.2337 7.51675 330.679 -0.529231 -0.424193 -3.81868 -0.739009 -0.139153 0.659168
25.738 12.5337 323.411 -0.367998 0 -3.5 -0.196744 0.605069 -0.771481
46.4857 -6.80075 324.104 -0.275097 -0.0789108 1.45459 0.0565311 -0.725787 -0.685593
-3.412 -7.46881 362.59 -0.80489 -0.709157 -3.5 -0.837877 0.54549 0.0200615
11.3856 -9.684 334.443 -1.00586 0 -2.78966 0.283709 0.414992 0.86446
21.5392 -5.53231 353.254 0.718132 0.503691 -0.7 0.980007 -0.135096 0.146065
3.33075 -17.5899 333.556 0.388785 0 -3.9 -0.714941 -0.628302 0.306749
15.5802 2.34588 325.404 -0.71897 -0.126942 -2.91727 0.135544 0.643036 -0.753745
34.3369 -31.2529 317.776 -0.0392048 0 -3.5 0.702918 -0.571079 0.423999
50.3636 -1.44631 332.374 0.0410271 0 1.8 0.878012 0.469823 0.0914413
12.673 -12.9234 347.792 -0.19067 0 3.8 0.17707 -0.944774 0.275769
24.623 -4.36381 332.244 -0.443508 0 -0.8 0.143841 0.256299 0.955835
43.0367 5.76431 348.772 -1.03718 0 -3.5 0.670965 0.54766 0.499874
33.4553 -27.0264 315.32 -0.0530699 0 -2.84858 -0.110296 -0.231257 -0.96662
51.1961 -6.95687 328.329 -0.0724783 0 -3.5 0.922915 0.231766 -0.307428
28.8773 -13.6811 313.04 0.495344 0 -1.6 0.382411 -0.873103 -0.30241
12.536 -14.2081 338.294 0.00854756 0 -3.9 -0.584802 -0.243357 0.773812
7.4035 -18.074 333.521 1.70177 0.201028 -3.9 0.6909 -0.686932 0.225347
-8.60003 -3.03553 330.552 -0.480092 0 -3.5 -0.875422 -0.227093 -0.426692
17.4802 -13.554 318.727 -0.183382 0 -3.5 0.510144 0.271672 -0.816056
47.5619 -1.00612 331.628 0.918317 0 1.61567 0.0658227 0.731836 -0.678295
18.6338 2.541 322.697 -0.39196 0.0249751 -4.5 -0.941638 -0.280336 -0.186359
40.7955 -25.2955 323.247 -0.271243 -0.430895 0.246216 -0.271046 -0.923049 -0.272974
13.9907 -14.7139 321.126 -1.58291 0 -3.5 -0.919251 -0.0931142 -0.382501
36.8279 -22.3857 334.941 -0.0580005 0 -0.7 -0.574913 0.0789357 0.814398
13.1571 6.03862 357.476 -0.275881 0 3.8 -0.314559 0.946913 0.0663947
42.2988 -2.17275 320.434 -0.914139 0 -0.4 -0.406393 -0.0763708 -0.910501
27.9825 -17.3312 308.997 0.211374 0 -4.5 0.838818 0.245542 0.485894
2.50384 -8.8865 320.227 -0.607048 -0.571724 -3.69976 -0.0382156 -0.0759874 -0.996376
36.4195 7.79294 315.883 0.343352 0 -3.5 -0.122137 -0.291503 -0.94874
48.4851 -15.721 337.63 -0.370341 0 -0.8 0.882013 -0.329543 0.33683
40.2853 -2.84025 318.539 0.146909 0 1.8 0.91072 0.227093 0.34499
8.68975 2.1685 320.851 -0.465987 -0.046114 4.2 0.258852 0.520663 -0.813576
8.54225 -9.12175 340.531 -0.377461 0 -3.5 -0.384277 -0.901363 -0.199691
38.5967 -5.08603 346.683 -0.176313 0 3.8 0.164292 -0.951128 0.261464
42.5542 -19.8571 341.904 2.53347 0 -3.9 -0.675947 -0.676623 0.292023
46.7999 -22.9418 332.457 1.61578 0 -3.9 0.895873 -0.352924 0.269918
18.124 -4.863 317.675 -0.473273 0 -4.5 -0.827582 0.350973 -0.438094
22.2206 1.47191 320.807 -0.146551 0 -4.25402 -0.805617 -0.0577739 -0.589613
27.8005 4.7255 347.793 -0.693529 0 -1.9299 -0.129072 -0.673617 -0.727723
12.939 8.64 348.289 -0.468572 -0.0136445 -3.60858 0.417971 0.881862 0.218219
5.61225 -16.9852 364.054 0.238828 0.0734879 -4.5 -0.273001 -0.676112 0.684356
25.3412 -25.0597 309.577 0.0811252 0 -3.5 -0.540026 -0.603147 -0.587014
-2.34 -2.124 347.105 -1.661 0 -3.2 -0.0869564 0.991637 -0.0953631
45.6559 -17.8474 319.12 0.836054 0 -3.9 0.489925 0.145701 -0.859502
7.59019 -8.43994 339.059 -0.348683 0 -3.5 -0.857434 -0.352097 0.375278
10.8595 -21.3312 330.423 0.157268 0 -0.7 -0.430957 -0.514129 0.741584
45.2007 4.251 344.62 0.985628 0 -4.5 0.670049 0.00151191 -0.742315
46.336 -16.0626 320.925 0.132956 0 -3.9 0.317597 0.88583 -0.338285
7.01741 3.96022 320.415 0.0196279 0 -3.9 0.889145 0.259888 -0.376669
32.1921 -8.44963 336.744 0.917682 0 1.9 -0.475336 -0.017815 0.879624
9.4132 -9.5155 341.641 -0.258538 0 4.2 -0.0221386 -0.696558 -0.717159
21.293 2.81559 360.298 0.262274 0 -2.04378 0.952103 -0.145789 0.268785
16.6606 -7.32469 357.073 -0.204634 0.0542753 -0.7 0.788648 0.461916 0.405793
11.3341 -16.5413 322.458 0.177329 0 -1.27483 -0.0185539 0.187382 -0.982112
-0.402531 -13.6246 327.189 -0.0272608 0 4.5 -0.356172 -0.926371 -0.122388
31.3544 -17.4125 314.788 0.765103 0 -0.0226596 -0.549032 -0.0800595 -0.831958
-4.77959 0.743656 324.786 0.225161 0 -3.9 -0.500844 0.0287001 -0.865062
33.5231 14.1517 318.117 0.257303 0 -1.6 -0.881684 -0.31496 -0.351332
10.135 -3.01025 323.372 -0.237217 0 -1.3 -0.331058 0.0761607 -0.940532
26.8445 -22.8337 327.043 -0.265779 0 -3.80199 0.00469747 -0.861654 -0.507475
19.7969 -23.0716 325.057 -0.0688994 0 3.36841 -0.335662 0.12892 -0.933119
8.331 5.091 343.587 -0.1059 0 3.8 -0.0205731 0.96845 -0.248358
31.0074 10.32 319.461 0.0540522 0 -0.9 -0.796971 0.331361 -0.505012
45.3596 -9.49369 340.873 -0.488781 0 -3.5 0.204478 0.773618 0.599753
21.5855 2.281 328.299 -0.24721 0 -3.5 -0.910956 0.229189 0.342975
52.0098 -6.21559 339.937 0.00471808 0 -4.5 0.910522 0.394276 -0.124485
-2.61856 -6.02225 327.216 0.418368 0 3.8 -0.711426 -0.264597 0.651047
40.786 -28.767 328.935 -0.0752129 0 -0.0460192 0.403381 -0.705156 0.583128
38.6128 -18.2022 336.749 -0.116217 0 -0.7 -0.649187 0.547911 0.527589
-11.0034 -15.3798 350.239 -0.21382 0 -0.8 -0.799361 -0.0747544 -0.596182
45.4915 3.714 333.248 -0.278142 0 -0.7 0.940984 0.293411 -0.168697
31.3999 -5.76881 315.125 -0.385103 0 -0.8 -0.462065 -0.251468 -0.850447
23.8876 -17.4291 333.644 -0.406818 0 -3.66452 0.484018 -0.860398 0.159505
28.743 -18.6685 308.944 0.696734 0 -4.5 0.634799 0.544565 0.54816
18.7305 -5.39725 324.656 -0.443949 0 3.8 -0.402056 0.200952 -0.893291
12.6747 -18.8191 321.437 -0.0595119 0 4.2 -0.0866605 0.467364 -0.879808
25.1701 8.67437 349.19 -1.11454 0 -2.81214 0.850507 0.418247 0.318916
38.7069 2.38981 314.976 0.414044 0 -4.5 0.28311 -0.445976 -0.84909
-5.93884 -12.6302 348.426 -0.356858 0 4.2 -0.164291 -0.226838 -0.959975
5.86163 -0.457563 361.042 -0.137858 0 -4.5 0.179787 0.782375 0.596294
44.9142 4.61084 336.389 -1.0137 -0.0085174 -2.3939 0.675176 0.148089 0.722639
17.1379 -2.08403 339.339 -0.429587 0 2.8 0.730097 -0.669355 -0.137562
12.3267 5.83125 342.067 -0.356933 0 -0.8 -0.8527 0.1372 -0.504062
23.2466 8.67394 331.186 -0.113086 0 1.8 -0.838125 -0.219746 0.499258
12.8971 -8.5955 351.982 -1.15473 0 3.8 -0.244279 -0.956905 0.157039
35.8012 -26.1484 334.333 0.0740539 0 1.8 -0.00350266 -0.667323 0.74476
-0.00075 -7.4165 343.49 -0.961447 0 1.9 -0.774758 -0.235836 0.586628
51.6856 -16.1109 323.69 0.390475 0 1.8 0.241534 -0.0609812 -0.968474
8.87994 9.45506 349.272 0.0934766 0 -3.9 -0.65488 0.371631 0.658045
-1.91003 -4.76534 344.908 -1.08256 0 -3.2913 -0.596628 -0.802509 -0.00380231
38.0751 -23.1154 317.879 -0.605272 0 -1.3 0.388592 -0.393707 -0.833061
-3.16731 -5.62644 359.762 -1.08954 0 -0.9 -0.949575 0.12761 0.286396
0.282875 -16.3353 359.945 -0.90246 -0.409736 -3.5 0.594719 -0.803185 -0.0346962
24.4461 -20.547 324.469 -0.877335 0 -3.5 -0.83772 0.241344 -0.489876
47.0755 -0.1585 335.582 0.94671 0 0.248972 0.965726 0.101324 0.238968
28.3129 15.897 328.513 0.398675 0.0834879 -3.5 -0.433635 0.870462 0.232931
43.3336 -25.6054 325.381 0.330426 0 -0.7 0.388029 -0.812879 -0.434352
4.4585 -20.0632 328.648 0.084481 0 3.04807 0.0421354 -0.150125 0.987769
38.8598 12.3579 333.79 0.289087 0 -4.5 0.854176 0.481542 0.196218
49.8866 -11.849 336.21 0.0823854 0 -4.5 0.758734 0.237585 -0.606528
-5.18256 -3.32806 358.923 0.372485 0.877632 -0.9 -0.920308 -0.0834626 0.382187
32.9525 -26.978 325.755 -0.0122273 0 -1.3 -0.174304 -0.941105 0.289722
43.4629 5.39709 340.042 0.0411819 0 -4.5 0.768392 -0.547709 -0.331043
27.1033 -21.2289 315.981 0.321337 0 -3.2 0.368146 0.443346 -0.817259
34.8201 -10.8466 338.719 0.0820739 0 -1.3 -0.0481191 -0.963979 0.26159
38.7819 5.28225 323.567 0.205184 0 -3.9 0.541003 0.838474 -0.065401
22.428 -18.995 333.038 -0.0285212 0 -4.5 0.40713 -0.816743 0.408872
40.271 -1.77081 347.034 -0.157058 0 3.8 0.654457 0.677244 0.336195
18.7075 -3.91834 344.018 -0.130534 0.621927 -0.7 0.853 -0.48895 -0.182536
49.8991 -2.87444 333.598 0.110843 0 1.8 0.881476 0.0469538 0.469889
10.8607 -15.4379 334.293 -1.4991 0 -1.6 -0.292538 -0.727472 0.62065
5.88216 -16.3755 358.791 -0.414337 0 -3.5 -0.48966 -0.871521 -0.0261671
39.0895 12.9838 331.436 0.650635 0 -4.5 0.759331 0.519952 0.391238
20.0382 -0.7645 357.196 0.113157 0 -3.5 0.814979 0.53854 -0.213972
28.5897 -22.2853 326.997 -0.482597 0 -2.22406 0.555583 -0.685412 -0.470679
4.20888 -11.8532 350.733 -0.489692 0 3.46553 -0.288086 -0.558589 -0.777808
30.1391 10.0926 316.131 0.816637 0.0554441 -4.5 -0.580831 0.77966 0.234022
4.94912 -18.1498 334.301 2.08521 0 -3.9 -0.369675 -0.869472 0.327656
16.9814 6.93944 355.965 -0.341364 0 3.8 -0.0823028 0.791727 0.605305
14.3909 -9.79844 322.541 -0.464527 0 4.5 0.560726 0.659272 -0.500946
23.6546 -24.0626 322.595 0.0902872 0 1.8 -0.0667433 -0.35251 -0.933425
-4.66941 2.70619 338.385 -0.275259 0 -4.5 -0.278912 -0.723457 -0.631521
40.9083 -16.0492 318.008 -1.41456 -0.67347 0.324926 0.167112 -0.409301 -0.896965
44.1924 -8.69825 321.266 -0.188143 0 3.5527 0.964676 0.071941 -0.253424
51.4145 -5.99713 336.643 0.659753 0 -4.5 0.956727 0.146792 -0.251249
-1.02762 -0.955187 343.789 -0.904672 0 -3.5 -0.305461 0.784425 0.539788
11.9302 -12.9019 337.856 -0.0557481 0 -3.9 -0.511848 0.11088 0.85189
4.67112 -0.199375 344.62 -1.11814 0 -0.9 -0.474606 0.808591 -0.34775
32.3007 -6.35506 338.041 0.30039 0 -4.5 -0.530928 -0.760742 0.373347
-8.71475 -16.132 349.169 -0.455839 0 -0.8 0.00766543 -0.382856 -0.923776
42.1012 -0.582937 320.671 -0.205849 0 -0.4 0.0614216 -0.0303568 -0.99765
5.29241 -7.77747 364.384 -0.467259 0 -4.5 0.54903 0.394342 0.736926
16.1675 -9.876 357.128 -0.503505 0 -0.7 0.751069 -0.628834 0.201156
-0.394563 -16.241 352.043 -0.620819 0 4.2 0.189932 -0.96733 -0.167926
20.1008 -15.3232 336.842 -0.940611 -0.0366903 -3.61351 -0.402457 0.0626401 0.913293
20.0273 -1.924 352.9 -0.0881493 0 -3.5 0.896642 -0.286699 -0.337398
49.1642 -2.88125 334.947 -0.0604135 0 1.8 0.790352 0.0970849 0.604911
21.3958 6.51531 328.132 -0.127668 -0.538696 -4.5 -0.920935 0.132555 0.366481
23.3731 14.9886 329.644 0.127418 0 -1.6 -0.50425 0.749819 -0.428373
12.8751 -11.3802 357.1 -1.06808 0 -2.54068 0.469983 -0.51952 -0.713593
21.279 7.63925 362.207 1.01259 0.362888 -3.9 0.998094 0.0505678 0.0353753
-3.06087 -12.162 363.804 -0.212773 0 -1.83579 -0.414586 -0.532735 0.737775
26.5623 -13.1458 338.779 0.382174 0 -3.9 -0.14209 -0.829267 0.540488
1.14697 -18.0173 327.468 -0.497035 0 -3.2775 -0.725359 0.166062 0.66804
39.8759 -19.1232 317.592 -1.10803 0 -0.7 0.78896 0.172922 -0.58961
4.106 3.00175 346.249 -0.893529 0.0147596 -3.2 -0.748192 0.246986 -0.615797
2.4225 6.39587 323.795 2.12309 0 -3.9 -0.98672 -0.158926 0.0335583
27.6755 -23.1472 331.548 0.217387 0 -3.9 -0.070142 -0.0158127 0.997412
37.4354 12.0169 324.417 0.100161 0 -1.3 0.76413 0.507047 0.398759
22.6893 10.4245 329.379 -0.134653 0 1.8 -0.860466 0.263834 -0.435878
21.246 -15.6345 321.861 0.329312 0 -1.6 -0.189905 -0.299989 -0.934849
7.22013 -17.8406 350.929 0.0506654 0 -3.5 0.249479 -0.370863 -0.894551
30.1022 10.6804 344.719 -0.362663 0 -3.5 0.178348 -0.575459 0.798147
2.499 10.616 330.036 -0.389184 0 -0.8 0.474637 0.0850606 -0.876062
21.1597 -1.39612 340.443 -0.987887 0 1.8 0.0676094 -0.790204 -0.609103
39.3202 10.2749 341.982 0.175697 0 -0.9 0.676718 0.655859 0.334518
22.7954 -11.3291 320.308 -0.110414 0 4.2 -0.398188 0.742293 0.538931
14.9756 1.31225 323.377 -0.681023 -0.969408 -3.2 0.377169 0.528843 -0.760309
30.3214 -17.0548 334.972 -1.04401 -0.0328949 -3.5 0.0765163 0.28563 0.95528
28.4681 -21.4562 331.981 0.157963 0.0125074 -3.6999 -0.227264 -0.361338 0.904315
39.5464 3.36894 314.647 0.512276 0 -4.5 0.166715 -0.513431 -0.84178
27.2941 1.33206 340.714 -0.620267 0 -3.5 -0.00133064 -0.677479 0.735541
52.1204 -6.87619 330.001 -0.289214 0 -3.5 0.290128 0.752662 -0.591037
21.0603 -24.8672 311.348 0.0073952 0 1.8 -0.733155 0.0674292 -0.676711
50.5937 -14.5681 322.719 0.00107433 0 1.8 0.261263 -0.131788 -0.956229
26.2104 7.79281 348.439 -2.56021 -0.553159 -3.5 0.661969 0.678647 -0.318175
48.4942 -16.4419 322.612 -0.511404 0 -3.9 0.405954 0.0644744 -0.911616
-4.10044 -7.50087 336.668 1.19605 0 -3.9 0.2295 -0.556007 0.798865
13.6443 -9.52991 338.792 -0.982398 0 -3.5 -0.810869 -0.434285 -0.392286
20.0894 -18.0984 311.393 -0.360769 -0.246887 -1.6 -0.938299 0.198392 -0.283258
1.65344 -6.22584 336.249 -0.863473 0 -2.91626 0.501973 -0.469382 0.726432
19.1768 -17.3866 318.9 0.067999 0.953988 -0.8 -0.916018 0.396903 -0.0581212
23.8558 -19.2135 313.496 -0.322764 -0.229258 -0.4 0.9789 0.0398022 -0.200428
11.7901 -12.1892 349.151 -0.344541 0 3.8 0.198851 -0.481754 0.853447
33.279 0.229469 344.101 -0.443007 0 -0.8 -0.472976 -0.880463 -0.0328437
7.765 -3.92475 323.307 -1.02017 -0.0741879 4.2 0.304799 0.161577 -0.938611
41.6974 -13.2452 316.631 -0.384917 0 -0.7 0.246065 0.319301 -0.91515
-7.83419 -4.76206 327.125 -0.0999101 0 -3.5 -0.653611 -0.676192 0.339937
50.0538 -5.17597 335.732 0.869888 0 -4.5 0.571933 0.710556 -0.409881
51.3648 -18.7858 327.85 0.221196 0 1.8 0.66061 -0.714078 0.231705
20.3075 -2.80912 350.276 0.13027 0 4.5 0.688628 0.171016 0.70466
-2.39075 12.1632 333.714 -0.156364 -0.154755 -0.621423 0.0770222 0.605097 -0.792417
5.16419 -17.9667 329.735 0.178796 0 -2.83335 -0.796308 -0.594676 0.110698
44.3399 -16.7192 341.35 0.983792 0 -3.9 0.592185 0.50229 0.630096
8.48541 10.6601 348.267 0.832766 0 -3.9 -0.694505 0.317513 0.645638
32.68 3.1355 313.826 0.782371 0 -1.0885 0.262845 0.479448 -0.837283
30.7885 -25.7393 327.977 0.00839319 0.770227 -3.9 0.512984 -0.150841 -0.845041
8.50594 -22.1083 328.292 -0.9921 -0.270485 -0.7 -0.384355 -0.769058 0.510707
16.9956 9.79841 346.643 -0.710652 0 -3.5 -0.731076 0.649281 0.209672
17.6705 6.20538 357.141 -0.656884 0 2.20661 -0.547493 0.814512 0.19189
6.3365 -1.57712 362.3 -0.239549 0 -4.5 0.448402 0.533344 0.717272
-4.7695 -6.89269 326.754 0.143726 0 -0.4 -0.0379446 -0.545352 0.837348
17.641 -7.6295 338.767 -2.11377 -0.830455 -3.5 0.947112 0.283124 0.151064
44.4946 -0.63325 321.848 0.34341 0 -0.4 0.741192 0.51815 -0.426795
8.08575 -18.3275 358.193 -0.227981 0.116947 -3.65382 -0.273511 -0.943904 0.185034
44.969 -3.465 326.172 0.367806 0 2.96892 0.0297947 0.518113 0.854793
-2.17587 -6.75253 328.709 0.123891 0 1.8 -0.997688 -0.0183863 -0.0654244
42.953 -10.7623 343.144 -0.274681 0 -3.5 0.743832 -0.0342183 0.66749
33.3442 -9.81775 340.119 0.0605121 0 -1.3 -0.837631 -0.517607 0.17452
46.8421 -26.2949 329.955 -0.385638 0 -3.2 0.072243 -0.836378 0.543372
34.8785 -17.8695 332.541 -0.243034 0 1.22542 -0.380734 -0.291341 0.877589
2.4315 5.25403 322.214 0.480477 0 -3.9 -0.987417 0.0582949 0.146999
27.8589 8.82056 320.571 -0.204176 0 -1.6 0.0896184 0.654616 -0.75063
44.1104 -21.616 320.145 0.244461 0 -3.9 0.400198 -0.232076 -0.886556
30.8959 7.75562 345.252 -0.804463 0 -3.2 -0.270165 0.703925 0.656887
42.7113 9.133 339.724 0.797161 0.425014 -4.5 0.448279 0.845539 -0.290016
38.5182 -22.7486 335.129 0.179942 0 0.312437 0.0674652 -0.776137 0.626945
-3.96412 0.55025 339.379 0.12496 0 -4.5 -0.761124 -0.441502 -0.475149
8.546 -9.36719 365.569 0.544805 0 -3.5 -0.105225 0.975901 0.191167
31.232 -19.5378 313.345 0.301659 0 -0.4 -0.630608 0.769344 -0.102188
-13.7595 2.1765 334.611 -0.270841 0 -3.54996 -0.915106 -0.00422775 0.403192
25.6759 -28.0958 315.442 0.442347 0.314142 -0.8 -0.426911 -0.443806 0.787898
21.2244 -11.8364 320.58 -0.112459 0 3.90242 -0.612235 0.749012 -0.253277
12.9113 -15.3423 322.629 -1.10221 0 -3.33341 -0.449214 -0.0580321 -0.891538
41.2669 -1.36781 345.844 -0.445566 -0.0715852 3.39974 0.194851 0.398135 0.896394
4.31019 4.49775 342.766 -0.0813002 0 -1.6 0.0485718 -0.998807 0.00510622
-4.07622 0.868312 336.075 -0.083936 0 -0.9 -0.822681 -0.172622 0.541661
35.4776 0.20375 348.224 -0.32619 0 -0.595191 0.281994 -0.270249 0.920568
50.0004 -8.66581 336.186 0.635782 0 -4.5 0.724645 -0.488568 -0.485995
3.017 -14.1525 366.43 -0.42212 -0.964993 -3.52028 -0.0311527 0.135484 0.99029
36.6792 -19.4114 314.7 0.0578331 0 -0.7 0.423057 0.0178315 -0.905928
41.4487 7.78013 333.442 0.36515 0 -3.5 0.0707583 0.484843 -0.871734
48.6263 -19.5578 332.195 -1.21993 0 -3.5 0.498742 0.293306 0.815615
3.609 10.0645 328.498 -0.564386 0 -3.5 -0.59339 0.697493 0.401736
46.838 -19.603 333.068 -0.214677 -0.940876 -3.5 0.548988 0.246873 0.79854
20.3585 -20.9945 325.136 -0.625505 0 1.29705 0.273066 -0.196265 -0.941762
-4.83669 -1.84344 322.73 -0.649321 -0.0137218 -3.50875 0.0225713 0.933889 -0.35685
3.828 -10.46 347.873 -0.279005 0 1.8 -0.581466 -0.794082 -0.177005
-4.5345 -4.565 319.327 -0.348217 0 -3.5 0.36115 -0.0670813 -0.930092
13.4553 7.52566 332.795 -0.518319 0 -0.4 0.364243 0.655417 -0.661632
5.89962 -14.0038 346.06 -0.874254 0 -3.5 -0.412686 -0.906724 -0.0868428
26.7608 -16.6083 306.445 -1.05619 0 -4.5 0.268995 0.155434 -0.950517
22.091 6.37862 359.69 1.07703 0 -1.6 0.816066 -0.200527 0.542056
21.5847 9.52647 355.45 0.0652285 0 -1.6 0.524806 0.552988 -0.647134
32.0373 -27.7614 324.066 0.200671 0 -1.3 -0.173382 -0.90634 0.385339
-6.61912 -5.67175 355.21 -0.359001 0 -3.2 -0.967967 0.249307 -0.0297765
11.1069 11.809 345.884 2.02339 0 -3.9 0.811107 0.318753 -0.49041
41.535 1.78313 346.085 0.0125111 0 -4.5 -0.147652 -0.733251 0.663733
22.0724 6.88737 319.928 -0.365369 0.969307 -4.5 -0.421025 0.90703 0.00592194
14.4487 -18.995 321.128 -0.375882 0 4.2 0.389869 0.0333389 -0.920267
-9.05206 -1.18463 329.983 -0.605004 -0.637658 -3.5 -0.842252 -0.538474 -0.0256257
17.5382 -4.88025 354.208 -0.631823 0 -0.7 -0.325599 -0.012903 0.94542
-13.6804 2.38581 332.129 0.0585668 0 -3.9 -0.563416 0.766462 -0.308381
46.1632 2.12919 329.871 1.402 0.104819 -0.7 0.824515 -0.100747 -0.556799
38.3157 13.4207 332.23 0.621198 0 -4.5 0.707794 0.668593 0.22806
0.991813 -1.94656 316.997 -0.280054 0.00257255 -3.5604 -0.876659 -0.306223 -0.371075
32.3892 -23.3507 313.852 0.400904 0 -4.5 0.76055 -0.437503 -0.479744
35.8013 15.0398 336.04 -0.212953 0 -3.5 0.880481 0.418468 -0.222797
-4.77681 -17.3416 358.908 0.0657219 0 -3.2 -0.0708967 -0.994449 -0.0777484
29.6 -17.8944 334.904 -1.75024 -0.535044 -3.5 -0.631971 -0.0322173 0.774323
-0.275063 10.2555 330.38 -0.555517 0 -0.8 0.145433 0.174631 -0.973834
43.6368 -12.0534 342.476 0.113044 0 -3.5 0.232765 -0.346109 0.908862
44.8236 -7.44897 323.951 -0.0911601 0 2.8 0.762349 -0.44444 -0.470423
4.34725 2.16094 317.537 -0.106286 0 -3.5 0.473987 0.529218 -0.70375
32.6674 -17.8565 334.002 -0.817296 0 -3.5 0.64036 0.670953 0.373847
8.65831 -1.72359 322.615 -0.377793 0 4.2 0.453389 -0.717141 -0.529288
-13.2244 2.55775 336.883 -1.20568 0 -3.5 -0.430753 -0.887115 0.16577
19.327 -14.6821 312.657 0.321993 0 -4.5 -0.8923 -0.172362 -0.417244
40.8941 -18.7231 318.293 -1.12493 -0.410385 1.15871 0.196186 -0.060552 -0.978695
-11.1383 -15.629 356.093 0.0412059 0 -3.2335 -0.423079 -0.315506 0.849388
22.9632 11.7018 333.957 0.523901 0 -1.53002 -0.641236 -0.700162 0.313989
2.41169 13.4345 330.909 1.58778 0.839107 -0.8 0.350439 0.819045 -0.454267
24.6656 8.09208 319.989 -0.489554 0 -3.5 -0.393275 0.907763 -0.145953
46.1806 -1.17191 331.029 0.661283 0 -1.3 0.522803 0.437115 -0.731852
20.8659 3.23728 310.639 -0.23981 0 1.8 -0.450078 -0.590038 -0.670287
-13.6521 -17.6698 353.888 -1.70748 -0.464637 -3.5 -0.181287 -0.849092 0.496164
34.4163 2.14684 314.046 0.777456 0 -3.9 0.546521 0.505608 -0.667589
29.7038 -12.3954 340.259 2.27544 0 -3.9 0.592931 -0.669944 -0.446776
37.2786 -9.39753 338.898 -0.485623 -0.00953675 -1.06402 0.257907 -0.919539 0.296534
27.6585 16.9884 337.956 0.0441083 0 -3.5 0.365337 0.322334 -0.873287
34.5909 -0.58675 311.678 0.533347 0 -3.9 0.352413 -0.0382865 -0.935061
39.1785 14.66 319.158 -0.567144 0 -3.5 0.183253 0.107696 -0.977149
22.3637 13.0228 341.617 -0.333722 -0.206594 -3.95642 -0.645672 0.757948 -0.0928571
24.6958 -21.2957 313.183 -0.752589 -0.225699 -2.53117 0.802867 0.556843 0.212908
2.59413 -24.1975 325.658 0.283634 0.0091097 -0.8 -0.547282 -0.836371 -0.0310816
25.2284 3.13981 351.505 -0.294368 0 -3.5 0.670403 -0.707242 0.22443
6.75087 10.5372 328.662 -0.613941 0 2.8 0.332673 0.938197 0.0954754
-1.10725 1.56525 324.009 -0.0783577 0 4.5 -0.469055 0.819607 -0.328986
21.907 -0.411 320.472 -0.920622 -0.552471 -3.5 -0.938217 -0.0156606 0.345693
20.1241 -17.0107 317.699 0.494312 0.060513 -0.8 -0.831209 0.553192 0.0554146
33.7082 11.507 344.639 -0.226306 0 -0.9 0.160002 0.202084 0.96621
39.8334 -12.0183 341.038 -0.145423 0 -3.5 -0.966922 -0.164983 -0.194529
33.6318 6.06947 314.526 0.131463 0 -0.7 0.561863 -0.164684 -0.810672
40.624 -3.771 321.013 0.0111228 0 3.79677 -0.0752419 0.722886 -0.686858
15.0973 -15.2317 336.763 0.672997 0 -3.9 0.143846 -0.987473 0.0648545
14.6335 -9.70525 349.871 -0.219789 -0.0571506 3.8 0.472053 -0.334398 0.815686
-10.0894 2.49181 338.44 -0.0824145 0 -3.5 -0.00162459 -0.511415 0.859332
37.4891 15.2495 338.619 -0.553668 0 -3.5 0.63972 0.692342 -0.333797
37.3618 -18.7911 332.779 -0.310372 0 1.81488 -0.700348 -0.422651 0.575221
21.194 5.904 338.539 -0.255391 -0.757706 -0.513242 -0.151961 -0.130434 -0.979742
27.617 -12.447 307.951 -0.436905 0 -2.09109 0.475518 -0.65662 -0.585434
13.3409 2.53087 330.491 -0.267977 0 1.36373 0.6856 0.720812 -0.1019
40.1825 12.6746 322.891 0.000503499 0 -3.5 0.335279 -0.291295 0.895955
18.217 -13.2876 320.905 -0.000913987 0 -3.5 0.758552 0.0439782 -0.650127
-8.25025 -11.9518 349.661 -0.313529 0 0.639484 -0.773769 0.354497 -0.524988
-0.445437 14.9434 340.578 2.23379 0 -3.9 0.731024 0.230543 0.642226
26.5705 9.61637 346.723 -1.73332 -0.1724 -3.5 0.496976 -0.307472 0.811465
40.9749 1.12312 327.589 0.636391 0 4.5 0.895882 0.355137 -0.266971
17.6861 -9.06806 339.011 -1.39267 -0.0183353 -3.5 0.967866 -0.198716 0.154102
23.5005 -21.8771 324.203 -0.236516 0 1.8 -0.413564 0.764488 -0.494492
32.174 8.8705 344.681 -0.689995 0.00651449 -3.2 -0.386888 0.567643 0.726704
18.061 -4.323 356.941 -0.613109 -0.742032 -3.5 -0.597731 -0.569989 0.563765
22.978 9.76422 356.604 -0.163997 0 -1.6 0.797089 0.505615 -0.330156
-9.07275 4.6135 330.949 -0.0158275 0.2138 -1.46674 -0.841876 0.350212 -0.410605
21.0863 8.81834 351.005 -0.153042 0 -0.436281 -0.378375 0.83322 0.403208
9.7345 7.346 343.164 -0.388085 -0.414795 -0.8 -0.855445 0.0336239 -0.516801
24.3148 -18.2547 321.186 -0.0139558 0 -3.2 -0.778216 -0.123642 0.615705
-6.24388 -17.7268 353.303 -1.7812 -0.338178 -3.5 -0.23251 -0.972145 0.0295677
-10.2077 3.7525 332.315 0.186964 -0.229637 -0.7 -0.601839 0.657895 -0.45273
33.7006 12.8929 318.384 0.197471 0 -1.6 -0.860597 0.149589 -0.486823
3.13519 10.0592 332.443 -0.177619 0 -1.62793 0.807524 0.394929 -0.438106
23.9156 2.1765 347.276 -0.656658 0 -1.6 0.544807 -0.611807 0.573479
45.6711 -12.3285 342.672 -0.146887 0 -3.5 -0.0326253 -0.0653666 0.997328
41.9658 -5.48419 319.92 0.348437 0 4.2 0.139453 0.435939 -0.889106
38.3091 -6.12 313.882 0.241922 0 -3.5 0.827357 0.560897 -0.0295715
17.4618 -7.06006 350.826 0.268716 0 -0.7 0.156218 -0.86572 -0.475527
44.7257 -6.71763 321.921 0.0199661 0 3.77302 0.775512 -0.41608 -0.474825
12.29 -12.8151 356.573 -0.160598 0 -3.5 0.793465 0.194282 -0.576773
2.20412 7.09062 326.285 0.2444 0.23091 -3.61493 -0.903157 0.302867 -0.304268
13.874 -4.389 363.264 0.00889659 0 -3.2 0.458475 0.173678 0.871571
24.3284 16.1266 341.027 -0.499161 0 -3.5 -0.74646 0.169648 0.643442
2.87675 4.21088 351.996 -0.0520915 0 -3.2 -0.652394 0.653158 0.384403
14.565 -9.029 350.969 -0.437059 -0.60206 3.8 0.518155 -0.799906 -0.302763
20.5128 -16.3509 316.54 -0.539465 0 -0.8 -0.85613 0.274426 0.437872
5.37397 7.56434 322.228 0.551375 0 -3.9 0.71798 0.646329 -0.258386
17.2884 -12.5258 319.954 -0.281435 0 -3.5 0.557015 0.596885 -0.577463
-5.92325 4.90844 326.555 1.34124 0.0854071 -3.9 -0.166606 0.983518 0.0702534
12.0047 9.29644 346.302 -0.058655 0 -1.6612 0.776413 0.630135 0.0106057
33.6452 16.3168 336.363 -0.546739 -0.488812 -3.5 0.0544602 0.961052 0.270949
24.8264 -20.089 310.885 0.40552 -0.439613 -3.64063 0.576623 0.480869 0.660508
22.5688 3.70125 317.784 -0.666328 -0.0241427 1.30222 -0.979973 0.198876 -0.0100158
6.53947 1.34634 359.095 -0.132297 0 3.8 -0.492869 0.627717 0.602537
-11.7241 1.34162 330.361 -0.138337 0 -3.9 -0.212437 0.308934 -0.927055
18.3196 -13.3682 337.45 2.62221 0.51453 -3.9 0.774451 -0.232511 0.588357
44.2436 -3.78025 343.352 -0.327699 0 2.8 0.467795 -0.285392 0.836492
50.383 -4.296 331.99 -0.114123 0 1.8 0.967323 0.243479 0.0707355
32.2365 -12.6132 310.391 0.877289 0 -4.5 -0.225815 -0.797391 -0.559621
19.1139 10.0515 348.884 -0.440424 -0.13689 0.648634 -0.163351 0.786983 0.594957
22.4501 7.88303 324.767 -0.828439 -0.851644 -1.6 -0.866826 0.424518 -0.261527
-4.59203 -10.458 364.876 -0.74597 -0.0389138 -0.4 -0.240215 -0.375248 0.895258
-0.510781 -20.0169 325.162 -0.052586 0 -3.5 -0.965878 -0.076998 -0.247288
-4.69325 0.363313 361.027 -2.58916 -0.931299 -3.5 -0.998298 0.0535595 0.0230733
10.3407 2.74409 357.99 -0.264962 0 3.8 -0.23256 0.810446 0.537675
2.39212 3.2255 350.589 -0.309945 0 -3.2 -0.778327 0.624125 -0.0683807
25.7284 -24.5128 328.09 0.159791 0 -3.9 -0.340053 -0.69444 -0.634126
-5.3405 -7.97556 358.03 -3.40056 -0.0396876 -3.5 -0.907636 0.347009 0.236181
5.74456 -12.3544 349.334 -0.268927 0 1.8 -0.835577 -0.519674 -0.178185
11.2418 -18.5496 334.149 -0.103256 0 -0.7 -0.352239 0.146601 0.924357
30.0089 -11.0453 315.809 0.23378 0 -0.910654 0.211495 0.975793 0.0556566
-0.0455 -7.07825 338.608 -0.636585 0 -2.67921 0.310191 -0.926314 -0.213832
42.0304 9.03425 341.603 0.618449 0 -4.5 0.288189 0.826463 0.483639
6.519 5.49725 326.435 0.103418 0 -1.1723 0.74998 0.585815 -0.307166
31.2073 15.6538 334.455 0.0664269 0 -3.5 -0.494948 0.845337 -0.201077
-9.57822 -12.5561 356.299 -1.13265 -0.848428 -3.5 -0.129792 0.950147 0.283506
25.9572 -14.4508 337.728 -0.174763 0 -3.5 0.347103 -0.399822 0.848329
38.8018 -0.1765 348.027 -0.168137 0 3.39743 0.510763 0.0888529 0.855118
27.7772 -19.7948 305.973 0.67887 0 -4.5 0.0340103 0.466915 -0.883648
20.8772 1.29794 316.429 -0.382578 0 1.8 -0.933221 0.084435 0.34924
37.1101 10.8693 344.085 -0.750757 0 -0.9 0.473204 0.547083 0.690491
5.95653 -7.08834 337.239 0.196605 0 1.42787 -0.497447 -0.323203 0.805038
23.9795 -26.2144 324.99 1.33978 0 1.8 0.888441 -0.457498 0.0369886
-0.389094 -7.75519 347.43 -0.228377 0.601085 -4.5 -0.814807 -0.414017 -0.405808
16.1918 -10.1546 348.538 -0.0104028 0 3.8 0.796294 -0.00556802 0.604884
17.1734 -3.28616 323.315 -0.305416 0 -3.2 0.389177 -0.889897 -0.237957
42.6684 -17.3596 318.115 1.95811 0 -3.9 0.168965 0.124071 -0.977782
43.8044 2.02525 342.121 0.771269 0.48542 2.8 0.852421 0.476162 -0.21598
14.7303 -14.1158 357.705 -0.345003 0 -3.5 0.446695 -0.372258 -0.813565
38.1038 8.20187 346.32 -0.645452 0 -1.15289 0.10559 0.939769 0.325093
18.6337 0.0728125 324.177 -0.845731 0 -1.08477 -0.422331 0.281533 -0.861612
1.40478 -10.2033 319.495 0.089049 0 -4.5 0.316373 -0.393259 -0.863282
45.1397 -10.7369 321.798 0.161221 0 2.8 0.829783 -0.169499 -0.531724
-6.47747 -5.82697 349.243 -0.0869024 0 -3.2 -0.946166 0.0577797 -0.318483
39.3218 10.6494 327.973 -0.0422127 0 -0.9 0.797875 0.537885 -0.27217
31.8978 14.1503 345.621 1.6423 0 -3.9 -0.11191 -0.0411139 0.992868
2.43775 -21.4072 329.442 0.126088 0 -3.5 0.22835 -0.0597983 0.971741
-3.37831 -5.25944 320.178 0.0722323 0 -4.45143 0.014859 -0.525386 -0.850734
26.3805 -21.8544 307.322 0.123829 0.0317367 -4.5 -0.896207 -0.20355 -0.394184
18.5392 -13.9316 313.488 1.03507 0 -4.5 -0.760618 -0.255294 -0.596896
18.3822 -2.543 331.503 -0.165453 0 -1.3 -0.0195526 0.988608 0.149238
24.6852 -10.1023 321.224 -0.134634 0 -0.7 -0.727121 0.582013 -0.364083
-9.34094 3.27581 328.967 -1.88631 -0.308404 -3.5 -0.725886 0.542092 -0.42335
10.9277 5.81728 352.372 -0.109569 0 -1.57824 2.42578e-05 0.769055 0.639183
7.16913 5.87475 341.322 -0.0952893 0 -1.6 0.897465 0.250911 0.362768
11.5562 -2.51306 322.72 -0.437623 0 -3.2 -0.711567 -0.0059892 -0.702593
19.7509 -3.1195 344.734 -0.721346 0 1.8 0.289001 -0.805819 -0.51685
49.3654 -20.8939 327.995 -0.734513 0 -3.22116 0.899129 -0.361824 -0.246273
-2.43313 -15.2872 363.402 0.562879 0.397577 -3.5 -0.679096 -0.393615 0.619593
11.1389 2.26213 359.748 0.0381937 0.196344 -0.7 -0.176776 0.894882 0.4098
24.9144 -3.9185 313.105 -0.602269 0 -0.8 -0.0335302 -0.507135 -0.861214
29.9062 11.4892 321.365 -0.773139 0 -0.9 -0.690927 0.356017 -0.629184
56.3401 -15.2653 329.299 -0.312561 0 -3.2 0.841055 -0.522573 0.139798
31.503 -0.162625 341.342 -1.07391 -0.0900267 -1.29268 -0.57883 -0.170476 0.79743
20.9234 -27.3125 324.938 3.32926 0 1.8 -0.452315 -0.878505 0.153752
6.41087 -5.25694 337.798 -0.554486 0 -3.5 -0.497094 -0.614938 0.612167
13.5623 3.22837 332.064 -0.0244845 0 -0.4 0.567747 0.309879 -0.762653
13.7363 -15.3483 337.749 0.173075 0 -3.9 -0.00986147 -0.947993 0.318138
18.8465 -4.10375 314.967 -2.17642 -0.188814 -3.5 -0.963566 0.132227 -0.232499
35.766 -4.204 313.146 0.00506053 0 -3.5 0.0167329 0.275393 -0.961186
17.1901 9.62628 348.424 0.142627 0 1.12284 -0.509242 0.854944 0.0987052
-2.33325 2.064 324.894 0.127466 0 -3.9 0.279559 0.56773 -0.774292
7.13606 0.451438 342.393 -0.0969645 0 -0.9 -0.808417 0.543841 -0.225162
-6.18437 -10.1022 356.644 -1.09757 0 -0.8 -0.792748 0.583483 -0.176348
40.2422 -29.2471 326.021 -0.0495944 -0.0601361 1.9 0.704329 -0.407775 -0.581068
-2.43863 -10.3004 333.872 -0.0627412 0 -3.9 -0.379073 -0.924806 0.0321974
4.63428 -24.4887 326.747 -0.908892 -0.105457 -0.8 0.108246 -0.760123 0.6407
32.7897 -23.6402 326.686 -1.4065 -0.288971 -1.3 -0.789264 0.230041 0.569336
32.925 -13.7561 334.862 0.0268595 0 -3.5 -0.260942 -0.86302 0.432558
22.1937 12.0042 330.36 -0.281956 0 -1.6 -0.906549 -0.0432443 -0.419881
46.2453 -5.344 339.888 -1.26939 0 -3.5 0.0595847 -0.561241 0.825505
31.4322 -15.4862 333.957 -0.222676 0.497981 -0.9 0.85485 -0.0775326 0.51305
18.7905 -2.861 323.357 -0.529315 -0.175138 1.83455 0.222939 -0.496367 -0.838998
21.3078 -2.69709 323.547 -0.0570835 0.146889 -0.709658 -0.234875 0.203093 -0.950572
22.1085 -2.66225 349.615 -0.398664 0 -3.5 0.245391 0.201837 0.94818
10.8551 5.14862 339.117 -0.284714 0 1.8 -0.131734 0.541621 0.830237
31.6602 9.35637 313.432 0.395926 0 -4.5 -0.107907 0.758903 -0.642201
27.4059 2.30588 341.598 -1.2104 0 -3.5 -0.00750513 -0.474187 0.880392
14.7149 -9.49662 344.758 -0.144455 0 -0.0833737 0.815136 -0.531569 -0.23019
21.7001 0.886219 351.374 0.409679 0 -3.4587 0.705812 -0.708119 -0.0199295
25.3786 -23.4265 331.673 -0.0541835 0 4.5 0.0230555 -0.540832 0.840815
32.6938 11.0491 317.33 0.343358 0 -4.5 -0.517738 0.820337 -0.242887
39.5575 -0.84975 321.358 0.00976707 0 -3.9 0.591959 -0.542723 -0.595849
10.8642 -17.3308 351.457 -1.18839 -0.0412624 -0.7 -0.00627543 -0.26151 -0.965181
26.6777 1.66087 310.145 -0.0635037 0 -3.5 -0.286721 -0.0658649 -0.955747
21.6946 -20.8586 309.957 0.688583 0 -0.4 -0.445662 -0.746895 -0.49349
-3.13119 -3.17459 361.612 -0.775157 0 -3.5 -0.97563 -0.000893271 0.219419
40.5063 8.12581 329.73 -0.306391 0 -0.9 0.781459 0.437364 0.445011
0.924125 -16.5417 323.638 0.112311 0 -1.6 -0.988139 0.143312 0.0551571
4.9715 4.3125 345.044 -0.424533 0.10231 -0.912079 -0.56621 0.423215 0.707315
48.402 -3.4135 320.581 -0.016756 0 2.8 0.0224085 0.169383 -0.985295
41.9373 -26.0452 321.127 0.572108 0.27956 -0.7 -0.22189 -0.905843 -0.36085
20.05 -4.21494 323.686 0.394827 0.26495 3.8 -0.632032 0.112125 -0.766788
-2.8985 -1.661 342.167 -0.161124 0 -4.01517 -0.914044 0.0112237 0.40546
27.7962 5.18525 349.871 -0.438175 0 -2.82151 0.412134 -0.350498 0.841009
15.3689 -7.50016 344.596 0.0997346 0 -2.32757 0.753952 -0.656182 0.0313272
40.8512 -24.779 318.85 0.12806 0 -1.3 0.459719 -0.589852 -0.663877
22.3683 6.97431 334.329 -0.128035 0 -0.7 -0.896973 0.41661 -0.147905
21.6777 -11.8027 336.334 -0.261808 0 -2.81648 -0.516405 -0.247445 0.819815
17.8685 7.16194 364.9 0.888676 0 -3.9 -0.817297 0.130503 0.561243
44.9491 2.16084 344.815 0.42666 0.813325 -4.5 0.640329 -0.19518 -0.742888
8.11072 12.3733 346.354 2.89611 0.158331 -3.9 -0.7869 0.595062 -0.163369
10.7927 -18.9182 352.583 -0.260629 0 -2.20961 0.0666217 -0.87058 -0.487495
4.33512 -0.582719 317.087 -0.3763 0 -4.26799 0.71712 0.252481 -0.64961
23.9028 7.36294 351.384 -0.214848 0 -3.5 0.492326 0.711 0.502089
2.43712 -10.3337 349.117 -0.390004 0 0.472383 0.0405239 -0.804852 -0.59209
21.3144 -11.4061 319.327 -0.0575367 0 4.2 -0.873152 0.338296 0.350944
19.7769 -2.35209 358.418 -0.127648 0 -2.13408 0.155237 -0.557685 0.815407
34.8327 -27.6246 322.544 -0.201742 0 0.849456 0.0961162 -0.946935 0.306716
42.3552 1.777 322.76 0.52458 0 -1.82964 0.809166 0.585552 0.0487706
0.767719 -0.630844 345.401 -2.18414 -0.512127 -3.5 -0.176309 0.971149 -0.160579
23.6924 -8.86191 336.635 -0.141891 0 -0.8 0.0991798 0.7439 0.66089
-7.21488 9.0675 336.092 0.126113 0 -1.70637 -0.950185 0.262468 -0.168105
0.721687 1.90737 320.118 1.12999 0.336811 -3.5 -0.782971 0.610972 -0.116916
49.2012 -19.5793 323.139 -0.128305 0 -3.9 0.428282 -0.575047 -0.697062
8.748 -18.364 331.87 0.380747 0.435155 -0.7 -0.135895 -0.342912 0.929486
-7.40331 -6.26184 322.625 -1.99466 -0.0557612 -3.5 -0.400578 -0.915716 -0.0316534
5.2415 -17.9676 331.299 0.579771 0 -3.9 -0.477707 -0.878505 -0.00498604
49.0806 -21.7314 326.946 -0.0881815 0 -3.2 0.992088 -0.123989 0.0196894
-3.81487 -7.5375 363.893 -0.937204 -0.594123 -2.91961 -0.773132 0.478329 0.416496
19.0961 -9.08525 336.822 -0.306797 0.362541 -1.27382 0.584827 0.221228 0.780407
-2.23075 4.3195 342.385 0.0372797 -0.0692458 -3.58279 -0.0364654 0.126107 0.991346
-15.3049 0.286875 329.504 3.19741 0.38271 -3.9 -0.16021 0.220634 -0.962109
48.4019 -23.3283 324.7 0.192771 0 -3.2 0.474542 -0.382045 -0.793001
44.2188 -0.0965 345.168 -0.0835132 -0.319258 -1.62927 0.905751 -0.423334 -0.0200964
4.30894 -13.9107 334.258 0.182307 0 -2.69252 -0.0143239 -0.219512 0.975505
38.9659 10.5592 315.737 -0.204445 -0.0135446 -4.48215 0.408598 0.787736 -0.460998
-1.39919 3.19672 327.582 0.496448 0 2.8 0.338577 0.653391 -0.677087
32.9299 16.679 334.537 -0.544364 -0.395118 -3.5 -0.403248 0.914093 0.04271
10.518 8.647 338.971 -0.465983 -0.0336461 -3.5 -0.253472 0.135697 0.957778
4.00469 -15.1106 366.011 -0.627652 -0.201695 -4.02623 0.216384 -0.701185 0.679351
29.4876 -15.5224 314.974 0.147621 0 3.8 0.0839025 -0.327479 -0.941126
9.81375 -20.1484 322.706 -0.611887 -0.0610001 3.56931 -0.551375 -0.170474 -0.816654
9.55928 -9.81728 319.778 -0.604769 0 -3.5 0.507038 0.237175 -0.82865
18.1047 11.6931 344.4 -1.94881 -0.363491 -3.5 -0.485276 0.848121 -0.2126
5.38645 -15.125 334.563 1.29128 0 -3.9 0.066021 0.629724 0.774008
24.2597 -20.0648 331.746 -0.461329 0 4.03301 0.0935619 0.0652377 0.993474
24.6263 -23.8727 317.84 -0.748136 0 -3.2 -0.673512 -0.732218 0.101181
10.2047 -8.40272 364.09 0.490799 0 -0.4 -0.348646 0.755382 0.554837
41.016 10.2818 314.97 0.432926 0 -4.5 0.321319 0.849184 -0.419095
35.0798 1.65497 348.894 -0.151896 -0.116997 -0.8 -0.0540116 -0.442019 0.895378
17.002 -4.317 324.894 -0.62877 0 3.8 0.309082 -0.341345 -0.887667
31.3277 -9.84287 312.623 0.605946 0 -4.5 -0.54829 0.823324 0.146681
32.9361 -1.058 341.89 -0.759095 0 -1.33322 -0.42651 -0.451115 0.783955
7.65475 3.64913 356.072 -0.334897 0 3.8 -0.407295 0.909719 0.0807537
25.3264 -17.3662 333.279 -1.08825 0 -3.5 0.16047 -0.848842 0.503702
-13.7562 -0.263781 329.929 1.01237 0.249514 -3.9 0.259186 -0.15966 -0.952539
7.98531 5.17919 345.215 -0.0447336 0 3.8 -0.180555 0.976569 -0.1171
28.2545 14.2936 324.266 -0.651004 -0.12777 -3.5 -0.234201 0.0869009 -0.968297
44.5023 -26.4527 326.904 -0.234811 0 -3.34819 0.151511 -0.82723 -0.541049
34.615 -2.60087 312.601 0.200229 0 -3.9 0.0930331 -0.651604 -0.752833
23.09 -9.159 318.91 0.160372 0 4.2 -0.0924418 -0.00214755 0.995716
20.2755 -20.1488 323.686 -0.162029 0 -1.6 0.620652 -0.604077 -0.499882
8.74781 9.16906 328.391 -0.170901 0 2.8 0.504615 0.460195 -0.730468
5.4915 -2.4275 320.752 -0.529663 0.0258429 3.51875 0.906231 -0.293205 -0.304593
18.1795 0.807625 327.948 -0.00369329 0 -0.8 0.150758 0.797672 0.583944
47.7509 -13.7906 331.282 0.541411 0.0504223 1.55204 0.801857 -0.593806 0.0664749
12.0955 -5.168 363.089 -0.617437 0 -3.2 -0.0168454 0.224482 0.974333
18.1565 2.5255 327.118 -0.213115 0 -0.8 -0.230797 -0.0223146 0.972746
31.3318 0.984 342.173 -0.295407 0 -2.81172 -0.726285 -0.625136 0.285859
-0.0549062 13.1648 337.136 -0.0286444 0 -3.9 0.747286 0.580019 -0.324256
11.5974 -12.8488 321.877 -0.0346796 0 4.5 -0.0951991 -0.517905 -0.850124
22.4037 5.8815 336.868 -1.039 -0.987695 -0.7 -0.992386 0.0831046 -0.0909075
22.8245 -19.891 332.286 -0.177942 0 4.5 0.115523 -0.174496 0.977858
38.8638 11.4452 322.784 0.464407 0 -1.984 0.780071 -0.059585 0.622848
-11.8696 -12.8636 354.226 -0.932813 -0.000937655 -3.5 -0.564064 0.82201 0.0783006
17.22 -11.0075 338.669 0.975117 0.177682 -3.9 0.793371 -0.0627845 0.605492
13.8855 -3.21675 362.428 -0.0449347 0 -3.2 0.522932 0.441874 0.728896
18.5741 -5.6595 356.593 -1.33301 -0.807401 -3.5 -0.463783 -0.611621 0.640957
32.8004 -6.70738 339.502 0.0144355 0 -4.5 -0.919085 -0.380925 0.100892
47.4565 -2.0535 323.052 -0.704457 0 2.8 -0.342384 0.90441 -0.254588
19.2462 -15.4137 322.147 0.619659 0 -1.75595 0.323548 0.0613914 -0.944218
3.34975 -16.6707 351.889 -0.895472 0 -3.5 -0.486994 -0.238002 -0.840352
43.0572 8.45975 336.229 -0.0872309 0 -3.5 0.084298 0.976004 0.200775
23.1224 -7.41109 320.221 0.0270928 0 4.5 0.101561 -0.991783 0.0777877
34.3745 15.2315 343.375 -0.0412029 0 -3.9 0.82439 0.158902 0.54326
-0.606 9.9495 338.914 -0.575875 0 -3.77548 0.992716 0.0417348 -0.113015
10.7547 -20.5005 331.864 0.130147 0 -0.7 -0.501858 -0.840731 0.203251
51.4637 -9.71544 332.583 -0.046734 0 -3.5 0.214771 -0.681857 0.699246
16.6725 -3.97575 357.445 -0.460172 0 -3.28162 0.722051 -0.604329 0.336792
12.3088 3.24728 322.143 -0.636927 0 -3.5 0.67899 -0.087503 -0.728914
16.2271 4.63737 326.698 -0.321786 -0.522493 -1.77473 -0.1065 0.0863709 0.990554
22.1431 6.88112 356.534 -0.305248 0 1.27478 0.970242 -0.0982186 -0.221324
9.05892 -21.2806 354.716 0.0403897 0 -3.5 0.716123 -0.653616 -0.244856
2.4045 -9.6325 346.25 -0.0656725 0 -4.5 -0.431387 -0.899851 -0.0646026
22.9178 13.8355 328.522 -1.20957 -0.558855 -3.23468 -0.967276 0.162115 -0.195179
-5.797 8.4182 332.158 -0.343322 0 -0.7 -0.631853 0.427604 -0.646465
33.458 -22.1077 333.734 -0.202698 0 -0.263483 0.280717 -0.577543 0.766578
-4.09784 -7.34075 332.73 -0.0527872 0 -3.9 -0.290644 -0.355896 -0.88818
-5.5995 -2.38913 347.958 -0.169675 0 -3.2 -0.663551 0.743333 0.0845908
41.2196 -18.5966 340.629 0.638624 0 -3.9 -0.761184 -0.557843 0.330771
43.0078 -0.99825 328.37 0.404343 0 -1.3 0.745534 0.201024 -0.635427
32.7848 -17.2918 331.875 -0.429508 -0.0143937 -3.37799 0.313541 0.572611 0.757502
4.66691 9.77812 328.737 -1.11263 0 -3.5 -0.168035 0.566844 0.806506
9.31725 9.9795 339.181 0.00922915 0 -3.2 0.509182 0.441044 0.739063
-2.20587 -1.84263 344.303 -0.659673 0 -3.5 -0.74622 0.632095 0.208833
12.4544 -10.8982 335.696 -0.361928 0 -3.9 -0.173767 0.889249 0.423132
43.1598 4.53194 338.839 0.163846 0 4.2 0.972927 0.121471 0.196615
33.7664 -3.14981 342.56 -1.41964 0 -3.5 -0.792519 0.0388988 0.608606
39.844 -3.5595 320.2 0.0310543 0 2.91512 0.709651 0.701223 0.068428
1.86919 -14.0483 332.123 -0.132699 0 3.16554 -0.435328 -0.654278 0.618393
3.004 4.90725 344.306 -0.315924 0 -1.6 -0.267619 -0.708427 0.653078
43.1912 -5.56275 341.893 -0.369302 0 2.8 0.18927 -0.866912 0.46113
10.8772 -10.517 337.189 -0.340062 0 -3.60037 0.784432 -0.174036 0.595296
32.1276 -26.3375 329.451 -0.0997213 0.0587189 -3.8058 -0.464688 -0.598106 0.652943
9.665 10.2281 336.543 -0.402589 0 -3.2 0.421091 0.902271 -0.0926778
29.3612 -27.6098 320.49 0.301134 0 -3.5 -0.27081 -0.851125 0.44972
42.7125 0.746 328.619 0.691247 0 -1.3 0.312799 0.317425 -0.895209
23.7504 0.358029 336.863 -0.382132 0 -3.5 -0.271077 -0.956181 -0.110612
21.2719 -12.4968 319.031 -0.0418193 0 4.2 -0.9939 0.107141 -0.0261429
38.815 -8.515 314.405 0.0914448 0 -3.5 0.956809 -0.113783 0.267527
50.3241 -4.32482 338.624 0.00493456 0.0724001 -4.5 0.385406 0.887213 -0.253604
18.3997 -5.09075 344.421 0.903301 0.289711 -0.7 0.851728 -0.515081 -0.0961823
17.8589 8.68925 352.711 -0.307715 0 1.8 -0.0565539 0.900633 0.430884
36.7775 -12.0345 309.531 0.598203 0 -4.5 0.880882 -0.430048 -0.197753
28.9075 -10.001 336.293 -0.0380052 0 -3.9 -0.246364 0.967814 -0.0513872
7.18165 -21.3764 328.659 0.0275291 0 3.8 -0.410842 -0.757737 0.506994
41.0868 -15.3379 317.231 -1.17137 0 -0.7 0.223514 -0.799894 -0.556967
34.0295 -25.898 332.876 0.0429367 0 1.8 -0.788148 -0.594858 -0.158007
3.11282 -15.4245 358.769 -1.4259 -0.0287402 -1.3 -0.369658 -0.871169 -0.323136
32.7275 -22.5963 326.33 -1.18813 -0.0824293 -1.3 -0.572522 -0.0865734 0.815306
19.762 -22.404 331.495 0.0278571 0 4.5 -0.296621 -0.581276 0.757716
24.3343 -24.8521 325.74 1.25301 0 1.8 0.967231 -0.235745 0.0942779
35.4535 -23.971 314.384 0.206378 0 -0.4 0.311942 0.297135 -0.902443
23.6378 -26.1159 311.041 0.335564 0 1.8 0.131716 -0.432067 -0.892171
38.2449 -21.8642 316.653 -0.382784 0 -0.7 0.344714 -0.685586 -0.641205
13.5764 3.25912 329.485 -0.403689 0 -1.3 0.632079 0.429179 0.645199
-4.59025 -0.80175 354.48 -0.331698 0 -0.9 -0.760018 0.184129 -0.623273
37.735 6.39775 315.564 0.092695 0 -4.34928 -0.596151 0.226804 -0.770171
41.2593 13.1241 322.292 -0.095199 0 -3.5 0.686023 -0.234918 0.688611
21.3625 -14.5454 320.336 -0.065386 0 4.2 -0.774945 -0.631543 -0.0247782
26.6523 -0.188187 338.672 -0.818564 0 -3.5 0.0474939 -0.909298 0.413426
34.3517 12.31 343.812 0.225554 0 -0.9 0.298532 0.623615 0.722484
40.0277 3.79982 319.941 0.213697 0 -3.9 0.908798 0.407115 -0.091338
18.4261 9.08662 351.645 -0.268237 0 1.8 0.280382 0.939207 0.198181
10.8295 -11.4493 349.128 -0.460724 0 0.154967 0.254156 0.0101426 0.96711
9.3185 -14.1388 321.896 -0.509706 0 -3.5 0.617927 -0.186669 -0.763754
17.2562 -10.378 339.636 -0.313531 0 -3.5 0.732564 -0.582718 0.351837
10.8839 6.00788 342.957 -0.470661 -0.898329 -0.8 -0.484279 0.011052 -0.874844
31.8983 4.1615 313.885 -0.169808 -0.119191 -2.08401 0.297991 0.148897 -0.942884
17.9848 -20.557 333.004 0.116489 0 -4.5 0.0501866 -0.628047 0.776556
0.0813373 12.4048 335.47 0.218645 0 -3.12107 0.616095 0.786885 -0.0351937
30.3271 -16.8251 314.964 0.323342 0 3.8 -0.32097 -0.339847 -0.884015
15.1145 -20.2104 321.956 -0.0579727 0 4.2 0.638866 -0.0726743 -0.765878
30.514 -27.077 329.751 2.37253 0 -3.9 0.430891 -0.880064 -0.199551
17.9161 -5.6282 343.306 -0.314697 0 -0.7 0.835985 -0.545406 -0.0605054
34.7236 -23.0695 314.579 0.952304 0 -0.4 0.191867 -0.0336542 -0.980844
14.7386 -11.927 357.47 -0.6073 0 -3.5 0.467187 -0.236795 -0.85186
16.1861 3.81721 325.921 -0.400234 0.404526 -4.04859 0.463346 0.0833297 -0.882251
16.0833 3.42383 325.818 -0.435156 0.153231 -3.66758 -0.373048 0.730435 -0.572101
16.3127 3.5635 325.847 -0.410367 0.529216 -4.5 -0.136753 0.410098 -0.901731
15.8414 3.49013 325.885 -0.445134 -0.627817 -1.83389 0.229172 -0.135552 0.963901
15.7926 3.53156 325.894 -0.446742 -0.666265 -1.75506 -0.0463796 0.158912 -0.986203
16.2853 3.64832 325.89 -0.404078 0.563043 -4.5 -0.345712 -0.366168 0.863947
3 7491 7013 6878
3 7013 6276 6569
3 4933 7013 7491
3 6276 4933 127
3 7515 127 4933
3 7491 6519 7515
3 6519 7491 5355
3 6878 6724 5355
3 6519 5355 6473
3 6473 7273 6519
3 6724 4012 5355
3 6473 5355 4012
3 4961 6724 4845
3 4961 5520 5729
3 1439 5520 5783
3 5783 2789 4440
3 2789 127 4440
3 4440 127 2163
3 1263 3852 4440
3 1738 169 6070
3 1263 2163 6070
3 2163 7363 6070
3 3659 6241 5020
3 6241 2096 2190
3 6664 2566 2096
3 7273 6473 6241
3 7241 6241 6473
3 283 6664 7241
3 1439 3844 6681
3 3844 6311 6681
3 6311 3844 3540
3 5783 6631 3844
3 3540 2553 1010
3 2011 1010 2553
3 2526 3540 1010
3 1010 231 2526
3 2553 6781 5627
3 5627 6781 4068
3 4068 6781 4373
3 6781 3665 4373
3 3852 3665 6781
3 5286 5419 3582
3 5419 1738 3582
3 5286 6350 5419
3 5286 3582 2495
3 3582 7411 2495
3 7411 2104 4585
3 1789 4585 7363
3 1789 3659 5020
3 2190 4368 4715
3 4368 5169 5345
3 4368 5345 881
3 5169 4368 1492
3 5169 1492 1204
3 4368 2167 1492
3 2167 2096 2566
3 2566 6664 6368
3 6858 4080 1289
3 6225 4363 4080
3 1964 4080 4363
3 4190 1964 4363
3 4363 6225 7287
3 4363 7287 5902
3 6311 766 6681
3 6311 3540 2526
3 6311 5267 643
3 643 5267 5668
3 7317 5267 3140
3 3849 44 3381
3 92 3081 587
3 92 587 4439
3 4439 587 6142
3 4090 1075 2322
3 4090 5685 3007
3 7247 3007 4289
3 1363 2233 5685
3 1363 2322 2233
3 1154 2233 128
3 2233 1154 134
3 128 3056 1154
3 467 1154 3056
3 467 3056 5892
3 2017 3056 128
3 5892 3056 4458
3 5627 4068 2017
3 2017 4068 1540
3 1540 4068 3799
3 3799 4373 3267
3 4373 5084 3267
3 3267 5084 440
3 5084 3665 7048
3 3467 6126 1919
3 814 3467 169
3 4678 2290 6253
3 5349 6253 2290
3 2290 325 5349
3 325 2290 2147
3 1452 2116 2290
3 2147 2290 2116
3 1452 6350 3720
3 1452 3720 6662
3 6662 5666 1806
3 233 4739 2851
3 2967 4258 4089
3 2967 6995 5733
3 5033 6442 4510
3 6995 2967 3464
3 6995 3464 3780
3 2967 948 3464
3 3464 7334 733
3 948 7334 3464
3 733 7334 6407
3 6407 4246 5260
3 6407 5260 1139
3 5260 4715 4957
3 5345 6284 881
3 5541 6284 6229
3 1204 4214 5169
3 5169 4214 3273
3 3273 4214 1289
3 3273 1289 805
3 805 1289 1787
3 5345 805 2008
3 6229 2008 4554
3 2008 805 4958
3 2008 4958 4554
3 805 1787 4958
3 4554 4958 5723
3 4958 1787 6430
3 4958 6430 5620
3 1787 7317 6430
3 3381 7317 3140
3 6104 3381 44
3 6104 562 2066
3 2066 562 1505
3 2066 1505 4648
3 1505 4893 4648
3 6142 2240 4439
3 3849 4823 7152
3 5155 5 4289
3 4289 5 1155
3 4658 5 5155
3 4658 5155 1825
3 5285 4658 6915
3 1825 6915 4658
3 5040 5944 5685
3 1909 5892 5360
3 762 549 2950
3 6032 5190 549
3 3777 6359 2767
3 2767 1540 3169
3 2767 4458 2483
3 2767 2483 1540
3 6887 3169 502
3 3169 6887 5377
3 7208 2166 5415
3 5404 440 5084
3 5415 5404 7048
3 5404 5084 7048
3 7208 5415 1919
3 5415 2166 6678
3 6678 2634 5415
3 2166 7208 1603
3 2546 4348 4668
3 4348 5323 4179
3 4348 4179 4668
3 5323 325 2147
3 5323 2147 6187
3 5323 6187 6114
3 5533 5323 6114
3 6187 2116 3737
3 7087 3737 4465
3 7087 4465 1883
3 1806 828 1883
3 828 4049 3834
3 3834 4049 5799
3 4049 4739 6505
3 3559 5832 916
3 3559 916 4718
3 3093 1595 5374
3 2355 5033 4510
3 4510 6574 2355
3 3780 382 2421
3 382 3481 2337
3 3481 5260 2059
3 2337 2059 6423
3 2337 6423 5402
3 7481 6933 6194
3 4554 2627 6229
3 6933 6229 2627
3 5723 2627 4554
3 5723 5160 2627
3 5707 5160 5723
3 5707 5039 5160
3 5707 5723 5620
3 5068 5707 5620
3 5068 5620 4397
3 1425 5068 6104
3 4397 6104 5068
3 5068 1425 4327
3 4327 1425 2066
3 5068 4327 5039
3 5039 4327 3733
3 4327 1676 3733
3 1676 5672 5199
3 4327 2066 5672
3 5199 5672 5722
3 2994 5722 5672
3 2994 5672 2066
3 4648 270 2994
3 270 441 2994
3 270 1879 441
3 270 4648 7238
3 1771 270 7238
3 1771 4226 4669
3 7238 6970 4226
3 1155 6970 7247
3 4226 5746 1996
3 4775 4669 6249
3 6249 4669 5285
3 1996 5285 4669
3 688 5285 6915
3 688 6915 1909
3 1909 6915 2861
3 5360 228 2410
3 5285 3076 6249
3 2275 3138 7198
3 7198 3138 6562
3 549 5190 6562
3 5784 7198 2422
3 2422 6647 5784
3 1370 5784 6647
3 2422 3534 6647
3 3534 6562 5190
3 6695 2055 6647
3 2055 6695 6323
3 3986 7557 6695
3 3986 6695 3814
3 3814 6695 884
3 3814 884 3777
3 3534 3777 884
3 5871 3986 5521
3 5521 2127 5871
3 2127 5521 2634
3 2634 5521 5404
3 3336 2634 6678
3 6678 7222 3229
3 1603 581 7222
3 1603 7208 2615
3 1603 2615 581
3 2615 3119 1668
3 4668 1393 3119
3 1393 4668 7485
3 7485 4668 3634
3 4668 4179 3634
3 3634 4179 2946
3 2946 3816 18
3 3816 4382 4571
3 3867 4382 7257
3 7257 6114 6187
3 7257 6187 4000
3 5963 2454 5504
3 3589 1411 1378
3 3589 1378 6817
3 7430 1411 3834
3 1411 7087 3834
3 1378 7308 6817
3 7430 4718 3048
3 5375 3706 6056
3 3301 7496 5193
3 5739 5857 3364
3 5857 661 3364
3 5062 5739 2355
3 6946 2355 5739
3 1854 5062 2355
3 5564 1854 6639
3 6639 4337 5564
3 6574 7555 6639
3 6639 3078 4337
3 3078 5331 4337
3 4337 5331 3953
3 3078 921 5331
3 921 5720 5331
3 921 3078 4797
3 921 4797 358
3 3078 7555 4797
3 5720 358 1441
3 3754 6044 4797
3 358 4797 6044
3 6044 1441 358
3 2761 634 3754
3 634 7481 2146
3 7481 6194 2146
3 6194 1311 2265
3 2265 1183 6194
3 1183 2265 3753
3 3753 2265 2257
3 373 2257 2265
3 5099 3753 2257
3 5160 5039 2257
3 2257 5039 1116
3 1116 2174 6316
3 1116 6316 2257
3 5052 2174 5039
3 5052 3733 1676
3 7490 1676 5199
3 3069 752 441
3 3069 7462 7564
3 4339 7462 4775
3 5373 7564 4339
3 5330 3225 4590
3 6249 2900 3555
3 3555 4590 3225
3 65 1325 3555
3 4590 3555 1325
3 2416 1325 65
3 2900 5972 2416
3 460 6687 2416
3 1325 2416 6687
3 1537 4763 7380
3 1537 7380 3596
3 7380 1469 3596
3 2780 1918 4266
3 4266 1370 3298
3 1370 7434 3298
3 3298 7434 2461
3 7434 3262 2461
3 5319 7557 1105
3 5319 1105 6110
3 5871 2127 927
3 2127 3336 5328
3 3229 7222 4832
3 527 3572 7222
3 2041 7222 3572
3 2041 3572 3861
3 3861 3572 5179
3 527 1736 3572
3 3572 1736 4148
3 2666 4390 1736
3 1736 4390 4274
3 4274 4390 4800
3 2666 2143 1099
3 4800 4390 5886
3 1668 1393 4390
3 5886 4390 1393
3 5886 1393 7485
3 5886 2740 4800
3 3875 1435 1444
3 1435 3275 1444
3 1444 3275 18
3 3275 2946 18
3 763 3875 4571
3 3875 1444 4571
3 763 845 4523
3 7259 5570 6558
3 7259 6558 1514
3 3904 2035 5299
3 6558 5963 2035
3 5299 6281 1530
3 6281 2239 1530
3 2247 2239 3218
3 3218 7482 2247
3 6817 3035 2239
3 3035 7308 1556
3 3218 3035 5289
3 3218 5289 7482
3 1892 5164 187
3 5899 1556 5375
3 3301 5193 4178
3 5193 3364 2000
3 4178 2000 2715
3 4178 2715 4362
3 4362 2715 3455
3 2715 5660 7349
3 2715 5857 5660
3 5857 5739 4986
3 4986 5739 5062
3 4986 5062 450
3 4986 450 7281
3 4986 7281 5594
3 5857 4986 5594
3 6265 3838 7281
3 7281 3838 3230
3 7281 3230 1508
3 1508 3230 485
3 3838 3953 3230
3 485 3230 5144
3 5720 2656 7212
3 2656 3269 7212
3 7212 3269 462
3 3269 3521 462
3 866 3521 3269
3 866 6412 3521
3 6412 1333 3521
3 866 6044 6412
3 7010 6412 3930
3 1057 6044 3754
3 1057 1426 6044
3 1057 2146 4265
3 4265 2146 6194
3 4596 3930 4265
3 4596 3753 4796
3 2437 5099 63
3 63 4487 2437
3 6316 3125 63
3 63 3125 4487
3 4487 3125 6964
3 5287 3125 4154
3 3125 6316 4154
3 4197 2377 2310
3 2310 5337 4358
3 4358 5337 5884
3 5337 2670 6383
3 6383 3825 4674
3 6383 4674 5884
3 3825 1487 909
3 5384 909 5410
3 5384 5410 1593
3 1593 25 5384
3 1593 5546 25
3 5546 5654 3454
3 6826 5654 7479
3 5654 7156 7479
3 7479 7156 5472
3 5472 7564 4984
3 7073 7564 3561
3 3561 4497 7073
3 3561 1058 4497
3 1058 3561 2065
3 7564 5373 3561
3 2065 3561 5713
3 5330 514 7120
3 5330 6687 4694
3 4694 6687 4105
3 4694 4105 7117
3 7117 4105 1286
3 1286 4105 3596
3 7117 1362 452
3 7117 452 6366
3 6456 6527 6155
3 6456 6155 4243
3 6527 1469 6155
3 6155 1469 3513
3 6788 3513 1469
3 7201 3940 1102
3 7201 1102 4262
3 3165 6483 3765
3 4146 6483 2780
3 2780 3298 4146
3 1246 4611 7029
3 4611 3262 7029
3 2300 7569 6207
3 7569 4720 281
3 281 4720 1241
3 1241 4720 3402
3 3182 339 4720
3 4720 339 4143
3 4143 339 6372
3 7029 3360 3182
3 6372 138 1582
3 3879 3432 6110
3 6110 3432 4643
3 5416 4973 1541
3 1541 4973 6226
3 4973 4643 7227
3 6226 3861 5179
3 5179 6684 6226
3 4148 5179 3572
3 5688 5490 4274
3 2724 4274 5490
3 2176 2724 5490
3 5490 5688 4599
3 5043 1763 2740
3 4800 2740 1763
3 2740 173 5043
3 2740 2509 173
3 7259 7406 173
3 5043 173 7406
3 1514 695 7259
3 7406 7259 695
3 695 2432 7406
3 695 1514 3904
3 695 3904 959
3 5960 959 2898
3 959 3904 5299
3 2898 959 1530
3 5299 1530 959
3 2898 6663 5960
3 7276 6663 3666
3 2898 3998 6663
3 3998 3666 6663
3 2247 7482 1240
3 6496 7482 3228
3 1892 3956 2052
3 3956 3089 1639
3 3956 1639 6354
3 187 6436 3089
3 187 7232 6436
3 5164 4922 7232
3 4922 5899 7006
3 3455 4117 4362
3 5899 1291 7006
3 4026 3455 7349
3 4026 7349 7177
3 7177 7349 6371
3 7349 5660 5021
3 7349 5021 1176
3 5021 2584 5058
3 5058 2584 7254
3 7254 880 5058
3 2938 5106 7254
3 2938 2584 5660
3 5660 5857 5594
3 647 7184 7281
3 2490 7292 6327
3 5454 7292 2490
3 5035 5454 5144
3 5144 2458 5035
3 2487 3047 5035
3 5454 5035 4649
3 3047 4649 5035
3 4649 3047 6075
3 3047 2487 5171
3 2487 2458 5171
3 5171 2458 7212
3 5171 7212 462
3 5388 462 3521
3 3521 1333 5388
3 5388 7529 7610
3 7529 4673 5259
3 4673 1333 6497
3 4673 6497 5608
3 2942 7010 3764
3 5177 4796 1448
3 4796 6804 1448
3 1063 2732 4487
3 6804 1063 4420
3 4487 6964 4420
3 6964 3125 1588
3 3397 1812 1916
3 1916 1812 4750
3 4197 4175 2719
3 3379 4197 2719
3 2719 4175 5664
3 1306 5664 5437
3 5664 4175 3335
3 5664 3335 376
3 5851 30 7570
3 30 2310 4358
3 7246 4847 5884
3 1962 5614 6342
3 6541 4674 4034
3 6058 932 729
3 3616 2309 6058
3 3616 729 6932
3 6491 2606 6145
3 2606 3454 2872
3 4024 2872 357
3 357 6826 174
3 7158 174 3196
3 4630 6094 4767
3 7479 4923 415
3 4923 5472 4984
3 4497 5526 7073
3 2630 1058 2065
3 7558 2630 2984
3 2630 1527 2984
3 5713 5200 1527
3 5200 1118 1717
3 1717 1118 749
3 749 1118 5615
3 1118 6157 5615
3 5615 6157 2646
3 5615 2646 4999
3 2500 6023 2797
3 6513 7392 6366
3 2797 6366 7392
3 1915 3095 6513
3 3095 1915 1762
3 6120 3095 1762
3 7553 6366 5365
3 6456 5968 4415
3 1920 1842 2958
3 6654 4830 3424
3 2582 3513 2618
3 3424 4830 3732
3 3424 3732 6260
3 2618 5496 4830
3 3732 4830 5496
3 2592 3367 5742
3 4262 6971 1278
3 3765 4456 5765
3 4769 5765 4456
3 4456 3765 1602
3 4456 1602 3507
3 1246 2300 3507
3 3507 2300 6207
3 7494 6370 7504
3 6207 7494 3722
3 6370 7494 5145
3 3722 7494 161
3 318 3461 7504
3 318 2317 3461
3 6370 5145 5051
3 7569 6620 5051
3 5051 6620 3538
3 5051 3538 6370
3 6370 3538 7036
3 7036 3538 5182
3 3116 5712 4858
3 5712 4863 4858
3 5712 3116 1474
3 1474 4314 5712
3 1241 3613 4314
3 4314 3613 6730
3 3613 3402 1648
3 1648 4143 7085
3 2242 719 3365
3 719 6372 1568
3 719 1568 3365
3 3925 6226 6684
3 1568 1987 3365
3 5537 7085 2242
3 4629 2587 6250
3 6289 6684 780
3 6362 800 5453
3 5453 800 6564
3 800 4430 2474
3 2474 958 3908
3 958 667 3908
3 3908 667 0
3 667 4599 3979
3 656 2638 5043
3 656 5043 7406
3 656 7406 3010
3 3322 5136 6380
3 2432 6380 5136
3 2384 6380 2961
3 2961 6380 3830
3 6380 5076 3830
3 3830 3027 2961
3 1984 6088 6603
3 1984 6603 4172
3 6088 4631 961
3 4631 1434 3510
3 1350 3510 3602
3 1434 3830 3510
3 3510 3830 7276
3 3510 7276 3602
3 3666 3779 1783
3 3666 6496 3779
3 2274 3779 751
3 751 6164 3880
3 359 2972 6164
3 6496 2972 359
3 3880 6164 5991
3 5991 6141 186
3 6141 1257 3228
3 1257 2972 6496
3 1257 6496 3228
3 5583 3228 3375
3 6263 5163 6354
3 5141 5770 6263
3 5141 3623 5510
3 2462 3623 6354
3 2462 6354 4591
3 4591 1639 6436
3 3911 5807 446
3 446 5807 4784
3 446 4784 3243
3 5807 123 4784
3 7232 7177 123
3 4784 123 7177
3 7177 6371 4784
3 4784 6371 4904
3 6371 1176 5587
3 1176 6371 7349
3 4904 5587 2576
3 6536 2576 5587
3 2576 6536 3243
3 1028 3243 6536
3 5469 1028 1703
3 1703 3378 5803
3 4721 6106 1536
3 1536 880 4721
3 4721 880 7254
3 6106 6624 3378
3 6624 676 7307
3 1558 7307 6320
3 676 280 7307
3 6320 7307 5170
3 7307 2940 5170
3 7562 1840 7254
3 6327 5757 4838
3 7341 5757 1576
3 7341 1576 5023
3 1576 5757 6075
3 6075 3526 1576
3 6075 2188 3526
3 1512 2188 6075
3 5023 3526 6937
3 5090 5023 6937
3 6204 6937 3526
3 3441 6937 6360
3 3441 6360 4451
3 2611 6204 1959
3 6410 1290 2194
3 1290 1238 2358
3 5096 2358 1238
3 1238 1290 7529
3 7529 5259 1238
3 5259 3039 6823
3 3039 7326 6823
3 2025 4725 2132
3 317 5608 4725
3 5608 317 4673
3 5259 4673 317
3 855 1003 5608
3 1003 855 4956
3 4956 6497 6582
3 4956 6582 6240
3 6572 429 91
3 3764 91 429
3 91 4215 6572
3 91 6804 4215
3 3450 882 4215
3 6572 4215 882
3 882 3317 6572
3 3450 4058 4543
3 3450 4543 3449
3 882 3449 2856
3 3317 882 7326
3 2856 7326 882
3 2856 3449 4663
3 6823 2856 72
3 4663 72 2856
3 4663 5096 72
3 7545 5253 5732
3 5253 4750 1812
3 5732 3379 2785
3 2785 1509 2723
3 1509 2719 5198
3 5198 2719 334
3 2112 334 306
3 4475 713 6221
3 4475 6221 3231
3 6221 3354 3231
3 1758 1897 2297
3 2297 1897 7458
3 3014 7458 1897
3 2297 7458 6166
3 7458 3014 7570
3 6166 7458 2664
3 7176 2959 5372
3 7176 3359 2675
3 3196 2675 7158
3 5091 3359 7176
3 7176 6342 5614
3 5614 5149 1719
3 5862 4369 3809
3 48 5186 2246
3 5002 48 1
3 2246 1 48
3 2246 5186 6058
3 3743 2309 2697
3 5157 4024 6108
3 4024 7158 6108
3 2381 6766 5002
3 2381 1 6031
3 5302 6031 6987
3 5526 3227 7073
3 3674 3227 5526
3 5758 3227 6756
3 7558 2371 3674
3 3674 2371 377
3 2371 1358 377
3 2371 7558 631
3 3735 631 7558
3 1358 2371 5806
3 631 3735 7402
3 1227 631 1814
3 7402 1814 631
3 2984 7402 3735
3 2984 2581 7402
3 2581 6723 7402
3 749 6723 2581
3 6723 749 5615
3 4237 5121 256
3 262 2797 6157
3 7392 6157 2797
3 2402 6120 293
3 293 6120 5517
3 6120 2028 5517
3 2293 3801 5018
3 4608 6567 3801
3 1886 7261 4608
3 7261 3490 4608
3 1886 3624 4732
3 2293 4732 3624
3 2293 1920 4732
3 1920 3818 4732
3 3818 3832 4732
3 1485 5281 3832
3 3832 5281 5488
3 5281 2243 2387
3 2387 2243 3828
3 2243 2958 3869
3 4891 3869 3424
3 4891 1740 5031
3 2100 6979 20
3 2100 20 5496
3 5496 5742 2100
3 2100 2614 3311
3 5742 3367 2614
3 3192 3367 3145
3 3192 3145 7390
3 7390 1278 1073
3 7390 1073 2203
3 504 2203 3134
3 504 3134 4106
3 504 4106 5364
3 7075 504 5364
3 4744 5364 4106
3 4744 4569 954
3 954 4569 6425
3 4106 3517 4569
3 4764 4569 3517
3 3517 3845 4764
3 3134 3517 4106
3 3134 674 3517
3 3845 3517 4769
3 6150 2683 6425
3 4077 6651 4803
3 1887 4803 6651
3 7141 4149 6721
3 2406 6651 315
3 315 6651 3461
3 4077 3461 6651
3 3823 2212 315
3 2406 315 2212
3 7148 2212 3823
3 7148 2317 604
3 604 7036 7148
3 2317 318 604
3 604 6370 7036
3 7148 5182 6769
3 5182 3538 7486
3 2874 7486 7213
3 6022 4889 7174
3 6834 7174 4889
3 6834 5624 5312
3 6730 1730 7174
3 7174 1730 2380
3 2380 6022 7174
3 2380 1678 6022
3 4379 4629 5708
3 6730 1248 4379
3 4379 1248 2742
3 1248 7085 2742
3 6250 874 6001
3 6059 6761 5453
3 6289 2822 5537
3 2474 1050 6564
3 2051 0 1026
3 4997 1984 4172
3 4172 2803 3373
3 4959 3373 2803
3 4959 2803 6917
3 7472 6931 4538
3 3859 7472 5844
3 5844 4538 1350
3 4538 4631 3510
3 4538 3510 1350
3 1350 241 5065
3 241 1350 5568
3 3602 5568 1350
3 5568 3602 1783
3 1783 2274 5568
3 5568 1391 241
3 241 1391 1188
3 1188 1412 5991
3 5065 186 5583
3 5844 5065 5583
3 7284 2431 3859
3 3644 3859 2431
3 2431 7284 4897
3 6263 4798 4897
3 4897 4798 2431
3 3747 4798 5770
3 3747 5770 2737
3 2737 3759 3747
3 5770 5141 7079
3 5510 3623 2462
3 7355 2932 2462
3 5510 2462 2932
3 3911 446 7355
3 446 3243 7355
3 5469 3226 7355
3 5803 6624 5798
3 7522 1558 5882
3 5882 6888 5523
3 6888 6320 5170
3 5170 5590 6888
3 7184 4838 3763
3 5109 2771 2895
3 949 3441 4451
3 2771 6232 3037
3 949 4451 801
3 1735 4451 1525
3 4451 6360 1525
3 1741 2112 6360
3 6360 2112 1525
3 2112 3951 1525
3 2112 4475 3951
3 3231 1858 3951
3 5024 5828 6900
3 7413 4877 4132
3 7092 7516 4979
3 6166 5945 6467
3 5945 2664 3684
3 3171 3684 6321
3 3684 2664 5138
3 6321 3684 5138
3 5138 3566 6321
3 3566 5372 1835
3 600 6094 4245
3 5557 600 5829
3 5829 1423 5557
3 660 1381 5829
3 4785 1381 6472
3 5014 6756 3910
3 7017 6061 6870
3 2686 5014 3910
3 3910 1358 2686
3 2530 2686 877
3 2530 877 5930
3 5930 877 5806
3 5930 5806 4078
3 4078 1218 5930
3 6895 5930 1218
3 4166 1227 1814
3 4166 1814 4645
3 4645 1814 6563
3 1218 3590 7266
3 4645 2401 4166
3 45 4166 2401
3 6404 45 2926
3 2401 2926 45
3 4645 6563 2401
3 2401 6563 3250
3 15 6563 1814
3 15 1814 7402
3 6723 2420 7402
3 2420 521 4493
3 2420 6723 6908
3 521 2420 4927
3 6908 4927 2420
3 1442 3960 4493
3 2301 3960 1442
3 3960 4994 3250
3 2301 2792 7325
3 7325 2792 2472
3 2792 4454 2472
3 4454 2792 4927
3 4454 4927 4237
3 2472 4454 7109
3 7109 4743 6377
3 6270 6377 4743
3 3389 256 1324
3 1324 256 1460
3 256 5121 1460
3 1324 1460 2006
3 2030 3389 1324
3 2030 6270 3389
3 5517 3853 2030
3 6553 3853 50
3 5848 50 3853
3 5848 5517 2028
3 50 5848 4531
3 1722 2028 7474
3 7146 2600 7377
3 2600 7258 3003
3 3581 3003 3490
3 3581 3490 275
3 3581 275 6468
3 6468 275 3603
3 275 4898 3603
3 4898 7261 6611
3 6611 7261 6638
3 3832 1373 6638
3 5552 6611 941
3 3997 5488 6474
3 6474 2387 94
3 6474 94 4404
3 2387 7081 94
3 7075 362 7063
3 3828 1740 7063
3 5609 5843 1894
3 5609 5364 7572
3 7157 7003 5918
3 7046 7157 6053
3 6053 5656 4704
3 3987 5656 954
3 4704 3987 271
3 1083 4704 3217
3 6053 1083 979
3 1083 3217 5657
3 979 1083 5657
3 271 7141 3217
3 7141 6721 2253
3 2253 6721 2842
3 2253 2842 7378
3 7378 2842 3401
3 7047 6769 3504
3 3504 6769 2258
3 7484 2258 2925
3 2925 2258 2874
3 5879 6200 7585
3 1613 6200 6753
3 7405 6137 7128
3 6200 2963 7128
3 1153 4889 2407
3 1683 4889 6022
3 1683 2407 4889
3 7371 2407 1683
3 7371 1796 2407
3 1678 1971 7371
3 3199 170 3695
3 170 1971 3695
3 3695 1971 7457
3 3695 3682 3199
3 3682 1112 1630
3 4156 1270 6785
3 2287 4586 6512
3 1270 874 4586
3 6512 4586 6059
3 1851 2287 6512
3 7400 2051 7058
3 300 4959 6917
3 6917 3202 300
3 4172 159 2803
3 5868 159 6603
3 966 2568 6231
3 4334 2608 966
3 2568 966 2177
3 2608 2177 966
3 4818 4334 7472
3 4818 7472 3644
3 4818 3644 1087
3 4334 6931 7472
3 779 6231 2957
3 1087 1742 4818
3 1245 3806 5175
3 109 3759 7062
3 109 7062 4522
3 3759 2737 7062
3 7079 4982 5770
3 7079 2269 6484
3 2269 2932 6875
3 6875 2932 7355
3 529 3610 6215
3 3657 5803 4656
3 4656 5803 5798
3 4656 5798 7522
3 4656 7522 6177
3 4623 5277 5777
3 4623 5777 5747
3 5747 5777 8
3 8 5777 6682
3 7522 5882 2766
3 2766 5882 5523
3 3343 5700 1546
3 4915 1546 5700
3 5700 5294 4915
3 5294 3324 3958
3 5187 1598 5590
3 5187 3037 4398
3 4398 3037 6232
3 801 1123 6232
3 1123 106 7574
3 106 801 4100
3 5719 7574 5704
3 7574 3146 4985
3 3146 7498 2248
3 2248 7498 4421
3 3146 7563 7498
3 5081 3920 2248
3 6693 2248 3920
3 5081 380 3920
3 5350 4421 5507
3 5507 7498 335
3 5828 386 199
3 2790 5024 1479
3 6900 1479 5024
3 1479 5695 2790
3 4970 2790 5695
3 4970 5695 3855
3 702 7092 5217
3 5217 7336 7607
3 663 6531 6236
3 6531 989 6236
3 7336 4939 3213
3 4939 7336 5217
3 4979 7516 926
3 561 4086 6068
3 2002 6068 4086
3 4086 3070 2002
3 6708 4086 561
3 4937 2601 2800
3 4696 1180 6149
3 3171 6321 6794
3 6794 6321 193
3 193 7374 104
3 104 7374 7352
3 4054 1423 5829
3 4054 5829 4785
3 3009 1501 6414
3 6414 1501 758
3 758 1501 6428
3 4785 6472 6428
3 6428 2775 5034
3 7017 601 5034
3 7596 3235 6560
3 3235 4076 6560
3 7266 2466 6895
3 6404 6605 2668
3 6605 4555 2682
3 4555 4485 4919
3 3260 4919 6859
3 3260 6859 4826
3 2926 2401 2010
3 4485 4994 4919
3 4028 6927 7325
3 3744 7325 6927
3 6859 3744 6927
3 7325 2472 3841
3 3841 2472 1650
3 2472 7109 1650
3 5272 5137 1650
3 3841 1650 5137
3 5272 6377 6616
3 6616 2307 6308
3 6469 6377 6842
3 6842 6377 4855
3 4855 6377 6270
3 6270 5854 4855
3 2107 5854 6553
3 3038 6122 6880
3 156 4319 5464
3 156 4531 6228
3 5726 4996 4758
3 4996 6468 6532
3 4996 6532 4758
3 1791 6468 3603
3 420 6532 7182
3 2779 1791 6649
3 1197 6649 1791
3 678 7452 6649
3 3036 4326 6130
3 4326 3701 6280
3 6280 686 6234
3 3701 857 5552
3 857 3603 5552
3 686 3701 941
3 941 6741 686
3 5551 6234 7040
3 7040 6234 2251
3 6741 4293 6234
3 2251 4293 593
3 2251 593 3282
3 352 2251 3282
3 593 2302 3282
3 1464 3282 5382
3 1464 5382 3232
3 2302 6700 2295
3 2302 2295 4672
3 4903 4672 3692
3 2295 3692 4672
3 2295 6700 4404
3 6700 6474 4404
3 2295 4404 3692
3 3692 4404 5706
3 3692 5706 1165
3 5843 3500 1894
3 5706 1894 3500
3 5706 3500 2378
3 3500 5843 2184
3 3500 2184 7199
3 6341 7199 6972
3 7572 5518 3892
3 5518 7572 5897
3 7034 5064 2796
3 2743 5492 7003
3 2743 6840 5492
3 2743 7003 4372
3 7046 7003 7157
3 7046 7426 29
3 7378 6862 4346
3 4346 6862 6087
3 7546 5667 4442
3 5667 7546 3414
3 5959 3414 7076
3 7378 3401 5597
3 7546 5597 1551
3 1551 5597 7484
3 445 349 7218
3 3693 445 7218
3 7076 5128 349
3 349 5128 5879
3 2821 6435 6753
3 6753 4575 2821
3 6137 2607 1937
3 3794 6137 1937
3 1937 2607 2799
3 2799 7305 1937
3 3573 3393 2799
3 3573 1346 3393
3 1346 1796 1433
3 1433 1796 1409
3 6782 5418 1586
3 3199 1586 5418
3 6782 5606 1209
3 5606 6782 1586
3 5606 1586 4507
3 4507 1586 3396
3 3396 1756 4507
3 1756 3682 1630
3 4156 6036 1756
3 4287 6036 3071
3 6036 4156 6785
3 6036 6785 2192
3 2192 6785 3040
3 3040 6974 4628
3 6785 6930 3040
3 3040 6930 6974
3 4628 773 3040
3 3040 773 6545
3 6545 773 3085
3 4628 894 3557
3 4628 5366 894
3 1851 7400 6119
3 3202 894 6119
3 4027 4756 3618
3 3618 4756 999
3 247 999 4756
3 1761 2884 4805
3 4805 2884 6330
3 999 4805 6330
3 4344 4055 2884
3 4055 4344 6960
3 2177 2522 2568
3 1761 5868 4344
3 2522 4344 5868
3 2568 2522 5868
3 5175 7286 3637
3 1207 2366 7286
3 5534 7286 2366
3 3806 2366 1207
3 5534 2366 4522
3 7286 5534 2992
3 1711 5104 5470
3 34 5470 5104
3 34 7062 5470
3 6939 5470 7062
3 3055 5470 6939
3 5135 4370 6939
3 4370 6097 437
3 437 6097 6458
3 6097 5135 1580
3 6458 6097 3150
3 1580 4925 6097
3 6097 4925 3150
3 4925 1580 6431
3 6363 6239 6726
3 5460 7382 6239
3 6239 7382 2560
3 8 3257 5747
3 5747 3257 1589
3 3257 131 1589
3 6682 3257 8
3 131 3257 5478
3 4594 6682 6896
3 5277 2766 3877
3 5185 3877 5700
3 6682 5185 6896
3 3343 1565 5185
3 3149 1565 7260
3 3149 7260 4062
3 4062 7260 24
3 3343 1546 1565
3 1565 1546 7260
3 825 4915 5294
3 825 7260 4915
3 825 1476 7260
3 1476 4043 7260
3 1633 5704 6693
3 5294 3958 5719
3 5704 4985 6693
3 1633 4043 1476
3 3860 380 1456
3 5917 3860 1456
3 380 5081 5296
3 2252 6754 2632
3 6754 940 6901
3 6754 6901 5022
3 940 5350 4002
3 414 5022 2097
3 4667 6945 6901
3 6901 6945 3970
3 3970 6945 6592
3 6945 4667 3620
3 2148 3620 6236
3 4667 4002 3620
3 2148 2125 6891
3 2148 6891 5409
3 1219 3784 6236
3 1219 1012 6000
3 6000 1012 336
3 6000 336 3410
3 3410 336 2783
3 2783 336 2493
3 4194 1012 3213
3 2571 2647 3070
3 2571 786 1094
3 786 7215 1094
3 1094 7215 863
3 7119 4201 3961
3 4201 5180 3961
3 6507 4201 1125
3 1125 3968 6507
3 6708 1125 4201
3 5979 6507 5957
3 119 5957 6507
3 119 7412 5957
3 7412 3968 3835
3 3835 3968 813
3 7412 3835 2313
3 1478 813 1180
3 1478 1180 4696
3 181 4696 5283
3 5283 1591 181
3 2653 5283 6813
3 6813 3101 3541
3 6813 3541 495
3 3541 6149 495
3 495 6149 6794
3 495 3366 6813
3 3366 6794 104
3 5118 7352 2977
3 2977 4165 5118
3 5567 5118 2032
3 5118 3611 3362
3 1560 3611 400
3 4165 2589 3611
3 400 3611 2589
3 400 2589 6520
3 400 6520 533
3 5408 4535 2562
3 995 2562 1273
3 4535 5408 6266
3 2562 4535 1273
3 6266 7017 4707
3 3121 4707 6381
3 509 3121 6381
3 5711 6381 4707
3 4076 3205 5711
3 3205 4076 817
3 817 7131 3205
3 1301 3326 2466
3 6642 2466 3326
3 6642 3326 7131
3 4719 3326 1301
3 4719 5569 1499
3 1499 5569 7376
3 1499 7376 3681
3 3681 7376 4323
3 2651 7376 5569
3 6518 5790 3906
3 7384 1781 6009
3 3260 4555 4919
3 7534 4826 331
3 4826 1004 331
3 1004 353 4592
3 1004 4592 4655
3 2623 6328 4028
3 6328 2623 7160
3 5809 4313 6308
3 5809 6308 6978
3 5489 6308 2307
3 6122 5674 2107
3 3038 6697 7164
3 7164 6697 1732
3 6697 3856 1732
3 6537 3856 5329
3 6697 3038 5181
3 5181 7541 1124
3 1124 7541 3371
3 3371 7541 5924
3 2731 4758 1699
3 4758 420 1699
3 420 4758 6532
3 5924 4726 1419
3 4726 6789 1419
3 391 4726 7182
3 6649 7182 2779
3 7471 7452 2494
3 4566 3303 1329
3 3303 3036 1299
3 3303 1299 1329
3 1329 1299 3923
3 3782 1200 3036
3 787 1200 793
3 3782 6130 1553
3 1553 6130 5316
3 5551 7040 7204
3 7204 7040 4942
3 4942 2501 4322
3 2501 352 1464
3 2501 1464 4322
3 352 3282 1464
3 1283 5382 2903
3 4903 5005 4672
3 4903 3692 5835
3 5835 3692 11
3 5835 11 6840
3 11 1165 2378
3 11 2378 6840
3 6840 2378 5492
3 6528 964 2915
3 3625 7364 5638
3 3625 6184 4834
3 4834 6184 6830
3 6830 6184 996
3 996 6184 4372
3 2915 4372 6184
3 6830 7426 7315
3 1566 4033 2441
3 6576 3604 6087
3 6087 4603 2441
3 2441 4603 537
3 4603 4137 3778
3 84 6862 6706
3 84 6706 1096
3 84 1096 3927
3 3927 1096 4271
3 1096 5667 4271
3 4271 5667 2481
3 3294 922 2363
3 3571 445 930
3 930 445 3693
3 3945 3693 3848
3 3945 3848 6692
3 6692 1310 3945
3 5792 6692 4081
3 2208 3848 6435
3 2208 6435 2749
3 2749 6435 2821
3 4575 3673 2821
3 3673 4050 2308
3 2308 4050 5166
3 7435 310 7305
3 1360 7305 3393
3 2642 3026 1360
3 1360 3026 7305
3 7305 3026 3976
3 3645 7305 3976
3 4261 2642 1409
3 4261 1409 7371
3 5728 4261 5418
3 5728 5418 6782
3 3976 5983 645
3 645 720 3976
3 4624 645 5983
3 5406 4624 1309
3 914 4276 2966
3 4276 1209 5606
3 1317 5606 4507
3 4507 569 1317
3 569 4035 1317
3 1824 4035 4287
3 4035 569 4287
3 569 4507 4287
3 6622 992 3045
3 6622 3045 4072
3 6855 5176 7605
3 5176 6855 3847
3 5176 3847 2882
3 2039 2882 4399
3 2039 4399 1172
3 2039 1172 7530
3 2882 843 4399
3 6397 1480 1067
3 843 7502 4399
3 4399 7502 5114
3 5359 7502 2502
3 7502 5359 3618
3 1399 3709 5114
3 1399 6330 3709
3 6322 1302 499
3 4138 499 1744
3 4055 4138 1744
3 4055 7206 2262
3 6309 7089 7414
3 2992 5255 7286
3 7414 3819 4403
3 3862 7 3812
3 7549 2018 1711
3 4466 1711 2018
3 5470 3055 7549
3 4498 7549 3664
3 3664 3924 4498
3 3664 4370 437
3 3924 3664 1893
3 3707 3935 1893
3 3707 6458 2124
3 3707 2124 5478
3 3935 3707 3546
3 5478 3546 3707
3 2793 1244 3546
3 1244 207 3392
3 1244 3392 3546
3 207 3900 7550
3 3948 5237 7595
3 4062 2278 3149
3 5967 3149 136
3 7425 2278 3097
3 2278 455 6643
3 2278 6643 3097
3 6643 455 5662
3 5662 852 4460
3 4460 852 1429
3 3912 1429 4043
3 1429 7260 4043
3 4043 60 3912
3 60 4176 3912
3 60 5917 4176
3 4176 6853 5725
3 5725 6853 5766
3 6853 500 5766
3 5766 500 6293
3 5766 2691 5725
3 276 2802 5653
3 1872 6293 5022
3 1872 5022 414
3 1872 3999 276
3 2097 4825 414
3 2097 3970 6063
3 6063 4825 2097
3 6063 578 7503
3 578 6592 7503
3 7219 6989 6394
3 6592 6394 6989
3 553 6394 5409
3 6992 3059 5538
3 7070 6992 5538
3 5538 3059 5642
3 5642 3059 3595
3 3595 3059 7267
3 7267 3223 6000
3 3410 4459 7267
3 7470 3410 2783
3 3249 2783 2571
3 2783 3249 7470
3 2111 7470 5617
3 5617 7470 863
3 863 7215 5617
3 314 1304 5617
3 1304 314 3595
3 4459 3410 2111
3 7470 2111 3410
3 5538 5180 7070
3 5979 5957 6630
3 7412 5097 1161
3 1161 5097 6668
3 5369 1161 6668
3 5097 2218 6668
3 2218 32 1191
3 32 2313 181
3 1191 1591 6313
3 6313 1591 7513
3 4330 6668 4134
3 2352 5692 1406
3 1560 3283 6790
3 3426 4011 4827
3 5235 4827 4584
3 1365 4011 364
3 3206 3258 4011
3 4011 3258 364
3 1497 4285 3206
3 2650 4285 6612
3 4285 1497 2897
3 2897 6612 4285
3 1497 3648 1148
3 1224 1148 995
3 4231 692 5239
3 6387 1224 5681
3 1852 52 509
3 509 4066 1852
3 4066 6381 7372
3 6381 2159 7372
3 2159 7131 6799
3 2159 6799 5168
3 295 5098 6799
3 295 7131 4446
3 1427 5934 340
3 1402 3162 2823
3 6557 365 5734
3 1236 4381 3084
3 1127 3331 4381
3 1214 4381 3331
3 3331 1432 1214
3 7534 3331 1127
3 1432 3331 6135
3 2807 6135 7534
3 2807 331 4655
3 2807 4655 3807
3 2807 1335 6135
3 3333 2847 3479
3 4684 3333 3479
3 2847 6711 3479
3 6711 4655 4592
3 7100 4592 353
3 7100 3519 1326
3 3519 7160 1326
3 1326 7160 770
3 5456 6480 5055
3 947 2927 6480
3 6986 1862 6551
3 5987 2541 5756
3 7164 2069 5674
3 5674 2069 5756
3 2069 4817 5756
3 2069 7164 6440
3 2069 6440 4817
3 1732 3856 6440
3 2860 2660 5543
3 6537 5329 3041
3 1891 2754 5271
3 1124 1167 740
3 1507 4435 1167
3 3407 4435 698
3 4435 1507 698
3 1507 3371 698
3 698 3371 124
3 3371 5924 124
3 4435 3407 1206
3 6789 401 3407
3 1046 4604 3203
3 6789 391 2434
3 3480 6554 2434
3 6554 4455 2434
3 6554 3480 5527
3 6745 7552 6554
3 7552 6745 4158
3 7471 847 912
3 4677 912 5390
3 3854 5721 10
3 10 5721 1084
3 3923 2327 5721
3 1299 787 3923
3 6924 4114 787
3 2327 787 4114
3 793 4094 6924
3 4094 7348 6924
3 7348 4094 4783
3 1553 5316 2369
3 2369 5316 2026
3 3793 3767 7204
3 7316 3793 3144
3 3793 4942 3144
3 2903 5382 7447
3 1855 6037 388
3 6037 5119 1254
3 1254 5119 6217
3 1254 6217 2975
3 1254 2975 5905
3 1254 5905 6037
3 6217 7329 2975
3 6217 7606 7329
3 7606 7535 7329
3 7165 248 3147
3 248 3271 3147
3 3271 4444 541
3 4444 2349 5027
3 5027 2349 298
3 5027 298 858
3 3778 1713 858
3 858 1713 5027
3 6027 4137 3927
3 6027 3927 4271
3 4271 6944 6027
3 2481 4087 4271
3 6944 4271 4087
3 2867 6944 3252
3 2867 3252 7609
3 4147 3168 3252
3 1461 913 4147
3 490 913 2709
3 913 1461 139
3 139 2709 913
3 3571 3945 4478
3 4478 1310 2750
3 160 5792 3762
3 160 3762 2060
3 5792 2547 3762
3 3762 2547 333
3 3775 7501 2547
3 1534 2547 7501
3 3775 2904 1759
3 5166 2498 2749
3 2749 2821 2308
3 1309 264 5166
3 2904 5166 264
3 264 914 2904
3 1372 4072 3556
3 546 3556 3913
3 3556 4072 6406
3 6406 4290 3556
3 4290 7084 3556
3 1843 5948 3286
3 3286 5948 7530
3 3286 7530 6062
3 5769 6703 6300
3 1172 6397 6703
3 6397 1198 6703
3 6703 1198 3131
3 1198 2865 7150
3 1198 7150 3131
3 395 430 2865
3 2865 430 107
3 2865 107 5041
3 430 1067 5114
3 1067 1480 5114
3 3465 5819 3264
3 3515 6004 802
3 802 4403 3819
3 3862 1773 802
3 4780 802 1773
3 3812 535 3862
3 1773 3862 535
3 3812 5900 1345
3 309 5900 3812
3 309 7188 5900
3 309 4466 7188
3 3307 7188 2018
3 2018 3187 3307
3 7188 3307 7037
3 4777 3546 3392
3 3569 3392 207
3 207 7550 1950
3 2745 7037 5891
3 4308 1265 1760
3 1760 1265 4069
3 1265 2524 4069
3 4085 4202 3948
3 4085 3948 4135
3 4135 3948 1642
3 7322 4740 1642
3 2003 1642 4740
3 7425 3097 2034
3 4740 2034 3034
3 3097 6643 2993
3 6091 2993 4851
3 6643 5662 2263
3 2263 5662 6936
3 6936 5662 5675
3 4098 4460 5725
3 5675 4098 516
3 3787 2802 1408
3 7531 3787 5130
3 2802 1658 1408
3 1408 1658 2850
3 3999 6819 1658
3 4061 6819 2411
3 1672 5978 2459
3 7303 6378 5297
3 6378 530 3736
3 5297 3736 4448
3 5297 4448 871
3 4448 3736 1192
3 4051 4448 7503
3 1192 7503 4448
3 4448 4051 3615
3 3615 4051 525
3 4051 4468 525
3 525 4468 1242
3 4468 997 1939
3 4468 1939 850
3 7368 850 7429
3 850 7219 7429
3 850 1939 7219
3 7219 6394 4527
3 3316 4527 2137
3 3316 6911 4199
3 7429 3316 3462
3 4199 3462 3316
3 3462 4199 350
3 4199 6911 6630
3 6630 350 4199
3 3462 6771 6850
3 6630 5591 5956
3 5591 338 5956
3 2711 5494 5591
3 3989 2981 3313
3 5494 3313 2981
3 4084 5494 2981
3 7055 2289 3989
3 7055 2354 2289
3 6261 3313 5369
3 7055 6261 7011
3 7011 4330 727
3 7011 727 6990
3 7373 1685 727
3 727 1685 6990
3 6990 1685 3639
3 7418 3163 3444
3 3163 5502 1397
3 1397 3444 3163
3 1397 7362 2045
3 2045 378 1397
3 3444 1397 378
3 1955 2045 7362
3 7362 364 1955
3 3258 6347 7110
3 6387 4125 6612
3 6387 482 4125
3 4125 482 3351
3 5925 5681 1852
3 4066 477 5925
3 477 4066 7372
3 2101 5925 6977
3 6807 6977 5925
3 6897 6977 6807
3 6807 3011 6897
3 6897 5054 3804
3 3011 4474 2836
3 2249 5908 4045
3 4474 7372 5168
3 2663 4045 3562
3 2663 3562 1013
3 3681 3800 1957
3 1319 3800 2351
3 2351 628 1319
3 628 5633 1319
3 2351 5153 628
3 5153 6415 3498
3 6735 3498 1427
3 6735 5153 3498
3 6735 167 5153
3 4499 6735 6557
3 892 4499 4402
3 892 4402 5640
3 4499 4357 4402
3 7002 617 439
3 4357 5734 1952
3 4357 1952 439
3 439 1952 5030
3 3084 5127 6570
3 5127 3084 4381
3 7290 4381 1214
3 2824 2374 4781
3 3576 3333 4684
3 3153 4587 7296
3 3153 5055 4587
3 3153 4480 238
3 238 4480 3479
3 5456 3153 238
3 5456 238 6711
3 6711 1899 5456
3 1821 2404 5824
3 6551 2641 5824
3 2641 6551 5298
3 5298 6551 3156
3 6551 5805 6986
3 1407 6551 1862
3 1407 1862 4975
3 6506 5987 1494
3 691 4542 3388
3 3388 4542 2228
3 2228 4542 6691
3 6691 6650 2228
3 691 6440 4542
3 7588 6117 6279
3 7123 6279 5465
3 2760 5837 4765
3 2760 4765 1162
3 6117 2760 7142
3 1162 4765 6405
3 6405 3386 1891
3 1162 6405 6275
3 6405 1891 6361
3 6361 1891 3550
3 1891 5271 3550
3 3550 5271 1124
3 3550 1124 740
3 6361 6685 5132
3 5132 1392 6206
3 6206 1392 1354
3 5132 6685 1392
3 1354 1392 6419
3 1392 6685 6419
3 6685 1206 6419
3 6419 1206 3203
3 6419 3203 4604
3 646 1046 6007
3 6007 1046 2181
3 2181 1046 4455
3 4158 3122 3044
3 2525 3044 3122
3 6034 950 4677
3 1157 4677 950
3 4697 1157 950
3 1788 4607 5390
3 1788 1468 4607
3 1468 3854 4607
3 4607 3854 10
3 4607 10 1084
3 3340 1084 4144
3 4144 1084 5721
3 950 4597 385
3 4597 2536 385
3 2536 4114 4488
3 4488 7348 1264
3 1430 7170 2077
3 2077 5174 1430
3 2077 1800 819
3 1149 2077 5982
3 819 5982 2077
3 2026 4747 2425
3 1896 6018 3767
3 7316 7115 1896
3 7353 7115 7316
3 7115 7353 5982
3 901 7353 4030
3 1801 4030 7353
3 1801 7353 2805
3 7346 2805 1936
3 7346 5827 5420
3 3654 1336 5827
3 5827 2986 5420
3 5420 2986 217
3 2903 1811 3418
3 1811 6793 5500
3 5500 3418 1811
3 3418 5500 7393
3 3654 145 5500
3 145 7393 5500
3 7464 5905 4025
3 7614 5905 2968
3 7223 7329 5715
3 6952 4850 3128
3 5881 7467 6952
3 7467 3126 5690
3 7467 5690 2704
3 2704 6994 554
3 3899 6105 554
3 6105 3899 147
3 147 2832 6105
3 3899 7165 3087
3 3087 7165 3147
3 37 6540 3420
3 6540 541 734
3 734 541 5027
3 6848 734 2113
3 2113 734 5027
3 1713 6503 2113
3 1713 2113 5027
3 5139 6503 6179
3 6179 6503 7590
3 6179 4589 297
3 297 4589 6013
3 6013 4589 1361
3 4589 6179 4819
3 6315 6912 4819
3 4589 4819 366
3 6912 366 4819
3 2828 490 6315
3 1395 6315 490
3 1043 1395 4731
3 1395 2709 4731
3 486 2217 1043
3 1459 3647 6224
3 3647 1459 4820
3 1459 4615 4820
3 4366 5440 1776
3 1776 5440 898
3 5873 2060 5440
3 1384 5440 2060
3 1572 7270 3542
3 3542 7270 1038
3 1572 3542 3689
3 7270 1572 7106
3 1453 1534 3689
3 6136 3689 1534
3 1534 7501 6136
3 6136 3890 7106
3 7106 3890 4842
3 4842 3890 3913
3 3913 7084 4842
3 7053 3788 883
3 7244 7084 3286
3 7053 6062 5769
3 5769 6300 2464
3 2464 6300 4650
3 6300 3433 4650
3 6300 3131 1313
3 6300 1313 3433
3 5860 7150 4981
3 4981 3264 1665
3 3264 5819 1665
3 5206 7394 3435
3 5206 3515 5247
3 4780 610 5985
3 610 4029 5985
3 125 5985 5977
3 356 4029 531
3 4029 1345 531
3 531 1345 3857
3 6815 3857 3811
3 2745 3811 7188
3 4060 6495 6860
3 655 6860 4069
3 4069 6860 1760
3 6860 655 2368
3 6860 2368 4060
3 4060 2368 841
3 655 2198 2368
3 2198 2524 3918
3 3918 3023 5479
3 3978 6674 3023
3 3023 6674 5549
3 5549 6674 4738
3 4738 7168 4526
3 3978 3918 2524
3 6674 6752 4652
3 3179 4652 5778
3 6667 5778 4652
3 7524 341 2086
3 7527 6801 7524
3 7527 4843 7550
3 2003 1857 2339
3 3034 6487 5451
3 6487 2993 6091
3 2155 3524 4851
3 4964 6091 4851
3 4946 6936 5675
3 5675 516 4946
3 6100 6696 4946
3 1715 2436 1830
3 1681 4867 6100
3 164 6100 4867
3 1417 7531 7466
3 5130 2280 2604
3 6501 5731 1590
3 1590 5731 4061
3 4061 7012 5818
3 5093 3363 2411
3 2459 5093 1672
3 2411 1672 5093
3 434 2840 6677
3 6677 2840 7351
3 5954 6980 6876
3 6876 6980 2701
3 5954 6876 1233
3 6876 2840 1233
3 2840 7303 1233
3 1233 7303 5297
3 5954 3626 4920
3 4920 4929 1150
3 4929 871 1539
3 6443 1242 6655
3 6655 1416 5993
3 7603 6850 6771
3 338 7149 4945
3 6934 5320 4856
3 1980 1424 4856
3 5172 6158 3639
3 2354 7011 6990
3 6450 664 7418
3 5172 6450 1584
3 146 6450 4128
3 4128 6043 146
3 2193 4128 7418
3 5763 6043 2193
3 7221 7110 6347
3 4670 6257 2955
3 342 5396 6257
3 2698 5396 342
3 2698 342 1104
3 342 1357 1104
3 2698 1104 6919
3 3528 5530 6925
3 665 2223 2894
3 1220 5730 4576
3 951 1357 5059
3 5730 6332 2863
3 5730 2863 4576
3 2863 4447 5576
3 3006 4447 5703
3 2650 4125 3006
3 4576 5576 4892
3 4576 4892 1316
3 4892 1702 6977
3 3351 1702 4892
3 3351 482 1702
3 1702 2101 6977
3 1316 6977 3804
3 6897 3804 6977
3 5601 5054 4462
3 5598 4462 2249
3 5598 2249 2663
3 5392 5598 7022
3 3404 5173 7022
3 7022 5173 6973
3 5621 3926 3404
3 5173 3404 3926
3 3926 6600 5173
3 5621 1042 7488
3 5621 7488 6975
3 6975 7488 1488
3 1488 7488 5633
3 5368 6802 3190
3 5153 167 6802
3 1488 5368 7370
3 3190 6802 5640
3 5640 6802 167
3 5640 2484 6185
3 2484 5459 6185
3 5563 3237 2098
3 3237 290 3668
3 290 4402 3668
3 3068 1145 439
3 1145 3068 4195
3 4195 3068 1457
3 1457 875 4195
3 4625 5298 3156
3 2527 3156 6988
3 2527 6988 7279
3 7279 2228 6650
3 7279 6650 2082
3 7279 2082 4275
3 7279 4275 1482
3 2082 2115 4275
3 4618 1664 4317
3 7123 5465 4284
3 6413 6755 6213
3 3423 6213 6884
3 5658 3511 3423
3 6413 3423 3511
3 6884 3934 5658
3 6206 5536 6275
3 4151 6275 7225
3 6206 4009 5536
3 6206 1354 4009
3 6419 3017 6376
3 493 6966 1093
3 3638 1093 54
3 1093 6966 6376
3 1093 6376 54
3 1622 2298 5536
3 5536 2298 6709
3 5536 6709 3044
3 2525 3122 4697
3 1982 4697 1065
3 1065 4770 1982
3 1065 385 3239
3 1065 3239 4770
3 4770 3239 265
3 7397 1557 265
3 1557 7397 6916
3 7616 200 5056
3 5174 1574 2061
3 5982 901 1149
3 1543 1149 4030
3 901 4030 1149
3 6867 4900 721
3 994 2403 6867
3 4978 6867 2403
3 2403 994 7346
3 7346 5420 2403
3 5420 1784 2054
3 2403 2054 5528
3 3353 1784 4533
3 1784 2516 4533
3 2986 5827 1336
3 2986 6793 1226
3 3004 7614 3345
3 7614 3004 4025
3 7614 2756 7139
3 2162 6409 3314
3 3314 6409 5078
3 2870 3506 4530
3 5234 7223 4530
3 5652 4193 4782
3 545 4004 3334
3 545 4150 4004
3 4653 6679 5820
3 6679 3334 4193
3 6679 4193 6488
3 6488 4131 6679
3 5888 6171 182
3 4131 5888 1798
3 1798 5888 3016
3 7480 2315 4850
3 3128 4850 2315
3 4746 4412 3207
3 2382 3207 5772
3 1991 6952 3123
3 1322 3123 6105
3 3123 6952 7467
3 7467 2704 3123
3 6181 6105 2832
3 5772 6181 7173
3 7385 6715 906
3 906 6715 6968
3 3141 2832 4249
3 4249 3108 3141
3 5139 6179 754
3 7532 754 1579
3 6013 5811 1579
3 5219 1361 1839
3 1839 1361 85
3 85 1361 4589
3 6107 1839 3532
3 1839 366 6912
3 3532 1839 6912
3 1015 4888 3532
3 3135 3532 4888
3 1015 3302 7423
3 7423 3302 4329
3 243 5394 2217
3 243 2217 6224
3 243 6224 3760
3 5947 3760 6224
3 6113 5947 833
3 5947 6224 833
3 6224 3647 833
3 6113 4366 1776
3 279 6310 898
3 1776 898 6310
3 6310 6113 1776
3 7612 1038 7270
3 5079 7270 3766
3 3766 4773 5079
3 3766 883 3788
3 4842 7084 5238
3 4773 3440 2370
3 3440 3866 2370
3 2370 3866 2671
3 2671 3866 4650
3 3788 7053 3866
3 3866 7053 49
3 3866 49 4650
3 4650 49 2464
3 3600 3433 7356
3 5724 2332 1337
3 5724 1337 5913
3 2332 1313 1337
3 2092 2713 4377
3 1184 1665 5227
3 1665 3902 4981
3 5227 1665 7024
3 7024 1665 5819
3 7105 7461 1638
3 7442 821 7461
3 2076 7461 821
3 821 5452 2076
3 7461 7441 7442
3 1794 7442 7441
3 2728 6838 4553
3 4553 7051 2728
3 2690 1587 6524
3 6495 6490 6524
3 6490 3873 1956
3 6524 5849 1976
3 1976 5849 7361
3 7361 5849 5075
3 1956 3873 1213
3 3873 2368 4273
3 1729 4273 2368
3 2368 2198 1729
3 1660 5479 5549
3 1660 5549 7369
3 4526 7369 5549
3 4526 2138 7369
3 2138 4723 7369
3 7180 204 2769
3 204 1503 2769
3 7180 2769 7438
3 7438 2769 6546
3 1503 408 7030
3 7030 7114 1503
3 2769 1503 7114
3 7030 408 4810
3 4810 6312 7030
3 6449 7030 6312
3 4810 7168 410
3 3179 5778 2962
3 4180 7095 5205
3 4180 5205 3839
3 7095 5764 5205
3 7524 6400 341
3 4321 153 5250
3 153 4355 6019
3 2565 6487 6091
3 6462 158 1715
3 4092 1715 158
3 4092 158 3872
3 4964 4092 3872
3 158 6462 3416
3 6462 1830 5430
3 1396 5430 6175
3 164 4867 7320
3 5430 1396 6005
3 6005 6462 5430
3 1285 1739 6005
3 6462 6005 2133
3 1739 2133 6005
3 5962 1739 1285
3 2133 1739 2311
3 1285 7577 5962
3 4122 6042 4804
3 6005 4568 1285
3 6042 1285 4568
3 6042 4568 4804
3 6688 4568 6005
3 6688 1396 4563
3 1396 6175 4563
3 4563 2356 6688
3 2356 1417 5754
3 2356 5754 7019
3 5754 6449 16
3 7466 6046 2319
3 7291 4921 5818
3 7291 5818 6686
3 6686 5818 4203
3 6686 4930 6546
3 4930 4203 479
3 479 4638 4930
3 479 4203 2693
3 479 2693 6014
3 4203 6812 2693
3 4203 5818 6812
3 5818 696 6812
3 5818 7012 696
3 696 4003 6812
3 2693 6812 2067
3 3363 5093 5503
3 6677 6938 5503
3 2201 3738 1519
3 907 1519 3738
3 1519 907 7351
3 1519 7351 4115
3 4115 4822 1519
3 4115 2701 2806
3 2806 4822 4115
3 2806 6980 818
3 6521 818 2876
3 26 3430 4914
3 1142 3032 26
3 3430 26 3032
3 1445 1142 3915
3 1445 3915 1436
3 1436 3915 1705
3 1142 1150 1539
3 1142 1539 3915
3 3915 4550 1705
3 3032 2305 7327
3 6609 7335 1999
3 1904 5993 7335
3 7603 7582 6103
3 4991 746 1999
3 1999 746 1695
3 1999 1695 3749
3 746 6586 980
3 980 6586 7264
3 3988 5290 6586
3 4691 6586 5290
3 1663 4691 4774
3 3755 4774 3030
3 4691 6843 4774
3 6843 5607 4774
3 6498 6843 6508
3 5320 4894 6508
3 6498 6508 4894
3 6498 4894 1140
3 5607 6498 2292
3 1140 2292 6498
3 2770 1140 6934
3 2770 6934 888
3 4617 2770 888
3 5635 2787 6934
3 888 6934 2787
3 5172 1584 4230
3 3883 1097 2267
3 2043 2267 1403
3 1097 1413 2267
3 2267 1413 3711
3 2267 3711 1403
3 1413 1848 3711
3 1848 1413 3115
3 1413 3601 3115
3 2200 3601 1383
3 2700 3531 1621
3 2700 5405 3531
3 2667 1037 977
3 6303 838 6040
3 2027 47 6925
3 1131 4039 1418
3 1418 4039 4023
3 6925 984 1275
3 6925 1275 6919
3 1275 5396 2698
3 1275 2698 6919
3 2894 6973 665
3 6973 6600 2259
3 2259 6600 4
3 5940 6600 5836
3 5940 5836 6028
3 3896 4252 1108
3 3896 5621 6975
3 6975 7370 3896
3 3896 7370 2951
3 2951 7370 7172
3 2488 7172 2911
3 2488 5398 7172
3 7172 5398 2951
3 2951 5398 261
3 5398 1518 2250
3 2395 2250 5745
3 2488 7417 1518
3 2911 7417 2488
3 7417 4924 1518
3 1518 4924 5745
3 4924 7417 5866
3 4634 5077 2586
3 5506 2586 5077
3 5506 5605 2586
3 2586 5605 7417
3 7417 5605 5866
3 2695 5506 5077
3 5077 122 2695
3 2695 1482 4275
3 2695 4275 5506
3 6165 122 5815
3 5815 7002 6165
3 4269 2555 6165
3 4269 105 2555
3 105 875 4625
3 4275 2115 5506
3 4317 2868 2115
3 2868 5605 2115
3 5866 5605 86
3 5605 2868 86
3 86 2868 4284
3 5866 2744 4924
3 5970 677 3973
3 2744 4284 6475
3 3487 6475 6413
3 3973 3487 975
3 975 1158 3973
3 5592 2748 975
3 1158 975 5973
3 2748 5973 975
3 7071 5592 5658
3 3511 5658 5592
3 7071 5658 6718
3 5306 6718 3469
3 3469 3934 5152
3 5152 5007 143
3 143 5007 7142
3 7142 7225 56
3 56 7225 5152
3 5152 7225 4962
3 5152 35 3469
3 35 4962 3139
3 5243 3139 6548
3 6548 3139 4962
3 4962 7225 6548
3 6191 6548 7225
3 7225 2286 6191
3 1982 4770 2706
3 2706 4770 6538
3 3846 6759 6538
3 6538 6759 1637
3 1637 6759 6615
3 3846 564 6759
3 7008 564 1054
3 265 1557 3846
3 564 3846 1557
3 1557 1054 564
3 1557 6916 1054
3 5056 3279 6248
3 6248 239 4040
3 4040 239 7008
3 6248 2869 239
3 4995 3886 2261
3 2261 236 4995
3 2261 4573 5565
3 4573 3279 200
3 200 3279 5056
3 1070 6856 7083
3 1070 7083 3236
3 6856 1247 4998
3 6856 4998 5073
3 5073 4998 3791
3 3791 4998 4699
3 1247 232 4998
3 6571 7163 1574
3 232 4900 4998
3 4998 4900 872
3 3251 4978 4213
3 4978 2818 4213
3 5599 4941 5063
3 4941 5599 5012
3 7443 3575 497
3 598 3353 3575
3 497 3575 3353
3 5943 2817 3643
3 3643 2817 5910
3 5910 7415 3643
3 4949 3314 1989
3 6783 5701 7112
3 2427 4126 4150
3 6292 2427 6180
3 6940 5525 2565
3 6940 2565 2852
3 3872 3416 2852
3 3416 6462 2133
3 5962 348 929
3 348 2451 929
3 929 2451 730
3 929 730 3699
3 2451 348 1343
3 2451 1343 1276
3 528 4253 4122
3 2747 4122 5233
3 5233 4122 2794
3 5233 2794 227
3 227 2794 6438
3 4122 4804 2794
3 6438 2794 1677
3 2794 3560 3387
3 3387 1677 2794
3 3560 3391 2688
3 6080 4804 1034
3 6080 1034 7019
3 7019 1034 2356
3 7019 3445 3839
3 16 6312 3445
3 3445 6312 13
3 3445 13 3839
3 5764 2594 2688
3 670 2594 512
3 670 2764 2829
3 670 2829 3387
3 2764 7409 6847
3 6940 6847 5525
3 4653 2764 6847
3 2829 2764 4653
3 5820 3016 4063
3 5820 4063 6438
3 2189 2825 6591
3 6591 1491 2712
3 6457 2712 7480
3 5544 6457 4746
3 7480 4746 6457
3 4746 1143 5544
3 1143 4746 6493
3 4746 3207 6493
3 4101 2382 6083
3 2382 5772 2408
3 2408 5772 7173
3 2408 7173 4695
3 7173 4952 6818
3 7385 4814 4952
3 767 5618 4748
3 5616 4748 5618
3 4748 906 6968
3 6968 3108 624
3 2511 624 7514
3 767 2511 4229
3 4229 2781 767
3 3728 7514 2452
3 2346 2922 7190
3 7449 7178 705
3 1367 705 7178
3 5811 2232 6408
3 6408 2232 5219
3 5332 6107 1780
3 3135 1780 6107
3 1780 3135 4888
3 3372 7423 2953
3 2953 7423 6124
3 4329 6124 7423
3 6124 4329 6424
3 2477 6424 4329
3 3760 5394 243
3 313 308 5257
3 5257 308 7091
3 6665 5947 6113
3 6113 6310 6665
3 6374 6011 5156
3 1243 3152 1583
3 6011 6374 3476
3 6374 3241 3476
3 3241 5079 6334
3 2370 6590 5029
3 1714 5029 6590
3 5724 4836 7324
3 5019 7243 7578
3 6489 3376 7243
3 3376 5663 7243
3 5663 3376 172
3 172 3376 4988
3 4988 5487 172
3 4988 6077 5487
3 3191 2092 4988
3 6077 4988 2092
3 4866 6077 5889
3 4866 5889 2888
3 4377 1638 5889
3 2888 5889 4264
3 1679 5639 6393
3 6393 5907 2323
3 2323 3558 6393
3 2323 3107 494
3 2323 494 3558
3 3558 494 5977
3 3107 5840 3703
3 5840 5761 4437
3 4437 5761 4869
3 684 4644 7361
3 5075 1836 4614
3 1836 4109 6306
3 6306 4109 2396
3 4109 4761 2396
3 6306 2396 2397
3 3448 2012 7293
3 2012 2857 7293
3 3548 7269 3448
3 3548 5075 7269
3 7269 5075 5849
3 1956 7269 5849
3 5115 4216 3120
3 1071 3120 2857
3 4216 2857 3120
3 6698 5115 4129
3 3662 6588 5893
3 4384 2138 3990
3 5067 3662 3932
3 3990 7180 4384
3 7180 552 4384
3 7438 6546 4930
3 7438 4930 6066
3 6066 4930 4638
3 6066 7169 7554
3 480 1542 2762
3 7169 2762 5407
3 2067 3629 2838
3 2067 2838 6014
3 3629 2067 6812
3 5324 3495 6607
3 4003 620 1841
3 620 1098 1841
3 620 3726 1098
3 3726 620 753
3 5503 620 4003
3 753 620 6938
3 620 5503 6938
3 753 1597 3726
3 753 4918 1597
3 753 6938 4918
3 3738 6722 4918
3 375 307 6722
3 6722 582 375
3 582 6722 2201
3 757 3761 4251
3 1875 4008 3761
3 4822 6820 1875
3 4429 1882 6521
3 2876 2446 4429
3 2446 3210 1792
3 2446 1792 4429
3 3210 5547 6864
3 6864 5547 1745
3 1745 3430 6864
3 405 745 3430
3 6864 3430 745
3 745 3716 6864
3 876 745 405
3 116 6905 876
3 745 876 6905
3 6905 3716 745
3 6905 7183 3716
3 116 6353 6905
3 6353 7327 4354
3 6955 4354 641
3 4364 7196 2050
3 4364 2050 5887
3 3167 7196 4038
3 3167 4038 2520
3 6006 2520 215
3 7196 3518 4038
3 2520 4038 215
3 215 4038 6035
3 3518 4947 4038
3 4038 4947 7463
3 4038 7463 6035
3 6035 7463 6074
3 5855 4947 3949
3 3949 3470 5755
3 5755 3470 7473
3 7196 7107 3470
3 3470 7107 4675
3 3749 6609 1999
3 5070 2090 7264
3 4572 3030 5362
3 5362 3030 5607
3 6286 5362 5607
3 6235 5362 6286
3 2283 6286 3253
3 220 2292 6286
3 3253 1334 3568
3 4617 3568 1334
3 2348 6346 4617
3 6346 3568 4617
3 2348 7468 6346
3 3579 2787 5335
3 1403 6731 2043
3 5335 2043 6731
3 6731 1454 5335
3 6731 5148 1454
3 6731 3099 5540
3 3099 3711 2503
3 88 2503 4874
3 4874 6652 5951
3 5936 6652 3937
3 1877 5936 3937
3 5936 1877 5122
3 7536 965 7027
3 5405 7536 6824
3 3785 1958 6561
3 6561 40 4113
3 597 2954 6040
3 5522 796 6298
3 6040 6298 6644
3 796 5112 2995
3 2995 1375 3631
3 6086 5226 1375
3 5226 4 5940
3 5940 6028 5048
3 1277 6028 4705
3 4705 2215 1524
3 4185 1524 2395
3 1805 4709 5970
3 7250 7499 6251
3 7250 5973 7499
3 7499 5973 2748
3 5973 1805 5970
3 5592 2079 7499
3 4046 7071 4492
3 4492 5670 5637
3 1943 5637 285
3 4433 6718 5306
3 4433 1053 5637
3 1053 285 5637
3 983 1053 4433
3 285 1053 4225
3 4091 983 5306
3 4091 712 4570
3 4570 712 4347
3 4570 4347 557
3 6658 5284 6613
3 6222 1637 5284
3 6759 2931 1420
3 1420 6615 6759
3 4795 4238 2931
3 1420 2931 4238
3 5310 1420 2947
3 4238 2947 1420
3 4795 4007 4238
3 6929 4007 2869
3 2869 4007 239
3 4795 239 4007
3 4795 2931 7008
3 6929 3886 4995
3 4238 6929 3349
3 6958 4995 5995
3 6958 5995 6214
3 4995 236 5995
3 5995 236 3242
3 6151 7083 5593
3 742 5593 3127
3 5593 7083 1975
3 5593 1975 3127
3 3127 1975 7548
3 5686 4272 7272
3 4272 7537 7332
3 7537 3421 7332
3 4519 3421 5875
3 3251 3791 4699
3 7035 3251 4213
3 1555 7035 5501
3 4470 5501 6673
3 7443 3772 4133
3 5006 4127 5914
3 3772 5006 5914
3 3772 5914 1859
3 5914 5399 1859
3 5399 6661 469
3 469 6661 3474
3 5943 2330 6661
3 6661 2330 3474
3 3474 2330 4881
3 3699 4759 7185
3 3699 7185 383
3 5078 6783 7185
3 4916 7185 6783
3 4916 2311 6903
3 4759 3699 837
3 4759 837 6792
3 6792 837 5125
3 5125 367 5586
3 5586 367 4211
3 367 730 4211
3 6429 4211 7600
3 4211 6429 5996
3 7192 6429 3741
3 6791 5697 2939
3 5697 1276 4410
3 5697 4410 1686
3 4410 515 1686
3 6863 515 2747
3 6438 4063 6010
3 5278 6585 5735
3 2189 6591 6585
3 6585 6591 6201
3 6585 6201 5735
3 6852 3019 5735
3 6852 4790 3796
3 3796 4790 724
3 6803 724 6375
3 4790 6852 6201
3 2496 5705 6457
3 6457 5544 2496
3 6318 2496 5544
3 6476 6318 5544
3 4047 1596 6476
3 4047 6493 4101
3 6948 6083 6379
3 4695 3000 911
3 6997 3000 2989
3 7298 6997 2989
3 4695 6818 7298
3 4695 7173 6818
3 7298 2621 1634
3 4145 1101 6818
3 4145 6818 4952
3 4952 5511 4145
3 4145 5853 2692
3 5486 1931 4833
3 5057 5853 1871
3 7189 5618 7280
3 7280 5618 4315
3 2781 4315 5618
3 2781 5261 4315
3 2346 7190 6054
3 6054 7190 4371
3 7178 4075 4779
3 4779 5403 427
3 1160 5001 5403
3 5001 6712 5403
3 3660 5403 6712
3 1610 5001 1160
3 1610 3795 5001
3 4779 5473 1610
3 1133 1610 5473
3 3795 1133 4548
3 1133 190 4548
3 190 7375 3491
3 5473 6408 7375
3 7375 6408 4690
3 5825 7391 1014
3 1014 7391 3372
3 1780 3372 7391
3 4888 3372 1780
3 6628 5651 7151
3 1008 5825 6124
3 6124 5825 2953
3 1008 4177 5651
3 5651 4177 7151
3 7151 4177 6331
3 4177 6424 6331
3 6331 6424 313
3 6331 5257 7330
3 6011 6272 5156
3 6011 6795 3939
3 3152 4336 1691
3 3025 1691 4336
3 4336 3152 93
3 4336 93 6029
3 6029 93 2956
3 3152 3439 93
3 93 3439 2956
3 4015 6985 3439
3 4015 5823 6985
3 7310 6057 4883
3 7310 6305 6057
3 7599 5577 2669
3 7310 3025 4849
3 7599 2669 4579
3 829 6170 3723
3 6337 5994 4683
3 7337 6029 583
3 6029 2956 407
3 6029 407 583
3 5572 1201 2073
3 1201 5071 2073
3 1201 2165 5071
3 3439 6985 5572
3 2412 6985 4486
3 4486 6985 3161
3 2629 4486 3161
3 3161 5823 3277
3 5823 4883 6057
3 3277 6057 5442
3 3277 5442 4640
3 5442 6057 463
3 6305 463 6057
3 7475 3831 5061
3 4989 5676 1680
3 5676 7475 7187
3 189 5357 5124
3 3523 5487 4866
3 5011 3523 4866
3 2888 7543 4866
3 4866 7543 5011
3 7543 2888 3614
3 3614 3280 1680
3 3614 2888 4264
3 5639 1679 5773
3 1679 6393 2837
3 2837 6393 3558
3 2837 3558 6581
3 6581 5116 2837
3 6581 7020 5116
3 5116 5206 2837
3 1679 2837 5773
3 4206 6550 2896
3 5196 5247 7067
3 5247 125 7067
3 7067 5698 3632
3 7427 5698 6189
3 3687 2321 5133
3 5133 2321 5195
3 6189 5195 4593
3 2531 296 2321
3 296 1866 2321
3 296 3212 1866
3 2531 1022 2135
3 2135 1022 3608
3 3687 7388 1022
3 5921 3028 1477
3 5921 2130 3028
3 2130 3608 3028
3 2046 5839 6816
3 3636 6816 5839
3 2046 6816 6306
3 6306 180 2046
3 2397 1599 6606
3 2397 213 402
3 402 213 4345
3 3983 5483 6067
3 5066 4766 2933
3 4342 694 438
3 694 7293 2857
3 2857 6698 694
3 6800 6002 6698
3 7031 4129 6588
3 4385 6588 1472
3 7031 4385 5339
3 5339 4385 5842
3 5339 5842 3177
3 3177 355 5339
3 5842 1495 3177
3 1495 2734 421
3 421 2734 5067
3 7554 421 5067
3 2871 3932 552
3 2871 7180 7554
3 7554 7180 7438
3 3530 421 7554
3 3530 1495 421
3 1495 3530 3727
3 3727 3530 3690
3 3727 3690 3484
3 3690 3530 2457
3 7169 2457 7554
3 3690 3871 1294
3 3484 1294 5939
3 4728 2549 6461
3 3739 6461 2549
3 4728 5407 3485
3 3485 5407 2762
3 4728 3485 6637
3 4728 6637 2549
3 3485 6014 6637
3 2549 6637 5324
3 5324 3509 3975
3 3509 6607 3714
3 6 5604 4913
3 7300 6255 3974
3 3974 6255 6833
3 3974 6833 6317
3 6255 7300 1136
3 1136 7300 1597
3 6255 307 6833
3 6833 307 375
3 4251 3761 4008
3 785 4008 6317
3 6317 4008 2304
3 6317 2304 608
3 608 2304 3963
3 3963 2304 284
3 4008 1875 2304
3 2304 1875 6820
3 2304 6820 284
3 284 6820 6521
3 3963 140 5363
3 140 1526 6156
3 1526 1882 1581
3 6727 5694 7404
3 5694 3716 868
3 5694 868 7404
3 3716 7183 868
3 868 7183 6277
3 7235 3173 1144
3 6905 6353 3173
3 1144 3173 2150
3 1447 5887 6238
3 6238 5887 155
3 6238 155 3584
3 155 2050 7069
3 2499 7069 6006
3 2499 184 7069
3 4909 6112 4515
3 1328 6112 5870
3 2499 6006 2916
3 5129 4950 1144
3 6006 215 6336
3 6035 6336 215
3 6035 5634 6336
3 5634 6035 2144
3 2144 556 5634
3 6074 2144 6035
3 6074 316 2144
3 316 6074 4909
3 2400 4909 6074
3 5159 3606 6832
3 6832 3606 3189
3 3606 4515 3189
3 3189 197 6832
3 197 2795 6832
3 3189 3702 4295
3 4515 423 3702
3 423 6112 3702
3 3702 390 4413
3 3702 4413 4295
3 4413 390 5751
3 5870 5129 5095
3 6460 2150 4070
3 4070 4679 6460
3 3369 6460 4679
3 4879 3369 177
3 4679 177 3369
3 4879 177 6882
3 3740 468 2465
3 6882 2465 468
3 468 3740 2906
3 3740 31 2906
3 6671 6868 155
3 3584 155 6868
3 4044 6671 5004
3 6671 7069 1654
3 2400 6074 7463
3 1654 5855 5004
3 5004 5855 7306
3 7306 6459 5004
3 2910 6008 7306
3 6008 1151 7306
3 5755 6008 2910
3 1151 6008 1115
3 5755 2786 6008
3 7001 2786 3457
3 2786 114 3457
3 114 7473 3457
3 3457 7473 1649
3 1115 7001 3456
3 846 7001 827
3 846 827 4626
3 4626 3178 846
3 95 846 3178
3 827 5696 4626
3 3936 4848 5070
3 7551 5070 4848
3 4848 3936 2877
3 3936 3001 2877
3 3001 6235 2877
3 2283 7171 6286
3 510 3577 4868
3 3577 510 2222
3 2222 510 3253
3 5474 4751 4754
3 6346 7468 5474
3 3471 3731 5474
3 4751 5474 3731
3 3563 4301 6779
3 5282 4301 7468
3 5540 176 5148
3 5282 176 6779
3 176 5540 4407
3 4407 1235 176
3 6779 176 1235
3 5659 5514 4407
3 1235 4407 5514
3 2678 5659 257
3 2678 257 3452
3 3099 3452 257
3 3452 88 311
3 311 1437 3452
3 1437 7082 3452
3 7476 5122 7332
3 3421 7476 7332
3 4519 4277 2529
3 7476 2529 2725
3 7476 2725 4283
3 4283 2725 2430
3 4277 2119 654
3 5414 2813 5245
3 2813 5414 7166
3 7166 1890 2813
3 1890 7166 2202
3 5630 585 2312
3 585 2202 917
3 6291 5630 5926
3 5926 5573 6291
3 5714 1743 7342
3 5573 3329 5714
3 5923 5573 3677
3 5399 469 2930
3 2930 3474 5623
3 5623 3474 5969
3 5623 5969 6338
3 3522 5969 6792
3 5125 3522 6792
3 5969 3522 6338
3 1945 6338 2157
3 2157 5586 5212
3 5586 5898 5212
3 7446 5898 7192
3 5874 3741 2987
3 2987 3741 5632
3 7422 2987 5632
3 1629 3321 1933
3 5413 301 5092
3 301 3408 2049
3 5092 301 3368
3 2049 3368 301
3 2345 4409 580
3 4409 2329 2230
3 5595 361 732
3 3019 732 2463
3 361 2329 732
3 732 2329 3827
3 732 3827 2463
3 4860 6402 1686
3 5595 6777 6623
3 6803 3186 6623
3 4375 2241 1670
3 3746 1635 7584
3 5556 1635 6318
3 5556 6318 652
3 6476 1292 6318
3 1292 652 6318
3 1766 1292 6476
3 6476 1596 1766
3 1596 2597 1766
3 1766 2597 1481
3 6617 1251 121
3 1251 39 6296
3 1251 6296 121
3 39 6948 6296
3 6822 2597 1596
3 6948 6379 6296
3 6296 6379 1563
3 1563 6559 6296
3 3000 6997 1563
3 6559 1563 6997
3 6559 1782 6732
3 5264 2960 7298
3 6617 6732 1782
3 6617 2960 5264
3 2070 7229 5933
3 5933 3234 2070
3 3234 5933 4432
3 7229 7135 6618
3 7135 7229 6765
3 4071 7229 2070
3 5548 6274 6526
3 6274 1305 1030
3 1030 2264 6274
3 1305 3234 1030
3 2264 1030 2997
3 1130 602 3907
3 135 602 4496
3 6913 4496 602
3 6913 2519 4104
3 6283 3234 4432
3 6273 6283 4432
3 7312 6017 392
3 6273 4432 5810
3 5810 4432 5933
3 5933 6618 5810
3 7135 7299 6618
3 7299 3451 2331
3 7135 5428 3451
3 1047 5428 1297
3 7135 6765 2415
3 3193 2415 4375
3 7080 6765 4968
3 4071 5548 7538
3 7538 5548 6526
3 6526 6274 885
3 2873 5358 706
3 5358 2873 3774
3 2873 1035 3774
3 7021 3382 1035
3 3382 6274 132
3 6796 4155 3382
3 3382 4155 3907
3 3382 3907 1018
3 1018 3907 1618
3 135 4496 5425
3 5425 4940 542
3 4496 5305 2639
3 4616 3185 2535
3 3843 6763 4616
3 6522 5276 4880
3 2652 540 6763
3 6230 1051 5975
3 4224 6230 2535
3 1816 2535 6913
3 4224 1816 5266
3 2920 4224 5266
3 6230 4224 1051
3 4224 2920 1051
3 4267 2920 392
3 4267 392 6017
3 4267 6017 2433
3 4244 4267 2433
3 6017 3805 2357
3 3805 6017 7312
3 3805 7312 195
3 195 7312 4529
3 6247 6051 3447
3 6081 3405 5225
3 3405 6081 6294
3 4426 1047 6736
3 4426 6736 2654
3 2362 4426 2654
3 2654 1707 2362
3 2654 6736 1970
3 1970 1707 2654
3 1970 3219 1707
3 6736 7437 1970
3 3219 1970 332
3 7437 6736 1297
3 7437 1297 4833
3 4833 1297 905
3 905 1297 3193
3 7440 1515 7285
3 7440 7189 1515
3 5057 1871 7189
3 7189 1331 1515
3 5209 1208 7556
3 4717 2689 1208
3 7556 1208 2689
3 2689 4717 1640
3 1640 4717 4482
3 7280 4315 4482
3 4315 5261 4482
3 4371 6943 6054
3 5261 6054 6943
3 6943 4482 5261
3 4482 6943 1640
3 4371 3046 6943
3 2689 6943 7556
3 7556 6943 3046
3 1484 4371 7190
3 1484 7190 2089
3 2024 1484 3270
3 3270 1484 1510
3 1484 2089 1510
3 1510 2089 7178
3 5749 3270 3176
3 3176 7573 5749
3 3176 3660 7573
3 427 1510 7178
3 3660 3176 5403
3 6712 2013 7613
3 6712 5001 2013
3 7613 2013 6466
3 1831 6466 4548
3 1831 4548 190
3 3491 7375 7090
3 6511 4974 6192
3 6192 4974 5208
3 6628 2979 6192
3 2979 7151 5049
3 2338 7151 6331
3 5867 2338 7330
3 3939 6795 829
3 829 6795 6170
3 5194 4967 1404
3 1404 5100 5194
3 583 407 3117
3 2165 4776 7506
3 2412 6047 4776
3 3947 4486 2629
3 5532 3947 5340
3 3947 5896 5340
3 5896 2629 3663
3 4395 3663 3161
3 4395 3161 4640
3 4395 6516 3914
3 6751 6516 1700
3 6516 5442 5775
3 1700 2616 7200
3 704 4875 1255
3 7408 3756 822
3 1303 463 3756
3 822 3756 5204
3 7408 822 4878
3 7408 4878 6866
3 822 2110 4878
3 2110 5559 4878
3 5191 5559 6743
3 3280 1947 4989
3 6846 4989 1947
3 5791 3280 3614
3 6550 4222 1708
3 7067 3632 6550
3 4222 6550 3632
3 4067 4222 7427
3 3632 7427 4222
3 7427 6189 1380
3 4906 7427 1380
3 2696 4906 4593
3 2552 2696 28
3 4593 28 2696
3 28 4593 1866
3 5195 1866 4593
3 2696 2552 1338
3 2696 1338 5687
3 2552 1269 1338
3 291 981 563
3 2 887 1269
3 38 1269 887
3 887 3100 38
3 2 3212 5438
3 1914 5438 2135
3 5304 2135 4963
3 4963 2820 5304
3 2820 4963 1470
3 2130 3636 4963
3 1470 4963 3636
3 1470 4419 2820
3 3691 2325 4162
3 2413 4162 2325
3 6786 2413 2325
3 3691 6606 394
3 1599 402 3110
3 402 4345 3110
3 3508 3110 5066
3 2933 6416 5066
3 6416 1298 5066
3 6252 2534 2944
3 2534 6252 7233
3 6002 7233 438
3 6800 7031 1616
3 5210 7031 5339
3 2021 5210 5339
3 7517 2021 4048
3 4048 3419 7517
3 3419 4048 491
3 2990 491 4048
3 491 2990 1666
3 3177 3727 3484
3 431 3484 5939
3 4935 5939 7126
3 4935 7126 3928
3 5575 4807 630
3 4807 3394 630
3 3394 4807 2674
3 1832 3394 2674
3 1832 2674 4299
3 4299 2674 2424
3 2674 3928 4562
3 3975 3714 2844
3 3975 3509 3714
3 6742 4325 5080
3 7383 5080 4325
3 2282 4123 5613
3 5613 3288 2282
3 3288 5830 2282
3 5613 6317 3357
3 3357 6317 5436
3 5436 6317 608
3 5436 5363 603
3 603 5363 5802
3 5802 6156 5447
3 5447 6156 6814
3 6556 6814 6156
3 6556 1581 7404
3 7404 1581 6727
3 7404 507 3967
3 507 6446 3967
3 3967 5650 6814
3 6446 507 7311
3 7311 507 6277
3 7235 1144 5009
3 5009 1144 4950
3 5009 4950 6336
3 6336 4950 6006
3 5009 6336 6829
3 6829 6102 5009
3 7235 5009 6102
3 5295 6829 5634
3 556 6837 1819
3 5932 5248 6837
3 6837 6535 3415
3 2303 556 2144
3 2795 6764 7509
3 6764 7248 7509
3 6954 4857 4295
3 3080 4413 5123
3 5123 4413 5751
3 7512 5751 7528
3 2288 5901 5874
3 7422 3321 1629
3 7422 1629 7512
3 7528 7422 7512
3 1696 7567 7512
3 492 7567 558
3 7567 2171 6016
3 885 7021 6016
3 5566 4228 2885
3 4965 5966 6954
3 4228 6069 5966
3 6694 6841 6162
3 1618 5425 5358
3 1371 4940 6162
3 6162 4940 3567
3 7064 1863 4141
3 1863 6522 2936
3 4141 1863 2936
3 4811 2936 6522
3 2936 1072 4141
3 330 4880 5949
3 2510 5949 4880
3 2510 230 5949
3 7365 5949 230
3 6763 1321 5736
3 4223 1321 3361
3 1321 1318 3361
3 1318 7228 5578
3 2152 7228 540
3 2152 540 2652
3 2152 3094 925
3 925 3094 1078
3 1078 5582 925
3 2433 5582 1078
3 2433 2357 5582
3 2357 3805 2564
3 2564 3805 6418
3 2219 4662 288
3 195 1644 4662
3 1644 5342 4662
3 195 4529 1644
3 6285 6806 3358
3 3358 4529 6285
3 3358 2887 3352
3 3358 3352 5342
3 5342 3352 273
3 2887 6806 6500
3 6500 2139 2887
3 6500 2362 2139
3 3219 19 3323
3 1948 3209 7319
3 7319 6307 7231
3 332 6267 6307
3 6101 6307 6267
3 6301 7561 7285
3 6922 2385 7556
3 6139 7556 5852
3 7556 3046 4601
3 4601 4477 444
3 4601 444 5852
3 5852 444 5961
3 1475 4477 2563
3 2705 1475 2563
3 2563 4477 2826
3 5749 7217 5812
3 5812 7217 1831
3 7217 3537 1831
3 5812 183 3477
3 183 3491 7090
3 7090 6511 1000
3 4582 3680 6511
3 4160 3680 1578
3 5417 4160 2599
3 4160 3547 2599
3 3547 1578 1486
3 251 4884 4890
3 4890 4884 4182
3 6514 4884 3155
3 251 5665 3155
3 3350 3155 5665
3 5665 7506 3350
3 4297 5683 2853
3 895 5532 5340
3 5340 3768 895
3 2853 3768 4789
3 4789 3905 2853
3 3905 4789 3072
3 3072 4789 2883
3 2883 835 3072
3 4666 7194 5786
3 7194 2644 1205
3 3417 3768 1389
3 5896 5904 5340
3 266 344 2279
3 5904 2279 344
3 344 3697 5904
3 344 266 4661
3 3697 344 7194
3 4661 7194 344
3 3278 3914 6751
3 2398 3278 5847
3 3278 6751 5847
3 2398 5847 4971
3 4971 5847 7200
3 3255 4971 7200
3 2616 4875 7200
3 2023 3255 4786
3 3255 2917 4786
3 2917 6839 6510
3 2849 2843 2122
3 6839 3803 3501
3 6839 3501 704
3 3803 7200 3501
3 6839 3552 4722
3 7408 6866 5265
3 6599 4161 5036
3 6599 5036 6021
3 5191 4161 178
3 6599 4708 58
3 4708 5322 58
3 2816 1992 4564
3 1992 1967 4564
3 1967 3096 6219
3 1902 5333 3734
3 6758 6906 5998
3 6153 1390 2409
3 2409 1390 567
3 1390 5687 567
3 5687 836 867
3 867 836 4331
3 836 269 4331
3 4331 269 6660
3 867 4906 5687
3 7419 2409 3607
3 2409 567 291
3 2409 291 3607
3 5998 7419 4537
3 7419 3607 904
3 904 4537 7419
3 904 2819 4537
3 904 3607 3395
3 5220 6441 6479
3 563 6441 3607
3 3395 3607 6441
3 6479 6441 4255
3 3100 4310 6478
3 887 1256 3100
3 1968 4310 1256
3 3100 1256 4310
3 1968 6340 3240
3 3240 6340 6159
3 4840 6340 7295
3 6340 1914 7295
3 679 651 2320
3 3597 6159 4840
3 6159 3597 6786
3 4425 6159 6786
3 3597 6577 6786
3 4310 3240 453
3 4310 453 3587
3 3587 7453 4310
3 453 6836 3587
3 6836 2325 3691
3 3933 6836 3691
3 826 6364 3933
3 418 4241 5776
3 4932 418 5776
3 5776 2083 4932
3 2083 5776 3508
3 2083 6555 6757
3 1653 6555 3508
3 1653 3508 1298
3 5066 1298 3508
3 7147 1653 1298
3 5318 7147 3083
3 3083 4171 5318
3 4171 3083 87
3 4171 87 7093
3 7093 6098 7420
3 1912 6098 1817
3 1912 1817 6002
3 1661 1616 6523
3 4654 7517 3488
3 3488 5421 3922
3 3922 5753 3488
3 3143 3488 5753
3 3922 5421 426
3 3922 426 2593
3 2593 426 1134
3 491 3858 5421
3 3858 491 1666
3 3858 1666 4935
3 3858 4598 426
3 4598 1134 426
3 1134 4598 3829
3 570 3718 2062
3 570 2062 3425
3 3718 5575 2062
3 630 3394 1215
3 3394 1832 1215
3 4119 3285 1832
3 3285 4119 3946
3 3946 4119 5911
3 3024 5911 7497
3 4119 4299 4733
3 4299 2424 4733
3 1751 4733 2753
3 7497 4325 7359
3 2518 7497 7359
3 7359 4325 98
3 7359 98 5830
3 5830 98 6742
3 2523 5830 3585
3 2523 3585 1932
3 3585 5830 3710
3 3585 3710 3473
3 3473 3710 3079
3 4207 682 3114
3 4207 3114 3079
3 3079 3114 4481
3 682 6085 3114
3 2093 6085 5447
3 5550 2657 4907
3 2093 5650 7544
3 4511 7311 6134
3 6134 7311 3885
3 6326 3826 1878
3 1878 3826 1428
3 4153 1428 3826
3 3826 196 4153
3 3826 2892 196
3 1878 6102 6326
3 6102 1878 7331
3 3885 7331 1878
3 2892 4107 196
3 5248 4338 4107
3 4107 4338 196
3 196 4338 389
3 389 4338 5801
3 4338 4977 5801
3 4338 6390 4977
3 6390 3312 289
3 289 3312 2815
3 2815 3312 5932
3 2815 5932 5793
3 2815 3790 6392
3 5301 3790 2047
3 2047 7509 5301
3 3790 5301 6392
3 1868 4422 5301
3 6392 5301 4422
3 6403 3142 1868
3 6403 1868 2479
3 2479 969 6403
3 154 3215 2479
3 5216 5966 6069
3 7138 1072 7245
3 7245 1072 3808
3 7245 3808 6396
3 6396 3808 370
3 6084 6396 4936
3 6396 7493 4936
3 370 4749 4059
3 4749 2923 4059
3 4749 7365 2923
3 4886 1704 7365
3 4886 6963 6203
3 3529 6203 6963
3 2982 6203 7439
3 6203 3529 7439
3 5308 1853 4880
3 7094 3361 5578
3 7094 2469 5717
3 2996 5717 7018
3 3374 7343 6886
3 3374 5578 7343
3 2564 3642 5582
3 7282 5582 3642
3 162 7214 3574
3 3427 7214 5476
3 6464 3954 5476
3 3954 6464 61
3 4700 61 6464
3 471 7559 2219
3 4278 2219 7559
3 3458 471 1287
3 471 3492 1287
3 3458 1287 1928
3 288 5342 3492
3 2191 4727 5017
3 3323 5017 4727
3 5017 7099 2191
3 5046 726 6621
3 6957 3370 5178
3 6621 5178 824
3 4167 4844 6139
3 4167 1168 7054
3 3982 824 7054
3 1168 5275 7054
3 6984 5275 7116
3 7587 4099 5935
3 4099 5961 5935
3 5107 5935 458
3 458 6205 3478
3 458 3478 7573
3 6205 7436 3478
3 2517 3478 7436
3 2705 4518 3008
3 5274 6343 1856
3 5274 1856 6602
3 6391 1033 6602
3 6602 1033 6212
3 6212 1033 7265
3 3621 6391 5417
3 7575 345 982
3 982 345 163
3 982 163 4890
3 6245 3840 4778
3 6898 7575 4182
3 6898 4182 5529
3 5529 781 6898
3 5529 6514 781
3 6514 1694 6168
3 6514 6168 781
3 3151 1694 7242
3 7242 6760 3151
3 7242 3155 4256
3 7242 4256 4297
3 7242 4297 6760
3 6760 835 6190
3 835 6282 6190
3 2902 4680 6282
3 2475 5589 2902
3 1689 7593 5016
3 5589 4666 5016
3 5016 6542 4184
3 4307 2227 7454
3 7454 442 3278
3 7454 67 1549
3 2398 4971 67
3 67 4971 2023
3 832 2053 4934
3 4786 4934 2053
3 3889 832 4934
3 6851 2849 1657
3 4934 6851 2438
3 6237 2316 839
3 2316 2849 1451
3 2316 1451 839
3 839 1451 1385
3 839 1385 5072
3 1451 910 1385
3 910 2122 3646
3 2122 1379 3646
3 1379 4722 3646
3 5797 223 4966
3 4966 223 1267
3 1267 223 3552
3 4966 1520 1860
3 5207 1860 58
3 1520 58 1860
3 58 1520 6599
3 5265 6599 1520
3 5207 1671 46
3 46 1671 3734
3 46 3734 3678
3 6778 2429 5327
3 1359 6050 6758
3 1359 6758 5254
3 1359 5254 6050
3 5998 4537 6758
3 4537 1659 2342
3 5220 650 3599
3 650 4189 6434
3 6434 4189 709
3 6434 709 4405
3 4189 5740 709
3 4405 709 6351
3 5740 4189 6479
3 6479 7453 5740
3 7453 5571 6890
3 7445 6555 830
3 830 6555 1653
3 830 7147 5318
3 5252 1523 6268
3 1523 5318 6268
3 7450 6710 6268
3 4171 7093 7450
3 7450 5610 1911
3 5610 4388 1911
3 2905 6578 5400
3 3143 5753 6578
3 6587 3985 2238
3 3985 5753 3195
3 2593 5753 3922
3 2593 3994 3685
3 3195 2593 3685
3 3685 5883 3195
3 5883 3685 5050
3 3994 2814 5984
3 3994 5984 3685
3 3876 2814 3829
3 3829 3425 3876
3 570 3425 3829
3 3876 761 2648
3 3876 2648 2924
3 1215 2648 761
3 1215 1832 2648
3 4352 5467 7015
3 3959 7015 5467
3 3959 2913 1258
3 226 759 3024
3 2913 3946 759
3 1538 403 2350
3 1538 2350 4332
3 4332 2350 4612
3 2350 403 7278
3 7278 403 1921
3 403 4017 1921
3 4017 7359 1921
3 7318 3325 4280
3 7318 4280 703
3 6167 7318 703
3 3585 3473 4280
3 703 4280 3473
3 3473 2974 703
3 4481 4907 2974
3 2974 4907 2657
3 2657 3742 2974
3 6167 1032 4969
3 6167 4969 591
3 591 4969 3729
3 4969 809 3708
3 3708 809 2470
3 3708 2470 1529
3 809 212 2470
3 2470 212 978
3 2470 978 1529
3 1529 978 795
3 978 212 5550
3 978 5550 4987
3 795 978 4987
3 4511 5150 7389
3 5150 4511 110
3 4511 6134 110
3 5150 110 4153
3 110 1428 4153
3 2118 4153 196
3 4153 2118 7398
3 987 2118 1173
3 2009 987 4095
3 1173 4095 987
3 5801 4095 1173
3 4095 5801 3204
3 4977 6390 4220
3 3496 4422 5865
3 3551 5865 6403
3 3551 5895 6411
3 5895 7268 5154
3 3551 543 5895
3 543 1815 5895
3 1815 543 3105
3 3105 543 7386
3 6403 543 3551
3 543 6403 7386
3 969 3215 7386
3 7268 812 5154
3 253 5154 812
3 5444 253 6084
3 812 6084 253
3 5444 4936 3308
3 4936 4637 3308
3 3308 4637 7023
3 5826 963 539
3 963 4936 4016
3 6131 5826 539
3 6131 7469 3265
3 4016 4687 7469
3 1885 7396 2480
3 6210 2480 7396
3 7005 4546 2923
3 1675 7005 2923
3 1675 1704 2359
3 5779 2359 2388
3 5779 2388 2091
3 2388 2982 5950
3 4341 2982 7439
3 5167 5980 7094
3 5717 372 5167
3 5142 5167 372
3 372 2996 5142
3 3955 7018 6575
3 5231 6575 7018
3 534 5269 7018
3 534 7018 5717
3 5717 6886 534
3 534 6886 6071
3 5269 534 1820
3 6071 1820 534
3 6071 6886 6672
3 6071 6672 6111
3 6111 6672 3652
3 6111 3652 2741
3 2741 3652 6216
3 4170 3463 1974
3 6894 108 3463
3 4234 3463 108
3 3293 1712 6894
3 1712 3293 3954
3 5476 3954 3293
3 1006 5232 1712
3 6894 1712 5232
3 7065 5232 1006
3 7065 61 4700
3 7065 4700 7559
3 7065 7559 4232
3 1725 7559 3458
3 1725 6262 4539
3 4449 6262 6246
3 6262 4441 6246
3 6246 4441 4298
3 4298 4441 5046
3 4441 7099 5046
3 2108 3982 7237
3 5378 6984 1295
3 5378 1295 118
3 953 6984 6809
3 7116 5263 6809
3 5107 5903 5379
3 7217 7613 3537
3 6212 7132 1594
3 6212 1594 4360
3 7217 5749 4931
3 7436 2149 4360
3 4360 2149 5274
3 6212 7265 7132
3 2580 7265 3216
3 7265 639 3216
3 3216 639 3493
3 3216 3493 1282
3 1282 3493 6245
3 639 3621 3493
3 7575 3840 3493
3 3840 6245 3493
3 3216 1282 209
3 209 1369 3216
3 1282 5876 209
3 209 5876 3650
3 5876 6245 4560
3 2548 4778 4580
3 2548 1374 5831
3 1374 3950 5831
3 5831 3950 6767
3 5997 1300 3950
3 1300 6767 3950
3 3950 436 5997
3 5997 436 6168
3 6168 488 5997
3 2542 5997 488
3 5192 6168 1694
3 3950 1229 436
3 436 1229 6168
3 6168 1229 781
3 1374 4580 1229
3 1229 4580 6898
3 1229 6898 781
3 6168 5192 488
3 5192 1694 3151
3 5192 3151 3029
3 5192 3029 205
3 5192 205 4698
3 3029 2492 205
3 4698 205 1600
3 1600 6282 68
3 4755 68 4491
3 68 6282 1573
3 68 1573 4491
3 1689 5016 7072
3 4097 4491 7072
3 891 4097 2528
3 891 2528 1114
3 1114 2528 5060
3 5060 2071 6969
3 4307 7454 1549
3 4307 1549 4627
3 4627 524 5759
3 5759 524 6288
3 6288 524 1923
3 6288 1923 896
3 896 1923 832
3 832 3889 896
3 1164 3683 6288
3 6717 6288 3683
3 7262 1164 2438
3 2438 2976 7262
3 2438 6851 1657
3 6237 1356 2976
3 1356 1924 2976
3 2114 1356 6237
3 1924 1356 5338
3 2114 6237 550
3 2114 550 6356
3 6356 550 1913
3 550 6237 839
3 550 839 5072
3 1913 5072 2626
3 6869 2626 5072
3 1385 4632 6869
3 6778 2102 4632
3 6869 2102 2473
3 2721 4501 6778
3 2102 6778 4501
3 4501 2473 2102
3 6778 5327 2721
3 6050 2721 5327
3 211 3132 1585
3 2714 3132 6740
3 6676 3132 211
3 4380 4910 6676
3 4380 2029 4910
3 2489 2643 1646
3 5108 2342 1659
3 3612 6889 6193
3 4186 3077 1604
3 3398 3164 6193
3 6193 3164 1983
3 6193 1983 3612
3 5140 7301 6656
3 6656 4093 4405
3 4405 4093 6434
3 4405 6351 5140
3 5140 6351 1533
3 6351 6601 1533
3 1533 6601 4917
3 6351 5789 6601
3 6890 5571 1808
3 1808 5571 5789
3 7216 7608 55
3 6734 5553 2353
3 2353 4932 6734
3 2504 6734 4932
3 6757 5042 2504
3 6757 7445 5042
3 7016 6268 3815
3 3815 6268 3821
3 3821 685 3539
3 6268 6710 685
3 3539 685 7088
3 4602 1870 6587
3 1870 4031 6587
3 5883 2328 2238
3 5883 2238 3195
3 3985 3195 2238
3 5883 3514 473
3 5050 7009 3514
3 3514 7009 532
3 532 7009 4349
3 532 4349 6849
3 7009 417 3428
3 3428 417 2183
3 5101 417 117
3 117 5984 457
3 4452 1250 2924
3 5467 1873 4452
3 5467 4352 1873
3 2751 4352 6348
3 4352 7015 6348
3 7275 3494 1903
3 3494 4332 4612
3 4612 1903 3494
3 3325 7318 2878
3 2878 2914 6452
3 6883 6452 943
3 3729 4969 3708
3 6335 6154 6015
3 6154 1529 7186
3 7186 1529 3503
3 1529 7389 3503
3 7389 5150 5147
3 2009 4095 3057
3 3281 3057 4095
3 3057 3658 2009
3 3281 3204 294
3 294 3204 5468
3 3496 5865 6965
3 126 6965 5865
3 6965 126 3564
3 3564 126 6411
3 6965 3564 7042
3 6411 899 3564
3 899 856 3564
3 899 1777 856
3 2929 856 1777
3 899 6411 2949
3 899 2949 1777
3 1777 2949 4181
3 1129 7023 5826
3 4263 5826 5484
3 5484 5826 6131
3 5484 6131 4664
3 6210 7396 6421
3 5581 6950 5426
3 7396 6549 2941
3 6744 2768 6625
3 2858 6744 6625
3 2768 6775 6625
3 5927 2768 4581
3 4581 2768 5779
3 4581 5779 2091
3 1446 4312 4476
3 4312 1446 4022
3 4312 4022 5950
3 4312 5950 6299
3 6211 6299 1837
3 6211 1837 2971
3 6299 2772 1837
3 1837 2772 1039
3 1837 1039 6575
3 6575 1039 3955
3 1039 2772 998
3 4341 2687 3894
3 998 3894 5142
3 998 2996 3955
3 1837 6575 2685
3 6575 2085 2685
3 2085 6575 2575
3 728 2575 5231
3 6680 1820 6071
3 1795 6680 6071
3 6071 6111 1795
3 2506 2757 1795
3 6680 1795 2757
3 7060 4716 3067
3 4716 2506 3887
3 3887 411 4716
3 411 4170 4716
3 1662 4716 4170
3 3067 1662 4812
3 4812 3111 3067
3 1166 4812 1822
3 1822 1281 1166
3 3651 1974 4431
3 4431 4234 4169
3 4234 4232 4724
3 4234 4724 4169
3 4724 4539 4169
3 4449 5288 6262
3 5288 4449 5197
3 4406 5197 4449
3 5197 4406 4139
3 4406 2108 7237
3 6132 2602 4139
3 2015 6132 6082
3 343 4859 6132
3 4859 6082 6132
3 118 1295 343
3 2540 343 1295
3 1295 953 2540
3 347 3916 5482
3 1734 347 5482
3 3916 4108 5482
3 5482 4108 447
3 4108 5263 14
3 4108 14 447
3 14 5263 5379
3 14 5379 447
3 5482 447 3670
3 1107 3670 3898
3 447 5903 3670
3 3898 3670 2708
3 5184 5946 7573
3 7573 7132 5184
3 5946 5184 5515
3 6543 879 5937
3 7477 2580 1369
3 1369 4124 7477
3 4124 3650 5992
3 2845 6329 5992
3 3287 6329 3157
3 7038 6634 6329
3 7038 3344 6634
3 7038 4494 3344
3 7038 2845 5876
3 4494 1617 3671
3 1617 4427 2548
3 3671 1617 5831
3 4494 3671 4547
3 3671 3248 4547
3 3188 3864 6767
3 5997 5915 1300
3 1300 5915 2859
3 1300 2859 4729
3 5915 5997 4505
3 4505 5997 2542
3 2542 488 3781
3 3781 5192 4698
3 3781 4698 886
3 3781 886 449
3 2542 3781 449
3 886 4698 4755
3 4755 4491 6831
3 3535 6831 4097
3 4453 4082 5682
3 4082 4453 891
3 4082 697 5317
3 5317 697 1079
3 3705 697 7407
3 7407 6717 2505
3 3705 2505 4567
3 3705 4567 1079
3 1079 4567 3403
3 2505 7387 4567
3 7387 2505 6717
3 6717 2893 7387
3 5684 3683 7262
3 7262 3888 4647
3 7262 4647 5684
3 3888 6065 4647
3 4647 6065 7057
3 6065 5338 2210
3 2782 6065 2210
3 3244 3106 151
3 3106 6444 2662
3 2662 6444 7367
3 7367 6444 6030
3 6444 6899 6835
3 5213 6899 6873
3 1467 6873 6356
3 2626 6869 1793
3 6869 985 1793
3 1793 985 466
3 466 3776 1793
3 3776 466 5045
3 5045 2714 6740
3 6835 6740 4742
3 4742 6740 5256
3 5256 3132 6627
3 4910 2029 3980
3 7511 3980 3466
3 4020 1646 3148
3 4020 3148 7102
3 7102 3612 2343
3 3612 1983 5574
3 2943 7428 6961
3 7519 5367 7428
3 6129 5499 5555
3 5224 3633 7301
3 7301 3525 5224
3 7216 4917 4221
3 7216 5202 4917
3 1592 6471 5953
3 4745 2244 7016
3 4745 7016 6471
3 7016 3082 5953
3 3082 7016 3815
3 1259 4799 7495
3 6314 7508 7495
3 5348 7495 4799
3 7495 5348 1132
3 2899 6357 4561
3 6357 3821 2561
3 3821 3539 2561
3 4730 3539 1667
3 3539 6448 1667
3 3539 7088 6448
3 6448 7088 4613
3 1667 6144 4730
3 2136 4885 4802
3 4885 4809 4802
3 4802 4809 6144
3 2205 6928 4809
3 4809 1765 2205
3 4242 2205 1605
3 4333 473 1765
3 312 1765 473
3 312 3514 1810
3 1810 3514 4359
3 3514 532 4359
3 4359 532 6849
3 1605 4359 3297
3 4359 282 3297
3 3297 282 1498
3 282 4578 1498
3 6768 1767 5258
3 4578 6849 6486
3 2550 2183 5101
3 3136 3310 5838
3 3310 2751 5838
3 5838 2751 2497
3 2497 2751 6348
3 7143 6348 7275
3 7275 7129 1655
3 7275 1655 7143
3 7129 1903 1170
3 6195 1170 6883
3 7129 6195 5622
3 5760 6335 5268
3 6335 6015 5268
3 5268 6015 3895
3 7236 7381 1262
3 1262 7381 544
3 7186 7381 6015
3 7186 3503 1938
3 1938 5147 501
3 501 461 6060
3 461 501 1431
3 501 3964 1431
3 1431 286 1963
3 3658 596 286
3 862 596 1513
3 596 3658 3057
3 1513 596 3057
3 1513 7042 862
3 862 7042 3972
3 3972 7042 5471
3 5636 3965 3043
3 1645 5636 3384
3 5636 1554 3384
3 1554 5636 5484
3 513 5484 5636
3 513 3043 2929
3 2929 3043 856
3 1554 4664 3384
3 5738 4642 7077
3 5738 5303 4622
3 4622 3060 5738
3 5738 3060 5446
3 5738 5446 3640
3 3745 4622 6568
3 4622 990 6568
3 5581 7566 7133
3 2941 6549 6382
3 6382 6549 2858
3 6382 2858 120
3 6433 120 1239
3 2858 6625 120
3 120 6625 1977
3 120 1977 1239
3 1977 6625 5435
3 6775 6976 5435
3 3180 6976 1222
3 1222 7167 3180
3 2881 6775 5927
3 2881 5927 5032
3 5032 5927 4476
3 5032 4476 2532
3 7209 2928 7155
3 7155 4540 5737
3 5737 4540 1261
3 1261 7580 2625
3 1261 7096 5737
3 5808 7096 2971
3 6211 2971 7096
3 5309 5808 4239
3 5808 2971 1608
3 1608 4239 5808
3 1608 4495 4239
3 1011 2575 1608
3 4495 1608 2574
3 2574 2575 1673
3 1673 2575 728
3 5089 5999 1809
3 6680 1818 606
3 1925 1818 2757
3 2757 1818 6680
3 7060 2450 2637
3 4056 2637 1266
3 1266 2637 2236
3 4659 2450 1106
3 2450 3111 1106
3 1106 3111 2087
3 5644 1106 5146
3 973 1281 3346
3 2677 3320 820
3 3694 820 5981
3 5743 5197 2577
3 5103 3942 748
3 5197 2602 3058
3 748 6584 360
3 2015 6082 6991
3 6991 6082 6747
3 1734 5482 1803
3 2880 5988 198
3 4503 5434 2702
3 4503 4198 5434
3 5434 4198 2736
3 4198 1386 2736
3 2736 1386 6907
3 2708 5641 1386
3 5641 2708 5515
3 5515 2708 2729
3 5955 1314 2168
3 5955 2168 4872
3 4872 2168 21
3 21 2168 6725
3 2168 5992 2129
3 2129 5992 3287
3 3220 6725 2129
3 3220 669 3719
3 3719 5432 1159
3 576 3628 6339
3 6339 3628 2859
3 3628 900 4729
3 4729 900 3882
3 900 3248 3882
3 5432 7043 1669
3 1669 7043 2120
3 6339 2859 5915
3 1934 3837 5629
3 449 6811 3837
3 2676 3837 6811
3 4841 6967 112
3 4841 6811 6967
3 6831 3535 6967
3 4457 6967 3535
3 920 2891 4457
3 2891 6967 4457
3 2891 6494 6967
3 642 2891 920
3 642 179 1347
3 1347 6197 642
3 1347 2268 6197
3 1347 179 5682
3 1347 5682 2752
3 4549 2752 4400
3 4400 2752 5317
3 4021 6033 5475
3 1342 4567 2364
3 3505 5354 1550
3 5354 2364 7387
3 5684 7387 2893
3 5684 4647 1550
3 1550 4647 4524
3 4647 7104 4524
3 6065 2782 3717
3 1641 3717 2610
3 6580 2782 5612
3 5612 2210 409
3 6417 409 7321
3 6417 3106 2662
3 7367 4865 6539
3 2154 6030 1752
3 6030 2154 7367
3 6444 6835 5942
3 3290 5942 2631
3 2631 3688 7511
3 4742 5256 3688
3 2631 3289 6048
3 6738 3289 7511
3 6121 3466 2777
3 1146 4020 7102
3 1146 7102 5859
3 4192 5134 784
3 5201 5134 6961
3 6961 5134 2943
3 5201 6961 4019
3 5117 5113 616
3 5113 7428 7345
3 7345 6129 5449
3 1790 6129 5555
3 1790 5555 6278
3 1876 5555 5499
3 1249 747 7108
3 7191 747 351
3 3570 3962 1249
3 747 1249 3962
3 3962 351 747
3 3570 1532 5952
3 5202 7297 5224
3 1532 7297 5952
3 7297 5202 7216
3 7297 7216 5952
3 7313 6780 5952
3 5411 7597 3033
3 5411 5082 7059
3 5953 4463 1592
3 4928 1592 4463
3 2776 4928 6547
3 4463 6547 4928
3 6547 4463 4712
3 3042 6297 4712
3 6547 4712 6297
3 2739 1061 6701
3 1061 6314 6701
3 6701 6314 1048
3 4414 4852 5669
3 4365 5931 4852
3 4365 7302 3472
3 7302 3158 5588
3 3266 3630 4561
3 657 1252 4242
3 3630 7302 5588
3 7302 657 3836
3 7302 3836 3472
3 3836 3442 2620
3 3442 3297 1498
3 3656 2620 6768
3 4578 1767 6768
3 6525 4610 5497
3 5497 4610 7598
3 6810 3833 1493
3 6367 5531 1778
3 3833 2117 1706
3 2117 7533 6401
3 6705 2117 6401
3 6705 6401 3319
3 3319 6597 6705
3 4912 1517 6881
3 4912 6881 2918
3 3802 6348 7143
3 1177 3802 7143
3 3802 1177 263
3 3802 263 2918
3 263 6052 2964
3 731 6052 1177
3 2784 731 1036
3 731 1177 1655
3 1036 731 7129
3 1655 7129 731
3 2784 1036 5385
3 5385 1036 5622
3 5622 4671 5385
3 5760 5268 1624
3 1624 7236 5291
3 1847 5291 7236
3 3172 4862 1847
3 1847 4862 6544
3 6544 4862 5596
3 6453 6544 5596
3 3172 1569 4862
3 5600 2386 5596
3 6093 1977 5435
3 1088 3443 5341
3 1091 1135 4112
3 1089 683 5929
3 1135 5929 683
3 683 4112 1135
3 683 3438 4112
3 3554 6595 5161
3 3991 5929 3180
3 5161 3991 7140
3 3991 7167 7140
3 3254 7140 6683
3 7209 9 6716
3 6683 6716 6635
3 2460 5003 4302
3 459 5737 6420
3 5800 6420 5309
3 5800 4495 2333
3 459 5752 7249
3 2197 5800 302
3 4541 2574 1673
3 4541 1673 4187
3 4187 1673 5089
3 4541 4187 4908
3 1746 4908 4187
3 3194 1746 606
3 5089 1746 4187
3 5089 1809 1746
3 1809 606 1746
3 5131 3194 7130
3 971 4792 956
3 956 4792 1266
3 4056 1266 4792
3 1818 4056 4792
3 4394 971 1029
3 4394 1029 4292
3 4292 1029 5158
3 4292 5158 6770
3 5631 2236 4659
3 5631 4659 6675
3 6675 4659 1905
3 6675 1905 2245
3 6675 2245 1721
3 1721 2245 5047
3 7253 626 816
3 626 2001 816
3 816 2001 5346
3 7066 2001 4831
3 2833 4831 2001
3 2919 7066 4831
3 2833 7255 4831
3 2442 3694 7255
3 2919 2980 435
3 81 2980 5981
3 5981 5103 81
3 360 5025 5103
3 81 5103 5025
3 3594 202 6747
3 3594 6747 3256
3 3256 6589 7098
3 7098 6589 4350
3 7098 4350 1126
3 1126 2880 7098
3 3018 7098 2880
3 194 3256 7098
3 2294 939 6909
3 6909 198 5988
3 6026 2164 5189
3 2164 1020 6739
3 6739 1020 83
3 6739 83 782
3 1020 2672 83
3 782 83 2702
3 5189 6739 4036
3 4735 219 3175
3 4036 219 6295
3 3383 6295 6720
3 4036 6295 7433
3 144 6227 3383
3 6227 2123 3383
3 5244 3086 4450
3 4191 4424 2074
3 1942 7465 4424
3 4424 6355 1942
3 6355 1044 6725
3 6725 1044 21
3 1044 4191 4872
3 1044 4872 21
3 6725 3220 6632
3 6632 6355 6725
3 5990 2120 5629
3 2019 5629 2676
3 2019 2676 4841
3 2855 7277 2019
3 2855 5371 1077
3 2855 4841 1926
3 4489 1926 6494
3 4489 4944 2507
3 6197 6776 4944
3 6776 6033 3505
3 3505 4524 1041
3 3505 1041 6776
3 4524 3520 1041
3 3878 2428 5431
3 7104 6871 2609
3 5280 292 2140
3 3088 292 3929
3 2570 3929 292
3 6116 5280 6463
3 6580 7045 2545
3 6539 3919 7045
3 6287 3919 4865
3 7367 2154 42
3 6596 42 2154
3 6872 6422 6596
3 6302 6422 272
3 7583 6422 6872
3 272 6422 7000
3 7583 6872 2284
3 6872 6596 2214
3 3870 2864 4387
3 5083 4387 2864
3 2864 3870 6161
3 3870 6982 6161
3 6161 6982 4771
3 6982 5677 4771
3 6161 4771 931
3 4771 1312 931
3 931 1312 4976
3 1312 1007 6048
3 1007 4771 5677
3 4976 6048 22
3 4976 22 5201
3 6161 17 374
3 374 17 6183
3 4019 5117 6183
3 2134 303 6183
3 5449 5958 7345
3 1790 574 6169
3 6169 574 129
3 574 5878 129
3 1178 5878 5693
3 5562 3224 7344
3 5878 741 7061
3 7061 1874 4083
3 7061 4083 3512
3 3512 4083 4502
3 4083 4706 4532
3 4532 6233 1944
3 1880 6233 4532
3 6233 1625 6092
3 6233 6092 1944
3 5344 1625 4188
3 1697 4188 3201
3 6648 1697 3201
3 3201 4188 7191
3 7191 5647 3201
3 7191 923 5647
3 3033 6073 923
3 6073 3033 2776
3 3033 3962 5411
3 5441 2255 5249
3 5441 627 5326
3 5441 5326 2255
3 5326 627 4574
3 2739 4574 627
3 5203 2591 1571
3 1571 2591 3211
3 6367 1571 3211
3 3211 3166 6367
3 6367 1778 6003
3 6749 5221 7136
3 2841 6385 6604
3 1706 2117 6705
3 2841 6604 2360
3 2918 2058 7403
3 7403 2058 7456
3 7403 7456 59
3 1138 2103 7456
3 2103 1138 1175
3 2153 1175 3586
3 2153 3586 7252
3 7252 3586 5385
3 7252 5385 3712
3 64 2765 5215
3 64 5215 3901
3 3901 5215 4018
3 4951 7542 3712
3 3712 5385 4951
3 4282 4951 4671
3 4671 5760 4282
3 7542 4282 5291
3 7542 6453 4018
3 4018 6453 1217
3 1217 6453 3591
3 6453 396 3591
3 3443 6451 5341
3 5341 6451 5505
3 5505 6451 794
3 3438 3443 1088
3 7101 3438 1797
3 1234 1797 5376
3 1234 2680 1797
3 2907 2680 6127
3 6127 3996 2907
3 972 2907 3996
3 7050 2831 6595
3 7050 6595 3554
3 7050 6485 3109
3 6078 4013 3536
3 4013 3254 3536
3 274 3536 1940
3 7366 3254 6683
3 7366 6635 5336
3 6635 188 5336
3 4247 5922 4762
3 4762 5922 2590
3 6552 3661 5922
3 5412 3661 6552
3 7547 5412 4302
3 4302 3578 7547
3 3578 6373 7547
3 7547 6373 5013
3 6373 3578 5584
3 3593 302 4908
3 918 3593 4908
3 918 4908 5131
3 918 935 7249
3 5131 7130 935
3 1709 7130 4394
3 4292 6770 6384
3 6770 5158 7525
3 1228 6325 425
3 2572 5126 416
3 425 416 4853
3 2572 7253 5126
3 816 3952 6365
3 3952 816 5346
3 6365 3952 2390
3 4367 2390 3952
3 2390 424 6365
3 2390 4367 7416
3 4073 2390 7416
3 7416 4367 1443
3 1443 4367 1368
3 1443 1368 5794
3 4367 5346 1368
3 4528 7230 790
3 2156 7066 2919
3 2156 5025 3792
3 6465 3792 6991
3 5813 216 7230
3 7230 216 4268
3 216 202 4268
3 4268 202 3594
3 4268 3332 7230
3 7230 3332 4411
3 3594 1768 4386
3 6026 7433 4861
3 1768 194 111
3 3957 7433 2123
3 3957 2866 5270
3 3957 6227 4164
3 6049 6432 3865
3 1561 6432 428
3 2440 6432 5424
3 5424 6076 2440
3 5424 4595 594
3 6041 4191 2074
3 1060 2074 7460
3 5424 594 2718
3 2718 7460 1113
3 7465 3641 43
3 43 3641 2175
3 43 2175 4559
3 7465 1942 3641
3 1942 7121 3641
3 848 7121 6632
3 848 6632 3553
3 3553 6632 6209
3 1086 2485 2945
3 3553 7592 7615
3 2945 5680 3909
3 5461 6918 6941
3 5461 6941 5680
3 5680 6941 404
3 6918 5431 6941
3 6941 5431 7240
3 5542 7240 5431
3 7104 2609 4816
3 5542 5431 1802
3 4552 4816 2609
3 5643 962 7360
3 3929 3917 3088
3 7203 3088 4140
3 3917 4140 3088
3 3929 5387 6921
3 3929 6921 789
3 5387 3929 2570
3 5387 2570 6116
3 5387 6116 6626
3 6116 6463 7500
3 7045 5395 5512
3 1458 6287 2180
3 2199 1458 6641
3 1458 2180 3355
3 6641 1458 3355
3 2180 6287 4006
3 4006 6596 337
3 6949 6302 304
3 3355 6949 5380
3 6598 2204 4416
3 304 4416 2204
3 4416 272 3053
3 823 2864 374
3 5834 2134 5495
3 2134 3686 5495
3 3686 5958 7579
3 2533 6138 1137
3 6064 6138 4250
3 3482 6138 4389
3 3482 4389 6861
3 5693 7344 4389
3 6861 4389 3224
3 7344 3224 4389
3 3224 3921 1260
3 5585 3921 5974
3 1774 5974 3921
3 5974 4828 5585
3 5974 1774 5562
3 5562 7056 5974
3 952 5974 7056
3 952 23 5974
3 5974 23 1990
3 5974 1990 4828
3 2131 3748 7161
3 3748 7056 7161
3 2426 7161 3771
3 4948 7061 3291
3 3291 7061 3512
3 3291 7451 5074
3 3291 3512 3771
3 3512 5393 3771
3 1625 5344 5321
3 4079 5203 1609
3 5326 4479 1351
3 1609 1351 4479
3 4288 1609 5203
3 4288 5203 1647
3 1647 5203 1571
3 1647 6367 6003
3 6271 5774 1846
3 5774 1614 4096
3 4096 1614 2839
3 5774 7136 1614
3 7136 5221 2839
3 776 1535 268
3 776 268 3757
3 3757 268 5513
3 1535 2619 268
3 2619 1398 3124
3 844 2360 6604
3 3124 6746 5463
3 2103 6746 7456
3 4689 6196 5241
3 2673 6196 972
3 3598 6196 4689
3 5463 3996 5513
3 5787 3996 6127
3 933 1864 6127
3 5787 6127 1864
3 3339 3109 6078
3 6078 5086 3339
3 6078 3536 5086
3 5086 3536 274
3 5086 2170 4864
3 274 6533 5086
3 2170 5086 6533
3 6125 2170 6533
3 6533 274 2569
3 7193 717 5336
3 6947 7193 1753
3 4247 6947 1753
3 4247 4762 6947
3 6947 4270 4281
3 4281 4270 4434
3 4434 4270 4534
3 422 4534 4270
3 4534 422 6748
3 422 2590 6748
3 6748 3661 5370
3 5370 5412 7547
3 5649 4606 5370
3 4606 2801 725
3 6798 1720 6502
3 6502 1720 2801
3 2801 1720 3822
3 6798 6502 815
3 425 834 1228
3 425 4853 2226
3 416 5218 4853
3 475 5218 4635
3 2226 475 1274
3 1274 475 483
3 4635 483 475
3 4635 424 7210
3 4635 7210 483
3 7210 424 2390
3 7210 2390 4073
3 7210 4073 2645
3 4073 7416 3820
3 7487 1443 5794
3 7487 5794 635
3 635 3502 7487
3 1296 5794 2237
3 1368 2237 5794
3 6714 3385 3459
3 3385 790 3459
3 7230 3459 790
3 4001 4411 454
3 7518 4411 3332
3 4386 7518 3332
3 454 7518 2720
3 7518 4386 448
3 428 4815 1561
3 2486 4815 428
3 2720 4815 5709
3 7492 2486 3049
3 2486 428 130
3 130 428 2440
3 130 2440 3183
3 3183 1786 191
3 191 1786 2901
3 1349 7234 5439
3 7234 6805 4318
3 7234 5314 218
3 1103 5314 4559
3 1103 3065 5314
3 4559 2175 2791
3 4588 2791 4736
3 2175 3641 4219
3 3641 7121 4219
3 4736 4219 7594
3 4736 3863 4588
3 4736 7594 1490
3 890 1490 1086
3 260 890 7251
3 7251 5211 260
3 2945 3909 7251
3 1031 3909 404
3 5680 404 3909
3 1031 3261 4130
3 859 6598 2635
3 2848 4416 5229
3 5229 4416 2014
3 5211 5111 4120
3 3874 1339 5111
3 5111 1339 4120
3 4120 1339 1473
3 4490 4737 4305
3 5495 584 5083
3 4305 5083 584
3 584 4490 4305
3 2334 2798 5397
3 4490 5397 5804
3 2612 2798 6064
3 2612 6064 53
3 2612 53 2595
3 2649 6143 6861
3 3406 6861 6143
3 5890 3406 6143
3 27 6143 2649
3 6143 27 7154
3 7154 3921 7347
3 4103 7347 3184
3 1438 2221 7032
3 1823 7032 2221
3 3400 4103 3184
3 3184 3112 3400
3 1652 1489 7459
3 7459 3112 4828
3 4828 1990 5679
3 4828 5679 7459
3 7459 4506 3090
3 2539 6344 7224
3 2539 7224 2376
3 5558 2376 7478
3 2376 2131 632
3 2426 592 2854
3 6271 1846 3992
3 6163 5381 4096
3 5381 3971 4096
3 3971 1846 4096
3 1121 3757 5513
3 6160 1121 5787
3 5513 5787 1121
3 1775 3672 6926
3 1775 6926 974
3 4793 1775 974
3 4793 974 5143
3 2774 6926 3339
3 2774 3339 6426
3 2763 6426 1988
3 5086 4864 6426
3 1988 6426 4864
3 6125 6533 5445
3 3233 5445 4955
3 6533 1979 5445
3 4955 5445 5450
3 5450 1979 1935
3 2383 1935 1979
3 1935 2383 4899
3 2890 4899 2383
3 2383 6533 2890
3 2890 6533 7044
3 222 4899 2890
3 222 3993 4899
3 222 7044 3725
3 222 3725 62
3 3627 62 6629
3 7193 4281 2965
3 5457 4434 4557
3 4557 3422 5457
3 3422 5037 5457
3 3422 4557 363
3 363 4960 3422
3 4557 6748 1748
3 363 4557 1748
3 1748 242 363
3 3635 363 242
3 242 1748 725
3 6748 5370 1748
3 1748 5370 4606
3 1748 4606 725
3 547 242 6256
3 3822 2537 6256
3 3822 6593 2537
3 2226 1274 6593
3 6593 1274 1951
3 6593 1951 611
3 1274 3098 1951
3 611 1951 2394
3 483 4660 3098
3 6845 3098 4660
3 483 7210 4660
3 2394 1221 4227
3 6845 6454 4983
3 4983 6454 2081
3 6845 4660 6454
3 7210 2645 6454
3 536 2758 229
3 536 229 3617
3 3617 5214 536
3 3617 6481 5214
3 2231 3617 229
3 6481 3617 3820
3 3820 7487 6481
3 3502 6481 7487
3 6481 6020 5214
3 3502 635 1636
3 6188 1636 635
3 635 5794 6714
3 6188 5709 1636
3 1636 5709 7492
3 7492 3049 6020
3 4752 2508 5439
3 1483 5439 2508
3 5069 1483 3356
3 2508 3356 1483
3 3356 2508 4938
3 5439 218 4064
3 218 3315 4064
3 218 3065 3315
3 218 5439 7234
3 7395 328 4064
3 7074 328 6999
3 2934 4953 6509
3 7395 1953 7289
3 7175 4588 3863
3 3863 1473 3977
3 7289 3977 7153
3 4014 6470 2543
3 6470 4490 5804
3 5229 2014 6470
3 2014 4490 6470
3 2595 7207 4791
3 2595 1615 7207
3 150 2595 6669
3 150 6669 5890
3 150 5890 433
3 5890 6143 7004
3 7004 433 5890
3 7004 5814 433
3 7154 4873 7004
3 7401 7004 4873
3 7401 255 2983
3 255 3170 2983
3 2983 1504 1612
3 1612 1504 3013
3 5545 3170 7283
3 2491 2809 2064
3 3993 3092 2221
3 2221 1438 842
3 842 1438 1799
3 842 1001 4813
3 1001 4902 4311
3 4902 774 511
3 4902 511 5228
3 5228 511 2173
3 511 774 1799
3 1799 3436 511
3 3436 2173 511
3 3400 2173 3436
3 5228 1651 1212
3 1651 7028 2909
3 7028 4714 2909
3 7539 5679 6608
3 7539 6608 571
3 6608 3259 571
3 1095 6733 6942
3 6733 5989 6439
3 1388 3696 6942
3 1388 259 2583
3 1775 2583 133
3 4793 5143 148
3 2763 1988 1506
3 7226 5554 6608
3 7226 6608 3696
3 3696 6608 6942
3 3259 5554 3233
3 1988 4864 6125
3 6024 4955 137
3 137 5919 6024
3 4955 5450 137
3 137 5450 4887
3 5450 6038 4887
3 4887 6038 1212
3 4887 1212 1651
3 1117 7539 6024
3 6038 4311 4902
3 4813 4899 3993
3 5105 3627 5037
3 6629 5037 3627
3 3422 4960 4577
3 3635 242 547
3 722 7421 6259
3 547 6256 4316
3 7421 4753 4227
3 4753 2394 4227
3 991 2447 6259
3 991 4227 6178
3 6178 4227 1221
3 1421 6178 2478
3 6178 3549 2978
3 2515 3549 1163
3 738 1163 3549
3 1421 2160 738
3 3330 738 2160
3 2160 4057 3330
3 2478 2160 1421
3 738 3330 7118
3 3330 3483 5481
3 2444 2081 3429
3 3330 5481 7118
3 4600 2758 7483
3 7483 2471 4600
3 7483 278 2471
3 5716 2471 278
3 278 3356 5716
3 3413 5069 7483
3 278 7483 5069
3 3356 278 5069
3 5716 1268 2722
3 3348 4938 7074
3 4938 3348 1268
3 3348 7078 1268
3 1779 3348 6999
3 6039 6999 2934
3 2016 5814 2216
3 57 1615 5814
3 1826 2216 2443
3 5236 1612 4467
3 1612 3013 4467
3 4467 3013 5767
3 4279 807 5105
3 5767 4279 464
3 1450 6079 4279
3 6079 464 4279
3 6910 4074 1450
3 4306 1450 2515
3 4074 6910 5477
3 5477 6910 1377
3 6910 5105 1377
3 5477 5037 4577
3 6079 4306 7195
3 4306 7118 7195
3 1163 738 7118
3 4600 7197 4741
3 2681 7197 7195
3 7197 2722 5401
3 7197 5401 1733
3 7197 1733 7195
3 7195 1733 6055
3 2722 7078 5401
3 1826 2443 4152
3 4152 2834 6388
3 5971 5236 4926
3 2834 1455 6388
3 3061 5236 4467
3 2447 2291 6259
3 5602 3413 4839
3 7483 5214 3413
3 4839 3413 5214
3 6020 4839 5214
3 4001 6188 3459
3 3516 4484 5321
3 1351 5344 6648
3 3261 565 2044
3 5380 2044 5539
3 5539 2044 2665
3 5539 2665 7086
3 2665 6941 7240
3 7611 7086 5188
3 5643 1710 6427
3 1710 1889 5762
3 1889 1710 5643
3 7304 1889 5643
3 6427 2551 6176
3 5429 4303 2804
3 2937 6176 1718
3 3583 1724 5429
3 5429 1724 4303
3 5861 6641 7086
3 6641 5380 5539
3 1330 794 6451
3 3713 3113 3901
3 4689 3901 3113
3 5241 3901 4689
3 3713 3901 595
3 3901 4018 595
3 595 4018 1217
3 3113 6865 1330
3 6865 1016 1330
3 1016 3591 396
3 6092 4502 1944
3 5466 3878 2507
3 6918 5371 3878
3 2507 3878 5371
3 5466 2507 4944
3 1041 4944 6776
3 5990 605 7615
3 435 2980 5025
3 1521 4174 6810
3 5669 4174 1521
3 4174 5931 5645
3 5645 7323 4174
3 4174 7323 7533
3 4174 7533 6810
3 4365 6525 5931
3 616 5113 7345
3 5475 2268 4549
3 4236 6565 4324
3 6565 5434 4324
3 7133 1569 6568
3 544 1502 1693
3 1502 544 7381
3 3060 1693 1194
3 1500 5446 3060
3 1728 3640 5446
3 3972 1645 3640
3 4642 3640 1645
3 3640 4642 5738
3 6060 1502 7381
3 6928 3266 6144
3 5045 3751 526
3 526 3751 5213
3 3751 6835 5213
3 526 5213 988
3 4169 6173 3651
3 2929 4208 1344
3 7313 55 6734
3 7313 254 5042
3 3398 6193 4186
3 108 6894 5232
3 7318 6167 591
3 6050 5327 5333
3 2429 4291 5292
3 5797 4966 5292
3 2149 7589 4401
3 4401 7589 6784
3 7343 756 3652
3 3489 756 7282
3 5265 3552 7408
3 7408 3552 7288
3 7064 3022 3567
3 3022 1211 6162
3 3567 4940 7064
3 3080 5123 6619
3 6619 5123 7205
3 492 558 2885
3 5939 1666 2990
3 4564 1967 2759
3 1708 2759 2896
3 1967 6219 2759
3 2896 2759 6846
3 1481 3969 5556
3 1634 5556 3969
3 3368 1082 7159
3 6623 7159 1082
3 1082 3368 2049
3 4876 6530 840
3 6530 5485 7446
3 3292 468 5212
3 5212 2906 1945
3 1945 2906 5455
3 1743 5455 2906
3 4044 7342 6868
3 6459 481 4044
3 6459 6640 481
3 6689 481 960
3 6640 960 481
3 6640 6459 7306
3 1174 4010 4954
3 4010 1174 3456
3 4010 3456 3342
3 4010 1152 3341
3 1152 1908 3341
3 3341 1908 6095
3 1152 3580 1908
3 1908 3580 5869
3 3580 3544 5869
3 3342 3580 1152
3 3544 3580 95
3 970 1147 3544
3 3031 3544 1147
3 970 3178 7551
3 970 7551 2694
3 1147 2694 115
3 2694 7263 115
3 115 7263 5880
3 7263 99 224
3 99 4848 224
3 224 4848 2877
3 224 2435 854
3 5524 5880 3721
3 5524 5659 5880
3 5524 5514 5659
3 5880 2678 7082
3 7082 1954 5880
3 2430 472 5462
3 2430 5462 804
3 472 2430 327
3 6198 2529 4277
3 6198 4829 3533
3 4829 5245 3533
3 6198 4846 7144
3 6198 3533 6962
3 6095 6962 3341
3 5361 327 2072
3 7082 2567 4351
3 5361 4351 2567
3 4351 1954 7082
3 4351 3031 1954
3 7448 960 4954
3 1025 4868 326
3 4868 3731 326
3 4868 3577 3731
3 326 3731 3471
3 5095 840 5901
3 5095 5901 5870
3 5773 4206 5639
3 5124 7410 189
3 7520 5427 6089
3 6170 7540 7181
3 3025 7202 5088
3 7540 7324 1545
3 5010 6863 5278
3 3769 5278 6863
3 7332 368 7548
3 3127 1341 3850
3 6269 3850 965
3 4901 2578 5856
3 7526 4113 4200
3 1998 5307 4113
3 1998 597 2633
3 597 6644 2633
3 3306 2633 1187
3 1575 3306 1187
3 1187 7162 1575
3 7162 3631 3460
3 7162 3460 277
3 3631 5226 3460
3 3460 5226 5940
3 5940 5048 3460
3 1401 3005 3931
3 3005 3891 4520
3 3005 4520 765
3 765 4520 508
3 4520 5048 1440
3 1440 5048 245
3 1440 5833 2392
3 1440 2392 508
3 5833 1277 1524
3 1524 1277 4705
3 5833 4185 7250
3 2445 6251 4641
3 6251 4469 4641
3 4641 4469 6133
3 6133 4469 6645
3 33 3588 5389
3 4205 4801 1943
3 2778 1943 4801
3 4032 4801 4205
3 1400 6658 4032
3 1400 4225 6658
3 5391 6613 4514
3 4514 6613 5284
3 4514 6615 1231
3 5909 5310 5508
3 6304 5310 2947
3 4544 5744 2948
3 3349 3789 2948
3 6290 2948 3789
3 6290 3789 4760
3 4794 6290 4760
3 4760 3789 6958
3 6958 6214 4760
3 4760 6214 1005
3 1005 6214 4041
3 1005 4041 2578
3 5856 4041 465
3 2161 465 4041
3 465 7350 5856
3 2161 6892 640
3 1186 640 742
3 1186 3850 6269
3 6290 4794 6517
3 6517 5906 6290
3 4794 4901 6517
3 6290 5906 4544
3 5906 3798 4335
3 4335 3798 2229
3 1575 7162 2603
3 2603 1401 7239
3 4111 305 7239
3 4111 1785 305
3 1785 4111 4905
3 4157 4905 6099
3 3931 4905 4111
3 3221 3931 765
3 3931 3005 765
3 4641 2392 2445
3 4905 3221 6099
3 6099 6133 1002
3 5389 6728 1040
3 1040 6728 4157
3 6728 3159 4157
3 3159 4688 4335
3 4335 4688 71
3 4335 71 4544
3 71 4688 69
3 71 69 4544
3 69 4688 7025
3 5744 69 7025
3 7025 6728 4824
3 2778 5909 5508
3 7025 5508 6304
3 3159 4335 2229
3 3127 3850 742
3 1975 5686 3328
3 5686 7272 6885
3 6172 6879 413
3 7526 387 506
3 506 387 6561
3 3558 5977 6581
3 7112 6292 6783
3 2954 5352 6040
3 6040 5352 6303
3 6546 2769 6633
3 7114 6633 2769
3 754 7532 5139
3 7370 6185 5459
3 5298 3181 1195
3 1195 3181 4558
3 4558 1821 1195
3 3913 3890 7501
3 7501 546 3913
3 5756 4817 5987
3 364 7362 1365
3 1365 7362 4584
3 1747 4584 7362
3 1747 7362 3050
3 1747 1406 4584
3 6630 6911 7070
3 6378 4825 530
3 687 7305 3645
3 5460 5625 6431
3 7146 5726 1225
3 7574 5719 4398
3 1551 7484 3263
3 806 4100 1735
3 7047 6651 2406
3 5841 7075 6254
3 5841 6254 4536
3 4993 4536 6260
3 4993 3311 4665
3 293 2006 5120
3 5198 1741 1405
3 1959 1405 2611
3 2194 1570 6186
3 1570 2358 7545
3 6572 3317 3527
3 3527 6240 6582
3 7177 4882 1723
3 2582 5845 551
3 5845 5968 4243
3 5564 450 1854
3 1139 3481 3296
3 5668 5902 643
3 643 5902 6311
3 6724 6569 4845
3 6569 6724 6878
3 4933 6276 7013
3 127 7515 2163
3 4961 4012 6724
3 6631 5783 4440
3 3852 6631 4440
3 3337 171 7271
3 1263 171 3337
3 1263 3337 3852
3 7271 6070 169
3 6070 171 1263
3 7271 171 6070
3 3582 1738 6070
3 3582 6070 2104
3 2104 6070 7363
3 7363 4585 2104
3 2190 5020 6241
3 7241 6664 2096
3 6241 7241 2096
3 7287 283 7241
3 6681 7241 5729
3 766 7287 7241
3 766 7241 6681
3 3540 6631 2553
3 6631 3540 3844
3 3081 231 1010
3 3081 1010 1075
3 1075 1010 2011
3 1075 2011 2322
3 2233 5627 128
3 2553 5627 2011
3 2011 5627 2322
3 2322 5627 2233
3 5273 7048 7271
3 7271 7048 3665
3 7271 3665 3337
3 3467 5273 7271
3 169 3467 7271
3 3720 6350 5286
3 3720 5286 2495
3 3720 2495 6662
3 5666 6662 2495
3 5666 2495 4089
3 4089 2495 7411
3 4585 2418 7411
3 7334 7411 2418
3 7339 7334 2418
3 7339 2418 4585
3 7339 4585 1789
3 4246 6407 1623
3 1623 6407 7339
3 5020 7339 1789
3 1623 7339 5020
3 4715 4246 1623
3 1623 2190 4715
3 2190 1623 5020
3 881 4715 4368
3 1289 1964 1787
3 1964 1289 4080
3 6311 5902 766
3 766 5902 7287
3 7317 5668 5267
3 2240 3849 4439
3 92 4439 3140
3 3140 4439 3381
3 3381 4439 3849
3 2448 6142 587
3 2448 1075 4090
3 1075 2448 587
3 1075 587 3081
3 7247 5222 4583
3 7247 4583 3007
3 3007 4583 4090
3 2448 4090 4583
3 2448 5222 6142
3 5222 2448 4583
3 5155 4289 249
3 249 4289 3007
3 5944 249 3007
3 5944 3007 5685
3 6699 5155 249
3 6699 249 5944
3 5040 134 1154
3 5040 1154 467
3 2861 467 5892
3 4458 3056 2483
3 2483 3056 2017
3 1540 2483 2017
3 5415 7048 5273
3 1919 5415 5273
3 1919 5273 3467
3 6126 7208 1919
3 3737 2116 4465
3 4465 2116 1452
3 4465 1452 6662
3 1883 4465 6662
3 1883 6662 1806
3 6505 4739 233
3 7357 6505 233
3 1595 7357 4258
3 1595 4258 5733
3 5733 4258 2967
3 5666 4089 4258
3 6442 5374 5733
3 5374 6442 5033
3 6995 6442 5733
3 1595 5733 5374
3 4510 6442 3780
3 3780 6442 6995
3 7339 6407 7334
3 6284 5541 4957
3 881 6284 4957
3 881 4957 4715
3 6229 6284 629
3 2008 6229 629
3 6284 5345 629
3 629 5345 2008
3 5169 3273 5345
3 5620 5723 4958
3 3381 4397 6430
3 6104 4397 3381
3 3381 6430 7317
3 6430 4397 5620
3 7238 4648 4893
3 3849 2240 4823
3 7152 4823 4209
3 6579 4209 2004
3 6142 2004 2240
3 2240 2004 4209
3 2240 4209 4823
3 5222 6579 2004
3 5222 2004 6142
3 7247 6579 5222
3 6579 7247 5846
3 1155 5 5746
3 1996 5746 4658
3 1996 4658 5285
3 4658 5746 5
3 4438 6915 1825
3 4438 1825 6699
3 5155 6699 1825
3 2256 6699 5944
3 2256 5944 5040
3 3054 5040 2861
3 3054 2256 5040
3 5892 1909 2861
3 467 2861 5040
3 6032 549 762
3 4458 6032 762
3 3777 3534 6359
3 5415 2634 5404
3 6678 2166 1603
3 2546 7208 6126
3 5533 4179 5323
3 672 6187 3737
3 672 3737 7087
3 4000 6187 672
3 4000 672 7087
3 3834 7087 1883
3 3834 1883 828
3 6505 5799 4049
3 916 5832 2908
3 6946 5832 5374
3 5033 6946 5374
3 5374 5832 3093
3 2355 6946 5033
3 6574 4510 2421
3 2421 4510 3780
3 7555 2421 382
3 2421 7555 6574
3 2337 7555 382
3 5402 4797 7555
3 5402 7555 2337
3 7481 5402 6423
3 7481 6423 5541
3 1055 5541 6423
3 1055 6423 2059
3 4957 5541 1055
3 2059 5260 4957
3 2059 4957 1055
3 5068 5039 5707
3 752 5722 2994
3 752 2994 441
3 1771 1879 270
3 1155 5746 6970
3 6970 5746 4226
3 4992 7247 6970
3 4992 6970 7238
3 4992 7238 1327
3 4893 1327 7238
3 1327 4893 7152
3 4992 1327 7152
3 5846 7152 4209
3 6579 5846 4209
3 4992 7152 5846
3 7247 4992 5846
3 7462 1879 1771
3 4775 7462 4669
3 1771 4669 7462
3 688 3076 5285
3 6915 4438 3054
3 3054 2861 6915
3 3054 4438 6699
3 3054 6699 2256
3 2410 3076 688
3 2410 688 5360
3 2900 6249 3076
3 2900 3076 5972
3 2275 5972 2410
3 2275 2410 228
3 2410 5972 3076
3 7198 4787 2275
3 4787 5972 2275
3 4787 7198 5784
3 2055 7434 6647
3 6323 6695 7557
3 3986 5871 7557
3 1393 1668 3119
3 2946 5533 3816
3 5533 2946 4179
3 5570 4571 4382
3 6558 5570 3867
3 3867 5570 4382
3 6114 7257 4382
3 5963 7257 2454
3 2454 4000 3589
3 4000 2454 7257
3 5504 619 6281
3 6817 6281 619
3 6817 619 3589
3 2454 3589 619
3 2454 619 5504
3 7308 1378 7430
3 7430 1378 1411
3 3048 3706 7308
3 3048 7308 7430
3 7496 3301 658
3 7496 658 3048
3 658 3706 3048
3 6056 3706 658
3 6056 658 3301
3 7496 3048 4718
3 2908 5193 7496
3 916 2908 7496
3 916 7496 4718
3 2908 3364 5193
3 5832 3364 2908
3 5832 6946 3364
3 3364 6946 5739
3 1854 450 5062
3 358 5720 921
3 6194 6933 1311
3 5160 2257 373
3 2174 1116 5039
3 2078 2174 5052
3 2174 2078 6316
3 4154 6316 2078
3 4154 2078 5052
3 7490 5052 1676
3 2670 7490 1487
3 1487 7490 4210
3 909 1487 4210
3 909 4210 5410
3 1593 6499 5546
3 6499 1593 5410
3 7156 5546 6499
3 3069 7156 6499
3 3069 6499 752
3 7564 7156 3069
3 7564 7462 4339
3 5373 4339 3225
3 5373 3225 5330
3 4105 6687 460
3 4105 460 1537
3 4105 1537 3596
3 3984 7380 1918
3 4266 1918 4787
3 4787 1918 2624
3 2624 7380 4763
3 7380 2624 1918
3 4787 5784 4266
3 5972 4787 2624
3 5972 2624 4763
3 3298 2780 4266
3 3360 7029 1216
3 3360 1216 5727
3 5727 1216 1684
3 2746 1684 7434
3 7434 1684 3262
3 3262 1684 1216
3 3262 1216 7029
3 5319 323 6323
3 5416 5727 323
3 5416 323 5319
3 2746 6323 1684
3 1684 6323 323
3 1684 323 5727
3 5319 6323 7557
3 927 6110 5871
3 6110 1105 5871
3 7557 5871 1105
3 5328 3879 927
3 5328 927 2127
3 927 3879 6110
3 3879 5328 6636
3 6636 3336 6678
3 6636 6678 1606
3 1606 6678 3229
3 5328 3336 6636
3 4832 4651 6636
3 1606 4832 6636
3 3879 6636 329
3 3879 329 3432
3 329 6636 4651
3 4832 1606 3229
3 3432 329 3995
3 3995 4651 7097
3 4832 7097 4651
3 4651 3995 329
3 3995 7097 7227
3 2041 7097 4832
3 2041 4832 7222
3 7227 7097 6529
3 6529 7097 2041
3 3861 6529 2041
3 4274 4148 1736
3 2740 5886 7485
3 2509 2740 7485
3 2509 7485 3730
3 165 5299 2035
3 165 2035 5963
3 165 5963 5504
3 5299 5504 6281
3 3998 2898 1530
3 3998 1530 2247
3 2247 1530 2239
3 3035 3218 2239
3 7308 3035 6817
3 7308 5375 1556
3 5375 7308 3706
3 4117 7006 1291
3 4362 4117 6056
3 6056 4117 1291
3 6056 1291 5375
3 3301 4178 6056
3 4362 6056 4178
3 2000 4178 5193
3 7349 3455 2715
3 2584 5021 5660
3 6090 7281 7184
3 7281 6090 5594
3 5144 6956 2458
3 6956 3230 3953
3 5144 3230 6956
3 5053 2458 6956
3 5053 6956 5331
3 5331 6956 3953
3 7212 2458 5053
3 5720 7212 5053
3 5720 5053 5331
3 7010 1333 6412
3 1426 1057 4265
3 6412 1426 3930
3 3930 1426 4265
3 4796 5177 4596
3 3930 4596 5177
3 2437 2732 4796
3 2437 4796 5099
3 5099 4796 3753
3 4487 2732 2437
3 6316 63 5099
3 5287 1588 3125
3 3397 1588 5287
3 5894 2377 3137
3 2377 4197 3137
3 3397 3137 4197
3 3397 5287 3137
3 2310 2377 5337
3 5337 2377 5894
3 5884 5337 6383
3 2670 5337 5894
3 1487 6383 2670
3 932 4034 729
3 729 4034 5817
3 5817 4034 4674
3 5817 4674 3825
3 6932 729 5817
3 6932 5817 6477
3 3015 6477 5384
3 3015 5384 2973
3 5384 6477 3825
3 3825 6477 5817
3 909 5384 3825
3 3454 5654 6826
3 2260 174 6826
3 2260 6826 7479
3 7156 7564 5472
3 4984 7564 7073
3 5713 3561 1804
3 1804 3561 5373
3 7120 5373 5330
3 2281 7120 514
3 2281 514 4694
3 2281 4694 7117
3 4694 514 5330
3 5365 6366 452
3 5365 452 6456
3 5496 2618 3513
3 5496 3513 6788
3 5496 6788 1727
3 6369 6788 7380
3 6369 1727 6788
3 7380 6788 1469
3 6369 7380 2846
3 2846 7380 3984
3 7201 2846 3984
3 5493 7201 4262
3 2169 4262 1102
3 2169 1102 6483
3 2169 6483 3165
3 6483 1102 3940
3 2224 3765 6483
3 2224 6483 4146
3 1602 3765 2224
3 1246 1602 2224
3 1246 2224 4611
3 4611 2224 4146
3 7569 5145 6207
3 7494 6207 5145
3 4314 6620 7569
3 7569 281 4314
3 1241 4314 281
3 3402 4720 4143
3 138 6372 339
3 138 339 3360
3 138 3360 5727
3 3182 3360 339
3 3995 7227 3432
3 3432 7227 4643
3 6226 4973 6529
3 6529 4973 7227
3 780 6684 5179
3 780 5179 6362
3 6362 1930 2724
3 1930 6362 5179
3 4148 1930 5179
3 4148 4274 2724
3 4148 2724 1930
3 4599 5688 2638
3 2638 5688 1763
3 2638 1763 5043
3 2432 695 959
3 2432 959 5960
3 2432 5960 6380
3 5960 5076 6380
3 7276 3830 5076
3 7276 5076 6663
3 5960 6663 5076
3 1240 3666 3998
3 1240 3998 2247
3 6496 3666 1240
3 6496 1240 7482
3 2052 3228 6993
3 2052 6993 1892
3 7482 6993 3228
3 5164 1892 6993
3 5164 6993 5289
3 7482 5289 6993
3 3375 3228 2052
3 3375 2052 5163
3 5163 3956 6354
3 3956 5163 2052
3 3089 6436 1639
3 4922 5164 5289
3 5164 7232 187
3 4882 7177 7232
3 4922 4882 7232
3 4882 4922 7006
3 1723 4882 7006
3 4117 1723 7006
3 1723 4026 7177
3 4026 1723 4117
3 4026 4117 3455
3 5058 1176 5021
3 6090 2938 2314
3 5594 6090 2314
3 5106 2938 6090
3 5106 6090 7184
3 5660 5594 2314
3 5660 2314 2938
3 1512 6075 3047
3 6410 2188 1512
3 6410 7610 1290
3 5171 1512 3047
3 5388 7610 5171
3 5388 5171 462
3 6497 1333 7010
3 6582 6497 7010
3 6582 7010 2942
3 1448 3764 5177
3 5177 3764 7010
3 91 3764 1448
3 91 1448 6804
3 3397 1916 1588
3 6964 1588 1916
3 5732 3397 4197
3 3397 5732 1812
3 5732 4197 3379
3 1306 2719 5664
3 4847 7246 7570
3 6342 7570 7246
3 6242 1962 6342
3 6242 6342 7246
3 6242 7246 5862
3 5862 7246 6541
3 5862 6541 4369
3 4034 4369 6541
3 932 4369 4034
3 5186 4369 932
3 6058 5186 932
3 2309 3616 2538
3 2309 2538 2557
3 6932 2538 3616
3 2557 2538 4646
3 2557 4646 6491
3 4646 2538 6932
3 3015 4646 6477
3 6932 6477 4646
3 4646 3015 6491
3 6491 3015 2973
3 6920 2697 1210
3 6145 6920 1210
3 6145 1210 2557
3 2557 1210 2309
3 2309 1210 2697
3 2557 6491 6145
3 6670 6920 2872
3 6670 2872 4024
3 6145 2606 2872
3 6145 2872 6920
3 357 2872 6826
3 6826 2872 3454
3 2260 3196 174
3 3196 2260 4630
3 3196 4630 2959
3 2959 4630 4767
3 4630 2260 7479
3 6094 4630 7479
3 6094 7479 415
3 6118 4923 4984
3 6118 4984 7073
3 1527 5200 1717
3 5200 5713 1804
3 5200 1804 7120
3 5373 7120 1804
3 2500 2797 699
3 2500 699 7120
3 7120 699 5200
3 5200 699 262
3 262 699 2797
3 6023 2500 2281
3 6023 2281 7117
3 7120 2281 2500
3 6366 2797 6023
3 6366 6023 7117
3 7392 6513 3095
3 7392 3095 6120
3 6456 4415 5365
3 1920 2293 5044
3 1920 5044 1842
3 1842 5044 6654
3 5968 6654 5044
3 3424 3869 1842
3 3869 2958 1842
3 6654 3424 1842
3 4830 6654 2582
3 5742 5496 1727
3 2592 5742 6369
3 6369 5742 1727
3 2592 6369 3299
3 3299 6369 2846
3 3299 2846 7201
3 3367 2592 3299
3 3367 3299 5493
3 5493 3299 7201
3 4262 3145 5493
3 5493 3145 3367
3 3165 6971 2169
3 4262 2169 6971
3 6971 1073 1278
3 5765 6971 3165
3 4769 674 6971
3 4769 6971 5765
3 6971 674 1073
3 1073 674 3134
3 1073 3134 2203
3 3517 674 4769
3 3507 1602 1246
3 2209 6150 7494
3 2209 7494 7504
3 161 7494 6150
3 161 6150 3845
3 6150 2209 2683
3 2683 2209 66
3 4077 66 7504
3 7504 66 2209
3 5051 5145 7569
3 7486 3538 4858
3 3116 4858 3538
3 6620 4314 1474
3 7085 1248 1648
3 1648 1248 3613
3 3613 1248 6730
3 4143 1648 3402
3 2242 7085 719
3 719 7085 4143
3 1568 1582 3925
3 1582 1568 6372
3 2742 2822 2587
3 2822 2742 5537
3 5537 2742 7085
3 6289 780 6362
3 5453 6289 6362
3 2474 6564 800
3 1026 0 3619
3 1026 3619 3322
3 3979 3619 667
3 667 3619 0
3 5136 3619 3010
3 3010 3619 3979
3 3619 5136 3322
3 656 3010 2638
3 2638 3979 4599
3 3979 2638 3010
3 4631 6088 3981
3 3779 2274 1783
3 5583 186 6141
3 3228 5583 6141
3 5583 3375 7284
3 7284 3375 5163
3 4897 7284 5163
3 4897 5163 6263
3 6354 1639 4591
3 5587 4904 6371
3 5058 5587 1176
3 5469 3243 1028
3 5798 6624 7307
3 2940 7307 7562
3 7341 4838 5757
3 3526 5023 1576
3 6360 2611 1741
3 1741 2611 1405
3 2611 6937 6204
3 6937 2611 6360
3 6445 1959 6204
3 6186 6445 6410
3 6186 6410 2194
3 6410 6445 6204
3 2025 7326 4725
3 882 3450 3449
3 6823 7326 2856
3 1690 5096 4663
3 1690 5253 7545
3 5253 1690 4663
3 1812 5732 5253
3 7545 5732 2785
3 2716 7545 2723
3 2723 7545 2785
3 2723 2341 1849
3 1849 2716 2723
3 1849 2341 4417
3 4417 566 1959
3 566 4417 2341
3 1509 2341 2723
3 1959 566 1405
3 5198 1405 566
3 5198 566 2341
3 5198 2341 1509
3 2112 5198 334
3 4475 306 334
3 4475 334 1306
3 1306 334 2719
3 3951 4475 3231
3 5664 376 5437
3 4132 4877 2297
3 1758 2297 4877
3 4132 2297 5646
3 6166 5646 2297
3 5138 2664 7458
3 5138 7458 7176
3 5138 7176 3566
3 2959 2675 3196
3 2675 2959 7176
3 250 7158 2675
3 5091 250 3359
3 3359 250 2675
3 6342 7176 7458
3 6342 7458 7570
3 6108 7158 250
3 6108 250 5091
3 5157 6108 6766
3 6766 6108 1719
3 1719 6108 5091
3 1719 5091 5614
3 6766 5149 5002
3 5149 6766 1719
3 5862 4260 6242
3 1962 6242 5149
3 5149 6242 4260
3 5149 4260 5002
3 5002 4260 4633
3 4260 5862 4633
3 4633 3809 5002
3 3809 4633 5862
3 48 5002 3809
3 48 3809 5186
3 5186 3809 4369
3 2246 6031 1
3 2246 6987 6031
3 3743 6987 6058
3 6058 6987 2246
3 3743 2697 3347
3 3347 2697 6920
3 6670 3347 6920
3 5302 6670 4024
3 5157 5302 4024
3 6031 7431 2381
3 7431 5302 5157
3 6766 2381 7431
3 6766 7431 5157
3 3347 5302 6987
3 3347 6987 3743
3 6670 5302 3347
3 415 4245 6094
3 3227 5758 6118
3 7073 3227 6118
3 6756 1895 3910
3 3674 1895 3227
3 3227 1895 6756
3 1895 377 3910
3 3910 377 1358
3 377 1895 3674
3 5806 2371 631
3 5806 631 1227
3 4927 6908 5121
3 4927 5121 4237
3 5121 6908 2622
3 2622 4999 2006
3 2622 2006 5121
3 5121 2006 1460
3 5120 2006 4999
3 6157 5120 2646
3 2646 5120 4999
3 2402 5120 6157
3 2402 6157 7392
3 6120 2402 7392
3 7258 1027 7553
3 7553 1027 1915
3 1915 1027 1762
3 2028 1762 7474
3 7474 1762 1027
3 7474 1027 7258
3 5044 1465 4415
3 7553 1465 5018
3 5018 1465 2293
3 2293 1465 5044
3 5968 5044 4415
3 4415 1465 5365
3 5365 1465 7553
3 7258 7553 6567
3 3801 6567 5018
3 5018 6567 7553
3 3003 7258 6567
3 3490 3003 4608
3 4608 3003 6567
3 5031 3869 4891
3 3869 5031 2243
3 2243 5031 3828
3 6254 7075 7063
3 4891 246 1740
3 1740 246 6254
3 4536 6254 246
3 4536 246 6260
3 246 4891 6260
3 6979 6260 3732
3 6979 4993 6260
3 3311 4993 6979
3 3311 6979 2100
3 2614 3192 2513
3 2614 2513 3311
3 3367 3192 2614
3 7390 7424 3192
3 1656 7424 7390
3 2203 4686 7390
3 1656 7390 4686
3 1656 4686 7075
3 504 7075 4686
3 2203 504 4686
3 5246 5364 4744
3 7572 5364 5246
3 5656 7572 5246
3 5656 5246 4744
3 954 5656 4744
3 6425 4569 4764
3 6425 4764 6150
3 6150 4764 3845
3 1272 6425 2683
3 1272 2683 4803
3 4077 4803 66
3 66 4803 2683
3 4149 3987 1272
3 1272 3987 6425
3 271 3987 4149
3 1272 4803 4149
3 7141 271 4149
3 1887 4149 4803
3 7484 1750 4286
3 1750 6721 4286
3 7484 4286 3504
3 6651 4286 1887
3 1887 4286 4149
3 4149 4286 6721
3 4286 6651 3504
3 7047 3504 6651
3 7504 3461 4077
3 5182 7486 6769
3 2258 6769 7486
3 2258 7486 2874
3 4858 4863 7213
3 7486 4858 7213
3 1059 6128 5712
3 4703 4863 6128
3 6128 1059 2272
3 2272 1059 5312
3 2272 5312 5624
3 5312 1059 5712
3 5712 6128 4863
3 6128 7128 860
3 860 7128 2963
3 5624 7128 2272
3 2272 7128 6128
3 7174 6834 5312
3 7174 5312 2057
3 2057 5312 5712
3 6730 7174 2057
3 1971 1678 2380
3 1971 2380 5708
3 5708 2380 1730
3 7457 1971 5708
3 6001 7457 4629
3 4629 7457 5708
3 2742 2587 4379
3 4629 4379 2587
3 4586 6250 6059
3 6250 4586 874
3 6761 6059 6250
3 5453 6761 6289
3 6289 6761 2822
3 2822 6761 2587
3 2587 6761 6250
3 3129 3373 7058
3 2051 3129 7058
3 4959 7058 3373
3 4997 3373 3129
3 4997 3129 3322
3 1026 3322 3129
3 1026 3129 2051
3 1984 4997 2384
3 1984 2384 2961
3 4538 5844 7472
3 3644 7472 3859
3 4982 7062 2737
3 4982 2737 5770
3 3243 5469 7355
3 3226 5469 1757
3 5803 1757 1703
3 1703 1757 5469
3 1558 7522 7307
3 7307 7522 5798
3 4512 5170 2940
3 5109 4512 5230
3 5230 4512 1772
3 5230 1772 4504
3 1772 2940 7562
3 2940 1772 4512
3 7254 4504 7562
3 7562 4504 1772
3 4504 7254 5106
3 4504 5106 6352
3 4504 6352 5230
3 7184 3763 5106
3 5106 3763 6352
3 1628 5230 6352
3 1628 6352 7341
3 7341 6352 3763
3 7341 3763 4838
3 5090 7341 5023
3 2266 7341 5090
3 2266 5090 2771
3 2266 2771 5109
3 6232 2771 588
3 6232 588 949
3 949 588 3441
3 6937 3441 5090
3 5090 3441 588
3 5090 588 2771
3 6232 949 801
3 4100 801 4451
3 4100 4451 1735
3 7498 7563 386
3 386 7563 199
3 5828 199 4353
3 6900 5828 7413
3 7413 5828 4353
3 7413 6221 4877
3 6221 7413 4353
3 6221 4353 3354
3 1479 5448 5695
3 5448 1479 7413
3 6900 7413 1479
3 4132 5695 5448
3 4132 5448 7413
3 702 5695 7092
3 7092 5695 4132
3 7516 7092 5646
3 5646 7092 4132
3 926 7516 6467
3 926 6467 5678
3 6467 7516 6166
3 6068 5678 6467
3 4053 6068 5945
3 6068 6467 5945
3 4053 5945 3171
3 3171 5945 3684
3 2601 6068 4053
3 1835 6321 3566
3 7374 6321 1835
3 7374 1835 2182
3 5557 6094 600
3 4785 5829 1381
3 5758 6472 1381
3 660 5758 1381
3 6472 5758 6756
3 6472 6756 5014
3 2775 6428 5014
3 5014 6428 6472
3 6061 5034 2775
3 6061 2775 5014
3 7017 5034 6061
3 6870 6061 2530
3 2530 6061 2686
3 5014 2686 6061
3 4078 5806 1227
3 3590 1218 4078
3 4166 3590 1227
3 1227 3590 4078
3 6666 7266 3590
3 6404 6666 45
3 45 6666 4166
3 4166 6666 3590
3 3960 3250 6563
3 3960 6563 4493
3 2420 15 7402
3 6563 15 4493
3 4493 15 2420
3 4994 3960 2301
3 4102 2301 7325
3 5854 6270 2030
3 5854 2030 3853
3 5854 3853 6553
3 5848 3853 5517
3 5848 1722 1340
3 5848 1340 6228
3 5848 6228 4531
3 1340 7474 7258
3 7474 1340 1722
3 2600 7146 1340
3 7258 2600 1340
3 1340 7146 6228
3 7377 3003 3581
3 3003 7377 2600
3 6468 7377 3581
3 5552 3603 4898
3 1886 6638 7261
3 5552 4898 6611
3 6611 6741 941
3 4293 6741 3997
3 5488 3997 6741
3 6474 5281 2387
3 5488 5281 6474
3 7081 4404 94
3 201 7081 7063
3 201 7063 5609
3 362 5609 7063
3 3828 7063 7081
3 6254 7063 1740
3 7572 5843 5609
3 7565 7572 5918
3 7199 6341 5492
3 7003 5492 6341
3 7003 6341 5918
3 3987 4704 5656
3 1083 6053 4704
3 5657 3217 7141
3 2842 1750 3401
3 3401 1750 7484
3 1750 2842 6721
3 5597 3401 7484
3 2258 7484 3504
3 2952 1551 3263
3 2952 3263 5128
3 2952 5128 7076
3 7585 6200 1613
3 6137 100 7128
3 2733 6753 6200
3 2733 6200 2038
3 2733 2038 100
3 2733 100 6137
3 100 2038 7128
3 6200 7128 2038
3 1586 3199 3682
3 3396 1586 3682
3 6001 1112 7457
3 4374 6785 1270
3 4374 1270 4586
3 2287 4374 4586
3 2287 986 4374
3 4374 986 6930
3 4374 6930 6785
3 2367 902 579
3 902 6930 579
3 2367 579 4217
3 6974 6930 902
3 6974 902 5366
3 5366 902 2367
3 4217 986 2287
3 986 4217 579
3 986 579 6930
3 6119 5366 2367
3 6119 2367 4217
3 6119 4217 1851
3 1851 4217 2287
3 6119 7400 7058
3 6119 300 3202
3 300 6119 7058
3 300 7058 4959
3 2207 6917 2803
3 2207 2803 5868
3 2207 5868 1761
3 5868 2803 159
3 4818 2608 4334
3 5175 7523 1245
3 1245 7523 1742
3 4818 1742 7523
3 4818 7523 2608
3 2608 7523 2177
3 3806 1245 1742
3 3759 3806 3747
3 3747 3806 1742
3 3747 1742 1087
3 2366 3806 109
3 2366 109 4522
3 109 3806 3759
3 6939 7062 2808
3 6939 2808 5135
3 4982 2808 7062
3 4982 6484 2808
3 7079 6484 4982
3 6484 2269 6875
3 4142 529 6215
3 3610 529 6875
3 6484 6875 529
3 6484 529 4142
3 6215 3610 6704
3 6704 3610 5151
3 5151 3610 6875
3 7382 6704 5151
3 2234 7382 5151
3 2234 5151 1757
3 2234 1757 3657
3 1757 5151 3226
3 3226 5151 6875
3 5458 7382 2234
3 1828 2296 5458
3 1828 5458 4656
3 4656 5458 2234
3 4656 2234 3657
3 1828 4656 6177
3 1828 1332 6726
3 1332 1828 6177
3 4623 1332 5277
3 5277 1332 6177
3 1332 4623 6726
3 5700 3877 5523
3 5523 3877 2766
3 1598 3958 3324
3 6888 5590 1598
3 6888 1598 5523
3 5523 1598 3324
3 5719 3958 1598
3 5719 1598 5187
3 5187 4398 5719
3 5704 4808 4985
3 4985 4808 7574
3 7574 4808 5704
3 2248 6693 4985
3 2248 4985 3146
3 5296 5081 5350
3 5296 5350 2252
3 3620 4002 1511
3 5223 1511 5507
3 3620 1511 663
3 3620 663 6236
3 5223 663 1511
3 5350 5507 1511
3 5350 1511 4002
3 5223 6531 663
3 3667 6531 5223
3 5507 7113 5223
3 5223 7113 3667
3 5351 7113 5507
3 5351 5507 2211
3 5351 2211 4509
3 5351 4509 7444
3 4509 5024 7444
3 4681 5024 4509
3 4681 4509 335
3 335 2211 5507
3 2211 335 4509
3 335 7498 849
3 4681 849 386
3 4681 386 5828
3 5828 5024 4681
3 7498 386 849
3 335 849 4681
3 2020 7444 2790
3 2020 2790 4970
3 5024 2790 7444
3 1237 590 3783
3 7113 3783 3855
3 3855 3783 590
3 3855 590 4970
3 4970 590 2020
3 2020 590 1237
3 2020 1237 7444
3 5217 3855 702
3 702 3855 5695
3 7113 7607 3667
3 3667 7607 6531
3 3783 5351 1237
3 1237 5351 7444
3 5351 3783 7113
3 7092 4979 5217
3 5217 4979 4939
3 3213 4939 3154
3 4194 3213 3154
3 4979 926 3154
3 4979 3154 4939
3 5678 4194 3154
3 5678 3154 926
3 2647 4194 5678
3 3070 2647 2002
3 2002 2647 5678
3 6068 2002 5678
3 7119 4086 6708
3 3968 4937 813
3 2800 1180 813
3 2800 813 4937
3 6149 1180 1223
3 1223 1180 2800
3 1223 4053 2812
3 3171 2812 4053
3 2601 4053 2800
3 2800 4053 1223
3 1223 2812 6149
3 6149 2812 6794
3 6794 2812 3171
3 104 6794 193
3 2977 7352 7374
3 2977 7374 1423
3 2977 1423 4054
3 4165 2977 4054
3 4165 4054 3009
3 3009 2589 4165
3 6520 6414 5408
3 6414 6520 3009
3 3009 6520 2589
3 6266 5408 6414
3 3235 7596 6870
3 2596 3235 6870
3 6870 5930 2596
3 2596 5930 6895
3 6870 2530 5930
3 1972 3235 2596
3 1972 2596 6642
3 6642 2596 6895
3 6737 7266 6666
3 6737 6666 6404
3 2651 6737 1323
3 7432 1323 149
3 149 1323 2668
3 2668 1323 6737
3 2668 6737 6404
3 6518 7432 149
3 2969 6518 2668
3 2969 2668 6605
3 2668 6518 149
3 2682 2969 6605
3 4919 4102 6859
3 6859 4102 3744
3 4102 4919 2301
3 2301 4919 4994
3 7325 3744 4102
3 6328 6927 4028
3 5272 6616 5137
3 2307 6616 6469
3 6469 6616 6377
3 6842 5854 2107
3 4855 5854 6842
3 3038 6880 7541
3 2731 7541 4319
3 5464 4319 6880
3 6880 4319 7541
3 5726 2731 1225
3 6228 1225 4319
3 6228 4319 156
3 2731 4319 1225
3 7146 1225 6228
3 1128 7146 7377
3 1128 5726 7146
3 6468 4996 7377
3 7377 4996 1128
3 1128 4996 5726
3 6532 6468 1791
3 7182 6532 2779
3 2779 6532 1791
3 3036 678 4326
3 4326 678 6649
3 6130 4326 5334
3 6280 5334 4326
3 6234 5551 6280
3 686 6280 3701
3 4293 2251 6234
3 5005 5382 523
3 523 5382 3282
3 523 3282 2302
3 5005 2302 4672
3 2302 5005 523
3 5706 4404 7081
3 5706 201 1894
3 201 5706 7081
3 5609 1894 201
3 2378 3500 7199
3 2142 6972 5916
3 5916 6972 2184
3 2142 5916 5648
3 5843 5916 2184
3 7199 2184 6972
3 3892 5648 5916
3 7572 3892 5843
3 5843 3892 5916
3 5064 5648 735
3 5064 735 2796
3 2796 735 5518
3 3892 5518 735
3 3892 735 5648
3 5897 2796 5518
3 7034 2796 5085
3 5085 2796 5897
3 7565 5085 7572
3 5085 5897 7572
3 7565 6341 1548
3 6972 1548 6341
3 6341 7565 5918
3 3704 1548 6972
3 3704 6972 5648
3 5648 6972 2142
3 1548 3704 4396
3 4396 3704 5064
3 5064 3704 5648
3 7034 4396 503
3 7565 4396 7034
3 7565 7034 5085
3 5064 7034 503
3 5064 503 4396
3 7565 1548 4396
3 2378 7199 5492
3 964 6840 2915
3 4372 2915 2743
3 2743 2915 6840
3 7315 7426 6576
3 3604 6576 2186
3 2253 7378 4346
3 2253 4346 7141
3 5657 7141 3604
3 3604 7141 4346
3 6087 3604 4346
3 7546 7076 3414
3 7076 7546 2952
3 2952 7546 1551
3 5879 7218 349
3 7218 1613 6435
3 6435 1613 6753
3 3794 7435 4575
3 3794 4575 6753
3 6137 3794 2733
3 2733 3794 6753
3 7305 2799 3393
3 1409 1796 7371
3 4507 1756 6036
3 4507 6036 4287
3 992 2192 6545
3 6545 2192 3040
3 6855 6545 3085
3 3847 6855 3085
3 6119 894 5366
3 4805 999 247
3 2207 1761 4805
3 2207 4805 6917
3 6917 4805 247
3 3709 6330 2884
3 3709 2884 1744
3 3709 1744 499
3 4055 1744 2884
3 6960 5509 5912
3 5509 6960 4344
3 7523 5912 5509
3 7523 5509 2177
3 2177 5509 2522
3 2522 5509 4344
3 5912 7523 5242
3 7523 5175 5242
3 5912 3637 6960
3 6960 3637 7206
3 3637 5242 5175
3 5912 5242 3637
3 5104 1813 4710
3 5104 4710 2992
3 5534 5104 2992
3 2178 7 1813
3 2178 1813 5104
3 2178 5104 4466
3 4466 5104 1711
3 6484 5135 2808
3 6431 4142 6215
3 6704 6431 6215
3 4142 6431 6484
3 1580 6484 6431
3 5460 6431 6704
3 6363 5460 6239
3 6726 6239 2560
3 2560 7382 5458
3 1828 6726 2296
3 2296 6726 2560
3 2296 2560 5458
3 4623 5747 6726
3 5478 3257 4594
3 5478 4594 2793
3 6682 4594 3257
3 5277 3877 5777
3 6682 5777 5185
3 5185 5777 3877
3 5237 6896 5185
3 5237 5185 5967
3 5967 5185 1565
3 1633 1476 5704
3 5704 1476 825
3 5704 825 5719
3 5719 825 5294
3 60 4043 1633
3 60 1633 3860
3 60 3860 5917
3 5296 2252 2632
3 5296 2632 1456
3 5296 1456 380
3 6293 500 1701
3 1701 2632 6754
3 2632 1701 500
3 6293 1701 6754
3 6293 6754 5022
3 2097 5022 6901
3 2097 6901 3970
3 6394 6592 1422
3 6394 1422 5409
3 5409 1422 1076
3 1076 1422 6945
3 6945 1422 6592
3 2148 5409 3620
3 3620 1076 6945
3 1076 3620 5409
3 7358 3223 6992
3 6000 3223 3784
3 2125 3784 7358
3 7358 3784 3223
3 1219 6000 3784
3 2493 336 4194
3 4194 336 1012
3 2647 2493 4194
3 2571 2783 2493
3 2571 2493 2647
3 7119 3961 7215
3 5538 5642 3961
3 5538 3961 5180
3 6507 5180 4201
3 4937 3968 1125
3 4937 1125 6708
3 181 2313 1478
3 181 1478 4696
3 3835 1478 2313
3 7513 1591 5283
3 5692 2352 7513
3 7513 673 5692
3 5692 673 2653
3 2653 673 5283
3 5283 673 7513
3 7352 5118 5567
3 3362 2032 5118
3 2788 1552 3362
3 3611 2788 3362
3 2788 3611 1560
3 3283 400 533
3 3283 533 1577
3 692 3648 3426
3 692 3426 5239
3 5239 1577 533
3 1577 5239 3426
3 5408 4231 5239
3 5408 5239 6520
3 533 6520 5239
3 995 4231 2562
3 2562 4231 5408
3 52 1273 4535
3 52 4535 3121
3 52 3121 509
3 3121 4535 6266
3 4707 3121 6266
3 2159 6381 3205
3 2159 3205 7131
3 5711 3205 6381
3 1972 6642 817
3 7131 817 6642
3 6895 2466 6642
3 4446 4719 1499
3 3326 4719 4446
3 3326 4446 7131
3 7432 3773 1323
3 1323 3773 2651
3 7376 2651 3773
3 5934 7376 3773
3 340 5934 7432
3 7432 5934 3773
3 3162 7432 3906
3 6518 3906 7432
3 1769 3162 5790
3 5790 3162 3906
3 5790 1781 1769
3 1769 1781 7384
3 6009 1781 1966
3 1966 1781 520
3 1966 520 2682
3 2682 520 2969
3 2969 520 5790
3 6518 2969 5790
3 5790 520 1781
3 6009 1966 4826
3 4826 1966 3260
3 3260 2682 4555
3 2682 3260 1966
3 7534 6009 4826
3 4655 331 1004
3 4313 7160 6616
3 6616 7160 5137
3 5137 7160 2623
3 5489 406 6566
3 5489 6978 6308
3 6646 2541 6469
3 406 6469 2541
3 2307 6469 5489
3 5489 6469 406
3 5756 2541 6646
3 5756 6646 1463
3 6842 1463 6646
3 5674 1463 2107
3 6842 2107 1463
3 7164 5674 6122
3 3038 7164 6122
3 5329 3856 6697
3 5329 6697 2126
3 2126 6697 5181
3 7541 5181 3038
3 2731 1699 7541
3 7541 1699 5924
3 391 6789 4726
3 5527 3480 7182
3 5527 7182 6649
3 5527 6649 7452
3 7471 5527 7452
3 3303 7452 678
3 3303 678 3036
3 4566 7452 3303
3 787 1299 1200
3 1200 1299 3036
3 793 3198 4094
3 3198 793 1200
3 3198 1200 3782
3 3881 4094 3198
3 3881 3198 1553
3 1553 3198 3782
3 5316 6130 5334
3 6280 5551 5334
3 7204 5334 5551
3 4942 3793 7204
3 2501 4942 7040
3 4903 1855 7447
3 4903 7447 5005
3 5005 7447 5382
3 1165 11 3692
3 1631 5119 5835
3 7535 964 6528
3 964 7535 6840
3 6840 7535 1631
3 6840 1631 5835
3 7364 3625 4834
3 1110 6653 1009
3 1009 2349 248
3 2349 1009 1279
3 1279 1009 6653
3 6653 1110 4834
3 4033 2349 1279
3 298 2349 4033
3 298 4033 1566
3 4033 1279 6653
3 2441 4033 2912
3 2912 7315 6576
3 7315 2912 6653
3 6653 2912 4033
3 6087 2441 2912
3 6087 2912 6576
3 3778 537 4603
3 3927 4603 6862
3 4603 3927 4137
3 84 3927 6862
3 2481 5667 3414
3 2481 3414 5959
3 6944 4087 6123
3 6123 4087 3294
3 3294 2481 5959
3 2481 3294 4087
3 4685 6123 3294
3 4685 3294 2363
3 3945 3571 930
3 3945 930 3693
3 1394 1310 6692
3 1394 6692 5792
3 2208 6692 3848
3 3673 2308 2821
3 3976 3026 5728
3 5728 3026 4261
3 4261 3026 2642
3 3976 5728 5983
3 720 645 5406
3 5406 645 4624
3 4624 264 1309
3 4624 4276 264
3 264 4276 914
3 4276 4624 1017
3 2558 2966 4276
3 1317 2558 5606
3 5606 2558 4276
3 1824 6333 4035
3 4035 6333 1045
3 6333 2558 1045
3 4035 1045 1317
3 2966 2558 6333
3 2558 1317 1045
3 1372 6333 6622
3 6622 6333 1824
3 992 6622 3071
3 6406 6855 7605
3 5948 7605 5176
3 2039 5176 2882
3 6397 1172 1480
3 1480 1172 4399
3 5114 1480 4399
3 5114 7502 1399
3 1302 5114 3709
3 1302 3709 499
3 3197 5114 1302
3 5041 3197 5768
3 5768 3197 6322
3 6322 3197 1302
3 4508 3465 5768
3 4508 5768 3304
3 5768 6322 3304
3 6309 4138 2262
3 2262 4138 4055
3 4138 6322 499
3 6322 4138 6309
3 6322 6309 3304
3 7089 6309 4052
3 4052 6309 2262
3 5255 7089 4052
3 5255 4052 7206
3 5255 7206 3637
3 2262 7206 4052
3 5255 3637 7286
3 1813 7414 4710
3 2992 4710 5255
3 5255 4710 7089
3 7089 4710 7414
3 2178 3812 7
3 309 3812 2178
3 309 2178 4466
3 3546 5478 2793
3 1244 2793 4594
3 2935 7595 5237
3 2935 5237 5967
3 3149 5967 1565
3 3377 136 3149
3 3377 3149 2278
3 3377 2278 7425
3 4460 5675 5662
3 3912 4460 1429
3 2802 6349 5653
3 1872 276 5653
3 1872 5653 6293
3 6293 5653 5766
3 6378 5978 636
3 6378 636 4825
3 4825 636 3999
3 530 4825 6063
3 3736 530 6063
3 1192 3736 6063
3 7503 1192 6063
3 1939 997 6989
3 7219 1939 6989
3 553 5409 2137
3 553 2137 4527
3 553 4527 6394
3 1986 6911 2137
3 5771 1986 6891
3 6891 1986 5409
3 5409 1986 2137
3 7358 6891 2125
3 5771 6891 7358
3 7070 5771 6992
3 6992 5771 7358
3 1881 5180 6507
3 6507 5979 1881
3 2711 6630 5957
3 6630 2711 5591
3 5369 5494 2482
3 5494 5369 3313
3 2482 2711 5957
3 2711 2482 5494
3 1161 5369 2482
3 7412 1161 2482
3 7412 2482 5957
3 6313 4134 1191
3 2218 1191 4134
3 2218 4134 6668
3 7373 4330 6313
3 4134 6313 4330
3 5502 7373 6313
3 1406 5692 1552
3 1552 5692 3362
3 3362 5692 2653
3 3362 2653 2032
3 4584 1406 5235
3 5235 1406 1552
3 6790 5235 2788
3 6790 2788 1560
3 2788 5235 1552
3 3426 6790 3283
3 4827 5235 6790
3 4827 6790 3426
3 1577 3426 3283
3 1365 4584 4827
3 1365 4827 4011
3 6347 3258 3206
3 2340 6347 3206
3 2340 3206 4285
3 2340 4285 2650
3 1224 6387 6612
3 1224 6612 2897
3 1224 2897 1148
3 1148 2897 1497
3 995 1148 692
3 995 692 4231
3 692 1148 3648
3 1852 5681 1224
3 52 1852 1273
3 1273 1852 1224
3 5168 7372 2159
3 2836 5168 6799
3 2836 6799 7455
3 5098 7455 6799
3 5325 7455 5098
3 7122 5098 4446
3 7122 4446 1499
3 7122 1499 3681
3 4446 5098 295
3 6415 4323 7376
3 3498 5934 1427
3 5934 3498 6415
3 5934 6415 7376
3 365 6557 2823
3 365 2823 7384
3 3162 1769 2823
3 7384 2823 1769
3 5734 365 1692
3 1692 365 7384
3 3084 1692 1236
3 1236 1692 7384
3 1236 7384 451
3 7534 6135 3331
3 7100 1899 4592
3 4592 1899 6711
3 5456 1899 7100
3 5456 7100 1326
3 1415 4587 5055
3 5805 1415 2927
3 1415 6480 2927
3 1415 5055 6480
3 6986 5805 2927
3 6978 7338 6986
3 1862 6986 7338
3 5489 7338 6978
3 3824 6978 2927
3 2927 6978 6986
3 5489 6566 7338
3 4975 1862 7338
3 4975 7338 6506
3 2455 6440 3856
3 2455 2660 2860
3 2660 2455 6537
3 6537 2455 3856
3 2273 5543 2660
3 2273 2660 244
3 244 2660 6537
3 476 2273 244
3 476 244 2476
3 476 2476 5837
3 2476 244 6537
3 3041 4765 2476
3 3041 2476 6537
3 5837 2476 4765
3 4765 3386 6405
3 1891 3386 2754
3 2754 3386 3041
3 2754 3041 5329
3 3041 3386 4765
3 5271 2754 2126
3 2126 2754 5329
3 5181 5271 2126
3 1124 5271 5181
3 3203 1206 401
3 401 1206 3407
3 1046 3203 4455
3 4455 3203 6789
3 6789 3203 401
3 6789 2434 4455
3 6072 6745 7471
3 912 4677 7471
3 6072 7471 4677
3 2327 3923 787
3 6924 4488 4114
3 7170 7348 4783
3 4605 671 5619
3 671 4783 5619
3 4605 1800 671
3 2026 4605 5619
3 3881 5619 4783
3 3881 4783 4094
3 4783 671 1800
3 2369 2026 5619
3 3881 1553 5619
3 5619 1553 2369
3 4747 2026 3051
3 4747 3051 4682
3 4747 4682 2889
3 5316 3051 2026
3 2105 5976 3051
3 5976 4682 3051
3 2105 3051 5316
3 5316 5334 2105
3 2105 5334 7204
3 5976 1861 4682
3 2889 4682 1861
3 7204 1861 7604
3 7604 1861 5976
3 6018 2889 1861
3 6018 1861 3767
3 3767 1861 7204
3 7316 3767 3793
3 4204 7353 7316
3 4204 7316 5796
3 5796 7316 7393
3 5796 145 3654
3 5796 3654 4204
3 3654 3 4204
3 1936 2805 2063
3 1936 2063 3
3 1936 3 3654
3 145 5796 7393
3 2063 4204 3
3 3066 2903 7447
3 4870 3066 7464
3 7464 3066 7447
3 7464 7447 388
3 388 7447 1855
3 7464 388 6037
3 6217 5119 1631
3 5234 5905 2975
3 6345 5881 778
3 6345 778 6953
3 6953 778 7489
3 6953 7489 5715
3 7535 6345 6953
3 778 4911 7489
3 7535 6953 7329
3 7329 6953 5715
3 5881 4911 778
3 5690 5881 6345
3 7364 5690 6345
3 3126 5881 5690
3 5690 6994 2704
3 6994 5690 7364
3 1009 7165 777
3 777 6994 1110
3 1110 6994 7364
3 7165 1009 248
3 1009 777 1110
3 4834 1110 7364
3 777 7165 6994
3 5027 541 4444
3 1566 858 298
3 3778 858 1566
3 3778 1566 537
3 1713 3778 4392
3 4137 6027 4392
3 6503 7609 3252
3 6503 3168 7590
3 3252 3168 6503
3 4819 3168 2828
3 2828 3168 4147
3 490 2828 913
3 913 2828 4147
3 2573 2709 139
3 2573 4685 6140
3 6140 4685 2363
3 1461 6123 139
3 139 6123 4685
3 139 4685 2573
3 4731 2573 1092
3 1092 2573 6140
3 4478 6140 2363
3 2709 2573 4731
3 4615 4513 1092
3 4615 1092 2750
3 1092 6140 2750
3 2750 6140 4478
3 4820 4615 5873
3 5873 4615 2750
3 5873 2750 2213
3 2213 2750 1310
3 160 2213 5792
3 5792 2213 1394
3 1394 2213 1310
3 2060 5873 2213
3 2060 2213 160
3 1534 1453 333
3 2547 1534 333
3 7501 3775 1759
3 2498 2904 3775
3 2498 3775 4081
3 5166 2904 2498
3 2208 2749 2498
3 6692 2208 2498
3 6692 2498 4081
3 2749 2308 5166
3 546 7501 1759
3 3556 546 6333
3 3556 6333 1372
3 6333 1759 2966
3 1759 6333 546
3 7084 3913 3556
3 1843 4290 6406
3 7084 4290 1843
3 3286 7084 1843
3 2039 7530 5948
3 2039 5948 5176
3 5769 7530 6703
3 3131 6300 6703
3 1927 5041 3264
3 5041 1927 2865
3 2865 1927 7150
3 3465 3264 5041
3 5768 3465 5041
3 5041 107 3197
3 3197 107 430
3 3197 430 5114
3 6004 3515 3435
3 6004 3435 2544
3 6004 2544 2036
3 4403 802 6004
3 4403 6004 4508
3 4508 6004 2036
3 3857 1345 5900
3 3811 3857 5900
3 3811 5900 7188
3 7549 3187 2018
3 2270 7037 3307
3 3569 7037 2270
3 3187 2270 3307
3 3392 3569 2270
3 3187 4777 2270
3 2270 4777 3392
3 4498 4777 7549
3 3187 7549 4777
3 6797 5891 7037
3 7550 6797 1950
3 5891 6797 4308
3 6854 2336 7051
3 4308 2336 6854
3 4308 6854 5891
3 2745 5891 6854
3 7051 2336 6860
3 6860 2336 1760
3 1760 2336 4308
3 6801 7527 4551
3 1994 6801 4551
3 4551 1466 4085
3 4085 1466 7550
3 4135 1994 4551
3 4135 4551 4085
3 2034 4740 7322
3 2034 7322 7425
3 3377 7322 320
3 320 7322 2935
3 136 3377 320
3 136 320 5967
3 5967 320 2935
3 2935 7322 7595
3 7425 7322 3377
3 2993 2034 3097
3 2034 2993 6487
3 4851 2993 2155
3 6643 2155 2993
3 4098 5675 4460
3 4867 5653 6349
3 3787 203 6349
3 6349 203 7320
3 7320 203 7531
3 3787 6349 2802
3 6349 7320 4867
3 7531 203 3787
3 5731 6243 2850
3 2850 6243 1408
3 3787 1408 6243
3 3787 6243 5130
3 5731 6819 4061
3 6819 5731 2850
3 6819 2850 1658
3 2411 6819 1672
3 1672 6819 5978
3 5978 6819 636
3 636 6819 3999
3 2459 7303 434
3 5978 7303 2459
3 3615 871 4448
3 6443 871 3615
3 6443 525 1242
3 525 6443 3615
3 7429 7219 4527
3 3316 7429 4527
3 7373 727 4330
3 3639 1685 664
3 664 1685 7418
3 7418 7373 3163
3 3163 7373 5502
3 7373 7418 1685
3 7362 1397 5502
3 2955 7221 6347
3 2955 6347 1829
3 2955 1829 4670
3 5059 4670 1829
3 5059 1357 4670
3 2340 5703 1829
3 2340 1829 6347
3 1829 5703 5059
3 2650 5703 2340
3 2101 5681 5925
3 5908 5054 6897
3 5908 6897 3011
3 2836 5908 3011
3 5908 7455 4045
3 7455 5908 2836
3 5168 2836 4474
3 2663 2249 4045
3 3562 7033 1013
3 3800 7033 1957
3 1957 7033 3562
3 5325 7122 1957
3 3681 1957 7122
3 5098 7122 5325
3 3562 5325 1957
3 7488 1013 7033
3 7488 7033 5633
3 5633 7033 1319
3 1319 7033 3800
3 5640 167 6735
3 6735 892 5640
3 892 6735 4499
3 617 5815 3668
3 5815 617 7002
3 617 3668 4357
3 4357 3668 4402
3 439 617 4357
3 1952 5734 1692
3 1952 6570 5030
3 6570 1952 1692
3 6570 1692 3084
3 4558 5030 6570
3 7290 5127 4381
3 5055 3153 5456
3 7290 5965 2404
3 5824 2404 5805
3 5805 2404 1415
3 1415 2404 5965
3 1415 5965 4587
3 6988 3156 1407
3 6988 1407 4975
3 6551 1407 3156
3 4768 4975 3388
3 4768 3388 2228
3 5543 6691 2860
3 2860 6691 4542
3 2455 2860 77
3 2455 77 6440
3 6440 77 4542
3 4542 77 2860
3 2273 6773 5543
3 6773 2273 476
3 6773 476 6279
3 6279 476 5837
3 6279 5837 7588
3 7123 6773 6279
3 6213 6755 6884
3 6884 6755 6279
3 6884 6279 6117
3 6279 6755 5465
3 5007 6884 6117
3 2760 1162 4151
3 6275 6405 4159
3 6275 4159 6206
3 6361 4159 6405
3 6206 4159 5822
3 5822 4159 6361
3 5132 5822 6361
3 1157 3122 6072
3 1157 6072 4677
3 6072 3122 6745
3 4158 6745 3122
3 4697 3122 1157
3 4597 950 6034
3 6034 5390 4607
3 3239 385 4488
3 4488 385 2536
3 1264 3239 4488
3 3239 1264 2419
3 3239 2419 7397
3 7348 7397 2419
3 7348 2419 1264
3 2061 7616 7170
3 2061 7170 1430
3 7348 7170 7397
3 1149 5174 2077
3 2425 819 4605
3 2425 4605 2026
3 1800 4605 819
3 2921 5982 819
3 2921 2425 6534
3 6534 2425 4747
3 6534 4747 2889
3 2921 819 2425
3 5982 2921 7115
3 2921 6534 7115
3 6018 6534 2889
3 6534 6018 7115
3 7115 6018 1896
3 901 5982 7353
3 721 4900 1801
3 4030 1801 4900
3 7346 721 1801
3 7346 1801 2805
3 2063 2805 7353
3 2063 7353 4204
3 5827 7346 1936
3 5827 1936 3654
3 3066 4870 1811
3 3066 1811 2903
3 1811 4870 6793
3 3004 6793 4870
3 3004 4870 7464
3 3004 7464 4025
3 7614 4025 5905
3 2968 5905 5234
3 889 4193 5652
3 6171 4193 889
3 6171 889 1199
3 6171 1199 4911
3 4911 1199 7489
3 7489 1199 889
3 7489 889 5715
3 5715 889 5652
3 6488 4193 6171
3 6171 4911 182
3 3126 7467 5881
3 4249 2832 147
3 4249 147 3899
3 4249 3899 3087
3 7137 6540 6848
3 1090 2113 6503
3 2113 1090 6848
3 5139 6848 6503
3 1090 6503 6848
3 2755 6912 6315
3 1043 2217 1395
3 1395 2217 6315
3 6315 2217 2755
3 3302 2755 5394
3 5394 2755 2217
3 486 6224 2217
3 7106 1572 6136
3 3689 6136 1572
3 7244 1376 5238
3 5238 1376 883
3 7084 7244 5238
3 7053 883 1376
3 7053 1376 7244
3 6062 7053 7244
3 3286 6062 7244
3 5769 6062 7530
3 1337 1313 5860
3 1337 5860 3309
3 5860 1313 3131
3 7150 5860 3131
3 908 3309 5860
3 908 5860 4981
3 908 4981 3902
3 3264 4981 1927
3 1927 4981 7150
3 7024 5819 6218
3 6218 2544 3435
3 2544 6218 5819
3 6218 3435 7394
3 2655 7394 7441
3 2655 7441 7461
3 7441 7394 5116
3 5985 5247 3515
3 5985 3515 4780
3 125 5247 5985
3 6581 5977 5985
3 6581 5985 356
3 4029 356 5985
3 7399 6614 6815
3 6815 6614 7020
3 6815 7020 3857
3 6614 7399 4553
3 2985 7399 6815
3 2745 2985 3811
3 3811 2985 6815
3 6854 4553 7399
3 6854 7051 4553
3 2745 6854 2985
3 2985 6854 7399
3 3873 841 2368
3 5479 3023 5549
3 7168 4738 6674
3 7168 6674 3179
3 3179 6674 4652
3 2086 2393 3966
3 5778 6667 3966
3 5778 3966 2393
3 2393 2086 341
3 7524 2086 7527
3 7527 3966 6667
3 3966 7527 2086
3 6583 6019 1620
3 6583 1620 1994
3 6583 1994 4135
3 1994 1620 6801
3 6019 6583 2339
3 2339 6583 1642
3 2339 1642 2003
3 1642 6583 4135
3 5315 6019 2339
3 5315 2339 1857
3 1807 5315 1857
3 1807 1857 5451
3 5451 1857 3034
3 2263 6936 3524
3 2263 3524 2155
3 2263 2155 6643
3 3524 4990 484
3 4990 1611 484
3 4964 4851 484
3 4964 484 1611
3 6936 4990 3524
3 3524 484 4851
3 4990 6936 6696
3 4946 6696 6936
3 6482 1830 2436
3 6482 2436 2554
3 2554 2436 6100
3 2554 6100 164
3 666 7320 7531
3 3700 7320 666
3 3700 666 6175
3 7531 6175 666
3 4563 6175 7531
3 4563 7531 1417
3 5130 7466 7531
3 6501 6243 5731
3 6243 6501 2280
3 6243 2280 5130
3 1471 2604 2280
3 1471 2280 6501
3 1471 6501 2417
3 3222 2417 6501
3 4921 3222 1590
3 1590 3222 6501
3 2459 6677 1619
3 2459 1619 5093
3 434 6677 2459
3 7351 2840 6876
3 2701 7351 6876
3 3903 5547 6980
3 5954 3903 6980
3 4920 4914 5954
3 5954 4914 3903
3 1539 1150 4929
3 6443 6655 1539
3 6443 1539 871
3 3915 6655 4550
3 1516 7368 3305
3 7335 5993 1516
3 3437 7335 1516
3 3437 1516 3305
3 6850 3305 7368
3 7368 1516 5993
3 3437 3305 6103
3 568 3988 6103
3 568 5956 4945
3 338 4945 5956
3 4896 6843 5290
3 4896 5290 4945
3 4896 4945 7149
3 4896 7149 7220
3 1980 2324 3989
3 3989 2324 2981
3 2981 2324 7149
3 7149 2324 7220
3 4856 7220 2324
3 5320 7220 4856
3 4856 2324 1980
3 6934 4856 5635
3 5635 4856 1901
3 1424 1901 4856
3 1901 1424 6158
3 5781 5635 1901
3 5781 1901 6158
3 6450 5172 664
3 664 5172 3639
3 1584 3601 4230
3 1584 6450 2285
3 146 2285 6450
3 2193 6043 4128
3 4609 1941 5763
3 4609 2045 1955
3 4609 1955 7110
3 2045 4609 378
3 378 4609 5763
3 1941 4609 3200
3 7221 3200 7110
3 7110 3200 4609
3 287 7221 2955
3 287 2955 5008
3 5008 2955 6257
3 5530 5730 1462
3 2894 2223 1462
3 2894 1462 1969
3 1969 1462 5601
3 5601 1462 1220
3 1220 1462 5730
3 3528 5730 5530
3 2223 5530 1462
3 5576 4576 2863
3 3006 5576 4447
3 5703 4447 5059
3 4892 6977 1316
3 5392 2894 1969
3 5598 5392 1969
3 5598 1969 4462
3 4462 1969 5601
3 5908 2249 4462
3 4462 5054 5908
3 2911 7172 5563
3 5563 7172 5459
3 2911 5563 4634
3 2098 4634 5563
3 2586 7417 2911
3 2586 2911 4634
3 5077 4634 2098
3 122 5077 3237
3 2098 3237 5077
3 5815 122 3237
3 5815 3237 3668
3 3156 2527 4625
3 2228 7279 4768
3 4768 6988 4975
3 6988 4768 7279
3 4317 1664 7123
3 2868 4317 7123
3 4284 2868 7123
3 6475 6755 6413
3 6755 6475 5465
3 4284 5465 6475
3 3423 6413 6213
3 5007 3934 6884
3 2760 4151 7142
3 7225 6275 5536
3 1622 5536 4009
3 6206 5822 5132
3 1093 3638 4428
3 2286 5536 3044
3 878 6191 2286
3 2525 878 2286
3 2525 2286 3044
3 1982 6191 4697
3 4697 6191 878
3 4697 878 2525
3 7397 265 3239
3 5565 200 7616
3 7616 7163 5565
3 7616 2061 7163
3 1574 7163 2061
3 1543 5174 1149
3 872 4900 6867
3 5420 2054 2403
3 5528 2054 1784
3 5528 1784 598
3 598 1784 3353
3 2516 1784 3075
3 3075 1784 217
3 3075 217 2986
3 3075 2986 1226
3 4521 3075 1226
3 3345 4521 1226
3 5910 3075 4521
3 2516 3075 5910
3 7139 2756 2162
3 2162 2756 6409
3 6409 2756 4835
3 3380 4835 2756
3 6827 4835 3506
3 6827 3506 2870
3 3506 4835 3380
3 3506 5234 4530
3 3506 2968 5234
3 2968 3506 3380
3 4530 7223 4782
3 3062 2870 4530
3 4004 3062 4782
3 4782 3062 4530
3 4126 2870 3062
3 4126 3062 321
3 4126 321 4150
3 4150 321 4004
3 3062 4004 321
3 1052 2467 6940
3 545 2467 4150
3 4150 2467 1052
3 6847 6940 2467
3 6847 2467 1961
3 6847 1961 4653
3 6679 4653 1961
3 6679 1961 3334
3 545 3334 1961
3 545 1961 2467
3 4131 5820 6679
3 5888 4131 6488
3 5888 6488 6171
3 2037 3016 5888
3 1491 2037 3649
3 2315 3649 5888
3 5888 3649 2037
3 7480 3649 2315
3 3893 5772 3207
3 3207 1991 3893
3 1991 3207 4412
3 1322 1991 3123
3 1991 1322 3893
3 6181 3893 1322
3 6181 1322 6105
3 5772 3893 6181
3 7173 6181 7385
3 7385 6181 6715
3 3108 4249 3420
3 3108 3420 3786
3 624 7103 7514
3 7103 624 3108
3 7103 3108 3786
3 7532 3118 5139
3 7532 7137 3118
3 5139 3118 6848
3 6848 3118 7137
3 1579 754 297
3 1579 297 6013
3 297 754 6179
3 5219 1839 6107
3 4888 1015 7423
3 2477 4329 3302
3 2477 3302 5394
3 7612 6310 1038
3 1038 6310 279
3 1288 7270 3851
3 1288 3851 6374
3 3241 3851 690
3 3241 6374 3851
3 3241 690 5079
3 5079 690 7270
3 7270 690 3851
3 883 3766 5238
3 5238 7106 4842
3 7270 7106 5238
3 7270 5238 3766
3 2464 49 7053
3 2464 7053 5769
3 4836 5724 6489
3 5724 7356 2332
3 6489 5724 5913
3 3309 5913 1337
3 3191 5913 3309
3 1184 2713 4639
3 1184 4639 3902
3 3902 4639 908
3 908 4639 3309
3 3309 4639 3191
3 3191 4639 2092
3 2092 4639 2713
3 2277 6914 1184
3 1184 6914 2713
3 2713 6914 4377
3 2277 1184 5227
3 7105 6914 2277
3 7105 2277 5227
3 7510 7105 5227
3 7510 7024 6218
3 7510 6218 7394
3 5227 7024 7510
3 7510 4545 7105
3 7510 7394 4545
3 7461 7105 4545
3 7461 4545 2655
3 2655 4545 7394
3 5889 1638 7461
3 5889 7461 2076
3 3724 5452 821
3 3724 821 7442
3 7020 7441 5116
3 1794 6614 3002
3 6614 1794 7441
3 6614 7441 7020
3 7442 1794 2121
3 7442 2121 1364
3 903 1364 2121
3 903 2121 3752
3 3752 2121 6838
3 3002 6838 2121
3 3002 2121 1794
3 3300 1627 1364
3 3300 1364 903
3 6324 3300 3752
3 3752 3300 903
3 7309 6324 3752
3 2185 3300 6324
3 5162 7309 3752
3 5162 3752 6838
3 5907 7309 5761
3 7309 5162 7068
3 7068 5162 6838
3 1564 7068 6838
3 1564 6838 2728
3 1564 2728 1587
3 7309 7068 4869
3 1171 7068 1564
3 1171 1564 2690
3 2690 1564 1587
3 90 3295 7068
3 3295 4556 4437
3 4644 4437 4556
3 4556 3295 90
3 4556 90 1976
3 1976 90 1171
3 1171 2690 1976
3 7068 1171 90
3 7068 3295 4869
3 4869 3295 4437
3 7361 4644 4556
3 4556 1976 7361
3 1976 2690 6524
3 2138 4526 3990
3 204 7180 3990
3 6312 4810 410
3 3179 410 7168
3 1141 410 2962
3 1141 2962 4180
3 1141 4180 3839
3 3179 2962 410
3 7095 4180 2962
3 7095 2962 5778
3 6080 3839 5205
3 1888 6080 5205
3 5764 1888 5205
3 942 1232 5764
3 1232 942 4321
3 2988 4321 942
3 7095 942 5764
3 7524 2988 6400
3 6400 942 7095
3 942 6400 2988
3 6400 7095 2393
3 2393 7095 5778
3 341 6400 2393
3 512 2594 589
3 2594 976 589
3 976 621 589
3 589 621 689
3 689 621 4321
3 512 589 7409
3 7409 589 5250
3 589 689 5250
3 2594 5764 976
3 5250 689 4321
3 1232 4321 621
3 1232 621 976
3 1232 976 5764
3 5580 5250 5315
3 5580 5315 1807
3 153 5315 5250
3 6019 5315 153
3 5580 1807 6492
3 5451 6492 1807
3 6690 6487 5525
3 6487 6690 5451
3 5451 6690 6492
3 2565 5525 6487
3 6148 1715 4092
3 4990 6148 1611
3 1611 6148 4964
3 4964 6148 4092
3 2436 1715 6148
3 2436 6148 6696
3 2436 6696 6100
3 4990 6696 6148
3 6482 5430 1830
3 7320 4516 2554
3 7320 2554 164
3 2554 4516 6482
3 6482 3700 5430
3 5430 3700 6175
3 7320 3700 4516
3 4516 3700 6482
3 2311 1739 5962
3 4253 6042 4122
3 6042 4253 1285
3 1285 4253 7577
3 1034 4804 4568
3 1034 4568 6688
3 1034 6688 2356
3 1417 2356 4563
3 3445 7019 5754
3 3445 5754 16
3 6449 5754 7466
3 6449 2319 7114
3 2319 6449 7466
3 2326 6046 6633
3 6633 6046 4943
3 2319 6046 7114
3 7114 6046 2326
3 4943 6046 2417
3 2417 6046 1471
3 1471 6046 2604
3 7291 4943 586
3 7291 586 3222
3 7291 3222 4921
3 3222 586 2417
3 2417 586 4943
3 5503 4003 3363
3 6677 5503 1619
3 5093 1619 5503
3 2201 6722 3738
3 4115 7351 2701
3 6820 4822 2806
3 6820 818 6521
3 818 6820 2806
3 5547 2876 6980
3 6980 2876 818
3 2446 2876 5547
3 1745 3903 4914
3 3903 1745 5547
3 2305 3032 1445
3 2305 1445 1867
3 1867 1445 1436
3 1142 1445 3032
3 1867 1436 7107
3 7327 2305 1867
3 7327 1867 2439
3 2439 1867 7107
3 4675 7107 6594
3 4991 1999 7335
3 7335 6609 1904
3 7335 3437 4991
3 980 1695 746
3 568 4945 3988
3 3988 4945 5290
3 3755 1663 4774
3 5607 3030 4774
3 6843 6498 5607
3 4896 6508 6843
3 7220 5320 6508
3 6508 4896 7220
3 2292 1140 2770
3 5335 2787 2043
3 2043 2787 5635
3 5781 2043 5635
3 2267 2043 5781
3 3883 5781 6158
3 5781 3883 2267
3 4230 1097 3883
3 4230 3883 5172
3 5172 3883 6158
3 2503 3711 1848
3 2503 1848 4874
3 4874 3115 6652
3 4874 1848 3115
3 3174 3937 2200
3 2200 3937 3115
3 2200 3115 3601
3 3115 3937 6652
3 6096 1383 3601
3 6824 6096 2285
3 6824 2285 3531
3 1584 2285 6096
3 1584 6096 3601
3 1621 3531 146
3 1621 146 6043
3 146 3531 2285
3 498 5691 1958
3 1958 5691 6303
3 6258 6303 5691
3 838 6303 6258
3 838 6258 7221
3 7221 6258 3200
3 3200 6258 1941
3 1941 6258 5691
3 287 6040 838
3 287 5008 6040
3 7221 287 838
3 6040 5008 6298
3 6298 5008 6257
3 6298 6257 5522
3 5560 6086 2027
3 2027 6086 5112
3 2027 5112 47
3 665 5560 2223
3 2223 5560 2027
3 2223 2027 5530
3 5560 665 6973
3 5940 4 6600
3 693 6028 5836
3 693 5836 1108
3 3842 1108 5836
3 5621 3896 3842
3 5621 3842 3926
3 3926 5836 6600
3 5836 3926 3842
3 1108 3842 3896
3 5745 2250 1518
3 5506 2115 5605
3 4924 2744 5745
3 677 5970 5745
3 677 5745 2744
3 3973 6475 3487
3 2744 6475 677
3 677 6475 3973
3 2079 5592 7071
3 3934 6718 5658
3 7142 56 143
3 143 56 5152
3 2706 6538 2196
3 2068 6548 2706
3 6548 2068 5243
3 2068 2706 2196
3 6191 1982 2706
3 6548 6191 2706
3 5536 2286 7225
3 2196 6538 4347
3 712 5243 2068
3 712 2068 4347
3 6222 4347 6538
3 2196 4347 2068
3 6222 6538 1637
3 564 7008 6759
3 6759 7008 2931
3 1070 3236 7163
3 7163 1643 5565
3 1643 7163 3236
3 3791 7537 5073
3 872 4699 4998
3 5063 7035 5599
3 7166 5414 2254
3 5063 4941 2254
3 5063 2254 5414
3 6045 7166 2254
3 6045 2254 4941
3 7211 5012 3575
3 7211 3575 7443
3 4941 5012 7211
3 598 3575 5012
3 598 5012 5528
3 5599 5528 5012
3 7415 4521 7139
3 4521 7415 5910
3 4949 7415 2162
3 7139 2162 7415
3 4835 5701 6409
3 6409 5701 5078
3 5078 5701 6783
3 4835 6827 7112
3 4835 7112 5701
3 2427 7112 4126
3 4126 6827 2870
3 6827 4126 7112
3 6292 7112 2427
3 1052 6940 6180
3 2852 6180 6940
3 158 3416 3872
3 3416 2133 5671
3 383 6903 929
3 929 6903 5962
3 5962 6903 2311
3 4211 730 2451
3 4211 2451 7600
3 4410 4253 528
3 1343 4253 4410
3 1343 4410 1276
3 515 4410 528
3 2747 515 528
3 3560 2794 4804
3 3387 3560 2688
3 1888 2688 3391
3 6080 1888 3391
3 3839 6080 7019
3 1141 3839 13
3 1141 13 6312
3 1141 6312 410
3 5764 2688 1888
3 670 3387 2594
3 2594 3387 2688
3 6690 6847 4525
3 6492 6690 4525
3 7409 4525 6847
3 5525 6847 6690
3 7409 5580 4525
3 4525 5580 6492
3 5250 5580 7409
3 6438 1355 5820
3 6010 4063 3016
3 6010 2825 2189
3 2825 6010 3016
3 1491 6591 2825
3 1491 2825 2037
3 2037 2825 3016
3 6201 6591 2585
3 6457 5705 2585
3 6457 2585 2712
3 6591 2712 2585
3 2382 4101 6493
3 2382 6493 3207
3 6083 2382 2408
3 4952 7173 7385
3 5511 4952 4814
3 5616 5511 4748
3 4748 5511 4814
3 4748 2511 767
3 624 2511 6968
3 6968 2511 4748
3 2579 4229 7514
3 2579 2781 4229
3 3728 2579 7514
3 3327 2452 3338
3 2452 7514 3338
3 3338 7514 7103
3 7137 3338 7103
3 7505 3327 7532
3 7137 7532 3338
3 3338 7532 3327
3 2452 3327 7505
3 3411 7505 2922
3 3411 2922 2346
3 2922 7505 6012
3 705 2922 6012
3 1367 7190 2922
3 1367 2922 705
3 4075 7178 7449
3 6408 4075 7449
3 6408 7449 5811
3 5473 4779 4075
3 5473 4075 6408
3 4690 5219 6107
3 2347 4690 6107
3 2347 6107 5332
3 3372 4888 7423
3 308 2477 7091
3 6424 2477 308
3 6424 308 313
3 7091 5394 3760
3 5394 7091 2477
3 5491 5257 7091
3 5491 7091 7256
3 7256 7091 2179
3 2179 7091 3760
3 2179 3760 1910
3 6272 1910 6665
3 6272 6665 5156
3 1288 6374 5156
3 1288 5156 6310
3 6665 6310 5156
3 6795 6011 3476
3 6795 3476 1583
3 7202 1243 1583
3 5088 7202 1583
3 5088 1583 3476
3 5088 3476 6874
3 6874 3476 3241
3 6874 3241 6334
3 7324 2835 5029
3 7324 5029 1714
3 7356 5724 7324
3 1714 7356 7324
3 1545 7324 4836
3 1545 4836 1024
3 1024 4836 6489
3 1024 7243 5019
3 7243 1024 6489
3 7243 7475 7578
3 7187 7475 7243
3 7187 7243 5353
3 5353 7243 5663
3 82 5353 5663
3 1997 82 5663
3 2707 7187 5353
3 2707 5353 82
3 2707 82 189
3 189 82 1997
3 189 1997 5357
3 5357 1997 5487
3 5487 1997 172
3 5663 172 1997
3 4377 5889 6077
3 2076 4264 5889
3 5639 4264 5452
3 5452 4264 2076
3 4620 6393 5639
3 4620 5639 5452
3 5907 6393 4620
3 6821 4620 5452
3 4620 6821 1687
3 5907 4620 1687
3 2185 1687 6821
3 1627 6821 3724
3 3724 6821 5452
3 1364 1627 3724
3 1364 3724 7442
3 2185 6821 3300
3 3300 6821 1627
3 7309 5907 6324
3 2185 6324 1687
3 1687 6324 5907
3 5698 5977 494
3 3703 5698 494
3 3703 494 3107
3 6573 6857 5133
3 6857 6573 3703
3 6857 3703 5840
3 3703 6573 6189
3 7388 5133 6857
3 7388 6857 1922
3 1922 6857 5840
3 4644 7388 1922
3 4644 1922 4437
3 4437 1922 5840
3 7309 4869 5761
3 4614 5921 7361
3 4614 7361 5075
3 4614 73 6816
3 4614 6816 5921
3 6816 73 1836
3 1836 73 4614
3 6306 6816 1836
3 213 2397 2396
3 6067 213 2396
3 6067 4761 3983
3 2396 4761 6067
3 7293 3983 4761
3 7293 4761 3448
3 7269 2012 3448
3 2012 152 1071
3 2012 1071 2857
3 7269 152 2012
3 208 3120 4408
3 4408 893 2588
3 2588 893 4273
3 4273 893 7269
3 7269 893 152
3 152 893 1071
3 1071 893 4408
3 1071 4408 3120
3 7369 208 4408
3 7369 4408 1660
3 1660 4408 2588
3 1660 2588 5479
3 5479 2588 1729
3 1729 2588 4273
3 6698 4216 5115
3 3868 4723 5893
3 3868 5893 5115
3 5115 5893 4129
3 4129 5893 6588
3 3662 5893 4980
3 4980 5893 4692
3 4692 5893 4723
3 4692 4723 2138
3 4692 2138 4384
3 3932 3662 4980
3 3932 4980 4692
3 3932 4692 4384
3 552 3932 4384
3 7554 7438 6066
3 2838 3629 3758
3 518 3495 3629
3 3495 518 1841
3 1841 518 6812
3 1841 6812 4003
3 6812 518 3629
3 3758 3629 3495
3 3758 3495 5324
3 6607 3495 5262
3 6607 5262 4854
3 1841 5262 3495
3 3726 5262 1098
3 955 4854 5262
3 955 5262 3726
3 1841 1098 5262
3 3726 5750 955
3 5750 4854 955
3 5750 3726 7300
3 1597 7300 3726
3 1792 3210 5694
3 412 6353 4354
3 412 4354 792
3 4354 2439 641
3 641 2439 4364
3 4364 2439 7196
3 7327 2439 4354
3 7196 2439 7107
3 6955 641 861
3 861 4364 5887
3 641 4364 861
3 3167 2520 7069
3 7069 2520 6006
3 3167 2050 7196
3 4675 7473 3470
3 6609 7473 4675
3 6609 4675 1688
3 3749 1649 7473
3 3749 7473 6609
3 5696 1649 3749
3 5696 3749 1695
3 5696 1695 980
3 5696 980 2090
3 2090 980 7264
3 4617 1334 2770
3 2770 1334 2292
3 6286 2292 3253
3 3253 2292 1334
3 5540 5148 6731
3 3452 3099 2503
3 3452 2503 88
3 368 7332 5122
3 7548 368 2042
3 7548 2042 1081
3 7548 1081 1341
3 1877 2042 5122
3 5122 2042 368
3 3850 1341 1081
3 1081 965 3850
3 1081 7027 965
3 3174 7027 2042
3 3174 2042 1877
3 2042 7027 1081
3 505 7536 7027
3 1383 7027 3174
3 1383 3174 2200
3 505 7027 6824
3 6096 6824 1383
3 7027 1383 6824
3 6824 7536 505
3 387 7536 5405
3 387 5405 3785
3 3785 5405 2700
3 387 3785 6561
3 6561 1958 6303
3 6561 6303 5352
3 7526 506 6561
3 7526 6561 4113
3 6644 6298 2995
3 6644 2995 3631
3 796 2995 6298
3 6086 1375 5112
3 5112 1375 2995
3 245 5048 6028
3 1108 4252 693
3 693 4252 4705
3 693 4705 6028
3 2215 4705 4252
3 2215 4252 5398
3 5398 4252 261
3 2250 2395 2215
3 2250 2215 5398
3 2215 2395 1524
3 2445 7250 6251
3 7250 4185 2991
3 7499 2748 5592
3 2079 4046 7499
3 4046 2079 7071
3 6645 7499 4046
3 6645 4046 519
3 519 4046 4492
3 6923 6645 519
3 6923 519 4492
3 6983 3588 6923
3 1943 6983 5637
3 5637 6983 4492
3 4492 6983 6923
3 924 4225 1053
3 924 1053 983
3 4570 4225 924
3 4570 924 4091
3 983 4091 924
3 1231 6615 1420
3 5310 1231 1420
3 4238 4007 6929
3 239 4795 7008
3 3789 3349 6929
3 3789 6929 6958
3 6958 6929 4995
3 6892 5995 3242
3 6892 3242 6151
3 6151 1643 3236
3 1643 6151 3242
3 1643 3242 5565
3 5565 3242 236
3 5565 236 2261
3 640 6892 5593
3 742 640 5593
3 6892 6151 5593
3 5686 6856 5073
3 5686 5073 4272
3 4272 5073 7537
3 7083 6856 5686
3 4272 413 7272
3 413 7332 6172
3 7332 413 4272
3 7548 6172 7332
3 1555 5501 577
3 577 5501 4470
3 3251 7035 1555
3 3251 1555 3791
3 3791 1555 577
3 5245 6673 89
3 5245 89 5414
3 5414 89 5063
3 5063 89 7035
3 5501 7035 89
3 5501 89 6673
3 2202 6045 917
3 917 6045 7211
3 2202 7166 6045
3 7211 6045 4941
3 2312 7211 7443
3 2312 7443 5926
3 5926 7443 3677
3 5573 5926 3677
3 6661 5399 5914
3 4881 2330 3643
3 4881 3643 5015
3 5969 4881 5015
3 5969 5015 6792
3 4949 6792 5015
3 7185 6903 383
3 6903 7185 4916
3 6338 3522 2157
3 2157 3522 5125
3 2157 5125 5586
3 3741 4757 5632
3 3741 6429 6791
3 2345 5632 4757
3 4757 3741 6791
3 4409 2345 788
3 788 2345 4757
3 4409 788 2939
3 2939 788 4757
3 2329 4409 2939
3 2939 4757 6791
3 6402 2329 2939
3 6402 2939 5697
3 3827 2329 6402
3 1686 6402 5697
3 6863 5010 4860
3 3769 6863 5343
3 5343 6863 2747
3 6152 5233 227
3 6152 227 6438
3 5233 5343 2747
3 6152 5343 5233
3 1946 5343 6152
3 1946 6152 7041
3 6010 7041 6152
3 6010 6152 6438
3 7041 5278 1946
3 3769 5343 1946
3 3769 1946 5278
3 6585 5278 7041
3 6010 2189 7041
3 7041 2189 6585
3 6777 3019 3796
3 3796 3019 6852
3 6623 6777 6803
3 6803 3796 724
3 6777 3796 6803
3 4445 724 1353
3 3746 4445 1353
3 3746 1353 5705
3 5705 1353 4790
3 6375 4445 5556
3 4790 1353 724
3 724 4445 6375
3 2496 1635 3746
3 2496 3746 5705
3 2585 5705 4790
3 2585 4790 6201
3 2496 6318 1635
3 7298 6818 2621
3 1634 2621 3698
3 5486 3698 1101
3 2621 1101 3698
3 2692 1101 4145
3 1931 5486 2692
3 1101 2692 5486
3 5699 1931 80
3 5057 80 5853
3 5853 80 743
3 80 1931 743
3 5699 4833 1931
3 5699 80 5057
3 5853 743 2692
3 2692 743 1931
3 5616 1871 5853
3 5616 5853 5511
3 7189 5616 5618
3 70 853 2579
3 853 2781 2579
3 853 5261 2781
3 3728 70 2579
3 5261 853 6054
3 6054 3411 2346
3 3728 3411 6054
3 3728 6054 70
3 70 6054 853
3 2089 1367 7178
3 2089 7190 1367
3 3795 1610 1133
3 6455 7090 7375
3 1682 7090 6455
3 1682 6455 5782
3 2347 6455 7375
3 4974 7090 1682
3 6455 2347 5332
3 4690 2347 7375
3 5782 6455 7591
3 5782 7591 5208
3 5782 5208 1682
3 5332 7591 6455
3 4974 1682 5208
3 6628 5208 7591
3 7391 5651 6628
3 5651 7391 5825
3 1008 5651 5825
3 1910 6272 2179
3 2179 6272 7256
3 7521 7256 6272
3 6011 7521 6272
3 6170 6795 1691
3 1691 6795 1583
3 1691 1583 3152
3 5088 1691 3025
3 3025 2099 4849
3 4579 4088 6337
3 5626 4088 2099
3 4849 2099 4088
3 4849 4088 2669
3 2669 4088 4579
3 5994 6337 4088
3 5994 4088 5626
3 4336 5626 2099
3 6029 5626 4336
3 5823 4015 4883
3 2187 7310 4849
3 2187 4849 2669
3 2187 2669 5577
3 3723 6170 7181
3 4579 6337 6998
3 4579 6998 7599
3 7181 6998 6337
3 7181 6337 3723
3 829 3723 4461
3 4461 4683 4967
3 4683 4461 6337
3 6337 4461 3723
3 1404 4967 4683
3 6996 4683 5994
3 6996 5994 7337
3 5626 6029 7337
3 5626 7337 5994
3 3117 407 2073
3 4259 3117 5071
3 5071 3117 2073
3 2073 407 2956
3 2412 4776 5572
3 1201 5572 4776
3 1201 4776 2165
3 2412 5572 6985
3 3277 4640 3161
3 3277 5823 6057
3 5204 3756 7354
3 7354 3756 463
3 7354 463 6305
3 7354 6305 7310
3 6902 5204 5858
3 5858 5204 7354
3 2187 168 5858
3 2318 6902 5858
3 2318 5858 168
3 5577 168 2187
3 7354 7310 2187
3 7354 2187 5858
3 2318 168 5577
3 5559 6902 4734
3 5559 4734 6743
3 5577 4734 2318
3 2318 4734 6902
3 6743 4734 5061
3 5061 4734 7475
3 6219 6743 5061
3 496 6219 3831
3 496 3831 4989
3 4989 3831 5676
3 5061 3831 6219
3 5427 7187 2707
3 5427 2707 7410
3 7410 2707 189
3 5124 5357 3523
3 5124 3523 5011
3 5487 3523 5357
3 6077 4866 5487
3 7520 1680 5676
3 7543 3614 7520
3 7520 3614 1680
3 5639 4206 5791
3 5639 5791 4264
3 5773 5247 5196
3 5247 5773 2837
3 5247 2837 5206
3 4206 5773 5196
3 3632 5698 7427
3 3703 6189 5698
3 5195 6573 5133
3 5195 6189 6573
3 1866 5195 2321
3 5438 3212 296
3 2531 5438 296
3 5438 2531 2135
3 3028 3608 1022
3 1022 7388 3028
3 3636 2130 6816
3 6816 2130 5921
3 5839 2046 2005
3 2005 2046 6606
3 180 6606 2046
3 6067 4345 213
3 4345 4766 5066
3 4766 6067 5483
3 6067 4766 4345
3 2933 4766 5483
3 5483 6252 2933
3 7233 4342 438
3 4342 7233 6252
3 7293 4342 3983
3 4342 7293 694
3 4216 6698 2857
3 6588 4385 7031
3 2871 7554 3932
3 3932 7554 5067
3 1294 3484 3690
3 5407 3690 7169
3 7169 3690 2457
3 7126 5939 1294
3 7126 1294 6461
3 6461 1294 3871
3 3739 4562 7126
3 3739 7126 6461
3 4562 3928 7126
3 3758 5324 6637
3 3758 6637 2838
3 6014 2838 6637
3 5604 3714 6607
3 4913 5604 4854
3 4854 5604 6607
3 4913 4854 5750
3 4913 5750 2299
3 2299 5750 175
3 7300 175 5750
3 3272 3974 4123
3 7300 3974 3272
3 7300 3272 175
3 175 3272 2299
3 4123 3974 6317
3 5356 6727 1581
3 5356 1581 4429
3 1882 4429 1581
3 5694 6727 5356
3 5694 5356 1792
3 1792 5356 4429
3 4871 6277 7183
3 2007 7183 6905
3 2661 2007 3173
3 2661 3173 7235
3 3173 2007 6905
3 2150 3173 4070
3 4070 3173 6353
3 4679 4070 412
3 4679 412 792
3 6353 412 4070
3 3274 177 4679
3 792 3274 4679
3 2344 177 3274
3 2344 3274 6955
3 2344 6955 1447
3 6955 3274 792
3 861 1447 6955
3 5887 1447 861
3 3167 7069 2050
3 7463 7069 2400
3 184 2400 7069
3 4909 2400 184
3 4515 3606 4909
3 6112 423 4515
3 2916 5870 6112
3 5870 2916 5129
3 2916 6112 2499
3 4950 5129 2916
3 4950 2916 6006
3 4857 2795 197
3 4295 4857 197
3 4295 197 3189
3 4711 5751 390
3 2288 7528 5901
3 5901 7528 2559
3 2559 7528 4711
3 5870 5901 2559
3 5095 5129 6460
3 2150 6460 5129
3 2141 4876 6460
3 4879 2141 3369
3 6460 3369 2141
3 6238 2465 2344
3 6238 2344 1447
3 2344 6882 177
3 6882 2344 2465
3 4044 6868 6671
3 5004 6671 1654
3 5855 1654 7463
3 4947 5855 7463
3 7001 1115 6008
3 7001 6008 2786
3 3456 7001 3342
3 846 3580 3342
3 95 3580 846
3 846 3342 7001
3 7551 3178 4626
3 7551 4626 2090
3 2090 4626 5696
3 5070 7551 2090
3 2435 6235 6286
3 854 2435 7171
3 854 7171 3721
3 3721 7171 5524
3 6286 7171 2435
3 5514 5524 7171
3 5514 7171 4868
3 5282 5148 176
3 7476 4283 5936
3 5122 7476 5936
3 2529 7476 4519
3 2202 7448 1890
3 6689 960 7448
3 6689 585 5630
3 7448 585 6689
3 7211 2312 917
3 585 917 2312
3 707 7342 4473
3 4473 6689 707
3 707 6689 5630
3 6291 7342 707
3 6291 707 5630
3 5714 6291 5573
3 6291 5714 7342
3 5455 5714 3329
3 5714 5455 1743
3 5623 5455 3329
3 3474 4881 5969
3 5455 5623 6338
3 5455 6338 1945
3 5212 5898 3292
3 3292 5898 5485
3 5485 5898 7446
3 5996 5898 5586
3 6429 7192 5898
3 6429 5898 5996
3 5874 7446 7192
3 301 5413 3408
3 3408 5413 1933
3 2049 3408 580
3 5595 2049 2230
3 2049 4409 2230
3 4409 2049 580
3 6777 5595 732
3 6777 732 3019
3 5010 2463 3827
3 5010 3827 4860
3 6402 4860 3827
3 7159 6623 3186
3 5251 7159 3186
3 3186 6375 7080
3 2241 7080 6375
3 319 5556 5486
3 5556 319 6375
3 2241 6375 319
3 2241 319 1670
3 5486 1670 319
3 5486 5556 3698
3 1635 5556 7584
3 3969 1481 6617
3 6617 1481 1251
3 1251 1481 2597
3 1030 3234 2997
3 897 4968 7538
3 5251 7080 4968
3 5251 4968 897
3 5251 897 7159
3 7159 897 7538
3 7538 4968 6765
3 4071 7538 6765
3 6796 132 2264
3 135 3907 602
3 3102 4496 6913
3 3185 3102 2535
3 2535 3102 6913
3 6283 2997 3234
3 6247 392 5266
3 2920 5266 392
3 6247 5266 6273
3 6247 7312 392
3 6051 6247 6273
3 6273 5810 6051
3 6081 2726 7299
3 7299 2726 5810
3 5810 2726 6051
3 6951 6294 2331
3 6951 2331 3451
3 5428 6951 3451
3 2271 6951 5428
3 2271 5428 4426
3 4426 5428 1047
3 3193 5428 2415
3 2415 5428 7135
3 5428 3193 1297
3 2241 4375 7080
3 7080 4375 6765
3 6765 4375 2415
3 3186 7080 5251
3 5092 7538 6526
3 3246 5413 5092
3 7567 3246 2171
3 2171 3246 5092
3 885 2171 6526
3 6526 2171 5092
3 7021 885 6274
3 5566 706 5358
3 3382 132 6796
3 135 1618 3907
3 5425 1618 135
3 4940 2639 7064
3 4496 2639 5425
3 5425 2639 4940
3 6386 7064 2639
3 6386 2639 5305
3 6386 5305 3943
3 3102 5305 4496
3 3943 5305 3185
3 3102 3185 5305
3 6386 3943 5276
3 6386 5276 6522
3 4616 5276 3185
3 3185 5276 3943
3 5276 6763 5736
3 4880 5276 5736
3 4616 6763 5276
3 1816 4224 2535
3 5266 1816 6283
3 5266 6283 6273
3 4267 4244 2920
3 2357 2433 6017
3 7312 6247 3447
3 5225 3447 1995
3 5225 1995 6081
3 1995 3447 6051
3 2726 1995 6051
3 1995 2726 6081
3 324 2456 5225
3 2456 324 6285
3 6285 324 3405
3 3405 324 5225
3 6285 3405 237
3 6806 6285 3592
3 3592 6285 237
3 237 3405 6294
3 6294 3592 237
3 6294 7299 2331
3 7299 6294 6081
3 6610 6806 3592
3 6951 6610 6294
3 3592 6294 6610
3 2362 6500 4426
3 6500 2271 4426
3 6500 6806 6610
3 6951 2271 6500
3 6951 6500 6610
3 6267 332 1970
3 7437 6267 1970
3 7437 4833 5699
3 1544 7437 5699
3 1544 5699 7440
3 7440 5699 5057
3 7561 2773 3497
3 3497 2773 7440
3 7440 2773 1544
3 7561 3497 2391
3 2391 3497 7440
3 7189 1871 5616
3 1640 6943 2689
3 4601 3046 5516
3 2024 5516 3046
3 2024 3046 1484
3 1484 3046 4371
3 2730 2024 3270
3 2730 3270 5812
3 5812 3270 5749
3 1831 3537 6466
3 6192 4582 6511
3 6192 5208 6628
3 3680 4582 2605
3 3680 2605 1578
3 2979 4582 6192
3 1486 1578 2605
3 1486 2605 3021
3 6981 3021 5049
3 2979 5049 4582
3 4582 5049 2605
3 5049 3021 2605
3 5071 6981 6713
3 6713 5049 7151
3 5049 6713 6981
3 5867 6713 2338
3 2338 6713 7151
3 4259 5071 6713
3 4259 6713 5867
3 7124 5867 7330
3 6762 7330 5491
3 6762 5491 2640
3 1749 2640 7256
3 7256 2640 5491
3 7330 5257 5491
3 1749 7256 7521
3 1749 7521 5816
3 3939 5816 7521
3 4461 4967 5816
3 4461 5816 3939
3 4461 3939 829
3 5100 7124 5194
3 4683 6996 1404
3 1404 6996 5100
3 5100 6996 206
3 3117 206 6996
3 3117 6996 7337
3 3117 7337 583
3 5867 206 4259
3 4259 206 3117
3 5100 206 5867
3 7124 5100 5867
3 7330 6762 7124
3 7124 6762 5194
3 78 6762 2640
3 5816 4967 78
3 5816 78 1749
3 1749 78 2640
3 6762 78 5194
3 5194 78 4967
3 7506 5665 5628
3 7506 4776 6047
3 6844 7506 6047
3 6844 6047 5532
3 5904 1389 5340
3 2279 5896 3663
3 3914 2279 3663
3 3914 3663 4395
3 6516 6751 3914
3 5775 1700 6516
3 5775 2616 1700
3 704 3501 4875
3 7200 4875 3501
3 7288 1255 3756
3 7288 3756 7408
3 3756 1255 4875
3 3756 4875 1303
3 6219 3096 6743
3 6219 496 6846
3 6846 496 4989
3 6219 6846 2759
3 5791 1947 3280
3 4693 4564 1315
3 4067 6660 4222
3 1315 4222 6660
3 1708 4222 1315
3 1708 1315 2759
3 2759 1315 4564
3 4693 1315 6660
3 4693 6660 6182
3 2022 6182 6660
3 2022 6660 269
3 5687 4906 2696
3 1338 291 567
3 1338 981 291
3 981 1338 1269
3 2088 563 981
3 2088 38 3100
3 1269 38 981
3 981 38 2088
3 1256 887 1914
3 1914 887 5438
3 5438 887 2
3 5304 7295 1914
3 6786 6577 5839
3 6786 5839 2005
3 6606 4162 2005
3 6786 2005 2413
3 2413 2005 4162
3 394 5776 4241
3 394 4241 3691
3 3110 3508 5776
3 3110 5776 394
3 1599 3110 394
3 1599 394 6606
3 5066 3110 4345
3 2933 2944 6416
3 2944 2933 6252
3 6199 3083 2944
3 2944 3083 6416
3 7093 87 6199
3 6199 2944 2534
3 87 3083 6199
3 7093 6199 6098
3 6098 6199 1320
3 1320 6199 2534
3 6098 7233 1817
3 7233 1320 2534
3 1320 7233 6098
3 6002 1817 7233
3 6002 6800 1661
3 2172 1616 7031
3 5210 2172 7031
3 7517 5210 2021
3 4935 1666 5939
3 4807 5575 3928
3 3928 5575 4935
3 4562 2424 2674
3 6109 2424 4562
3 6109 4562 2844
3 2844 4562 3739
3 371 6109 2844
3 2844 3714 371
3 6109 371 1993
3 6109 1993 2753
3 1993 371 3714
3 7383 2753 1993
3 7383 1993 5080
3 5080 1993 5604
3 5604 1993 3714
3 6 5080 5604
3 98 4325 6742
3 2282 3272 4123
3 6742 3272 2282
3 3272 6742 2299
3 6156 5802 140
3 140 5802 5363
3 3967 6446 5650
3 6446 7311 7601
3 2373 3885 7311
3 4871 2373 7311
3 4871 7311 6277
3 7183 5498 4871
3 7235 7331 2661
3 2661 7331 5498
3 2661 5498 2007
3 7183 2007 5498
3 873 6102 6829
3 873 6829 1632
3 5295 1632 6829
3 2151 6837 4107
3 4107 6837 5248
3 1819 6837 2151
3 1819 2151 5295
3 5295 2151 1632
3 5793 5932 3415
3 6837 3415 5932
3 2106 5793 3415
3 2106 3415 6535
3 2106 6535 5159
3 6832 7509 2106
3 2047 5793 2106
3 2047 2106 7509
3 7509 6832 2795
3 6832 2106 5159
3 2479 1868 7509
3 2479 7509 154
3 7248 154 7509
3 7205 5123 5751
3 7205 5751 7512
3 4711 7528 5751
3 166 7528 2288
3 166 2288 5874
3 166 7422 7528
3 166 2987 7422
3 2987 166 5874
3 142 3238 3390
3 3390 3238 492
3 7512 3238 142
3 492 3238 7567
3 7567 3238 7512
3 3246 7567 1696
3 5413 1696 1933
3 1696 5413 3246
3 558 7567 6016
3 5566 2885 6016
3 5566 6016 706
3 6016 2885 558
3 1845 2885 4228
3 6954 6619 4965
3 5966 4965 1845
3 5966 1845 4228
3 1371 6162 6841
3 1371 6841 6069
3 5425 1410 5566
3 5425 5566 5358
3 1863 7064 6386
3 1863 6386 6522
3 1072 2936 3808
3 3808 2936 4811
3 3808 4811 370
3 5949 4811 330
3 4811 5949 4749
3 370 4811 4749
3 7365 4749 5949
3 7571 230 2510
3 7571 2510 1853
3 1853 2510 4880
3 5736 5308 4880
3 5736 4223 2659
3 5308 5736 2659
3 5736 1321 4223
3 5578 3361 1318
3 7282 5578 7228
3 7282 7228 5582
3 5582 7228 925
3 925 7228 2152
3 2219 4278 5279
3 2219 5279 4662
3 4662 5279 6418
3 288 4662 5342
3 2456 6285 4529
3 2456 4529 5225
3 7312 5225 4529
3 5342 1644 3358
3 4529 3358 1644
3 3352 2887 2556
3 2556 2887 2139
3 3209 3323 19
3 6307 7319 3209
3 6307 3209 19
3 622 7231 6101
3 622 6101 1531
3 622 1531 4110
3 4110 7561 6301
3 7561 4110 1531
3 6101 7231 6307
3 7231 622 4110
3 7231 4110 6301
3 2773 7561 1531
3 2773 1531 3813
3 2773 3813 1544
3 6267 3813 6101
3 6101 3813 1531
3 2391 7285 7561
3 7440 7285 2391
3 1601 7231 2514
3 5964 1601 2514
3 5964 2514 6922
3 6922 2514 7231
3 6922 7231 6301
3 5877 6893 5863
3 5877 5863 4844
3 5877 4844 3370
3 5863 6893 7556
3 4844 5863 6139
3 7556 6139 5863
3 7556 4601 5852
3 6205 5961 4168
3 4168 5961 444
3 1066 5961 6205
3 4477 4168 444
3 3884 6205 4168
3 3884 4168 2705
3 2705 4168 1475
3 1475 4168 4477
3 3938 2563 2826
3 3938 2826 5579
3 5812 3477 5579
3 5812 5579 2826
3 2730 5812 2826
3 2730 2826 2024
3 2024 2826 5516
3 5516 2826 4477
3 7145 3477 183
3 3477 7145 6904
3 1000 6343 2468
3 1000 2468 7090
3 7090 2468 7145
3 7090 7145 183
3 3412 6343 1000
3 1000 6511 3412
3 3214 6343 3412
3 3214 3412 4160
3 4160 3412 3680
3 3680 3412 6511
3 2365 4160 5417
3 5417 6391 2365
3 163 345 3547
3 6877 4890 163
3 6877 163 1486
3 6877 1486 3021
3 6877 3021 5628
3 3547 1486 163
3 251 4890 5665
3 6877 5665 4890
3 5665 6877 5628
3 6844 4256 3350
3 6844 3350 7506
3 3350 4256 3155
3 4256 6844 5683
3 5683 4297 4256
3 5532 5683 6844
3 5683 895 2853
3 3768 2853 895
3 895 5683 5532
3 5904 5896 2279
3 5786 7194 4661
3 5786 4661 442
3 4661 3278 442
3 4661 3914 3278
3 2023 4971 3255
3 4934 4786 6510
3 6510 4786 2917
3 6851 4934 6510
3 2843 6851 6510
3 6851 2843 2849
3 2122 2843 1379
3 1379 6839 4722
3 6510 6839 1379
3 6510 1379 2843
3 5036 4161 5191
3 1671 5207 5322
3 6182 1671 5322
3 4693 6182 5322
3 3734 1671 6182
3 1902 3734 6182
3 1902 6182 2022
3 1902 2022 269
3 5333 2598 6050
3 6906 2598 1902
3 1902 2598 5333
3 6758 6050 2598
3 6758 2598 6906
3 5998 6906 6153
3 5998 6153 7419
3 2409 7419 6153
3 2819 904 3395
3 2819 3395 5383
3 5383 3395 5220
3 5220 3395 6441
3 6478 4255 6441
3 3100 6478 2088
3 2088 6441 563
3 6441 2088 6478
3 7453 4255 6478
3 4310 7453 6478
3 1968 3240 4310
3 4840 6159 6340
3 6836 5571 7453
3 6836 7453 3587
3 3933 5571 6836
3 6364 418 2353
3 4932 2353 418
3 1912 7420 6098
3 6523 7420 1912
3 1912 1661 6523
3 1912 6002 1661
3 5400 7420 3499
3 3499 7420 6523
3 2905 5400 3499
3 4654 3499 7517
3 4654 2905 3499
3 5313 7517 3499
3 5313 6523 1616
3 6523 5313 3499
3 5313 5210 7517
3 5210 5313 2172
3 2172 5313 1616
3 3143 2905 4654
3 3143 4654 3488
3 3858 426 5421
3 570 3829 4598
3 759 3946 5911
3 759 5911 3024
3 7497 5911 1751
3 1751 5911 4733
3 4733 5911 4119
3 2753 4733 6109
3 2424 6109 4733
3 1751 7383 7497
3 2523 7359 5830
3 4207 3079 3710
3 4207 3710 1196
3 4207 1196 5436
3 1196 3710 3288
3 3288 3710 5830
3 3357 5436 1196
3 3357 1196 5613
3 3288 5613 1196
3 5802 5447 6085
3 3114 6085 7544
3 3114 7544 4907
3 3114 4907 4481
3 7544 6085 2093
3 915 4987 7544
3 4987 5550 7544
3 915 7544 6446
3 6446 7544 5650
3 4907 7544 5550
3 7601 4987 915
3 7601 915 6446
3 4511 7389 2158
3 5718 3826 6326
3 2892 3826 5718
3 873 1632 5718
3 873 5718 6326
3 873 6326 6102
3 7331 2373 5498
3 5498 2373 4871
3 3885 2373 7331
3 4107 5718 2151
3 2151 5718 1632
3 2892 5718 4107
3 4422 3142 5865
3 3142 4422 1868
3 6403 5865 3142
3 5966 5216 7248
3 7248 3215 154
3 3215 7248 5216
3 7386 3215 5216
3 7386 5216 6841
3 7386 6841 6694
3 7138 7245 4895
3 2306 7245 6437
3 1190 7268 2306
3 1190 2306 6437
3 1190 812 7268
3 6437 6084 1190
3 812 1190 6084
3 6396 6084 6437
3 4016 4936 7493
3 4016 7493 4687
3 4687 7493 2480
3 7493 4546 2480
3 2923 4546 4059
3 4059 4546 7493
3 7439 3446 6395
3 3446 7439 3529
3 3446 3529 6963
3 5087 6395 3446
3 3446 6963 7571
3 4223 2195 2659
3 2195 7571 1111
3 2195 1111 2659
3 5785 2195 4223
3 5308 2659 1111
3 5308 1111 1853
3 1853 1111 7571
3 5087 3446 2195
3 3446 7571 2195
3 5785 5087 2195
3 5980 6395 5087
3 7094 5980 5785
3 5785 5980 5087
3 6886 5717 2469
3 6886 2469 3374
3 7282 7343 5578
3 7282 756 7343
3 6418 3489 3642
3 3574 3489 5279
3 3574 5279 162
3 6418 5279 3489
3 6418 3642 2564
3 756 3489 6216
3 756 6216 3652
3 6216 3489 3574
3 1754 6216 6719
3 6719 6216 3574
3 6719 3574 7214
3 3458 7559 471
3 7099 1928 4294
3 1348 4294 3492
3 1348 3492 273
3 3492 4294 1287
3 1287 4294 1928
3 4294 1348 936
3 4294 936 2191
3 2191 936 2556
3 4727 2191 2556
3 2556 936 3352
3 3352 936 1348
3 3352 1348 273
3 7099 4294 2191
3 5046 7099 5017
3 726 5046 5017
3 1948 6621 726
3 1948 726 5017
3 1948 5017 3209
3 3209 5017 3323
3 5178 6621 1948
3 6957 5178 1948
3 6957 1948 7319
3 7231 1601 7319
3 5964 7319 1601
3 5964 6957 7319
3 5877 3370 5964
3 5964 3370 6957
3 6922 6893 5877
3 6922 5877 5964
3 4167 5178 3370
3 4167 3370 4844
3 7054 824 5178
3 4167 7054 5178
3 3675 7237 7054
3 7237 3982 7054
3 3675 7054 5275
3 6205 458 1066
3 1066 458 5935
3 1066 5935 5961
3 7573 4931 5749
3 6319 7573 3478
3 6319 3478 2517
3 3884 2705 7436
3 7436 2705 3008
3 6205 3884 7436
3 6399 3008 4518
3 4518 6784 6399
3 6784 4518 6202
3 6784 6202 1929
3 3938 6202 4518
3 3938 4518 2563
3 5579 6202 3938
3 5579 6904 6202
3 6202 6904 1929
3 1929 5535 6784
3 5535 1929 6904
3 7145 5535 6904
3 4401 5535 2468
3 4401 2468 6343
3 2468 5535 7145
3 5274 2149 4401
3 5274 4401 6343
3 6391 6602 2727
3 2727 6602 1856
3 2727 3214 2365
3 6391 2727 2365
3 4160 2365 3214
3 3214 1856 6343
3 2727 1856 3214
3 3621 5417 7575
3 4778 3840 4580
3 6898 4580 7575
3 7575 4580 3840
3 4182 4884 5529
3 4884 6514 5529
3 2902 6282 835
3 2902 835 2883
3 2902 2883 2475
3 7593 1689 4680
3 5589 5016 7593
3 2071 7072 5016
3 2071 5016 4184
3 810 4184 6542
3 810 6542 2227
3 810 2227 4307
3 7454 2227 442
3 6542 5786 442
3 6542 442 2227
3 67 7454 2398
3 4632 1385 2830
3 4632 2830 4291
3 2830 1385 910
3 755 2830 3646
3 4291 2830 755
3 5797 755 3646
3 910 3646 2830
3 5292 4291 755
3 755 5797 5292
3 6866 6599 5265
3 4966 1860 3318
3 3318 1860 5207
3 5292 4966 4037
3 5292 4037 2429
3 3318 4037 4966
3 3208 5327 4037
3 3678 5327 3208
3 3678 3208 46
3 5207 46 3208
3 3208 3318 5207
3 3318 3208 4037
3 2429 4037 5327
3 5333 5327 3678
3 2342 5254 6758
3 2342 6758 4537
3 1284 6935 538
3 6935 5795 538
3 5795 2819 538
3 1834 5795 6935
3 6935 1284 5220
3 5220 1284 5383
3 5383 1284 538
3 5383 538 2819
3 3104 1834 6935
3 381 3104 6935
3 381 6935 3599
3 381 3599 3077
3 3599 6935 5220
3 3077 6434 4093
3 3077 4093 1604
3 6434 3599 650
3 3599 6434 3077
3 709 5740 6351
3 1808 6351 5740
3 7453 6479 4255
3 3245 1382 6364
3 5553 6364 2353
3 5553 3245 6364
3 6710 7450 1911
3 4388 5610 1985
3 3143 6578 2905
3 607 6578 3985
3 607 3985 6587
3 3985 6578 5753
3 5753 2593 3195
3 457 5984 1496
3 1496 5984 2814
3 1250 457 1496
3 1250 1496 2924
3 2924 1496 3012
3 3012 1496 2814
3 3876 3012 2814
3 3012 3876 2924
3 3959 5467 6504
3 4332 7015 1258
3 1258 7015 3959
3 1538 4332 226
3 1538 226 3024
3 1258 759 226
3 759 1258 2913
3 1258 226 4332
3 3325 7278 1932
3 1932 7278 1921
3 7359 2523 1921
3 1921 2523 1932
3 987 7398 2118
3 2009 7398 987
3 5468 3204 5801
3 3247 5801 4977
3 3247 4977 4220
3 5468 5801 3247
3 3496 5468 3247
3 3496 3247 4422
3 4422 3247 4220
3 5154 6411 5895
3 7268 6147 1567
3 6147 7268 5895
3 1815 6147 5895
3 3105 6147 1815
3 3105 5850 6147
3 7138 5788 7386
3 7386 5850 3105
3 5850 7386 5788
3 5788 7138 4895
3 5850 5788 3130
3 5788 4895 3130
3 2306 1567 3130
3 2306 3130 7245
3 7245 3130 4895
3 7268 1567 2306
3 5850 3130 6147
3 6147 3130 1567
3 2949 6411 5154
3 2949 5154 253
3 2949 253 5444
3 5826 7023 4637
3 2480 6210 4687
3 7469 4687 6210
3 7005 4376 6744
3 6744 5779 2768
3 5779 6744 4376
3 1675 4376 7005
3 4376 1675 2359
3 4376 2359 5779
3 2359 1704 6203
3 2359 6203 2388
3 6203 1704 4886
3 2982 2388 6203
3 5950 2982 4341
3 5950 4341 2772
3 2687 1884 5142
3 1884 2687 6395
3 7439 6395 2687
3 5142 1884 5167
3 5980 5167 6395
3 6395 5167 1884
3 2996 372 5717
3 3955 2996 7018
3 3887 2741 1754
3 6719 3887 1754
3 6719 7214 3427
3 3463 4170 3427
3 3427 4170 6719
3 6719 4170 411
3 6719 411 3887
3 4431 1974 3463
3 4431 3463 4234
3 7099 4441 1928
3 5378 7237 3675
3 5378 3675 6984
3 953 1295 6984
3 7116 6809 6984
3 5935 5379 5263
3 5379 5935 5107
3 5946 4378 7573
3 7573 7613 7217
3 7217 4931 7573
3 7573 6319 7132
3 1594 7132 6319
3 4360 1594 2517
3 4360 2517 7436
3 6319 2517 1594
3 2845 3650 5876
3 2548 4560 4778
3 4778 4560 6245
3 1617 2548 5831
3 3781 488 5192
3 4755 4698 1600
3 4755 1600 68
3 7072 4491 1573
3 7072 1573 1689
3 1689 1573 4680
3 4680 1573 6282
3 6831 4491 4097
3 6969 2071 4184
3 4184 1827 6969
3 4184 810 1827
3 1827 810 4307
3 3020 5311 1827
3 3020 1827 4307
3 1827 5311 6969
3 5311 3020 5759
3 5759 3020 4307
3 5759 4307 4627
3 5759 6288 6717
3 7262 3683 1164
3 1657 2976 2438
3 993 6356 7321
3 7321 6356 6873
3 7321 6873 3244
3 2114 6356 993
3 2114 993 1356
3 1356 993 5338
3 1913 550 5072
3 2102 6869 4632
3 2721 1585 4501
3 1585 2721 6050
3 2714 2473 4501
3 2714 4501 3132
3 3132 4501 1585
3 4837 6627 6676
3 6676 6627 3132
3 4910 4837 6676
3 234 6787 5165
3 5165 2643 2489
3 2643 5165 6787
3 4380 6787 234
3 5108 1646 4713
3 5108 4713 2342
3 2342 4713 5254
3 5254 4713 6787
3 6787 4713 2643
3 2643 4713 1646
3 4328 1646 5108
3 5795 1280 456
3 4328 456 1280
3 7102 1280 6889
3 6889 1280 5795
3 6889 5795 1834
3 5795 456 4806
3 3612 7102 6889
3 4186 6193 3475
3 6193 6889 3475
3 1834 3475 6889
3 381 4186 3475
3 3104 381 3475
3 3104 3475 1834
3 3077 4186 381
3 3164 3398 7519
3 3525 7301 5140
3 6656 4405 5140
3 1808 5789 6351
3 3245 5789 1382
3 6601 5789 3245
3 6601 3245 4221
3 6734 55 7608
3 7608 5553 6734
3 5042 254 2504
3 6734 2504 254
3 5519 7313 2875
3 7016 2244 5252
3 6268 7016 5252
3 685 3821 6268
3 7340 7088 685
3 7340 6710 1911
3 6710 7340 685
3 4388 7340 1911
3 7088 7340 2703
3 7088 2703 1414
3 7088 1414 4613
3 2703 4388 1985
3 4388 2703 7340
3 6587 4613 1414
3 6587 1414 607
3 607 1414 2703
3 607 2703 6578
3 6578 2703 1985
3 4333 4602 2328
3 473 4333 2328
3 473 2328 5883
3 6486 6849 4349
3 5300 6486 4349
3 5300 4349 2095
3 2095 4349 7009
3 7179 5300 2095
3 7179 2095 3428
3 3428 2095 7009
3 5741 7179 3428
3 5741 3428 2183
3 5101 2183 417
3 3486 1873 5101
3 3486 5101 457
3 457 5101 117
3 1250 4452 3486
3 1250 3486 457
3 1873 3486 4452
3 7275 6348 7015
3 7275 7015 3494
3 3494 7015 4332
3 267 1903 4612
3 267 4612 6389
3 7278 6389 2350
3 2350 6389 4612
3 1170 1903 267
3 1170 267 6883
3 6883 267 6389
3 6883 6389 7278
3 2878 6452 7278
3 7278 6452 6883
3 5094 943 2449
3 5094 2449 5026
3 6452 2449 943
3 6335 5026 2449
3 6335 2449 1547
3 1547 2449 3729
3 3729 2449 6452
3 3729 6452 2914
3 6154 6335 1547
3 6154 1547 3708
3 3708 1547 3729
3 7186 6015 6154
3 1938 3503 7389
3 1938 7389 5147
3 3964 7398 2009
3 7042 3564 3965
3 856 3043 3965
3 856 3965 3564
3 5444 4181 2949
3 3308 4181 5444
3 2929 1344 4263
3 6210 7077 7469
3 6210 6421 5303
3 6210 5303 7077
3 5581 6421 6950
3 6421 7396 6950
3 6950 7396 2941
3 6744 2858 6549
3 6744 6549 7005
3 2532 4312 7580
3 4312 2532 4476
3 3955 1039 998
3 4341 3894 2772
3 2772 3894 998
3 5142 3894 2687
3 5231 2575 6575
3 1809 5999 6680
3 4716 7060 2757
3 4716 2757 2506
3 1662 3067 4716
3 1281 240 3346
3 1822 240 1281
3 1974 3651 1822
3 1822 3651 240
3 240 3651 6173
3 240 6173 3346
3 1725 4539 7559
3 7559 4539 4724
3 7559 4724 4232
3 6173 1978 5743
3 5288 1978 4539
3 4539 1978 4169
3 4169 1978 6173
3 5288 5743 1978
3 7237 4139 4406
3 5378 4139 7237
3 2015 2602 6132
3 4859 343 2540
3 6589 4859 487
3 1734 487 347
3 347 487 2540
3 347 2540 3916
3 2540 487 4859
3 1107 3898 5988
3 3670 1107 5482
3 5482 1107 1803
3 2708 3670 2729
3 2729 3670 5903
3 2033 5184 517
3 2033 517 6543
3 6543 517 2414
3 2414 517 7132
3 7132 517 5184
3 5184 2033 5515
3 879 6543 2414
3 879 2414 7132
3 879 7132 7265
3 7477 5937 879
3 2580 7477 7265
3 879 7265 7477
3 3650 4124 1369
3 3650 1369 209
3 5992 3650 2845
3 3287 5992 6329
3 3157 6329 6634
3 1617 4494 4427
3 4729 3882 6767
3 1300 4729 6767
3 6811 449 886
3 6967 6811 6831
3 4755 6811 886
3 6831 6811 4755
3 2752 5682 5317
3 5317 5682 4082
3 697 3705 1079
3 5311 7407 6969
3 6969 7407 5060
3 6717 7407 5311
3 6717 5311 5759
3 2364 4567 7387
3 7321 2210 5338
3 993 7321 5338
3 7321 3244 151
3 6030 5942 1752
3 5942 6030 6444
3 3751 5045 6740
3 3751 6740 6835
3 5256 6627 4837
3 2423 5110 7511
3 5110 2423 4837
3 5110 4837 4910
3 3980 7511 5110
3 3980 5110 4910
3 4483 3466 3980
3 4483 3980 7379
3 4483 7379 5655
3 7379 3980 2029
3 618 7379 4380
3 5165 618 234
3 618 4380 234
3 5655 618 5165
3 5655 5165 2375
3 2489 2375 5165
3 4380 7379 2029
3 7379 618 5655
3 2109 393 1449
3 2109 1449 4233
3 4233 1449 5655
3 1449 3622 5655
3 3622 1449 393
3 6121 393 2109
3 4020 2109 4233
3 4020 4233 2489
3 2489 4233 2375
3 2375 4233 5655
3 1146 6121 2109
3 1146 2109 4020
3 4328 3148 1646
3 456 4328 5108
3 456 5108 4806
3 1280 7102 3148
3 1280 3148 4328
3 4192 5859 2343
3 2343 5859 7102
3 5134 4192 2343
3 2943 5134 2343
3 2943 2343 5574
3 5574 2343 3612
3 3164 5574 1983
3 5574 7428 2943
3 7428 3164 7519
3 3164 7428 5574
3 6129 3160 5499
3 5499 3160 5367
3 3160 7428 5367
3 5499 5367 2094
3 1770 5499 2094
3 1770 2094 5821
3 3609 6729 2361
3 2361 6729 5821
3 1049 1249 6729
3 1049 6729 3609
3 1049 3609 7297
3 7297 3609 5224
3 5224 3609 2361
3 6601 4221 4917
3 7313 2617 6780
3 2617 7313 5519
3 1607 5082 2617
3 1607 2617 5519
3 2617 5082 6780
3 7059 5082 1607
3 7059 6471 1592
3 6471 7059 1607
3 6471 1607 4745
3 4745 1607 5519
3 4463 5953 7495
3 4463 7495 4712
3 7495 5953 1259
3 1132 5348 4414
3 4414 5348 3158
3 5588 3158 2899
3 2899 3158 5348
3 2899 5348 4799
3 3630 5588 2899
3 3630 2899 4561
3 6357 2899 4799
3 2561 4730 4561
3 2561 4561 6357
3 6928 6144 4809
3 2031 3266 6928
3 2031 6928 1252
3 4242 1252 6928
3 4242 6928 2205
3 312 1810 1765
3 2205 1765 1810
3 2205 1810 1605
3 4359 1605 1810
3 6486 5258 1767
3 6486 1767 4578
3 7179 7533 5300
3 5300 7533 7323
3 6401 7533 7179
3 2550 4356 4464
3 4356 4309 4464
3 4912 4356 3136
3 3136 4356 2550
3 5741 4464 6401
3 6401 4464 4309
3 5741 2550 4464
3 3310 3136 2550
3 3310 2550 5101
3 7129 1170 6195
3 221 5094 5026
3 221 5026 5760
3 6335 5760 5026
3 7381 7186 2512
3 2512 7186 1938
3 2512 1938 2453
3 2512 2453 7381
3 2453 1938 501
3 6060 7381 2453
3 6060 2453 501
3 1500 6060 1963
3 1963 461 1431
3 6060 461 1963
3 7398 3964 5147
3 5446 1500 1963
3 5446 1963 1728
3 2636 1728 1963
3 2636 1963 286
3 3972 1728 2636
3 3972 2636 862
3 596 862 2636
3 596 2636 286
3 5471 3965 5636
3 3965 5471 7042
3 1645 5471 5636
3 4263 5484 513
3 4263 513 2929
3 5303 5738 7077
3 3745 1693 4622
3 4622 1693 3060
3 7133 6568 990
3 5581 7133 990
3 5581 990 6421
3 783 7566 5426
3 783 5426 6382
3 2941 5426 6950
3 6382 5426 2941
3 783 6382 6433
3 6433 6382 120
3 5435 6625 6775
3 6976 7125 5435
3 3180 5929 6976
3 7125 6976 5929
3 7167 1222 5028
3 5028 1222 5032
3 5032 1222 2881
3 2881 1222 6976
3 1626 5032 2532
3 5028 5032 1626
3 5028 1626 7209
3 2928 7209 1626
3 7096 5808 5309
3 6680 606 1809
3 2757 7060 1925
3 4056 1818 1925
3 7060 2637 4056
3 7060 4056 1925
3 4659 2236 2637
3 4659 2637 2450
3 1293 2442 2735
3 1293 2735 973
3 5146 973 2735
3 2442 7255 2735
3 2677 2442 1293
3 2677 1293 3346
3 3346 1293 973
3 3694 2442 820
3 820 2442 2677
3 5103 5981 820
3 5103 820 3942
3 3942 820 3320
3 3320 2577 3942
3 5743 2577 3320
3 3942 3058 748
3 2577 3058 3942
3 2577 5197 3058
3 2602 2015 3058
3 3058 2015 6584
3 3058 6584 748
3 6991 6584 2015
3 6589 6747 6082
3 6589 6082 4859
3 4350 6589 487
3 4350 487 1734
3 1126 4350 1734
3 1803 1126 1734
3 2880 1126 1803
3 5988 2880 1107
3 1107 2880 1803
3 83 2672 2702
3 4240 5641 4735
3 4735 5641 1179
3 4735 1179 2048
3 2048 1179 6543
3 2033 6543 1179
3 1179 5515 2033
3 5515 1179 5641
3 2048 6543 3669
3 4735 2048 219
3 219 2048 6295
3 6295 2048 3669
3 6295 3669 5937
3 3052 6720 7477
3 7477 6720 5937
3 4450 3086 6720
3 4450 6720 1387
3 4450 1387 6828
3 1387 3052 5955
3 3052 1387 6720
3 6828 1387 4872
3 4872 1387 5955
3 2168 2129 6725
3 7043 5432 6339
3 6339 6634 576
3 6634 6339 3157
3 3157 6339 5432
3 4729 2859 3628
3 2120 7043 5347
3 1934 5347 4505
3 5915 4505 5347
3 5915 5347 7043
3 5915 7043 6339
3 2120 5347 5629
3 5629 5347 1934
3 2676 5629 3837
3 112 1926 4841
3 2405 6494 2891
3 2405 2891 642
3 2405 642 6197
3 4549 2268 1347
3 4549 1347 2752
3 3505 6033 5354
3 1550 5354 7387
3 1550 7387 5684
3 1641 7057 6065
3 3717 1641 6065
3 2610 3717 5280
3 3717 2225 5280
3 6580 5280 2225
3 2782 2225 3717
3 5280 6580 6463
3 6463 6580 2545
3 6580 2225 2782
3 6417 6539 5612
3 6417 5612 409
3 6417 7321 151
3 7321 409 2210
3 6539 6417 2662
3 6539 2662 7367
3 3919 6539 4865
3 2214 6596 2154
3 3290 5677 1752
3 3290 1752 5942
3 3688 2631 5942
3 3688 5942 4742
3 2423 7511 3688
3 4837 2423 5256
3 5256 2423 3688
3 1844 6738 784
3 6738 1844 3289
3 2970 4192 784
3 2970 784 6738
3 2970 6738 3466
3 4192 2970 6121
3 4192 6121 5859
3 6121 2970 3466
3 3622 2777 4483
3 393 6121 2777
3 393 2777 3622
3 5655 3622 4483
3 4483 2777 3466
3 1146 5859 6121
3 6048 3289 1844
3 6048 1844 22
3 5201 784 5134
3 784 5201 1844
3 1844 5201 22
3 5117 4019 6961
3 5117 6961 5113
3 7345 3160 6129
3 3160 7345 7428
3 5449 6129 5986
3 6169 5986 1790
3 1790 5986 6129
3 4706 5555 1876
3 1876 5499 1770
3 4532 4706 1876
3 4532 1876 3133
3 1770 3133 1876
3 3133 1770 5821
3 1880 3133 6729
3 6729 3133 5821
3 7108 1880 6729
3 7108 747 7191
3 3962 3570 1021
3 7297 1532 1049
3 1049 1532 3570
3 1049 3570 1249
3 3570 5952 1021
3 5411 3962 1021
3 5411 1021 6780
3 5952 6780 1021
3 5082 5411 6780
3 4928 7059 1592
3 2776 3033 7597
3 2776 7597 4928
3 3817 1048 6314
3 2591 1048 3817
3 1521 3817 5669
3 5669 3817 4517
3 4517 3817 6314
3 4414 5669 4517
3 4414 4517 1132
3 1132 4517 7495
3 7495 4517 6314
3 2031 7302 3630
3 7302 1252 657
3 1252 7302 2031
3 2031 3630 3266
3 3166 5531 6367
3 5531 3166 1493
3 1493 3166 6810
3 4565 5531 1493
3 3833 4565 1493
3 6749 7007 4565
3 6749 4565 1706
3 1706 4565 3833
3 4912 3319 4356
3 7403 6597 3319
3 7403 3319 4912
3 4309 4356 3319
3 4309 3319 6401
3 2918 7403 4912
3 2058 2964 7456
3 2964 2058 263
3 2918 263 2058
3 1138 7456 2964
3 6052 1138 2964
3 2784 6052 731
3 1175 1138 6052
3 1175 6052 3586
3 3586 6052 2784
3 5385 3586 2784
3 4671 5622 5094
3 6195 5094 5622
3 4671 221 5760
3 221 4671 5094
3 5291 1847 6544
3 2386 6453 5596
3 5600 5596 4136
3 4136 7133 7566
3 7566 5600 4136
3 1569 7133 4862
3 4862 7133 4136
3 4862 4136 5596
3 7111 5600 12
3 12 5600 7566
3 783 6433 12
3 783 12 7566
3 12 6433 7111
3 5341 7111 6433
3 5341 6433 6093
3 1091 7125 1135
3 1135 7125 5929
3 3438 683 5376
3 3438 5376 1797
3 1089 5376 683
3 2831 5376 1089
3 2831 1089 6595
3 5161 6595 5929
3 3991 5161 5929
3 6716 5028 7209
3 5028 6716 6683
3 5028 6683 7167
3 7167 6683 7140
3 6635 6716 5003
3 6635 5003 2460
3 5003 6716 9
3 3578 4302 5584
3 5584 4302 5003
3 5584 5003 1352
3 5584 1352 7249
3 5752 459 6420
3 5752 6420 2197
3 2197 6420 5800
3 5309 6420 7096
3 7096 6420 5737
3 5752 2197 3593
3 3593 2197 302
3 3194 5131 1746
3 5131 4908 1746
3 971 7130 4792
3 4792 7130 3194
3 971 4394 7130
3 5158 5631 7525
3 1721 6325 6675
3 7525 6675 6325
3 6675 7525 5631
3 346 2245 5644
3 346 5644 5146
3 5644 2245 1905
3 5047 4393 2572
3 4393 5047 2245
3 4393 2245 346
3 7253 2572 4393
3 7253 4393 7255
3 7255 4393 2735
3 2735 4393 346
3 2735 346 5146
3 5346 4619 5780
3 5346 5780 1755
3 1755 5780 2237
3 4619 5346 2001
3 2001 7066 4619
3 3792 5025 6584
3 3792 6584 6991
3 6584 5025 360
3 4861 7098 3018
3 6026 4861 3018
3 6026 3018 2294
3 2164 6739 5189
3 3175 4036 6739
3 3175 6739 4042
3 5937 6720 6295
3 3284 7433 6295
3 3284 6295 3383
3 2123 3284 3383
3 5244 6227 144
3 6041 5244 1731
3 6041 1731 6828
3 5244 4450 1731
3 4450 6828 1731
3 4872 4191 6828
3 1113 7460 7465
3 4424 7465 2074
3 2074 7465 7460
3 7121 6355 6632
3 605 5990 5629
3 605 5629 7277
3 2019 7277 5629
3 1077 4702 7277
3 1077 7277 2855
3 5461 4702 1077
3 5461 1077 6918
3 6918 1077 5371
3 4944 4489 2405
3 4944 2405 6197
3 2405 4489 6494
3 4944 1041 5466
3 5466 1041 3520
3 3878 5466 2428
3 2428 5466 3520
3 470 2428 3520
3 470 3520 7104
3 7057 6871 7104
3 6871 7057 1641
3 1900 6146 2610
3 1900 2610 1069
3 2610 6146 6871
3 2140 5920 5280
3 2610 5280 1069
3 1069 5280 5920
3 6220 5920 2140
3 6220 2140 292
3 6220 292 3088
3 7500 6463 5512
3 2545 5512 6463
3 7045 5512 2545
3 5395 3919 6287
3 5395 7045 3919
3 6287 7367 4006
3 6949 337 6302
3 6302 337 6596
3 6422 6302 6596
3 5083 7000 4387
3 4387 7000 6422
3 6161 374 2864
3 4976 1312 6048
3 5958 5449 5928
3 5433 5928 5986
3 5986 5928 5449
3 5433 5986 6169
3 3268 6138 1178
3 5693 3268 1178
3 129 5878 1178
3 129 1178 6169
3 6169 1178 5433
3 5433 1178 6138
3 7568 5878 7061
3 5878 7568 5693
3 1944 4502 4532
3 4532 4502 4083
3 7108 6233 1880
3 4502 6092 5393
3 1697 5344 4188
3 5249 5647 6073
3 923 6073 5647
3 6701 4574 2739
3 3166 3211 1521
3 1521 3211 3817
3 3817 3211 2591
3 7136 5774 4196
3 4196 6003 1778
3 6003 4196 5774
3 7007 4196 4565
3 4565 4196 5531
3 5531 4196 1778
3 4196 7007 7136
3 6385 5221 599
3 599 5221 6749
3 41 6604 6385
3 6385 599 6749
3 3103 41 6749
3 1706 3103 6749
3 6385 6749 41
3 41 3103 6604
3 6705 3103 1706
3 6705 6604 3103
3 7403 750 6597
3 3944 2103 1175
3 3453 3944 2153
3 7252 3453 2153
3 2153 3944 1175
3 5241 7252 2765
3 3901 5241 64
3 64 5241 2765
3 4282 7542 4951
3 5291 4282 1624
3 1624 4282 5760
3 5291 6544 7542
3 4018 5215 7542
3 5505 7111 5341
3 3598 6451 7101
3 7101 6451 3443
3 3438 7101 3443
3 7101 1797 2680
3 3598 7101 2907
3 2907 7101 2680
3 6196 2907 972
3 2907 6196 3598
3 6174 7274 5376
3 6174 5376 2831
3 6174 2831 1764
3 1764 2831 7294
3 7294 2831 7050
3 3109 7294 7050
3 1940 3536 7366
3 7366 3536 3254
3 5013 4065 6384
3 4394 4292 4065
3 4394 4065 6398
3 4394 6398 1709
3 6398 4065 6373
3 5013 6373 4065
3 6384 4065 4292
3 3399 192 6398
3 192 1709 6398
3 6373 3399 6398
3 7249 192 3399
3 7249 3399 5584
3 5584 3399 6373
3 7249 5752 918
3 5752 3593 918
3 7249 935 192
3 192 935 7130
3 192 7130 1709
3 5649 5013 6384
3 5183 5649 6384
3 5183 2206 6502
3 2206 6384 6770
3 6384 2206 5183
3 7525 1906 2206
3 7525 2206 6770
3 2206 1906 6502
3 6325 3543 7525
3 1228 3543 6325
3 3276 425 6325
3 1721 3276 6325
3 416 425 3276
3 2572 416 5047
3 5047 416 3276
3 5047 3276 1721
3 5126 5218 416
3 5218 5126 6365
3 6365 5126 7253
3 7487 7416 1443
3 2237 1368 1755
3 1755 1368 5346
3 5813 7230 6772
3 6772 3792 5813
3 2156 3792 6772
3 4619 7066 5780
3 5780 7066 6772
3 6772 7066 2156
3 3332 4268 4386
3 4386 4268 3594
3 157 111 4861
3 5270 1768 111
3 5270 111 157
3 157 4861 7433
3 4861 111 7098
3 7098 111 194
3 5270 157 3957
3 3957 157 7433
3 3284 2123 7433
3 6049 3865 4164
3 4164 2866 3957
3 4164 3865 2866
3 7052 6049 4164
3 7052 4164 5244
3 6227 5244 4164
3 7127 448 2866
3 7127 2866 3865
3 1561 7127 3865
3 1561 3865 6432
3 6432 2440 428
3 7052 7460 6049
3 2074 1060 6041
3 5244 6041 7052
3 7052 6041 1060
3 7052 1060 7460
3 6805 1113 7465
3 1113 6805 2718
3 4318 6805 43
3 4318 43 4559
3 7465 43 6805
3 7594 4219 7121
3 1086 7121 848
3 2485 1086 848
3 2485 848 3553
3 1833 2945 2485
3 1833 2485 7615
3 7615 2485 3553
3 5461 5680 4702
3 2428 470 1802
3 2428 1802 5431
3 1802 470 4816
3 470 7104 4816
3 2684 575 4816
3 2937 5542 575
3 2937 575 609
3 609 575 2684
3 609 2684 5643
3 2684 4816 4552
3 1802 4816 575
3 1802 575 5542
3 962 5643 2684
3 962 2684 4552
3 6146 4552 6871
3 4552 6146 962
3 962 6146 7360
3 7203 1850 1900
3 1900 1850 7360
3 1900 7360 6146
3 5920 7203 1900
3 1069 5920 1900
3 6220 3088 7203
3 5920 6220 7203
3 4140 3917 789
3 4140 789 7134
3 789 3917 3929
3 5864 7134 789
3 5864 789 6921
3 5611 6626 5188
3 6626 5611 5387
3 6921 5387 5611
3 6626 6116 7500
3 5861 7500 5512
3 5861 5512 5395
3 6641 5861 2199
3 2199 5861 5395
3 6287 1458 2199
3 6287 2199 5395
3 337 6949 3355
3 4006 337 3355
3 4006 3355 2180
3 2044 5380 3261
3 3261 5380 443
3 2204 443 6949
3 6949 443 5380
3 4130 3261 859
3 859 3261 443
3 2204 859 443
3 6598 859 2204
3 6302 4416 304
3 2014 4416 3053
3 2014 3053 4737
3 4305 7000 5083
3 5433 2533 5928
3 2334 7579 5958
3 1137 2334 5928
3 1137 5928 2533
3 5928 2334 5958
3 2798 1137 6064
3 6064 1137 6138
3 6138 3482 4250
3 4389 3268 5693
3 6138 3268 4389
3 7347 3921 5585
3 7347 5585 3184
3 5585 3112 3184
3 3112 5585 4828
3 7056 5562 7314
3 7568 7314 5562
3 7568 5562 5693
3 5693 5562 7344
3 6344 5679 1990
3 6344 1990 7224
3 7224 1990 23
3 2426 632 7161
3 632 2131 7161
3 3291 3771 1898
3 1898 3771 7161
3 4621 2276 7451
3 2276 4621 7056
3 7056 4621 7161
3 7161 4621 1898
3 2886 7451 2276
3 2886 2276 7314
3 7056 7314 2276
3 4948 7568 7061
3 3605 7568 5748
3 3605 7314 7568
3 4948 5748 7568
3 5074 5748 4948
3 3291 5074 4948
3 7451 3291 1898
3 4621 7451 1898
3 7451 3605 5748
3 5074 7451 5748
3 3605 2886 7314
3 2886 3605 7451
3 5393 6092 4484
3 4484 6092 5321
3 5321 6092 1625
3 6648 5344 1697
3 5344 1351 4288
3 5344 4288 3516
3 4288 1351 1609
3 7602 3516 5293
3 1647 5293 4288
3 4288 5293 3516
3 6271 7602 6003
3 6003 5293 1647
3 5293 6003 7602
3 5774 6271 6003
3 7136 2839 1614
3 1869 5102 6385
3 6385 5102 5221
3 5221 5102 2839
3 6385 2841 1869
3 5102 776 6659
3 6659 6163 5102
3 6659 776 3757
3 1535 776 1869
3 1869 776 5102
3 5463 5513 3124
3 3124 5513 268
3 3124 268 2619
3 2673 5463 6774
3 6774 5463 6746
3 6774 6746 3944
3 6774 3944 3453
3 6774 3453 1965
3 3944 6746 2103
3 3453 7252 1965
3 5241 2235 7252
3 6196 2235 5241
3 1965 7252 2235
3 1965 2235 6774
3 2673 6774 6196
3 6196 6774 2235
3 7560 1864 933
3 3672 7560 6174
3 6174 7560 933
3 6926 3672 7294
3 7294 3672 1764
3 1764 3672 6174
3 6926 7294 3339
3 3109 3339 7294
3 6533 2569 5038
3 7193 5038 717
3 717 5038 1940
3 1940 5038 2569
3 7366 5336 1940
3 717 1940 5336
3 6533 5038 7044
3 7044 5038 7193
3 5412 5370 3661
3 2801 1062 6502
3 5649 1062 4606
3 4606 1062 2801
3 1062 5183 6502
3 5649 5183 1062
3 6593 1720 6798
3 6593 6798 2226
3 2226 6798 834
3 2226 834 425
3 834 6798 815
3 3543 815 1906
3 1228 834 3543
3 7525 3543 1906
3 1906 815 6502
3 834 815 3543
3 2226 4853 475
3 5218 475 4853
3 3617 2231 2645
3 3617 2645 3820
3 4073 3820 2645
3 7487 3820 7416
3 3459 6188 6714
3 4411 7518 454
3 4815 2720 7518
3 4815 7518 7127
3 7127 7518 448
3 4815 7127 1561
3 5709 2486 7492
3 4815 2486 5709
3 3049 2486 130
3 3049 130 1109
3 1109 130 3183
3 299 3049 1109
3 299 1109 1865
3 1865 1109 3183
3 5000 1865 2901
3 5000 2901 5602
3 2901 1865 191
3 191 1865 3183
3 1483 5602 1349
3 1483 1349 5439
3 7234 1349 1528
3 1786 1528 2901
3 2901 1528 1349
3 2901 1349 5602
3 5314 7234 4318
3 4559 5314 4318
3 3065 218 5314
3 7289 1953 1103
3 3065 1103 1953
3 7289 2791 7175
3 7175 2791 4588
3 2791 7289 4559
3 4559 7289 1103
3 4219 4736 2791
3 4219 2791 2175
3 260 3863 1490
3 260 1490 890
3 1490 3863 4736
3 4130 7251 3909
3 4130 3909 1031
3 2635 7251 4130
3 7251 2635 5211
3 5111 5211 2635
3 5111 2635 6598
3 5111 6598 3874
3 7014 2999 7586
3 2999 7014 4014
3 4014 7014 1339
3 1339 7014 1473
3 2014 4737 4490
3 5397 4490 584
3 2334 5397 5495
3 5495 5397 584
3 2612 4791 5397
3 4791 5804 5397
3 4791 2612 2595
3 2798 2612 5397
3 6669 53 6064
3 53 6669 2595
3 6861 3406 3482
3 3482 3406 6669
3 3482 6669 4250
3 4250 6669 6064
3 5890 6669 3406
3 7154 4218 4873
3 4218 7347 7283
3 7283 7347 4103
3 7347 4218 7154
3 3170 4218 7283
3 7032 3810 7283
3 5545 7283 3810
3 4103 7032 7283
3 1799 1438 3436
3 3436 1438 7032
3 3436 7032 4103
3 3400 3436 4103
3 1652 2173 1489
3 6608 5679 6344
3 6608 6344 1981
3 6344 2539 1981
3 632 7478 2376
3 2854 7478 2426
3 2426 7478 632
3 5381 7478 3971
3 5774 4096 1846
3 6733 5558 1522
3 1522 5558 7478
3 1522 7478 354
3 354 7478 5381
3 5989 6733 1522
3 5989 1522 225
3 225 1522 354
3 225 354 6163
3 5381 6163 354
3 2220 6659 3757
3 6163 6659 225
3 225 6659 2220
3 1121 6160 5240
3 1121 5240 2220
3 7328 2220 5240
3 3757 1121 2220
3 7576 1559 5240
3 7576 5240 6160
3 2583 259 6439
3 2583 6439 7560
3 2583 7560 133
3 7560 1775 133
3 1775 7560 3672
3 974 2774 5938
3 5938 5143 974
3 6926 2774 974
3 3770 5938 2774
3 3770 2774 6426
3 1506 1988 5689
3 6125 4864 2170
3 5445 3233 6125
3 5450 5445 1979
3 6702 3993 222
3 6702 222 62
3 6702 62 3627
3 6629 62 3725
3 6629 3725 2965
3 7044 2965 3725
3 7193 2965 7044
3 5457 6629 2965
3 6629 5457 5037
3 5457 2965 4281
3 4434 5457 4281
3 3635 4960 363
3 1221 2394 1698
3 1698 3098 6845
3 1951 3098 1698
3 1951 1698 2394
3 6178 1221 1698
3 6178 1698 2478
3 2478 1698 6845
3 4983 2478 6845
3 4660 7210 6454
3 2231 6454 2645
3 7483 2758 536
3 536 5214 7483
3 5000 4839 299
3 5000 299 1865
3 3049 299 6020
3 6020 299 4839
3 1483 5069 5602
3 7074 4938 2508
3 4752 7074 2508
3 4064 7074 4752
3 328 7074 4064
3 4953 2934 6999
3 4953 6999 7395
3 328 7395 6999
3 7153 6509 4953
3 7153 4953 7395
3 7153 7395 7289
3 3977 7289 7175
3 3977 7175 3863
3 7153 3977 7014
3 7586 7153 7014
3 1473 7014 3977
3 1726 7586 2543
3 2543 2999 4014
3 2999 2543 7586
3 1726 4972 7207
3 2543 4972 1726
3 4972 2543 6470
3 4791 7207 4972
3 6470 5804 4972
3 4972 5804 4791
3 5814 1615 150
3 5814 150 433
3 150 1615 2595
3 2216 5814 7004
3 7401 2216 7004
3 5971 2983 1612
3 3092 1562 3810
3 3810 1562 6025
3 6025 1504 5545
3 3013 6025 1562
3 1823 3092 3810
3 3810 6025 5545
3 3170 5545 1504
3 3170 1504 2983
3 3013 1504 6025
3 7032 1823 3810
3 2491 3013 1562
3 2491 1562 2809
3 2809 1562 3092
3 2809 3092 3993
3 4813 2221 842
3 6038 4902 1212
3 1212 4902 5228
3 7028 1651 5228
3 6942 1981 2539
3 6942 2539 1095
3 1981 6942 6608
3 675 6439 5989
3 6439 675 1559
3 6439 1559 7576
3 1559 675 7328
3 5989 7328 675
3 5240 1559 7328
3 3696 1388 4793
3 2583 4793 1388
3 1775 4793 2583
3 4793 148 3696
3 3696 148 7226
3 3770 2763 7026
3 3770 7026 5938
3 5938 7026 3074
3 5938 3074 5143
3 6426 2763 3770
3 7026 1506 7226
3 1506 5689 7226
3 7026 7226 3074
3 148 5143 3074
3 148 3074 7226
3 2763 1506 7026
3 3233 5554 6125
3 6125 5554 5689
3 6125 5689 1988
3 807 2064 5105
3 5105 2064 3627
3 6702 3627 2064
3 6702 2809 3993
3 2809 6702 2064
3 4577 5037 3422
3 722 2291 4960
3 6178 2447 991
3 2515 2978 3549
3 4057 2160 4983
3 4983 2160 2478
3 4741 7118 5481
3 4600 2471 7197
3 5716 7197 2471
3 3413 5602 5069
3 2016 5386 6039
3 6999 6039 1779
3 1779 6039 5386
3 478 5386 2016
3 478 2016 2216
3 1826 5386 478
3 1826 478 2216
3 7401 2443 2216
3 5971 2443 7401
3 5971 7401 2983
3 5236 5971 1612
3 5767 3013 2491
3 4279 5767 807
3 807 5767 2064
3 2064 5767 2491
3 4306 6079 1450
3 2515 1450 4074
3 2515 4074 2978
3 2978 4074 5477
3 2681 7195 7118
3 2681 7118 4741
3 7197 2681 4741
3 5716 2722 7197
3 258 1733 5401
3 258 5401 2128
3 2128 5401 2834
3 2834 5401 1455
3 1455 5401 7078
3 6244 1455 7078
3 6388 1455 6244
3 6388 6244 5386
3 5386 6244 1779
3 1779 6244 7078
3 6388 1826 4152
3 5386 1826 6388
3 4926 2834 4152
3 5971 4926 4152
3 5971 4152 2443
3 2128 2834 4926
3 2128 5236 258
3 4926 5236 2128
3 1716 7086 2665
3 1716 2665 7240
3 5188 7086 1716
3 2862 1716 7240
3 2862 7240 1718
3 6427 6176 2937
3 6427 2937 609
3 6427 609 5643
3 2551 6427 5702
3 2551 5702 2399
3 2551 2399 7134
3 5702 6427 5762
3 5762 6427 1710
3 7203 7304 1850
3 1850 7304 7360
3 4183 2658 74
3 5762 1889 7304
3 5762 7304 2658
3 7134 4183 4140
3 4140 4183 74
3 4140 74 7304
3 7304 74 2658
3 5762 2658 5702
3 4183 5702 2658
3 5702 4183 2399
3 2399 4183 7134
3 6176 6707 3583
3 3583 6707 1724
3 7134 1917 2551
3 2551 1917 6707
3 6176 2551 6707
3 1917 7134 5864
3 3545 5864 3941
3 3545 3941 6825
3 3941 5864 6921
3 6825 1119 4303
3 4303 1119 2804
3 1119 6825 3941
3 5188 5429 2804
3 5188 2804 5611
3 5611 3941 6921
3 1119 3941 5611
3 1119 5611 2804
3 5429 1716 2862
3 1716 5429 5188
3 3583 5429 2862
3 3583 2862 1718
3 1718 6176 3583
3 6825 4303 3715
3 1724 3715 4303
3 5864 3545 1917
3 1917 3545 6707
3 1724 6707 3715
3 3715 6707 3545
3 3715 3545 6825
3 6641 5539 7086
3 7547 5013 5649
3 605 7277 4702
3 605 4702 7615
3 7615 4702 1833
3 5931 4174 4852
3 4852 4174 5669
3 1645 3972 5471
3 254 7313 6734
3 7589 6399 6784
3 142 7205 7512
3 6619 7205 2372
3 2372 7205 3390
3 2372 3390 492
3 142 3390 7205
3 4965 6619 2372
3 4965 2372 322
3 4965 322 1845
3 1845 322 2885
3 2885 322 492
3 492 322 2372
3 7437 1544 3813
3 7437 3813 6267
3 3698 5556 1634
3 5485 6530 4879
3 4879 6530 2141
3 2141 6530 4876
3 3292 5485 4879
3 3292 4879 6882
3 481 6689 4473
3 481 4473 4044
3 7342 4044 4473
3 4423 3341 2827
3 3341 4423 4010
3 6962 3533 2827
3 6962 2827 3341
3 5869 2879 1908
3 1908 2879 6095
3 5869 3544 2738
3 2738 4351 700
3 700 4351 5361
3 4351 2738 3544
3 3544 3031 4351
3 1147 970 2694
3 7263 854 3721
3 224 854 7263
3 7263 3721 5880
3 2678 5880 5659
3 2072 327 2430
3 2072 2430 7144
3 7144 2430 2725
3 6198 7144 2725
3 6198 2725 2529
3 6962 4846 6198
3 5423 6962 6095
3 2738 700 2335
3 700 4418 2335
3 5423 6095 2335
3 6095 2879 2335
3 5869 2738 2335
3 5869 2335 2879
3 2072 4418 700
3 2072 700 5361
3 4418 5423 2335
3 7144 4418 2072
3 4418 7144 4846
3 4418 4846 5423
3 5423 4846 6962
3 7448 4423 1890
3 1890 4423 2827
3 1890 2827 2813
3 2813 2827 3533
3 5427 7520 7187
3 2998 7410 5124
3 2998 5124 369
3 2998 369 3073
3 5561 369 7543
3 369 5011 7543
3 5011 369 5124
3 5561 7543 797
3 797 7520 6089
3 7520 797 7543
3 5561 797 2389
3 6089 2389 797
3 6750 6089 5427
3 6750 5427 7410
3 7410 2998 6750
3 3073 369 5561
3 6750 2998 3073
3 2389 6750 5561
3 6750 2389 6089
3 3073 5561 6750
3 5088 7540 6170
3 5088 6170 1691
3 6874 7540 5088
3 2835 6874 5029
3 6874 2835 7540
3 6998 7181 4343
3 4343 7181 7540
3 1024 6998 4343
3 1545 1024 4343
3 1545 4343 7540
3 4901 5856 7526
3 7526 4200 4901
3 6517 4200 7507
3 7507 4200 5307
3 5307 4200 4113
3 7239 3798 7507
3 379 7239 7507
3 379 7507 718
3 3306 718 1998
3 3306 1998 2633
3 5307 1998 718
3 5307 718 7507
3 5443 3306 1575
3 718 3306 5443
3 718 5443 379
3 3631 7162 6644
3 6644 7162 1187
3 6644 1187 2633
3 277 3891 7162
3 3005 2603 3891
3 7162 3891 2603
3 2603 3005 1401
3 1440 508 4520
3 2445 2392 5833
3 2445 5833 7250
3 4824 6728 5389
3 4824 5389 2084
3 4824 2084 2778
3 3588 2084 5389
3 6983 1943 2778
3 6983 2084 3588
3 2084 6983 2778
3 4801 4032 6613
3 5909 4801 5391
3 5391 4801 6613
3 5310 5909 1231
3 5909 5391 1231
3 4514 1231 5391
3 6304 5508 5310
3 6290 4544 2948
3 5856 2578 4041
3 6269 465 1186
3 640 1186 465
3 640 465 2161
3 4200 6517 4901
3 2603 7239 5443
3 2603 5443 1575
3 379 5443 7239
3 3221 4905 3931
3 4905 4157 1785
3 1785 4157 3159
3 4544 69 5744
3 5508 7025 4824
3 5508 4824 2778
3 6172 7548 5603
3 7548 1975 5603
3 5603 1975 3328
3 5686 6885 3328
3 3328 6885 5603
3 5710 5603 6885
3 7272 5710 6885
3 6879 5710 7272
3 6879 7272 413
3 5603 5710 6172
3 6172 5710 6879
3 7415 4949 5015
3 7114 2326 6633
3 6449 7114 7030
3 1821 6570 5127
3 6570 1821 4558
3 1821 5127 2404
3 2404 5127 7290
3 1881 7070 5180
3 7070 1881 5979
3 7070 5979 6630
3 1986 7070 6911
3 5771 7070 1986
3 1546 4915 7260
3 6363 5747 79
3 6363 79 5625
3 5625 79 4925
3 141 4925 1589
3 1589 4925 79
3 1589 79 5747
3 6363 5625 5460
3 5625 4925 6431
3 1628 7341 2266
3 5230 1628 2266
3 5230 2266 5109
3 4703 7213 4863
3 2963 7213 860
3 860 7213 4703
3 860 4703 6128
3 7424 1656 5841
3 7075 5841 1656
3 1674 7424 5841
3 4665 1674 4536
3 4665 4536 4993
3 4536 1674 5841
3 7424 1674 4665
3 3192 7424 2513
3 2513 7424 3311
3 3311 7424 4665
3 1849 4417 6223
3 4417 6445 6223
3 2716 1849 6223
3 6223 6445 6186
3 6445 4417 1959
3 1690 7545 5096
3 5096 7545 2358
3 2716 6223 7545
3 7545 6223 1570
3 1570 6223 6186
3 7326 2025 3527
3 3317 7326 3527
3 165 5504 5299
3 4838 7184 6327
3 4925 141 3150
3 6874 6334 5029
3 5624 7405 7128
3 4573 200 5565
3 6922 7556 6893
3 4257 6878 7013
3 7013 6569 4257
3 6569 6878 4257
3 5355 7491 6878
3 6569 4361 1169
3 4361 5520 1169
3 1169 5520 4961
3 1169 4961 4845
3 1169 4845 6569
3 5783 5520 2710
3 4361 2710 5520
3 2710 4361 6276
3 6276 4361 6569
3 2789 6276 127
3 2789 5783 2710
3 2789 2710 6276
3 7515 4933 7491
3 1263 4440 2163
3 7515 7363 2163
3 6519 7273 5885
3 6519 7363 7515
3 7363 6519 5885
3 7273 6241 3659
3 7241 4012 4961
3 4012 7241 6473
3 4961 5729 7241
3 5520 1439 5729
3 5729 1439 6681
3 3844 1439 5783
3 3852 6781 6631
3 6781 2553 6631
3 3852 3337 3665
3 3582 2104 7411
3 3659 1789 5885
3 5885 1789 7363
3 7273 3659 5885
3 2190 2167 4368
3 2190 2096 2167
3 4080 739 6225
3 6664 6225 739
3 6225 6664 283
3 6225 283 7287
3 739 4080 6858
3 739 6858 6368
3 739 6368 6664
3 2080 5267 2526
3 2080 2526 231
3 231 3081 2080
3 3081 92 2080
3 2080 92 3140
3 5267 2080 3140
3 5267 6311 2526
3 4090 2322 1363
3 5685 4090 1363
3 5627 2017 128
3 3665 5084 4373
3 4373 3799 4068
3 5349 6126 814
3 814 6126 3467
3 5419 6253 1738
3 1738 6253 814
3 1738 814 169
3 814 6253 5349
3 4678 5419 6350
3 1452 2290 6350
3 4678 6350 2290
3 4678 6253 5419
3 7357 233 968
3 968 5666 4258
3 7357 968 4258
3 968 233 2851
3 2851 5666 968
3 7411 7334 948
3 7411 948 4089
3 4089 948 2967
3 5260 4246 4715
3 4214 1204 6264
3 4214 6264 6858
3 1492 633 6264
3 6264 633 6368
3 6368 6858 6264
3 6264 1204 1492
3 1492 2167 633
3 633 2167 2566
3 633 2566 6368
3 4214 6858 1289
3 3273 805 5345
3 4190 7317 1787
3 4190 1787 1964
3 5902 5668 4363
3 4363 5668 4190
3 7317 4190 5668
3 44 562 6104
3 562 44 1505
3 1505 44 3849
3 1505 3849 4893
3 2233 134 5685
3 5685 134 5040
3 1973 762 2950
3 1973 2950 5360
3 5360 5892 1973
3 5892 4458 1973
3 4458 762 1973
3 4458 2767 6032
3 5190 6032 6359
3 2767 6359 6032
3 1540 3799 502
3 1540 502 3169
3 440 6887 3267
3 6887 502 625
3 6887 625 3267
3 440 5404 6887
3 6887 5404 1122
3 1122 5377 6887
3 502 3799 625
3 625 3799 3267
3 5349 4348 6126
3 6126 4348 2546
3 4348 325 5323
3 4348 5349 325
3 2147 2116 6187
3 828 1806 4739
3 4739 4049 828
3 1806 2851 4739
3 5666 2851 1806
3 3093 5832 723
3 723 5832 3559
3 723 3559 5799
3 723 5799 6505
3 723 6505 7357
3 723 7357 3093
3 3093 7357 1595
3 3296 3481 382
3 3296 382 3780
3 5260 3481 1139
3 3296 733 1139
3 3296 3780 3464
3 3296 3464 733
3 733 6407 1139
3 2337 3481 2059
3 6933 5541 6229
3 6933 7481 5541
3 1425 6104 2066
3 1676 4327 5672
3 2066 4648 2994
3 1771 7238 4226
3 3849 7152 4893
3 1155 7247 4289
3 4226 1996 4669
3 688 1909 5360
3 2950 228 5360
3 3138 2950 549
3 3138 2275 2950
3 549 6562 3138
3 2950 2275 228
3 2422 6562 3534
3 6562 2422 7198
3 6359 3534 5190
3 3534 884 6647
3 6647 884 6695
3 2767 3169 3777
3 3169 5377 3777
3 3777 5377 3814
3 3986 3814 5521
3 5377 5521 3814
3 5404 5521 1122
3 1122 5521 5377
3 1603 7222 6678
3 2615 7208 3119
3 4668 3119 2546
3 7208 2546 3119
3 3816 5533 937
3 6114 937 5533
3 937 6114 4382
3 937 4382 3816
3 4000 7087 1411
3 1411 3589 4000
3 5799 7430 3834
3 4718 7430 5799
3 4718 5799 3559
3 6574 1854 2355
3 6574 6639 1854
3 7555 3078 6639
3 4797 5402 2761
3 5402 7481 634
3 5402 634 2761
3 4797 2761 3754
3 5160 373 2627
3 1311 2627 2265
3 373 2265 2627
3 2627 1311 6933
3 3733 5052 5039
3 5199 5661 7490
3 4210 7490 5661
3 4210 5661 5410
3 653 5661 5199
3 653 5199 752
3 653 752 6499
3 653 6499 5410
3 653 5410 5661
3 5199 5722 752
3 7462 441 1879
3 7462 3069 441
3 4775 3555 3225
3 3225 4339 4775
3 3555 4775 6249
3 2900 2416 65
3 2900 65 3555
3 4763 1537 5972
3 5972 1537 2416
3 2416 1537 460
3 5784 1370 4266
3 7434 1370 6647
3 7434 2055 2746
3 2746 2055 6323
3 2127 2634 3336
3 2143 1736 527
3 2143 527 7222
3 7222 581 1099
3 7222 1099 2143
3 2143 2666 1736
3 1099 581 2615
3 2666 1099 1668
3 2666 1668 4390
3 1668 1099 2615
3 3730 1023 1435
3 1023 3634 1435
3 1435 3634 3275
3 1435 3875 3730
3 1023 3730 7485
3 7485 3634 1023
3 3634 2946 3275
3 4571 1444 3816
3 3816 1444 18
3 1202 845 763
3 1202 5570 7259
3 1202 7259 845
3 1202 763 4571
3 1202 4571 5570
3 6558 2035 3904
3 6558 3867 7257
3 6558 7257 5963
3 6281 6817 2239
3 1556 5289 3035
3 1556 5899 5289
3 3364 661 2000
3 2000 661 2715
3 661 5857 2715
3 450 5564 6265
3 450 6265 7281
3 6265 5564 3838
3 4337 3838 5564
3 4337 3953 3838
3 3269 2656 769
3 3269 769 866
3 2656 5720 1441
3 2656 1441 769
3 1441 6044 769
3 866 769 6044
3 1057 3754 2146
3 3754 634 2146
3 6194 1183 4265
3 4265 1183 4596
3 4596 1183 3753
3 2257 6316 5099
3 5894 4154 7490
3 5894 7490 2670
3 5894 5287 4154
3 5052 7490 4154
3 5287 5894 3137
3 1487 3825 6383
3 5546 7156 5654
3 4391 1325 6687
3 5330 4391 6687
3 4391 5330 4590
3 4391 4590 1325
3 1362 1286 6527
3 6456 1362 6527
3 6527 3596 1469
3 6456 452 1362
3 3596 6527 1286
3 7117 1286 1362
3 3940 3984 1918
3 3940 7201 3984
3 6483 3940 2780
3 1918 2780 3940
3 2461 4611 3298
3 4611 4146 3298
3 4611 2461 3262
3 3182 4720 235
3 235 4720 7569
3 7569 2300 235
3 7029 235 2300
3 235 7029 3182
3 5416 1541 5727
3 5727 1541 1582
3 138 5727 1582
3 5319 4643 5416
3 5319 6110 4643
3 4643 4973 5416
3 3861 6226 6529
3 4274 4800 5688
3 1763 5688 4800
3 3730 4523 2509
3 2509 4523 173
3 173 4523 7259
3 3875 763 3730
3 3730 763 4523
3 4523 845 7259
3 6558 3904 1514
3 3089 1892 187
3 1892 3089 3956
3 5899 4922 5289
3 1291 5899 5375
3 2938 7254 2584
3 647 6327 7184
3 647 1508 2490
3 1508 647 7281
3 6327 647 2490
3 2490 1508 485
3 5454 485 5144
3 5454 2490 485
3 2458 2487 5035
3 1333 4673 5388
3 5388 4673 7529
3 7010 3930 5177
3 6044 1426 6412
3 4796 2732 6804
3 1063 6804 2732
3 4487 4420 1063
3 2310 3335 4175
3 4197 2310 4175
3 30 5851 2310
3 2310 5851 3335
3 7570 5884 4847
3 7570 4358 5884
3 4358 7570 30
3 5884 4674 7246
3 4674 6541 7246
3 6058 729 3616
3 5384 25 3454
3 25 5546 3454
3 2973 5384 2606
3 3454 2606 5384
3 6491 2973 2606
3 357 174 7158
3 5472 4923 7479
3 5526 4497 7558
3 4497 1058 7558
3 7558 1058 2630
3 2065 1527 2630
3 5713 1527 2065
3 5200 262 1118
3 1118 262 6157
3 6366 7553 6513
3 6513 7553 1915
3 551 6155 3513
3 551 3513 2582
3 2582 6654 5845
3 5968 5845 6654
3 4243 5968 6456
3 5845 4243 6155
3 551 5845 6155
3 2582 2618 4830
3 5765 3165 3765
3 7029 2300 1246
3 3722 4456 3507
3 3722 3507 6207
3 6370 318 7504
3 6620 1474 3538
3 3538 1474 3116
3 3402 3613 1241
3 719 4143 6372
3 1541 3925 1582
3 6226 3925 1541
3 6684 6289 2628
3 6684 2628 1987
3 6684 1987 3925
3 3925 1987 1568
3 2628 6289 5537
3 2724 2176 6362
3 4430 800 2176
3 4430 2176 5490
3 2176 800 6362
3 4430 4599 958
3 4430 958 2474
3 4599 4430 5490
3 958 4599 667
3 3010 7406 5136
3 7406 2432 5136
3 3027 3981 2961
3 2961 3981 1984
3 1984 3981 6088
3 3981 3027 1434
3 1434 4631 3981
3 3027 3830 1434
3 3666 1783 7276
3 6164 751 359
3 3779 6496 359
3 751 3779 359
3 6141 5991 4320
3 4320 6164 2972
3 4320 2972 1257
3 4320 1257 6141
3 5991 6164 4320
3 6354 3623 6263
3 5141 6263 3623
3 5807 3911 4591
3 5807 4591 6436
3 5807 6436 123
3 7232 123 6436
3 3378 6536 6106
3 3378 1028 6536
3 6106 6536 5587
3 6106 5587 1536
3 5058 1536 5587
3 1028 3378 1703
3 5058 880 1536
3 676 4212 280
3 1840 4212 4721
3 4212 1840 280
3 1840 7307 280
3 676 6624 4212
3 4212 6624 6106
3 4212 6106 4721
3 7307 1840 7562
3 1840 4721 7254
3 7292 4649 1068
3 7292 1068 5757
3 6327 7292 5757
3 5454 4649 7292
3 4649 6075 1068
3 1068 6075 5757
3 6204 3526 6410
3 6410 3526 2188
3 1290 7610 7529
3 1290 2358 2194
3 3039 317 4725
3 3039 4725 7326
3 5259 317 3039
3 5608 6497 855
3 855 6497 4956
3 3764 429 2942
3 2942 429 6582
3 4118 4215 1085
3 4118 1085 6804
3 4420 4118 6804
3 4118 4420 4058
3 4118 4058 3450
3 4215 4118 3450
3 6804 1085 4215
3 4420 6964 4058
3 4543 4058 6964
3 4543 6964 1916
3 4750 3449 4543
3 4750 5253 4663
3 4750 4663 3449
3 4750 4543 1916
3 2719 1509 3379
3 3379 1509 2785
3 5437 4475 1306
3 5437 713 4475
3 6221 713 5673
3 5673 713 5437
3 799 3014 1897
3 799 1897 5673
3 799 5673 5437
3 799 5437 376
3 799 376 3335
3 799 3335 5851
3 799 5851 3014
3 7570 3014 5851
3 1897 1758 5673
3 5091 7176 5614
3 1962 5149 5614
3 6058 2309 3743
3 357 7158 4024
3 6118 4245 4923
3 4923 4245 415
3 4245 6118 5758
3 3674 5526 7558
3 7558 2984 3735
3 1717 2581 1527
3 1527 2581 2984
3 1717 749 2581
3 2622 6723 5615
3 6723 2622 6908
3 5615 4999 2622
3 1762 2028 6120
3 4608 3801 3624
3 3624 3801 2293
3 3624 1886 4608
3 1485 3818 2958
3 1920 2958 3818
3 2958 2243 1485
3 1485 2243 5281
3 1485 3832 3818
3 3424 6260 4891
3 5496 20 3732
3 6979 3732 20
3 5742 2614 2100
3 3145 4262 1278
3 7390 3145 1278
3 4106 4569 4744
3 3722 3845 4769
3 3722 4769 4456
3 3845 3722 161
3 3823 3461 2317
3 3823 2317 7148
3 3823 315 3461
3 318 6370 604
3 5182 7148 7036
3 7405 5624 6834
3 744 7405 6834
3 744 6834 4889
3 4314 6730 2057
3 4314 2057 5712
3 6730 4379 1730
3 5708 1730 4379
3 2628 3365 1987
3 3365 2628 5537
3 3365 5537 2242
3 6250 6001 4629
3 6059 5453 6564
3 6059 6564 6512
3 3908 0 2051
3 3908 2051 7400
3 3908 7400 1050
3 3908 1050 2474
3 6380 2384 3322
3 3322 2384 4997
3 4172 3373 4997
3 6603 6088 2957
3 6603 2957 6231
3 4538 6931 961
3 4538 961 4631
3 6088 961 6931
3 1350 5065 5844
3 1783 3602 7276
3 1391 3063 1412
3 1412 3063 3880
3 3063 2274 3880
3 3880 2274 751
3 3880 5991 1412
3 1412 1188 1391
3 5568 3063 1391
3 5568 2274 3063
3 5991 186 1188
3 241 1188 5065
3 5065 1188 186
3 5844 5583 3859
3 7284 3859 5583
3 6263 5770 4798
3 7079 5141 5510
3 3911 7355 2462
3 2462 4591 3911
3 4904 2576 4784
3 4784 2576 3243
3 6624 5803 3378
3 6320 6888 5882
3 1558 6320 5882
3 2358 1570 2194
3 6823 1238 5259
3 1238 6823 5096
3 5096 6823 72
3 2025 2132 6240
3 6240 3527 2025
3 2132 1003 6240
3 6240 1003 4956
3 1003 2132 5608
3 5608 2132 4725
3 6572 6582 429
3 6572 3527 6582
3 2112 1741 5198
3 306 4475 2112
3 3231 3354 1858
3 7563 1858 3354
3 199 7563 3354
3 199 3354 4353
3 6221 5673 4877
3 4877 5673 1758
3 6166 7516 5646
3 2664 5945 6166
3 3566 7176 5372
3 2182 1835 384
3 384 1835 5372
3 5372 4767 384
3 384 4767 6094
3 384 6094 2182
3 5557 2182 6094
3 2959 4767 5372
3 2381 5002 1
3 6031 5302 7431
3 660 600 4245
3 660 4245 5758
3 660 5829 600
3 1358 877 2686
3 5806 877 1358
3 521 2792 1442
3 521 4927 2792
3 521 1442 4493
3 2301 1442 2792
3 4454 4237 4743
3 4454 4743 7109
3 3389 4743 4237
3 3389 4237 256
3 4743 3389 6270
3 2006 293 1324
3 1324 293 5517
3 1324 5517 2030
3 5120 2402 293
3 2028 1722 5848
3 275 3490 4898
3 4898 3490 7261
3 4732 3832 6638
3 4732 6638 1886
3 1373 3832 5488
3 1373 5488 6741
3 1373 6741 6611
3 6611 6638 1373
3 3828 7081 2387
3 1740 3828 5031
3 362 7075 5364
3 5609 362 5364
3 7572 5656 7157
3 5918 7572 7157
3 6053 7157 5656
3 3987 954 6425
3 271 3217 4704
3 2406 2212 7047
3 7047 2212 6769
3 6769 2212 7148
3 1019 6200 5879
3 1019 5879 2925
3 1019 2925 2874
3 3263 2925 5879
3 3263 5879 5128
3 2874 7213 2963
3 2963 1019 2874
3 1019 2963 6200
3 744 4889 1153
3 744 1153 6808
3 744 6808 7405
3 6808 1153 3573
3 1678 1683 6022
3 1678 7371 1683
3 170 3199 3897
3 1971 170 7371
3 7371 170 3897
3 1112 3695 7457
3 3682 3695 1112
3 772 1270 4156
3 772 4156 1630
3 772 1630 1112
3 772 1112 6001
3 772 6001 874
3 772 874 1270
3 1050 7400 6564
3 6512 6564 7400
3 4172 6603 159
3 5868 6603 6231
3 966 6231 4334
3 4334 6231 779
3 4334 779 6931
3 6931 779 2957
3 6931 2957 6088
3 4798 3644 2431
3 1087 3644 3747
3 3747 3644 4798
3 2932 2269 5510
3 7079 5510 2269
3 7355 3226 6875
3 1757 5803 3657
3 5277 6177 7522
3 5294 5700 3324
3 5700 5523 3324
3 3037 5590 2895
3 5187 5590 3037
3 2895 2771 3037
3 4512 5109 2895
3 4512 2895 5170
3 5170 2895 5590
3 106 1123 801
3 806 7563 3434
3 806 3434 4100
3 4100 3434 7574
3 4100 7574 106
3 1735 1525 3951
3 1858 7563 806
3 1858 806 3951
3 3951 806 1735
3 7574 3434 3146
3 3146 3434 7563
3 4421 5350 5081
3 2248 4421 5081
3 7498 5507 4421
3 7336 6531 7607
3 989 6531 7336
3 2601 561 6068
3 6708 561 4937
3 4937 561 2601
3 6321 7374 193
3 5557 7374 2182
3 7374 5557 1423
3 4785 6428 1501
3 4785 1501 4054
3 1501 3009 4054
3 5034 601 6428
3 6428 601 758
3 758 601 6266
3 758 6266 6414
3 4657 7017 638
3 4657 638 7596
3 7596 6560 4657
3 7266 6895 1218
3 6404 6447 6605
3 6404 2926 6447
3 4555 6605 6447
3 4555 6447 2010
3 2010 4485 4555
3 2010 6447 2926
3 2010 3250 4485
3 3250 2010 2401
3 4485 3250 4994
3 5272 1650 6377
3 7109 6377 1650
3 50 4531 1907
3 6553 50 1907
3 6553 1907 934
3 934 1907 5464
3 934 5464 6880
3 934 6880 6122
3 4531 156 1907
3 156 5464 1907
3 1197 1791 857
3 857 1791 3603
3 1197 857 3701
3 3701 4326 1197
3 4326 6649 1197
3 5552 941 3701
3 686 6741 6234
3 6700 2302 593
3 4293 6700 593
3 3997 6700 4293
3 6700 3997 6474
3 7003 7046 4372
3 979 5657 2186
3 979 2186 7426
3 979 7426 7046
3 7046 6053 979
3 5657 3604 2186
3 2186 6576 7426
3 7378 6706 6862
3 6706 7378 649
3 6706 649 4442
3 7546 1074 5597
3 7546 4442 1074
3 1074 4442 649
3 1074 649 7378
3 1074 7378 5597
3 2925 3263 7484
3 7076 349 4500
3 445 4500 349
3 2607 7405 6808
3 6808 3573 2799
3 6808 2799 2607
3 7405 2607 6137
3 2407 1796 1346
3 1153 2407 1346
3 1153 1346 3573
3 3897 3199 5418
3 3396 3682 1756
3 4156 1756 1630
3 6974 5366 4628
3 3085 773 3847
3 2502 3847 560
3 773 560 3847
3 560 773 3557
3 3557 773 4628
3 6512 7400 1851
3 4756 1056 3202
3 4756 3202 6917
3 4756 6917 247
3 4756 4027 1056
3 1056 4027 3557
3 1056 3557 894
3 1056 894 3202
3 1761 4344 2884
3 5868 6231 2568
3 5175 3806 1207
3 5175 1207 7286
3 34 4522 7062
3 34 5104 4522
3 5104 5534 4522
3 5135 6097 4370
3 1580 5135 6484
3 7382 5460 6704
3 5277 7522 2766
3 5700 3343 5185
3 6232 1123 4398
3 1123 7574 4398
3 380 3860 3920
3 6693 3920 1633
3 1633 3920 3860
3 940 2252 5350
3 2252 940 6754
3 4667 940 4002
3 4667 6901 940
3 3784 2125 2148
3 3784 2148 6236
3 989 7336 1219
3 1012 1219 7336
3 989 1219 6236
3 1012 7336 3213
3 2571 3070 786
3 7215 786 7119
3 7119 786 4086
3 4086 786 3070
3 6708 4201 7119
3 3968 119 6507
3 119 3968 7412
3 1478 3835 813
3 3101 6813 5283
3 3101 5283 4696
3 3101 4696 3541
3 3541 4696 6149
3 495 6794 3366
3 7352 5567 6813
3 7352 6813 3366
3 7352 3366 104
3 4165 3611 5118
3 601 7017 6266
3 4657 4707 7017
3 4707 4657 6560
3 6560 5711 4707
3 3235 1972 4076
3 4076 5711 6560
3 4076 1972 817
3 5569 4719 1301
3 2075 7266 6737
3 7266 2075 2466
3 2466 2075 1301
3 5569 1301 2075
3 5569 2075 2651
3 2075 6737 2651
3 4826 6859 1004
3 1004 6859 353
3 6927 353 6859
3 7325 3841 4028
3 2623 4028 3841
3 2623 3841 5137
3 6308 4313 6616
3 6842 6646 6469
3 6553 934 6122
3 6553 6122 2107
3 5726 4758 2731
3 7182 4726 420
3 420 4726 1699
3 1699 4726 5924
3 3782 3036 6130
3 2251 352 7040
3 352 2501 7040
3 1283 3232 5382
3 3232 1283 3750
3 3232 3750 4322
3 1464 3232 4322
3 1165 5706 2378
3 6184 3625 6528
3 6528 3625 5638
3 6528 2915 6184
3 996 4372 29
3 996 29 7426
3 996 7426 6830
3 4372 7046 29
3 6653 6830 7315
3 6653 4834 6830
3 6087 6862 4603
3 5667 1096 4442
3 6706 4442 1096
3 7076 4500 5959
3 5959 4500 922
3 5959 922 3294
3 3571 922 4500
3 3571 4500 445
3 3693 6435 3848
3 3693 7218 6435
3 3673 7435 419
3 3673 419 4235
3 3673 4235 4050
3 3673 4575 7435
3 1937 7305 310
3 1937 310 7435
3 7435 3794 1937
3 1360 1433 2642
3 1433 1360 3393
3 1433 3393 1346
3 2642 1433 1409
3 5418 4261 3897
3 3897 4261 7371
3 1017 5983 1209
3 1209 5983 6782
3 1017 4624 5983
3 6782 5983 5728
3 1017 1209 4276
3 4287 6622 1824
3 6622 4287 3071
3 6036 2192 3071
3 3071 2192 992
3 6855 3045 6545
3 992 6545 3045
3 2502 7502 843
3 2502 843 2882
3 3847 2502 2882
3 4027 560 3557
3 2502 560 5359
3 5359 560 4027
3 5359 4027 3618
3 999 6330 851
3 999 851 3618
3 3618 851 7502
3 7502 851 1399
3 1399 851 6330
3 6960 7206 4055
3 7 3862 1813
3 3862 3819 1813
3 1813 3819 7414
3 5470 7549 1711
3 6939 4370 3055
3 7549 3055 3664
3 3664 3055 4370
3 1893 6458 3707
3 1893 437 6458
3 3664 437 1893
3 131 2124 4304
3 4304 6458 3150
3 4304 3150 131
3 1589 131 3150
3 131 5478 2124
3 2124 6458 4304
3 1589 3150 141
3 6726 5747 6363
3 6896 3900 4594
3 1244 4594 3900
3 3900 207 1244
3 5237 4202 6896
3 4202 5237 3948
3 852 455 4062
3 852 4062 24
3 852 24 1429
3 852 5662 455
3 4062 455 2278
3 24 7260 1429
3 6853 1230 5917
3 500 5917 2632
3 1456 2632 5917
3 500 6853 5917
3 1230 6853 4176
3 4176 5917 1230
3 2691 5766 5653
3 414 3999 1872
3 4825 3999 414
3 3970 6592 578
3 578 6063 3970
3 7503 6592 6989
3 6992 3223 7267
3 6992 7267 3059
3 6000 3410 7267
3 7470 3249 1094
3 7470 1094 863
3 3249 2571 1094
3 798 3961 5642
3 5642 314 798
3 798 314 5617
3 798 5617 7215
3 798 7215 3961
3 314 5642 3595
3 7412 2313 5097
3 2313 32 5097
3 5097 32 2218
3 1591 1191 32
3 1591 32 181
3 701 6313 7513
3 7513 2352 3050
3 7513 3050 701
3 6313 701 5502
3 5502 3050 7362
3 3050 5502 701
3 2653 6813 5567
3 2653 5567 2032
3 400 3283 1560
3 3426 3648 4011
3 4011 3648 1497
3 3206 4011 1497
3 995 1273 1224
3 509 6381 4066
3 295 6799 7131
3 1402 2040 7432
3 7432 2040 340
3 1402 2823 2040
3 2823 6557 2040
3 7432 3162 1402
3 451 1838 1127
3 1838 7534 1127
3 4381 1236 1127
3 1127 1236 451
3 451 7384 1838
3 1838 7384 6009
3 6009 7534 1838
3 2807 7534 331
3 1335 3807 3333
3 831 2847 3333
3 3807 831 3333
3 1335 2807 3807
3 3807 4655 831
3 2847 831 4655
3 2847 4655 6711
3 353 6927 7100
3 6927 6328 3519
3 3519 6328 7160
3 3519 7100 6927
3 5809 770 4313
3 7160 4313 770
3 5456 3409 6480
3 770 5809 3409
3 770 3409 1326
3 3409 5456 1326
3 710 947 3409
3 5809 710 3409
3 6978 710 5809
3 6978 3824 710
3 710 3824 947
3 947 3824 2927
3 947 6480 3409
3 5987 6506 6566
3 2541 6566 406
3 6566 2541 5987
3 6566 6506 7338
3 5674 5756 1463
3 1732 6440 7164
3 1124 3371 1167
3 1167 3371 1507
3 6789 96 1419
3 96 3407 736
3 1419 96 736
3 1419 736 124
3 736 3407 698
3 736 698 124
3 124 5924 1419
3 6789 3407 96
3 391 7182 3480
3 3480 2434 391
3 6745 6554 7471
3 7471 6554 5527
3 847 7471 2494
3 7452 4566 2494
3 803 3565 2494
3 2494 3565 847
3 847 3565 912
3 5390 912 3565
3 803 2494 4566
3 803 4566 3854
3 1329 3923 5721
3 1329 5721 3854
3 1329 3854 4566
3 793 6924 787
3 3144 4322 764
3 3144 764 7393
3 3144 7393 7316
3 3144 4942 4322
3 764 4322 3750
3 764 3750 7393
3 7393 3750 3418
3 3418 3750 1283
3 3418 1283 2903
3 4903 5119 1855
3 5119 6037 1855
3 5835 5119 4903
3 5638 7535 6528
3 5638 7364 7535
3 7364 6345 7535
3 4444 3271 248
3 248 2349 4444
3 2441 537 1566
3 3778 4137 4392
3 6027 6944 2867
3 4147 6944 1461
3 4147 3252 6944
3 6123 1461 6944
3 2363 922 3571
3 3571 4478 2363
3 3945 1310 4478
3 2547 5792 4081
3 4081 3775 2547
3 4050 5406 1309
3 1309 5166 4050
3 687 7435 7305
3 419 7435 687
3 419 687 4235
3 4050 4235 5406
3 720 4235 3645
3 720 5406 4235
3 3645 4235 687
3 3645 3976 720
3 1759 2904 914
3 1759 914 2966
3 4072 3045 6855
3 4072 6855 6406
3 1372 6622 4072
3 1172 6703 7530
3 1067 430 395
3 1067 395 6397
3 395 1198 6397
3 1198 395 2865
3 2036 3465 4508
3 2036 5819 3465
3 5819 2036 2544
3 3304 6309 4508
3 4403 4508 6309
3 4403 6309 7414
3 3862 802 3819
3 4466 2018 7188
3 708 4498 3924
3 708 3924 3935
3 3924 1893 3935
3 3935 3546 708
3 708 3546 4777
3 4777 4498 708
3 207 1950 3569
3 7550 4843 6752
3 6752 1265 7550
3 7550 1265 6797
3 6797 1265 4308
3 6752 2524 1265
3 6896 4202 3900
3 3900 4202 7550
3 7550 4202 4085
3 3912 4176 4460
3 5725 4460 4176
3 2691 5653 1681
3 5725 2691 4098
3 1681 5653 4867
3 1658 2802 276
3 276 3999 1658
3 6378 7303 5978
3 6378 3736 5297
3 4051 7503 997
3 7503 6989 997
3 4051 997 4468
3 4468 850 7368
3 2137 6911 3316
3 1304 4459 2111
3 2111 5617 1304
3 1304 3595 4459
3 7267 4459 3595
3 6771 350 6630
3 6771 6630 5956
3 6771 3462 350
3 6261 7055 3313
3 3989 3313 7055
3 5369 6668 6261
3 6668 7011 6261
3 7011 6668 4330
3 1955 364 7110
3 7110 364 3258
3 1747 3050 2352
3 1747 2352 1406
3 5681 2101 6387
3 6387 2101 482
3 1852 4066 5925
3 102 477 7372
3 6807 102 7372
3 6807 7372 4474
3 4474 3011 6807
3 6807 5925 102
3 477 102 5925
3 5325 3562 4045
3 5325 4045 7455
3 6415 2351 4323
3 4323 2351 3800
3 4323 3800 3681
3 6415 5153 2351
3 1427 2040 6557
3 1427 6557 6735
3 340 2040 1427
3 4499 5734 4357
3 4499 6557 5734
3 1214 1432 4781
3 1214 4781 7290
3 4781 1432 2824
3 2824 1432 6135
3 3576 2374 2824
3 3576 2824 1335
3 3576 1335 3333
3 1335 2824 6135
3 716 1308 4480
3 1308 3576 4684
3 4480 1308 4684
3 4480 4684 3479
3 4480 3153 716
3 716 3153 7296
3 716 7296 1308
3 7296 2374 3576
3 7296 3576 1308
3 3479 6711 238
3 4587 5965 7296
3 5805 6551 5824
3 4975 6506 1494
3 4975 1494 3388
3 4254 4817 6440
3 691 4254 6440
3 3388 4254 691
3 4254 3388 1494
3 4254 1494 5987
3 4254 5987 4817
3 6685 3550 740
3 6685 740 1167
3 6685 1167 4435
3 3550 6685 6361
3 6685 4435 1206
3 4604 1046 646
3 4604 646 6358
3 6419 4604 6358
3 6554 2181 4455
3 6007 2181 7552
3 7552 2181 6554
3 4158 6709 7552
3 6709 4158 3044
3 6034 4677 5390
3 1468 1788 3565
3 1468 3565 803
3 1468 803 3854
3 1788 5390 3565
3 4383 4607 1084
3 1084 3340 4383
3 4383 3340 4597
3 4383 4597 6034
3 4383 6034 4607
3 2327 4144 5721
3 3340 2536 4597
3 3340 4144 2536
3 2536 4144 4114
3 2327 4114 4144
3 6924 7348 4488
3 2077 4783 1800
3 4783 2077 7170
3 7316 1896 3767
3 1336 5500 6793
3 5500 1336 3654
3 6037 5905 7464
3 7223 2975 7329
3 2975 7223 5234
3 5881 6952 4911
3 6952 3128 4911
3 3128 182 4911
3 554 7165 3899
3 554 6994 7165
3 541 6540 37
3 3147 3271 37
3 541 37 3271
3 6540 734 6848
3 6027 2867 4392
3 4392 2867 7609
3 6315 4819 2828
3 2709 1395 490
3 4296 4731 4513
3 4513 1459 4296
3 4296 1459 6224
3 6224 486 4296
3 486 1043 4296
3 4296 1043 4731
3 1092 4513 4731
3 4513 4615 1459
3 3647 4820 4366
3 5440 4366 4820
3 5440 4820 5873
3 3762 1384 2060
3 3542 869 4636
3 4300 1384 3762
3 4300 3762 333
3 5440 1384 4300
3 5440 4300 4636
3 1038 869 3542
3 3542 1453 3689
3 3542 4636 1453
3 1453 4636 4300
3 1453 4300 333
3 6136 7501 3890
3 3515 5206 3435
3 7394 5206 5116
3 802 4780 3515
3 4029 610 1773
3 4029 1773 535
3 4029 535 1345
3 610 4780 1773
3 3812 1345 535
3 7020 531 3857
3 531 6581 356
3 6581 531 7020
3 2745 7188 7037
3 6495 7051 6860
3 6495 1182 7051
3 2198 655 4069
3 2198 4069 2524
3 3978 3023 3918
3 6752 3978 2524
3 3978 6752 6674
3 944 6667 4652
3 944 4652 6752
3 944 6752 4843
3 944 4843 7527
3 944 7527 6667
3 6801 1620 7524
3 2003 4740 1857
3 3034 1857 4740
3 2034 6487 3034
3 572 516 4098
3 572 4098 2691
3 572 2691 1681
3 572 1681 6100
3 572 6100 4946
3 572 4946 516
3 4061 2411 7012
3 7012 2411 3363
3 434 7303 2840
3 3626 5954 1233
3 3626 1233 5297
3 4920 3626 4929
3 5297 871 3626
3 3626 871 4929
3 1416 4468 7368
3 4468 1416 1242
3 1242 1416 6655
3 1416 7368 5993
3 7368 7429 3462
3 7368 3462 6850
3 6771 5956 7582
3 7582 7603 6771
3 5591 5494 4084
3 5591 4084 338
3 338 4084 559
3 338 559 7149
3 559 2981 7149
3 2981 559 4084
3 3989 2289 1980
3 1424 1980 2289
3 1424 2289 2354
3 7055 7011 2354
3 2354 6990 1424
3 1424 6990 6158
3 3639 6158 6990
3 7418 4128 6450
3 3444 2193 7418
3 2193 3444 5763
3 378 5763 3444
3 4670 1357 342
3 4670 342 6257
3 951 6332 1104
3 951 1104 1357
3 6332 5730 3528
3 5059 4447 951
3 2863 951 4447
3 951 2863 6332
3 6612 4125 2650
3 2650 3006 5703
3 4892 5576 3351
3 3351 5576 3006
3 3351 3006 4125
3 482 2101 1702
3 623 1316 3804
3 1220 623 3804
3 1220 3804 5601
3 1220 4576 623
3 1316 623 4576
3 3804 5054 5601
3 489 3404 7022
3 2663 489 5598
3 5598 489 7022
3 1013 7488 2663
3 2663 7488 1042
3 2663 1042 489
3 489 1042 3404
3 3404 1042 5621
3 5633 6802 5368
3 6802 5633 628
3 6802 628 5153
3 3190 6185 5368
3 7370 5368 6185
3 4402 2484 5640
3 4402 290 2484
3 2484 290 5459
3 5459 290 5563
3 5563 290 3237
3 1145 7002 439
3 875 5298 4625
3 5298 875 1457
3 5298 1457 3181
3 3068 439 5030
3 613 4558 3181
3 3181 1457 613
3 613 1457 3068
3 613 3068 5030
3 613 5030 4558
3 2374 7296 4781
3 4781 7296 5965
3 4781 5965 7290
3 1821 5824 1195
3 5298 1195 5824
3 5298 5824 2641
3 6691 4618 6650
3 6691 1664 4618
3 6650 4618 2082
3 5543 6773 1664
3 5543 1664 6691
3 1664 6773 7123
3 3423 6884 5658
3 6117 7142 5007
3 1162 6275 4151
3 6419 6376 1354
3 646 6007 4428
3 646 4428 3638
3 646 3638 6358
3 6358 3017 6419
3 6709 493 7552
3 4428 6007 493
3 7552 493 6007
3 4428 493 1093
3 493 2298 6966
3 6709 2298 493
3 2298 1622 6966
3 6966 1622 4009
3 4009 1354 6376
3 4009 6376 6966
3 385 1065 950
3 1065 4697 950
3 6916 7397 5056
3 5056 7397 7616
3 1430 5174 2061
3 808 6571 1543
3 808 1543 4030
3 808 4030 4900
3 1543 6571 5174
3 6867 721 7346
3 994 6867 7346
3 5420 217 1784
3 6793 2986 1336
3 6793 3004 3345
3 6793 3345 1226
3 2756 7614 3380
3 2968 3380 7614
3 7223 5652 4782
3 5652 7223 5715
3 4193 3334 4782
3 4782 3334 4004
3 3128 2315 5888
3 3128 5888 182
3 6952 1991 4412
3 6952 4412 4850
3 4412 4746 4850
3 4850 4746 7480
3 2704 554 3123
3 3123 554 6105
3 6715 2832 3141
3 2832 6715 6181
3 3141 6968 6715
3 37 3420 4249
3 37 4249 3087
3 37 3087 3147
3 3786 6540 7137
3 6540 3786 3420
3 3786 7137 7103
3 6013 2232 5811
3 6013 1361 5219
3 6013 5219 2232
3 366 85 4589
3 366 1839 85
3 3532 668 3302
3 3532 3302 1015
3 3532 6912 668
3 668 6912 2755
3 668 2755 3302
3 6113 833 4366
3 4366 833 3647
3 869 1038 279
3 4636 869 898
3 4636 898 5440
3 898 869 279
3 3866 3440 3788
3 3766 3440 4773
3 3440 3766 3788
3 4650 3433 3600
3 3600 2671 4650
3 3433 1313 2332
3 3433 2332 7356
3 3902 1665 1184
3 6550 5196 7067
3 6550 4206 5196
3 125 5977 7067
3 4553 6838 6614
3 3002 6614 6838
3 6524 1587 1182
3 6524 1182 6495
3 2728 1182 1587
3 7051 1182 2728
3 3873 6490 841
3 6490 6495 4060
3 6490 4060 841
3 3873 4273 1213
3 6490 1956 5849
3 5849 6524 6490
3 3918 5479 2198
3 2198 5479 1729
3 4738 4526 5549
3 4810 1503 1960
3 1960 7168 4810
3 408 1503 4810
3 204 1960 1503
3 1960 204 3990
3 3990 4526 1960
3 1960 4526 7168
3 2988 7524 4355
3 2988 4355 4321
3 1620 6019 7524
3 4355 7524 6019
3 4355 153 4321
3 1715 1830 6462
3 1396 6688 6005
3 1417 7466 5754
3 7466 5130 2604
3 7466 2604 6046
3 4061 5818 4921
3 1590 4061 4921
3 4203 4930 6686
3 3363 4003 696
3 3363 696 7012
3 907 6938 6677
3 907 6677 7351
3 907 3738 6938
3 6980 2806 2701
3 26 4920 1150
3 26 4914 4920
3 26 1150 1142
3 1539 6655 3915
3 1436 1705 6594
3 6594 1705 4550
3 1904 6609 1064
3 6594 4550 1064
3 1904 1064 4550
3 1436 6594 7107
3 5993 1904 4550
3 5993 4550 6655
3 6586 6103 3988
3 6103 6586 4991
3 6103 4991 3437
3 4991 6586 746
3 4691 5290 6843
3 1140 4894 6934
3 6934 4894 5320
3 3601 1413 1097
3 3601 1097 4230
3 1621 6043 2667
3 2667 6043 4163
3 1253 5691 498
3 1253 498 1037
3 1253 1037 4163
3 1253 4163 5763
3 5763 4163 6043
3 4163 1037 2667
3 2667 977 1621
3 2700 1621 977
3 1941 1253 5763
3 5691 1253 1941
3 1131 6925 47
3 47 5112 1131
3 1131 5112 4039
3 4023 4039 5522
3 4023 5522 5396
3 6257 5396 5522
3 4023 984 1418
3 1418 984 1131
3 5396 1275 4023
3 4023 1275 984
3 984 6925 1131
3 6919 1104 6332
3 6332 3528 6919
3 6919 3528 6925
3 5530 2027 6925
3 946 6973 2894
3 2894 5392 946
3 5392 7022 946
3 946 7022 6973
3 6600 6973 5173
3 6975 1488 7370
3 5633 5368 1488
3 7370 5459 7172
3 6185 3190 5640
3 5398 2488 1518
3 122 6165 2695
3 6165 2555 2695
3 2695 2555 1482
3 6165 7002 4195
3 4269 6165 4195
3 1145 4195 7002
3 105 4269 875
3 875 4269 4195
3 105 4625 1482
3 1482 2555 105
3 7279 1482 4625
3 7279 4625 2527
3 4618 4317 2082
3 2082 4317 2115
3 86 2744 5866
3 2744 86 4284
3 6413 3511 3487
3 5592 3487 3511
3 3487 5592 975
3 6718 3934 3469
3 3934 5007 5152
3 7142 4151 7225
3 4962 35 5152
3 3638 760 6358
3 760 6376 3017
3 6358 760 3017
3 3638 54 760
3 760 54 6376
3 35 3139 3469
3 3469 3139 5306
3 3846 4770 265
3 3846 6538 4770
3 5056 6248 6916
3 4040 6916 6248
3 4005 1366 3279
3 3279 1366 6248
3 4005 3279 4573
3 2261 3886 4005
3 4005 3886 2869
3 4005 2869 1366
3 1366 2869 6248
3 4573 2261 4005
3 1247 6571 232
3 1247 6856 1070
3 1070 7163 1247
3 1247 7163 6571
3 808 4900 232
3 808 232 6571
3 5174 6571 1574
3 6867 4978 3251
3 6867 3251 4699
3 6867 4699 872
3 2818 4978 5528
3 2403 5528 4978
3 2818 5528 5599
3 3353 4533 5941
3 5941 4533 5943
3 5943 4533 2817
3 2516 5910 4533
3 2817 4533 5910
3 7139 4521 7581
3 7614 7139 7581
3 2162 3314 4949
3 1052 6180 4150
3 2427 4150 6180
3 1355 4653 5820
3 2829 4653 1355
3 5820 4131 1798
3 5820 1798 3016
3 2712 1491 7480
3 3649 7480 1491
3 7385 906 4814
3 4814 906 4748
3 3141 3108 6968
3 4229 2511 7514
3 7532 6012 7505
3 6012 7532 1579
3 5811 6012 1579
3 6012 5811 7449
3 6012 7449 705
3 3532 3135 6107
3 3760 5947 6665
3 3760 6665 1910
3 5029 6334 2370
3 2370 6334 4773
3 5079 4773 6334
3 7356 7049 3600
3 3600 7049 2671
3 2370 2671 6590
3 7049 1714 6590
3 7049 6590 2671
3 1714 7049 7356
3 5913 3376 6489
3 5913 4988 3376
3 3191 4988 5913
3 4377 6077 2092
3 1638 4377 6914
3 6914 7105 1638
3 3107 5761 5840
3 5907 5761 2323
3 3107 2323 5761
3 7388 4644 684
3 768 4109 3548
3 768 3548 3448
3 768 3448 4761
3 768 4761 4109
3 5075 3548 1836
3 4109 1836 3548
3 1956 1213 7269
3 7269 1213 4273
3 4723 3868 7369
3 5115 3120 3868
3 208 3868 3120
3 3868 208 7369
3 6546 6633 6686
3 6449 6312 16
3 7409 670 512
3 670 7409 2764
3 4964 3872 6091
3 6091 3872 2565
3 2565 3872 2852
3 3416 5671 2852
3 2852 5671 6180
3 6292 6180 5671
3 5962 1343 348
3 528 4122 2747
3 4804 6080 3391
3 4804 3391 3560
3 6633 4943 7291
3 6633 7291 6686
3 4638 479 1542
3 4638 1542 480
3 480 7169 4638
3 4638 7169 6066
3 6014 1542 479
3 480 2762 7169
3 2693 2067 6014
3 3738 4918 6938
3 6722 307 6255
3 6722 6255 1136
3 6722 1136 4918
3 3761 938 714
3 714 938 2699
3 714 2699 4822
3 4822 2699 1519
3 4822 1875 714
3 714 1875 3761
3 3761 757 938
3 938 757 582
3 938 582 2699
3 2201 2699 582
3 2699 2201 1519
3 4429 6521 2876
3 2446 5547 3210
3 3430 1745 4914
3 876 7327 116
3 405 7327 876
3 3032 7327 405
3 3430 3032 405
3 116 7327 6353
3 4947 3518 3949
3 3518 7196 3949
3 3949 7196 3470
3 1688 4675 6594
3 1688 6594 1064
3 1688 1064 6609
3 4691 1663 6586
3 6586 1663 7264
3 4572 3755 3030
3 2292 220 5607
3 5607 220 6286
3 888 2787 2348
3 888 2348 4617
3 2787 3579 2348
3 2348 3579 7468
3 1403 3711 6731
3 6731 3711 3099
3 6652 5936 3797
3 6652 3797 5951
3 1877 3937 3174
3 3531 5405 6824
3 75 498 1958
3 75 1958 3785
3 75 3785 977
3 977 3785 2700
3 75 977 1037
3 75 1037 498
3 40 5352 2954
3 40 2954 597
3 40 597 4113
3 40 6561 5352
3 4039 5112 796
3 4039 796 5522
3 6973 6086 5560
3 5226 6086 2259
3 6973 2259 6086
3 2259 4 5226
3 3896 2951 261
3 3896 261 4252
3 4709 1805 2991
3 2991 4185 4709
3 4709 4185 2395
3 4709 2395 5745
3 5745 5970 4709
3 1805 5973 2991
3 2991 5973 7250
3 1158 5973 5970
3 1158 5970 3973
3 7071 5670 4492
3 7071 6718 5670
3 5670 6718 4433
3 5306 983 4433
3 5670 4433 5637
3 5243 4091 3139
3 3139 4091 5306
3 5243 712 4091
3 6222 6658 1307
3 1307 715 4570
3 1307 4570 557
3 4347 6222 557
3 557 6222 1307
3 6658 6222 5284
3 1307 6658 715
3 715 6658 4225
3 715 4225 4570
3 1637 6615 5284
3 1054 4040 7008
3 1054 6916 4040
3 3886 6929 2869
3 6151 3236 7083
3 7537 3791 5875
3 4470 5875 3791
3 7537 5875 3421
3 4470 3791 577
3 5599 7035 2818
3 7035 4213 2818
3 497 5006 3772
3 497 3772 7443
3 7443 4133 3677
3 5941 4127 3353
3 3353 4127 497
3 497 4127 5006
3 811 2521 6661
3 6661 2521 737
3 2521 811 4127
3 737 2521 5943
3 737 5943 6661
3 6661 5914 811
3 811 5914 4127
3 2521 4127 5941
3 5943 2521 5941
3 3643 2330 5943
3 7415 5015 3643
3 7185 3314 5078
3 7185 1989 3314
3 1989 6792 4949
3 1989 7185 4759
3 5671 6783 6292
3 5671 4916 6783
3 2133 4916 5671
3 2133 2311 4916
3 3699 730 367
3 3699 367 837
3 3699 383 929
3 837 367 5125
3 6791 6429 7600
3 1276 5697 6791
3 515 6863 4860
3 515 4860 1686
3 2829 1677 3387
3 6438 1677 1355
3 1355 1677 2829
3 6476 5544 1143
3 6476 1143 4047
3 4047 1143 6493
3 6822 4101 6083
3 4101 6822 4047
3 6822 6083 6948
3 3000 4695 2989
3 4695 911 2408
3 2408 911 6083
3 4695 7298 2989
3 2621 6818 1101
3 5511 5853 4145
3 767 2781 5618
3 7505 3411 2452
3 3728 2452 3411
3 5403 4779 1160
3 1160 4779 1610
3 7375 1133 5473
3 190 1133 7375
3 5219 4690 6408
3 7391 5332 1780
3 1014 3372 2953
3 5825 1014 2953
3 6124 4177 1008
3 6124 6424 4177
3 6331 313 5257
3 1243 4883 4015
3 1243 4015 3152
3 3439 3152 4015
3 3025 4336 2099
3 4883 1243 7202
3 7310 4883 7202
3 7310 7202 3025
3 7324 7540 2835
3 5019 7578 5577
3 5019 5577 7599
3 3831 7475 5676
3 5977 5698 7067
3 3687 5133 7388
3 2531 3687 1022
3 2531 2321 3687
3 7361 5921 684
3 684 5921 1477
3 1477 7388 684
3 1477 3028 7388
3 2397 6606 180
3 2397 180 6306
3 1599 2397 402
3 5483 3983 6252
3 6252 3983 4342
3 6800 6698 4129
3 7031 6800 4129
3 1472 397 2734
3 5842 1472 2734
3 5067 2734 397
3 2734 1495 5842
3 4385 1472 5842
3 1472 6588 3662
3 1472 3662 397
3 397 3662 5067
3 552 7180 2871
3 7554 2457 3530
3 5407 4728 3871
3 3690 5407 3871
3 4728 6461 3871
3 3485 2762 1542
3 3485 1542 6014
3 5324 6607 3509
3 1597 4918 1136
3 757 4251 375
3 582 757 375
3 6833 375 4251
3 4251 785 6833
3 6317 6833 785
3 4008 785 4251
3 637 1882 1526
3 637 1526 3963
3 637 3963 284
3 637 284 6521
3 1882 637 6521
3 3963 1526 140
3 5694 3210 6864
3 6864 3716 5694
3 4354 6955 792
3 5887 2050 155
3 6112 184 2499
3 6112 4909 184
3 2910 5855 5755
3 2910 7306 5855
3 5855 3949 5755
3 7473 114 5755
3 5755 114 2786
3 3457 827 7001
3 827 3457 5696
3 3457 1649 5696
3 7333 3001 3936
3 7333 3936 5070
3 5070 7264 7333
3 7264 1663 3755
3 7264 3755 7333
3 7333 3755 4572
3 7333 4572 3001
3 3001 4572 5362
3 5362 6235 3001
3 3253 510 2283
3 2283 510 7171
3 510 4868 7171
3 4754 2145 3568
3 6346 5474 3568
3 3568 5474 4754
3 2145 3253 3568
3 3563 7468 4301
3 3563 6779 3471
3 5474 3563 3471
3 5474 7468 3563
3 3579 1454 7468
3 3579 5335 1454
3 7468 1454 5282
3 5148 5282 1454
3 5540 3099 257
3 5659 4407 257
3 5540 257 4407
3 88 4874 5951
3 88 5951 311
3 1437 311 5462
3 5462 311 5951
3 5936 4283 3797
3 3797 804 5462
3 3797 5462 5951
3 1341 3127 7548
3 965 7536 6269
3 7536 387 7526
3 7536 7526 7350
3 7526 5856 7350
3 6040 6644 597
3 4113 597 1998
3 1375 5226 3631
3 3891 3460 4520
3 5048 4520 3460
3 3460 3891 277
3 6028 1277 245
3 1440 245 1277
3 1440 1277 5833
3 5833 1524 4185
3 7499 6645 4469
3 4469 6251 7499
3 6923 3588 33
3 6923 33 6645
3 4205 285 1400
3 1400 285 4225
3 1400 4032 4205
3 4205 1943 285
3 6658 6613 4032
3 4514 5284 6615
3 3349 185 6304
3 6304 185 5744
3 6304 2947 3349
3 3349 2947 4238
3 2948 185 3349
3 5744 185 2948
3 6214 398 4041
3 6214 5995 398
3 398 5995 6892
3 398 6892 2161
3 398 2161 4041
3 742 3850 1186
3 7083 5686 1975
3 3421 4519 7476
3 3676 6673 2119
3 3676 2119 1080
3 3676 1080 5875
3 3676 5875 4470
3 3676 4470 6673
3 6673 5245 654
3 6673 654 2119
3 1080 2119 4277
3 1080 4277 4519
3 1080 4519 5875
3 2202 585 7448
3 5926 5630 2312
3 5923 2930 5573
3 5573 2930 3329
3 1859 4133 3772
3 1859 5399 5923
3 1859 5923 4133
3 3677 4133 5923
3 2930 469 3474
3 1989 4759 6792
3 4211 5996 5586
3 7192 3741 5874
3 580 3408 1185
3 3321 1185 1933
3 3408 1933 1185
3 3321 5632 1185
3 1185 5632 2345
3 1185 2345 580
3 2329 361 2230
3 2230 361 5595
3 2463 5735 3019
3 2463 5010 5735
3 5278 5735 5010
3 6201 6852 5735
3 3186 6803 6375
3 2597 6822 39
3 2597 39 1251
3 6948 39 6822
3 4047 6822 1596
3 911 3000 6379
3 6379 3000 1563
3 6379 6083 911
3 6997 7298 2960
3 2960 1782 6997
3 6997 1782 6559
3 5264 7298 1634
3 3969 5264 1634
3 5264 3969 6617
3 4833 905 5486
3 905 1670 5486
3 905 3193 1670
3 3193 4375 1670
3 7440 5057 7189
3 4472 4443 4717
3 4717 4443 7280
3 4717 7280 4482
3 4717 1208 4472
3 4472 1208 5209
3 5209 4443 4472
3 4443 5209 1331
3 4443 1331 7189
3 4443 7189 7280
3 427 3176 1510
3 1510 3176 3270
3 5403 3176 427
3 427 7178 4779
3 6466 2013 3795
3 3795 4548 6466
3 3795 2013 5001
3 190 3491 1831
3 2979 6628 7151
3 7330 2338 6331
3 3939 7521 6011
3 2956 5572 2073
3 5572 2956 3439
3 3161 6985 5823
3 6981 2165 7506
3 5071 2165 6981
3 6981 7506 5628
3 2412 4486 3947
3 2412 3947 6047
3 6047 3947 5532
3 2629 5896 3947
3 3663 2629 3161
3 4395 4640 6516
3 5442 6516 4640
3 5442 1303 5775
3 5442 463 1303
3 5775 1303 2616
3 2616 1303 4875
3 822 5204 2110
3 6902 5559 2110
3 6902 2110 5204
3 3096 5191 6743
3 5191 3096 5036
3 1680 3280 4989
3 5676 7187 7520
3 4264 5791 3614
3 36 5791 4206
3 36 1947 5791
3 36 4206 2896
3 2896 6550 1708
3 7427 4331 4067
3 4067 4331 6660
3 1380 6189 4593
3 4593 4906 1380
3 97 2552 3212
3 3212 2552 28
3 2 97 3212
3 97 2 1269
3 1269 2552 97
3 3212 28 1866
3 2135 5304 1914
3 4963 2135 3608
3 2130 4963 3608
3 5839 1470 3636
3 4419 1470 6577
3 5839 6577 1470
3 4162 6606 3691
3 6002 694 6698
3 6002 438 694
3 2021 5339 355
3 2021 355 4048
3 355 431 4048
3 4048 431 2990
3 431 355 3177
3 1495 3727 3177
3 4807 3928 2674
3 3739 2549 3975
3 3739 3975 2844
3 3975 2549 5324
3 5080 6 4913
3 2299 6742 4913
3 5080 4913 6742
3 4123 6317 5613
3 3963 5363 608
3 5436 608 5363
3 6556 6156 1526
3 6556 1526 1581
3 507 7404 6277
3 7404 868 6277
3 2150 5129 1144
3 3740 6238 3584
3 6238 3740 2465
3 31 3740 6868
3 6868 3740 3584
3 7069 6671 155
3 7463 1654 7069
3 3606 6535 522
3 3606 5159 6535
3 6535 2303 522
3 522 2303 316
3 4909 522 316
3 4909 3606 522
3 4515 3702 3189
3 6112 1328 3702
3 3702 1328 390
3 4711 390 1328
3 4711 1328 2559
3 2559 1328 5870
3 6829 6336 5634
3 2303 6535 6837
3 556 1819 5634
3 5295 5634 1819
3 556 2303 6837
3 316 2303 2144
3 2795 4857 6764
3 548 3080 6954
3 4295 548 6954
3 548 4295 4413
3 548 4413 3080
3 840 6530 5901
3 5901 6530 7446
3 5901 7446 5874
3 5095 4876 840
3 4876 5095 6460
3 6882 468 3292
3 2906 5212 468
3 6868 7342 31
3 31 7342 2906
3 2906 7342 1743
3 6459 4044 5004
3 7306 1151 6640
3 6640 1151 4954
3 4954 1151 1174
3 1174 1151 1115
3 1174 1115 3456
3 4010 3342 1152
3 95 3178 970
3 3544 95 970
3 4848 2694 7551
3 7263 2694 99
3 4848 99 2694
3 6235 224 2877
3 224 6235 2435
3 4868 1025 5514
3 5514 1025 1235
3 6779 1235 1025
3 6779 1025 326
3 3577 4751 3731
3 3577 2222 4751
3 2222 4754 4751
3 2222 3253 4754
3 2145 4754 3253
3 4301 5282 6779
3 326 3471 6779
3 3452 7082 2678
3 1437 5462 2567
3 1437 2567 7082
3 2567 5462 472
3 3797 4283 804
3 2430 804 4283
3 4829 6198 4277
3 4829 4277 654
3 4829 654 5245
3 5245 2813 3533
3 4954 4423 7448
3 4954 4010 4423
3 960 6640 4954
3 5212 1945 2157
3 5399 2930 5923
3 3329 2930 5623
3 3321 7422 5632
3 1629 1933 1696
3 1629 1696 7512
3 5092 3368 7538
3 7538 3368 7159
3 2049 5595 1082
3 6623 1082 5595
3 1292 5556 652
3 5556 1292 1481
3 1481 1292 1766
3 6732 6617 121
3 6732 121 6296
3 6732 6296 6559
3 1782 2960 6617
3 6618 5933 252
3 6618 252 7229
3 7229 252 5933
3 7229 4071 6765
3 3234 1305 2070
3 2070 1305 5548
3 6274 5548 1305
3 2264 2997 4104
3 2264 4104 6796
3 6796 4104 2519
3 2519 6913 1130
3 1130 6913 602
3 6618 7299 5810
3 7299 7135 3451
3 2070 5548 4071
3 6274 3382 7021
3 2873 7021 1035
3 2264 132 6274
3 4155 6796 2519
3 2519 1130 4155
3 4155 1130 3907
3 5975 3843 6230
3 3843 5975 555
3 3843 555 2652
3 3843 4616 6230
3 6230 4616 2535
3 3843 2652 6763
3 2997 6283 4104
3 6913 4104 1816
3 6283 1816 4104
3 6736 1047 1297
3 2171 885 6016
3 2873 706 6016
3 2873 6016 7021
3 6069 4228 1410
3 1410 4228 5566
3 3382 3774 1035
3 3774 3382 1018
3 1618 5358 1018
3 1018 5358 3774
3 1371 542 4940
3 6069 542 1371
3 1410 5425 6069
3 542 6069 5425
3 6522 330 4811
3 6522 4880 330
3 7228 1318 540
3 1318 6763 540
3 6763 1318 1321
3 5975 3094 555
3 555 3094 2152
3 2152 2652 555
3 4121 1051 4244
3 4244 2433 4121
3 4121 2433 1078
3 4121 1078 3094
3 4121 3094 5975
3 4121 5975 1051
3 1051 2920 4244
3 3805 195 4662
3 3805 4662 6418
3 3447 5225 7312
3 2887 3358 6806
3 2362 1707 2139
3 3219 6307 19
3 3219 3323 1707
3 1707 4727 2139
3 2139 4727 2556
3 4727 1707 3323
3 3219 332 6307
3 1331 5209 7285
3 1515 1331 7285
3 2385 6301 5209
3 5209 6301 7285
3 6301 2385 6922
3 7556 2385 5209
3 4601 5516 4477
3 4378 5107 7573
3 7573 5107 458
3 5107 4378 5903
3 6466 3537 7613
3 1831 3491 183
3 1831 183 5812
3 4974 6511 7090
3 1578 3547 4160
3 5628 3021 6981
3 3155 4884 251
3 1389 3768 5340
3 3768 3417 4789
3 4789 3417 2883
3 775 2883 3417
3 775 3417 1205
3 775 1205 2644
3 4666 2644 7194
3 266 2279 3914
3 4661 266 3914
3 3278 2398 7454
3 5847 6751 1700
3 5847 1700 7200
3 3255 7200 3803
3 3255 3803 2917
3 6839 2917 3803
3 1255 7288 704
3 3552 704 7288
3 704 3552 6839
3 4878 4161 6866
3 6599 6866 4161
3 4878 178 4161
3 5191 178 5559
3 4878 5559 178
3 6021 5036 2811
3 6021 2811 1992
3 1992 4708 6021
3 6599 6021 4708
3 2816 5322 4708
3 2816 4708 1992
3 1967 1992 2811
3 3096 1967 2811
3 3096 2811 5036
3 4564 4693 2816
3 2816 4693 5322
3 36 2896 6846
3 1947 36 6846
3 1390 6906 836
3 6153 6906 1390
3 6906 269 836
3 836 5687 1390
3 6906 1902 269
3 867 7427 4906
3 867 4331 7427
3 1338 567 5687
3 3607 291 563
3 6340 1968 1256
3 1914 6340 1256
3 679 7295 612
3 612 2820 651
3 612 651 679
3 7295 5304 612
3 2820 612 5304
3 2820 4419 651
3 711 651 4419
3 651 711 2320
3 2320 7295 679
3 4840 7295 2320
3 711 4419 6577
3 3597 4840 2320
3 3597 2320 711
3 3597 711 6577
3 4425 2325 6836
3 4425 6836 453
3 4425 453 6159
3 4425 6786 2325
3 453 3240 6159
3 826 4241 418
3 826 3933 3691
3 826 3691 4241
3 826 418 6364
3 3508 6555 2083
3 6416 3083 7147
3 1298 6416 7147
3 6800 1616 1661
3 7517 3419 3488
3 3488 3419 5421
3 491 5421 3419
3 3177 3484 431
3 2990 431 5939
3 3718 3858 4935
3 3718 4935 5575
3 4598 3718 570
3 3718 4598 3858
3 5575 630 2062
3 1832 4299 4119
3 2753 7383 1751
3 7383 4325 7497
3 6742 2282 5830
3 682 603 5802
3 5802 6085 682
3 682 4207 5436
3 682 5436 603
3 6814 2093 5447
3 2093 6814 5650
3 3967 6814 7404
3 6556 7404 6814
3 4511 2158 7311
3 1878 6134 3885
3 1428 6134 1878
3 7235 6102 7331
3 6390 4338 4116
3 5932 4116 5248
3 5248 4116 4338
3 1203 4116 681
3 3312 1203 681
3 681 5932 3312
3 6390 1203 3312
3 1203 6390 4116
3 681 4116 5932
3 2815 5793 3790
3 5793 2047 3790
3 7509 1868 5301
3 6764 1271 5966
3 1271 6764 4857
3 4857 6954 1271
3 1271 6954 5966
3 6764 5966 7248
3 3080 6619 6954
3 6841 5216 6069
3 3022 7064 4141
3 3022 4141 1211
3 6162 1211 4821
3 6162 4821 6694
3 4821 1211 1949
3 4821 1949 7138
3 4141 1949 1211
3 3022 6162 3567
3 1072 7138 1949
3 1072 1949 4141
3 6396 6437 7245
3 7493 6396 4059
3 4059 6396 370
3 210 230 6963
3 4886 210 6963
3 7365 210 4886
3 7365 230 210
3 230 7571 6963
3 3361 7094 5785
3 3361 5785 4223
3 5578 3374 7094
3 3374 2469 7094
3 2564 5582 2357
3 5279 6464 162
3 162 6464 113
3 162 113 7214
3 7214 113 5476
3 5476 113 6464
3 5279 4278 6464
3 4700 6464 4278
3 3492 471 288
3 2219 288 471
3 3492 5342 273
3 1168 6208 5275
3 1168 4167 6139
3 1168 6139 6208
3 4099 4772 51
3 4099 51 5852
3 5852 51 6139
3 4772 6139 51
3 6139 4772 6208
3 5275 6208 7116
3 4772 4099 7587
3 5961 4099 5852
3 2563 4518 2705
3 5579 3477 6904
3 6391 3621 1033
3 345 2599 3547
3 2599 345 7575
3 2599 7575 5417
3 4890 4182 982
3 982 4182 7575
3 6514 3155 7242
3 1694 6514 7242
3 3072 835 3905
3 2853 3905 4297
3 4297 3905 6760
3 6760 3905 835
3 2475 2644 4666
3 2475 4666 5589
3 2644 2475 775
3 775 2475 2883
3 6542 4666 5786
3 6542 5016 4666
3 3697 7194 1205
3 3697 1205 3417
3 3697 3417 1389
3 3697 1389 5904
3 4786 2053 6515
3 4786 6515 2023
3 2849 2316 1657
3 910 1451 2122
3 1451 2849 2122
3 3646 4722 223
3 3646 223 5797
3 223 4722 3552
3 1267 3552 5265
3 4966 1267 1520
3 1520 1267 5265
3 5322 5207 58
3 3734 5333 3678
3 4537 4806 1659
3 4806 4537 2819
3 4189 650 3653
3 4189 3653 6479
3 650 5220 3653
3 3653 5220 6479
3 3933 6364 5571
3 1382 5571 6364
3 6555 7445 6757
3 1653 7147 830
3 5318 1523 830
3 7445 830 1523
3 7450 6268 5318
3 5318 4171 7450
3 7093 5610 7450
3 7093 7420 771
3 7093 771 5610
3 771 1985 5610
3 771 5400 1985
3 6578 1985 5400
3 5400 771 7420
3 2379 1134 3829
3 2814 2379 3829
3 2379 2814 3994
3 1134 2379 3994
3 2593 1134 3994
3 3425 1215 761
3 3425 2062 630
3 3425 630 1215
3 3425 761 3876
3 3285 2648 1832
3 3285 3946 6504
3 2913 6504 3946
3 2913 3959 6504
3 403 1538 4017
3 7359 4017 2518
3 3024 4017 1538
3 4017 3024 2518
3 7497 2518 3024
3 3585 4280 1932
3 4280 3325 1932
3 3079 4481 3473
3 2974 3473 4481
3 1032 103 809
3 1032 3742 103
3 103 3742 2657
3 809 103 2657
3 809 2657 212
3 1032 809 4969
3 1032 6167 3742
3 212 2657 5550
3 795 4987 2158
3 795 2158 7389
3 1428 110 6134
3 196 389 2118
3 1173 2118 389
3 1173 389 5801
3 6392 4220 289
3 6390 289 4220
3 4220 6392 4422
3 289 2815 6392
3 969 7386 6403
3 2479 3215 969
3 7386 4821 7138
3 4821 7386 6694
3 963 5826 4637
3 963 4637 4936
3 6084 4936 5444
3 4016 6131 963
3 963 6131 539
3 6131 4016 7469
3 7005 1885 4546
3 1885 2480 4546
3 1704 2923 7365
3 1675 2923 1704
3 5717 5167 7094
3 5269 5231 7018
3 6886 7343 6672
3 6672 7343 3652
3 3642 3489 7282
3 1754 2741 6216
3 3293 3427 5476
3 3427 3293 3463
3 3463 3293 6894
3 1712 3954 864
3 864 1006 1712
3 864 3954 61
3 864 61 7065
3 864 7065 1006
3 4278 7559 4700
3 3458 1928 4441
3 1725 3458 6262
3 4441 6262 3458
3 6246 4298 648
3 5046 6621 4298
3 4298 6621 648
3 6621 824 648
3 648 824 3982
3 648 3982 6246
3 6984 3675 5275
3 4676 5263 7116
3 4676 7116 6208
3 4676 6208 4772
3 4676 4772 7587
3 7589 2149 7436
3 6784 5535 4401
3 6602 4360 5274
3 6212 4360 6602
3 3621 7265 1033
3 639 7265 3621
3 7575 3493 3621
3 1282 6245 5876
3 1229 3950 1374
3 4580 1374 2548
3 3029 3151 6190
3 3029 6190 2492
3 3151 6760 6190
3 6190 6282 2492
3 205 2492 1600
3 2492 6282 1600
3 2071 5060 2528
3 2071 2528 7072
3 4097 7072 2528
3 4627 1923 524
3 4627 1549 6515
3 4627 6515 1923
3 67 2023 6515
3 67 6515 1549
3 6515 2053 1923
3 2053 832 1923
3 1164 6288 3889
3 2438 1164 3889
3 896 3889 6288
3 3889 4934 2438
3 6237 2976 1657
3 6237 1657 2316
3 1385 6869 5072
3 4291 6778 4632
3 4291 2429 6778
3 6050 5254 1585
3 211 1585 5254
3 6787 6676 211
3 6787 4380 6676
3 6787 211 5254
3 2819 5795 4806
3 4806 5108 1659
3 870 7519 3398
3 3398 1604 870
3 870 1604 4093
3 7301 7519 6656
3 6656 7519 870
3 6656 870 4093
3 6890 1808 5740
3 6890 5740 7453
3 1382 5789 5571
3 3245 5553 4221
3 2083 6757 2504
3 2083 2504 4932
3 5252 1120 1523
3 1523 1120 7445
3 1120 2244 4173
3 5252 2244 1120
3 2238 2328 4602
3 4602 6587 2238
3 5050 3514 5883
3 5984 5050 3685
3 5984 117 5050
3 417 7009 117
3 5050 117 7009
3 5467 4452 659
3 659 4452 2924
3 2924 2648 659
3 659 2648 6504
3 659 6504 5467
3 3285 6504 2648
3 2878 7278 3325
3 591 2914 7318
3 2914 591 3729
3 2914 2878 7318
3 2974 3742 6167
3 2974 6167 703
3 1529 6154 3708
3 795 7389 1529
3 5150 4153 7398
3 3281 4095 3204
3 5468 3496 6657
3 6657 3496 6965
3 6657 294 5468
3 5865 3551 126
3 126 3551 6411
3 7023 1129 5480
3 7023 5480 4181
3 7023 4181 3308
3 1344 5826 4263
3 6131 3265 4664
3 7077 3265 7469
3 7005 6549 1885
3 1885 6549 7396
3 6775 2768 5927
3 1446 5927 4581
3 1446 4581 2091
3 1446 2091 4022
3 1446 4476 5927
3 4022 2091 2388
3 5950 4022 2388
3 5950 2772 6299
3 7439 2687 4341
3 2996 998 5142
3 728 5231 5269
3 1820 5999 5269
3 6680 5999 1820
3 6111 2506 1795
3 2506 6111 2741
3 2506 2741 3887
3 1974 4812 4170
3 4170 4812 1662
3 4812 1974 1822
3 4234 5232 4232
3 4234 108 5232
3 7065 4232 5232
3 4539 6262 5288
3 4449 2108 4406
3 2108 4449 6246
3 2108 6246 3982
3 343 6132 118
3 6132 4139 118
3 118 4139 5378
3 4108 3916 4471
3 4471 3916 953
3 2540 953 3916
3 6809 4471 953
3 6809 4108 4471
3 6809 5263 4108
3 5903 447 5379
3 4378 5946 2729
3 4378 2729 5903
3 3216 1369 2580
3 6329 2845 7038
3 4427 4494 7038
3 4427 7038 5876
3 5876 4560 4427
3 2548 4427 4560
3 5831 3864 3671
3 3864 5831 6767
3 3864 3188 3671
3 3671 3188 3248
3 4097 891 3535
3 3535 891 4453
3 891 1114 4082
3 697 4082 1114
3 1114 5060 697
3 7407 697 5060
3 7407 2505 3705
3 3683 5684 2893
3 6717 3683 2893
3 1924 5338 3888
3 7262 1924 3888
3 2976 1924 7262
3 6065 3888 5338
3 6899 4788 3655
3 6899 6444 4788
3 4788 6444 3106
3 4788 3106 3244
3 3244 3655 4788
3 3655 3244 6873
3 3655 6873 6899
3 5872 1913 2626
3 5872 1467 1913
3 1913 1467 6356
3 6873 1467 5872
3 2626 1793 5872
3 5872 988 6873
3 5213 6873 988
3 2473 2714 466
3 2473 466 985
3 2473 985 6869
3 466 2714 5045
3 3132 5256 6740
3 2489 1646 4020
3 3398 4186 1604
3 6115 5367 7519
3 5367 6115 2094
3 6115 5821 2094
3 7301 6115 7519
3 3633 2361 5821
3 3633 5821 6115
3 3633 6115 7301
3 3633 5224 2361
3 3525 1533 5202
3 3525 5202 5224
3 3525 5140 1533
3 1533 4917 5202
3 7216 55 5952
3 5952 55 7313
3 5042 7445 1120
3 4173 5042 1120
3 5042 4173 7313
3 7313 4173 2875
3 4173 2244 4745
3 2875 4173 4745
3 2875 4745 5519
3 6471 7016 5953
3 4701 3815 6357
3 3821 6357 3815
3 4701 6357 4799
3 4799 1259 4701
3 1259 3082 4701
3 1259 5953 3082
3 3082 3815 4701
3 3539 4730 2561
3 4031 4613 6587
3 4613 4031 6448
3 1870 4885 2136
3 1870 2136 4031
3 4031 2136 680
3 4031 680 6448
3 6448 680 1667
3 1667 680 6144
3 4602 4333 4885
3 4602 4885 1870
3 4885 4333 4809
3 4809 4333 1765
3 473 3514 312
3 4578 282 4359
3 4578 4359 6849
3 7323 6486 5300
3 6486 7323 5258
3 7179 5741 6401
3 2183 2550 5741
3 3310 1873 4352
3 3310 4352 2751
3 3310 5101 1873
3 1903 7129 7275
3 943 6195 6883
3 6195 943 5094
3 5268 3895 7236
3 7236 3895 7381
3 7381 3895 6015
3 3964 501 5147
3 5150 7398 5147
3 286 1431 3658
3 3658 3964 2009
3 3658 1431 3964
3 2679 1513 3281
3 1513 2679 7042
3 1513 3057 3281
3 6657 6965 7042
3 6657 7042 2679
3 6657 2679 3281
3 294 6657 3281
3 5636 3043 513
3 1777 5480 432
3 432 5480 4208
3 4208 2929 432
3 432 2929 1777
3 1777 4181 5480
3 5480 1129 4208
3 1344 4208 1129
3 1344 1129 5826
3 4642 3265 7077
3 3265 4642 3431
3 3265 3431 4664
3 1554 5484 4664
3 6421 990 5303
3 5303 990 4622
3 5581 5426 7566
3 6976 6775 2881
3 4540 7155 2928
3 4540 2928 2532
3 1626 2532 2928
3 6299 2625 4312
3 2625 6299 6211
3 6211 7096 2625
3 2625 7096 1261
3 2625 7580 4312
3 2971 2685 1011
3 2971 1011 1608
3 2971 1837 2685
3 2685 2085 1011
3 1011 2085 2575
3 2575 2574 1608
3 5999 5089 728
3 1673 728 5089
3 5999 728 5269
3 2450 7060 3111
3 3111 7060 3067
3 4659 1106 5644
3 1166 2087 4812
3 2087 3111 4812
3 1281 973 1166
3 1106 2087 5146
3 5146 2087 973
3 973 2087 1166
3 5743 3320 6173
3 3346 6173 3320
3 3346 3320 2677
3 4169 3651 4431
3 5288 5197 5743
3 4139 2602 5197
3 2702 4436 4503
3 4436 3898 3091
3 4436 3091 4503
3 3091 4198 4503
3 2702 2672 5988
3 2702 5988 4436
3 4436 5988 3898
3 2708 3091 3898
3 3091 2708 4198
3 1386 4198 2708
3 5946 5515 2729
3 3669 6543 5937
3 4124 5992 1314
3 1314 5992 2168
3 1314 5955 3052
3 1314 3052 4124
3 7477 4124 3052
3 3220 2129 669
3 669 2129 3287
3 669 3287 3157
3 3157 5432 669
3 669 5432 3719
3 3679 101 900
3 3679 900 3628
3 576 3679 3628
3 6634 3679 576
3 3344 3679 6634
3 3679 3344 4547
3 3679 4547 101
3 101 4547 3248
3 101 3248 900
3 4494 4547 3344
3 3882 3188 865
3 3882 865 6767
3 865 3188 6767
3 3882 3248 3188
3 1934 4505 3837
3 449 3837 4505
3 2542 449 4505
3 6811 4841 2676
3 179 920 3064
3 920 4457 3064
3 3064 4453 5682
3 3064 5682 179
3 179 642 920
3 4457 3535 3064
3 3064 3535 4453
3 928 4567 1342
3 928 1342 4021
3 928 4021 5422
3 1193 5422 4400
3 1193 4400 5317
3 4021 1342 6033
3 3403 4567 928
3 3403 928 5422
3 3403 5422 1193
3 1193 5317 1079
3 1193 1079 3403
3 2364 5354 1342
3 1342 5354 6033
3 4647 7057 7104
3 2782 2210 5612
3 3106 6417 151
3 1752 5677 2154
3 2154 5677 2214
3 4742 5942 6835
3 5213 6835 6899
3 3776 5045 526
3 3776 526 988
3 3776 988 5872
3 3776 5872 1793
3 3289 2631 7511
3 7511 3466 6738
3 6961 7428 5113
3 6729 1249 7108
3 4712 7508 3042
3 7495 7508 4712
3 1181 2739 1189
3 3042 7508 1181
3 3042 1181 1189
3 3042 1189 6297
3 6314 1061 1181
3 1181 1061 2739
3 1181 7508 6314
3 3158 7302 4365
3 3158 4365 4414
3 4365 4852 4414
3 4730 6144 4561
3 3266 4561 6144
3 4802 6144 680
3 4802 680 2136
3 3442 1100 2056
3 1100 4242 2056
3 2056 3297 3442
3 1100 3442 3836
3 1100 3836 657
3 1100 657 4242
3 1605 2056 4242
3 1605 3297 2056
3 6768 2620 1498
3 3442 1498 2620
3 6768 1498 4578
3 6525 3656 4610
3 6768 4610 3656
3 6768 5258 4610
3 7533 2117 6810
3 6810 2117 3833
3 6881 1517 5838
3 5838 2497 6881
3 1517 4912 3136
3 1517 3136 5838
3 6348 3802 2497
3 6881 2497 3802
3 1655 1177 7143
3 263 1177 6052
3 5622 1036 7129
3 5268 7236 1624
3 3172 1847 1262
3 7236 1262 1847
3 544 1693 3745
3 1262 544 3745
3 1262 3745 3172
3 1194 1502 6060
3 1693 1502 1194
3 6060 1500 1194
3 3060 1194 1500
3 1728 3972 3640
3 3384 4642 1645
3 3384 4664 3431
3 3431 4642 3384
3 6568 1569 3172
3 6568 3172 3745
3 1977 6093 1239
3 6433 1239 6093
3 7125 1091 5435
3 5435 1091 6093
3 6093 1088 5341
3 1089 5929 6595
3 7167 3991 3180
3 7155 9 7209
3 9 7155 5003
3 1352 5003 7155
3 7155 5737 459
3 4239 5800 5309
3 4239 4495 5800
3 4495 2574 2333
3 2333 2574 4541
3 4792 3194 606
3 4792 606 1818
3 956 1266 2236
3 956 2236 1029
3 2236 5631 5158
3 5158 1029 2236
3 971 956 1029
3 4659 5644 1905
3 626 7253 7255
3 2001 626 2833
3 626 7255 2833
3 2980 4831 5981
3 2919 4831 2980
3 5981 4831 3694
3 360 5103 748
3 6747 6465 6991
3 202 6465 6747
3 6589 3256 6747
3 939 2294 3018
3 939 3018 198
3 2880 198 3018
3 939 198 6909
3 6909 6026 2294
3 6909 5988 2672
3 6909 1020 2164
3 6909 2164 6026
3 1020 6909 2672
3 782 6565 662
3 782 662 6739
3 782 2702 6565
3 6907 1386 5641
3 6907 5641 4240
3 5434 6565 2702
3 6565 4236 662
3 662 4236 4042
3 662 4042 6739
3 4042 4236 4240
3 4240 4236 6907
3 2736 6907 4324
3 6907 4236 4324
3 4324 5434 2736
3 4240 4735 4042
3 4042 4735 3175
3 3175 219 4036
3 6720 3086 3383
3 144 3383 3086
3 144 3086 5244
3 1044 6355 4424
3 1044 4424 4191
3 3719 6209 3220
3 3220 6209 6632
3 1156 5990 7615
3 1156 6959 1159
3 1159 6959 3719
3 3719 6959 6209
3 1159 5432 1669
3 1159 1669 1156
3 5990 1156 1669
3 2120 5990 1669
3 2855 2019 4841
3 2855 4489 5371
3 4489 2855 1926
3 6967 6494 112
3 112 6494 1926
3 614 2268 5475
3 614 5475 919
3 614 919 6776
3 614 6776 6197
3 614 6197 2268
3 4021 4400 5422
3 4400 4021 4549
3 4549 4021 5475
3 6033 919 5475
3 919 6033 6776
3 3505 1550 4524
3 3520 4524 7104
3 6871 1641 2610
3 2570 5280 6116
3 5280 2570 292
3 5612 7045 6580
3 5612 6539 7045
3 4865 7367 6287
3 2284 6872 6982
3 6982 2214 5677
3 2214 6982 6872
3 4387 2284 3870
3 3870 2284 6982
3 1007 1312 4771
3 1007 5677 3290
3 1007 3290 6048
3 3290 2631 6048
3 4019 6183 17
3 4019 17 931
3 4976 4019 931
3 4019 4976 5201
3 931 17 6161
3 399 6183 616
3 399 616 7345
3 399 7345 3686
3 399 3686 2134
3 2134 6183 399
3 616 6183 5117
3 741 5878 574
3 741 574 6278
3 6278 574 1790
3 741 1874 7061
3 1874 741 6278
3 5555 4706 6278
3 1874 4706 4083
3 1874 6278 4706
3 1880 4532 3133
3 7108 4188 6233
3 6233 4188 1625
3 7191 4188 7108
3 923 351 3033
3 923 7191 351
3 351 3962 3033
3 6547 6073 2776
3 5249 6073 6297
3 6073 6547 6297
3 5249 6297 5441
3 1189 2739 627
3 1189 627 5441
3 1189 5441 6297
3 6701 4079 4574
3 2591 6701 1048
3 4079 6701 2591
3 4079 2591 5203
3 3166 1521 6810
3 5931 5497 5645
3 7598 5645 5497
3 5645 7598 7323
3 3472 3836 6525
3 6525 4365 3472
3 2620 3656 3836
3 3836 3656 6525
3 5931 6525 5497
3 7007 6749 7136
3 6705 6597 6604
3 750 6604 6597
3 3802 2918 6881
3 3712 7542 2765
3 3712 2765 7252
3 5215 2765 7542
3 5385 4671 4951
3 6544 6453 7542
3 2386 5505 396
3 2386 396 6453
3 2386 5600 7111
3 2386 7111 5505
3 4112 1088 6093
3 4112 6093 1091
3 1088 4112 3438
3 1234 5376 7274
3 1234 7274 6127
3 1234 6127 2680
3 7039 3554 5161
3 3554 7039 6485
3 3554 6485 7050
3 6078 6485 4013
3 4013 6485 7039
3 5161 7140 7039
3 7140 3254 7039
3 7039 3254 4013
3 6683 6635 7366
3 6552 5922 4247
3 6552 4247 188
3 6552 188 2460
3 2460 188 6635
3 4302 5412 6552
3 2460 4302 6552
3 7155 459 1352
3 1352 459 7249
3 302 4541 4908
3 302 2333 4541
3 5800 2333 302
3 918 5131 935
3 7253 816 6365
3 4367 3952 5346
3 4528 2237 5780
3 4528 5780 6772
3 4528 6772 7230
3 7255 3694 4831
3 435 2156 2919
3 2156 435 5025
3 2980 81 5025
3 6465 5813 3792
3 5813 6465 216
3 202 216 6465
3 1768 3594 194
3 194 3594 3256
3 7433 6026 5189
3 5189 4036 7433
3 6227 3957 2123
3 4595 6432 6049
3 7460 4595 6049
3 4595 5424 6432
3 6828 4191 6041
3 2718 594 7460
3 7460 594 4595
3 7121 1942 6355
3 3553 6209 6959
3 6959 7592 3553
3 1833 4702 5680
3 2945 1833 5680
3 3878 5431 6918
3 4489 2507 5371
3 4552 2609 6871
3 4006 7367 42
3 6596 4006 42
3 304 2204 6949
3 4737 272 7000
3 272 4416 6302
3 4737 3053 272
3 5083 2864 823
3 5834 5083 823
3 823 374 6183
3 823 303 5834
3 303 823 6183
3 7345 5958 3686
3 2134 5834 303
3 5433 6138 2533
3 3224 5562 1774
3 3921 3224 1774
3 952 7056 3748
3 3748 2131 7224
3 3748 7224 23
3 3748 23 952
3 3512 4502 5393
3 6648 2255 5326
3 573 5647 5249
3 573 5249 2255
3 573 2255 6648
3 573 6648 3201
3 573 3201 5647
3 4479 4574 4079
3 5326 4574 4479
3 4079 1609 4479
3 1571 6367 1647
3 2619 1535 2360
3 1535 1869 2360
3 2841 2360 1869
3 7456 1398 844
3 844 1398 2619
3 844 2619 2360
3 59 750 7403
3 750 844 6604
3 844 750 59
3 844 59 7456
3 7456 6746 1398
3 6746 3124 1398
3 4689 3113 214
3 3598 4689 214
3 1330 3598 214
3 1330 6451 3598
3 1330 214 3113
3 6865 957 3591
3 6865 3713 957
3 957 3713 595
3 957 595 1217
3 1217 3591 957
3 3591 1016 6865
3 6865 3113 3713
3 5505 1016 396
3 1016 5505 794
3 1016 794 1330
3 3996 5463 972
3 2673 972 5463
3 5513 3996 5787
3 7274 6174 933
3 933 6127 7274
3 6485 6078 3109
3 274 1940 2569
3 5336 188 1753
3 188 4247 1753
3 1753 7193 5336
3 644 4762 422
3 644 4270 4340
3 644 4340 4762
3 4340 4270 6947
3 6947 4762 4340
3 4762 2590 422
3 644 422 4270
3 2590 5922 3661
3 2590 3661 6748
3 5649 5370 7547
3 6365 424 4635
3 6365 4635 5218
3 4528 790 3385
3 4528 3385 1296
3 4528 1296 2237
3 1296 3385 6714
3 3459 7230 4411
3 1768 5270 4386
3 448 4386 5270
3 2866 448 5270
3 3183 6076 1786
3 6076 3183 2440
3 6076 5424 1737
3 6076 1737 1786
3 1786 1737 1528
3 1528 1737 7234
3 5424 6805 1737
3 5424 2718 6805
3 6805 7234 1737
3 1086 2945 890
3 7251 890 2945
3 945 3261 1031
3 945 1031 404
3 404 6941 945
3 565 945 6941
3 945 565 3261
3 6941 2665 565
3 2044 565 2665
3 7360 7304 5643
3 7203 4140 7304
3 7500 7611 6626
3 5188 6626 7611
3 6641 3355 5380
3 859 2635 4130
3 2848 474 4416
3 2848 3874 474
3 474 3874 6598
3 6598 4416 474
3 2848 5229 4014
3 3874 2848 1339
3 4014 1339 2848
3 7000 4305 4737
3 5083 5834 5495
3 1137 2798 2334
3 7154 27 1260
3 1260 27 2649
3 1260 3921 7154
3 6861 3224 2649
3 1260 2649 3224
3 3112 7459 1489
3 3112 1489 3400
3 3400 1489 2173
3 5679 7539 4506
3 5679 4506 7459
3 2131 2376 7224
3 3771 5393 592
3 3771 592 2426
3 592 5393 4484
3 592 4484 3992
3 3992 2854 592
3 3992 4484 6271
3 5344 3516 5321
3 6648 5326 1351
3 3971 7478 2854
3 3971 2854 3992
3 3971 3992 1846
3 5102 6163 2839
3 6163 4096 2839
3 6160 5787 1864
3 7576 7560 6439
3 3339 5086 6426
3 2383 1979 6533
3 2890 7044 222
3 4281 7193 6947
3 4557 4534 6748
3 4534 4557 4434
3 6256 725 3822
3 725 2801 3822
3 242 725 6256
3 1720 6593 3822
3 483 3098 1274
3 3429 2231 229
3 2231 3429 6454
3 229 2758 3429
3 3502 7492 6481
3 3502 1636 7492
3 7492 6020 6481
3 1296 6714 5794
3 635 6714 6188
3 5709 6188 2720
3 2720 6188 4001
3 2720 4001 454
3 3459 4411 4001
3 4064 4752 5439
3 3315 7395 4064
3 1953 3315 3065
3 3315 1953 7395
3 4120 260 5211
3 260 4120 3863
3 3863 4120 1473
3 4014 5229 6470
3 7154 7004 6143
3 4873 4218 255
3 4873 255 7401
3 3170 255 4218
3 2221 3092 1823
3 1001 842 774
3 842 1799 774
3 1001 774 4902
3 5228 2173 1652
3 7028 5228 1652
3 7028 1652 7459
3 7028 7459 3090
3 4714 7028 3090
3 4714 3090 4506
3 4714 4506 7539
3 3259 6608 5554
3 967 5558 6733
3 967 6733 1095
3 967 1095 2539
3 2539 2376 967
3 2376 5558 967
3 2220 5989 225
3 5989 2220 7328
3 6942 259 1388
3 6733 259 6942
3 6439 259 6733
3 5554 7226 5689
3 4955 6024 2810
3 2810 6024 3259
3 2810 3259 3233
3 2810 3233 4955
3 5450 1935 6038
3 6038 1935 4311
3 4311 1935 4899
3 4311 4899 4813
3 4311 4813 1001
3 4813 3993 2221
3 722 3635 4316
3 4316 3635 547
3 722 4316 7421
3 3635 722 4960
3 3468 4753 7421
3 3468 7421 4316
3 4316 6256 3468
3 3468 6256 2537
3 3468 2537 4753
3 611 2537 6593
3 4753 2537 611
3 4753 611 2394
3 6259 7421 991
3 7421 4227 991
3 6178 1421 3549
3 738 3549 1421
3 4057 2444 3483
3 4057 3483 3330
3 4057 4983 2081
3 2081 2444 4057
3 2758 2444 3429
3 6454 3429 2081
3 2444 5481 3483
3 2444 2758 5481
3 5481 2758 4600
3 5000 5602 4839
3 3356 4938 1268
3 3356 1268 5716
3 7078 3348 1779
3 6999 3348 7074
3 1615 4248 7207
3 6509 4248 2717
3 2717 2934 6509
3 6039 2934 2717
3 6509 7207 4248
3 7207 6509 1726
3 2016 2717 5814
3 5814 2717 57
3 1615 57 4248
3 4248 57 2717
3 2016 6039 2717
3 5919 137 615
3 615 137 4887
3 4887 1651 615
3 2909 615 1651
3 615 2909 5919
3 4714 7539 1117
3 4714 1117 2909
3 5919 2909 1117
3 5919 1117 6024
3 7539 571 6024
3 3259 6024 571
3 6910 1450 4279
3 5105 6910 4279
3 5037 1377 5105
3 5477 1377 5037
3 2291 4577 4960
3 2291 2447 791
3 2291 791 4577
3 4577 791 5477
3 6259 2291 722
3 2978 791 6178
3 2447 6178 791
3 5477 791 2978
3 1163 4306 2515
3 4306 1163 7118
3 5481 4600 4741
3 7078 2722 1268
3 6079 7195 3061
3 3061 7195 6055
3 3061 6055 5236
3 5236 6055 1733
3 5236 1733 258
3 5767 464 4467
3 4467 464 3061
3 6079 3061 464
3 5542 2937 1718
3 5542 1718 7240
3 327 5361 2567
3 472 327 2567
3 115 5880 1954
3 115 1954 1147
3 1147 1954 3031
3 7536 7350 6269
3 6269 7350 465
3 2578 4794 1005
3 4760 1005 4794
3 4901 4794 2578
3 7507 3798 6517
3 6517 3798 5906
3 2229 3798 7239
3 3931 4111 1401
3 1401 4111 7239
3 508 2392 4641
3 3221 765 4641
3 4641 765 508
3 6133 6099 4641
3 4641 6099 3221
3 33 5389 1002
3 33 1002 6645
3 6133 6645 1002
3 4688 3159 6728
3 6728 7025 4688
3 4801 5909 2778
3 5744 7025 6304
3 4544 5906 4335
3 305 2229 7239
3 2229 305 3159
3 1785 3159 305
3 4157 76 1040
3 1040 76 1002
3 1040 1002 5389
3 1002 76 6099
3 6099 76 4157
3 1864 7560 7576
3 1864 7576 6160
3 1343 5962 7577
3 1343 7577 4253
3 4734 5577 7578
3 4734 7578 7475
3 5495 3686 7579
3 5495 7579 2334
3 4540 2532 7580
3 4540 7580 1261
3 568 6103 7582
3 568 7582 5956
3 3345 7614 7581
3 3345 7581 4521
3 7218 5879 7585
3 7218 7585 1613
3 4387 6422 7583
3 4387 7583 2284
3 5263 4676 7587
3 5263 7587 5935
3 4445 3746 7584
3 4445 7584 5556
3 1156 7615 7592
3 1156 7592 6959
3 2158 4987 7601
3 2158 7601 7311
3 6509 7153 7586
3 6509 7586 1726
3 1843 6406 7605
3 1843 7605 5948
3 1086 1490 7594
3 1086 7594 7121
3 7391 6628 7591
3 7391 7591 5332
3 3855 5217 7607
3 3855 7607 7113
3 3008 6399 7589
3 3008 7589 7436
3 2760 6117 7588
3 2760 7588 5837
3 5258 7323 7598
3 5258 7598 4610
3 1288 6310 7612
3 1288 7612 7270
3 1642 3948 7595
3 1642 7595 7322
3 7059 4928 7597
3 7059 7597 5411
3 3660 6712 7613
3 3660 7613 7573
3 4819 6179 7590
3 4819 7590 3168
3 2105 7204 7604
3 2105 7604 5976
3 3305 6850 7603
3 3305 7603 6103
3 1713 4392 7609
3 1713 7609 6503
3 4484 3516 7602
3 4484 7602 6271
3 4221 5553 7608
3 4221 7608 7216
3 1631 7535 7606
3 1631 7606 6217
3 2902 5589 7593
3 2902 7593 4680
3 5861 7086 7611
3 5861 7611 7500
3 1024 5019 7599
3 1024 7599 6998
3 1512 5171 7610
3 1512 7610 6410
3 7017 6870 7596
3 7017 7596 638
3 1276 6791 7600
3 1276 7600 2451
3 7170 7616 7397
3 1950 7621 3569
3 7621 7620 3569
3 7622 7617 7621
3 1950 7617 7621
3 1950 6797 7617
3 7620 7622 7621
3 7617 6797 7622
3 7618 7619 7037
3 7620 7618 3569
3 6797 7619 7622
3 6797 7037 7619
3 7620 7619 7622
3 3569 7618 7037
3 7618 7619 7620
3 7618 7527 7619
3 2613 7619 7618
3 4551 7527 7618
3 7620 2613 7618
3 4551 7620 1466
3 4551 7618 7620
3 7620 7621 1466
3 7621 2613 7620
3 7550 1466 7617
3 2613 7621 7617
3 7617 1466 7621
3 7619 2613 7617
3 7550 7622 7619
3 7550 7619 7527
3 7619 7617 7622
3 7550 7617 7622
